Elapsed Time (ms),ECEF X (m),ECEF Y (m),ECEF Z (m),ECEF Error X (m),ECEF Error Y (m),ECEF Error Z (m),Body Azimuth (rad),Body Elevation (rad),Range (m),PSR (m),ADR,Clock Correction (s),Clock Noise (m),Delta Af0 (s),Delta Af1 (s/s),Iono Correction (m),Tropo Correction (m),PSR Offset (m),Receiver Antenna Azimuth (rad),Receiver Antenna Elevation (rad),Receiver Antenna Gain (dBi),SV Antenna Azimuth (rad),SV Antenna Elevation (rad),Relative Power Level (incl. Receiver Antenna gain) (dB),Doppler Frequency (Hz),PSR Change Rate (m/s),Receiver Carrier Phase Offset (rad),Satellite Carrier Phase Offset (rad),GPS TOW,GPS Week Number,SBAS t0,Calibration offset (m),PSR satellite time (ms)
336100,27906485.66075,9511985.220905,2545876.673732,0,0,0,1.695900654416,-0.5797117719246,33106395.58651,31313363.824592,164552784.2573,0.005980927083402,0,0,0,5.069538431573,7.713454546929e-82,0,-1.010685771547,-0.5805673772211,-14.77540182647,-2.74066419862,1.350915624611,-13.40359625915,14489.32205745,-2757.22631067,0,0,259518.100,2296,304,0,335995.5498613
336200,27906462.53405,9511973.233313,2546175.852865,0,0,0,1.695896735996,-0.5796744977629,33106119.85585,31313088.0941174,164551335.2839,0.005980927082788,0,0,0,5.069538431573,7.711780116392e-82,0,-1.010658453747,-0.5805302147342,-14.77486773868,-2.740743382282,1.350910172033,-13.40310468044,14490.14633714,-2757.383165881,0,0,259518.200,2296,304,0,336095.550781
336300,27906439.40436,9511961.245101,2546475.031607,0,0,0,1.695892808009,-0.5796372221256,33105844.1095,31312812.3479587,164549886.228,0.005980927082173,0,0,0,5.069538431573,7.710105938948e-82,0,-1.010631139358,-0.580493051212,-14.77433363601,-2.740822527091,1.350904719544,-13.40261308028,14490.97047002,-2757.539993152,0,0,259518.300,2296,304,0,336195.5517008
336400,27906416.27169,9511949.256269,2546774.209957,0,0,0,1.695888870452,-0.5795999450129,33105568.34748,31312536.5861168,164548437.0898,0.005980927081558,0,0,0,5.069538431573,7.708432014645e-82,0,-1.010603827096,-0.5804558857839,-14.77379950594,-2.74090170061,1.350899267142,-13.40212144616,14491.79463225,-2757.696826011,0,0,259518.400,2296,304,0,336295.5526207
336500,27906393.13603,9511937.266817,2547073.387915,0,0,0,1.695884923325,-0.5795626664249,33105292.56977,31312260.8085926,164546987.8691,0.005980927080944,0,0,0,5.069538431573,7.706758343538e-82,0,-1.010576515836,-0.5804187189474,-14.77326535564,-2.740980869749,1.350893814829,-13.40162978521,14492.61876512,-2757.853653282,0,0,259518.500,2296,304,0,336395.5535405
336600,27906369.99739,9511925.276745,2547372.565481,0,0,0,1.695880966627,-0.5795253863618,33105016.77638,31311985.015387,164545538.566,0.005980927080329,0,0,0,5.069538431573,7.705084925678e-82,0,-1.010549210317,-0.5803815507401,-14.77273118564,-2.741060064492,1.350888362605,-13.40113809799,14493.44276096,-2758.010454476,0,0,259518.600,2296,304,0,336495.5544605
336700,27906346.85577,9511913.286053,2547671.742656,0,0,0,1.695877000356,-0.5794881048236,33104740.96731,31311709.2065008,164544089.1805,0.005980927079715,0,0,0,5.069538431573,7.703411761114e-82,0,-1.010521905818,-0.5803443808705,-14.77219699174,-2.741139240018,1.350882910469,-13.40066062071,14494.26677637,-2758.167259395,0,0,259518.700,2296,304,0,336595.5553805
336800,27906323.71116,9511901.294742,2547970.919439,0,0,0,1.695873024512,-0.5794508218105,33104465.14256,31311433.3819348,164542639.7126,0.0059809270791,0,0,0,5.069538431573,7.701738849902e-82,0,-1.010494604197,-0.5803072098903,-14.77166278189,-2.7412183746,1.350877458422,-13.40020909618,14495.09071348,-2758.324049413,0,0,259518.800,2296,304,0,336695.5563005
336900,27906300.56357,9511889.30281,2548270.095831,0,0,0,1.695869039093,-0.5794135373226,33104189.30213,31311157.54169,164541190.1624,0.005980927078486,0,0,0,5.069538431573,7.700066192093e-82,0,-1.01046730481,-0.5802700370282,-14.77112854499,-2.741297537327,1.350872006463,-13.39975753737,14495.9147191,-2758.48085247,0,0,259518.900,2296,304,0,336795.5572207
337000,27906277.413,9511877.310259,2548569.27183,0,0,0,1.695865044099,-0.57937625136,33103913.44602,31310881.6857672,164539740.5297,0.005980927077871,0,0,0,5.069538431573,7.698393787742e-82,0,-1.010440006768,-0.5802328628972,-14.77059428985,-2.741376693932,1.350866554593,-13.39930595308,14496.73851917,-2758.637616411,0,0,259519.000,2296,304,0,336895.5581408
337100,27906254.25944,9511865.317088,2548868.447438,0,0,0,1.695861039528,-0.5793389639229,33103637.57424,31310605.8141673,164538290.8147,0.005980927077257,0,0,0,5.069538431573,7.696721636898e-82,0,-1.010412714411,-0.5801956872976,-14.77006001361,-2.74145587526,1.350861102811,-13.39885434045,14497.56229967,-2758.794376627,0,0,259519.100,2296,304,0,336995.559061
337200,27906231.1029,9511853.323297,2549167.622653,0,0,0,1.695857025379,-0.5793016750114,33103361.68678,31310329.9268912,164536841.0173,0.005980927076642,0,0,0,5.069538431573,7.695049739611e-82,0,-1.01038542307,-0.5801585101625,-14.76952571529,-2.741535039699,1.350855651118,-13.39840269851,14498.3861291,-2758.951146156,0,0,259519.200,2296,304,0,337095.5599813
337300,27906207.94338,9511841.328886,2549466.797477,0,0,0,1.695853001652,-0.5792643846255,33103085.78364,31310054.0239398,164535391.1375,0.005980927076027,0,0,0,5.069538431573,7.693378095936e-82,0,-1.010358134112,-0.5801213314201,-14.76899139388,-2.741614164578,1.350850199515,-13.39795102622,14499.20986065,-2759.107897058,0,0,259519.300,2296,304,0,337195.5609016
337400,27906184.78087,9511829.333856,2549765.971908,0,0,0,1.695848968344,-0.5792270927654,33102809.86483,31309778.1053139,164533941.1753,0.005980927075413,0,0,0,5.069538431573,7.691706705925e-82,0,-1.01033084821,-0.5800841513958,-14.76845705405,-2.741693330129,1.350844748,-13.39749932827,14500.03349432,-2759.264629334,0,0,259519.400,2296,304,0,337295.561822
337500,27906161.61538,9511817.338207,2550065.145948,0,0,0,1.695844925455,-0.5791897994313,33102533.93035,31309502.1710143,164532491.1308,0.005980927074798,0,0,0,5.069538431573,7.69003556963e-82,0,-1.010303564569,-0.5800469697858,-14.76792269143,-2.741772469082,1.350839296574,-13.39704760028,14500.85714757,-2759.421365336,0,0,259519.500,2296,304,0,337395.5627424
337600,27906138.44691,9511805.341938,2550364.319595,0,0,0,1.695840872984,-0.5791525046233,33102257.98019,31309226.2210421,164531041.0039,0.005980927074184,0,0,0,5.069538431573,7.688364687102e-82,0,-1.010276282209,-0.5800097867352,-14.7673883081,-2.7418516404,1.350833845237,-13.39659584434,14501.68070293,-2759.578082711,0,0,259519.600,2296,304,0,337495.5636628
337700,27906115.27545,9511793.345049,2550663.49285,0,0,0,1.69583681093,-0.5791152083414,33101982.01436,31308950.255398,164529590.7946,0.005980927073569,0,0,0,5.069538431573,7.68669405839e-82,0,-1.010249005388,-0.5799726020805,-14.76685390172,-2.741930794764,1.350828393989,-13.39614405809,14502.50424851,-2759.734798223,0,0,259519.700,2296,304,0,337595.5645834
337800,27906092.10101,9511781.347541,2550962.665713,0,0,0,1.695832739291,-0.5790779105858,33101706.03286,31308674.2740828,164528140.503,0.005980927072955,0,0,0,5.069538431573,7.685023683549e-82,0,-1.010221729775,-0.579935416099,-14.76631947627,-2.742009909606,1.350822942831,-13.39569224552,14503.32771578,-2759.891498834,0,0,259519.800,2296,304,0,337695.5655039
337900,27906068.92358,9511769.349414,2551261.838183,0,0,0,1.695828658067,-0.5790406113567,33101430.03569,31308398.2770976,164526690.1291,0.00598092707234,0,0,0,5.069538431573,7.683353562633e-82,0,-1.010194456576,-0.5798982287076,-14.76578503056,-2.742089048312,1.350817491761,-13.39524040544,14504.15120262,-2760.04820317,0,0,259519.900,2296,304,0,337795.5664246
338000,27906045.74317,9511757.350667,2551561.010261,0,0,0,1.695824567256,-0.5790033106541,33101154.02286,31308122.2644432,164525239.6728,0.005980927071725,0,0,0,5.069538431573,7.681683695687e-82,0,-1.010167186139,-0.5798610395813,-14.76525055991,-2.742168187268,1.350812040781,-13.39478853317,14504.97451328,-2760.204873979,0,0,259520.000,2296,320,0,337895.5673452
338100,27906022.55978,9511745.351301,2551860.181947,0,0,0,1.695820466858,-0.5789660084781,33100877.99435,31307846.2361203,164523789.1342,0.005980927071111,0,0,0,5.069538431573,7.680014082766e-82,0,-1.010139918194,-0.5798238491132,-14.76471606998,-2.742247347584,1.350806589891,-13.39433663436,14505.79792182,-2760.361563414,0,0,259520.100,2296,320,0,337995.568266
338200,27905999.3734,9511733.351316,2552159.353241,0,0,0,1.69581635687,-0.578928704829,33100601.95017,31307570.19213,164522338.5132,0.005980927070496,0,0,0,5.069538431573,7.678344723923e-82,0,-1.010112651644,-0.5797866573242,-14.76418156107,-2.742326491665,1.350801139089,-13.39388470931,14506.62125206,-2760.518237948,0,0,259520.200,2296,320,0,338095.5691868
338300,27905976.18404,9511721.350711,2552458.524142,0,0,0,1.695812237293,-0.5788913997067,33100325.89033,31307294.1324731,164520887.8099,0.005980927069882,0,0,0,5.069538431573,7.676675619206e-82,0,-1.010085390119,-0.5797494638358,-14.76364702774,-2.742405599284,1.350795688378,-13.39343275257,14507.44453335,-2760.674903169,0,0,259520.300,2296,320,0,338195.5701076
338400,27905952.9917,9511709.349487,2552757.69465,0,0,0,1.695808108125,-0.5788540931115,33100049.81483,31307018.0571504,164519437.0243,0.005980927069267,0,0,0,5.069538431573,7.675006768669e-82,0,-1.010058130232,-0.5797122690698,-14.76311247604,-2.742484731111,1.350790237755,-13.39298077021,14508.26771676,-2760.831549764,0,0,259520.400,2296,320,0,338295.5710285
338500,27905929.79637,9511697.347645,2553056.864766,0,0,0,1.695803969365,-0.5788167850434,33099773.72365,31306741.9661628,164517986.1564,0.005980927068653,0,0,0,5.069538431573,7.673338172363e-82,0,-1.010030872712,-0.5796750726399,-14.76257790043,-2.742563858825,1.350784787223,-13.39252875668,14509.09086101,-2760.988188908,0,0,259520.500,2296,320,0,338395.5719494
338600,27905906.59806,9511685.345183,2553356.03449,0,0,0,1.695799821012,-0.5787794755027,33099497.61682,31306465.8595112,164516535.2061,0.005980927068038,0,0,0,5.069538431573,7.671669830335e-82,0,-1.010003617782,-0.5796378746863,-14.76204330292,-2.742643009836,1.35077933678,-13.39207671398,14509.91404442,-2761.144835502,0,0,259520.600,2296,320,0,338495.5728704
338700,27905883.39676,9511673.342102,2553655.20382,0,0,0,1.695795663065,-0.5787421644893,33099221.49432,31306189.7371965,164515084.1736,0.005980927067424,0,0,0,5.069538431573,7.670001742639e-82,0,-1.00997636392,-0.5796006753659,-14.76150868577,-2.74272213975,1.350773886426,-13.39162464437,14510.73715932,-2761.301469058,0,0,259520.700,2296,320,0,338595.5737915
338800,27905860.19248,9511661.338402,2553954.372758,0,0,0,1.695791495522,-0.5787048520034,33098945.35616,31305913.5992195,164513633.0587,0.005980927066809,0,0,0,5.069538431573,7.668333909331e-82,0,-1.009949115956,-0.5795634745864,-14.76097404765,-2.742801234016,1.350768436163,-13.39117254652,14511.56015675,-2761.458080262,0,0,259520.800,2296,320,0,338695.5747126
338900,27905836.98522,9511649.334083,2554253.541303,0,0,0,1.695787318383,-0.5786675380452,33098669.20234,31305637.4455812,164512181.8615,0.005980927066194,0,0,0,5.069538431573,7.666666330455e-82,0,-1.009921868903,-0.5795262722409,-14.76043938702,-2.74288035556,1.350762985989,-13.3907204189,14512.3831346,-2761.614687741,0,0,259520.900,2296,320,0,338795.5756337
339000,27905813.77497,9511637.329146,2554552.709456,0,0,0,1.695783131646,-0.5786302226147,33098393.03285,31305361.2762823,164510730.5821,0.00598092706558,0,0,0,5.069538431573,7.664999006063e-82,0,-1.009894624362,-0.5794890683739,-14.75990470452,-2.742959472392,1.350757535906,-13.39026826214,14513.2060831,-2761.771289632,0,0,259521.000,2296,320,0,338895.5765549
339100,27905790.56174,9511625.323589,2554851.877216,0,0,0,1.695778935311,-0.5785929057121,33098116.84771,31305085.0913238,164509279.2203,0.005980927064965,0,0,0,5.069538431573,7.663331936211e-82,0,-1.009867382554,-0.5794518632306,-14.75937000369,-2.743038616424,1.350752085912,-13.38981607976,14514.0290218,-2761.92788966,0,0,259521.100,2296,320,0,338995.5774762
339200,27905767.34553,9511613.317414,2555151.044582,0,0,0,1.695774729376,-0.5785555873375,33097840.64691,31304808.8907066,164507827.7763,0.005980927064351,0,0,0,5.069538431573,7.661665120943e-82,0,-1.009840143322,-0.579414656378,-14.75883527829,-2.743117740191,1.350746636008,-13.38936386554,14514.85184304,-2762.084467337,0,0,259521.200,2296,320,0,339095.5783975
339300,27905744.12633,9511601.31062,2555450.211556,0,0,0,1.69577051384,-0.5785182674911,33097564.43045,31304532.6744314,164506376.25,0.005980927063736,0,0,0,5.069538431573,7.659998560316e-82,0,-1.009812905581,-0.5793774483923,-14.7583005366,-2.743196823929,1.350741186195,-13.38891162776,14515.67463492,-2762.241039425,0,0,259521.300,2296,320,0,339195.5793188
339400,27905720.90415,9511589.303207,2555749.378137,0,0,0,1.695766288702,-0.5784809461729,33097288.19833,31304256.4424993,164504924.6414,0.005980927063122,0,0,0,5.069538431573,7.658332254376e-82,0,-1.009785673067,-0.5793402387348,-14.75776577089,-2.74327593525,1.350735736471,-13.38845935868,14516.49735828,-2762.397598475,0,0,259521.400,2296,320,0,339295.5802402
339500,27905697.67899,9511577.295176,2556048.544325,0,0,0,1.695762053961,-0.5784436233831,33097011.95056,31303980.194911,164503472.9505,0.005980927062507,0,0,0,5.069538431573,7.656666203175e-82,0,-1.009758441346,-0.579303027352,-14.75723098038,-2.743355038169,1.350730286838,-13.38800705752,14517.32009143,-2762.554159388,0,0,259521.500,2296,320,0,339395.5811617
339600,27905674.45084,9511565.286526,2556347.71012,0,0,0,1.695757809616,-0.5784062991217,33096735.68713,31303703.9316675,164502021.1773,0.005980927061892,0,0,0,5.069538431573,7.655000406764e-82,0,-1.009731212503,-0.5792658147495,-14.75669617234,-2.743434166867,1.350724837295,-13.38755473155,14518.14273649,-2762.710703537,0,0,259521.600,2296,320,0,339495.5820832
339700,27905651.2197,9511553.277257,2556646.875521,0,0,0,1.695753555665,-0.578368973389,33096459.40805,31303427.6527695,164500569.3219,0.005980927061278,0,0,0,5.069538431573,7.653334865196e-82,0,-1.009703986771,-0.579228600745,-14.75616134415,-2.743513280914,1.350719387843,-13.38710237814,14518.9653326,-2762.867238373,0,0,259521.700,2296,320,0,339595.5830048
339800,27905627.98559,9511541.26737,2556946.04053,0,0,0,1.695749292109,-0.578331646185,33096183.11331,31303151.3582181,164499117.3843,0.005980927060663,0,0,0,5.069538431573,7.651669578516e-82,0,-1.009676761267,-0.5791913849459,-14.75562649017,-2.743592353789,1.350713938481,-13.38664999167,14519.7879385,-2763.023775071,0,0,259521.800,2296,320,0,339695.5839264
339900,27905604.74849,9511529.256864,2557245.205145,0,0,0,1.695745018944,-0.5782943175099,33095906.80293,31302875.048014,164497665.3643,0.005980927060049,0,0,0,5.069538431573,7.65000454678e-82,0,-1.009649541775,-0.5791541679202,-14.75509161857,-2.743671469119,1.350708489209,-13.38619758027,14520.61049546,-2763.180302456,0,0,259521.900,2296,320,0,339795.5848481
340000,27905581.5084,9511517.24574,2557544.369367,0,0,0,1.695740736172,-0.5782569873637,33095630.47689,31302598.7221581,164496213.2622,0.005980927059434,0,0,0,5.069538431573,7.648339770035e-82,0,-1.009622323317,-0.579116949464,-14.7545567264,-2.743750554907,1.350703040028,-13.38574514103,14521.43296433,-2763.336813077,0,0,259522.000,2296,320,0,339895.5857698
340100,27905558.26534,9511505.233998,2557843.533196,0,0,0,1.695736443789,-0.5782196557467,33095354.1352,31302322.3806513,164494761.0777,0.00598092705882,0,0,0,5.069538431573,7.646675248333e-82,0,-1.009595107475,-0.5790797292995,-14.75402180968,-2.74382967439,1.350697590937,-13.38529266995,14522.25538425,-2763.493314385,0,0,259522.100,2296,320,0,339995.5866916
340200,27905535.01928,9511493.221637,2558142.696631,0,0,0,1.695732141796,-0.5781823226588,33095077.77785,31302046.0234945,164493308.8111,0.005980927058205,0,0,0,5.069538431573,7.645010981721e-82,0,-1.009567894261,-0.5790425077596,-14.7534868732,-2.743908778067,1.350692141938,-13.38484017181,14523.07777481,-2763.649810106,0,0,259522.200,2296,320,0,340095.5876134
340300,27905511.77025,9511481.208657,2558441.859674,0,0,0,1.695727830191,-0.5781449881004,33094801.40486,31301769.6506886,164491856.4622,0.005980927057591,0,0,0,5.069538431573,7.643346970256e-82,0,-1.009540683772,-0.5790052849408,-14.75295191834,-2.743987840745,1.350686693029,-13.38438764799,14523.90019474,-2763.806311414,0,0,259522.300,2296,320,0,340195.5885353
340400,27905488.51823,9511469.19506,2558741.022322,0,0,0,1.695723508974,-0.5781076520713,33094525.01623,31301493.2622344,164490404.0311,0.005980927056976,0,0,0,5.069538431573,7.641683213981e-82,0,-1.009513474243,-0.5789680602926,-14.75241693718,-2.74406692751,1.35068124421,-13.38393509059,14524.72252657,-2763.962795958,0,0,259522.400,2296,320,0,340295.5894572
340500,27905465.26323,9511457.180844,2559040.184577,0,0,0,1.695719178142,-0.5780703145719,33094248.61194,31301216.8581328,164488951.5177,0.005980927056361,0,0,0,5.069538431573,7.640019712952e-82,0,-1.009486270458,-0.5789308344727,-14.75188193919,-2.744146013176,1.350675795483,-13.38348250906,14525.54471158,-2764.119252563,0,0,259522.500,2296,320,0,340395.5903792
340600,27905442.00524,9511445.166011,2559339.346439,0,0,0,1.695714837694,-0.5780329756022,33093972.19201,31300940.4383847,164487498.9221,0.005980927055747,0,0,0,5.069538431573,7.638356467213e-82,0,-1.009459067682,-0.578893607127,-14.75134691927,-2.744225123321,1.350670346846,-13.3830298983,14526.36689658,-2764.275709167,0,0,259522.600,2296,320,0,340495.5913012
340700,27905418.74427,9511433.150559,2559638.507907,0,0,0,1.695710487631,-0.5779956351623,33093695.75643,31300664.0029909,164486046.2443,0.005980927055132,0,0,0,5.069538431573,7.636693476818e-82,0,-1.00943186767,-0.5788563782415,-14.75081187721,-2.744304215659,1.350664898301,-13.3825772581,14527.1890718,-2764.432163909,0,0,259522.700,2296,320,0,340595.5922233
340800,27905395.48031,9511421.134489,2559937.668982,0,0,0,1.69570612795,-0.5779582932523,33093419.30521,31300387.5519524,164484593.4843,0.005980927054518,0,0,0,5.069538431573,7.635030741817e-82,0,-1.009404669962,-0.5788191477424,-14.75027681197,-2.744383271911,1.350659449846,-13.38212458742,14528.01122744,-2764.588614926,0,0,259522.800,2296,320,0,340695.5931455
340900,27905372.21338,9511409.117801,2560236.829662,0,0,0,1.695701758651,-0.5779209498724,33093142.83834,31300111.08527,164483140.6421,0.005980927053903,0,0,0,5.069538431573,7.633368262257e-82,0,-1.009377474984,-0.5787819157621,-14.74974172544,-2.744462351614,1.350654001483,-13.38167188815,14528.83330478,-2764.745051041,0,0,259522.900,2296,320,0,340795.5940677
341000,27905348.94345,9511397.100494,2560535.98995,0,0,0,1.695697379732,-0.5778836050227,33092866.35583,31299834.6029445,164481687.7177,0.005980927053289,0,0,0,5.069538431573,7.631706038189e-82,0,-1.009350281154,-0.578744682329,-14.74920661803,-2.744541427696,1.350648553211,-13.38121916069,14529.65527444,-2764.901466668,0,0,259523.000,2296,320,0,340895.5949899
341100,27905325.67055,9511385.08257,2560835.149843,0,0,0,1.695692991192,-0.5778462587034,33092589.85768,31299558.1049769,164480234.711,0.005980927052674,0,0,0,5.069538431573,7.630044069672e-82,0,-1.009323093259,-0.5787074478655,-14.74867149582,-2.74462052695,1.35064310503,-13.38076641111,14530.47720495,-2765.057874843,0,0,259523.100,2296,320,0,340995.5959122
341200,27905302.39466,9511373.064029,2561134.309342,0,0,0,1.695688593031,-0.5778089109144,33092313.34389,31299281.5913681,164478781.6222,0.005980927052059,0,0,0,5.069538431573,7.628382356739e-82,0,-1.009295905992,-0.5786702114108,-14.74813634498,-2.744699604401,1.35063765694,-13.38031362561,14531.29915504,-2765.214286745,0,0,259523.200,2296,320,0,341095.5968346
341300,27905279.11578,9511361.044869,2561433.468448,0,0,0,1.695684185247,-0.5777715616561,33092036.81445,31299005.0621188,164477328.4512,0.005980927051445,0,0,0,5.069538431573,7.626720899451e-82,0,-1.009268721108,-0.5786329736062,-14.74760117475,-2.744778647565,1.350632208941,-13.37986081341,14532.12105619,-2765.370689332,0,0,259523.300,2296,320,0,341195.597757
341400,27905255.83393,9511349.025091,2561732.62716,0,0,0,1.695679767838,-0.5777342109284,33091760.26938,31298728.51723,164475875.198,0.00598092705083,0,0,0,5.069538431573,7.625059697857e-82,0,-1.009241539486,-0.5785957344764,-14.74706598547,-2.74485771643,1.350626761034,-13.37940797484,14532.94287903,-2765.527077019,0,0,259523.400,2296,320,0,341295.5986794
341500,27905232.54908,9511337.004696,2562031.785478,0,0,0,1.695675340805,-0.5776968587315,33091483.70867,31298451.9567026,164474421.8626,0.005980927050216,0,0,0,5.069538431573,7.623398751999e-82,0,-1.009214358727,-0.5785584938545,-14.74653077474,-2.744936781898,1.350621313219,-13.37895510752,14533.7646725,-2765.683459118,0,0,259523.500,2296,320,0,341395.5996019
341600,27905209.26126,9511324.983683,2562330.943402,0,0,0,1.695670904145,-0.5776595050655,33091207.13232,31298175.3805374,164472968.4451,0.005980927049601,0,0,0,5.069538431573,7.621738061934e-82,0,-1.009187183531,-0.5785212516021,-14.74599554059,-2.745015884918,1.350615865495,-13.37850220945,14534.58640725,-2765.839830041,0,0,259523.600,2296,320,0,341495.6005245
341700,27905185.97045,9511312.962052,2562630.100932,0,0,0,1.695666457858,-0.5776221499306,33090930.54033,31297898.7887353,164471514.9453,0.005980927048987,0,0,0,5.069538431573,7.620077627708e-82,0,-1.009160009057,-0.5784840079147,-14.74546028581,-2.74509494702,1.350610417863,-13.37804928344,14535.40815179,-2765.996202826,0,0,259523.700,2296,320,0,341595.6014471
341800,27905162.67666,9511300.939803,2562929.258067,0,0,0,1.695662001943,-0.5775847933268,33090653.93271,31297622.1812972,164470061.3634,0.005980927048372,0,0,0,5.069538431573,7.618417449375e-82,0,-1.009132837647,-0.5784467627563,-14.74492500988,-2.745173980173,1.350604970322,-13.37759632897,14536.22979844,-2766.152556986,0,0,259523.800,2296,320,0,341695.6023698
341900,27905139.37988,9511288.916937,2563228.414809,0,0,0,1.695657536397,-0.5775474352543,33090377.30945,31297345.558224,164468607.6994,0.005980927047758,0,0,0,5.069538431573,7.616757526979e-82,0,-1.009105668831,-0.5784095162287,-14.74438971429,-2.74525303889,1.350599522873,-13.3771433475,14537.05138636,-2766.308899969,0,0,259523.900,2296,320,0,341795.6032925
342000,27905116.08012,9511276.893454,2563527.571157,0,0,0,1.695653061222,-0.5775100757132,33090100.67056,31297068.9195164,164467153.9532,0.005980927047143,0,0,0,5.069538431573,7.61509786057e-82,0,-1.009078502429,-0.5783722681429,-14.74385439629,-2.74533208905,1.350594075516,-13.37669033632,14537.87301343,-2766.465250403,0,0,259524.000,2296,320,0,341895.6042152
342100,27905092.77737,9511264.869353,2563826.72711,0,0,0,1.695648576414,-0.5774727147037,33089824.01603,31296792.2651755,164465700.1248,0.005980927046528,0,0,0,5.069538431573,7.6134384502e-82,0,-1.009051337236,-0.578335018633,-14.74331905783,-2.745411168199,1.350588628251,-13.37623729735,14538.69451326,-2766.621576622,0,0,259524.100,2296,320,0,341995.6051381
342200,27905069.47164,9511252.844634,2564125.882669,0,0,0,1.695644081974,-0.5774353522258,33089547.34588,31296515.5952021,164464246.2143,0.005980927045914,0,0,0,5.069538431573,7.611779295915e-82,0,-1.009024177728,-0.5782977676241,-14.74278369783,-2.745490205361,1.350583181077,-13.37578422951,14539.51596415,-2766.777893528,0,0,259524.200,2296,320,0,342095.6060609
342300,27905046.16293,9511240.819298,2564425.037834,0,0,0,1.695639577899,-0.5773979882797,33089270.66009,31296238.909597,164462792.2216,0.005980927045299,0,0,0,5.069538431573,7.610120397766e-82,0,-1.008997018931,-0.5782605149348,-14.74224831368,-2.745569251255,1.350577733996,-13.37533113019,14540.3374444,-2766.934216022,0,0,259524.300,2296,320,0,342195.6069839
342400,27905022.85123,9511228.793345,2564724.192604,0,0,0,1.695635064189,-0.5773606228654,33088993.95867,31295962.2083612,164461338.1468,0.005980927044685,0,0,0,5.069538431573,7.608461755802e-82,0,-1.008969863128,-0.5782232610393,-14.74171291219,-2.745648300777,1.350572287006,-13.37487800621,14541.15882677,-2767.09051989,0,0,259524.400,2296,320,0,342295.6079068
342500,27904999.53655,9511216.766774,2565023.34698,0,0,0,1.695630540844,-0.5773232559832,33088717.24162,31295685.4914955,164459883.9898,0.00598092704407,0,0,0,5.069538431573,7.606803370071e-82,0,-1.008942709744,-0.5781860054705,-14.74117748665,-2.745727350111,1.350566840109,-13.37442485086,14541.98012104,-2767.246806994,0,0,259524.500,2296,320,0,342395.6088299
342600,27904976.21889,9511204.739587,2565322.500962,0,0,0,1.69562600786,-0.5772858876331,33088440.50894,31295408.7590007,164458429.7508,0.005980927043456,0,0,0,5.069538431573,7.605145240621e-82,0,-1.008915559185,-0.5781487485236,-14.74064204131,-2.745806418296,1.350561393304,-13.37397166836,14542.80141532,-2767.403094098,0,0,259524.600,2296,320,0,342495.6097529
342700,27904952.89824,9511192.711781,2565621.654549,0,0,0,1.695621465239,-0.5772485178153,33088163.76063,31295132.0108779,164456975.4296,0.005980927042841,0,0,0,5.069538431573,7.603487367506e-82,0,-1.00888840971,-0.5781114902325,-14.74010657665,-2.745885445897,1.350555946591,-13.37351845922,14543.62266065,-2767.559371889,0,0,259524.700,2296,320,0,342595.6106761
342800,27904929.57461,9511180.683359,2565920.807741,0,0,0,1.695616912977,-0.5772111465299,33087886.9967,31294855.2471277,164455521.0262,0.005980927042226,0,0,0,5.069538431573,7.60182975077e-82,0,-1.008861265582,-0.5780742302477,-14.73957108765,-2.745964481455,1.35055049997,-13.3730652184,14544.44377874,-2767.715625465,0,0,259524.800,2296,320,0,342695.6115993
342900,27904906.24799,9511168.65432,2566219.960539,0,0,0,1.695612351075,-0.5771737737769,33087610.21714,31294578.4677512,164454066.5408,0.005980927041612,0,0,0,5.069538431573,7.600172390463e-82,0,-1.008834122489,-0.5780369689121,-14.73903557923,-2.746043514623,1.350545053442,-13.37261195083,14545.2649947,-2767.871897668,0,0,259524.900,2296,320,0,342795.6125225
343000,27904882.91839,9511156.624663,2566519.112943,0,0,0,1.695607779532,-0.5771363995566,33087333.42195,31294301.6727492,164452611.9732,0.005980927040997,0,0,0,5.069538431573,7.598515286631e-82,0,-1.008806982294,-0.5779997060302,-14.7385000486,-2.74612254855,1.350539607006,-13.37215865369,14546.08607364,-2768.028143793,0,0,259525.000,2296,320,0,342895.6134458
343100,27904859.5858,9511144.594389,2566818.264951,0,0,0,1.695603198345,-0.577099023869,33087056.61114,31294024.8621226,164451157.3236,0.005980927040383,0,0,0,5.069538431573,7.596858439329e-82,0,-1.008779844896,-0.5779624419055,-14.7379645001,-2.746201607014,1.350534160663,-13.37170533136,14546.90707426,-2768.184375018,0,0,259525.100,2296,320,0,342995.6143691
343200,27904836.25023,9511132.563499,2567117.416565,0,0,0,1.695598607514,-0.5770616467142,33086779.7847,31293748.0358722,164449702.5918,0.005980927039768,0,0,0,5.069538431573,7.595201848598e-82,0,-1.008752708048,-0.5779251759412,-14.73742892516,-2.746280624336,1.350528714412,-13.37125197525,14547.72815319,-2768.340621144,0,0,259525.200,2296,320,0,343095.6152925
343300,27904812.91168,9511120.531991,2567416.567784,0,0,0,1.695594007038,-0.5770242680925,33086502.94265,31293471.1939989,164448247.778,0.005980927039154,0,0,0,5.069538431573,7.593545514494e-82,0,-1.008725577274,-0.5778879087378,-14.73689333241,-2.746359654672,1.350523268254,-13.37079859399,14548.54912446,-2768.49684678,0,0,259525.300,2296,320,0,343195.616216
343400,27904789.57014,9511108.499867,2567715.718609,0,0,0,1.695589396916,-0.5769868880038,33086226.08497,31293194.3365036,164446792.882,0.005980927038539,0,0,0,5.069538431573,7.591889437058e-82,0,-1.008698446919,-0.5778506398489,-14.73635771545,-2.7464386833,1.350517822188,-13.37034518116,14549.37004678,-2768.653063104,0,0,259525.400,2296,320,0,343295.6171395
343500,27904766.22562,9511096.467125,2568014.869038,0,0,0,1.695584777147,-0.5769495064484,33085949.21167,31292917.4633872,164445337.9039,0.005980927037925,0,0,0,5.069538431573,7.59023361635e-82,0,-1.008671319964,-0.5778133699963,-14.73582208463,-2.746517706757,1.350512376215,-13.36989174713,14550.19089079,-2768.809264526,0,0,259525.500,2296,320,0,343395.618063
343600,27904742.87812,9511084.433767,2568314.019073,0,0,0,1.695580147729,-0.5769121234263,33085672.32275,31292640.5746505,164443882.8438,0.00598092703731,0,0,0,5.069538431573,7.588578052404e-82,0,-1.008644195081,-0.577776098095,-14.73528642437,-2.746596755377,1.350506930335,-13.36943827631,14551.01169565,-2768.965458497,0,0,259525.600,2296,320,0,343495.6189866
343700,27904719.52763,9511072.399792,2568613.168713,0,0,0,1.695575508661,-0.5768747389377,33085395.41821,31292363.6702945,164442427.7016,0.005980927036695,0,0,0,5.069538431573,7.586922745276e-82,0,-1.008617073032,-0.5777388249388,-14.73475074607,-2.746675756903,1.350501484548,-13.36898478011,14551.83255924,-2769.121663645,0,0,259525.700,2296,320,0,343595.6199103
343800,27904696.17416,9511060.3652,2568912.317957,0,0,0,1.695570859943,-0.5768373529827,33085118.49805,31292086.75032,164440972.4773,0.005980927036081,0,0,0,5.069538431573,7.585267695017e-82,0,-1.00858995199,-0.5777015504005,-14.73421504791,-2.746754770701,1.350496038853,-13.36853125669,14552.65331516,-2769.277848303,0,0,259525.800,2296,320,0,343695.620834
343900,27904672.8177,9511048.329992,2569211.466807,0,0,0,1.695566201572,-0.5767999655614,33084841.56227,31291809.8147278,164439517.171,0.005980927035466,0,0,0,5.069538431573,7.583612901669e-82,0,-1.008562836842,-0.5776642742912,-14.73367932717,-2.746833789292,1.350490593252,-13.36807770334,14553.47395362,-2769.43401061,0,0,259525.900,2296,320,0,343795.6217577
344000,27904649.45826,9511036.294166,2569510.615261,0,0,0,1.695561533549,-0.5767625766739,33084564.61088,31291532.863519,164438061.7825,0.005980927034852,0,0,0,5.069538431573,7.581958365283e-82,0,-1.008535722486,-0.57762699673,-14.73314358557,-2.746912802681,1.350485147744,-13.36762412177,14554.29458229,-2769.590171054,0,0,259526.000,2296,320,0,343895.6226815
344100,27904626.09583,9511024.257725,2569809.763321,0,0,0,1.695556855872,-0.5767251863204,33084287.64387,31291255.8966942,164436606.312,0.005980927034237,0,0,0,5.069538431573,7.580304085906e-82,0,-1.008508610581,-0.577589717697,-14.73260782281,-2.7469918457,1.350479702329,-13.3671705117,14555.11521097,-2769.746331498,0,0,259526.100,2296,320,0,343995.6236054
344200,27904602.73042,9511012.220666,2570108.910985,0,0,0,1.695552168539,-0.5766877945009,33084010.66124,31290978.9142545,164435150.7595,0.005980927033623,0,0,0,5.069538431573,7.578650063586e-82,0,-1.008481501518,-0.5775524370454,-14.73207203679,-2.747070842707,1.350474257006,-13.366716871,14555.93575154,-2769.902475178,0,0,259526.200,2296,320,0,344095.6245293
344300,27904579.36203,9511000.182992,2570408.058254,0,0,0,1.695547471551,-0.5766504012156,33083733.66301,31290701.9162007,164433695.1249,0.005980927033008,0,0,0,5.069538431573,7.576996298373e-82,0,-1.008454393757,-0.5775151551147,-14.73153623239,-2.747149848311,1.350468811778,-13.36626320456,14556.75623339,-2770.058607683,0,0,259526.300,2296,320,0,344195.6254533
344400,27904555.99065,9510988.1447,2570707.205128,0,0,0,1.695542764904,-0.5766130064647,33083456.64916,31290424.9025336,164432239.4083,0.005980927032394,0,0,0,5.069538431573,7.575342790313e-82,0,-1.008427291241,-0.5774778715454,-14.73100040444,-2.747228855224,1.350463366642,-13.36580950721,14557.57669566,-2770.214736462,0,0,259526.400,2296,320,0,344295.6263773
344500,27904532.61629,9510976.105793,2571006.351606,0,0,0,1.695538048599,-0.5765756102482,33083179.61969,31290147.8732542,164430783.6096,0.005980927031779,0,0,0,5.069538431573,7.573689539459e-82,0,-1.008400190209,-0.5774405868876,-14.73046456084,-2.747307858248,1.3504579216,-13.36535578686,14558.3970209,-2770.370839164,0,0,259526.500,2296,320,0,344395.6273014
344600,27904509.23895,9510964.066268,2571305.497689,0,0,0,1.695533322635,-0.5765382125662,33082902.57462,31289870.8283633,164429327.7288,0.005980927031164,0,0,0,5.069538431573,7.57203654585e-82,0,-1.008373091284,-0.5774033004028,-14.72992869099,-2.747386855845,1.350452476651,-13.36490203288,14559.21741465,-2770.526954904,0,0,259526.600,2296,320,0,344495.6282255
344700,27904485.85862,9510952.026128,2571604.643377,0,0,0,1.695528587009,-0.5765008134189,33082625.51393,31289593.7678618,164427871.7661,0.00598092703055,0,0,0,5.069538431573,7.570383809538e-82,0,-1.008345995186,-0.5773660124956,-14.7293928007,-2.747465866633,1.350447031796,-13.36444825109,14560.03776925,-2770.683063194,0,0,259526.700,2296,320,0,344595.6291497
344800,27904462.4753,9510939.985371,2571903.788669,0,0,0,1.695523841722,-0.5764634128064,33082348.43764,31289316.6917506,164426415.7213,0.005980927029935,0,0,0,5.069538431573,7.568731330573e-82,0,-1.00831890208,-0.5773287232287,-14.72885689086,-2.747544860188,1.350441587034,-13.3639944424,14560.85800639,-2770.839149132,0,0,259526.800,2296,320,0,344695.6300739
344900,27904439.08901,9510927.943998,2572202.933566,0,0,0,1.695519086772,-0.5764260107289,33082071.34573,31289039.6000305,164424959.5945,0.005980927029321,0,0,0,5.069538431573,7.567079109001e-82,0,-1.008291809485,-0.5772914323496,-14.72832095786,-2.747623872941,1.350436142365,-13.36354060316,14561.6782729,-2770.995240659,0,0,259526.900,2296,320,0,344795.6309982
345000,27904415.69972,9510915.902009,2572502.078067,0,0,0,1.695514322157,-0.5763886071863,33081794.23822,31288762.4927025,164423503.3856,0.005980927028706,0,0,0,5.069538431573,7.565427144865e-82,0,-1.008264722496,-0.5772541399226,-14.72778500261,-2.747702856498,1.350430697791,-13.36308673431,14562.49847089,-2771.151319146,0,0,259527.000,2296,320,0,344895.6319225
345100,27904392.30746,9510903.859404,2572801.222172,0,0,0,1.695509547878,-0.576351202179,33081517.1151,31288485.3697674,164422047.0948,0.005980927028092,0,0,0,5.069538431573,7.563775438223e-82,0,-1.008237636914,-0.5772168463882,-14.72724903144,-2.74778185018,1.35042525331,-13.36263284218,14563.31855142,-2771.307375282,0,0,259527.100,2296,320,0,344995.6328469
345200,27904368.91221,9510891.816182,2573100.365882,0,0,0,1.695504763931,-0.5763137957069,33081239.97637,31288208.2312261,164420590.7219,0.005980927027477,0,0,0,5.069538431573,7.562123989111e-82,0,-1.008210553584,-0.5771795510244,-14.72671303398,-2.747860850277,1.350419808923,-13.36217891637,14564.1386711,-2771.463438869,0,0,259527.200,2296,320,0,345095.6337713
345300,27904345.51397,9510879.772345,2573399.509197,0,0,0,1.695499970318,-0.5762763877702,33080962.82204,31287931.0770794,164419134.267,0.005980927026862,0,0,0,5.069538431573,7.560472797583e-82,0,-1.008183473183,-0.5771422543194,-14.72617701725,-2.74793983493,1.35041436463,-13.36172496391,14564.95870269,-2771.619485691,0,0,259527.300,2296,320,0,345195.6346958
345400,27904322.11275,9510867.727891,2573698.652115,0,0,0,1.695495167035,-0.576238978369,33080685.65211,31287653.9073283,164417677.7302,0.005980927026248,0,0,0,5.069538431573,7.558821863685e-82,0,-1.008156395381,-0.5771049561498,-14.72564097947,-2.748018815909,1.35040892043,-13.36127098303,14565.77879301,-2771.77554369,0,0,259527.400,2296,320,0,345295.6356203
345500,27904298.70855,9510855.682822,2573997.794638,0,0,0,1.695490354083,-0.5762015675035,33080408.46657,31287376.7219736,164416221.1113,0.005980927025633,0,0,0,5.069538431573,7.557171187463e-82,0,-1.008129318615,-0.5770676565412,-14.72510492101,-2.748097796609,1.350403476325,-13.36081697409,14566.59872671,-2771.931571886,0,0,259527.500,2296,320,0,345395.6365449
345600,27904275.30137,9510843.637136,2574296.936765,0,0,0,1.69548553146,-0.5761641551738,33080131.26543,31287099.5210162,164414764.4104,0.005980927025019,0,0,0,5.069538431573,7.555520768967e-82,0,-1.008102247321,-0.5770303553278,-14.72456883948,-2.748176780454,1.350398032314,-13.3603629347,14567.41857232,-2772.087583318,0,0,259527.600,2296,320,0,345495.6374696
345700,27904251.89119,9510831.590835,2574596.078496,0,0,0,1.695480699164,-0.5761267413799,33079854.04868,31286822.304457,164413307.6276,0.005980927024404,0,0,0,5.069538431573,7.553870608245e-82,0,-1.008075177378,-0.576993052892,-14.72403274039,-2.748255770669,1.350392588396,-13.35990887036,14568.23842772,-2772.243596613,0,0,259527.700,2296,320,0,345595.6383943
345800,27904228.47804,9510819.543918,2574895.219831,0,0,0,1.695475857196,-0.576089326122,33079576.81634,31286545.0722969,164411850.7627,0.00598092702379,0,0,0,5.069538431573,7.552220705338e-82,0,-1.008048109794,-0.5769557487995,-14.72349661748,-2.748334752173,1.350387144573,-13.35945477483,14569.05829291,-2772.399611771,0,0,259527.800,2296,320,0,345695.639319
345900,27904205.0619,9510807.496384,2575194.36077,0,0,0,1.695471005553,-0.5760519094003,33079299.56839,31286267.8245366,164410393.8159,0.005980927023175,0,0,0,5.069538431573,7.550571060299e-82,0,-1.008021044937,-0.576918443276,-14.72296047401,-2.748413729126,1.350381700844,-13.35900065135,14569.87807979,-2772.555612028,0,0,259527.900,2296,320,0,345795.6402438
346000,27904181.64278,9510795.448236,2575493.501313,0,0,0,1.695466144235,-0.5760144912148,33079022.30485,31285990.5611772,164408936.7871,0.005980927022561,0,0,0,5.069538431573,7.548921673169e-82,0,-1.007993981333,-0.576881136101,-14.72242430681,-2.748492700669,1.35037625721,-13.35854649674,14570.69772964,-2772.711586207,0,0,259528.000,2296,320,0,345895.6411687
346100,27904158.22067,9510783.399471,2575792.64146,0,0,0,1.695461273241,-0.5759770715657,33078745.02571,31285713.2822195,164407479.6764,0.005980927021946,0,0,0,5.069538431573,7.547272544005e-82,0,-1.007966923085,-0.5768438278285,-14.72188812383,-2.748571672651,1.35037081367,-13.35809231898,14571.51738927,-2772.867562249,0,0,259528.100,2296,320,0,345995.6420936
346200,27904134.79558,9510771.350091,2576091.781211,0,0,0,1.695456392568,-0.575939650453,33078467.73097,31285435.9876644,164406022.4837,0.005980927021331,0,0,0,5.069538431573,7.545623672845e-82,0,-1.007939866005,-0.5768065179317,-14.72135191751,-2.748650645656,1.350365370224,-13.35763811047,14572.33699996,-2773.023528978,0,0,259528.200,2296,320,0,346095.6430185
346300,27904111.3675,9510759.300095,2576390.920566,0,0,0,1.695451502217,-0.575902227877,33078190.42063,31285158.6775127,164404565.209,0.005980927020717,0,0,0,5.069538431573,7.543975059739e-82,0,-1.007912811324,-0.57676920648,-14.72081568884,-2.748729609204,1.350359926872,-13.35718387223,14573.15660087,-2773.179493845,0,0,259528.300,2296,320,0,346195.6439435
346400,27904087.93644,9510747.249484,2576690.059525,0,0,0,1.695446602186,-0.5758648038377,33077913.0947,31284881.3517654,164403107.8523,0.005980927020102,0,0,0,5.069538431573,7.54232670473e-82,0,-1.007885759426,-0.576731893471,-14.72027943779,-2.748808576219,1.350354483616,-13.35672960422,14573.97613325,-2773.335445672,0,0,259528.400,2296,320,0,346295.6448686
346500,27904064.5024,9510735.198257,2576989.198087,0,0,0,1.695441692474,-0.5758273783353,33077635.75318,31284604.0104232,164401650.4138,0.005980927019488,0,0,0,5.069538431573,7.540678607874e-82,0,-1.007858710304,-0.5766945792098,-14.71974316875,-2.748887514331,1.350349040453,-13.35627531081,14574.79559712,-2773.491384462,0,0,259528.500,2296,320,0,346395.6457937
346600,27904041.06537,9510723.146414,2577288.336253,0,0,0,1.69543677308,-0.5757899513698,33077358.39606,31284326.6534871,164400192.8932,0.005980927018873,0,0,0,5.069538431573,7.53903076921e-82,0,-1.007831662099,-0.5766572634767,-14.71920687855,-2.748966515369,1.350343597386,-13.35582098885,14575.61510014,-2773.647330701,0,0,259528.600,2296,320,0,346495.6467189
346700,27904017.62535,9510711.093957,2577587.474023,0,0,0,1.695431844002,-0.5757525229414,33077081.02334,31284049.280958,164398735.2907,0.005980927018259,0,0,0,5.069538431573,7.537383188786e-82,0,-1.00780461925,-0.5766199460402,-14.71867056387,-2.749045476765,1.350338154413,-13.35536663501,14576.43446613,-2773.803250864,0,0,259528.700,2296,320,0,346595.6476441
346800,27903994.18236,9510699.040883,2577886.611397,0,0,0,1.69542690524,-0.5757150930503,33076803.63504,31283771.8928368,164397277.6063,0.005980927017644,0,0,0,5.069538431573,7.535735866649e-82,0,-1.007777577868,-0.5765826273199,-14.71813423074,-2.749124430397,1.350332711535,-13.35491225532,14577.25383211,-2773.959171027,0,0,259528.800,2296,320,0,346695.6485693
346900,27903970.73637,9510686.987195,2578185.748374,0,0,0,1.695421956793,-0.5756776616964,33076526.23114,31283494.4891242,164395819.84,0.00598092701703,0,0,0,5.069538431573,7.534088802847e-82,0,-1.007750538708,-0.5765453071187,-14.71759787632,-2.749203387709,1.350327268751,-13.35445784694,14578.07311001,-2774.115074426,0,0,259528.900,2296,320,0,346795.6494947
347000,27903947.28741,9510674.932891,2578484.884954,0,0,0,1.695416998659,-0.57564022888,33076248.81165,31283217.0698213,164394361.9917,0.005980927016415,0,0,0,5.069538431573,7.532441997425e-82,0,-1.007723502519,-0.5765079853991,-14.71706150009,-2.749282313981,1.350321826063,-13.35400340934,14578.89237811,-2774.270975962,0,0,259529.000,2296,320,0,346895.65042
347100,27903923.83546,9510662.877972,2578784.021138,0,0,0,1.695412030837,-0.5756027946012,33075971.37658,31282939.6349289,164392904.0615,0.0059809270158,0,0,0,5.069538431573,7.530795450429e-82,0,-1.007696468704,-0.5764706622567,-14.71652510341,-2.749361284142,1.350316383469,-13.35354894388,14579.71166579,-2774.426881224,0,0,259529.100,2296,320,0,346995.6513455
347200,27903900.38052,9510650.822437,2579083.156926,0,0,0,1.695407053325,-0.5755653588601,33075693.92591,31282662.1844478,164391446.0494,0.005980927015186,0,0,0,5.069538431573,7.529149161906e-82,0,-1.00766943591,-0.5764333374784,-14.71598868321,-2.74944024249,1.350310940971,-13.35309444751,14580.53081643,-2774.582760409,0,0,259529.200,2296,320,0,347095.6522709
347300,27903876.92261,9510638.766288,2579382.292317,0,0,0,1.695402066124,-0.5755279216568,33075416.45966,31282384.7183789,164389987.9553,0.005980927014571,0,0,0,5.069538431573,7.527503131904e-82,0,-1.007642409111,-0.576396011509,-14.7154522459,-2.749519185294,1.350305498568,-13.35263992661,14581.34990835,-2774.738628417,0,0,259529.300,2296,320,0,347195.6531965
347400,27903853.4617,9510626.709523,2579681.427311,0,0,0,1.695397069232,-0.5754904829915,33075138.97782,31282107.2367232,164388529.7794,0.005980927013957,0,0,0,5.069538431573,7.525857360465e-82,0,-1.00761538316,-0.5763586839746,-14.7149157861,-2.749598132461,1.350300056259,-13.3521853758,14582.16900026,-2774.894496426,0,0,259529.400,2296,320,0,347295.654122
347500,27903829.99782,9510614.652143,2579980.561908,0,0,0,1.695392062647,-0.5754530428642,33074861.48039,31281829.7394814,164387071.5216,0.005980927013342,0,0,0,5.069538431573,7.524211847638e-82,0,-1.007588359552,-0.5763213547056,-14.71437930136,-2.749677056519,1.350294614047,-13.35173079266,14582.98803344,-2775.050353259,0,0,259529.500,2296,320,0,347395.6550477
347600,27903806.53094,9510602.594148,2580279.696109,0,0,0,1.695387046369,-0.5754156012751,33074583.96738,31281552.2266545,164385613.1818,0.005980927012728,0,0,0,5.069538431573,7.522566593471e-82,0,-1.007561339153,-0.5762840243614,-14.71384280118,-2.749756022395,1.350289171929,-13.35127618665,14583.80702748,-2775.206202641,0,0,259529.600,2296,320,0,347495.6559734
347700,27903783.06109,9510590.535538,2580578.829913,0,0,0,1.695382020396,-0.5753781582242,33074306.43879,31281274.6982435,164384154.7602,0.005980927012113,0,0,0,5.069538431573,7.520921598009e-82,0,-1.00753431974,-0.576246692593,-14.71330628052,-2.74983497154,1.350283729906,-13.35082155275,14584.62593341,-2775.36203526,0,0,259529.700,2296,320,0,347595.6568991
347800,27903759.58825,9510578.476314,2580877.96332,0,0,0,1.695376984727,-0.5753407137118,33074028.89461,31280997.154249,164382696.2566,0.005980927011499,0,0,0,5.069538431573,7.519276861293e-82,0,-1.007507305667,-0.5762093589795,-14.71276973335,-2.749913904773,1.350278287979,-13.35036688492,14585.44479041,-2775.517858565,0,0,259529.800,2296,320,0,347695.6578249
347900,27903736.11242,9510566.416474,2581177.096331,0,0,0,1.695371939362,-0.575303267738,33073751.33485,31280719.594672,164381237.6712,0.005980927010884,0,0,0,5.069538431573,7.517632383375e-82,0,-1.007480292633,-0.5761720239651,-14.71223316605,-2.749992833953,1.350272846148,-13.34991218954,14586.26360825,-2775.67367442,0,0,259529.900,2296,320,0,347795.6587507
348000,27903712.63362,9510554.356019,2581476.228944,0,0,0,1.695366884298,-0.5752658203028,33073473.7595,31280442.0195135,164379779.0039,0.005980927010269,0,0,0,5.069538431573,7.5159881643e-82,0,-1.007453282104,-0.576134687659,-14.71169658018,-2.750071739451,1.350267404412,-13.34945746818,14587.08238694,-2775.829482824,0,0,259530.000,2296,320,0,347895.6596766
348100,27903689.15182,9510542.29495,2581775.36116,0,0,0,1.695361819536,-0.5752283714063,33073196.16858,31280164.4287742,164378320.2547,0.005980927009655,0,0,0,5.069538431573,7.514344204113e-82,0,-1.007426274528,-0.5760973497801,-14.71115997171,-2.750150694645,1.350261962772,-13.34900271678,14587.90109711,-2775.985278189,0,0,259530.100,2296,320,0,347995.6606025
348200,27903665.66705,9510530.233266,2582074.49298,0,0,0,1.695356745073,-0.5751909210488,33072918.56208,31279886.8224551,164376861.4237,0.00598092700904,0,0,0,5.069538431573,7.512700502859e-82,0,-1.007399269448,-0.5760600105542,-14.71062334388,-2.750229634341,1.350256521227,-13.34854793861,14588.7198758,-2776.141086593,0,0,259530.200,2296,320,0,348095.6615285
348300,27903642.17928,9510518.170967,2582373.624402,0,0,0,1.695351660908,-0.5751534692303,33072640.93999,31279609.200557,164375402.5107,0.005980927008426,0,0,0,5.069538431573,7.511057060585e-82,0,-1.007372265168,-0.5760226695951,-14.71008669114,-2.750308565826,1.350251079778,-13.3480931281,14589.53858598,-2776.296881959,0,0,259530.300,2296,320,0,348195.6624546
348400,27903618.68854,9510506.108053,2582672.755427,0,0,0,1.695346567041,-0.5751160159509,33072363.30233,31279331.5630808,164373943.516,0.005980927007811,0,0,0,5.069538431573,7.509413877338e-82,0,-1.00734526672,-0.5759853275357,-14.70955002259,-2.750387491544,1.350245638425,-13.34763829435,14590.35713954,-2776.452647522,0,0,259530.400,2296,320,0,348295.6633807
348500,27903595.19481,9510494.044525,2582971.886055,0,0,0,1.695341463471,-0.5750785612108,33072085.6491,31279053.9100274,164372484.4393,0.005980927007197,0,0,0,5.069538431573,7.507770953157e-82,0,-1.007318269151,-0.5759479836247,-14.70901706327,-2.750466387025,1.350240197167,-13.3471871624,14591.17568331,-2776.608411223,0,0,259530.500,2296,320,0,348395.6643068
348600,27903571.69809,9510481.980382,2583271.016286,0,0,0,1.695336350195,-0.5750411050101,33071807.98028,31278776.2413977,164371025.2808,0.005980927006582,0,0,0,5.069538431573,7.506128288094e-82,0,-1.007291274409,-0.5759106385684,-14.70849342767,-2.75054533187,1.350234756006,-13.34674534675,14591.99421729,-2776.764173061,0,0,259530.600,2296,320,0,348495.665233
348700,27903548.19839,9510469.915625,2583570.146119,0,0,0,1.695331227214,-0.5750036473489,33071530.29589,31278498.5571925,164369566.0405,0.005980927005968,0,0,0,5.069538431573,7.504485882193e-82,0,-1.007264282202,-0.5758732918696,-14.70796976905,-2.750624253313,1.35022931494,-13.34630350064,14592.81275127,-2776.919934899,0,0,259530.700,2296,320,0,348595.6661593
348800,27903524.69571,9510457.850253,2583869.275556,0,0,0,1.695326094525,-0.5749661882273,33071252.59593,31278220.8574128,164368106.7183,0.005980927005353,0,0,0,5.069538431573,7.502843735499e-82,0,-1.007237292686,-0.5758359436243,-14.70744608874,-2.750703166944,1.35022387397,-13.34586162541,14593.63117759,-2777.075676247,0,0,259530.800,2296,320,0,348695.6670856
348900,27903501.19004,9510445.784267,2584168.404595,0,0,0,1.695320952128,-0.5749287276455,33070974.88039,31277943.1420594,164366647.3143,0.005980927004738,0,0,0,5.069538431573,7.501201848064e-82,0,-1.007210304381,-0.5757985942741,-14.70692239294,-2.75078205988,1.350218433097,-13.34541972726,14594.44956474,-2777.231410146,0,0,259530.900,2296,320,0,348795.668012
349000,27903477.68139,9510433.717666,2584467.533236,0,0,0,1.695315800022,-0.5748912656035,33070697.14928,31277665.4111332,164365187.8284,0.005980927004124,0,0,0,5.069538431573,7.499560219919e-82,0,-1.007183321335,-0.575761243166,-14.7063986725,-2.750860967477,1.350212992319,-13.34497779702,14595.26789317,-2777.387132868,0,0,259531.000,2296,320,0,348895.6689384
349100,27903454.16975,9510421.650451,2584766.66148,0,0,0,1.695310638205,-0.5748538021015,33070419.4026,31277387.6646351,164363728.2607,0.005980927003509,0,0,0,5.069538431573,7.497918851121e-82,0,-1.007156339598,-0.5757238906076,-14.70587493171,-2.750939918937,1.350207551638,-13.344535839,14596.08615309,-2777.542842552,0,0,259531.100,2296,320,0,348995.6698648
349200,27903430.65513,9510409.582622,2585065.789327,0,0,0,1.695305466677,-0.5748163371396,33070141.64034,31277109.9025659,164362268.6112,0.005980927002895,0,0,0,5.069538431573,7.49627774171e-82,0,-1.007129360246,-0.5756865365068,-14.7053511693,-2.75101883,1.350202111053,-13.34409385192,14596.90440321,-2777.698550373,0,0,259531.200,2296,320,0,349095.6707913
349300,27903407.13753,9510397.514178,2585364.916776,0,0,0,1.695300285436,-0.5747788707179,33069863.86252,31276832.1249266,164360808.8798,0.00598092700228,0,0,0,5.069538431573,7.494636891737e-82,0,-1.007102383706,-0.5756491810631,-14.70482738806,-2.751097732924,1.350196670565,-13.34365183856,14597.72262397,-2777.854252607,0,0,259531.300,2296,320,0,349195.6717179
349400,27903383.61694,9510385.44512,2585664.043828,0,0,0,1.695295094481,-0.5747414028366,33069586.06913,31276554.331718,164359349.0666,0.005980927001666,0,0,0,5.069538431573,7.49299630124e-82,0,-1.007075408613,-0.5756118242013,-14.70430358694,-2.751176614572,1.350191230173,-13.34320979788,14598.54072727,-2778.009932488,0,0,259531.400,2296,320,0,349295.6726445
349500,27903360.09336,9510373.375448,2585963.170481,0,0,0,1.69528989381,-0.5747039334957,33069308.26017,31276276.5229409,164357889.1717,0.005980927001051,0,0,0,5.069538431573,7.491355970268e-82,0,-1.007048438407,-0.5755744656999,-14.70377976282,-2.751255513033,1.350185789877,-13.34276772676,14599.35875226,-2778.165597469,0,0,259531.500,2296,320,0,349395.6735712
349600,27903336.5668,9510361.305161,2586262.296738,0,0,0,1.695284683424,-0.5746664626954,33069030.43564,31275998.6985964,164356429.1949,0.005980927000437,0,0,0,5.069538431573,7.489715898869e-82,0,-1.007021469777,-0.575537106074,-14.70325592294,-2.75133442955,1.350180349678,-13.34232563243,14600.17681641,-2778.3212699,0,0,259531.600,2296,320,0,349495.6744979
349700,27903313.03726,9510349.234261,2586561.422596,0,0,0,1.69527946332,-0.5746289904358,33068752.59554,31275720.8586852,164354969.1363,0.005980926999822,0,0,0,5.069538431573,7.488076087079e-82,0,-1.006994503341,-0.5754997447593,-14.70273205938,-2.751413338837,1.350174909575,-13.34188350697,14600.99486098,-2778.476938605,0,0,259531.700,2296,320,0,349595.6754247
349800,27903289.50473,9510337.162747,2586860.548057,0,0,0,1.695274233498,-0.5745915167171,33068474.73988,31275443.0032083,164353508.9959,0.005980926999207,0,0,0,5.069538431573,7.486436534949e-82,0,-1.006967539918,-0.5754623818434,-14.70220817337,-2.751492231171,1.350169469569,-13.34144135161,14601.81278809,-2778.632584959,0,0,259531.800,2296,320,0,349695.6763515
349900,27903265.96922,9510325.090618,2587159.67312,0,0,0,1.695268993956,-0.5745540415393,33068196.86865,31275165.1321665,164352048.7737,0.005980926998593,0,0,0,5.069538431573,7.484797242524e-82,0,-1.006940578819,-0.5754250174791,-14.70168426705,-2.751571103145,1.35016402966,-13.34099916849,14602.63072499,-2778.788233176,0,0,259531.900,2296,320,0,349795.6772784
350000,27903242.43072,9510313.017876,2587458.797785,0,0,0,1.695263744693,-0.5745165649025,33067918.98186,31274887.2455607,164350588.4698,0.005980926997978,0,0,0,5.069538431573,7.483158209848e-82,0,-1.006913618913,-0.5753876518829,-14.70116034346,-2.751650000322,1.350158589847,-13.34055696064,14603.44862273,-2778.943873942,0,0,259532.000,2296,320,0,349895.6782053
350100,27903218.88924,9510300.944519,2587757.922052,0,0,0,1.695258485709,-0.574479086807,33067641.07951,31274609.3433918,164349128.084,0.005980926997364,0,0,0,5.069538431573,7.481519436966e-82,0,-1.00688666437,-0.5753502846069,-14.70063639631,-2.751728913823,1.350153150132,-13.34011472178,14604.26643238,-2779.099497944,0,0,259532.100,2296,320,0,349995.6791323
350200,27903195.34478,9510288.870549,2588057.045922,0,0,0,1.695253217001,-0.5744416072527,33067363.1616,31274331.4256606,164347667.6165,0.005980926996749,0,0,0,5.069538431573,7.479880923924e-82,0,-1.006859710969,-0.5753129158919,-14.70011242899,-2.751807813012,1.350147710513,-13.33967245529,14605.08421267,-2779.255116358,0,0,259532.200,2296,320,0,350095.6800594
350300,27903171.79733,9510276.795965,2588356.169393,0,0,0,1.695247938569,-0.5744041262399,33067085.22812,31274053.4923681,164346207.0672,0.005980926996135,0,0,0,5.069538431573,7.478242670763e-82,0,-1.006832760399,-0.5752755458369,-14.69958844287,-2.751886695946,1.350142270991,-13.33923016255,14605.90192444,-2779.410721734,0,0,259532.300,2296,320,0,350195.6809864
350400,27903148.24689,9510264.720767,2588655.292466,0,0,0,1.695242650412,-0.5743666437686,33066807.27908,31273775.5435151,164344746.4361,0.00598092699552,0,0,0,5.069538431573,7.476604677529e-82,0,-1.006805812177,-0.5752381741624,-14.69906443405,-2.751965547578,1.350136831566,-13.33878783964,14606.71971451,-2779.566342011,0,0,259532.400,2296,320,0,350295.6819136
350500,27903124.69348,9510252.644956,2588954.415142,0,0,0,1.695237352528,-0.574329159839,33066529.31449,31273497.5791025,164343285.7232,0.005980926994906,0,0,0,5.069538431573,7.474966944269e-82,0,-1.006778865394,-0.5752008012965,-14.69854040853,-2.752044425712,1.350131392238,-13.33834549257,14607.53733819,-2779.721930623,0,0,259532.500,2296,320,0,350395.6828408
350600,27903101.13707,9510240.56853,2589253.537419,0,0,0,1.695232044916,-0.5742916744512,33066251.33433,31273219.5991312,164341824.9286,0.005980926994291,0,0,0,5.069538431573,7.473329471026e-82,0,-1.006751923995,-0.5751634267671,-14.69801635968,-2.752123330971,1.350125953008,-13.33790311471,14608.35486398,-2779.877500609,0,0,259532.600,2296,320,0,350495.683768
350700,27903077.57768,9510228.491491,2589552.659298,0,0,0,1.695226727576,-0.5742541876053,33065973.33862,31272941.6036021,164340364.0523,0.005980926993676,0,0,0,5.069538431573,7.471692257843e-82,0,-1.006724983553,-0.5751260506366,-14.69749228838,-2.752202220234,1.350120513874,-13.33746070693,14609.17245829,-2780.033083633,0,0,259532.700,2296,320,0,350595.6846953
350800,27903054.01531,9510216.413839,2589851.780778,0,0,0,1.695221400506,-0.5742166993014,33065695.32735,31272663.5925161,164338903.0941,0.005980926993062,0,0,0,5.069538431573,7.470055304766e-82,0,-1.00669804597,-0.5750886733167,-14.6969682004,-2.752281100232,1.350115074838,-13.33701827501,14609.98995472,-2780.18864803,0,0,259532.800,2296,320,0,350695.6856226
350900,27903030.44996,9510204.335573,2590150.901861,0,0,0,1.695216063705,-0.5741792095397,33065417.30052,31272385.565874,164337442.0543,0.005980926992447,0,0,0,5.069538431573,7.46841861184e-82,0,-1.006671110769,-0.5750512942563,-14.69644408802,-2.752359952461,1.350109635899,-13.33657581122,14610.80742178,-2780.34420684,0,0,259532.900,2296,320,0,350795.68655
351000,27903006.88161,9510192.256693,2590450.022545,0,0,0,1.695210717171,-0.5741417183202,33065139.25814,31272107.5236766,164335980.9327,0.005980926991833,0,0,0,5.069538431573,7.466782179109e-82,0,-1.006644178735,-0.5750139141189,-14.69591996053,-2.752438820182,1.350104197058,-13.33613332485,14611.62474202,-2780.49973771,0,0,259533.000,2296,320,0,350895.6874775
351100,27902983.31029,9510180.1772,2590749.142831,0,0,0,1.695205360904,-0.5741042256431,33064861.2002,31271829.4659251,164334519.7293,0.005980926991218,0,0,0,5.069538431573,7.465146006612e-82,0,-1.006617247295,-0.5749765322953,-14.6953958094,-2.752517713606,1.350098758314,-13.33569080738,14612.44213077,-2780.655281618,0,0,259533.100,2296,320,0,350995.688405
351200,27902959.73598,9510168.097093,2591048.262718,0,0,0,1.695199994903,-0.5740667315085,33064583.12671,31271551.39262,164333058.4442,0.005980926990604,0,0,0,5.069538431573,7.463510094402e-82,0,-1.006590321426,-0.5749391489379,-14.69487163677,-2.752596592485,1.350093319667,-13.33524826092,14613.25942165,-2780.8108069,0,0,259533.200,2296,320,0,351095.6893325
351300,27902936.15868,9510156.016373,2591347.382207,0,0,0,1.695194619166,-0.5740292359166,33064305.03767,31271273.3037625,164331597.0774,0.005980926989989,0,0,0,5.069538431573,7.461874442518e-82,0,-1.006563396381,-0.5749017642098,-14.69434744492,-2.752675422614,1.350087881118,-13.33480568776,14614.0767321,-2780.966335908,0,0,259533.300,2296,320,0,351195.6902601
351400,27902912.5784,9510143.93504,2591646.501297,0,0,0,1.695189233692,-0.5739917388674,33064026.93308,31270995.1993533,164330135.6289,0.005980926989375,0,0,0,5.069538431573,7.460239051004e-82,0,-1.006536474519,-0.5748643780448,-14.69382323292,-2.752754286731,1.350082442667,-13.33436308699,14614.89389572,-2781.121836975,0,0,259533.400,2296,320,0,351295.6911878
351500,27902888.99514,9510131.853093,2591945.619989,0,0,0,1.69518383848,-0.573954240361,33063748.81293,31270717.0793933,164328674.0986,0.00598092698876,0,0,0,5.069538431573,7.458603919902e-82,0,-1.00650955493,-0.5748269901884,-14.6932989972,-2.752833144183,1.350077004313,-13.33392045502,14615.71103977,-2781.277334318,0,0,259533.500,2296,320,0,351395.6921155
351600,27902865.40889,9510119.770534,2592244.738283,0,0,0,1.695178433529,-0.5739167403977,33063470.67724,31270438.9438834,164327212.4867,0.005980926988145,0,0,0,5.069538431573,7.456969049264e-82,0,-1.006482637972,-0.5747896010786,-14.69277474391,-2.752912043705,1.350071566057,-13.33347779799,14616.52829149,-2781.432852149,0,0,259533.600,2296,320,0,351495.6930433
351700,27902841.81966,9510107.687361,2592543.856177,0,0,0,1.695173018838,-0.5738792389775,33063192.526,31270160.7928245,164325750.793,0.005980926987531,0,0,0,5.069538431573,7.455334439125e-82,0,-1.006455722346,-0.5747522107066,-14.69225047292,-2.75299090514,1.350066127899,-13.33303511578,14617.34534745,-2781.588332728,0,0,259533.700,2296,320,0,351595.6939711
351800,27902818.22744,9510095.603574,2592842.973673,0,0,0,1.695167594405,-0.5738417361004,33062914.35921,31269882.6262175,164324289.0176,0.005980926986916,0,0,0,5.069538431573,7.453700089532e-82,0,-1.006428811769,-0.5747148184477,-14.69172617548,-2.753069734386,1.350060689839,-13.33259239964,14618.16234467,-2781.74380213,0,0,259533.800,2296,320,0,351695.6948989
351900,27902794.63224,9510083.519175,2593142.09077,0,0,0,1.69516216023,-0.5738042317668,33062636.17687,31269604.4440633,164322827.1605,0.005980926986302,0,0,0,5.069538431573,7.452066000531e-82,0,-1.006401902521,-0.5746774248792,-14.69120185967,-2.753148588841,1.350055251877,-13.33214965765,14618.97935168,-2781.899273396,0,0,259533.900,2296,320,0,351795.6958269
352000,27902771.03405,9510071.434163,2593441.207469,0,0,0,1.695156716311,-0.5737667259766,33062357.97898,31269326.2463626,164321365.2217,0.005980926985687,0,0,0,5.069538431573,7.450432172164e-82,0,-1.006374995944,-0.5746400299033,-14.69067752413,-2.753227436003,1.350049814013,-13.33170688843,14619.79629018,-2782.054731622,0,0,259534.000,2296,320,0,351895.6967548
352100,27902747.43288,9510059.348537,2593740.323769,0,0,0,1.695151262647,-0.57372921873,33062079.76555,31269048.0331166,164319903.2013,0.005980926985073,0,0,0,5.069538431573,7.448798604474e-82,0,-1.006348091891,-0.5746026333742,-14.69015316681,-2.753306299968,1.350044376247,-13.33126408995,14620.61322868,-2782.210189849,0,0,259534.100,2296,320,0,351995.6976829
352200,27902723.82872,9510047.262299,2594039.439669,0,0,0,1.695145799238,-0.5736917100271,33061801.53658,31268769.8043259,164318441.0991,0.005980926984458,0,0,0,5.069538431573,7.447165297506e-82,0,-1.006321189099,-0.5745652354758,-14.68962879029,-2.753385157198,1.350038938579,-13.33082126478,14621.43010844,-2782.3656369,0,0,259534.200,2296,320,0,352095.6986109
352300,27902700.22158,9510035.175447,2594338.555171,0,0,0,1.695140326081,-0.573654199868,33061523.29206,31268491.5599914,164316978.9153,0.005980926983844,0,0,0,5.069538431573,7.445532251302e-82,0,-1.006294291831,-0.5745278360186,-14.68910439191,-2.753463976591,1.350033501009,-13.33037841027,14622.24689033,-2782.521065325,0,0,259534.300,2296,320,0,352195.699539
352400,27902676.61146,9510023.087983,2594637.670274,0,0,0,1.695134843175,-0.5736166882528,33061245.032,31268213.3001142,164315516.6497,0.005980926983229,0,0,0,5.069538431573,7.443899465907e-82,0,-1.006267395592,-0.5744904351472,-14.6885799737,-2.753542821321,1.350028063537,-13.32993552843,14623.06366242,-2782.676491886,0,0,259534.400,2296,320,0,352295.7004672
352500,27902652.99835,9510010.999906,2594936.784978,0,0,0,1.695129350521,-0.5735791751818,33060966.75639,31267935.024695,164314054.3025,0.005980926982615,0,0,0,5.069538431573,7.442266941364e-82,0,-1.006240501923,-0.5744530329036,-14.68805553625,-2.753621665938,1.350022626164,-13.32949261985,14623.88035621,-2782.831903547,0,0,259534.500,2296,320,0,352395.7013954
352600,27902629.38225,9509998.911216,2595235.899283,0,0,0,1.695123848115,-0.5735416606549,33060688.46525,31267656.7337348,164312591.8737,0.005980926982,0,0,0,5.069538431573,7.440634677715e-82,0,-1.006213611029,-0.5744156291397,-14.68753107749,-2.753700530572,1.350017188889,-13.32904968246,14624.69697169,-2782.987300307,0,0,259534.600,2296,320,0,352495.7023237
352700,27902605.76317,9509986.821914,2595535.013189,0,0,0,1.695118335958,-0.5735041446723,33060410.15856,31267378.4272343,164311129.3631,0.005980926981385,0,0,0,5.069538431573,7.439002675003e-82,0,-1.006186722726,-0.5743782237584,-14.68700659605,-2.753779377826,1.350011751713,-13.3286067149,14625.51361654,-2783.142702654,0,0,259534.700,2296,320,0,352595.7032521
352800,27902582.14111,9509974.731998,2595834.126696,0,0,0,1.695112814048,-0.5734666272342,33060131.83634,31267100.1051946,164309666.7709,0.005980926980771,0,0,0,5.069538431573,7.437370933278e-82,0,-1.006159835638,-0.5743408172103,-14.68648209825,-2.753858187716,1.350006314635,-13.32816372348,14626.33019287,-2783.298091963,0,0,259534.800,2296,320,0,352695.7041804
352900,27902558.51606,9509962.64147,2596133.239803,0,0,0,1.695107282384,-0.5734291083406,33059853.49858,31266821.7676165,164308204.0971,0.005980926980156,0,0,0,5.069538431573,7.435739452575e-82,0,-1.006132953599,-0.574303408854,-14.68595757509,-2.753937010966,1.350000877655,-13.3277206992,14627.14669089,-2783.453466371,0,0,259534.900,2296,320,0,352795.7051089
353000,27902534.88803,9509950.550329,2596432.352512,0,0,0,1.695101740965,-0.5733915879916,33059575.14528,31266543.4145008,164306741.3416,0.005980926979542,0,0,0,5.069538431573,7.434108232939e-82,0,-1.006106072899,-0.5742659993894,-14.68543303639,-2.754015860717,1.349995440774,-13.32727765187,14627.96316934,-2783.608837053,0,0,259535.000,2296,320,0,352895.7060374
353100,27902511.25701,9509938.458576,2596731.464821,0,0,0,1.695096189789,-0.5733540661875,33059296.77644,31266265.0458484,164305278.5045,0.005980926978927,0,0,0,5.069538431573,7.432477274415e-82,0,-1.006079194713,-0.5742285881577,-14.68490847292,-2.754094691039,1.349990003992,-13.32683457227,14628.77956948,-2783.764192834,0,0,259535.100,2296,320,0,352995.7069659
353200,27902487.62301,9509926.36621,2597030.57673,0,0,0,1.695090628856,-0.5733165429282,33059018.39207,31265986.6616603,164303815.5857,0.005980926978313,0,0,0,5.069538431573,7.430846577047e-82,0,-1.006052319463,-0.5741911755527,-14.68438389019,-2.754173528996,1.349984567309,-13.3263914659,14629.59596962,-2783.919548616,0,0,259535.200,2296,320,0,353095.7078945
353300,27902463.98602,9509914.273232,2597329.688241,0,0,0,1.695085058164,-0.573279018214,33058739.99216,31265708.2619374,164302352.5853,0.005980926977698,0,0,0,5.069538431573,7.429216140878e-82,0,-1.006025446566,-0.5741537617369,-14.68385929048,-2.754252344557,1.349979130724,-13.32594833505,14630.41235998,-2784.074902534,0,0,259535.300,2296,320,0,353195.7088231
353400,27902440.34605,9509902.179641,2597628.799352,0,0,0,1.695079477712,-0.5732414920449,33058461.57672,31265429.8466804,164300889.5032,0.005980926977084,0,0,0,5.069538431573,7.427585965947e-82,0,-1.00599857479,-0.5741163462427,-14.68333466724,-2.754331160421,1.349973694239,-13.32550517316,14631.22866223,-2784.230239689,0,0,259535.400,2296,320,0,353295.7097518
353500,27902416.70309,9509890.085438,2597927.910063,0,0,0,1.695073887499,-0.5732039644211,33058183.14575,31265151.4158903,164299426.3395,0.005980926976469,0,0,0,5.069538431573,7.425956052298e-82,0,-1.005971708292,-0.5740789291725,-14.6828100219,-2.754410001457,1.349968257852,-13.32506198165,14632.0448764,-2784.38556008,0,0,259535.500,2296,320,0,353395.7106806
353600,27902393.05715,9509877.990623,2598227.020375,0,0,0,1.695068287524,-0.5731664353427,33057904.69924,31264872.9695679,164297963.0942,0.005980926975854,0,0,0,5.069538431573,7.424326399977e-82,0,-1.005944843121,-0.5740415107581,-14.68228535771,-2.75448882047,1.349962821564,-13.32461876379,14632.86108077,-2784.540878609,0,0,259535.600,2296,320,0,353495.7116094
353700,27902369.40823,9509865.895195,2598526.130287,0,0,0,1.695062677786,-0.5731289048098,33057626.2372,31264594.5077142,164296499.7673,0.00598092697524,0,0,0,5.069538431573,7.422697009026e-82,0,-1.005917980886,-0.5740040910143,-14.68176067489,-2.754567647706,1.349957385376,-13.32417551977,14633.67719706,-2784.696180373,0,0,259535.700,2296,320,0,353595.7125382
353800,27902345.75632,9509853.799155,2598825.2398,0,0,0,1.695057058283,-0.5730913728225,33057347.75963,31264316.0303301,164295036.3588,0.005980926974625,0,0,0,5.069538431573,7.421067879487e-82,0,-1.005891120906,-0.5739666696574,-14.68123596944,-2.754646426433,1.349951949286,-13.32373224562,14634.49341122,-2784.851500764,0,0,259535.800,2296,320,0,353695.7134671
353900,27902322.10142,9509841.702503,2599124.348913,0,0,0,1.695051429015,-0.5730538393809,33057069.26654,31264037.5374164,164293572.8686,0.005980926974011,0,0,0,5.069538431573,7.419439011398e-82,0,-1.005864261954,-0.5739292467979,-14.68071124293,-2.754725239539,1.349946513296,-13.32328894288,14635.30946877,-2785.006791353,0,0,259535.900,2296,320,0,353795.7143961
354000,27902298.44354,9509829.605238,2599423.457627,0,0,0,1.695045789979,-0.5730163044852,33056790.75791,31263759.0289739,164292109.2969,0.005980926973396,0,0,0,5.069538431573,7.417810404813e-82,0,-1.005837408716,-0.5738918226273,-14.68018649803,-2.754804069895,1.349941077405,-13.32284561424,14636.12547738,-2785.162072629,0,0,259536.000,2296,336,0,353895.7153251
354100,27902274.78268,9509817.507362,2599722.565941,0,0,0,1.695040141176,-0.5729787681355,33056512.23375,31263480.5050037,164290645.6436,0.005980926972782,0,0,0,5.069538431573,7.416182059763e-82,0,-1.005810556644,-0.5738543968772,-14.67966173099,-2.754882879265,1.349935641613,-13.32240225593,14636.94144684,-2785.317346454,0,0,259536.100,2296,336,0,353995.7162541
354200,27902251.11883,9509805.408873,2600021.673855,0,0,0,1.695034482604,-0.5729412303319,33056233.69407,31263201.9655065,164289181.9086,0.005980926972167,0,0,0,5.069538431573,7.414553976297e-82,0,-1.005783707133,-0.5738169697855,-14.67913694513,-2.754961706448,1.34993020592,-13.32195887128,14637.75735757,-2785.472609103,0,0,259536.200,2296,336,0,354095.7171832
354300,27902227.45199,9509793.309772,2600320.781369,0,0,0,1.695028814261,-0.5729036910745,33055955.13887,31262923.4104832,164287718.0921,0.005980926971553,0,0,0,5.069538431573,7.412926154456e-82,0,-1.005756860158,-0.5737795411718,-14.67861213794,-2.755040485421,1.349924770327,-13.32151545777,14638.57323893,-2785.627866164,0,0,259536.300,2296,336,0,354195.7181124
354400,27902203.78218,9509781.210059,2600619.888483,0,0,0,1.695023136147,-0.5728661503635,33055676.56813,31262644.8399349,164286254.194,0.005980926970938,0,0,0,5.069538431573,7.411298594281e-82,0,-1.005730015868,-0.5737421110094,-14.67808730902,-2.755119288753,1.349919334834,-13.32107201502,14639.38904199,-2785.783108324,0,0,259536.400,2296,336,0,354295.7190416
354500,27902180.10937,9509769.109735,2600918.995197,0,0,0,1.695017448261,-0.5728286081989,33055397.98188,31262366.2538622,164284790.2143,0.005980926970323,0,0,0,5.069538431573,7.409671295815e-82,0,-1.005703172582,-0.5737046794864,-14.67756246103,-2.755198107936,1.34991389944,-13.32062854567,14640.20480589,-2785.938343033,0,0,259536.500,2296,336,0,354395.7199709
354600,27902156.43358,9509757.008798,2601218.101512,0,0,0,1.6950117506,-0.5727910645809,33055119.3801,31262087.6522661,164283326.153,0.005980926969709,0,0,0,5.069538431573,7.408044259104e-82,0,-1.005676335046,-0.5736672464194,-14.67703759139,-2.755276896802,1.349908464145,-13.32018504713,14641.02051106,-2786.093566567,0,0,259536.600,2296,336,0,354495.7209002
354700,27902132.75481,9509744.90725,2601517.207426,0,0,0,1.695006043165,-0.5727535195096,33054840.76279,31261809.0351475,164281862.0102,0.005980926969094,0,0,0,5.069538431573,7.406417484185e-82,0,-1.005649498111,-0.573629811968,-14.67651270234,-2.755355704019,1.349903028951,-13.31974152166,14641.83623582,-2786.248793826,0,0,259536.700,2296,336,0,354595.7218295
354800,27902109.07305,9509732.805089,2601816.31294,0,0,0,1.695000325954,-0.5727159729851,33054562.12997,31261530.4025073,164280397.7858,0.00598092696848,0,0,0,5.069538431573,7.404790971101e-82,0,-1.005622664059,-0.5735923759595,-14.67598779146,-2.755434472844,1.349897593856,-13.31929796681,14642.65187247,-2786.404004321,0,0,259536.800,2296,336,0,354695.722759
354900,27902085.38831,9509720.702317,2602115.418055,0,0,0,1.694994598965,-0.5726784250075,33054283.48162,31261251.7543464,164278933.4798,0.005980926967865,0,0,0,5.069538431573,7.403164719896e-82,0,-1.005595832738,-0.5735549385866,-14.67546286145,-2.755513289059,1.349892158861,-13.31885438531,14643.46749934,-2786.559212953,0,0,259536.900,2296,336,0,354795.7236884
355000,27902061.70058,9509708.598934,2602414.522769,0,0,0,1.694988862198,-0.572640875577,33054004.81776,31260973.0906656,164277469.0923,0.005980926967251,0,0,0,5.069538431573,7.401538730615e-82,0,-1.005569002605,-0.5735174998127,-14.67493791179,-2.755592085132,1.349886723965,-13.31841077662,14644.28302833,-2786.714402959,0,0,259537.000,2296,336,0,354895.724618
355100,27902038.00987,9509696.494938,2602713.627083,0,0,0,1.694983115652,-0.5726033246937,33053726.13837,31260694.4114658,164276004.6232,0.005980926966636,0,0,0,5.069538431573,7.399913003292e-82,0,-1.00554217748,-0.5734800593468,-14.67441293841,-2.75567087341,1.34988128917,-13.31796713667,14645.09852795,-2786.869587377,0,0,259537.100,2296,336,0,354995.7255475
355200,27902014.31617,9509684.390331,2603012.730996,0,0,0,1.694977359325,-0.5725657723577,33053447.44347,31260415.7167479,164274540.0726,0.005980926966022,0,0,0,5.069538431573,7.398287537976e-82,0,-1.005515353628,-0.5734426175949,-14.67388794699,-2.755749671631,1.349875854475,-13.31752347115,14645.9139982,-2787.024766207,0,0,259537.200,2296,336,0,355095.7264772
355300,27901990.61949,9509672.285112,2603311.83451,0,0,0,1.694971593215,-0.5725282185691,33053168.73305,31260137.0065128,164273075.4404,0.005980926965407,0,0,0,5.069538431573,7.396662334706e-82,0,-1.005488532712,-0.5734051744651,-14.67336293626,-2.755828429754,1.349870419879,-13.31707977877,14646.72940973,-2787.179933861,0,0,259537.300,2296,336,0,355195.7274068
355400,27901966.91983,9509660.179282,2603610.937623,0,0,0,1.694965817323,-0.572490663328,33052890.00712,31259858.2807615,164271610.7267,0.005980926964793,0,0,0,5.069538431573,7.395037393525e-82,0,-1.005461714351,-0.5733677298393,-14.67283790455,-2.755907225623,1.349864985384,-13.31663605788,14647.5447821,-2787.335094064,0,0,259537.400,2296,336,0,355295.7283366
355500,27901943.21717,9509648.07284,2603910.040335,0,0,0,1.694960031647,-0.5724531066346,33052611.26567,31259579.5394946,164270145.9314,0.005980926964178,0,0,0,5.069538431573,7.393412714475e-82,0,-1.005434898363,-0.5733302837229,-14.67231285193,-2.755985999703,1.349859550989,-13.31619230853,14648.36012511,-2787.49024868,0,0,259537.500,2296,336,0,355395.7292663
355600,27901919.51154,9509635.965787,2604209.142647,0,0,0,1.694954236185,-0.572415548489,33052332.5087,31259300.7827132,164268681.0547,0.005980926963563,0,0,0,5.069538431573,7.391788297596e-82,0,-1.005408083678,-0.5732928362284,-14.67178778,-2.756064779178,1.349854116694,-13.31574853232,14649.17538981,-2787.645388395,0,0,259537.600,2296,336,0,355495.7301962
355700,27901895.80292,9509623.858122,2604508.244559,0,0,0,1.694948430937,-0.5723779888913,33052053.73622,31259022.0104182,164267216.0964,0.005980926962949,0,0,0,5.069538431573,7.39016414293e-82,0,-1.005381274421,-0.5732553871084,-14.67126268527,-2.756143567247,1.3498486825,-13.31530472577,14649.99064473,-2787.800526246,0,0,259537.700,2296,336,0,355595.7311261
355800,27901872.09131,9509611.749846,2604807.34607,0,0,0,1.694942615901,-0.5723404278415,33051774.94823,31258743.2226104,164265751.0566,0.005980926962334,0,0,0,5.069538431573,7.388540250521e-82,0,-1.005354466147,-0.5732179364566,-14.67073756907,-2.756222333036,1.349843248406,-13.31486089019,14650.80580176,-2787.955645472,0,0,259537.800,2296,336,0,355695.732056
355900,27901848.37672,9509599.640959,2605106.447181,0,0,0,1.694936791076,-0.5723028653399,33051496.14472,31258464.4192906,164264285.9352,0.00598092696172,0,0,0,5.069538431573,7.386916620407e-82,0,-1.005327660679,-0.5731804845585,-14.67021243539,-2.756301122456,1.349837814412,-13.31441702959,14651.620949,-2788.110762835,0,0,259537.900,2296,336,0,355795.732986
356000,27901824.65915,9509587.53146,2605405.547891,0,0,0,1.694930956461,-0.5722653013866,33051217.32571,31258185.6004599,164262820.7324,0.005980926961105,0,0,0,5.069538431573,7.385293252634e-82,0,-1.005300857702,-0.5731430310326,-14.66968727888,-2.756379886883,1.349832380519,-13.3139731386,14652.43601794,-2788.265865296,0,0,259538.000,2296,336,0,355895.733916
356100,27901800.93859,9509575.421351,2605704.6482,0,0,0,1.694925112055,-0.5722277359816,33050938.49118,31257906.7661191,164261355.448,0.005980926960491,0,0,0,5.069538431573,7.38367014724e-82,0,-1.005274057533,-0.573105576146,-14.6691621033,-2.756458656027,1.349826946726,-13.31352922099,14653.25102814,-2788.420956582,0,0,259538.100,2296,336,0,355995.7348461
356200,27901777.21504,9509563.310629,2606003.748109,0,0,0,1.694919257856,-0.5721901691252,33050659.64115,31257627.916269,164259890.0822,0.005980926959876,0,0,0,5.069538431573,7.382047304268e-82,0,-1.00524725827,-0.5730681197146,-14.66863690606,-2.756537433639,1.349821513034,-13.31308527416,14654.0659992,-2788.576040417,0,0,259538.200,2296,336,0,356095.7357763
356300,27901753.48851,9509551.199297,2606302.847617,0,0,0,1.694913393864,-0.5721526008173,33050380.77561,31257349.0509105,164258424.6348,0.005980926959262,0,0,0,5.069538431573,7.380424723761e-82,0,-1.005220464727,-0.5730306620539,-14.66811169158,-2.756616160595,1.349816079442,-13.31264130254,14654.88091152,-2788.731113076,0,0,259538.300,2296,336,0,356195.7367065
356400,27901729.759,9509539.087354,2606601.946724,0,0,0,1.694907520077,-0.5721150310582,33050101.89456,31257070.1700446,164256959.106,0.005980926958647,0,0,0,5.069538431573,7.378802405756e-82,0,-1.005193671864,-0.5729932028421,-14.66758645535,-2.756694946536,1.349810645952,-13.31219730161,14655.69585321,-2788.886191323,0,0,259538.400,2296,336,0,356295.7376367
356500,27901706.0265,9509526.9748,2606901.04543,0,0,0,1.694901636495,-0.5720774598479,33049822.998,31256791.2736721,164255493.4957,0.005980926958032,0,0,0,5.069538431573,7.377180350297e-82,0,-1.005166881984,-0.5729557419338,-14.66706119533,-2.756773701075,1.349805212562,-13.31175326933,14656.51065787,-2789.041243494,0,0,259538.500,2296,336,0,356395.738567
356600,27901682.29101,9509514.861634,2607200.143736,0,0,0,1.694895743115,-0.5720398871866,33049544.08594,31256512.3617939,164254027.8038,0.005980926957418,0,0,0,5.069538431573,7.375558557424e-82,0,-1.005140094708,-0.5729182797779,-14.66653591782,-2.756852460924,1.349799779273,-13.311309212,14657.32550167,-2789.196303114,0,0,259538.600,2296,336,0,356495.7394973
356700,27901658.55254,9509502.747858,2607499.24164,0,0,0,1.694889839937,-0.5720023130744,33049265.15837,31256233.4344109,164252562.0305,0.005980926956803,0,0,0,5.069538431573,7.37393702718e-82,0,-1.005113308115,-0.572880816102,-14.66601061899,-2.75693123872,1.349794346085,-13.31086512579,14658.14029654,-2789.351353422,0,0,259538.700,2296,336,0,356595.7404278
356800,27901634.81109,9509490.633471,2607798.339144,0,0,0,1.69488392696,-0.5719647375113,33048986.2153,31255954.4915239,164251096.1758,0.005980926956189,0,0,0,5.069538431573,7.372315759606e-82,0,-1.005086527276,-0.5728433510377,-14.6654853007,-2.757009967374,1.349788912998,-13.31042101254,14658.95499352,-2789.506385103,0,0,259538.800,2296,336,0,356695.7413582
356900,27901611.06665,9509478.518472,2608097.436246,0,0,0,1.694878004182,-0.5719271604976,33048707.25673,31255675.533134,164249630.2395,0.005980926955574,0,0,0,5.069538431573,7.370694754743e-82,0,-1.0050597477,-0.5728058845983,-14.66495996313,-2.757088743104,1.349783480011,-13.30997687245,14659.76971008,-2789.661420509,0,0,259538.900,2296,336,0,356795.7422887
357000,27901587.31922,9509466.402863,2608396.532948,0,0,0,1.694872071602,-0.5718895820334,33048428.28265,31255396.5592418,164248164.2219,0.00598092695496,0,0,0,5.069538431573,7.369074012627e-82,0,-1.005032970524,-0.5727684164147,-14.66443460111,-2.757167487066,1.349778047126,-13.30953270034,14660.58423087,-2789.816418663,0,0,259539.000,2296,336,0,356895.7432193
357100,27901563.56881,9509454.286644,2608695.629248,0,0,0,1.69486612922,-0.5718520021187,33048149.29307,31255117.5698484,164246698.1227,0.005980926954345,0,0,0,5.069538431573,7.367453533307e-82,0,-1.005006196035,-0.5727309470054,-14.66390922189,-2.757246224132,1.349772614343,-13.30908850346,14661.39884955,-2789.971435443,0,0,259539.100,2296,336,0,356995.7441499
357200,27901539.81542,9509442.169813,2608994.725147,0,0,0,1.694860177033,-0.5718144207537,33047870.28799,31254838.5649546,164245231.9421,0.005980926953731,0,0,0,5.069538431573,7.365833316817e-82,0,-1.00497942413,-0.5726934759832,-14.66338382006,-2.757324982033,1.34976718166,-13.3086442764,14662.21338992,-2790.126437321,0,0,259539.200,2296,336,0,357095.7450805
357300,27901516.05904,9509430.052372,2609293.820645,0,0,0,1.694854215041,-0.5717768379385,33047591.26742,31254559.5445613,164243765.68,0.005980926953116,0,0,0,5.069538431573,7.364213363205e-82,0,-1.004952653378,-0.5726560036805,-14.66285840028,-2.757403722332,1.349761749079,-13.30820002382,14663.02791071,-2790.281435475,0,0,259539.300,2296,336,0,357195.7460112
357400,27901492.29968,9509417.93432,2609592.915742,0,0,0,1.694848243243,-0.5717392536733,33047312.23134,31254280.5086694,164242299.3365,0.005980926952502,0,0,0,5.069538431573,7.362593672505e-82,0,-1.004925888062,-0.5726185297499,-14.66233295767,-2.75748246581,1.349756316599,-13.30775574083,14663.84233363,-2790.436415002,0,0,259539.400,2296,336,0,357295.746942
357500,27901468.53733,9509405.815658,2609892.010437,0,0,0,1.694842261637,-0.571701667958,33047033.17977,31254001.4572798,164240832.9116,0.005980926951887,0,0,0,5.069538431573,7.360974244762e-82,0,-1.004899123761,-0.5725810544335,-14.66180749563,-2.757561210387,1.34975088422,-13.30731143083,14664.65669781,-2790.591383353,0,0,259539.500,2296,336,0,357395.7478728
357600,27901444.77199,9509393.696384,2610191.104731,0,0,0,1.694836270223,-0.571664080793,33046754.1127,31253722.3903933,164239366.4052,0.005980926951272,0,0,0,5.069538431573,7.359355080017e-82,0,-1.00487236237,-0.5725435777802,-14.66128201484,-2.757639949993,1.349745451943,-13.30686709451,14665.47103262,-2790.746346116,0,0,259539.600,2296,336,0,357495.7488037
357700,27901421.00368,9509381.576501,2610490.198624,0,0,0,1.694830268998,-0.5716264921782,33046475.03013,31253443.3080109,164237899.8174,0.005980926950658,0,0,0,5.069538431573,7.357736178307e-82,0,-1.004845603552,-0.5725060996954,-14.66075651398,-2.757718696626,1.349740019767,-13.30642273054,14666.28537723,-2790.901310742,0,0,259539.700,2296,336,0,357595.7497346
357800,27901397.23237,9509369.456007,2610789.292115,0,0,0,1.694824257963,-0.5715889021138,33046195.93207,31253164.2101334,164236433.1481,0.005980926950043,0,0,0,5.069538431573,7.356117539672e-82,0,-1.004818847187,-0.5724686197613,-14.66023098719,-2.757797428203,1.349734587693,-13.30597833306,14667.0995848,-2791.056249291,0,0,259539.800,2296,336,0,357695.7506656
357900,27901373.45808,9509357.334902,2611088.385205,0,0,0,1.694818237115,-0.5715513105999,33045916.81851,31252885.0967617,164234966.3974,0.005980926949429,0,0,0,5.069538431573,7.354499164158e-82,0,-1.004792092019,-0.5724311387353,-14.6597054451,-2.757876148063,1.349729155721,-13.30553391268,14667.91379237,-2791.21118784,0,0,259539.900,2296,336,0,357795.7515966
358000,27901349.68081,9509345.213187,2611387.477893,0,0,0,1.694812206454,-0.5715137176367,33045637.68946,31252605.9678968,164233499.5654,0.005980926948814,0,0,0,5.069538431573,7.352881051803e-82,0,-1.004765342295,-0.5723936561448,-14.65917988106,-2.757954870952,1.34972372385,-13.30508946278,14668.72788248,-2791.366104037,0,0,259540.000,2296,336,0,357895.7525277
358100,27901325.90055,9509333.090862,2611686.57018,0,0,0,1.694806165978,-0.5714761232242,33045358.54492,31252326.8235394,164232032.6519,0.0059809269482,0,0,0,5.069538431573,7.351263202646e-82,0,-1.004738593399,-0.5723561721117,-14.6586542968,-2.758033601076,1.349718292082,-13.30464498507,14669.54200195,-2791.521025822,0,0,259540.100,2296,336,0,357995.7534588
358200,27901302.11731,9509320.967927,2611985.662065,0,0,0,1.694800115686,-0.5714385273626,33045079.38489,31252047.6636905,164230565.6569,0.005980926947585,0,0,0,5.069538431573,7.34964561673e-82,0,-1.00471184769,-0.5723186867198,-14.65812869348,-2.758112337997,1.349712860415,-13.30420048071,14670.35604312,-2791.675932705,0,0,259540.200,2296,336,0,358095.75439
358300,27901278.33108,9509308.844381,2612284.753548,0,0,0,1.694794055577,-0.571400930052,33044800.20936,31251768.488351,164229098.5806,0.005980926946971,0,0,0,5.069538431573,7.34802829409e-82,0,-1.004685104071,-0.5722811995554,-14.65760306531,-2.758191075719,1.34970742885,-13.30375594392,14671.17009408,-2791.830841452,0,0,259540.300,2296,336,0,358195.7553212
358400,27901254.54187,9509296.720225,2612583.844629,0,0,0,1.69478798565,-0.5713633312925,33044521.01835,31251489.2975218,164227631.4229,0.005980926946356,0,0,0,5.069538431573,7.346411234774e-82,0,-1.004658361692,-0.5722437111223,-14.65707741936,-2.758269793386,1.349701997386,-13.30331138174,14671.98408631,-2791.985739022,0,0,259540.400,2296,336,0,358295.7562525
358500,27901230.74967,9509284.595459,2612882.935309,0,0,0,1.694781905904,-0.5713257310843,33044241.81185,31251210.0912036,164226164.1838,0.005980926945742,0,0,0,5.069538431573,7.344794438816e-82,0,-1.004631624794,-0.5722062213766,-14.65655175499,-2.758348506304,1.349696566025,-13.30286679356,14672.79801002,-2792.140623555,0,0,259540.500,2296,336,0,358395.7571838
358600,27901206.95448,9509272.470082,2613182.025587,0,0,0,1.694775816338,-0.5712881294274,33043962.58986,31250930.8693975,164224696.8633,0.005980926945127,0,0,0,5.069538431573,7.34317790626e-82,0,-1.004604889164,-0.5721687300968,-14.65602606912,-2.758427225444,1.349691134766,-13.30242217628,14673.61185542,-2792.295493186,0,0,259540.600,2296,336,0,358495.7581152
358700,27901183.15631,9509260.344096,2613481.115464,0,0,0,1.694769716949,-0.5712505263219,33043683.35238,31250651.6321043,164223229.4614,0.005980926944512,0,0,0,5.069538431573,7.341561637141e-82,0,-1.004578155987,-0.5721312371083,-14.65550035929,-2.758505952487,1.34968570361,-13.30197752745,14674.42569104,-2792.450360954,0,0,259540.700,2296,336,0,358595.7590466
358800,27901159.35516,9509248.2175,2613780.204938,0,0,0,1.694763607738,-0.5712129217681,33043404.09942,31250372.3793249,164221761.9782,0.005980926943898,0,0,0,5.069538431573,7.339945631506e-82,0,-1.0045514253,-0.5720937429567,-14.65497463315,-2.758584650907,1.349680272555,-13.3015328547,14675.23951686,-2792.605226859,0,0,259540.800,2296,336,0,358695.7599781
358900,27901135.55102,9509236.090293,2614079.29401,0,0,0,1.694757488703,-0.571175315766,33043124.83097,31250093.1110602,164220294.4136,0.005980926943283,0,0,0,5.069538431573,7.338329889391e-82,0,-1.004524697491,-0.5720562473597,-14.65444888675,-2.758663363762,1.349674841603,-13.3010881541,14676.05328396,-2792.760081589,0,0,259540.900,2296,336,0,358795.7609097
359000,27901111.7439,9509223.962477,2614378.382681,0,0,0,1.694751359842,-0.5711377083157,33042845.54703,31249813.8273111,164218826.7675,0.005980926942669,0,0,0,5.069538431573,7.336714410837e-82,0,-1.004497970502,-0.5720187500316,-14.65392311607,-2.758742066017,1.349669410753,-13.30064342161,14676.8669336,-2792.914913967,0,0,259541.000,2296,336,0,358895.7618413
359100,27901087.93379,9509211.834051,2614677.470949,0,0,0,1.694745221155,-0.5711000994173,33042566.24762,31249534.5280784,164217359.0402,0.005980926942054,0,0,0,5.069538431573,7.335099195883e-82,0,-1.004471249499,-0.5719812515934,-14.65339732982,-2.758820775224,1.349663980005,-13.30019866596,14677.68057345,-2793.069744483,0,0,259541.100,2296,336,0,358995.7627729
359200,27901064.1207,9509199.705015,2614976.558815,0,0,0,1.694739072641,-0.571062489071,33042286.93272,31249255.2133631,164215891.2314,0.00598092694144,0,0,0,5.069538431573,7.333484244569e-82,0,-1.004444529392,-0.5719437516595,-14.65287152261,-2.758899505471,1.34965854936,-13.29975388173,14678.49415457,-2793.224563822,0,0,259541.200,2296,336,0,359095.7637046
359300,27901040.30462,9509187.575369,2615275.646279,0,0,0,1.694732914298,-0.5710248772769,33042007.60234,31248975.883166,164214423.3413,0.005980926940825,0,0,0,5.069538431573,7.331869556933e-82,0,-1.004417811691,-0.5719062500642,-14.65234569209,-2.758978205933,1.349653118817,-13.2993090666,14679.30776505,-2793.37938875,0,0,259541.300,2296,336,0,359195.7646363
359400,27901016.48555,9509175.445113,2615574.733341,0,0,0,1.694726746124,-0.5709872640351,33041728.25647,31248696.5374881,164212955.3699,0.005980926940211,0,0,0,5.069538431573,7.33025513302e-82,0,-1.00439109655,-0.5718687470614,-14.65181984185,-2.759056908389,1.349647688377,-13.29886422413,14680.12126787,-2793.534193188,0,0,259541.400,2296,336,0,359295.7655681
359500,27900992.6635,9509163.314248,2615873.820001,0,0,0,1.69472056812,-0.5709496493457,33041448.89513,31248417.1763301,164211487.3171,0.005980926939596,0,0,0,5.069538431573,7.328640972864e-82,0,-1.004364383,-0.5718312426329,-14.65129397161,-2.759135600057,1.34964225804,-13.29841935406,14680.93464343,-2793.688973412,0,0,259541.500,2296,336,0,359395.7665
359600,27900968.83847,9509151.182773,2616172.906258,0,0,0,1.694714380284,-0.5709120332089,33041169.51831,31248137.7996931,164210019.183,0.005980926938981,0,0,0,5.069538431573,7.32702707651e-82,0,-1.004337674571,-0.5717937368118,-14.65076808185,-2.759214286406,1.349636827805,-13.29797445685,14681.74804837,-2793.843759224,0,0,259541.600,2296,336,0,359495.7674319
359700,27900945.01045,9509139.050688,2616471.992113,0,0,0,1.694708182613,-0.5708744156247,33040890.12601,31247858.4075778,164208550.9675,0.005980926938367,0,0,0,5.069538431573,7.325413443993e-82,0,-1.004310967236,-0.5717562294988,-14.65024217116,-2.759293016834,1.349631397673,-13.29752953111,14682.5614533,-2793.998545036,0,0,259541.700,2296,336,0,359595.7683638
359800,27900921.17945,9509126.917994,2616771.077566,0,0,0,1.694701975109,-0.5708367965933,33040610.71823,31247578.9999852,164207082.6707,0.005980926937752,0,0,0,5.069538431573,7.323800075353e-82,0,-1.004284262495,-0.5717187207278,-14.64971624004,-2.75937168452,1.349625967644,-13.29708457731,14683.37475056,-2794.153310359,0,0,259541.800,2296,336,0,359695.7692958
359900,27900897.34546,9509114.78469,2617070.162617,0,0,0,1.694695757768,-0.5707991761148,33040331.29498,31247299.5769162,164205614.2925,0.005980926937138,0,0,0,5.069538431573,7.322186970632e-82,0,-1.004257560583,-0.5716812103748,-14.64919028673,-2.759450376909,1.349620537718,-13.29663959371,14684.18798909,-2794.308064505,0,0,259541.900,2296,336,0,359795.7702279
360000,27900873.50848,9509102.650777,2617369.247265,0,0,0,1.694689530591,-0.5707615541893,33040051.85625,31247020.1383716,164204145.8331,0.005980926936523,0,0,0,5.069538431573,7.320574129868e-82,0,-1.00423086097,-0.5716436986913,-14.64866431476,-2.759529076149,1.349615107895,-13.29619458384,14685.00116889,-2794.462807477,0,0,259542.000,2296,336,0,359895.77116
360100,27900849.66852,9509090.516255,2617668.33151,0,0,0,1.694683293575,-0.570723930817,33039772.40205,31246740.6843524,164202677.2923,0.005980926935909,0,0,0,5.069538431573,7.3189615531e-82,0,-1.004204162791,-0.5716061856327,-14.64813832352,-2.759607748173,1.349609678175,-13.29574954707,14685.81436827,-2794.617554173,0,0,259542.100,2296,336,0,359995.7720922
360200,27900825.82558,9509078.381123,2617967.415353,0,0,0,1.69467704672,-0.5706863059979,33039492.93237,31246461.2148594,164201208.6702,0.005980926935294,0,0,0,5.069538431573,7.31734924037e-82,0,-1.004177469631,-0.5715686710237,-14.64761231053,-2.759686479947,1.349604248557,-13.29530448093,14686.62751871,-2794.772291556,0,0,259542.200,2296,336,0,360095.7730244
360300,27900801.97965,9509066.245381,2618266.498793,0,0,0,1.694670790024,-0.5706486797321,33039213.44722,31246181.7298935,164199739.9668,0.00598092693468,0,0,0,5.069538431573,7.315737191714e-82,0,-1.004150778011,-0.5715311550892,-14.64708627896,-2.759765137978,1.349598819044,-13.29485938859,14687.44062999,-2794.927021489,0,0,259542.300,2296,336,0,360195.7739566
360400,27900778.13073,9509054.10903,2618565.581831,0,0,0,1.694664523486,-0.5706110520199,33038933.9466,31245902.2294556,164198271.1821,0.005980926934065,0,0,0,5.069538431573,7.31412540717e-82,0,-1.004124088589,-0.5714936373077,-14.6465602215,-2.759843807284,1.349593389633,-13.29441426273,14688.25365318,-2795.081734657,0,0,259542.400,2296,336,0,360295.7748889
360500,27900754.27883,9509041.97207,2618864.664466,0,0,0,1.694658247106,-0.5705734228613,33038654.43051,31245622.7135466,164196802.3161,0.005980926933451,0,0,0,5.069538431573,7.312513886783e-82,0,-1.004097402046,-0.5714561185621,-14.64603415051,-2.759922479399,1.349587960325,-13.29396911573,14689.06667637,-2795.236447826,0,0,259542.500,2296,336,0,360395.7758213
360600,27900730.42395,9509029.834501,2619163.746698,0,0,0,1.694651960881,-0.5705357922564,33038374.89894,31245343.1821673,164195333.3687,0.005980926932836,0,0,0,5.069538431573,7.310902630585e-82,0,-1.004070718076,-0.5714185981506,-14.64550805617,-2.760001157626,1.349582531121,-13.29352393773,14689.87964083,-2795.391149819,0,0,259542.600,2296,336,0,360495.7767537
360700,27900706.56608,9509017.696323,2619462.828528,0,0,0,1.694645664812,-0.5704981602054,33038095.35191,31245063.6353188,164193864.3401,0.005980926932221,0,0,0,5.069538431573,7.309291638619e-82,0,-1.004044035288,-0.5713810762301,-14.64498194066,-2.760079869009,1.34957710202,-13.29307873095,14690.69253677,-2795.545838773,0,0,259542.700,2296,336,0,360595.7776862
360800,27900682.70522,9509005.557535,2619761.909954,0,0,0,1.694639358895,-0.5704605267083,33037815.78941,31244784.0730017,164192395.2302,0.005980926931607,0,0,0,5.069538431573,7.307680910927e-82,0,-1.004017358026,-0.5713435530023,-14.64445580683,-2.760158516329,1.349571673023,-13.29263349821,14691.50537398,-2795.700516552,0,0,259542.800,2296,336,0,360695.7786187
360900,27900658.84138,9508993.418138,2620060.990978,0,0,0,1.694633043131,-0.5704228917653,33037536.21144,31244504.4952172,164190926.0391,0.005980926930992,0,0,0,5.069538431573,7.306070447542e-82,0,-1.003990681674,-0.5713060282497,-14.64392965162,-2.76023720136,1.349566244129,-13.29218823646,14692.31817204,-2795.85518688,0,0,259542.900,2296,336,0,360795.7795513
361000,27900634.97456,9508981.278133,2620360.071599,0,0,0,1.694626717518,-0.5703852553765,33037256.618,31244224.9019659,164189456.7666,0.005980926930378,0,0,0,5.069538431573,7.304460248505e-82,0,-1.003964007915,-0.5712685019053,-14.64340347409,-2.760315863,1.349560815339,-13.29174294475,14693.13089179,-2796.009842306,0,0,259543.000,2296,336,0,360895.7804839
361100,27900611.10475,9508969.137518,2620659.151817,0,0,0,1.694620382055,-0.5703476175421,33036977.0091,31243945.2932489,164187987.4129,0.005980926929763,0,0,0,5.069538431573,7.302850313857e-82,0,-1.003937337221,-0.5712309744174,-14.64287728052,-2.760394530937,1.349555386652,-13.29129762937,14693.94358218,-2796.164492145,0,0,259543.100,2296,336,0,360995.7814166
361200,27900587.23195,9508956.996294,2620958.231632,0,0,0,1.694614036741,-0.570309978262,33036697.38474,31243665.669067,164186517.9779,0.005980926929149,0,0,0,5.069538431573,7.301240643634e-82,0,-1.003910667261,-0.5711934451616,-14.64235106216,-2.760473231397,1.349549958069,-13.29085228157,14694.75623342,-2796.319134533,0,0,259543.200,2296,336,0,361095.7823493
361300,27900563.35617,9508944.854462,2621257.311044,0,0,0,1.694607681574,-0.5702723375366,33036417.74491,31243386.0294211,164185048.4616,0.005980926928534,0,0,0,5.069538431573,7.299631237876e-82,0,-1.003884002762,-0.5711559146456,-14.64182482614,-2.760551856136,1.34954452959,-13.29040690846,14695.56890423,-2796.473780647,0,0,259543.300,2296,336,0,361195.7832821
361400,27900539.4774,9508932.71202,2621556.390053,0,0,0,1.694601316554,-0.5702346953658,33036138.08961,31243106.3743121,164183578.8641,0.00598092692792,0,0,0,5.069538431573,7.298022096621e-82,0,-1.003857339058,-0.5711183825615,-14.64129856813,-2.760630516897,1.349539101215,-13.28996150572,14696.38145758,-2796.628404409,0,0,259543.400,2296,336,0,361295.7842149
361500,27900515.59565,9508920.56897,2621855.468658,0,0,0,1.694594941679,-0.5701970517498,33035858.41886,31242826.7037408,164182109.1854,0.005980926927305,0,0,0,5.069538431573,7.29641321991e-82,0,-1.003830678641,-0.5710808491958,-14.64077229215,-2.760709170021,1.349533672943,-13.28951607737,14697.1939522,-2796.783016995,0,0,259543.500,2296,336,0,361395.7851478
361600,27900491.71091,9508908.425311,2622154.546861,0,0,0,1.694588556948,-0.5701594066888,33035578.73264,31242547.0177082,164180639.4253,0.005980926926691,0,0,0,5.069538431573,7.294804607776e-82,0,-1.003804020578,-0.5710433141877,-14.64024599313,-2.760787827238,1.349528244776,-13.28907061834,14698.00637831,-2796.937616542,0,0,259543.600,2296,336,0,361495.7860807
361700,27900467.82319,9508896.281043,2622453.62466,0,0,0,1.694582162359,-0.5701217601827,33035299.03096,31242267.3162152,164179169.5841,0.005980926926076,0,0,0,5.069538431573,7.293196260264e-82,0,-1.003777364924,-0.5710057777984,-14.63971967476,-2.760866531233,1.349522816712,-13.28862513231,14698.81888272,-2797.092230991,0,0,259543.700,2296,336,0,361595.7870137
361800,27900443.93248,9508884.136167,2622752.702056,0,0,0,1.694575757913,-0.5700841122319,33035019.31383,31241987.5992626,164177699.6616,0.005980926925461,0,0,0,5.069538431573,7.291588177409e-82,0,-1.003750710648,-0.5709682400638,-14.63919333752,-2.760945158425,1.349517388753,-13.28817961976,14699.63127946,-2797.24682495,0,0,259543.800,2296,336,0,361695.7879467
361900,27900420.03879,9508871.990682,2623051.779048,0,0,0,1.694569343606,-0.5700464628363,33034739.58123,31241707.8668513,164176229.6578,0.005980926924847,0,0,0,5.069538431573,7.289980359248e-82,0,-1.003724061314,-0.5709307007482,-14.63866697811,-2.761023810614,1.349511960897,-13.28773407739,14700.44359789,-2797.401404008,0,0,259543.900,2296,336,0,361795.7888798
362000,27900396.14211,9508859.844588,2623350.855638,0,0,0,1.694562919439,-0.5700088119961,33034459.83318,31241428.1189823,164174759.5728,0.005980926924232,0,0,0,5.069538431573,7.288372805823e-82,0,-1.003697413364,-0.5708931599048,-14.63814059728,-2.761102452893,1.349506533146,-13.28728850596,14701.25587717,-2797.555975616,0,0,259544.000,2296,336,0,361895.789813
362100,27900372.24245,9508847.697886,2623649.931824,0,0,0,1.69455648541,-0.5699711597114,33034180.06967,31241148.3556563,164173289.4066,0.005980926923618,0,0,0,5.069538431573,7.286765517172e-82,0,-1.003670768422,-0.5708556179368,-14.63761420068,-2.761181110246,1.349501105499,-13.2868429111,14702.06812709,-2797.710541636,0,0,259544.100,2296,336,0,361995.7907462
362200,27900348.3398,9508835.550575,2623949.007606,0,0,0,1.694550041518,-0.5699335059823,33033900.2907,31240868.5768744,164171819.1592,0.005980926923003,0,0,0,5.069538431573,7.285158493331e-82,0,-1.003644125535,-0.5708180740739,-14.63708777751,-2.761259767726,1.349495677957,-13.28639728202,14702.88035743,-2797.86510393,0,0,259544.200,2296,336,0,362095.7916794
362300,27900324.43417,9508823.402656,2624248.082985,0,0,0,1.694543587762,-0.569895850809,33033620.49628,31240588.7826374,164170348.8306,0.005980926922389,0,0,0,5.069538431573,7.283551734338e-82,0,-1.003617485499,-0.5707805290173,-14.6365613376,-2.76133838497,1.349490250519,-13.28595162855,14703.69251925,-2798.019653186,0,0,259544.300,2296,336,0,362195.7926127
362400,27900300.52555,9508811.254128,2624547.15796,0,0,0,1.69453712414,-0.5698581941915,33033340.6864,31240308.9729461,164168878.4207,0.005980926921774,0,0,0,5.069538431573,7.281945240232e-82,0,-1.003590846485,-0.5707429824566,-14.6360348766,-2.761417026384,1.349484823185,-13.28550594632,14704.50462234,-2798.174191266,0,0,259544.400,2296,336,0,362295.793546
362500,27900276.61394,9508799.104992,2624846.232532,0,0,0,1.694530650651,-0.56982053613,33033060.86108,31240029.1478015,164167407.9297,0.00598092692116,0,0,0,5.069538431573,7.280339011053e-82,0,-1.003564213161,-0.5707054346341,-14.63550839792,-2.761495676226,1.349479395956,-13.28506023875,14705.31661776,-2798.328708857,0,0,259544.500,2296,336,0,362395.7944794
362600,27900252.69936,9508786.955248,2625145.3067,0,0,0,1.694524167294,-0.5697828766247,33032781.02029,31239749.3072044,164165937.3574,0.005980926920545,0,0,0,5.069538431573,7.278733046836e-82,0,-1.003537580798,-0.5706678851589,-14.63498189605,-2.761574332981,1.349473968831,-13.28461450035,14706.12864255,-2798.483232036,0,0,259544.600,2296,336,0,362495.7954129
362700,27900228.78178,9508774.804896,2625444.380464,0,0,0,1.694517674068,-0.5697452156755,33032501.16406,31239469.4511558,164164466.7039,0.005980926919931,0,0,0,5.069538431573,7.277127347621e-82,0,-1.003510951044,-0.5706303341764,-14.63445537306,-2.761652980356,1.349468541811,-13.28416873315,14706.94059882,-2798.637742177,0,0,259544.700,2296,336,0,362595.7963464
362800,27900204.86122,9508762.653935,2625743.453825,0,0,0,1.694511170972,-0.5697075532827,33032221.29238,31239189.5796565,164162995.9693,0.005980926919316,0,0,0,5.069538431573,7.275521913446e-82,0,-1.00348432413,-0.5705927818985,-14.6339288319,-2.761731586768,1.349463114895,-13.28372294012,14707.75251593,-2798.792244866,0,0,259544.800,2296,336,0,362695.7972799
362900,27900180.93768,9508750.502366,2626042.526782,0,0,0,1.694504658005,-0.5696698894463,33031941.40524,31238909.6927075,164161525.1534,0.005980926918701,0,0,0,5.069538431573,7.273916744348e-82,0,-1.003457698071,-0.5705552279751,-14.63340226766,-2.761810220174,1.349457688085,-13.28327711635,14708.56431559,-2798.946725205,0,0,259544.900,2296,336,0,362795.7982135
363000,27900157.01115,9508738.350188,2626341.599335,0,0,0,1.694498135165,-0.5696322241666,33031661.50266,31238629.7903096,164160054.2564,0.005980926918087,0,0,0,5.069538431573,7.272311840365e-82,0,-1.003431077483,-0.5705176727776,-14.63287568557,-2.761888826772,1.349452261379,-13.28283126705,14709.37617398,-2799.101216719,0,0,259545.000,2296,336,0,362895.7991472
363100,27900133.08163,9508726.197403,2626640.671484,0,0,0,1.69449160245,-0.5695945574435,33031381.58463,31238349.8724637,164158583.2782,0.005980926917472,0,0,0,5.069538431573,7.270707201534e-82,0,-1.003404457956,-0.5704801160866,-14.63234908253,-2.761967478086,1.349446834778,-13.28238538915,14710.1879149,-2799.255685881,0,0,259545.100,2296,336,0,362995.8000809
363200,27900109.14913,9508714.04401,2626939.743229,0,0,0,1.694485059861,-0.5695568892772,33031101.65116,31238069.9391706,164157112.2188,0.005980926916858,0,0,0,5.069538431573,7.269102827896e-82,0,-1.003377841088,-0.5704425580145,-14.63182246012,-2.762046114845,1.349441408282,-13.2819394842,14710.99971456,-2799.410166219,0,0,259545.200,2296,336,0,363095.8010147
363300,27900085.21364,9508701.890008,2627238.81457,0,0,0,1.694478507396,-0.5695192196679,33030821.70223,31237789.9904314,164155641.0783,0.005980926916243,0,0,0,5.069538431573,7.267498719483e-82,0,-1.003351226948,-0.5704049983387,-14.63129581523,-2.762124713147,1.349435981891,-13.2814935491,14711.81136739,-2799.564618617,0,0,259545.300,2296,336,0,363195.8019485
363400,27900061.27517,9508689.735399,2627537.885508,0,0,0,1.694471945053,-0.5694815486156,33030541.73786,31237510.0262468,164154169.8566,0.005980926915629,0,0,0,5.069538431573,7.265894876336e-82,0,-1.003324615197,-0.570367437217,-14.63076915007,-2.76220334787,1.349430555605,-13.28104758605,14712.6230398,-2799.719074741,0,0,259545.400,2296,336,0,363295.8028823
363500,27900037.33371,9508677.580182,2627836.956041,0,0,0,1.694465372831,-0.5694438761204,33030261.75805,31237230.0466178,164152698.5537,0.005980926915014,0,0,0,5.069538431573,7.264291298495e-82,0,-1.003298004723,-0.5703298748746,-14.63024246779,-2.76228195983,1.349425129424,-13.28060159821,14713.43460454,-2799.873510376,0,0,259545.500,2296,336,0,363395.8038162
363600,27900013.38927,9508665.424357,2628136.02617,0,0,0,1.69445879073,-0.5694062021826,33029981.76279,31236950.0515453,164151227.1696,0.0059809269144,0,0,0,5.069538431573,7.262687985996e-82,0,-1.003271399483,-0.5702923109575,-14.62971576343,-2.762360601169,1.349419703348,-13.28015558062,14714.24611054,-2800.027934834,0,0,259545.600,2296,336,0,363495.8047502
363700,27899989.44184,9508653.267924,2628435.095895,0,0,0,1.694452198747,-0.5693685268022,33029701.75209,31236670.0410301,164149755.7044,0.005980926913785,0,0,0,5.069538431573,7.26108493887e-82,0,-1.003244795361,-0.5702547454055,-14.62918903614,-2.762439227092,1.349414277378,-13.27970953242,14715.05759697,-2800.182355568,0,0,259545.700,2296,336,0,363595.8056842
363800,27899965.49143,9508641.110883,2628734.165216,0,0,0,1.694445596882,-0.5693308499793,33029421.72595,31236390.0150731,164148284.1581,0.005980926913171,0,0,0,5.069538431573,7.259482157165e-82,0,-1.003218194191,-0.5702171787259,-14.62866229305,-2.762517801394,1.349408851513,-13.27926346073,14715.86908341,-2800.336776301,0,0,259545.800,2296,336,0,363695.8066183
363900,27899941.53803,9508628.953234,2629033.234132,0,0,0,1.694438985134,-0.569293171714,33029141.68437,31236109.9736753,164146812.5306,0.005980926912556,0,0,0,5.069538431573,7.257879640911e-82,0,-1.003191595333,-0.5701796103738,-14.6281355265,-2.762596412499,1.349403425753,-13.27881735791,14716.68051111,-2800.491185859,0,0,259545.900,2296,336,0,363795.8075524
364000,27899917.58165,9508616.794978,2629332.302644,0,0,0,1.694432363501,-0.5692554920065,33028861.62735,31235829.9168375,164145340.822,0.005980926911942,0,0,0,5.069538431573,7.256277390147e-82,0,-1.003164999175,-0.5701420407379,-14.62760874196,-2.762675013005,1.349398000099,-13.27837122941,14717.49188008,-2800.645584241,0,0,259546.000,2296,336,0,363895.8084866
364100,27899893.62228,9508604.636114,2629631.370752,0,0,0,1.694425731982,-0.5692178108568,33028581.55489,31235549.8445606,164143869.0323,0.005980926911327,0,0,0,5.069538431573,7.254675404912e-82,0,-1.003138404005,-0.5701044693411,-14.62708193272,-2.762753644759,1.34939257455,-13.27792506852,14718.3032099,-2800.799975172,0,0,259546.100,2296,336,0,363995.8094208
364200,27899869.65992,9508592.476643,2629930.438456,0,0,0,1.694419090576,-0.5691801282652,33028301.46699,31235269.7568455,164142397.1614,0.005980926910712,0,0,0,5.069538431573,7.253073685243e-82,0,-1.003111814512,-0.5700668968465,-14.62655510809,-2.762832275721,1.349387149107,-13.27747888456,14719.11443205,-2800.954345614,0,0,259546.200,2296,336,0,364095.8103551
364300,27899845.69458,9508580.316564,2630229.505755,0,0,0,1.694412439282,-0.5691424442317,33028021.36365,31234989.6536931,164140925.2094,0.005980926910098,0,0,0,5.069538431573,7.251472231172e-82,0,-1.003085226111,-0.5700293227872,-14.62602826152,-2.762910854531,1.349381723769,-13.27703267098,14719.9256542,-2801.108716056,0,0,259546.300,2296,336,0,364195.8112894
364400,27899821.72626,9508568.155877,2630528.572649,0,0,0,1.694405778098,-0.5691047587564,33027741.24488,31234709.5351042,164139453.1763,0.005980926909483,0,0,0,5.069538431573,7.249871042745e-82,0,-1.003058640298,-0.5699917473126,-14.62550139511,-2.762989455092,1.349376298537,-13.27658642986,14720.73679804,-2801.263071597,0,0,259546.400,2296,336,0,364295.8122238
364500,27899797.75495,9508555.994583,2630827.639139,0,0,0,1.694399107024,-0.5690670718395,33027461.11067,31234429.4010798,164137981.062,0.005980926908869,0,0,0,5.069538431573,7.24827011999e-82,0,-1.003032057058,-0.5699541701448,-14.62497450495,-2.763068045744,1.34937087341,-13.2761401573,14721.54787336,-2801.417414099,0,0,259546.500,2296,336,0,364395.8131582
364600,27899773.78065,9508543.832682,2631126.705225,0,0,0,1.694392426057,-0.569029383481,33027180.96103,31234149.2516208,164136508.8667,0.005980926908254,0,0,0,5.069538431573,7.246669462952e-82,0,-1.003005474849,-0.5699165917815,-14.62444759803,-2.763146652294,1.34936544839,-13.27569386029,14722.35896826,-2801.571760327,0,0,259546.600,2296,336,0,364495.8140927
364700,27899749.80337,9508531.670173,2631425.770906,0,0,0,1.694385735198,-0.5689916936811,33026900.79595,31233869.0867281,164135036.5902,0.00598092690764,0,0,0,5.069538431573,7.245069071661e-82,0,-1.00297889827,-0.5698790118109,-14.62392066858,-2.763225259344,1.349360023475,-13.27524753305,14723.16997507,-2801.72608979,0,0,259546.700,2296,336,0,364595.8150272
364800,27899725.8231,9508519.507057,2631724.836182,0,0,0,1.694379034445,-0.5689540024399,33026620.61544,31233588.9064025,164133564.2327,0.005980926907025,0,0,0,5.069538431573,7.243468946159e-82,0,-1.002952322417,-0.5698414305326,-14.62339372079,-2.76330382776,1.349354598667,-13.27480117978,14723.98098188,-2801.880419254,0,0,259546.800,2296,336,0,364695.8159618
364900,27899701.83985,9508507.343333,2632023.901053,0,0,0,1.694372323796,-0.5689163097576,33026340.4195,31233308.7106449,164132091.794,0.005980926906411,0,0,0,5.069538431573,7.241869086479e-82,0,-1.002925749705,-0.5698038476202,-14.62286675008,-2.76338241822,1.349349173964,-13.27435479589,14724.79186143,-2802.034724504,0,0,259546.900,2296,336,0,364795.8168964
365000,27899677.85361,9508495.179003,2632322.96552,0,0,0,1.69436560325,-0.5688786156342,33026060.20812,31233028.4994563,164130619.2743,0.005980926905796,0,0,0,5.069538431573,7.24026949266e-82,0,-1.002899179212,-0.5697662634343,-14.62233976152,-2.763461018738,1.349343749367,-13.27390838645,14725.60270184,-2802.189022303,0,0,259547.000,2296,336,0,364895.8178311
365100,27899653.86439,9508483.014065,2632622.029582,0,0,0,1.694358872806,-0.5688409200698,33025779.98132,31232748.2728374,164129146.6735,0.005980926905182,0,0,0,5.069538431573,7.238670164741e-82,0,-1.002872611522,-0.5697286778815,-14.6218127538,-2.763539625094,1.349338324876,-13.27346195015,14726.41363034,-2802.343336865,0,0,259547.100,2296,336,0,364995.8187658
365200,27899629.87218,9508470.848519,2632921.093239,0,0,0,1.694352132464,-0.5688032230647,33025499.73909,31232468.0307893,164127673.9916,0.005980926904567,0,0,0,5.069538431573,7.237071102753e-82,0,-1.002846044578,-0.5696910907943,-14.62128572456,-2.763618222244,1.349332900492,-13.27301548462,14727.22444138,-2802.497629076,0,0,259547.200,2296,336,0,365095.8197006
365300,27899605.87699,9508458.682367,2633220.156491,0,0,0,1.694345382221,-0.5687655246188,33025219.48143,31232187.7733128,164126201.2286,0.005980926903952,0,0,0,5.069538431573,7.235472306738e-82,0,-1.002819483339,-0.5696535021365,-14.62075867329,-2.763696780293,1.349327476214,-13.27256898937,14728.03513496,-2802.651898935,0,0,259547.300,2296,336,0,365195.8206354
365400,27899581.87881,9508446.515608,2633519.219339,0,0,0,1.694338622076,-0.5687278247323,33024939.20834,31231907.5004088,164124728.3846,0.005980926903338,0,0,0,5.069538431573,7.233873776731e-82,0,-1.002792923327,-0.5696159122322,-14.62023160455,-2.763775361874,1.349322052042,-13.27212246894,14728.84581876,-2802.806166932,0,0,259547.400,2296,336,0,365295.8215703
365500,27899557.87764,9508434.348241,2633818.281781,0,0,0,1.694331852029,-0.5686901234054,33024658.91983,31231627.2120781,164123255.4594,0.005980926902723,0,0,0,5.069538431573,7.232275512765e-82,0,-1.002766365932,-0.5695783208206,-14.61970451468,-2.763853916808,1.349316627976,-13.27167591966,14729.6565417,-2802.960442379,0,0,259547.500,2296,336,0,365395.8225053
365600,27899533.87349,9508422.180268,2634117.343818,0,0,0,1.694325072078,-0.5686524206381,33024378.61588,31231346.9083218,164121782.4533,0.005980926902109,0,0,0,5.069538431573,7.23067751488e-82,0,-1.002739810982,-0.5695407277921,-14.61917740213,-2.76393251811,1.349311204017,-13.27122934,14730.46716677,-2803.1146992,0,0,259547.600,2296,336,0,365495.8234403
365700,27899509.86636,9508410.011688,2634416.40545,0,0,0,1.694318282222,-0.5686147164306,33024098.29652,31231066.5891406,164120309.366,0.005980926901494,0,0,0,5.069538431573,7.229079783112e-82,0,-1.002713257043,-0.5695031334156,-14.61865027068,-2.764011105693,1.349305780164,-13.27078273373,14731.2777331,-2803.268944845,0,0,259547.700,2296,336,0,365595.8243753
365800,27899485.85624,9508397.842501,2634715.466677,0,0,0,1.694311482459,-0.568577010783,33023817.96173,31230786.2545354,164118836.1977,0.00598092690088,0,0,0,5.069538431573,7.227482317498e-82,0,-1.002686708691,-0.5694655376351,-14.61812311955,-2.764089653438,1.349300356418,-13.27033610006,14732.08821134,-2803.423173726,0,0,259547.800,2296,336,0,365695.8253104
365900,27899461.84313,9508385.672707,2635014.527499,0,0,0,1.694304672789,-0.5685393036954,33023537.61152,31230505.9045072,164117362.9484,0.005980926900265,0,0,0,5.069538431573,7.225885118074e-82,0,-1.002660161531,-0.5694279403595,-14.61759594745,-2.764168239875,1.349294932779,-13.26988943772,14732.89868958,-2803.577402607,0,0,259547.900,2296,336,0,365795.8262456
366000,27899437.82704,9508373.502306,2635313.587916,0,0,0,1.69429785321,-0.5685015951679,33023257.24588,31230225.5390569,164115889.618,0.005980926899651,0,0,0,5.069538431573,7.224288184872e-82,0,-1.002633617169,-0.5693903418244,-14.61706875769,-2.764246800592,1.349289509246,-13.26944274999,14733.70906015,-2803.731610999,0,0,259548.000,2296,336,0,365895.8271808
366100,27899413.80796,9508361.331298,2635612.647928,0,0,0,1.694291023721,-0.5684638852006,33022976.86483,31229945.1581853,164114416.2066,0.005980926899036,0,0,0,5.069538431573,7.222691517935e-82,0,-1.002607074898,-0.5693527414577,-14.61654154225,-2.76432539082,1.34928408582,-13.26899602887,14734.5194503,-2803.885823116,0,0,259548.100,2296,336,0,365995.828116
366200,27899389.7859,9508349.159684,2635911.707534,0,0,0,1.694284184321,-0.5684261737937,33022696.46835,31229664.7618933,164112942.7141,0.005980926898422,0,0,0,5.069538431573,7.221095117294e-82,0,-1.002580535703,-0.5693151399564,-14.6160143109,-2.764403969784,1.3492786625,-13.26854928412,14735.32977192,-2804.040022194,0,0,259548.200,2296,336,0,366095.8290513
366300,27899365.76085,9508336.987463,2636210.766734,0,0,0,1.694277335009,-0.5683884609473,33022416.05646,31229384.3501818,164111469.1406,0.005980926897807,0,0,0,5.069538431573,7.219498982989e-82,0,-1.00255399751,-0.5692775368687,-14.61548705731,-2.76448249128,1.349273239288,-13.26810250941,14736.14002503,-2804.194208235,0,0,259548.300,2296,336,0,366195.8299867
366400,27899341.73281,9508324.814635,2636509.82553,0,0,0,1.694270475783,-0.5683507466615,33022135.62914,31229103.9230518,164109995.4861,0.005980926897192,0,0,0,5.069538431573,7.217903115053e-82,0,-1.002527464699,-0.5692399324712,-14.61495978535,-2.764561052044,1.349267816182,-13.2676557086,14736.95024878,-2804.348388687,0,0,259548.400,2296,336,0,366295.8309221
366500,27899317.70179,9508312.641201,2636808.88392,0,0,0,1.694263606643,-0.5683130309364,33021855.18641,31228823.480504,164108521.7506,0.005980926896578,0,0,0,5.069538431573,7.216307513523e-82,0,-1.002500932586,-0.5692023264211,-14.61443249022,-2.764639602504,1.349262393183,-13.26720887691,14737.76043337,-2804.502561688,0,0,259548.500,2296,336,0,366395.8318575
366600,27899293.66779,9508300.46716,2637107.941904,0,0,0,1.694256727586,-0.5682753137721,33021574.72826,31228543.0225395,164107047.934,0.005980926895963,0,0,0,5.069538431573,7.214712178436e-82,0,-1.002474403746,-0.5691647191499,-14.61390517797,-2.764718183879,1.349256970292,-13.26676202036,14738.57052987,-2804.656717926,0,0,259548.600,2296,336,0,366495.832793
366700,27899269.6308,9508288.292513,2637406.999483,0,0,0,1.694249838612,-0.5682375951688,33021294.2547,31228262.549159,164105574.0365,0.005980926895349,0,0,0,5.069538431573,7.213117109824e-82,0,-1.002447877063,-0.5691271101717,-14.61337784178,-2.764796770703,1.349251547507,-13.26631513215,14739.380597,-2804.810868576,0,0,259548.700,2296,336,0,366595.8337286
366800,27899245.59082,9508276.11726,2637706.056657,0,0,0,1.69424293972,-0.5681998751265,33021013.76572,31227982.0603635,164104100.0579,0.005980926894734,0,0,0,5.069538431573,7.211522307729e-82,0,-1.002421353232,-0.5690895000456,-14.6128504895,-2.764875294914,1.34924612483,-13.26586822012,14740.19074244,-2804.965034127,0,0,259548.800,2296,336,0,366695.8346642
366900,27899221.54786,9508263.941399,2638005.113424,0,0,0,1.694236030908,-0.5681621536454,33020733.26132,31227701.5561539,164102625.9983,0.00598092689412,0,0,0,5.069538431573,7.209927772182e-82,0,-1.002394829857,-0.5690518881916,-14.61232311299,-2.764953845858,1.349240702259,-13.26542127613,14741.0007019,-2805.119164288,0,0,259548.900,2296,336,0,366795.8355999
367000,27899197.50191,9508251.764933,2638304.169786,0,0,0,1.694229112175,-0.5681244307257,33020452.74151,31227421.036531,164101151.8578,0.005980926893505,0,0,0,5.069538431573,7.208333503223e-82,0,-1.002368312661,-0.5690142751084,-14.61179571925,-2.76503238556,1.349235279796,-13.26497430718,14741.81064179,-2805.273290724,0,0,259549.000,2296,336,0,366895.8365356
367100,27899173.45298,9508239.58786,2638603.225743,0,0,0,1.694222183521,-0.5680867063673,33020172.2063,31227140.5014958,164099677.6362,0.005980926892891,0,0,0,5.069538431573,7.206739500882e-82,0,-1.002341796547,-0.5689766606161,-14.61126830574,-2.765110940803,1.349229857441,-13.26452731073,14742.62053273,-2805.427407846,0,0,259549.100,2296,336,0,366995.8374713
367200,27899149.40106,9508227.410181,2638902.281293,0,0,0,1.694215244943,-0.5680489805705,33019891.65566,31226859.9510492,164098203.3336,0.005980926892276,0,0,0,5.069538431573,7.2051457652e-82,0,-1.002315282966,-0.568939044679,-14.61074087198,-2.765189498803,1.349224435193,-13.26408028628,14743.43039431,-2805.58151938,0,0,259549.200,2296,336,0,367095.8384071
367300,27899125.34616,9508215.231896,2639201.336438,0,0,0,1.69420829644,-0.5680112533353,33019611.08962,31226579.385192,164096728.9501,0.005980926891662,0,0,0,5.069538431573,7.203552296209e-82,0,-1.00228877178,-0.568901427155,-14.61021341597,-2.76526801608,1.349219013052,-13.26363323185,14744.2402461,-2805.735629052,0,0,259549.300,2296,336,0,367195.839343
367400,27899101.28827,9508203.053005,2639500.391177,0,0,0,1.694201338012,-0.5679735246619,33019330.50817,31226298.8039251,164095254.4856,0.005980926891047,0,0,0,5.069538431573,7.201959093945e-82,0,-1.002262261632,-0.5688638080302,-14.60968593751,-2.765346558155,1.349213591019,-13.26318614724,14745.05003916,-2805.889727548,0,0,259549.400,2296,336,0,367295.8402789
367500,27899077.22739,9508190.873507,2639799.44551,0,0,0,1.694194369657,-0.5679357945504,33019049.91131,31226018.2072495,164093779.9401,0.005980926890433,0,0,0,5.069538431573,7.200366158446e-82,0,-1.002235757389,-0.5688261878236,-14.60915844389,-2.765425087348,1.349208169093,-13.26273903972,14745.8596854,-2806.043798104,0,0,259549.500,2296,336,0,367395.8412149
367600,27899053.16353,9508178.693403,2640098.499437,0,0,0,1.694187391374,-0.567898063001,33018769.29904,31225737.595166,164092305.3137,0.005980926889818,0,0,0,5.069538431573,7.198773489744e-82,0,-1.002209254026,-0.5687885659843,-14.60863092737,-2.765503663936,1.349202747275,-13.26229190156,14746.669361,-2806.197874248,0,0,259549.600,2296,336,0,367495.8421509
367700,27899029.09668,9508166.512694,2640397.552958,0,0,0,1.694180403161,-0.5678603300136,33018488.67137,31225456.9676755,164090830.6063,0.005980926889203,0,0,0,5.069538431573,7.197181087877e-82,0,-1.002182753151,-0.5687509425871,-14.608103389,-2.765582211475,1.349197325565,-13.26184473381,14747.47897787,-2806.351939216,0,0,259549.700,2296,336,0,367595.843087
367800,27899005.02685,9508154.331378,2640696.606073,0,0,0,1.694173405018,-0.5678225955885,33018208.02829,31225176.3247789,164089355.8179,0.005980926888589,0,0,0,5.069538431573,7.195588952878e-82,0,-1.002156254884,-0.5687133178699,-14.60757583213,-2.765660719537,1.349191903962,-13.26139753981,14748.2885458,-2806.505994871,0,0,259549.800,2296,336,0,367695.8440231
367900,27898980.95403,9508142.149456,2640995.658782,0,0,0,1.694166396943,-0.5677848597257,33017927.3698,31224895.6664771,164087880.9485,0.005980926887974,0,0,0,5.069538431573,7.193997084787e-82,0,-1.002129759531,-0.5686756916842,-14.60704825467,-2.765739252098,1.349186482467,-13.26095031748,14749.09802564,-2806.660033762,0,0,259549.900,2296,336,0,367795.8449593
368000,27898956.87823,9508129.966929,2641294.711085,0,0,0,1.694159378936,-0.5677471224255,33017646.69591,31224614.992771,164086405.9983,0.00598092688736,0,0,0,5.069538431573,7.192405483634e-82,0,-1.002103265079,-0.5686380641943,-14.60652065892,-2.765817755366,1.349181061081,-13.26050306911,14749.90755442,-2806.814081967,0,0,259550.000,2296,336,0,367895.8458955
368100,27898932.79944,9508117.783795,2641593.762982,0,0,0,1.694152350994,-0.5677093836878,33017366.00662,31224334.3036615,164084930.967,0.005980926886745,0,0,0,5.069538431573,7.190814149456e-82,0,-1.002076776027,-0.5686004350978,-14.60599304064,-2.765896305919,1.349175639802,-13.26005579046,14750.71694616,-2806.968104094,0,0,259550.100,2296,336,0,367995.8468318
368200,27898908.71767,9508105.600056,2641892.814472,0,0,0,1.694145313116,-0.5676716435128,33017085.30192,31224053.5991495,164083455.8549,0.005980926886131,0,0,0,5.069538431573,7.189223082285e-82,0,-1.002050287961,-0.5685628044877,-14.60546540114,-2.765974844131,1.349170218631,-13.25960848283,14751.5263379,-2807.122126222,0,0,259550.200,2296,336,0,368095.8477681
368300,27898884.63291,9508093.415711,2642191.865556,0,0,0,1.694138265302,-0.5676339019007,33016804.58182,31223772.8792358,164081980.6618,0.005980926885516,0,0,0,5.069538431573,7.187632282165e-82,0,-1.002023802716,-0.5685251726767,-14.60493774481,-2.766053341803,1.349164797568,-13.25916115062,14752.33568071,-2807.276139036,0,0,259550.300,2296,336,0,368195.8487045
368400,27898860.54516,9508081.230761,2642490.916234,0,0,0,1.69413120755,-0.5675961588516,33016523.84633,31223492.1439215,164080505.3877,0.005980926884902,0,0,0,5.069538431573,7.18604174912e-82,0,-1.00199731998,-0.5684875392662,-14.60441006604,-2.76613188013,1.349159376613,-13.25871378822,14753.14493541,-2807.430135086,0,0,259550.400,2296,336,0,368295.8496409
368500,27898836.45443,9508069.045204,2642789.966506,0,0,0,1.694124139859,-0.5675584143655,33016243.09543,31223211.3932072,164079030.0328,0.005980926884287,0,0,0,5.069538431573,7.184451483192e-82,0,-1.001970839816,-0.5684499043233,-14.60388236579,-2.766210389047,1.349153955767,-13.25826639658,14753.95421948,-2807.584136724,0,0,259550.500,2296,336,0,368395.8505774
368600,27898812.36071,9508056.859042,2643089.016371,0,0,0,1.694117062228,-0.5675206684425,33015962.32913,31222930.6270941,164077554.5969,0.005980926883673,0,0,0,5.069538431573,7.182861484414e-82,0,-1.001944360572,-0.5684122681697,-14.60335464856,-2.766288929805,1.349148535029,-13.2578189802,14754.76342525,-2807.738123462,0,0,259550.600,2296,336,0,368495.851514
368700,27898788.26401,9508044.672274,2643388.065829,0,0,0,1.694109974656,-0.5674829210829,33015681.54743,31222649.8455829,164076079.0801,0.005980926883058,0,0,0,5.069538431573,7.181271752822e-82,0,-1.001917886821,-0.568374630393,-14.60282690857,-2.766367458115,1.349143114399,-13.25737153331,14755.57255271,-2807.892095298,0,0,259550.700,2296,336,0,368595.8524505
368800,27898764.16432,9508032.484901,2643687.114881,0,0,0,1.69410287714,-0.5674451722868,33015400.75034,31222369.0486745,164074603.4824,0.005980926882444,0,0,0,5.069538431573,7.179682288453e-82,0,-1.001891414706,-0.5683369913662,-14.60229915106,-2.766445929447,1.349137693877,-13.25692406112,14756.3816508,-2808.046061546,0,0,259550.800,2296,336,0,368695.8533872
368900,27898740.06165,9508020.296922,2643986.163527,0,0,0,1.694095769681,-0.5674074220541,33015119.93785,31222088.2363699,164073127.8038,0.005980926881829,0,0,0,5.069538431573,7.178093091332e-82,0,-1.001864944533,-0.5682993505904,-14.60177136902,-2.766524441703,1.349132273464,-13.25647655665,14757.19077826,-2808.200033382,0,0,259550.900,2296,336,0,368795.8543239
369000,27898715.95599,9508008.108338,2644285.211766,0,0,0,1.694088652276,-0.5673696703851,33014839.10997,31221807.4086699,164071652.0442,0.005980926881214,0,0,0,5.069538431573,7.176504161504e-82,0,-1.001838477449,-0.5682617085863,-14.60124356976,-2.766602939848,1.34912685316,-13.2560290272,14757.99977847,-2808.353981003,0,0,259551.000,2296,336,0,368895.8552606
369100,27898691.84734,9507995.919149,2644584.259598,0,0,0,1.694081524925,-0.5673319172799,33014558.26669,31221526.5655754,164070176.2038,0.0059809268806,0,0,0,5.069538431573,7.174915499e-82,0,-1.001812011295,-0.5682240652684,-14.60071575208,-2.766681472242,1.349121432964,-13.25558147155,14758.80874932,-2808.507923037,0,0,259551.100,2296,336,0,368995.8561974
369200,27898667.73571,9507983.729354,2644883.307024,0,0,0,1.694074387627,-0.5672941627386,33014277.40802,31221245.7070873,164068700.2825,0.005980926879985,0,0,0,5.069538431573,7.173327103853e-82,0,-1.001785550427,-0.5681864202077,-14.60018790996,-2.766760009245,1.349116012876,-13.2551338837,14759.61764186,-2808.661850169,0,0,259551.200,2296,336,0,369095.8571342
369300,27898643.62109,9507971.538953,2645182.354043,0,0,0,1.694067240379,-0.5672564067613,33013996.53395,31220964.8332066,164067224.2803,0.005980926879371,0,0,0,5.069538431573,7.1717389761e-82,0,-1.001759091116,-0.568148774009,-14.59966005188,-2.76683848329,1.349110592898,-13.25468627212,14760.42650504,-2808.815771714,0,0,259551.300,2296,336,0,369195.8580711
369400,27898619.50349,9507959.347948,2645481.400655,0,0,0,1.694060083182,-0.5672186493481,33013715.6445,31220683.9439341,164065748.1972,0.005980926878756,0,0,0,5.069538431573,7.170151115772e-82,0,-1.001732633826,-0.5681111258641,-14.59913216652,-2.766916984912,1.349105173028,-13.25423862549,14761.23531927,-2808.969683945,0,0,259551.400,2296,336,0,369295.8590081
369500,27898595.3829,9507947.156337,2645780.44686,0,0,0,1.694052916033,-0.5671808904992,33013434.73965,31220403.0392706,164064272.0332,0.005980926878142,0,0,0,5.069538431573,7.16856352291e-82,0,-1.00170617984,-0.5680734767642,-14.59860426777,-2.766995474708,1.349099753267,-13.25379095769,14762.0440552,-2809.123581275,0,0,259551.500,2296,336,0,369395.8599451
369600,27898571.25933,9507934.964121,2646079.492659,0,0,0,1.694045738932,-0.5671431302146,33013153.81941,31220122.1192172,164062795.7884,0.005980926877527,0,0,0,5.069538431573,7.166976197542e-82,0,-1.001679727878,-0.5680358259537,-14.59807634503,-2.767073995794,1.349094333614,-13.25334325813,14762.85275198,-2809.277471155,0,0,259551.600,2296,336,0,369495.8608821
369700,27898547.13277,9507922.7713,2646378.53805,0,0,0,1.694038551877,-0.5671053684945,33012872.88378,31219841.1837746,164061319.4627,0.005980926876913,0,0,0,5.069538431573,7.165389139705e-82,0,-1.001653277121,-0.5679981738472,-14.59754840411,-2.76715248691,1.349088914071,-13.25289553262,14763.6614879,-2809.431368485,0,0,259551.700,2296,336,0,369595.8618192
369800,27898523.00322,9507910.577873,2646677.583035,0,0,0,1.694031354868,-0.567067605339,33012591.93277,31219560.2329439,164059843.0561,0.005980926876298,0,0,0,5.069538431573,7.163802349436e-82,0,-1.001626831987,-0.5679605205527,-14.59702044654,-2.767230954977,1.349083494637,-13.25244778268,14764.47010637,-2809.585243464,0,0,259551.800,2296,336,0,369695.8627564
369900,27898498.87069,9507898.383842,2646976.627612,0,0,0,1.694024147902,-0.5670298407483,33012310.96637,31219279.2667258,164058366.5687,0.005980926875684,0,0,0,5.069538431573,7.162215826759e-82,0,-1.001600387517,-0.56792286519,-14.59649245997,-2.767309447422,1.349078075312,-13.25199999596,14765.27871505,-2809.739116579,0,0,259551.900,2296,336,0,369795.8636936
370000,27898474.73517,9507886.189206,2647275.671783,0,0,0,1.694016930978,-0.5669920747223,33012029.98458,31218998.2851213,164056890.0004,0.005980926875069,0,0,0,5.069538431573,7.160629571722e-82,0,-1.00157394638,-0.5678852088431,-14.59596445961,-2.767387927097,1.349072656095,-13.25155218766,14766.08717691,-2809.892961755,0,0,259552.000,2296,352,0,369895.8646308
370100,27898450.59667,9507873.993964,2647574.715546,0,0,0,1.694009704096,-0.5669543072613,33011748.9874,31218717.2881313,164055413.3512,0.005980926874455,0,0,0,5.069538431573,7.159043584349e-82,0,-1.001547507381,-0.5678475508776,-14.59543643654,-2.767466454528,1.349067236989,-13.25110434888,14766.89571708,-2810.046821833,0,0,259552.100,2296,352,0,369995.8655681
370200,27898426.45518,9507861.798118,2647873.758903,0,0,0,1.694002467255,-0.5669165383654,33011467.97484,31218436.2757566,164053936.6212,0.00598092687384,0,0,0,5.069538431573,7.15745786468e-82,0,-1.001521069485,-0.5678098916705,-14.59490839607,-2.767544928485,1.349061817991,-13.2506564849,14767.7042083,-2810.200672597,0,0,259552.200,2296,352,0,370095.8665055
370300,27898402.31071,9507849.601667,2648172.801852,0,0,0,1.693995220452,-0.5668787680347,33011186.9469,31218155.2479982,164052459.8104,0.005980926873225,0,0,0,5.069538431573,7.155872412745e-82,0,-1.00149463701,-0.567772230795,-14.5943803322,-2.767623410643,1.349056399102,-13.25020858975,14768.51258206,-2810.354501009,0,0,259552.300,2296,352,0,370195.8674429
370400,27898378.16325,9507837.404611,2648471.844394,0,0,0,1.693987963687,-0.5668409962692,33010905.90358,31217874.2048569,164050982.9187,0.005980926872611,0,0,0,5.069538431573,7.154287228582e-82,0,-1.00146820565,-0.567734568549,-14.59385224912,-2.767701891867,1.349050980323,-13.24976066759,14769.32095582,-2810.508329421,0,0,259552.400,2296,352,0,370295.8683804
370500,27898354.0128,9507825.20695,2648770.886528,0,0,0,1.693980696958,-0.5668032230692,33010624.84487,31217593.1463337,164049505.9462,0.005980926871996,0,0,0,5.069538431573,7.152702312222e-82,0,-1.001441777214,-0.567696905058,-14.59332414858,-2.767780344341,1.349045561654,-13.24931272019,14770.12922191,-2810.662137344,0,0,259552.500,2296,352,0,370395.8693179
370600,27898329.85937,9507813.008685,2649069.928255,0,0,0,1.693973420265,-0.5667654484348,33010343.77078,31217312.0724294,164048028.8928,0.005980926871382,0,0,0,5.069538431573,7.151117663697e-82,0,-1.001415350932,-0.5676592397445,-14.59279602248,-2.767858844502,1.349040143094,-13.24886473944,14770.93748801,-2810.815945268,0,0,259552.600,2296,352,0,370495.8702554
370700,27898305.70295,9507800.809815,2649368.969575,0,0,0,1.693966133605,-0.5667276723659,33010062.68131,31217030.983145,164046551.7587,0.005980926870767,0,0,0,5.069538431573,7.149533283045e-82,0,-1.00138892751,-0.5676215732214,-14.59226787943,-2.7679373108,1.349034724643,-13.24841673394,14771.74573452,-2810.969749466,0,0,259552.700,2296,352,0,370595.8711931
370800,27898281.54355,9507788.61034,2649668.010488,0,0,0,1.693958836979,-0.5666898948629,33009781.57646,31216749.8784813,164045074.5437,0.005980926870153,0,0,0,5.069538431573,7.147949170298e-82,0,-1.001362505033,-0.5675839051529,-14.5917397147,-2.768015781701,1.349029306302,-13.24796869898,14772.55393209,-2811.12354435,0,0,259552.800,2296,352,0,370695.8721307
370900,27898257.38116,9507776.41026,2649967.050993,0,0,0,1.693951530384,-0.5666521159257,33009500.45624,31216468.7584392,164043597.2479,0.005980926869538,0,0,0,5.069538431573,7.146365325489e-82,0,-1.001336088291,-0.5675462359407,-14.59121153394,-2.768094270594,1.349023888071,-13.24752064018,14773.36199263,-2811.277313158,0,0,259552.900,2296,352,0,370795.8730684
371000,27898233.21579,9507764.209576,2650266.09109,0,0,0,1.693944213819,-0.5666143355546,33009219.32063,31216187.6230197,164042119.8713,0.005980926868924,0,0,0,5.069538431573,7.144781748653e-82,0,-1.001309672426,-0.5675085649016,-14.59068332756,-2.768172729154,1.349018469949,-13.24707254797,14774.17003359,-2811.43107824,0,0,259553.000,2296,352,0,370895.8740062
371100,27898209.04743,9507752.008288,2650565.13078,0,0,0,1.693936887284,-0.5665765537496,33008938.16965,31215906.4722236,164040642.4139,0.005980926868309,0,0,0,5.069538431573,7.143198439822e-82,0,-1.00128325889,-0.5674708924291,-14.59015510109,-2.768251221482,1.349013051938,-13.24662442787,14774.97810392,-2811.584848911,0,0,259553.100,2296,352,0,370995.874944
371200,27898184.87608,9507739.806395,2650864.170062,0,0,0,1.693929550776,-0.5665387705108,33008657.0033,31215625.3060517,164039164.8757,0.005980926867695,0,0,0,5.069538431573,7.141615399034e-82,0,-1.001256848713,-0.5674332188953,-14.58962685973,-2.768329676359,1.349007634036,-13.24617628508,14775.78600785,-2811.738587916,0,0,259553.200,2296,352,0,371095.8758819
371300,27898160.70175,9507727.603897,2651163.208937,0,0,0,1.693922204295,-0.5665009858384,33008375.82157,31215344.1245051,164037687.2567,0.00598092686708,0,0,0,5.069538431573,7.140032626314e-82,0,-1.001230440514,-0.5673955434139,-14.58909859107,-2.76840812039,1.349002216244,-13.24572810718,14776.59401944,-2811.89234741,0,0,259553.300,2296,352,0,371195.8768198
371400,27898136.52443,9507715.400795,2651462.247404,0,0,0,1.69391484784,-0.5664631997324,33008094.62446,31215062.9275846,164036209.5569,0.005980926866466,0,0,0,5.069538431573,7.138450121707e-82,0,-1.001204033845,-0.5673578669454,-14.58857030856,-2.768486581342,1.348996798562,-13.24527990764,14777.401894,-2812.046080828,0,0,259553.400,2296,352,0,371295.8777578
371500,27898112.34413,9507703.197089,2651761.285463,0,0,0,1.693907481409,-0.5664254121931,33007813.41198,31214781.7152912,164034731.7763,0.005980926865851,0,0,0,5.069538431573,7.136867885237e-82,0,-1.001177631973,-0.5673201889382,-14.58804200448,-2.768565031487,1.34899138099,-13.24483167871,14778.20968047,-2812.199797481,0,0,259553.500,2296,352,0,371395.8786958
371600,27898088.16084,9507690.992779,2652060.323115,0,0,0,1.693900105,-0.5663876232204,33007532.18413,31214500.4876256,164033253.915,0.005980926865236,0,0,0,5.069538431573,7.135285916938e-82,0,-1.001151231732,-0.5672825094333,-14.5875136794,-2.768643512437,1.348985963528,-13.24438342098,14779.01743757,-2812.353508547,0,0,259553.600,2296,352,0,371495.8796339
371700,27898063.97456,9507678.787864,2652359.360358,0,0,0,1.693892718614,-0.5663498328146,33007250.94091,31214219.2445888,164031775.9728,0.005980926864622,0,0,0,5.069538431573,7.133704216848e-82,0,-1.001124834185,-0.5672448284298,-14.58698533331,-2.768721976948,1.348980546176,-13.24393513443,14779.82512616,-2812.507206574,0,0,259553.700,2296,352,0,371595.880572
371800,27898039.7853,9507666.582345,2652658.397194,0,0,0,1.693885322247,-0.5663120409758,33006969.68232,31213937.9861816,164030297.9499,0.005980926864007,0,0,0,5.069538431573,7.132122784997e-82,0,-1.001098438682,-0.5672071457576,-14.58645696382,-2.768800427088,1.348975128935,-13.24348681667,14780.63294199,-2812.660928816,0,0,259553.800,2296,352,0,371695.8815102
371900,27898015.59305,9507654.376222,2652957.433622,0,0,0,1.693877915901,-0.566274247704,33006688.40836,31213656.7124051,164028819.8463,0.005980926863393,0,0,0,5.069538431573,7.130541621421e-82,0,-1.001072044645,-0.5671694621034,-14.58592858056,-2.768878879634,1.348969711804,-13.24303847733,14781.44055227,-2812.814611942,0,0,259553.900,2296,352,0,371795.8824484
372000,27897991.39782,9507642.169495,2653256.469642,0,0,0,1.693870499572,-0.5662364529994,33006407.11903,31213375.4232601,164027341.6618,0.005980926862778,0,0,0,5.069538431573,7.128960726152e-82,0,-1.001045655867,-0.5671317767782,-14.58540017387,-2.768957317609,1.348964294783,-13.24259010675,14782.24808424,-2812.968280166,0,0,259554.000,2296,352,0,371895.8833867
372100,27897967.1996,9507629.962163,2653555.505254,0,0,0,1.69386307326,-0.566198656862,33006125.81434,31213094.1187474,164025863.3966,0.005980926862164,0,0,0,5.069538431573,7.12738009922e-82,0,-1.001019268324,-0.5670940899362,-14.58487174591,-2.769035789033,1.348958877872,-13.24214170708,14783.05561621,-2813.121948391,0,0,259554.100,2296,352,0,371995.884325
372200,27897942.99839,9507617.754228,2653854.540457,0,0,0,1.693855636963,-0.5661608592921,33005844.49427,31212812.798868,164024385.0507,0.005980926861549,0,0,0,5.069538431573,7.125799740661e-82,0,-1.000992883447,-0.5670564019123,-14.58434330138,-2.769114205222,1.348953461072,-13.24169328302,14783.86317755,-2813.275622204,0,0,259554.200,2296,352,0,372095.8852634
372300,27897918.7942,9507605.545689,2654153.575253,0,0,0,1.693848190681,-0.5661230602898,33005563.15884,31212531.4636228,164022906.624,0.005980926860935,0,0,0,5.069538431573,7.124219650509e-82,0,-1.000966501058,-0.5670187122673,-14.58381483412,-2.769192647884,1.348948044383,-13.24124482842,14784.67069973,-2813.429288566,0,0,259554.300,2296,352,0,372195.8862018
372400,27897894.58703,9507593.336546,2654452.60964,0,0,0,1.693840734412,-0.566085259855,33005281.80805,31212250.1130126,164021428.1166,0.00598092686032,0,0,0,5.069538431573,7.122639828796e-82,0,-1.000940121465,-0.5669810213231,-14.58328634864,-2.769271089808,1.348942627804,-13.24079634778,14785.47811424,-2813.582934439,0,0,259554.400,2296,352,0,372295.8871403
372500,27897870.37686,9507581.126798,2654751.64362,0,0,0,1.693833268155,-0.5660474579881,33005000.44189,31211968.7470384,164019949.5284,0.005980926859706,0,0,0,5.069538431573,7.121060275554e-82,0,-1.000913742858,-0.5669433289392,-14.58275784298,-2.769349519986,1.348937211336,-13.24034783913,14786.28545045,-2813.736565411,0,0,259554.500,2296,352,0,372395.8880789
372600,27897846.16372,9507568.916447,2655050.677191,0,0,0,1.693825791909,-0.566009654689,33004719.06037,31211687.3657011,164018470.8595,0.005980926859091,0,0,0,5.069538431573,7.119480990813e-82,0,-1.000887369503,-0.5669056348856,-14.5822293139,-2.76942797478,1.348931794979,-13.23989929924,14787.09271814,-2813.890183344,0,0,259554.600,2296,352,0,372495.8890174
372700,27897821.94758,9507556.705493,2655349.710353,0,0,0,1.693818305672,-0.5659718499579,33004437.66348,31211405.9690015,164016992.1099,0.005980926858477,0,0,0,5.069538431573,7.117901974613e-82,0,-1.00086099757,-0.5668679396027,-14.58170076759,-2.769506422931,1.348926378732,-13.23945073429,14787.90002498,-2814.043808728,0,0,259554.700,2296,352,0,372595.8899561
372800,27897797.72846,9507544.493934,2655648.743108,0,0,0,1.693810809443,-0.565934043795,33004156.25124,31211124.5569406,164015513.2795,0.005980926857862,0,0,0,5.069538431573,7.116323226978e-82,0,-1.00083462792,-0.5668302426029,-14.58117219721,-2.769584855414,1.348920962596,-13.23900213745,14788.7072633,-2814.197421074,0,0,259554.800,2296,352,0,372695.8908948
372900,27897773.50635,9507532.281772,2655947.775454,0,0,0,1.693803303221,-0.5658962362003,33003874.82363,31210843.1295192,164014034.3684,0.005980926857247,0,0,0,5.069538431573,7.114744747952e-82,0,-1.000808261281,-0.5667925445082,-14.58064361147,-2.769663288106,1.348915546571,-13.23855351742,14789.51442332,-2814.351018518,0,0,259554.900,2296,352,0,372795.8918335
373000,27897749.28126,9507520.069006,2656246.807391,0,0,0,1.693795787004,-0.5658584271739,33003593.38067,31210561.6867383,164012555.3766,0.005980926856633,0,0,0,5.069538431573,7.113166537558e-82,0,-1.000781896917,-0.5667548448275,-14.58011500349,-2.769741688562,1.348910130657,-13.23810486733,14790.3215344,-2814.504606649,0,0,259555.000,2296,352,0,372895.8927723
373100,27897725.05318,9507507.855636,2656545.838921,0,0,0,1.693788260793,-0.565820616716,33003311.92234,31210280.2285987,164011076.3041,0.005980926856018,0,0,0,5.069538431573,7.111588595832e-82,0,-1.000755533662,-0.5667171436095,-14.57958637396,-2.769820116273,1.348904714854,-13.23765618784,14791.12861611,-2814.658189192,0,0,259555.100,2296,352,0,372995.8937111
373200,27897700.82212,9507495.641663,2656844.870041,0,0,0,1.693780724584,-0.5657828048267,33003030.44866,31209998.7551013,164009597.1509,0.005980926855404,0,0,0,5.069538431573,7.110010922807e-82,0,-1.000729175777,-0.5666794411607,-14.57905772717,-2.769898554982,1.348899299163,-13.23720748327,14791.93563909,-2814.81176056,0,0,259555.200,2296,352,0,373095.89465
373300,27897676.58807,9507483.427086,2657143.900753,0,0,0,1.693773178377,-0.5657449915061,33002748.95962,31209717.2662471,164008117.917,0.005980926854789,0,0,0,5.069538431573,7.108433518513e-82,0,-1.000702819389,-0.5666417371491,-14.57852905847,-2.769976976243,1.348893883582,-13.23675874895,14792.74260334,-2814.965320751,0,0,259555.300,2296,352,0,373195.895589
373400,27897652.35103,9507471.211906,2657442.931057,0,0,0,1.693765622171,-0.5657071767543,33002467.45523,31209435.7620369,164006638.6024,0.005980926854175,0,0,0,5.069538431573,7.106856382986e-82,0,-1.000676465267,-0.5666040315983,-14.57800036819,-2.77005541736,1.348888468112,-13.23630998521,14793.5494795,-2815.118864179,0,0,259555.400,2296,352,0,373295.896528
373500,27897628.11101,9507458.996123,2657741.960951,0,0,0,1.693758055965,-0.5656693605715,33002185.93548,31209154.2424716,164005159.2071,0.00598092685356,0,0,0,5.069538431573,7.105279516257e-82,0,-1.000650113694,-0.566566324726,-14.57747165937,-2.770133826492,1.348883052754,-13.23586119511,14794.35647312,-2815.272429958,0,0,259555.500,2296,352,0,373395.897467
373600,27897603.868,9507446.779735,2658040.990437,0,0,0,1.693750479757,-0.5656315429577,33001904.40038,31208872.7075522,164003679.7311,0.005980926852946,0,0,0,5.069538431573,7.103702918359e-82,0,-1.000623763414,-0.5665286166683,-14.57694293394,-2.770212243996,1.348877637507,-13.23541238054,14795.16329055,-2815.42596221,0,0,259555.600,2296,352,0,373495.8984061
373700,27897579.62201,9507434.562745,2658340.019514,0,0,0,1.693742893545,-0.5655937239131,33001622.84992,31208591.1572795,164002200.1744,0.005980926852331,0,0,0,5.069538431573,7.102126589322e-82,0,-1.000597418495,-0.5664909070022,-14.57641418595,-2.770290672906,1.348872222372,-13.23496353558,14795.97004925,-2815.579483286,0,0,259555.700,2296,352,0,373595.8993453
373800,27897555.37303,9507422.345151,2658639.048183,0,0,0,1.69373529733,-0.5655559034377,33001341.28411,31208309.5916544,164000720.5371,0.005980926851717,0,0,0,5.069538431573,7.100550529179e-82,0,-1.000571074482,-0.5664531956484,-14.5758854143,-2.770369067457,1.348866807348,-13.23451465911,14796.77682752,-2815.733008087,0,0,259555.800,2296,352,0,373695.9002845
373900,27897531.12106,9507410.126954,2658938.076443,0,0,0,1.693727691109,-0.5655180815318,33001059.70295,31208028.0106778,163999240.8191,0.005980926851102,0,0,0,5.069538431573,7.098974737961e-82,0,-1.000544733341,-0.5664154829924,-14.57535662439,-2.770447478593,1.348861392435,-13.23406575654,14797.58355685,-2815.886523575,0,0,259555.900,2296,352,0,373795.9012237
374000,27897506.86611,9507397.908154,2659237.104293,0,0,0,1.693720074882,-0.5654802581954,33000778.10644,31207746.4143507,163997761.0204,0.005980926850488,0,0,0,5.069538431573,7.097399215704e-82,0,-1.000518394735,-0.5663777688077,-14.57482781304,-2.770525877427,1.348855977634,-13.23361682469,14798.39021767,-2816.040026024,0,0,259556.000,2296,352,0,373895.902163
374100,27897482.60817,9507385.688751,2659536.131735,0,0,0,1.693712448646,-0.5654424334286,33000496.49458,31207464.8026738,163996281.141,0.005980926849873,0,0,0,5.069538431573,7.095823962438e-82,0,-1.00049205866,-0.5663400534412,-14.57429898513,-2.770604285971,1.348850562945,-13.23316786843,14799.19681976,-2816.193517298,0,0,259556.100,2296,352,0,373995.9031024
374200,27897458.34725,9507373.468744,2659835.158768,0,0,0,1.693704812401,-0.5654046072316,33000214.86737,31207183.1756482,163994801.181,0.005980926849258,0,0,0,5.069538431573,7.094248978196e-82,0,-1.000465723692,-0.5663023365084,-14.57377013525,-2.77068272528,1.348845148367,-13.23271888235,14800.0033729,-2816.346999258,0,0,259556.200,2296,352,0,374095.9040418
374300,27897434.08334,9507361.248135,2660134.185392,0,0,0,1.693697166146,-0.5653667796045,32999933.22481,31206901.5332747,163993321.1403,0.005980926848644,0,0,0,5.069538431573,7.092674263007e-82,0,-1.000439394277,-0.5662646181471,-14.57324126534,-2.770761126143,1.348839733901,-13.23226986838,14800.80992605,-2816.500481218,0,0,259556.300,2296,352,0,374195.9049813
374400,27897409.81644,9507349.026922,2660433.211606,0,0,0,1.693689509879,-0.5653289505474,32999651.5669,31206619.8755542,163991841.019,0.005980926848029,0,0,0,5.069538431573,7.091099816907e-82,0,-1.000413065877,-0.5662268982178,-14.57271237345,-2.770839529265,1.348834319547,-13.23182082459,14801.61641067,-2816.65395014,0,0,259556.400,2296,352,0,374295.9059208
374500,27897385.54656,9507336.805106,2660732.237412,0,0,0,1.693681843599,-0.5652911200603,32999369.89365,31206338.2024876,163990360.8171,0.005980926847415,0,0,0,5.069538431573,7.089525639925e-82,0,-1.00038674027,-0.5661891771461,-14.57218346554,-2.770917894126,1.348828905305,-13.23137175691,14802.42276805,-2816.807394847,0,0,259556.500,2296,352,0,374395.9068603
374600,27897361.27369,9507324.582688,2661031.262808,0,0,0,1.693674167305,-0.5652532881435,32999088.20506,31206056.5140757,163988880.5345,0.0059809268468,0,0,0,5.069538431573,7.087951732094e-82,0,-1.000360417118,-0.5661514543675,-14.57165453369,-2.770996315673,1.348823491175,-13.23092265745,14803.2290667,-2816.960828379,0,0,259556.600,2296,352,0,374495.9077999
374700,27897336.99784,9507312.359666,2661330.287796,0,0,0,1.693666480996,-0.565215454797,32998806.50112,31205774.8103196,163987400.1713,0.005980926846186,0,0,0,5.069538431573,7.086378093446e-82,0,-1.000334096478,-0.5661137302294,-14.57112558279,-2.771074705102,1.348818077157,-13.23047353107,14804.03543387,-2817.114274949,0,0,259556.700,2296,352,0,374595.9087396
374800,27897312.719,9507300.136042,2661629.312374,0,0,0,1.69365878467,-0.565177620021,32998524.78183,31205493.0912201,163985919.7274,0.005980926845571,0,0,0,5.069538431573,7.084804724012e-82,0,-1.000307777015,-0.5660760047347,-14.57059661286,-2.771153098614,1.348812663251,-13.23002437781,14804.84176189,-2817.267714068,0,0,259556.800,2296,352,0,374695.9096793
374900,27897288.43717,9507287.911815,2661928.336542,0,0,0,1.693651078326,-0.5651397838156,32998243.04721,31205211.3567781,163984439.2029,0.005980926844957,0,0,0,5.069538431573,7.083231623823e-82,0,-1.000281462803,-0.5660382778292,-14.57006762315,-2.77123149072,1.348807249457,-13.22957519691,14805.64797244,-2817.421130836,0,0,259556.900,2296,352,0,374795.9106191
375000,27897264.15236,9507275.686985,2662227.360301,0,0,0,1.693643361963,-0.5651019461809,32997961.29724,31204929.6069944,163982958.5978,0.005980926844342,0,0,0,5.069538431573,7.081658792911e-82,0,-1.000255150133,-0.5660005493602,-14.56953861152,-2.771309846361,1.348801835775,-13.22912598622,14806.45408512,-2817.574528977,0,0,259557.000,2296,352,0,374895.9115589
375100,27897239.86456,9507263.461552,2662526.383651,0,0,0,1.69363563558,-0.5650641071169,32997679.53193,31204647.8418701,163981477.9121,0.005980926843728,0,0,0,5.069538431573,7.080086231311e-82,0,-1.000228839737,-0.5659628195607,-14.56900958123,-2.771388275495,1.348796422205,-13.22867674901,14807.26022715,-2817.727932706,0,0,259557.100,2296,352,0,374995.9124988
375200,27897215.57378,9507251.235517,2662825.406592,0,0,0,1.693627899174,-0.5650262666239,32997397.75128,31204366.061406,163979997.1457,0.005980926843113,0,0,0,5.069538431573,7.078513939048e-82,0,-1.000202531902,-0.5659250881259,-14.56848052801,-2.771466676218,1.348791008748,-13.22822748101,14808.0663594,-2817.881334573,0,0,259557.200,2296,352,0,375095.9134387
375300,27897191.28001,9507239.008879,2663124.429123,0,0,0,1.693620152746,-0.5649884247019,32997115.9553,31204084.2656029,163978516.2988,0.005980926842499,0,0,0,5.069538431573,7.076941916162e-82,0,-1.000176224965,-0.5658873555012,-14.56795145811,-2.771545060339,1.348785595403,-13.22777818846,14808.8724525,-2818.034728989,0,0,259557.300,2296,352,0,375195.9143787
375400,27897166.98325,9507226.781638,2663423.451244,0,0,0,1.693612396294,-0.5649505813511,32996834.14397,31203802.4544618,163977035.3713,0.005980926841884,0,0,0,5.069538431573,7.075370162678e-82,0,-1.000149923961,-0.5658496213531,-14.56742236684,-2.771623440765,1.348780182171,-13.22732886668,14809.67843793,-2818.188102916,0,0,259557.400,2296,352,0,375295.9153187
375500,27897142.68351,9507214.553795,2663722.472956,0,0,0,1.693604629817,-0.5649127365716,32996552.31731,31203520.6279836,163975554.3631,0.00598092684127,0,0,0,5.069538431573,7.073798678625e-82,0,-1.000123623501,-0.5658118855037,-14.56689325173,-2.771701767351,1.348774769051,-13.22687951317,14810.48431568,-2818.341456354,0,0,259557.500,2296,352,0,375395.9162587
375600,27897118.38078,9507202.325349,2664021.494258,0,0,0,1.693596853313,-0.5648748903635,32996270.47531,31203238.7861692,163974073.2744,0.005980926840655,0,0,0,5.069538431573,7.072227464042e-82,0,-1.000097326152,-0.5657741486063,-14.56636412191,-2.771780168082,1.348769356044,-13.22643013709,14811.29027174,-2818.494824693,0,0,259557.600,2296,352,0,375495.9171989
375700,27897094.07507,9507190.096301,2664320.515151,0,0,0,1.693589066781,-0.5648370427268,32995988.61797,31202956.9290195,163972592.1051,0.00598092684004,0,0,0,5.069538431573,7.070656518957e-82,0,-1.000071031177,-0.5657364100463,-14.56583496879,-2.771858557636,1.348763943149,-13.22598072983,14812.09612013,-2818.648172542,0,0,259557.700,2296,352,0,375595.918139
375800,27897069.76637,9507177.86665,2664619.535633,0,0,0,1.693581270219,-0.5647991936618,32995706.74531,31202675.0565353,163971110.8552,0.005980926839426,0,0,0,5.069538431573,7.0690858434e-82,0,-1.000044738996,-0.5656986703306,-14.56530579946,-2.771936932,1.348758530367,-13.22553129849,14812.90197831,-2818.801522255,0,0,259557.800,2296,352,0,375695.9190793
375900,27897045.45468,9507165.636398,2664918.555706,0,0,0,1.693573463628,-0.5647613431686,32995424.8573,31202393.1687177,163969629.5247,0.005980926838811,0,0,0,5.069538431573,7.067515437401e-82,0,-1.00001844763,-0.5656609288532,-14.56477660543,-2.772015324031,1.348753117697,-13.22508183457,14813.70773861,-2818.954853341,0,0,259557.900,2296,352,0,375795.9200195
376000,27897021.14001,9507153.405542,2665217.57537,0,0,0,1.693565647005,-0.5647234912472,32995142.95397,31202111.2655674,163968148.1136,0.005980926838197,0,0,0,5.069538431573,7.065945300995e-82,0,-0.9999921618516,-0.5656231859853,-14.5642473919,-2.772093659023,1.348747705141,-13.22463234328,14814.51340102,-2819.108165801,0,0,259558.000,2296,352,0,375895.9209599
376100,27896996.82235,9507141.174085,2665516.594623,0,0,0,1.693557820349,-0.5646856378977,32994861.0353,31201829.3470853,163966666.622,0.005980926837582,0,0,0,5.069538431573,7.064375434215e-82,0,-0.9999658774428,-0.5655854419816,-14.56371816245,-2.772172050864,1.348742292697,-13.22418282818,14815.31903407,-2819.261472672,0,0,259558.100,2296,352,0,375995.9219003
376200,27896972.5017,9507128.942025,2665815.613466,0,0,0,1.693549983658,-0.5646477831204,32994579.10131,31201547.4132725,163965185.0498,0.005980926836968,0,0,0,5.069538431573,7.062805837083e-82,0,-0.9999395951443,-0.5655476963205,-14.56318890976,-2.772250429626,1.348736880367,-13.22373328196,14816.12466712,-2819.414779544,0,0,259558.200,2296,352,0,376095.9228407
376300,27896948.17807,9507116.709363,2666114.6319,0,0,0,1.693542136933,-0.5646099269153,32994297.15198,31201265.4641297,163963703.3971,0.005980926836353,0,0,0,5.069538431573,7.061236509636e-82,0,-0.9999133158432,-0.5655099492837,-14.56265963777,-2.772328793247,1.348731468149,-13.22328370856,14816.93020228,-2819.568067789,0,0,259558.300,2296,352,0,376195.9237812
376400,27896923.85145,9507104.476099,2666413.649924,0,0,0,1.693534280171,-0.5645720692825,32994015.18732,31200983.4996579,163962221.6638,0.005980926835739,0,0,0,5.069538431573,7.059667451907e-82,0,-0.9998870375127,-0.5654722007924,-14.5621303454,-2.772407136208,1.348726056044,-13.22283410689,14817.73579618,-2819.72136721,0,0,259558.400,2296,352,0,376295.9247217
376500,27896899.52185,9507092.242233,2666712.667537,0,0,0,1.69352641337,-0.5645342102221,32993733.20734,31200701.519858,163960739.8499,0.005980926835124,0,0,0,5.069538431573,7.05809866392e-82,0,-0.9998607644122,-0.5654344507031,-14.56160103061,-2.772485461053,1.348720644053,-13.22238447493,14818.54123346,-2819.874636829,0,0,259558.500,2296,352,0,376395.9256623
376600,27896875.18926,9507080.007764,2667011.68474,0,0,0,1.693518536531,-0.5644963497343,32993451.21203,31200419.5247309,163959257.9555,0.00598092683451,0,0,0,5.069538431573,7.056530145716e-82,0,-0.9998344925252,-0.5653966994127,-14.56107169899,-2.772563843698,1.348715232174,-13.22193481823,14819.3466218,-2820.027897134,0,0,259558.600,2296,352,0,376495.9266029
376700,27896850.85368,9507067.772694,2667310.701534,0,0,0,1.693510649652,-0.5644584878192,32993169.20139,31200137.5142774,163957775.9806,0.005980926833895,0,0,0,5.069538431573,7.054961897314e-82,0,-0.9998082232429,-0.5653589464295,-14.56054234363,-2.772642234354,1.348709820409,-13.22148512991,14820.15198078,-2820.181151852,0,0,259558.700,2296,352,0,376595.9275436
376800,27896826.51512,9507055.537022,2667609.717917,0,0,0,1.69350275273,-0.5644206244769,32992887.17543,31199855.4884985,163956293.9251,0.005980926833281,0,0,0,5.069538431573,7.053393918752e-82,0,-0.9997819567466,-0.5653211922603,-14.56001297164,-2.772720587409,1.348704408757,-13.22103541707,14820.95732997,-2820.334404707,0,0,259558.800,2296,352,0,376695.9284843
376900,27896802.17357,9507043.300748,2667908.733889,0,0,0,1.693494845766,-0.5643827597074,32992605.13414,31199573.447395,163954811.7891,0.005980926832666,0,0,0,5.069538431573,7.05182621006e-82,0,-0.9997556924724,-0.5652834365786,-14.55948357844,-2.772798916411,1.348698997218,-13.22058567512,14821.76269873,-2820.487661287,0,0,259558.900,2296,352,0,376795.9294251
377000,27896777.82904,9507031.063872,2668207.749452,0,0,0,1.693486928758,-0.5643448935111,32992323.07753,31199291.390968,163953329.5726,0.005980926832052,0,0,0,5.069538431573,7.050258771267e-82,0,-0.9997294294825,-0.5652456795224,-14.55895416597,-2.772877255099,1.348693585793,-13.22013590601,14822.56790109,-2820.640886202,0,0,259559.000,2296,352,0,376895.930366
377100,27896753.48152,9507018.826394,2668506.764604,0,0,0,1.693479001704,-0.5643070258878,32992041.00559,31199009.3192181,163951847.2756,0.005980926831437,0,0,0,5.069538431573,7.048691602405e-82,0,-0.9997031717637,-0.5652079208237,-14.55842473047,-2.77295562728,1.348688174482,-13.21968610598,14823.37303494,-2820.794098079,0,0,259559.100,2296,352,0,376995.9313069
377200,27896729.13101,9507006.588314,2668805.779346,0,0,0,1.693471064604,-0.5642691568378,32991758.91834,31198727.2321465,163950364.898,0.005980926830822,0,0,0,5.069538431573,7.047124703501e-82,0,-0.9996769152114,-0.5651701607418,-14.55789527558,-2.773033966484,1.348682763284,-13.21923627865,14824.17822752,-2820.947321132,0,0,259559.200,2296,352,0,377095.9322478
377300,27896704.77752,9506994.349633,2669104.793678,0,0,0,1.693463117455,-0.5642312863612,32991476.81576,31198445.1297539,163948882.4399,0.005980926830208,0,0,0,5.069538431573,7.045558074593e-82,0,-0.9996506615362,-0.565132399417,-14.55736580326,-2.773112309168,1.348677352199,-13.21878642599,14824.98340052,-2821.100540459,0,0,259559.300,2296,352,0,377195.9331888
377400,27896680.42104,9506982.110349,2669403.807599,0,0,0,1.693455160258,-0.5641934144581,32991194.69786,31198163.0120413,163947399.9013,0.005980926829593,0,0,0,5.069538431573,7.043991715705e-82,0,-0.9996244102465,-0.5650946365863,-14.55683630982,-2.773190629219,1.348671941228,-13.21833654432,14825.78844627,-2821.253735572,0,0,259559.400,2296,352,0,377295.9341298
377500,27896656.06157,9506969.870465,2669702.821109,0,0,0,1.69344719301,-0.5641555411286,32990912.56465,31197880.8790096,163945917.2822,0.005980926828979,0,0,0,5.069538431573,7.04242562687e-82,0,-0.9995981618012,-0.5650568724438,-14.55630679799,-2.773268958365,1.348666530371,-13.21788663635,14826.59343329,-2821.406919509,0,0,259559.500,2296,352,0,377395.9350709
377600,27896631.69912,9506957.629978,2670001.834209,0,0,0,1.69343921571,-0.5641176663728,32990630.41611,31197598.7306596,163944434.5826,0.005980926828364,0,0,0,5.069538431573,7.040859808114e-82,0,-0.9995719140641,-0.5650191066481,-14.55577726298,-2.77334734134,1.348661119628,-13.2174366973,14827.39837137,-2821.560094133,0,0,259559.600,2296,352,0,377495.9360121
377700,27896607.33368,9506945.38889,2670300.846898,0,0,0,1.693431228357,-0.5640797901908,32990348.25226,31197316.5669923,163942951.8026,0.00598092682775,0,0,0,5.069538431573,7.039294259476e-82,0,-0.9995456718818,-0.5649813394728,-14.55524770862,-2.773425691255,1.348655708998,-13.21698673099,14828.20326051,-2821.713259444,0,0,259559.700,2296,352,0,377595.9369533
377800,27896582.96526,9506933.147201,2670599.859177,0,0,0,1.693423230951,-0.5640419125828,32990066.0731,31197034.3880085,163941468.942,0.005980926827135,0,0,0,5.069538431573,7.037728980977e-82,0,-0.9995194309569,-0.5649435708392,-14.55471813382,-2.77350402367,1.348650298483,-13.21653673634,14829.00813986,-2821.866422892,0,0,259559.800,2296,352,0,377695.9378945
377900,27896558.59384,9506920.90491,2670898.871045,0,0,0,1.693415223488,-0.5640040335489,32989783.87861,31196752.1937092,163939986.0009,0.005980926826521,0,0,0,5.069538431573,7.036163972652e-82,0,-0.9994931924629,-0.5649058008366,-14.55418853982,-2.773582334181,1.348644888081,-13.21608671457,14829.81298006,-2822.019578889,0,0,259559.900,2296,352,0,377795.9388358
378000,27896534.21945,9506908.662017,2671197.882503,0,0,0,1.693407205969,-0.5639661530892,32989501.66881,31196469.9840953,163938502.9794,0.005980926825906,0,0,0,5.069538431573,7.03459923453e-82,0,-0.9994669568106,-0.5648680294306,-14.55365892615,-2.773660632211,1.348639477794,-13.21563666522,14830.61771259,-2822.172714397,0,0,259560.000,2296,352,0,377895.9397772
378100,27896509.84206,9506896.418524,2671496.893549,0,0,0,1.693399178392,-0.5639282712038,32989219.4437,31196187.7591677,163937019.8774,0.005980926825292,0,0,0,5.069538431573,7.033034766642e-82,0,-0.9994407218416,-0.5648302563609,-14.55312928914,-2.773738984095,1.34863406762,-13.21518658463,14831.42239618,-2822.325840592,0,0,259560.100,2296,352,0,377995.9407186
378200,27896485.4617,9506884.174428,2671795.904185,0,0,0,1.693391140756,-0.5638903878928,32988937.20328,31195905.5189272,163935536.6949,0.005980926824677,0,0,0,5.069538431573,7.031470569017e-82,0,-0.9994144926541,-0.5647924820501,-14.55259963474,-2.773817323045,1.348628657561,-13.21473647872,14832.22706997,-2822.478964925,0,0,259560.200,2296,352,0,378095.94166
378300,27896461.07834,9506871.929732,2672094.91441,0,0,0,1.693383093059,-0.5638525031563,32988654.94754,31195623.2633748,163934053.432,0.005980926824063,0,0,0,5.069538431573,7.029906641685e-82,0,-0.9993882641981,-0.5647547062143,-14.55206995895,-2.773895649458,1.348623247616,-13.21428634351,14833.03171441,-2822.632083669,0,0,259560.300,2296,352,0,378195.9426015
378400,27896436.692,9506859.684434,2672393.924224,0,0,0,1.693375035301,-0.5638146169945,32988372.67649,31195340.9925114,163932570.0886,0.005980926823448,0,0,0,5.069538431573,7.028342984677e-82,0,-0.9993620388204,-0.5647169290482,-14.5515402645,-2.773973970821,1.348617837785,-13.21383618173,14833.83626096,-2822.785183787,0,0,259560.400,2296,352,0,378295.9435431
378500,27896412.30267,9506847.438536,2672692.933627,0,0,0,1.693366967479,-0.5637767294075,32988090.39013,31195058.7063378,163931086.6647,0.005980926822834,0,0,0,5.069538431573,7.026779598023e-82,0,-0.9993358158477,-0.5646791503786,-14.55101054898,-2.774052278049,1.348612428068,-13.21338599096,14834.64074878,-2822.93827273,0,0,259560.500,2296,352,0,378395.9444847
378600,27896387.91036,9506835.192036,2672991.942618,0,0,0,1.693358889594,-0.5637388403954,32987808.08847,31194776.404855,163929603.1604,0.005980926822219,0,0,0,5.069538431573,7.02521648175e-82,0,-0.9993095951527,-0.5646413703696,-14.55048081468,-2.774130620331,1.348607018466,-13.21293577348,14835.44527575,-2823.091369122,0,0,259560.600,2296,352,0,378495.9454263
378700,27896363.51505,9506822.944934,2673290.951199,0,0,0,1.693350801642,-0.5637009499582,32987525.77149,31194494.0880639,163928119.5757,0.005980926821604,0,0,0,5.069538431573,7.023653635892e-82,0,-0.9992833758278,-0.5646035889764,-14.54995106097,-2.774208949714,1.348601608979,-13.21248552867,14836.24970484,-2823.244446889,0,0,259560.700,2296,352,0,378595.946368
378800,27896339.11677,9506810.697232,2673589.959369,0,0,0,1.693342703624,-0.5636630580962,32987243.43921,31194211.7559653,163926635.9105,0.00598092682099,0,0,0,5.069538431573,7.022091060479e-82,0,-0.9992571619571,-0.5645658061119,-14.54942128662,-2.774287264679,1.348596199605,-13.21203525531,14837.05408499,-2823.397515342,0,0,259560.800,2296,352,0,378695.9473098
378900,27896314.71549,9506798.448929,2673888.967128,0,0,0,1.693334595538,-0.5636251648094,32986961.09162,31193929.4085602,163925152.1649,0.005980926820375,0,0,0,5.069538431573,7.020528755532e-82,0,-0.9992309490407,-0.5645280216871,-14.5488914904,-2.774365534876,1.348590790347,-13.21158495214,14837.85845536,-2823.550581932,0,0,259560.900,2296,352,0,378795.9482516
379000,27896290.31123,9506786.200025,2674187.974475,0,0,0,1.693326477382,-0.563587270098,32986678.72873,31193647.0458495,163923668.3388,0.005980926819761,0,0,0,5.069538431573,7.018966721092e-82,0,-0.9992047389843,-0.5644902360925,-14.54836167778,-2.774443833168,1.348585381203,-13.21113462464,14838.66276699,-2823.703637347,0,0,259561.000,2296,352,0,378895.9491935
379100,27896265.90399,9506773.950519,2674486.981411,0,0,0,1.693318349156,-0.5635493739621,32986396.35053,31193364.667834,163922184.4323,0.005980926819146,0,0,0,5.069538431573,7.017404957181e-82,0,-0.999178531378,-0.5644524487562,-14.54783184074,-2.774522165811,1.348579972174,-13.2106842648,14839.4670101,-2823.856679723,0,0,259561.100,2296,352,0,378995.9501354
379200,27896241.49376,9506761.700413,2674785.987936,0,0,0,1.693310210858,-0.5635114764017,32986113.95702,31193082.2745147,163920700.4454,0.005980926818532,0,0,0,5.069538431573,7.01584346383e-82,0,-0.9991523263092,-0.5644146602168,-14.54730198683,-2.774600484521,1.348574563259,-13.21023388015,14840.27122385,-2824.009716511,0,0,259561.200,2296,352,0,379095.9510773
379300,27896217.08054,9506749.449706,2675084.99405,0,0,0,1.693302062487,-0.5634735774171,32985831.54822,31192799.8658926,163919216.3781,0.005980926817917,0,0,0,5.069538431573,7.014282241069e-82,0,-0.9991261221496,-0.5643768699538,-14.54677210874,-2.774678788188,1.34856915446,-13.20978346341,14841.07540824,-2824.162747711,0,0,259561.300,2296,352,0,379195.9520194
379400,27896192.66433,9506737.198399,2675383.999752,0,0,0,1.693293904041,-0.5634356770082,32985549.12411,31192517.4419683,163917732.2303,0.005980926817303,0,0,0,5.069538431573,7.01272128893e-82,0,-0.9990999236179,-0.56433907833,-14.54624221158,-2.774757091681,1.348563745775,-13.20933301965,14841.87948495,-2824.315758422,0,0,259561.400,2296,352,0,379295.9529614
379500,27896168.24514,9506724.94649,2675683.005043,0,0,0,1.69328573552,-0.5633977751753,32985266.6847,31192235.002743,163916248.0022,0.005980926816688,0,0,0,5.069538431573,7.011160607441e-82,0,-0.9990737261644,-0.5643012855671,-14.54571229845,-2.774835380782,1.348558337205,-13.20888255198,14842.68351272,-2824.46875982,0,0,259561.500,2296,352,0,379395.9539035
379600,27896143.82296,9506712.693981,2675982.009922,0,0,0,1.693277556922,-0.5633598719185,32984984.22999,31191952.5482174,163914763.6936,0.005980926816074,0,0,0,5.069538431573,7.009600196628e-82,0,-0.9990475316353,-0.5642634910979,-14.54518236139,-2.774913702446,1.34855292875,-13.20843205245,14843.4874524,-2824.621744454,0,0,259561.600,2296,352,0,379495.9548457
379700,27896119.3978,9506700.440871,2676281.01439,0,0,0,1.693269368246,-0.5633219672378,32984701.75998,31191670.0783925,163913279.3047,0.005980926815459,0,0,0,5.069538431573,7.008040056528e-82,0,-0.9990213394809,-0.5642256954223,-14.54465240742,-2.77499199262,1.348547520411,-13.20798152807,14844.29147039,-2824.774743989,0,0,259561.700,2296,352,0,379595.9557879
379800,27896094.96965,9506688.187161,2676580.018446,0,0,0,1.69326116949,-0.5632840611334,32984419.27467,31191387.5932692,163911794.8354,0.005980926814845,0,0,0,5.069538431573,7.006480187158e-82,0,-0.9989951483446,-0.5641878981036,-14.54412243041,-2.775070264495,1.348542112186,-13.20753097271,14845.09542964,-2824.927732348,0,0,259561.800,2296,352,0,379695.9567302
379900,27896070.53851,9506675.93285,2676879.022091,0,0,0,1.693252960653,-0.5632461536054,32984136.77407,31191105.0928483,163910310.2856,0.00598092681423,0,0,0,5.069538431573,7.004920588559e-82,0,-0.9989689625618,-0.5641500996751,-14.54359243783,-2.775148557427,1.348536704077,-13.20708039385,14845.89928122,-2825.080700219,0,0,259561.900,2296,352,0,379795.9576725
380000,27896046.10439,9506663.677938,2677178.025324,0,0,0,1.693244741735,-0.563208244654,32983854.25816,31190822.5771309,163908825.6555,0.005980926813616,0,0,0,5.069538431573,7.003361260753e-82,0,-0.9989427779396,-0.5641122993723,-14.54306241898,-2.775226836258,1.348531296083,-13.20662978076,14846.70302514,-2825.2336476,0,0,259562.000,2296,352,0,379895.9586149
380100,27896021.66728,9506651.422426,2677477.028145,0,0,0,1.693236512733,-0.5631703342791,32983571.72697,31190540.0461177,163907340.945,0.005980926813001,0,0,0,5.069538431573,7.001802203772e-82,0,-0.9989165962992,-0.5640744979891,-14.54253238498,-2.775305170661,1.348525888204,-13.20617914458,14847.50674947,-2825.386591256,0,0,259562.100,2296,352,0,379995.9595573
380200,27895997.22718,9506639.166313,2677776.030555,0,0,0,1.693228273647,-0.563132422481,32983289.18047,31190257.4998097,163905856.1541,0.005980926812387,0,0,0,5.069538431573,7.000243417646e-82,0,-0.998890416796,-0.5640366950191,-14.54200232872,-2.775383470606,1.34852048044,-13.2057284782,14848.3105619,-2825.539551675,0,0,259562.200,2296,352,0,380095.9604998
380300,27895972.7841,9506626.9096,2678075.032553,0,0,0,1.693220024475,-0.5630945092598,32983006.61869,31189974.9382078,163904371.2829,0.005980926811772,0,0,0,5.069538431573,6.998684902402e-82,0,-0.9988642397318,-0.5639988906057,-14.54147225223,-2.775461732702,1.348515072792,-13.20527778364,14849.1142373,-2825.692486018,0,0,259562.300,2296,352,0,380195.9614423
380400,27895948.33803,9506614.652287,2678374.034139,0,0,0,1.693211765216,-0.5630565946156,32982724.04161,31189692.3613129,163902886.3313,0.005980926811157,0,0,0,5.069538431573,6.99712665807e-82,0,-0.9988380640045,-0.5639610848354,-14.54094215672,-2.775540017226,1.34850966526,-13.2048270621,14849.9179029,-2825.845418498,0,0,259562.400,2296,352,0,380295.9623849
380500,27895923.88898,9506602.394373,2678673.035313,0,0,0,1.693203495868,-0.5630186785484,32982441.44924,31189409.7691259,163901401.2993,0.005980926810543,0,0,0,5.069538431573,6.995568684678e-82,0,-0.9988118936796,-0.5639232777767,-14.54041204313,-2.775618263123,1.348504257843,-13.20437631455,14850.72145105,-2825.998328626,0,0,259562.500,2296,352,0,380395.9633275
380600,27895899.43694,9506590.13586,2678972.036075,0,0,0,1.693195216431,-0.5629807610585,32982158.84158,31189127.1616477,163899916.187,0.005980926809928,0,0,0,5.069538431573,6.994010982254e-82,0,-0.9987857244564,-0.5638854688715,-14.53988190366,-2.775696566771,1.348498850542,-13.20392553315,14851.52496005,-2826.151231304,0,0,259562.600,2296,352,0,380495.9642702
380700,27895874.98191,9506577.876745,2679271.036425,0,0,0,1.693186926903,-0.5629428421459,32981876.21862,31188844.5388792,163898430.9943,0.005980926809314,0,0,0,5.069538431573,6.992453550827e-82,0,-0.9987595580728,-0.5638476588724,-14.53935174885,-2.775774858162,1.348493443356,-13.20347472845,14852.32847883,-2826.304135844,0,0,259562.700,2296,352,0,380595.9652129
380800,27895850.52389,9506565.617031,2679570.036363,0,0,0,1.693178627283,-0.5629049218107,32981593.58038,31188561.9008212,163896945.7213,0.005980926808699,0,0,0,5.069538431573,6.99089639043e-82,0,-0.998733394073,-0.5638098473061,-14.53882157206,-2.775853109818,1.348488036286,-13.20302389383,14853.13192909,-2826.457027346,0,0,259562.800,2296,352,0,380695.9661557
380900,27895826.06289,9506553.356717,2679869.035889,0,0,0,1.69317031757,-0.5628670000531,32981310.92685,31188279.2474748,163895460.368,0.005980926808085,0,0,0,5.069538431573,6.989339501087e-82,0,-0.9987072309749,-0.5637720344406,-14.53829137706,-2.775931405748,1.348482629332,-13.20257303303,14853.93537936,-2826.609918848,0,0,259562.900,2296,352,0,380795.9670985
381000,27895801.59891,9506541.095802,2680168.035003,0,0,0,1.693161997761,-0.5628290768732,32981028.25803,31187996.5788408,163893974.9343,0.00598092680747,0,0,0,5.069538431573,6.987782882827e-82,0,-0.9986810734491,-0.5637342199175,-14.53776115882,-2.776009688272,1.348477222494,-13.20212214103,14854.73865343,-2826.762776822,0,0,259563.000,2296,352,0,380895.9680414
381100,27895777.13193,9506528.834288,2680467.033705,0,0,0,1.693153667857,-0.5627911522711,32980745.57393,31187713.8949201,163892489.4202,0.005980926806856,0,0,0,5.069538431573,6.98622653568e-82,0,-0.9986549172517,-0.5636964042649,-14.53723092473,-2.776087956838,1.348471815771,-13.20167122524,14855.5419373,-2826.915636659,0,0,259563.100,2296,352,0,380995.9689843
381200,27895752.66197,9506516.572173,2680766.031994,0,0,0,1.693145327856,-0.5627532262469,32980462.87454,31187431.1957135,163891003.8259,0.005980926806241,0,0,0,5.069538431573,6.984670459675e-82,0,-0.9986287633934,-0.5636585869219,-14.53670066695,-2.776166237354,1.348466409165,-13.20122027777,14856.34521137,-2827.068494633,0,0,259563.200,2296,352,0,381095.9699273
381300,27895728.18902,9506504.309459,2681065.029872,0,0,0,1.693136977756,-0.5627152988007,32980180.15986,31187148.4812221,163889518.1512,0.005980926805627,0,0,0,5.069538431573,6.983114654839e-82,0,-0.9986026123595,-0.563620768153,-14.53617038917,-2.776244479949,1.348461002675,-13.20076930235,14857.14831905,-2827.221320942,0,0,259563.300,2296,352,0,381195.9708704
381400,27895703.71309,9506492.046144,2681364.027337,0,0,0,1.693128617556,-0.5626773699326,32979897.4299,31186865.7514467,163888032.3962,0.005980926805012,0,0,0,5.069538431573,6.981559121201e-82,0,-0.9985764638492,-0.5635829482718,-14.5356400958,-2.776322722408,1.348455596301,-13.20031830337,14857.95159313,-2827.374178916,0,0,259563.400,2296,352,0,381295.9718134
381500,27895679.23417,9506479.78223,2681663.024389,0,0,0,1.693120247255,-0.5626394396429,32979614.68466,31186583.0063883,163886546.5609,0.005980926804398,0,0,0,5.069538431573,6.980003858788e-82,0,-0.9985503160221,-0.563545126435,-14.535109775,-2.776400994142,1.348450190043,-13.199867269,14858.75465186,-2827.526995912,0,0,259563.500,2296,352,0,381395.9727566
381600,27895654.75227,9506467.517716,2681962.02103,0,0,0,1.693111866852,-0.5626015079314,32979331.92413,31186300.2460476,163885060.6453,0.005980926803783,0,0,0,5.069538431573,6.978448867632e-82,0,-0.9985241738262,-0.5635073035926,-14.53457944011,-2.776479253927,1.348444783901,-13.19941621256,14859.55772038,-2827.679814771,0,0,259563.600,2296,352,0,381495.9736998
381700,27895630.26737,9506455.252602,2682261.017258,0,0,0,1.693103476345,-0.5625635747985,32979049.14833,31186017.4704256,163883574.6493,0.005980926803169,0,0,0,5.069538431573,6.976894147761e-82,0,-0.9984980329623,-0.5634694792587,-14.5340490843,-2.7765575254,1.348439377876,-13.19896512724,14860.3607106,-2827.832618728,0,0,259563.700,2296,352,0,381595.974643
381800,27895605.77949,9506442.986888,2682560.013073,0,0,0,1.693095075734,-0.5625256402442,32978766.35724,31185734.6795233,163882088.5731,0.005980926802554,0,0,0,5.069538431573,6.975339699197e-82,0,-0.998471894594,-0.5634316533205,-14.533518706,-2.776635779855,1.348433971967,-13.19851401145,14861.16365187,-2827.985413373,0,0,259563.800,2296,352,0,381695.9755863
381900,27895581.28863,9506430.720575,2682859.008476,0,0,0,1.693086665016,-0.5624877042686,32978483.55087,31185451.8733415,163880602.4166,0.00598092680194,0,0,0,5.069538431573,6.973785521975e-82,0,-0.9984457590256,-0.5633938262305,-14.53298831155,-2.77671403502,1.348428566174,-13.19806287154,14861.96659315,-2828.138208017,0,0,259563.900,2296,352,0,381795.9765296
382000,27895556.79478,9506418.453662,2683158.003466,0,0,0,1.693078244191,-0.5624497668719,32978200.72923,31185169.0518811,163879116.1798,0.005980926801325,0,0,0,5.069538431573,6.972231616123e-82,0,-0.9984196256995,-0.5633559975785,-14.53245789519,-2.776792297601,1.348423160498,-13.19761170175,14862.76944633,-2828.290985897,0,0,259564.000,2296,352,0,381895.977473
382100,27895532.29794,9506406.18615,2683456.998044,0,0,0,1.693069813257,-0.5624118280541,32977917.89231,31184886.2151431,163877629.8627,0.00598092680071,0,0,0,5.069538431573,6.970677981663e-82,0,-0.9983934933444,-0.5633181674482,-14.53192745811,-2.776870547035,1.348417754938,-13.19716050325,14863.57231909,-2828.443767503,0,0,259564.100,2296,352,0,381995.9784165
382200,27895507.79811,9506393.918038,2683755.992209,0,0,0,1.693061372213,-0.5623738878153,32977635.04011,31184603.3631283,163876143.4653,0.005980926800096,0,0,0,5.069538431573,6.969124618626e-82,0,-0.9983673665529,-0.5632803358429,-14.53139700035,-2.776948786352,1.348412349495,-13.19670927609,14864.3750646,-2828.596524894,0,0,259564.200,2296,352,0,382095.97936
382300,27895483.2953,9506381.649326,2684054.985961,0,0,0,1.693052921058,-0.5623359461558,32977352.17263,31184320.4958376,163874656.9877,0.005980926799481,0,0,0,5.069538431573,6.967571527044e-82,0,-0.9983412410723,-0.5632425030163,-14.53086652546,-2.777027009276,1.348406944169,-13.19625802383,14865.17781989,-2828.749284148,0,0,259564.300,2296,352,0,382195.9803035
382400,27895458.7895,9506369.380015,2684353.979301,0,0,0,1.69304445979,-0.5622980030755,32977069.28988,31184037.613272,163873170.4298,0.005980926798867,0,0,0,5.069538431573,6.96601870694e-82,0,-0.9983151179191,-0.5632046685153,-14.53033602709,-2.777105253201,1.348401538959,-13.19580674011,14865.98052625,-2828.902034089,0,0,259564.400,2296,352,0,382295.9812471
382500,27895434.28072,9506357.110105,2684652.972227,0,0,0,1.693035988409,-0.5622600585747,32976786.39186,31183754.7154323,163871683.7916,0.005980926798252,0,0,0,5.069538431573,6.964466158345e-82,0,-0.9982889976523,-0.5631668328066,-14.52980551179,-2.777183505543,1.348396133866,-13.19535543147,14866.78316409,-2829.054770991,0,0,259564.500,2296,352,0,382395.9821907
382600,27895409.76895,9506344.839595,2684951.964741,0,0,0,1.693027506912,-0.5622221126534,32976503.47856,31183471.8023195,163870197.0732,0.005980926797638,0,0,0,5.069538431573,6.962913881284e-82,0,-0.9982628781155,-0.563128995463,-14.52927497357,-2.777261770097,1.34839072889,-13.19490409192,14867.58575299,-2829.20749858,0,0,259564.600,2296,352,0,382495.9831344
382700,27895385.25419,9506332.568486,2685250.956842,0,0,0,1.693019015299,-0.5621841653118,32976220.54999,31183188.8739343,163868710.2745,0.005980926797023,0,0,0,5.069538431573,6.961361875786e-82,0,-0.9982367641782,-0.5630911567482,-14.52874441612,-2.777340020033,1.348385324031,-13.19445272516,14868.388244,-2829.360207543,0,0,259564.700,2296,352,0,382595.9840782
382800,27895360.73645,9506320.296777,2685549.94853,0,0,0,1.693010513569,-0.5621462165499,32975937.60615,31182905.9302779,163867223.3955,0.005980926796409,0,0,0,5.069538431573,6.95981014188e-82,0,-0.9982106515514,-0.5630533167179,-14.52821384023,-2.777418233489,1.348379919289,-13.19400133197,14869.1907448,-2829.512918368,0,0,259564.800,2296,352,0,382695.985022
382900,27895336.21572,9506308.02447,2685848.939805,0,0,0,1.693002001719,-0.5621082663679,32975654.64704,31182622.971351,163865736.4363,0.005980926795794,0,0,0,5.069538431573,6.958258679593e-82,0,-0.9981845412967,-0.563015475265,-14.52768324438,-2.7774964922,1.348374514663,-13.19354991083,14869.99319666,-2829.66561988,0,0,259564.900,2296,352,0,382795.9859658
383000,27895311.692,9506295.751563,2686147.930667,0,0,0,1.692993479749,-0.5620703147659,32975371.67266,31182339.9971546,163864249.3969,0.00598092679518,0,0,0,5.069538431573,6.956707488951e-82,0,-0.9981584337137,-0.5629776320876,-14.52715262436,-2.777574710247,1.348369110155,-13.19309845753,14870.79551149,-2829.818295315,0,0,259565.000,2296,352,0,382895.9869097
383100,27895287.1653,9506283.478057,2686446.921116,0,0,0,1.692984947658,-0.562032361744,32975088.68301,31182057.0076895,163862762.2772,0.005980926794565,0,0,0,5.069538431573,6.955156569985e-82,0,-0.9981323288498,-0.5629397879346,-14.52662199066,-2.777652919168,1.348363705764,-13.19264698255,14871.59794378,-2829.970993102,0,0,259565.100,2296,352,0,382995.9878537
383200,27895262.6356,9506271.203952,2686745.911152,0,0,0,1.692976405444,-0.5619944073024,32974805.67809,31181774.0029567,163861275.0773,0.005980926793951,0,0,0,5.069538431573,6.953605922719e-82,0,-0.998106224675,-0.5629019419629,-14.52609133146,-2.77773116141,1.348358301491,-13.19219547408,14872.40022924,-2830.123662949,0,0,259565.200,2296,352,0,383095.9887977
383300,27895238.10293,9506258.929248,2687044.900775,0,0,0,1.692967853106,-0.561956451441,32974522.65791,31181490.9829571,163859787.7971,0.005980926793336,0,0,0,5.069538431573,6.952055547183e-82,0,-0.9980801261316,-0.5628640949021,-14.52556065698,-2.777809365192,1.348352897334,-13.19174394234,14873.20249512,-2830.27632907,0,0,259565.300,2296,352,0,383195.9897417
383400,27895213.56726,9506246.653945,2687343.889984,0,0,0,1.692959290642,-0.5619184941602,32974239.62246,31181207.9476915,163858300.4368,0.005980926792722,0,0,0,5.069538431573,6.950505443404e-82,0,-0.998054028876,-0.56282624622,-14.52502995978,-2.777887635766,1.348347493295,-13.19129237987,14874.00466312,-2830.428976566,0,0,259565.400,2296,352,0,383295.9906858
383500,27895189.02861,9506234.378042,2687642.87878,0,0,0,1.692950718052,-0.5618805354599,32973956.57175,31180924.897161,163856812.9962,0.005980926792107,0,0,0,5.069538431573,6.948955611409e-82,0,-0.9980279340622,-0.5627883961342,-14.52449924289,-2.777965843541,1.348342089374,-13.19084078971,14874.80676261,-2830.581611022,0,0,259565.500,2296,352,0,383395.99163
383600,27895164.48698,9506222.101541,2687941.867163,0,0,0,1.692942135334,-0.5618425753403,32973673.50577,31180641.8313663,163855325.4754,0.005980926791493,0,0,0,5.069538431573,6.947406051225e-82,0,-0.9980018419449,-0.5627505446472,-14.52396850635,-2.778044064155,1.348336685569,-13.19038917191,14875.60892082,-2830.734256655,0,0,259565.600,2296,352,0,383495.9925742
383700,27895139.94235,9506209.824441,2688240.855132,0,0,0,1.692933542487,-0.5618046138015,32973390.42453,31180358.7503083,163853837.8744,0.005980926790878,0,0,0,5.069538431573,6.945856762881e-82,0,-0.9979757519697,-0.5627126918228,-14.52343775106,-2.778122295824,1.348331281883,-13.18993752735,14876.41096157,-2830.886879936,0,0,259565.700,2296,352,0,383595.9935185
383800,27895115.39474,9506197.546743,2688539.842689,0,0,0,1.692924939509,-0.5617666508437,32973107.32802,31180075.6539882,163852350.1932,0.005980926790263,0,0,0,5.069538431573,6.944307746398e-82,0,-0.9979496629762,-0.562674837126,-14.52290696952,-2.778200490554,1.348325878313,-13.18948584854,14877.21309042,-2831.039519981,0,0,259565.800,2296,352,0,383695.9944628
383900,27895090.84415,9506185.268445,2688838.829831,0,0,0,1.692916326399,-0.5617286864669,32972824.21626,31179792.5424065,163850862.4318,0.005980926789649,0,0,0,5.069538431573,6.942759001813e-82,0,-0.9979235800319,-0.5626369815389,-14.52237617549,-2.77827870639,1.348320474862,-13.18903414923,14878.01501372,-2831.19212091,0,0,259565.900,2296,352,0,383795.9954071
384000,27895066.29056,9506172.989549,2689137.81656,0,0,0,1.692907703157,-0.5616907206712,32972541.08923,31179509.4155644,163849374.5902,0.005980926789034,0,0,0,5.069538431573,6.941210529148e-82,0,-0.9978974982668,-0.5625991244417,-14.52184536029,-2.778356905237,1.348315071528,-13.18858242075,14878.81693701,-2831.344721839,0,0,259566.000,2296,352,0,383895.9963515
384100,27895041.73399,9506160.710054,2689436.802876,0,0,0,1.69289906978,-0.5616527534568,32972257.94694,31179226.2734627,163847886.6684,0.00598092678842,0,0,0,5.069538431573,6.939662328426e-82,0,-0.9978714184802,-0.5625612656323,-14.52131452109,-2.778435116138,1.348309668312,-13.18813066024,14879.61881137,-2831.497313455,0,0,259566.100,2296,352,0,383995.997296
384200,27895017.17444,9506148.42996,2689735.788778,0,0,0,1.692890426267,-0.5616147848238,32971974.7894,31178943.1161023,163846398.6665,0.005980926787805,0,0,0,5.069538431573,6.938114399682e-82,0,-0.9978453415735,-0.5625234054578,-14.52078366274,-2.778513336866,1.348304265214,-13.18767887258,14880.42065636,-2831.649899483,0,0,259566.200,2296,352,0,384095.9982405
384300,27894992.61189,9506136.149268,2690034.774267,0,0,0,1.692881772618,-0.5615768147723,32971691.6166,31178659.9434841,163844910.5843,0.005980926787191,0,0,0,5.069538431573,6.93656674294e-82,0,-0.9978192659383,-0.562485544187,-14.52025278902,-2.778591545153,1.348298862234,-13.18722706154,14881.22249156,-2831.802483648,0,0,259566.300,2296,352,0,384195.9991851
384400,27894968.04636,9506123.867977,2690333.759341,0,0,0,1.69287310883,-0.5615388433024,32971408.42854,31178376.755609,163843422.422,0.005980926786576,0,0,0,5.069538431573,6.935019358223e-82,0,-0.9977931956389,-0.5624476812009,-14.51972189125,-2.778669774801,1.348293459371,-13.18677521844,14882.02417993,-2831.955039874,0,0,259566.400,2296,352,0,384296.0001297
384500,27894943.47785,9506111.586088,2690632.744002,0,0,0,1.692864434903,-0.5615008704142,32971125.22522,31178093.5524779,163841934.1795,0.005980926785962,0,0,0,5.069538431573,6.933472245564e-82,0,-0.9977671263537,-0.5624098168303,-14.51919097406,-2.778747962878,1.348288056627,-13.1863233479,14882.82582916,-2832.107588649,0,0,259566.500,2296,352,0,384396.0010743
384600,27894918.90635,9506099.3036,2690931.72825,0,0,0,1.692855750835,-0.5614628961079,32970842.00665,31177810.3340918,163840445.8568,0.005980926785347,0,0,0,5.069538431573,6.931925404987e-82,0,-0.9977410597814,-0.5623719511932,-14.51866003912,-2.778826164856,1.348282654,-13.18587145159,14883.62748817,-2832.260139287,0,0,259566.600,2296,352,0,384496.0020191
384700,27894894.33186,9506087.020514,2691230.712083,0,0,0,1.692847056625,-0.5614249203835,32970558.77283,31177527.1004515,163838957.454,0.005980926784733,0,0,0,5.069538431573,6.930378836518e-82,0,-0.9977149958077,-0.5623340839571,-14.51812908176,-2.778904354403,1.348277251492,-13.18541952484,14884.42902972,-2832.412667572,0,0,259566.700,2296,352,0,384596.0029638
384800,27894869.75438,9506074.736829,2691529.695502,0,0,0,1.692838352272,-0.5613869432412,32970275.52375,31177243.8515579,163837468.971,0.005980926784118,0,0,0,5.069538431573,6.928832540184e-82,0,-0.9976889341812,-0.5622962151712,-14.51759810267,-2.77898252813,1.348271849102,-13.18496756834,14885.23061043,-2832.565203309,0,0,259566.800,2296,352,0,384696.0039086
384900,27894845.17392,9506062.452546,2691828.678508,0,0,0,1.692829637774,-0.5613489646812,32969992.25942,31176960.587412,163835980.4079,0.005980926783504,0,0,0,5.069538431573,6.927286516016e-82,0,-0.9976628737556,-0.5622583452022,-14.51706710698,-2.779060746242,1.34826644683,-13.18451558723,14886.03210304,-2832.717722282,0,0,259566.900,2296,352,0,384796.0048535
385000,27894820.59047,9506050.167665,2692127.6611,0,0,0,1.69282091313,-0.5613109847034,32969708.97984,31176677.3080146,163834491.7646,0.005980926782889,0,0,0,5.069538431573,6.925740764035e-82,0,-0.9976368187739,-0.5622204738589,-14.51653609203,-2.779138925465,1.348261044677,-13.18406357882,14886.83350756,-2832.870224491,0,0,259567.000,2296,352,0,384896.0057984
385100,27894796.00403,9506037.882185,2692426.643278,0,0,0,1.692812178339,-0.561273003308,32969425.685,31176394.0133667,163833003.0412,0.005980926782275,0,0,0,5.069538431573,6.92419528427e-82,0,-0.9976107650641,-0.5621826009391,-14.51600505497,-2.779217141086,1.348255642642,-13.18361154028,14887.63486313,-2833.022717386,0,0,259567.100,2296,352,0,384996.0067434
385200,27894771.41461,9506025.596108,2692725.625041,0,0,0,1.6928034334,-0.5612350204952,32969142.37492,31176110.7034691,163831514.2376,0.00598092678166,0,0,0,5.069538431573,6.922650076747e-82,0,-0.9975847135737,-0.5621447264992,-14.5154739966,-2.77929534369,1.348250240725,-13.1831594724,14888.43620892,-2833.17520842,0,0,259567.200,2296,352,0,385096.0076884
385300,27894746.8222,9506013.309432,2693024.606391,0,0,0,1.69279467831,-0.5611970362651,32968859.04959,31175827.3783228,163830025.3539,0.005980926781046,0,0,0,5.069538431573,6.921105141492e-82,0,-0.997558664856,-0.562106850771,-14.51494292017,-2.779373530957,1.348244838927,-13.18270737843,14889.23762323,-2833.327712491,0,0,259567.300,2296,352,0,385196.0086335
385400,27894722.2268,9506001.022158,2693323.587326,0,0,0,1.69278591307,-0.5611590506177,32968575.70901,31175544.0379287,163828536.3901,0.005980926780431,0,0,0,5.069538431573,6.919560478535e-82,0,-0.9975326170422,-0.5620689736526,-14.51441182424,-2.779451716297,1.348239437248,-13.18225525694,14890.03887113,-2833.480184898,0,0,259567.400,2296,352,0,385296.0095786
385500,27894697.62842,9505988.734286,2693622.567847,0,0,0,1.692777137677,-0.5611210635532,32968292.35319,31175260.6822876,163827047.3462,0.005980926779817,0,0,0,5.069538431573,6.9180160879e-82,0,-0.9975065750087,-0.5620310951441,-14.51388070882,-2.779529887128,1.348234035687,-13.18180310792,14890.83996242,-2833.632627502,0,0,259567.500,2296,352,0,385396.0105238
385600,27894673.02705,9505976.445816,2693921.547954,0,0,0,1.69276835213,-0.5610830750717,32968008.98212,31174977.3114005,163825558.2221,0.005980926779202,0,0,0,5.069538431573,6.916471969611e-82,0,-0.9974805338285,-0.5619932150862,-14.51334957168,-2.779608044882,1.348228634244,-13.18135092914,14891.64120054,-2833.785098046,0,0,259567.600,2296,352,0,385496.011469
385700,27894648.42269,9505964.156748,2694220.527647,0,0,0,1.692759556429,-0.5610450851733,32967725.5958,31174693.9252682,163824069.0179,0.005980926778587,0,0,0,5.069538431573,6.914928123696e-82,0,-0.9974544951243,-0.5619553335205,-14.51281841339,-2.77968623869,1.348223232921,-13.18089872119,14892.44237014,-2833.937555552,0,0,259567.700,2296,352,0,385596.0124143
385800,27894623.81535,9505951.867081,2694519.506926,0,0,0,1.692750750571,-0.5610070938582,32967442.19424,31174410.5238918,163822579.7336,0.005980926777973,0,0,0,5.069538431573,6.913384550184e-82,0,-0.9974284594677,-0.5619174508553,-14.51228723969,-2.779764416053,1.348217831716,-13.18044648978,14893.24336355,-2834.089979529,0,0,259567.800,2296,352,0,385696.0133596
385900,27894599.20502,9505939.576818,2694818.48579,0,0,0,1.692741934556,-0.5609691011264,32967158.77744,31174127.107272,163821090.3692,0.005980926777358,0,0,0,5.069538431573,6.911841249095e-82,0,-0.9974024260365,-0.5618795664724,-14.5117560419,-2.77984259143,1.34821243063,-13.17999422625,14894.04445484,-2834.242422134,0,0,259567.900,2296,352,0,385796.014305
386000,27894574.5917,9505927.285956,2695117.464239,0,0,0,1.692733108382,-0.5609311069781,32966875.34539,31173843.6754099,163819600.9247,0.005980926776744,0,0,0,5.069538431573,6.910298220467e-82,0,-0.9973763939312,-0.5618416809884,-14.51122482867,-2.779920774465,1.348207029663,-13.17954193924,14894.84539931,-2834.394836798,0,0,259568.000,2296,368,0,385896.0152504
386100,27894549.9754,9505914.994496,2695416.442275,0,0,0,1.692724272047,-0.5608931114134,32966591.8981,31173560.2283063,163818111.4002,0.005980926776129,0,0,0,5.069538431573,6.908755464312e-82,0,-0.9973503668852,-0.5618037937512,-14.51069359086,-2.779998946692,1.348201628815,-13.1790896196,14895.64629484,-2834.54724215,0,0,259568.100,2296,368,0,385996.0161959
386200,27894525.3561,9505902.702439,2695715.419895,0,0,0,1.692715425551,-0.5608551144323,32966308.43557,31173276.765962,163816621.7955,0.005980926775515,0,0,0,5.069538431573,6.907212980662e-82,0,-0.9973243412128,-0.5617659051413,-14.51016233381,-2.780077129674,1.348196228086,-13.17863727268,14896.447161,-2834.699641913,0,0,259568.200,2296,368,0,386096.0171414
386300,27894500.73383,9505890.409784,2696014.397101,0,0,0,1.692706568893,-0.5608171160351,32966024.95781,31172993.2883781,163815132.1107,0.0059809267749,0,0,0,5.069538431573,6.905670769548e-82,0,-0.9972983180001,-0.561728015233,-14.50963105855,-2.78015529743,1.348190827476,-13.1781848995,14897.24802716,-2834.852041677,0,0,259568.300,2296,368,0,386196.018087
386400,27894476.10856,9505878.116531,2696313.373893,0,0,0,1.69269770207,-0.5607791162217,32965741.4648,31172709.7955554,163813642.3459,0.005980926774286,0,0,0,5.069538431573,6.904128830989e-82,0,-0.9972722977824,-0.5616901237692,-14.50909976147,-2.780233440564,1.348185426985,-13.17773249647,14898.04878565,-2835.004420951,0,0,259568.400,2296,368,0,386296.0190326
386500,27894451.48031,9505865.822681,2696612.35027,0,0,0,1.692688825083,-0.5607411149925,32965457.95655,31172426.2874949,163812152.501,0.005980926773671,0,0,0,5.069538431573,6.902587165014e-82,0,-0.9972462796265,-0.5616522309203,-14.50856844498,-2.780311591157,1.348180026614,-13.17728006597,14898.84950499,-2835.156792775,0,0,259568.500,2296,368,0,386396.0199783
386600,27894426.84907,9505853.528233,2696911.326232,0,0,0,1.692679937928,-0.5607031123474,32965174.43307,31172142.7641973,163810662.576,0.005980926773057,0,0,0,5.069538431573,6.901045771648e-82,0,-0.9972202627221,-0.5616143367097,-14.50803710939,-2.780389753935,1.348174626362,-13.17682760832,14899.65019496,-2835.309159011,0,0,259568.600,2296,368,0,386496.020924
386700,27894402.21485,9505841.233188,2697210.301779,0,0,0,1.692671040606,-0.5606651082865,32964890.89435,31171859.2256637,163809172.5709,0.005980926772442,0,0,0,5.069538431573,6.899504650916e-82,0,-0.9971942510202,-0.5615764410013,-14.5075057528,-2.780467927464,1.348169226229,-13.17637512162,14900.45078706,-2835.46150662,0,0,259568.700,2296,368,0,386596.0218698
386800,27894377.57764,9505828.937545,2697509.276912,0,0,0,1.692662133114,-0.5606271028101,32964607.3404,31171575.671895,163807682.4858,0.005980926771828,0,0,0,5.069538431573,6.897963802847e-82,0,-0.9971682411255,-0.5615385440461,-14.50697437873,-2.780546108818,1.348163826216,-13.17592260939,14901.25137915,-2835.613854229,0,0,259568.800,2296,368,0,386696.0228157
386900,27894352.93744,9505816.641304,2697808.25163,0,0,0,1.692653215452,-0.5605890959181,32964323.77121,31171292.102892,163806192.3207,0.005980926771213,0,0,0,5.069538431573,6.896423227463e-82,0,-0.9971422331787,-0.5615006453498,-14.50644298025,-2.780624263412,1.348158426322,-13.17547006469,14902.05189293,-2835.766186938,0,0,259568.900,2296,368,0,386796.0237615
387000,27894328.29426,9505804.344467,2698107.225933,0,0,0,1.692644287618,-0.5605510876108,32964040.18679,31171008.5186557,163804702.0754,0.005980926770599,0,0,0,5.069538431573,6.894882924794e-82,0,-0.9971162278851,-0.5614627454565,-14.50591156498,-2.780702404874,1.348153026547,-13.17501749515,14902.85245566,-2835.918528959,0,0,259569.000,2296,368,0,386896.0247075
387100,27894303.64808,9505792.047032,2698406.199821,0,0,0,1.692635349611,-0.5605130778882,32963756.58714,31170724.9191869,163803211.7502,0.005980926769984,0,0,0,5.069538431573,6.893342894859e-82,0,-0.9970902235269,-0.5614248440772,-14.50538012888,-2.780780557301,1.348147626892,-13.17456489672,14903.65289114,-2836.070846766,0,0,259569.100,2296,368,0,386996.0256535
387200,27894278.99893,9505779.748999,2698705.173294,0,0,0,1.69262640143,-0.5604750667504,32963472.97226,31170441.3044866,163801721.3449,0.00598092676937,0,0,0,5.069538431573,6.891803137691e-82,0,-0.9970642248795,-0.5613869412318,-14.50484867222,-2.780858699521,1.348142227357,-13.17411226967,14904.45324831,-2836.223149672,0,0,259569.200,2296,368,0,387096.0265995
387300,27894254.34678,9505767.450369,2699004.146352,0,0,0,1.692617443073,-0.5604370541976,32963189.34214,31170157.6745557,163800230.8595,0.005980926768755,0,0,0,5.069538431573,6.890263653313e-82,0,-0.997038227279,-0.5613490371774,-14.50431719861,-2.780936847589,1.348136827942,-13.1736596176,14905.25363485,-2836.375458166,0,0,259569.300,2296,368,0,387196.0275456
387400,27894229.69165,9505755.151143,2699303.118995,0,0,0,1.692608474538,-0.5603990402299,32962905.6968,31169874.0293951,163798740.2941,0.005980926768141,0,0,0,5.069538431573,6.888724441749e-82,0,-0.9970122323561,-0.5613111315951,-14.50378570357,-2.781014993875,1.348131428646,-13.17320693605,14906.05399202,-2836.527761072,0,0,259569.400,2296,368,0,387296.0284917
387500,27894205.03353,9505742.851318,2699602.091223,0,0,0,1.692599495826,-0.5603610248474,32962622.03622,31169590.3690056,163797249.6487,0.005980926767526,0,0,0,5.069538431573,6.887185503023e-82,0,-0.9969862400036,-0.5612732245764,-14.50325418839,-2.78109312458,1.34812602947,-13.1727542263,14906.85421216,-2836.680037901,0,0,259569.500,2296,368,0,387396.0294379
387600,27894180.37242,9505730.550897,2699901.063036,0,0,0,1.692590506934,-0.5603230080502,32962338.36042,31169306.6933883,163795758.9233,0.005980926766911,0,0,0,5.069538431573,6.885646837166e-82,0,-0.9969602501266,-0.5612353160617,-14.50272265224,-2.781171288574,1.348120630414,-13.1723014875,14907.65444208,-2836.832316592,0,0,259569.600,2296,368,0,387496.0303841
387700,27894155.70833,9505718.249879,2700200.034433,0,0,0,1.692581507861,-0.5602849898384,32962054.66939,31169023.0025439,163794268.1179,0.005980926766297,0,0,0,5.069538431573,6.884108444198e-82,0,-0.9969342612268,-0.5611974061601,-14.50219109664,-2.781249466588,1.348115231478,-13.17184872119,14908.45461328,-2836.984584108,0,0,259569.700,2296,368,0,387596.0313304
387800,27894131.04125,9505705.948264,2700499.005416,0,0,0,1.692572498606,-0.5602469702121,32961770.96314,31168739.2964735,163792777.2324,0.005980926765682,0,0,0,5.069538431573,6.882570324146e-82,0,-0.996908277888,-0.5611594949458,-14.50165952264,-2.781327581678,1.348109832662,-13.1713959284,14909.25473553,-2837.13684231,0,0,259569.800,2296,368,0,387696.0322768
387900,27894106.37119,9505693.646051,2700797.975983,0,0,0,1.692563479167,-0.5602089491715,32961487.24166,31168455.5751779,163791286.2669,0.005980926765068,0,0,0,5.069538431573,6.881032477036e-82,0,-0.9968822957248,-0.561121582146,-14.5011279264,-2.78140571954,1.348104433966,-13.17094310531,14910.05477948,-2837.289085612,0,0,259569.900,2296,368,0,387796.0332232
388000,27894081.69813,9505681.343242,2701096.946134,0,0,0,1.692554449543,-0.5601709267167,32961203.50495,31168171.838658,163789795.2214,0.005980926764453,0,0,0,5.069538431573,6.879494902892e-82,0,-0.9968563162536,-0.5610836679745,-14.50059631093,-2.781483839971,1.348099035391,-13.17049025492,14910.8546766,-2837.441300973,0,0,259570.000,2296,368,0,387896.0341696
388100,27894057.02209,9505669.039836,2701395.915871,0,0,0,1.692545409734,-0.5601329028478,32960919.75303,31167888.0869148,163788304.096,0.005980926763839,0,0,0,5.069538431573,6.877957601743e-82,0,-0.9968303391582,-0.5610457524014,-14.50006467581,-2.781561950242,1.348093636935,-13.1700373768,14911.65471076,-2837.593542412,0,0,259570.100,2296,368,0,387996.0351161
388200,27894032.34307,9505656.735833,2701694.885192,0,0,0,1.692536359736,-0.5600948775648,32960635.98588,31167604.319949,163786812.8905,0.005980926763224,0,0,0,5.069538431573,6.876420573608e-82,0,-0.9968043646153,-0.561007835352,-14.49953301999,-2.781640117458,1.3480882386,-13.1695844699,14912.45463725,-2837.745763361,0,0,259570.200,2296,368,0,388096.0360627
388300,27894007.66105,9505644.431233,2701993.854097,0,0,0,1.692527299551,-0.560056850868,32960352.2035,31167320.5377618,163785321.605,0.00598092676261,0,0,0,5.069538431573,6.874883818515e-82,0,-0.9967783908104,-0.5609699169294,-14.49900134491,-2.781718223929,1.348082840385,-13.16913153568,14913.25456374,-2837.897984311,0,0,259570.300,2296,368,0,388196.0370093
388400,27893982.97605,9505632.126036,2702292.822587,0,0,0,1.692518229175,-0.5600188227574,32960068.40591,31167036.7403539,163783830.2396,0.005980926761995,0,0,0,5.069538431573,6.873347336494e-82,0,-0.9967524231924,-0.5609319972613,-14.49846965237,-2.781796351151,1.34807744229,-13.16867857591,14914.05435319,-2838.050179183,0,0,259570.400,2296,368,0,388296.0379559
388500,27893958.28806,9505619.820243,2702591.790661,0,0,0,1.692509148608,-0.5599807932332,32959784.5931,31166752.9277262,163782338.7942,0.005980926761381,0,0,0,5.069538431573,6.871811127562e-82,0,-0.9967264564371,-0.560894075984,-14.49793793726,-2.781874484195,1.348072044316,-13.16822558549,14914.85406434,-2838.202359155,0,0,259570.500,2296,368,0,388396.0389026
388600,27893933.59709,9505607.513853,2702890.75832,0,0,0,1.692500057848,-0.5599427622954,32959500.76507,31166469.0998797,163780847.2688,0.005980926760766,0,0,0,5.069538431573,6.870275191747e-82,0,-0.9967004921716,-0.5608561532464,-14.49740620168,-2.78195260722,1.348066646463,-13.16777256652,14915.653844,-2838.354552165,0,0,259570.600,2296,368,0,388496.0398493
388700,27893908.90313,9505595.206866,2703189.725563,0,0,0,1.692490956894,-0.5599047299442,32959216.92182,31166185.2568153,163779355.6634,0.005980926760152,0,0,0,5.069538431573,6.868739529072e-82,0,-0.9966745303149,-0.5608182292278,-14.49687444814,-2.78203076429,1.348061248729,-13.1673195215,14916.45352579,-2838.506726548,0,0,259570.700,2296,368,0,388596.0407961
388800,27893884.20618,9505582.899283,2703488.692391,0,0,0,1.692481845745,-0.5598666961796,32958933.06336,31165901.3985339,163777863.9781,0.005980926759537,0,0,0,5.069538431573,6.867204139566e-82,0,-0.9966485692828,-0.5607803035981,-14.49634267201,-2.782108860457,1.348055851117,-13.16686644581,14917.25319778,-2838.658899069,0,0,259570.800,2296,368,0,388696.041743
388900,27893859.50624,9505570.591103,2703787.658802,0,0,0,1.692472724399,-0.5598286610019,32958649.18967,31165617.5250364,163776372.2128,0.005980926758923,0,0,0,5.069538431573,6.865669023253e-82,0,-0.9966226141225,-0.5607423765572,-14.49581087609,-2.78218695661,1.348050453625,-13.16641334225,14918.0527621,-2838.8110511,0,0,259570.900,2296,368,0,388796.0426899
389000,27893834.80332,9505558.282327,2704086.624798,0,0,0,1.692463592855,-0.5597906244111,32958365.30078,31165333.6363237,163774880.3675,0.005980926758308,0,0,0,5.069538431573,6.864134180156e-82,0,-0.996596660119,-0.5607044483456,-14.49527906376,-2.782265058734,1.348045056254,-13.16596021418,14918.85230685,-2838.963199407,0,0,259571.000,2296,368,0,388896.0436368
389100,27893810.09741,9505545.972954,2704385.590378,0,0,0,1.692454451113,-0.5597525864074,32958081.39667,31165049.7323966,163773388.4423,0.005980926757694,0,0,0,5.069538431573,6.862599610301e-82,0,-0.9965707086315,-0.5606665185753,-14.49474722957,-2.782343171836,1.348039659004,-13.16550705616,14919.65181244,-2839.115340263,0,0,259571.100,2296,368,0,388996.0445838
389200,27893785.38852,9505533.662985,2704684.555542,0,0,0,1.69244529917,-0.5597145469908,32957797.47734,31164765.8132562,163771896.4372,0.005980926757079,0,0,0,5.069538431573,6.861065313708e-82,0,-0.9965447598307,-0.5606285874863,-14.49421537689,-2.782421318371,1.348034261875,-13.16505387157,14920.4512691,-2839.267471805,0,0,259571.200,2296,368,0,389096.0455309
389300,27893760.67663,9505521.352419,2704983.520291,0,0,0,1.692436137025,-0.5596765061614,32957513.5428,31164481.8789033,163770404.3521,0.005980926756465,0,0,0,5.069538431573,6.859531290406e-82,0,-0.9965188132064,-0.5605906546951,-14.49368350034,-2.782499427194,1.348028864866,-13.16460065501,14921.25073554,-2839.41960521,0,0,259571.300,2296,368,0,389196.046478
389400,27893735.96176,9505509.041257,2705282.484623,0,0,0,1.692426964676,-0.5596384639194,32957229.59305,31164197.9293389,163768912.187,0.00598092675585,0,0,0,5.069538431573,6.857997540421e-82,0,-0.9964928679728,-0.5605527208753,-14.49315160937,-2.782577534324,1.348023467979,-13.16414741593,14922.05004536,-2839.571708813,0,0,259571.400,2296,368,0,389296.0474252
389500,27893711.2439,9505496.729499,2705581.448539,0,0,0,1.692417782124,-0.559600420265,32956945.6281,31163913.9645638,163767419.9421,0.005980926755236,0,0,0,5.069538431573,6.856464063775e-82,0,-0.9964669280546,-0.5605147852754,-14.49261969344,-2.782655625307,1.348018071213,-13.1636941438,14922.84932583,-2839.723806828,0,0,259571.500,2296,368,0,389396.0483724
389600,27893686.52306,9505484.417145,2705880.412039,0,0,0,1.692408589366,-0.5595623751981,32956661.64793,31163629.9845789,163765927.6172,0.005980926754621,0,0,0,5.069538431573,6.854930860491e-82,0,-0.9964409893955,-0.5604768484653,-14.49208776055,-2.782733730525,1.348012674568,-13.1632408466,14923.64856714,-2839.875897393,0,0,259571.600,2296,368,0,389496.0493196
389700,27893661.79923,9505472.104194,2706179.375123,0,0,0,1.6923993864,-0.559524328719,32956377.65255,31163345.9893852,163764435.2124,0.005980926754006,0,0,0,5.069538431573,6.853397930596e-82,0,-0.9964150531884,-0.5604389100345,-14.49155580492,-2.782811846307,1.348007278043,-13.16278751858,14924.44772035,-2840.027971193,0,0,259571.700,2296,368,0,389596.0502669
389800,27893637.07241,9505459.790648,2706478.337791,0,0,0,1.692390173227,-0.5594862808277,32956093.64196,31163061.9789835,163762942.7276,0.005980926753392,0,0,0,5.069538431573,6.851865274116e-82,0,-0.9963891197233,-0.560400970403,-14.49102383246,-2.782889923677,1.348001881641,-13.16233416562,14925.24692251,-2840.180054307,0,0,259571.800,2296,368,0,389696.0512143
389900,27893612.34261,9505447.476505,2706777.300043,0,0,0,1.692380949843,-0.5594482315243,32955809.61617,31162777.9533749,163761450.163,0.005980926752777,0,0,0,5.069538431573,6.850332891069e-82,0,-0.9963631884826,-0.5603630291078,-14.49049183668,-2.782968021439,1.347996485359,-13.16188078123,14926.04605615,-2840.332124382,0,0,259571.900,2296,368,0,389796.0521617
390000,27893587.60981,9505435.161766,2707076.261878,0,0,0,1.692371716249,-0.5594101808091,32955525.57517,31162493.9125601,163759957.5184,0.005980926752163,0,0,0,5.069538431573,6.848800781485e-82,0,-0.9963372583777,-0.5603250867208,-14.48995982558,-2.783046104486,1.347991089199,-13.16142737343,14926.84509191,-2840.484175831,0,0,259572.000,2296,368,0,389896.0531091
390100,27893562.87404,9505422.846431,2707375.223297,0,0,0,1.692362472442,-0.559372128682,32955241.51897,31162209.8565401,163758464.794,0.005980926751548,0,0,0,5.069538431573,6.847268945387e-82,0,-0.9963113339582,-0.5602871427141,-14.48942779178,-2.783124241874,1.34798569316,-13.16097393481,14927.64407872,-2840.636217967,0,0,259572.100,2296,368,0,389996.0540566
390200,27893538.13527,9505410.5305,2707674.1843,0,0,0,1.692353218422,-0.5593340751432,32954957.44756,31161925.7853158,163756971.9896,0.005980926750934,0,0,0,5.069538431573,6.845737382798e-82,0,-0.9962854105905,-0.5602491971741,-14.48889573647,-2.783202347011,1.347980297243,-13.16052046658,14928.44300681,-2840.788248926,0,0,259572.200,2296,368,0,390096.0550042
390300,27893513.39352,9505398.213973,2707973.144886,0,0,0,1.692343954187,-0.5592960201928,32954673.36095,31161641.6988881,163755479.1053,0.005980926750319,0,0,0,5.069538431573,6.844206093743e-82,0,-0.9962594897542,-0.5602112503916,-14.48836366375,-2.783280413936,1.347974901447,-13.16006697282,14929.24199362,-2840.940291062,0,0,259572.300,2296,368,0,390196.0559518
390400,27893488.64878,9505385.896851,2708272.105056,0,0,0,1.692334679736,-0.559257963831,32954389.25913,31161357.5972579,163753986.1412,0.005980926749705,0,0,0,5.069538431573,6.842675078246e-82,0,-0.9962335714754,-0.5601733022062,-14.48783157135,-2.783358501493,1.347969505773,-13.15961345128,14930.0409315,-2841.092323884,0,0,259572.400,2296,368,0,390296.0568995
390500,27893463.90105,9505373.579132,2708571.06481,0,0,0,1.692325395067,-0.5592199060578,32954105.14212,31161073.4804261,163752493.0972,0.00598092674909,0,0,0,5.069538431573,6.841144336331e-82,0,-0.9962076541426,-0.5601353527075,-14.48729946054,-2.783436575579,1.347964110221,-13.15915990322,14930.83961488,-2841.244308278,0,0,259572.500,2296,368,0,390396.0578472
390600,27893439.15034,9505361.260818,2708870.024147,0,0,0,1.692316100179,-0.5591818468734,32953821.0099,31160789.3483937,163750999.9733,0.005980926748476,0,0,0,5.069538431573,6.83961386802e-82,0,-0.9961817423138,-0.5600974014849,-14.48676732555,-2.783514661902,1.34795871479,-13.15870632287,14931.63845487,-2841.396322474,0,0,259572.600,2296,368,0,390496.058795
390700,27893414.39663,9505348.941908,2709168.983067,0,0,0,1.692306795071,-0.5591437862778,32953536.86248,31160505.2011615,163749506.7695,0.005980926747861,0,0,0,5.069538431573,6.838083673339e-82,0,-0.9961558316594,-0.5600594489286,-14.48623517187,-2.783592755152,1.347953319481,-13.1582527157,14932.4371774,-2841.548314318,0,0,259572.700,2296,368,0,390596.0597428
390800,27893389.63995,9505336.622402,2709467.941571,0,0,0,1.692297479742,-0.5591057242712,32953252.69987,31160221.0387304,163748013.4858,0.005980926747247,0,0,0,5.069538431573,6.836553752315e-82,0,-0.996129923532,-0.5600214951694,-14.48570300132,-2.783670814211,1.347947924294,-13.15779908354,14933.23591951,-2841.700309888,0,0,259572.800,2296,368,0,390696.0606906
390900,27893364.88027,9505324.302301,2709766.899658,0,0,0,1.69228815419,-0.5590676608537,32952968.52205,31159936.8611015,163746520.1223,0.005980926746632,0,0,0,5.069538431573,6.835024104965e-82,0,-0.9961040179905,-0.5599835398255,-14.48517080855,-2.783748890736,1.347942529229,-13.15734542105,14934.03451479,-2841.852277517,0,0,259572.900,2296,368,0,390796.0616385
391000,27893340.11761,9505311.981604,2710065.857328,0,0,0,1.692278818413,-0.5590295960255,32952684.32904,31159652.6682755,163745026.6789,0.005980926746018,0,0,0,5.069538431573,6.833494731315e-82,0,-0.9960781149704,-0.5599455830564,-14.48463859579,-2.783826975425,1.347937134286,-13.15689173046,14934.83314923,-2842.004252598,0,0,259573.000,2296,368,0,390896.0625865
391100,27893315.35196,9505299.660311,2710364.814582,0,0,0,1.692269472412,-0.5589915297866,32952400.12084,31159368.4602533,163743533.1557,0.005980926745403,0,0,0,5.069538431573,6.831965631392e-82,0,-0.9960522131313,-0.5599076248935,-14.4841063635,-2.783905072949,1.347931739465,-13.15643801219,14935.63166621,-2842.156205326,0,0,259573.100,2296,368,0,390996.0635345
391200,27893290.58332,9505287.338423,2710663.771418,0,0,0,1.692260116183,-0.5589534621371,32952115.89744,31159084.2370359,163742039.5526,0.005980926744789,0,0,0,5.069538431573,6.830436805218e-82,0,-0.9960263168242,-0.5598696654257,-14.4835741129,-2.783983158447,1.347926344766,-13.15598426751,14936.43013425,-2842.308148742,0,0,259573.200,2296,368,0,391096.0644826
391300,27893265.8117,9505275.01594,2710962.727838,0,0,0,1.692250749726,-0.5589153930772,32951831.65884,31158799.9986243,163740545.8697,0.005980926744174,0,0,0,5.069538431573,6.828908252815e-82,0,-0.996000421431,-0.5598317044213,-14.48304184076,-2.784061206261,1.347920950189,-13.15553049316,14937.22859249,-2842.460090294,0,0,259573.300,2296,368,0,391196.0654307
391400,27893241.03709,9505262.692861,2711261.683841,0,0,0,1.69224137304,-0.5588773226069,32951547.40505,31158515.7450192,163739052.1069,0.00598092674356,0,0,0,5.069538431573,6.827379974209e-82,0,-0.9959745289123,-0.5597937419893,-14.4825095486,-2.784139254123,1.347915555734,-13.15507669066,14938.02694307,-2842.612011358,0,0,259573.400,2296,368,0,391296.0663789
391500,27893216.25949,9505250.369187,2711560.639427,0,0,0,1.692231986124,-0.5588392507265,32951263.13607,31158231.4762217,163737558.2643,0.005980926742945,0,0,0,5.069538431573,6.825851969421e-82,0,-0.9959486387992,-0.5597557781952,-14.48197723735,-2.784217307658,1.347910161402,-13.15462286094,14938.8253328,-2842.763939872,0,0,259573.500,2296,368,0,391396.0673271
391600,27893191.47891,9505238.044917,2711859.594596,0,0,0,1.692222588975,-0.5588011774359,32950978.8519,31157947.1922326,163736064.3418,0.005980926742331,0,0,0,5.069538431573,6.824324238477e-82,0,-0.995922749633,-0.5597178129615,-14.48144490591,-2.784295395331,1.347904767192,-13.1541690029,14939.62365402,-2842.915855348,0,0,259573.600,2296,368,0,391496.0682754
391700,27893166.69533,9505225.720052,2712158.549348,0,0,0,1.692213181593,-0.5587631027354,32950694.55253,31157662.8930528,163734570.3396,0.005980926741716,0,0,0,5.069538431573,6.822796781399e-82,0,-0.9958968657987,-0.5596798463457,-14.48091255509,-2.784373470816,1.347899373104,-13.15371511735,14940.42181862,-2843.067741022,0,0,259573.700,2296,368,0,391596.0692237
391800,27893141.90878,9505213.394592,2712457.503683,0,0,0,1.692203763976,-0.558725026625,32950410.23798,31157378.5786833,163733076.2575,0.005980926741102,0,0,0,5.069538431573,6.82126959821e-82,0,-0.9958709834285,-0.5596418781263,-14.48038018178,-2.784451529789,1.347893979139,-13.15326120118,14941.22006152,-2843.219641596,0,0,259573.800,2296,368,0,391696.0701721
391900,27893117.11923,9505201.068536,2712756.457601,0,0,0,1.692194336124,-0.5586869491049,32950125.90824,31157094.2491249,163731582.0955,0.005980926740487,0,0,0,5.069538431573,6.819742688935e-82,0,-0.995845103361,-0.5596039086243,-14.47984779049,-2.784529587741,1.347888585296,-13.15280725889,14942.01818697,-2843.371519819,0,0,259573.900,2296,368,0,391796.0711205
392000,27893092.3267,9505188.741886,2713055.411102,0,0,0,1.692184898034,-0.5586488701751,32949841.5633,31156809.9043786,163730087.8538,0.005980926739872,0,0,0,5.069538431573,6.818216053594e-82,0,-0.9958192258902,-0.5595659377117,-14.47931537943,-2.784607632761,1.347883191576,-13.15235328869,14942.81630263,-2843.523396179,0,0,259574.000,2296,368,0,391896.0720689
392100,27893067.53118,9505176.41464,2713354.364185,0,0,0,1.692175449705,-0.5586107898358,32949557.20319,31156525.5444453,163728593.5323,0.005980926739258,0,0,0,5.069538431573,6.816689692216e-82,0,-0.9957933508567,-0.5595279654586,-14.47878294956,-2.784685709892,1.347877797978,-13.15189929155,14943.61436935,-2843.675263226,0,0,259574.100,2296,368,0,391996.0730175
392200,27893042.73267,9505164.086799,2713653.316852,0,0,0,1.692165991136,-0.5585727080872,32949272.82788,31156241.1693258,163727099.1309,0.005980926738643,0,0,0,5.069538431573,6.815163604819e-82,0,-0.995767477022,-0.5594899916002,-14.47825049719,-2.784763755453,1.347872404503,-13.15144526376,14944.4124067,-2843.827124685,0,0,259574.200,2296,368,0,392096.073966
392300,27893017.93117,9505151.758364,2713952.2691,0,0,0,1.692156522327,-0.5585346249292,32948988.43739,31155956.7790211,163725604.6498,0.005980926738029,0,0,0,5.069538431573,6.813637791429e-82,0,-0.9957416087887,-0.5594520166189,-14.47771802907,-2.784841784791,1.347867011151,-13.15099121209,14945.2104049,-2843.978978693,0,0,259574.300,2296,368,0,392196.0749147
392400,27892993.12669,9505139.429333,2714251.220932,0,0,0,1.692147043274,-0.558496540362,32948704.03172,31155672.3735322,163724110.0889,0.005980926737414,0,0,0,5.069538431573,6.812112252067e-82,0,-0.9957157415407,-0.5594140398931,-14.47718553649,-2.7849198324,1.347861617922,-13.15053712781,14946.00830522,-2844.130814075,0,0,259574.400,2296,368,0,392296.0758633
392500,27892968.31922,9505127.099707,2714550.172346,0,0,0,1.692137553978,-0.5584584543858,32948419.61086,31155387.9528598,163722615.4482,0.0059809267368,0,0,0,5.069538431573,6.810586986759e-82,0,-0.9956898769353,-0.5593760619611,-14.476653027,-2.784997868233,1.347856224816,-13.15008301848,14946.80613702,-2844.282636419,0,0,259574.500,2296,368,0,392396.0768121
392600,27892943.50877,9505114.769486,2714849.123343,0,0,0,1.692128054436,-0.5584203670006,32948135.17483,31155103.517005,163721120.7276,0.005980926736185,0,0,0,5.069538431573,6.809061995525e-82,0,-0.9956640147709,-0.5593380826002,-14.47612049748,-2.785075936654,1.347850831832,-13.14962888096,14947.60396882,-2844.434458762,0,0,259574.600,2296,368,0,392496.0777608
392700,27892918.69532,9505102.438671,2715148.073922,0,0,0,1.692118544648,-0.5583822782066,32947850.7236,31154819.0659686,163719625.9274,0.005980926735571,0,0,0,5.069538431573,6.807537278391e-82,0,-0.9956381553782,-0.5593001019103,-14.47558794931,-2.785154011612,1.347845438972,-13.14917471667,14948.40179083,-2844.586279243,0,0,259574.700,2296,368,0,392596.0787097
392800,27892893.87889,9505090.107261,2715447.024083,0,0,0,1.692109024612,-0.5583441880039,32947566.2572,31154534.5997515,163718131.0473,0.005980926734956,0,0,0,5.069538431573,6.806012835374e-82,0,-0.9956122965583,-0.5592621194007,-14.47505537564,-2.785232029719,1.347840046235,-13.14872051871,14949.19953454,-2844.738084823,0,0,259574.800,2296,368,0,392696.0796585
392900,27892869.05948,9505077.775256,2715745.973828,0,0,0,1.692099494326,-0.5583060963925,32947281.77562,31154250.1183547,163716636.0875,0.005980926734342,0,0,0,5.069538431573,6.804488666504e-82,0,-0.9955864437526,-0.5592241358786,-14.47452278777,-2.785310069593,1.34783465362,-13.14826629839,14949.99717057,-2844.889869913,0,0,259574.900,2296,368,0,392796.0806075
393000,27892844.23707,9505065.442656,2716044.923154,0,0,0,1.692089953791,-0.5582680033727,32946997.27886,31153965.6217791,163715141.0479,0.005980926733727,0,0,0,5.069538431573,6.802964771798e-82,0,-0.9955605917679,-0.5591861506943,-14.47399017659,-2.785388096176,1.347829261129,-13.14781204662,14950.79470872,-2845.041636378,0,0,259575.000,2296,368,0,392896.0815565
393100,27892819.41168,9505053.109462,2716343.872063,0,0,0,1.692080403003,-0.5582299089445,32946712.76692,31153681.1100255,163713645.9285,0.005980926733113,0,0,0,5.069538431573,6.801441151286e-82,0,-0.9955347427715,-0.5591481642392,-14.47345754759,-2.785466133975,1.347823868762,-13.14735776888,14951.59236434,-2845.193425193,0,0,259575.100,2296,368,0,392996.0825055
393200,27892794.5833,9505040.775673,2716642.820554,0,0,0,1.692070841962,-0.5581918131081,32946428.23981,31153396.5830949,163712150.7294,0.005980926732498,0,0,0,5.069538431573,6.799917804984e-82,0,-0.9955088957802,-0.5591101762348,-14.47292489687,-2.785544179403,1.347818476517,-13.14690346126,14952.3898927,-2845.345189795,0,0,259575.200,2296,368,0,393096.0834546
393300,27892769.75193,9505028.441289,2716941.768627,0,0,0,1.692061270667,-0.5581537158635,32946143.69752,31153112.0409882,163710655.4505,0.005980926731884,0,0,0,5.069538431573,6.79839473292e-82,0,-0.9954830504202,-0.5590721872548,-14.47239223247,-2.785622187964,1.347813084396,-13.1464491318,14953.18738191,-2845.496946946,0,0,259575.300,2296,368,0,393196.0844037
393400,27892744.91758,9505016.106311,2717240.716282,0,0,0,1.692051689115,-0.5581156172108,32945859.14005,31152827.4837064,163709160.0919,0.005980926731269,0,0,0,5.069538431573,6.79687193511e-82,0,-0.9954572096098,-0.5590341962839,-14.47185954015,-2.785700218465,1.347807692398,-13.14599476627,14953.9848026,-2845.648691058,0,0,259575.400,2296,368,0,393296.0853529
393500,27892720.08024,9505003.770739,2717539.66352,0,0,0,1.692042097307,-0.5580775171503,32945574.56741,31152542.9112502,163707664.6536,0.005980926730655,0,0,0,5.069538431573,6.795349411581e-82,0,-0.9954313709202,-0.5589962041602,-14.47132683167,-2.785778252459,1.347802300524,-13.14554037641,14954.78211562,-2845.800414681,0,0,259575.500,2296,368,0,393396.0863021
393600,27892695.23991,9504991.434572,2717838.61034,0,0,0,1.69203249524,-0.5580394156819,32945289.9796,31152258.3236207,163706169.1355,0.00598092673004,0,0,0,5.069538431573,6.793827162356e-82,0,-0.995405534097,-0.5589582106132,-14.47079410323,-2.78585630246,1.347796908774,-13.14508595843,14955.57947759,-2845.952147618,0,0,259575.600,2296,368,0,393496.0872514
393700,27892670.3966,9504979.09781,2718137.556741,0,0,0,1.692022882913,-0.5580013128059,32945005.37661,31151973.7208187,163704673.5377,0.005980926729426,0,0,0,5.069538431573,6.792305187457e-82,0,-0.9953797003118,-0.558920215789,-14.47026135689,-2.785934337423,1.347791517147,-13.14463151438,14956.37681019,-2846.103874967,0,0,259575.700,2296,368,0,393596.0882007
393800,27892645.55029,9504966.760455,2718436.502725,0,0,0,1.692013260325,-0.5579632085223,32944720.75845,31151689.1028452,163703177.8601,0.005980926728811,0,0,0,5.069538431573,6.790783486906e-82,0,-0.9953538686542,-0.558882219461,-14.46972858945,-2.786012337034,1.347786125643,-13.14417704108,14957.17405469,-2846.255585551,0,0,259575.800,2296,368,0,393696.0891501
393900,27892620.701,9504954.422505,2718735.448291,0,0,0,1.692003627475,-0.5579251028312,32944436.12513,31151404.469701,163701682.1029,0.005980926728197,0,0,0,5.069538431573,6.789262060723e-82,0,-0.9953280381152,-0.5588442215277,-14.46919579951,-2.786090339388,1.347780734264,-13.14372253711,14957.97130898,-2846.407297999,0,0,259575.900,2296,368,0,393796.0900995
394000,27892595.84873,9504942.08396,2719034.393438,0,0,0,1.69199398436,-0.5578869957328,32944151.47663,31151119.8213871,163700186.2659,0.005980926727582,0,0,0,5.069538431573,6.787740908932e-82,0,-0.9953022130988,-0.5588062222316,-14.46866299047,-2.786168343844,1.347775343008,-13.14326800585,14958.76841645,-2846.558982506,0,0,259576.000,2296,368,0,393896.091049
394100,27892570.99346,9504929.744822,2719333.338168,0,0,0,1.691984330981,-0.5578488872271,32943866.81296,31150835.1579044,163698690.3492,0.005980926726968,0,0,0,5.069538431573,6.786220031559e-82,0,-0.9952763894054,-0.5587682216592,-14.46813016352,-2.786246383141,1.347769951876,-13.14281344853,14959.56552392,-2846.710667014,0,0,259576.100,2296,368,0,393996.0919986
394200,27892546.13521,9504917.405089,2719632.282479,0,0,0,1.691974667335,-0.5578107773144,32943582.13413,31150550.4792538,163697194.3528,0.005980926726353,0,0,0,5.069538431573,6.784699428621e-82,0,-0.9952505681339,-0.558730219632,-14.46759731618,-2.786324408383,1.347764560868,-13.14235886264,14960.36260202,-2846.862345934,0,0,259576.200,2296,368,0,394096.0929481
394300,27892521.27397,9504905.064762,2719931.226372,0,0,0,1.691964993421,-0.5577726659946,32943297.44012,31150265.7854362,163695698.2767,0.005980926725739,0,0,0,5.069538431573,6.783179100144e-82,0,-0.9952247493085,-0.5586922161083,-14.46706444785,-2.786402419177,1.347759169984,-13.14190424759,14961.15962139,-2847.014013678,0,0,259576.300,2296,368,0,394196.0938978
394400,27892496.40975,9504892.723841,2720230.169847,0,0,0,1.691955309238,-0.5577345532679,32943012.73096,31149981.0764525,163694202.1209,0.005980926725124,0,0,0,5.069538431573,6.781659046146e-82,0,-0.9951989331051,-0.5586542112964,-14.46653156146,-2.786480429409,1.347753779224,-13.14144960631,14961.95663098,-2847.165679559,0,0,259576.400,2296,368,0,394296.0948475
394500,27892471.54253,9504880.382326,2720529.112903,0,0,0,1.691945614785,-0.5576964391345,32942728.00662,31149696.3523036,163692705.8854,0.005980926724509,0,0,0,5.069538431573,6.780139266654e-82,0,-0.9951731183559,-0.5586162051107,-14.46599865581,-2.786558424091,1.347748388588,-13.14099493758,14962.75351332,-2847.317321226,0,0,259576.500,2296,368,0,394396.0957972
394600,27892446.67233,9504868.040217,2720828.055541,0,0,0,1.69193591006,-0.5576583235944,32942443.26713,31149411.6129905,163691209.5702,0.005980926723895,0,0,0,5.069538431573,6.778619761689e-82,0,-0.9951473084571,-0.5585781972562,-14.46546572676,-2.78663645473,1.347742998076,-13.14054023728,14963.55033693,-2847.468951717,0,0,259576.600,2296,368,0,394496.096747
394700,27892421.79915,9504855.697514,2721126.997761,0,0,0,1.691926195062,-0.5576202066478,32942158.51247,31149126.858514,163689713.1753,0.00598092672328,0,0,0,5.069538431573,6.77710053127e-82,0,-0.9951214999489,-0.558540188194,-14.46493278078,-2.786714473548,1.347737607688,-13.14008551187,14964.34709202,-2847.62056917,0,0,259576.700,2296,368,0,394596.0976968
394800,27892396.92297,9504843.354218,2721425.939562,0,0,0,1.691916469789,-0.5575820882947,32941873.74264,31148842.0888751,163688216.7007,0.005980926722666,0,0,0,5.069538431573,6.775581575422e-82,0,-0.9950956942018,-0.5585021776488,-14.46440123245,-2.786792431898,1.347732217425,-13.13963217592,14965.1439352,-2847.772203386,0,0,259576.800,2296,368,0,394696.0986467
394900,27892372.04381,9504831.010327,2721724.880944,0,0,0,1.69190673424,-0.5575439685353,32941588.95766,31148557.3040747,163686720.1465,0.005980926722051,0,0,0,5.069538431573,6.774062894164e-82,0,-0.995069890843,-0.5584641657176,-14.46388518564,-2.786870432592,1.347726827286,-13.13919433332,14965.94062178,-2847.9238078,0,0,259576.900,2296,368,0,394796.0995967
395000,27892347.16166,9504818.665842,2722023.821908,0,0,0,1.691896988414,-0.5575058473697,32941304.15751,31148272.5041137,163685223.5126,0.005980926721437,0,0,0,5.069538431573,6.772544487521e-82,0,-0.9950440884077,-0.5584261523582,-14.46336911944,-2.786948419864,1.347721437272,-13.13875646314,14966.73729856,-2848.075410351,0,0,259577.000,2296,368,0,394896.1005467
395100,27892322.27652,9504806.320764,2722322.762454,0,0,0,1.69188723231,-0.5574677247981,32941019.34221,31147987.6889929,163683726.7991,0.005980926720822,0,0,0,5.069538431573,6.771026355513e-82,0,-0.9950182912683,-0.5583881374696,-14.46285303248,-2.787026440613,1.347716047381,-13.13831856401,14967.53389704,-2848.226998001,0,0,259577.100,2296,368,0,394996.1014967
395200,27892297.3884,9504793.975092,2722621.702581,0,0,0,1.691877465926,-0.5574296008204,32940734.51174,31147702.8587134,163682230.0058,0.005980926720208,0,0,0,5.069538431573,6.769508498163e-82,0,-0.9949924958833,-0.5583501214815,-14.46233693059,-2.787104464404,1.347710657616,-13.13788064177,14968.33044657,-2848.378576338,0,0,259577.200,2296,368,0,395096.1024468
395300,27892272.49729,9504781.628827,2722920.642289,0,0,0,1.691867689261,-0.5573914754369,32940449.66612,31147418.013276,163680733.133,0.005980926719593,0,0,0,5.069538431573,6.76799091549e-82,0,-0.9949667025472,-0.558312103762,-14.4618208052,-2.787182436055,1.347705267975,-13.13744268784,14969.12698632,-2848.530152813,0,0,259577.300,2296,368,0,395196.1033969
395400,27892247.60319,9504769.281967,2723219.581578,0,0,0,1.691857902313,-0.5573533486477,32940164.80534,31147133.1526816,163679236.1804,0.005980926718979,0,0,0,5.069538431573,6.766473607521e-82,0,-0.9949409119296,-0.5582740847854,-14.46130466274,-2.787260426761,1.347699878459,-13.13700470864,14969.92349671,-2848.681723699,0,0,259577.400,2296,368,0,395296.1043471
395500,27892222.7061,9504756.934514,2723518.520449,0,0,0,1.691848105082,-0.5573152204528,32939879.92941,31146848.2769312,163677739.1483,0.005980926718364,0,0,0,5.069538431573,6.764956574274e-82,0,-0.9949151237775,-0.5582360644565,-14.46078850193,-2.787338403752,1.347694489067,-13.1365667029,14970.71995815,-2848.833285272,0,0,259577.500,2296,368,0,395396.1052974
395600,27892197.80603,9504744.586468,2723817.458901,0,0,0,1.691838297565,-0.5572770908524,32939595.03832,31146563.3860257,163676242.0364,0.00598092671775,0,0,0,5.069538431573,6.763439815771e-82,0,-0.9948893365636,-0.558198042374,-14.46027231731,-2.78741639635,1.3476890998,-13.13612866515,14971.51631192,-2848.984826356,0,0,259577.600,2296,368,0,395496.1062477
395700,27892172.90297,9504732.237828,2724116.396934,0,0,0,1.691828479762,-0.5572389598466,32939310.13208,31146278.4799659,163674744.845,0.005980926717135,0,0,0,5.069538431573,6.761923332032e-82,0,-0.9948635551537,-0.5581600192939,-14.45975611914,-2.787494391399,1.347683710658,-13.13569060567,14972.31264612,-2849.136363715,0,0,259577.700,2296,368,0,395596.107198
395800,27892147.99692,9504719.888595,2724415.334548,0,0,0,1.691818651671,-0.5572008274355,32939025.21068,31145993.5587528,163673247.5739,0.005980926716521,0,0,0,5.069538431573,6.760407123079e-82,0,-0.9948377745234,-0.558121994571,-14.45923989867,-2.787572354316,1.347678321641,-13.13525251568,14973.10899989,-2849.287904799,0,0,259577.800,2296,368,0,395696.1081484
395900,27892123.08788,9504707.538768,2724714.271743,0,0,0,1.69180881329,-0.5571626936192,32938740.27413,31145708.6223873,163671750.2232,0.005980926715906,0,0,0,5.069538431573,6.758891188938e-82,0,-0.9948119966476,-0.5580839684979,-14.45872365987,-2.787650335119,1.347672932749,-13.13481439917,14973.90521662,-2849.439419806,0,0,259577.900,2296,368,0,395796.1090988
396000,27892098.17586,9504695.188348,2725013.208519,0,0,0,1.69179896462,-0.5571245583979,32938455.32243,31145423.6708703,163670252.7929,0.005980926715292,0,0,0,5.069538431573,6.757375529627e-82,0,-0.9947862212511,-0.5580459411362,-14.45820740358,-2.787728319878,1.347667543982,-13.13437625696,14974.70138442,-2849.5909255,0,0,259578.000,2296,368,0,395896.1100493
396100,27892073.26085,9504682.837334,2725312.144876,0,0,0,1.691789105657,-0.5570864217716,32938170.35558,31145138.7042028,163668755.2829,0.005980926714677,0,0,0,5.069538431573,6.755860145165e-82,0,-0.9947604469388,-0.5580079121836,-14.45769112569,-2.787806321716,1.34766215534,-13.13393808495,14975.49758158,-2849.742436782,0,0,259578.100,2296,368,0,395996.1109999
396200,27892048.34285,9504670.485728,2725611.080814,0,0,0,1.691779236401,-0.5570482837405,32937885.37357,31144853.7223855,163667257.6934,0.005980926714063,0,0,0,5.069538431573,6.754345035577e-82,0,-0.9947346783376,-0.5579698820674,-14.457174832,-2.787884307971,1.347656766823,-13.13349988894,14976.29363191,-2849.893920124,0,0,259578.200,2296,368,0,396096.1119505
396300,27892023.42187,9504658.133528,2725910.016332,0,0,0,1.691769356851,-0.5570101443047,32937600.37642,31144568.7254196,163665760.0242,0.005980926713448,0,0,0,5.069538431573,6.75283020088e-82,0,-0.9947089103916,-0.5579318500749,-14.45665851284,-2.787962257936,1.347651378431,-13.13306165925,14977.08968225,-2850.045403466,0,0,259578.300,2296,368,0,396196.1129011
396400,27891998.4979,9504645.780734,2726208.951432,0,0,0,1.691759467004,-0.5569720034642,32937315.36413,31144283.7133057,163664262.2754,0.005980926712834,0,0,0,5.069538431573,6.751315641104e-82,0,-0.994683145386,-0.5578938170114,-14.45614217914,-2.788040213156,1.347645990164,-13.13262340682,14977.88573258,-2850.196886808,0,0,259578.400,2296,368,0,396296.1138518
396500,27891973.57094,9504633.427348,2726507.886112,0,0,0,1.691749566861,-0.5569338612193,32937030.33668,31143998.686045,163662764.4471,0.005980926712219,0,0,0,5.069538431573,6.749801356261e-82,0,-0.9946573829666,-0.5578557824948,-14.45562582571,-2.788118171259,1.347640602023,-13.13218512645,14978.68159694,-2850.348334759,0,0,259578.500,2296,368,0,396396.1148026
396600,27891948.64099,9504621.073369,2726806.820373,0,0,0,1.691739656419,-0.55689571757,32936745.29409,31143713.6436383,163661266.5391,0.005980926711605,0,0,0,5.069538431573,6.748287346376e-82,0,-0.99463162279,-0.5578177463875,-14.45510945069,-2.788196161536,1.347635214007,-13.13174681627,14979.4775494,-2850.499799475,0,0,259578.600,2296,368,0,396496.1157534
396700,27891923.70805,9504608.718796,2727105.754215,0,0,0,1.691729735677,-0.5568575725165,32936460.23635,31143428.5860864,163659768.5516,0.00598092671099,0,0,0,5.069538431573,6.74677361147e-82,0,-0.9946058637208,-0.5577797091178,-14.45459305989,-2.788274138706,1.347629826117,-13.1313084821,14980.27339418,-2850.651243702,0,0,259578.700,2296,368,0,396596.1167042
396800,27891898.77213,9504596.363631,2727404.687637,0,0,0,1.691719804634,-0.5568194260588,32936175.16347,31143143.5133904,163658270.4844,0.005980926710376,0,0,0,5.069538431573,6.745260151563e-82,0,-0.9945801101095,-0.5577416702611,-14.45407664754,-2.788352099463,1.347624438352,-13.13087011817,14981.06916065,-2850.802673027,0,0,259578.800,2296,368,0,396696.1176551
396900,27891873.83322,9504584.007872,2727703.62064,0,0,0,1.691709863288,-0.556781278197,32935890.07545,31142858.4255511,163656772.3377,0.005980926709761,0,0,0,5.069538431573,6.743746966679e-82,0,-0.9945543579586,-0.5577036301196,-14.45356021775,-2.78843006095,1.347619050713,-13.13043172859,14981.86490755,-2850.954098627,0,0,259578.900,2296,368,0,396796.1186061
397000,27891848.89132,9504571.651521,2728002.553223,0,0,0,1.691699911638,-0.5567431289314,32935604.97228,31142573.3225694,163655274.1115,0.005980926709147,0,0,0,5.069538431573,6.742234056834e-82,0,-0.994528607906,-0.5576655883263,-14.45304376554,-2.788508008535,1.347613663199,-13.12999330836,14982.66060551,-2851.105514914,0,0,259579.000,2296,368,0,396896.1195571
397100,27891823.94644,9504559.294577,2728301.485387,0,0,0,1.691689949683,-0.5567049782619,32935319.85398,31142288.2044463,163653775.8056,0.005980926708532,0,0,0,5.069538431573,6.740721422053e-82,0,-0.9945028606689,-0.5576275454122,-14.45252729811,-2.788585989956,1.347608275811,-13.1295548647,14983.45629368,-2851.256929338,0,0,259579.100,2296,368,0,396996.1205081
397200,27891798.99857,9504546.93704,2728600.417131,0,0,0,1.691679977422,-0.5566668261887,32935034.72053,31142003.0711827,163652277.4202,0.005980926707917,0,0,0,5.069538431573,6.739209062357e-82,0,-0.9944771156503,-0.5575895010872,-14.45201081152,-2.788663960055,1.347602888548,-13.12911639366,14984.25192312,-2851.408332586,0,0,259579.200,2296,368,0,397096.1214592
397300,27891774.04771,9504534.57891,2728899.348456,0,0,0,1.691669994852,-0.556628672712,32934749.57194,31141717.9227794,163650778.9552,0.005980926707303,0,0,0,5.069538431573,6.737696977765e-82,0,-0.9944513720161,-0.5575514553009,-14.4514943051,-2.788741872409,1.347597501412,-13.12867789457,14985.04755256,-2851.559735835,0,0,259579.300,2296,368,0,397196.1224104
397400,27891749.09386,9504522.220187,2729198.279361,0,0,0,1.691660001973,-0.5565905178318,32934464.40821,31141432.7592374,163649280.4107,0.005980926706688,0,0,0,5.069538431573,6.736185168298e-82,0,-0.9944256338685,-0.5575134081865,-14.45097778064,-2.788819824944,1.347592114401,-13.12823936922,14985.84302539,-2851.711109281,0,0,259579.400,2296,368,0,397296.1233616
397500,27891724.13703,9504509.860872,2729497.209846,0,0,0,1.691649998784,-0.5565523615482,32934179.22935,31141147.5805577,163647781.7866,0.005980926706074,0,0,0,5.069538431573,6.734673633975e-82,0,-0.9943998966692,-0.5574753593579,-14.45046123292,-2.788897762971,1.347586727516,-13.12780081237,14986.63852758,-2851.862488315,0,0,259579.500,2296,368,0,397396.1243128
397600,27891699.17721,9504497.500964,2729796.139912,0,0,0,1.691639985282,-0.5565142038614,32933894.03535,31140862.386741,163646283.083,0.005980926705459,0,0,0,5.069538431573,6.733162374819e-82,0,-0.9943741621227,-0.5574373093287,-14.44994466889,-2.788975734804,1.347581340758,-13.127362231,14987.43396125,-2852.01385431,0,0,259579.600,2296,368,0,397496.1252641
397700,27891674.2144,9504485.140464,2730095.069558,0,0,0,1.691629961467,-0.5564760447715,32933608.82621,31140577.1777884,163644784.2998,0.005980926704845,0,0,0,5.069538431573,6.731651390852e-82,0,-0.9943484300401,-0.5573992577666,-14.44942808406,-2.789053709605,1.347575954125,-13.12692362059,14988.22932641,-2852.165207267,0,0,259579.700,2296,368,0,397596.1262155
397800,27891649.2486,9504472.779371,2730393.998784,0,0,0,1.691619927337,-0.5564378842786,32933323.60194,31140291.9537008,163643285.4371,0.00598092670423,0,0,0,5.069538431573,6.730140682091e-82,0,-0.9943226991909,-0.5573612049889,-14.44891148272,-2.789131633511,1.347570567618,-13.12648498545,14989.02469157,-2852.316560224,0,0,259579.800,2296,368,0,397696.1271669
397900,27891624.27982,9504460.417685,2730692.92759,0,0,0,1.691609882892,-0.5563997223828,32933038.36254,31140006.714479,163641786.4949,0.005980926703616,0,0,0,5.069538431573,6.72863024856e-82,0,-0.9942969736114,-0.5573231506941,-14.44839486079,-2.789209576308,1.347565181238,-13.12604632148,14989.81995884,-2852.467894554,0,0,259579.900,2296,368,0,397796.1281184
398000,27891599.30805,9504448.055407,2730991.855976,0,0,0,1.691599828128,-0.5563615590842,32932753.108,31139721.460124,163640287.4732,0.005980926703001,0,0,0,5.069538431573,6.727120090277e-82,0,-0.9942712495604,-0.5572850951001,-14.44787822121,-2.789287505156,1.347559794984,-13.12560763164,14990.61512823,-2852.619210258,0,0,259580.000,2296,368,0,397896.1290699
398100,27891574.33329,9504435.692537,2731290.783942,0,0,0,1.691589763047,-0.5563233943829,32932467.83832,31139436.1906367,163638788.3719,0.005980926702387,0,0,0,5.069538431573,6.725610207263e-82,0,-0.9942455276372,-0.5572470378603,-14.4473615593,-2.789365450221,1.347554408856,-13.12516891122,14991.41032699,-2852.77053155,0,0,259580.100,2296,368,0,397996.1300214
398200,27891549.35554,9504423.329074,2731589.711488,0,0,0,1.691579687645,-0.5562852282791,32932182.55352,31139150.9060179,163637289.1911,0.005980926701772,0,0,0,5.069538431573,6.724100599537e-82,0,-0.9942198082237,-0.5572089791391,-14.44684487727,-2.789443374448,1.347549022854,-13.12473016245,14992.20548659,-2852.921845391,0,0,259580.200,2296,368,0,398096.130973
398300,27891524.37481,9504410.965019,2731888.638614,0,0,0,1.691569601921,-0.5562470607729,32931897.25359,31138865.6062687,163635789.9308,0.005980926701158,0,0,0,5.069538431573,6.722591267126e-82,0,-0.9941940915124,-0.5571709193379,-14.44632818058,-2.789521311603,1.347543636979,-13.12429139079,14993.00059725,-2853.07314992,0,0,259580.300,2296,368,0,398196.1319247
398400,27891499.39108,9504398.600371,2732187.56532,0,0,0,1.691559505875,-0.5562088918643,32931611.93853,31138580.29139,163634290.591,0.005980926700543,0,0,0,5.069538431573,6.721082210042e-82,0,-0.9941683756894,-0.5571328579656,-14.44581146257,-2.789599243514,1.34753825123,-13.12385258956,14993.79560024,-2853.224433959,0,0,259580.400,2296,368,0,398296.1328764
398500,27891474.40438,9504386.235132,2732486.491606,0,0,0,1.691549399505,-0.5561707215535,32931326.60833,31138294.9613826,163632791.1717,0.005980926699929,0,0,0,5.069538431573,6.719573428309e-82,0,-0.9941426655494,-0.5570947953843,-14.44529472813,-2.789677181009,1.347532865608,-13.12341376367,14994.59056408,-2853.375710547,0,0,259580.500,2296,368,0,398396.1338282
398600,27891449.41468,9504373.8693,2732785.417471,0,0,0,1.691539282809,-0.5561325498406,32931041.26301,31138009.6162474,163631291.6729,0.005980926699314,0,0,0,5.069538431573,6.718064921947e-82,0,-0.9941169568308,-0.5570567312218,-14.44477797224,-2.789755133253,1.347527480112,-13.12297490807,14995.38548877,-2853.526979685,0,0,259580.600,2296,368,0,398496.13478
398700,27891424.42199,9504361.502876,2733084.342917,0,0,0,1.691529155786,-0.5560943767257,32930755.90257,31137724.2559855,163629792.0946,0.0059809266987,0,0,0,5.069538431573,6.716556690974e-82,0,-0.9940912501774,-0.5570186655924,-14.44426119643,-2.789833048367,1.347522094743,-13.12253602432,14996.1803743,-2853.678241372,0,0,259580.700,2296,368,0,398596.1357318
398800,27891399.42632,9504349.135859,2733383.267942,0,0,0,1.691519018435,-0.556056202209,32930470.527,31137438.8805976,163628292.4368,0.005980926698085,0,0,0,5.069538431573,6.715048735417e-82,0,-0.9940655462541,-0.5569805986137,-14.4437444023,-2.789910974892,1.347516709501,-13.122097114,14996.9752892,-2853.829508647,0,0,259580.800,2296,368,0,398696.1366837
398900,27891374.42766,9504336.768251,2733682.192546,0,0,0,1.691508870755,-0.5560180262905,32930185.1363,31137153.4900847,163626792.6995,0.005980926697471,0,0,0,5.069538431573,6.71354105529e-82,0,-0.9940398443781,-0.5569425301925,-14.44322758858,-2.789988881991,1.347511324386,-13.12165817585,14997.77010621,-2853.980757296,0,0,259580.900,2296,368,0,398796.1376357
399000,27891349.42602,9504324.400051,2733981.11673,0,0,0,1.691498712743,-0.5559798489703,32929899.73048,31136868.0844478,163625292.8828,0.005980926696856,0,0,0,5.069538431573,6.712033650611e-82,0,-0.9940141443746,-0.5569044605885,-14.44271075881,-2.79006679178,1.347505939397,-13.1212192134,14998.56480576,-2854.131983593,0,0,259581.000,2296,368,0,398896.1385877
399100,27891324.42138,9504312.031259,2734280.040494,0,0,0,1.6914885444,-0.5559416702486,32929614.30953,31136582.6636876,163623792.9866,0.005980926696242,0,0,0,5.069538431573,6.710526521405e-82,0,-0.9939884492337,-0.5568663892341,-14.44219390528,-2.79014473454,1.347500554535,-13.12078021893,14999.3595249,-2854.283213615,0,0,259581.100,2296,368,0,398996.1395398
399200,27891299.41376,9504299.661874,2734578.963838,0,0,0,1.691478365722,-0.5559034901255,32929328.87347,31136297.2278052,163622293.0109,0.005980926695627,0,0,0,5.069538431573,6.70901966769e-82,0,-0.9939627555215,-0.5568283167076,-14.44167703583,-2.790222639295,1.3474951698,-13.1203412003,15000.1541853,-2854.434432462,0,0,259581.200,2296,368,0,399096.1404919
399300,27891274.40315,9504287.291898,2734877.88676,0,0,0,1.69146817671,-0.5558653086012,32929043.42228,31136011.7768015,163620792.9557,0.005980926695013,0,0,0,5.069538431573,6.707513089486e-82,0,-0.9939370640032,-0.5567902425566,-14.44116014433,-2.790300556771,1.347489785193,-13.11990215136,15000.94883591,-2854.585649446,0,0,259581.300,2296,368,0,399196.141444
399400,27891249.38955,9504274.92133,2735176.809263,0,0,0,1.691457977362,-0.5558271256756,32928757.95597,31135726.3106774,163619292.8211,0.005980926694398,0,0,0,5.069538431573,6.706006786813e-82,0,-0.9939113753968,-0.5567521671438,-14.4406432357,-2.790378487974,1.347484400712,-13.11946307703,15001.74339843,-2854.736849666,0,0,259581.400,2296,368,0,399296.1423962
399500,27891224.37297,9504262.550171,2735475.731344,0,0,0,1.691447767675,-0.5557889413489,32928472.47454,31135440.8294338,163617792.6071,0.005980926693784,0,0,0,5.069538431573,6.704500759691e-82,0,-0.9938856877036,-0.556714090323,-14.44012630796,-2.790456388317,1.347479016358,-13.11902397534,15002.53792179,-2854.888042435,0,0,259581.500,2296,368,0,399396.1433485
399600,27891199.3534,9504250.178419,2735774.653005,0,0,0,1.69143754765,-0.5557507556213,32928186.978,31135155.3330716,163616292.3135,0.005980926693169,0,0,0,5.069538431573,6.702995008141e-82,0,-0.9938600054244,-0.5566760120508,-14.43960936051,-2.790534322178,1.347473632132,-13.11858484567,15003.33237664,-2855.039222166,0,0,259581.600,2296,368,0,399496.1443008
399700,27891174.33084,9504237.806076,2736073.574245,0,0,0,1.691427317284,-0.5557125684928,32927901.46633,31134869.8215917,163614791.9406,0.005980926692555,0,0,0,5.069538431573,6.701489532179e-82,0,-0.9938343244514,-0.5566379325013,-14.43909239572,-2.790612219531,1.347468248033,-13.11814569041,15004.12673361,-2855.19038327,0,0,259581.700,2296,368,0,399596.1452532
399800,27891149.30529,9504225.433141,2736372.495065,0,0,0,1.691417076577,-0.5556743799636,32927615.93955,31134584.294995,163613291.4882,0.00598092669194,0,0,0,5.069538431573,6.699984331829e-82,0,-0.9938086463142,-0.5565998515305,-14.43857541163,-2.7906901085,1.347462864061,-13.1177065076,15004.92110036,-2855.341546237,0,0,259581.800,2296,368,0,399696.1462056
399900,27891124.27676,9504213.059615,2736671.415463,0,0,0,1.691406825526,-0.5556361900338,32927330.39765,31134298.7532825,163611790.9564,0.005980926691326,0,0,0,5.069538431573,6.698479407106e-82,0,-0.9937829702409,-0.5565617689154,-14.43805840522,-2.790768012731,1.347457480216,-13.11726729419,15005.71542796,-2855.492701754,0,0,259581.900,2296,368,0,399796.1471581
400000,27891099.24523,9504200.685497,2736970.335441,0,0,0,1.691396564131,-0.5555979987035,32927044.84064,31134013.1964551,163610290.3451,0.005980926690711,0,0,0,5.069538431573,6.696974758034e-82,0,-0.9937572968042,-0.5565236850309,-14.43754138158,-2.790845902563,1.347452096499,-13.11682805529,15006.50967726,-2855.643842369,0,0,259582.000,2296,368,0,399896.1481106
400100,27891074.21072,9504188.310787,2737269.254998,0,0,0,1.69138629239,-0.5555598059728,32926759.26852,31133727.6245136,163608789.6544,0.005980926690097,0,0,0,5.069538431573,6.695470384629e-82,0,-0.9937316240526,-0.5564855995838,-14.43702433673,-2.790923826827,1.34744671291,-13.11638878691,15007.30391676,-2855.794981122,0,0,259582.100,2296,368,0,399996.1490631
400200,27891049.17323,9504175.935486,2737568.174134,0,0,0,1.691376010302,-0.5555216118418,32926473.68128,31133442.0374591,163607288.8843,0.005980926689482,0,0,0,5.069538431573,6.693966286912e-82,0,-0.9937059572594,-0.5564475129347,-14.43650727555,-2.791001729547,1.347441329448,-13.11594949394,15008.09806817,-2855.946103111,0,0,259582.200,2296,368,0,400096.1500158
400300,27891024.13274,9504163.559594,2737867.092849,0,0,0,1.691365717866,-0.5554834163106,32926188.07893,31133156.4352924,163605788.0348,0.005980926688868,0,0,0,5.069538431573,6.692462464905e-82,0,-0.9936802917596,-0.5564094249,-14.43599019557,-2.791079627685,1.347435946114,-13.1155101739,15008.89218043,-2856.097217649,0,0,259582.300,2296,368,0,400196.1509684
400400,27890999.08927,9504151.18311,2738166.011143,0,0,0,1.691355415079,-0.5554452193794,32925902.46147,31132870.8180144,163604287.1059,0.005980926688253,0,0,0,5.069538431573,6.690958918622e-82,0,-0.9936546283802,-0.5563713353987,-14.43547309567,-2.79115752173,1.347430562907,-13.11507082567,15009.68627311,-2856.248328462,0,0,259582.400,2296,368,0,400296.1519211
400500,27890974.04281,9504138.806035,2738464.929016,0,0,0,1.691345101942,-0.5554070210482,32925616.82889,31132585.1856261,163602786.0976,0.005980926687638,0,0,0,5.069538431573,6.689455648087e-82,0,-0.993628967559,-0.5563332443727,-14.43495597508,-2.791235403161,1.347425179828,-13.11463144846,15010.48031686,-2856.399429962,0,0,259582.500,2296,368,0,400396.1528739
400600,27890948.99336,9504126.428368,2738763.846467,0,0,0,1.691334778451,-0.5553688213173,32925331.18121,31132299.5381283,163601285.0098,0.005980926687024,0,0,0,5.069538431573,6.68795265332e-82,0,-0.993603309197,-0.5562951521571,-14.43443883834,-2.791313278228,1.347419796877,-13.11419204684,15011.27433123,-2856.550525874,0,0,259582.600,2296,368,0,400496.1538267
400700,27890923.94092,9504114.050111,2739062.763498,0,0,0,1.691324444607,-0.5553306201866,32925045.51842,31132013.875522,163599783.8427,0.005980926686409,0,0,0,5.069538431573,6.686449934335e-82,0,-0.9935776537198,-0.5562570585947,-14.43392168331,-2.791391176929,1.347414414054,-13.11375261865,15012.06825751,-2856.701605022,0,0,259582.700,2296,368,0,400596.1547796
400800,27890898.8855,9504101.671262,2739361.680107,0,0,0,1.691314100407,-0.5552924176563,32924759.84052,31131728.1978081,163598282.5962,0.005980926685795,0,0,0,5.069538431573,6.684947491153e-82,0,-0.9935520006359,-0.5562189633124,-14.43340450493,-2.791469066339,1.347409031358,-13.11331315884,15012.86215443,-2856.852678582,0,0,259582.800,2296,368,0,400696.1557325
400900,27890873.82709,9504089.291821,2739660.596295,0,0,0,1.691303745851,-0.5552542137265,32924474.14752,31131442.5049875,163596781.2703,0.00598092668518,0,0,0,5.069538431573,6.683445323797e-82,0,-0.9935263500383,-0.5561808667383,-14.43288730902,-2.791546950752,1.347403648791,-13.11287367321,15013.65598283,-2857.003739104,0,0,259582.900,2296,368,0,400796.1566855
401000,27890848.76569,9504076.91179,2739959.512062,0,0,0,1.691293380936,-0.5552160083973,32924188.43941,31131156.7970611,163595279.865,0.005980926684566,0,0,0,5.069538431573,6.681943432281e-82,0,-0.9935007021872,-0.5561427689028,-14.43237009598,-2.791624839144,1.347398266352,-13.11243416218,15014.4497525,-2857.154788449,0,0,259583.000,2296,368,0,400896.1576385
401100,27890823.7013,9504064.531168,2740258.427407,0,0,0,1.691283005662,-0.5551778016689,32923902.71619,31130871.0740299,163593778.3803,0.005980926683951,0,0,0,5.069538431573,6.680441816629e-82,0,-0.9934750565785,-0.5561046695516,-14.43185286236,-2.791702720105,1.34739288404,-13.11200341396,15015.24352217,-2857.305837795,0,0,259583.100,2296,368,0,400996.1585916
401200,27890798.63393,9504052.149954,2740557.342331,0,0,0,1.691272620028,-0.5551395935414,32923616.97787,31130585.3358948,163592276.8163,0.005980926683337,0,0,0,5.069538431573,6.678940476855e-82,0,-0.9934494123699,-0.5560665688008,-14.43133560974,-2.791780609488,1.347387501857,-13.11160028762,15016.03722332,-2857.456874102,0,0,259583.200,2296,368,0,401096.1595447
401300,27890773.56357,9504039.76815,2740856.256834,0,0,0,1.691262224031,-0.5551013840148,32923331.22445,31130299.5826566,163590775.1729,0.005980926682722,0,0,0,5.069538431573,6.677439412981e-82,0,-0.9934237733697,-0.556028466544,-14.43081833668,-2.791858488836,1.347382119802,-13.11119713167,15016.83087553,-2857.607901096,0,0,259583.300,2296,368,0,401196.1604979
401400,27890748.49022,9504027.385755,2741155.170915,0,0,0,1.691251817671,-0.5550631730893,32923045.45592,31130013.8143163,163589273.4501,0.005980926682108,0,0,0,5.069538431573,6.675938625025e-82,0,-0.9933981354549,-0.5559903629002,-14.43030104479,-2.791936368397,1.347376737876,-13.11079394775,15017.62443964,-2857.758911327,0,0,259583.400,2296,368,0,401296.1614511
401500,27890723.41388,9504015.002769,2741454.084574,0,0,0,1.691241400945,-0.555024960765,32922759.6723,31129728.0308748,163587771.648,0.005980926681493,0,0,0,5.069538431573,6.674438113006e-82,0,-0.9933725005247,-0.555952257985,-14.42978373564,-2.792014209815,1.347371356078,-13.1103907374,15018.4179744,-2857.909915969,0,0,259583.500,2296,368,0,401396.1624044
401600,27890698.33455,9504002.619191,2741752.997812,0,0,0,1.691230973854,-0.554986747042,32922473.87357,31129442.2323331,163586269.7665,0.005980926680879,0,0,0,5.069538431573,6.672937876945e-82,0,-0.9933468679587,-0.5559141517026,-14.42926640792,-2.792092082076,1.347365974408,-13.10998749933,15019.21146021,-2858.060911298,0,0,259583.600,2296,368,0,401496.1633577
401700,27890673.25224,9503990.235024,2742051.910628,0,0,0,1.691220536395,-0.5549485319205,32922188.05975,31129156.418692,163584767.8057,0.005980926680264,0,0,0,5.069538431573,6.671437916857e-82,0,-0.9933212376473,-0.5558760439198,-14.42874905984,-2.79216996193,1.347360592867,-13.10958423174,15020.00496559,-2858.211910352,0,0,259583.700,2296,368,0,401596.164311
401800,27890648.16694,9503977.850265,2742350.823023,0,0,0,1.691210088567,-0.5549103154004,32921902.23082,31128870.5899524,163583265.7655,0.00598092667965,0,0,0,5.069538431573,6.669938232765e-82,0,-0.993295608486,-0.5558379346985,-14.42823169223,-2.792247831343,1.347355211454,-13.10918093545,15020.79836331,-2858.362888917,0,0,259583.800,2296,368,0,401696.1652645
401900,27890623.07865,9503965.464916,2742649.734996,0,0,0,1.691199630368,-0.5548720974821,32921616.3868,31128584.7461154,163581763.646,0.005980926679035,0,0,0,5.069538431573,6.668438824683e-82,0,-0.993269984905,-0.555799824032,-14.427714305,-2.792325712891,1.34734983017,-13.10877761037,15021.59166314,-2858.513848856,0,0,259583.900,2296,368,0,401796.1662179
402000,27890597.98738,9503953.078976,2742948.646547,0,0,0,1.691189161798,-0.5548338781654,32921330.52768,31128298.8871817,163580261.4472,0.005980926678421,0,0,0,5.069538431573,6.666939692634e-82,0,-0.9932443626453,-0.5557617121857,-14.42719690175,-2.792403566089,1.347344449014,-13.10837426011,15022.38493361,-2858.664803207,0,0,259584.000,2296,384,0,401896.1671715
402100,27890572.89311,9503940.692445,2743247.557676,0,0,0,1.691178682855,-0.5547956574507,32921044.65347,31128013.0131523,163578759.169,0.005980926677806,0,0,0,5.069538431573,6.665440836632e-82,0,-0.9932187424035,-0.5557235986196,-14.42667947515,-2.792481428326,1.347339067987,-13.10797087733,15023.17825302,-2858.815766871,0,0,259584.100,2296,384,0,401996.168125
402200,27890547.79586,9503928.305324,2743546.468384,0,0,0,1.691168193537,-0.5547574353379,32920758.76416,31127727.1240282,163577256.8116,0.005980926677192,0,0,0,5.069538431573,6.6639422567e-82,0,-0.9931931246142,-0.5556854836762,-14.42616202986,-2.792559299011,1.347333687089,-13.10756746669,15023.97148433,-2858.966713771,0,0,259584.200,2296,384,0,402096.1690787
402300,27890522.69562,9503915.917612,2743845.378669,0,0,0,1.691157693843,-0.5547192118273,32920472.85976,31127441.2198102,163575754.3747,0.005980926676577,0,0,0,5.069538431573,6.662443952855e-82,0,-0.9931675085464,-0.5556473676425,-14.42564456976,-2.792637142106,1.34732830632,-13.10716403206,15024.76467649,-2859.117653221,0,0,259584.300,2296,384,0,402196.1700323
402400,27890497.5924,9503903.52931,2744144.288533,0,0,0,1.691147183773,-0.5546809869188,32920186.94027,31127155.3004993,163574251.8586,0.005980926675963,0,0,0,5.069538431573,6.660945925113e-82,0,-0.9931418975357,-0.5556092499037,-14.42512708652,-2.79271499878,1.34732292568,-13.10676056512,15025.55778056,-2859.268575907,0,0,259584.400,2296,384,0,402296.1709861
402500,27890472.48618,9503891.140417,2744443.197974,0,0,0,1.691136663323,-0.5546427606127,32919901.00568,31126869.3660963,163572749.2632,0.005980926675348,0,0,0,5.069538431573,6.659448173498e-82,0,-0.9931162876535,-0.5555711308756,-14.42460958577,-2.792792818921,1.347317545168,-13.10635707149,15026.35084547,-2859.419491142,0,0,259584.500,2296,384,0,402396.1719398
402600,27890447.37698,9503878.750934,2744742.106994,0,0,0,1.691126132494,-0.5546045329091,32919615.056,31126583.4166022,163571246.5885,0.005980926674734,0,0,0,5.069538431573,6.657950698021e-82,0,-0.9930906804693,-0.5555330105143,-14.42409206692,-2.79287069423,1.347312164786,-13.10595355058,15027.14387123,-2859.570398927,0,0,259584.600,2296,384,0,402496.1728937
402700,27890422.26479,9503866.36086,2745041.015591,0,0,0,1.691115591284,-0.554566303808,32919329.09123,31126297.452018,163569743.8344,0.005980926674119,0,0,0,5.069538431573,6.656453498708e-82,0,-0.9930650757442,-0.5554948886731,-14.42357452798,-2.792948570302,1.347306784532,-13.1055500004,15027.93681869,-2859.72129181,0,0,259584.700,2296,384,0,402596.1738475
402800,27890397.14961,9503853.970196,2745339.923766,0,0,0,1.69110503969,-0.5545280733095,32919043.11137,31126011.4723445,163568241.0011,0.005980926673505,0,0,0,5.069538431573,6.654956575571e-82,0,-0.9930394734235,-0.5554567653325,-14.42305696869,-2.793026422099,1.347301404408,-13.10514642068,15028.72977593,-2859.872186556,0,0,259584.800,2296,384,0,402696.1748015
402900,27890372.03144,9503841.578942,2745638.831519,0,0,0,1.691094477713,-0.5544898414139,32918757.11643,31125725.4775826,163566738.0885,0.00598092667289,0,0,0,5.069538431573,6.653459928633e-82,0,-0.993013872483,-0.5554186408326,-14.42253939366,-2.793104268849,1.347296024413,-13.10474281604,15029.52266466,-2860.023068264,0,0,259584.900,2296,384,0,402796.1757554
403000,27890346.91029,9503829.187098,2745937.73885,0,0,0,1.691083905351,-0.5544516081211,32918471.10639,31125439.4677333,163565235.0966,0.005980926672276,0,0,0,5.069538431573,6.651963557908e-82,0,-0.9929882766823,-0.5553805148129,-14.42202179799,-2.793182079227,1.347290644548,-13.10433918157,15030.31548487,-2860.173936933,0,0,259585.000,2296,384,0,402896.1767095
403100,27890321.78615,9503816.794663,2746236.645759,0,0,0,1.691073322601,-0.5544133734314,32918185.08127,31125153.4427975,163563732.0254,0.005980926671661,0,0,0,5.069538431573,6.650467463419e-82,0,-0.9929626820819,-0.5553423872573,-14.42150418147,-2.793259929936,1.347285264811,-13.10393551707,15031.10822677,-2860.324790701,0,0,259585.100,2296,384,0,402996.1776635
403200,27890296.65902,9503804.401639,2746535.552245,0,0,0,1.691062729463,-0.5543751373447,32917899.04107,31124867.402776,163562228.8749,0.005980926671047,0,0,0,5.069538431573,6.648971645179e-82,0,-0.9929370903838,-0.5553042583982,-14.42098654726,-2.793337779709,1.347279885204,-13.10353182567,15031.90089036,-2860.475629568,0,0,259585.200,2296,384,0,403096.1786177
403300,27890271.5289,9503792.008024,2746834.458309,0,0,0,1.691052125936,-0.5543368998614,32917612.98578,31124581.3476699,163560725.6452,0.005980926670432,0,0,0,5.069538431573,6.64747610321e-82,0,-0.9929115009332,-0.5552661281406,-14.42046889406,-2.793415621369,1.347274505726,-13.1031281061,15032.69361269,-2860.626479611,0,0,259585.300,2296,384,0,403196.1795718
403400,27890246.3958,9503779.613819,2747133.36395,0,0,0,1.691041512018,-0.5542986609813,32917326.9154,31124295.27748,163559222.3362,0.005980926669818,0,0,0,5.069538431573,6.645980837527e-82,0,-0.9928859139594,-0.5552279964611,-14.41995122156,-2.793493458587,1.347269126378,-13.10272435803,15033.48625671,-2860.777314752,0,0,259585.400,2296,384,0,403296.1805261
403500,27890221.25971,9503767.219024,2747432.269169,0,0,0,1.691030887708,-0.5542604207047,32917040.82995,31124009.1922074,163557718.948,0.005980926669203,0,0,0,5.069538431573,6.644485848151e-82,0,-0.9928603279429,-0.5551898634419,-14.41943353087,-2.793571273985,1.34726374716,-13.10232058257,15034.27883221,-2860.928136855,0,0,259585.500,2296,384,0,403396.1814803
403600,27890196.12063,9503754.82364,2747731.173966,0,0,0,1.691020253004,-0.5542221790317,32916754.72941,31123723.0918527,163556215.4805,0.005980926668589,0,0,0,5.069538431573,6.642991135097e-82,0,-0.9928347477524,-0.555151728903,-14.41891581955,-2.793649131089,1.347258368071,-13.10191677728,15035.07130983,-2861.078940332,0,0,259585.600,2296,384,0,403496.1824347
403700,27890170.97856,9503742.427665,2748030.078339,0,0,0,1.691009607905,-0.5541839359624,32916468.61379,31123436.976417,163554711.9337,0.005980926667974,0,0,0,5.069538431573,6.641496698384e-82,0,-0.9928091685138,-0.5551135930015,-14.41839808973,-2.79372697171,1.347252989112,-13.10151294429,15035.86377765,-2861.229741946,0,0,259585.700,2296,384,0,403596.1833891
403800,27890145.8335,9503730.0311,2748328.982291,0,0,0,1.69099895241,-0.5541456914969,32916182.48309,31123150.8459013,163553208.3077,0.00598092666736,0,0,0,5.069538431573,6.640002538033e-82,0,-0.9927835917573,-0.5550754558155,-14.41788034247,-2.793804804104,1.347247610282,-13.10110908466,15036.65627485,-2861.380549148,0,0,259585.800,2296,384,0,403696.1843435
403900,27890120.68546,9503717.633946,2748627.885819,0,0,0,1.690988286517,-0.5541074456353,32915896.33731,31122864.7003063,163551704.6024,0.005980926666745,0,0,0,5.069538431573,6.638508654057e-82,0,-0.992758017351,-0.5550373170586,-14.41736257388,-2.793882635727,1.347242231582,-13.10070519449,15037.44867416,-2861.531337723,0,0,259585.900,2296,384,0,403796.185298
404000,27890095.53443,9503705.236202,2748926.788925,0,0,0,1.690977610224,-0.5540691983777,32915610.17645,31122578.5396331,163550200.8179,0.005980926666131,0,0,0,5.069538431573,6.637015046475e-82,0,-0.9927324440836,-0.5549991769413,-14.41684478683,-2.793960408174,1.347236853013,-13.10030127665,15038.24102453,-2861.682116985,0,0,259586.000,2296,384,0,403896.1862525
404100,27890070.38041,9503692.837868,2749225.691609,0,0,0,1.690966923531,-0.5540309497243,32915324.00052,31122292.3638826,163548696.9542,0.005980926665516,0,0,0,5.069538431573,6.635521715307e-82,0,-0.9927068764553,-0.5549610354789,-14.41632698152,-2.794038255996,1.347231474573,-13.09989733134,15039.03332596,-2861.832886934,0,0,259586.100,2296,384,0,403996.1872071
404200,27890045.2234,9503680.438944,2749524.593869,0,0,0,1.690956226437,-0.5539926996751,32915037.80951,31122006.1730556,163547193.0113,0.005980926664902,0,0,0,5.069538431573,6.634028660568e-82,0,-0.9926813098287,-0.5549228925454,-14.41580915623,-2.794116085626,1.347226096263,-13.09949335685,15039.82556866,-2861.983645707,0,0,259586.200,2296,384,0,404096.1881617
404300,27890020.0634,9503668.039431,2749823.495707,0,0,0,1.690945518938,-0.5539544482303,32914751.60342,31121719.9671532,163545688.9891,0.005980926664287,0,0,0,5.069538431573,6.632535882275e-82,0,-0.9926557458359,-0.5548847481503,-14.4152913111,-2.794193909051,1.347220718083,-13.09908935329,15040.61783094,-2862.134408206,0,0,259586.300,2296,384,0,404196.1891164
404400,27889994.90042,9503655.639328,2750122.397121,0,0,0,1.690934801036,-0.5539161953899,32914465.38226,31121433.7461762,163544184.8877,0.005980926663672,0,0,0,5.069538431573,6.631043380449e-82,0,-0.9926301841552,-0.5548466023895,-14.41477344743,-2.794271741738,1.347215340033,-13.09868532199,15041.40996597,-2862.28514649,0,0,259586.400,2296,384,0,404296.1900711
404500,27889969.73445,9503643.238636,2750421.298113,0,0,0,1.690924072727,-0.5538779411542,32914179.14602,31121147.5101254,163542680.7071,0.005980926663058,0,0,0,5.069538431573,6.62955115511e-82,0,-0.9926046254748,-0.55480845561,-14.41425556994,-2.794349523664,1.347209962113,-13.09828126763,15042.20206184,-2862.435877323,0,0,259586.500,2296,384,0,404396.1910259
404600,27889944.56549,9503630.837354,2750720.198682,0,0,0,1.690913334011,-0.5538396855232,32913892.89472,31120861.259002,163541176.4473,0.005980926662443,0,0,0,5.069538431573,6.628059206263e-82,0,-0.9925790674003,-0.5547703069374,-14.41373766674,-2.794427360364,1.347204584324,-13.09787717836,15042.99414793,-2862.586606294,0,0,259586.600,2296,384,0,404496.1919807
404700,27889919.39354,9503618.435483,2751019.098828,0,0,0,1.690902584886,-0.5538014284969,32913606.62834,31120574.9928067,163539672.1083,0.005980926661829,0,0,0,5.069538431573,6.62656753394e-82,0,-0.9925535150481,-0.5547321570528,-14.41321974708,-2.794505182794,1.347199206665,-13.0974730634,15043.78606762,-2862.7373036,0,0,259586.700,2296,384,0,404596.1929356
404800,27889894.21861,9503606.033022,2751317.998551,0,0,0,1.690891825351,-0.5537631700756,32913320.34689,31120288.7115405,163538167.6901,0.005980926661214,0,0,0,5.069538431573,6.62507613815e-82,0,-0.9925279638622,-0.5546940058385,-14.41270180938,-2.794582981212,1.347193829136,-13.09706892118,15044.57805582,-2862.888013944,0,0,259586.800,2296,384,0,404696.1938905
404900,27889869.04068,9503593.629972,2751616.89785,0,0,0,1.690881055404,-0.5537249102594,32913034.05036,31120002.4152043,163536663.1927,0.0059809266606,0,0,0,5.069538431573,6.623585018913e-82,0,-0.9925024152642,-0.5546558530919,-14.41218385087,-2.794660767526,1.347188451737,-13.09666474892,15045.36997551,-2863.03871125,0,0,259586.900,2296,384,0,404796.1948455
405000,27889843.85977,9503581.226332,2751915.796727,0,0,0,1.690870275044,-0.5536866490483,32912747.73878,31119716.1037991,163535158.6161,0.005980926659985,0,0,0,5.069538431573,6.622094176244e-82,0,-0.9924768688203,-0.5546176988621,-14.41166587222,-2.794738562405,1.34718307447,-13.0962605473,15046.16179731,-2863.189389929,0,0,259587.000,2296,384,0,404896.1958006
405100,27889818.67588,9503568.822104,2752214.69518,0,0,0,1.69085948427,-0.5536483864425,32912461.41212,31119429.7773257,163533653.9603,0.005980926659371,0,0,0,5.069538431573,6.620603610164e-82,0,-0.9924513252213,-0.5545795434541,-14.41114787759,-2.794816390559,1.347177697332,-13.09585632046,15046.95365827,-2863.340076059,0,0,259587.100,2296,384,0,404996.1967556
405200,27889793.48899,9503556.417286,2752513.59321,0,0,0,1.69084868308,-0.5536101224421,32912175.07039,31119143.4357851,163532149.2254,0.005980926658756,0,0,0,5.069538431573,6.619113320686e-82,0,-0.9924257823492,-0.5545413864797,-14.41062986168,-2.794894215369,1.347172320325,-13.09545206312,15047.74538219,-2863.490736112,0,0,259587.200,2296,384,0,405096.1977108
405300,27889768.29911,9503544.011879,2752812.490817,0,0,0,1.690837871474,-0.5535718570471,32911888.7136,31118857.0791781,163530644.4113,0.005980926658142,0,0,0,5.069538431573,6.617623307832e-82,0,-0.9924002452457,-0.5545032280325,-14.41011182578,-2.794972019554,1.347166943449,-13.09504777655,15048.53707675,-2863.641390577,0,0,259587.300,2296,384,0,405196.1986659
405400,27889743.10625,9503531.605882,2753111.388,0,0,0,1.690827049448,-0.5535335902578,32911602.34175,31118570.7075057,163529139.518,0.005980926657527,0,0,0,5.069538431573,6.616133571615e-82,0,-0.9923747091042,-0.554465068459,-14.40959377459,-2.795049796105,1.347161566704,-13.09464346545,15049.32876152,-2863.792043179,0,0,259587.400,2296,384,0,405296.1996212
405500,27889717.9104,9503519.199297,2753410.28476,0,0,0,1.690816217003,-0.5534953220742,32911315.95482,31118284.3207689,163527634.5455,0.005980926656913,0,0,0,5.069538431573,6.614644112052e-82,0,-0.9923491756498,-0.5544269071668,-14.40907570007,-2.795127581863,1.347156190089,-13.09423912178,15050.12039734,-2863.942686468,0,0,259587.500,2296,384,0,405396.2005765
405600,27889692.71156,9503506.792122,2753709.181097,0,0,0,1.690805374137,-0.5534570524964,32911029.55284,31117997.9189685,163526129.4939,0.005980926656298,0,0,0,5.069538431573,6.613154929165e-82,0,-0.9923236445471,-0.5543887447986,-14.40855761094,-2.79520538563,1.347150813605,-13.09383475427,15050.91197444,-2864.093318582,0,0,259587.600,2296,384,0,405496.2015318
405700,27889667.50974,9503494.384359,2754008.07701,0,0,0,1.690794520848,-0.5534187815246,32910743.13579,31117711.5021055,163524624.3631,0.005980926655684,0,0,0,5.069538431573,6.611666022967e-82,0,-0.9922981147589,-0.5543505809608,-14.40803950186,-2.795283188102,1.347145437252,-13.09343035756,15051.7035026,-2864.243941382,0,0,259587.700,2296,384,0,405596.2024872
405800,27889642.30492,9503481.976006,2754306.9725,0,0,0,1.690783657135,-0.5533805091588,32910456.70368,31117425.0701808,163523119.1532,0.005980926655069,0,0,0,5.069538431573,6.610177393476e-82,0,-0.9922725903383,-0.5543124156701,-14.40752137306,-2.79536098109,1.34714006103,-13.09302593188,15052.49500139,-2864.394558594,0,0,259587.800,2296,384,0,405696.2034426
405900,27889617.09712,9503469.567065,2754605.867566,0,0,0,1.690772782996,-0.5533422353993,32910170.25651,31117138.6231952,163521613.8641,0.005980926654455,0,0,0,5.069538431573,6.608689040705e-82,0,-0.9922470666442,-0.5542742486216,-14.40700322039,-2.795438747709,1.347134684939,-13.0926214731,15053.28643166,-2864.545162767,0,0,259587.900,2296,384,0,405796.2043981
406000,27889591.88633,9503457.157535,2754904.762208,0,0,0,1.690761898431,-0.553303960246,32909883.79428,31116852.1611498,163520108.4959,0.00598092665384,0,0,0,5.069538431573,6.607200964677e-82,0,-0.9922215461248,-0.5542360806765,-14.40648505555,-2.795516538283,1.347129308979,-13.09221699289,15054.07779342,-2864.695753902,0,0,259588.000,2296,384,0,405896.2053536
406100,27889566.67255,9503444.747415,2755203.656427,0,0,0,1.690751003438,-0.5532656836991,32909597.317,31116565.6840454,163518603.0486,0.005980926653226,0,0,0,5.069538431573,6.605713165407e-82,0,-0.9921960276135,-0.5541979111352,-14.40596686904,-2.795594347239,1.34712393315,-13.09181248177,15054.86911602,-2864.846337587,0,0,259588.100,2296,384,0,405996.2063092
406200,27889541.45579,9503432.336707,2755502.550222,0,0,0,1.690740098015,-0.5532274057587,32909310.82465,31116279.191883,163517097.5221,0.005980926652611,0,0,0,5.069538431573,6.604225642908e-82,0,-0.9921705117724,-0.55415974012,-14.40544866252,-2.795672139948,1.347118557453,-13.09140794138,15055.66042884,-2864.996919408,0,0,259588.200,2296,384,0,406096.2072649
406300,27889516.23603,9503419.925411,2755801.443594,0,0,0,1.690729182161,-0.5531891264249,32909024.31724,31115992.6846634,163515591.9165,0.005980926651997,0,0,0,5.069538431573,6.602738397201e-82,0,-0.9921449970872,-0.5541215677613,-14.40493043776,-2.795749924642,1.347113181886,-13.0910033735,15056.45168292,-2865.147490054,0,0,259588.300,2296,384,0,406196.2082205
406400,27889491.01329,9503407.513525,2756100.336541,0,0,0,1.690718255875,-0.5531508456979,32908737.79478,31115706.1623877,163514086.2318,0.005980926651382,0,0,0,5.069538431573,6.601251428301e-82,0,-0.9921194879697,-0.5540833941752,-14.40441219633,-2.795827686677,1.347107806451,-13.0905987797,15057.24279018,-2865.298032761,0,0,259588.400,2296,384,0,406296.2091763
406500,27889465.78756,9503395.101051,2756399.229065,0,0,0,1.690707319155,-0.5531125635777,32908451.25727,31115419.6250567,163512580.4679,0.005980926650768,0,0,0,5.069538431573,6.599764736225e-82,0,-0.992093980039,-0.5540452189062,-14.40389393206,-2.795905435039,1.347102431147,-13.09019415379,15058.03392681,-2865.448581055,0,0,259588.500,2296,384,0,406396.2101321
406600,27889440.55884,9503382.687989,2756698.121165,0,0,0,1.690696372,-0.5530742800645,32908164.7047,31115133.0726713,163511074.625,0.005980926650153,0,0,0,5.069538431573,6.59827832099e-82,0,-0.9920684743536,-0.5540070424413,-14.40337565156,-2.795983234636,1.347097055975,-13.08978950239,15058.82502428,-2865.599121898,0,0,259588.600,2296,384,0,406496.2110879
406700,27889415.32714,9503370.274337,2756997.01284,0,0,0,1.690685414408,-0.5530359951583,32907878.13708,31114846.5052325,163509568.7029,0.005980926649539,0,0,0,5.069538431573,6.596792182613e-82,0,-0.9920429712747,-0.5539688644039,-14.4028573497,-2.79606101786,1.347091680934,-13.08938482039,15059.61607281,-2865.749653429,0,0,259588.700,2296,384,0,406596.2120438
406800,27889390.09244,9503357.860098,2757295.904092,0,0,0,1.690674446379,-0.5529977088594,32907591.5544,31114559.9227411,163508062.7018,0.005980926648924,0,0,0,5.069538431573,6.595306321108e-82,0,-0.9920174691173,-0.5539306851025,-14.40233903069,-2.796138792887,1.347086306025,-13.08898011195,15060.40710177,-2865.900181234,0,0,259588.800,2296,384,0,406696.2129997
406900,27889364.85476,9503345.445269,2757594.79492,0,0,0,1.69066346791,-0.5529594211678,32907304.95667,31114273.3251982,163506556.6215,0.00598092664831,0,0,0,5.069538431573,6.593820736496e-82,0,-0.9919919725984,-0.5538925044484,-14.40182069331,-2.796216553049,1.347080931247,-13.08857537589,15061.19801326,-2866.050686687,0,0,259588.900,2296,384,0,406796.2139557
407000,27889339.61409,9503333.029853,2757893.685324,0,0,0,1.690652479001,-0.5529211320835,32907018.3439,31113986.7126046,163505050.4622,0.005980926647695,0,0,0,5.069538431573,6.592335428785e-82,0,-0.9919664772926,-0.5538543221093,-14.40130233306,-2.796294309825,1.347075556602,-13.08817060768,15061.98883666,-2866.201175377,0,0,259589.000,2296,384,0,406896.2149117
407100,27889314.37043,9503320.613848,2758192.575304,0,0,0,1.690641479649,-0.5528828416068,32906731.71607,31113700.0849612,163503544.2237,0.005980926647081,0,0,0,5.069538431573,6.590850398002e-82,0,-0.9919409847275,-0.5538161388811,-14.40078396074,-2.796372100434,1.347070182087,-13.08776581814,15062.77974816,-2866.35168083,0,0,259589.100,2296,384,0,406996.2158678
407200,27889289.12379,9503308.197254,2758491.464859,0,0,0,1.690630469855,-0.5528445497378,32906445.07319,31113413.4422689,163502037.9062,0.005980926646466,0,0,0,5.069538431573,6.589365644155e-82,0,-0.9919154942349,-0.553777953803,-14.4002655633,-2.796449873835,1.347064807705,-13.0873609942,15063.57050304,-2866.502156481,0,0,259589.200,2296,384,0,407096.216824
407300,27889263.87415,9503295.780073,2758790.353991,0,0,0,1.690619449615,-0.5528062564764,32906158.41527,31113126.7845288,163500531.5096,0.005980926645852,0,0,0,5.069538431573,6.587881167266e-82,0,-0.9918900061925,-0.5537397676132,-14.39974715077,-2.796527602737,1.347059433454,-13.0869561459,15064.36131666,-2866.652643308,0,0,259589.300,2296,384,0,407196.2177802
407400,27889238.62153,9503283.362303,2759089.242698,0,0,0,1.690608418929,-0.552767961823,32905871.7423,31112840.1117417,163499025.034,0.005980926645237,0,0,0,5.069538431573,6.586396967346e-82,0,-0.9918645193383,-0.553701579788,-14.39922871604,-2.79660536335,1.347054059336,-13.08655126613,15065.15199323,-2866.803104058,0,0,259589.400,2296,384,0,407296.2187364
407500,27889213.36592,9503270.943944,2759388.13098,0,0,0,1.690597377795,-0.5527296657775,32905585.05428,31112553.4239085,163497518.4792,0.005980926644623,0,0,0,5.069538431573,6.584913044415e-82,0,-0.9918390380854,-0.5536633906849,-14.39871026396,-2.796683111903,1.347048685349,-13.08614635972,15065.94263066,-2866.953557357,0,0,259589.500,2296,384,0,407396.2196927
407600,27889188.10732,9503258.524998,2759687.018839,0,0,0,1.690586326213,-0.5526913683402,32905298.35122,31112266.7210301,163496011.8454,0.005980926644008,0,0,0,5.069538431573,6.583429398486e-82,0,-0.991813557849,-0.5536252001244,-14.39819179209,-2.79676089275,1.347043311494,-13.08574142425,15066.7332485,-2867.104006931,0,0,259589.600,2296,384,0,407496.220649
407700,27889162.84574,9503246.105464,2759985.906273,0,0,0,1.69057526418,-0.552653069511,32905011.63311,31111980.0031075,163494505.1326,0.005980926643394,0,0,0,5.069538431573,6.581946029579e-82,0,-0.9917880803205,-0.5535870082724,-14.39767330269,-2.796838668398,1.347037937772,-13.08533646197,15067.52381741,-2867.254447192,0,0,259589.700,2296,384,0,407596.2216054
407800,27889137.58116,9503233.685341,2760284.793282,0,0,0,1.690564191695,-0.5526147692901,32904724.89996,31111693.2701415,163492998.3407,0.005980926642779,0,0,0,5.069538431573,6.580462937707e-82,0,-0.9917626051306,-0.5535488147861,-14.39715479111,-2.7969164021,1.347032564182,-13.08493146821,15068.31433738,-2867.404878139,0,0,259589.800,2296,384,0,407696.2225618
407900,27889112.3136,9503221.264631,2760583.679867,0,0,0,1.690553108757,-0.5525764676777,32904438.15177,31111406.5221332,163491491.4697,0.005980926642165,0,0,0,5.069538431573,6.578980122891e-82,0,-0.9917371325119,-0.553510620165,-14.39663626411,-2.796994153425,1.347027190723,-13.08452644977,15069.10485734,-2867.555309087,0,0,259589.900,2296,384,0,407796.2235183
408000,27889087.04305,9503208.843332,2760882.566028,0,0,0,1.690542015364,-0.5525381646738,32904151.38853,31111119.7590834,163489984.5197,0.00598092664155,0,0,0,5.069538431573,6.577497585137e-82,0,-0.9917116609404,-0.5534724239053,-14.39611771488,-2.7970718925,1.347021817397,-13.08412139979,15069.89524027,-2867.705713958,0,0,259590.000,2296,384,0,407896.2244749
408100,27889061.76951,9503196.421446,2761181.451764,0,0,0,1.690530911516,-0.5524998602786,32903864.61026,31110832.9809931,163488477.4907,0.005980926640936,0,0,0,5.069538431573,6.57601532447e-82,0,-0.9916861948846,-0.5534342264622,-14.39559914957,-2.797149667448,1.347016444204,-13.08371632445,15070.68552532,-2867.856100202,0,0,259590.100,2296,384,0,407996.2254315
408200,27889036.49298,9503183.998971,2761480.337075,0,0,0,1.69051979721,-0.5524615544921,32903577.81694,31110546.1878631,163486970.3826,0.005980926640321,0,0,0,5.069538431573,6.574533340902e-82,0,-0.991660730076,-0.5533960274487,-14.39508056295,-2.797227403848,1.347011071143,-13.0833112185,15071.47582015,-2868.006488308,0,0,259590.200,2296,384,0,408096.2263881
408300,27889011.21347,9503171.575909,2761779.221962,0,0,0,1.690508672445,-0.5524232473145,32903291.00859,31110259.3796944,163485463.1955,0.005980926639707,0,0,0,5.069538431573,6.573051634449e-82,0,-0.9916352675905,-0.5533578271697,-14.39456195914,-2.797305128005,1.347005698214,-13.08290608608,15072.26611499,-2868.156876415,0,0,259590.300,2296,384,0,408196.2273448
408400,27888985.93096,9503159.152259,2762078.106424,0,0,0,1.69049753722,-0.5523849387459,32903004.1852,31109972.5564879,163483955.9294,0.005980926639092,0,0,0,5.069538431573,6.571570205131e-82,0,-0.9916098078402,-0.5533196255557,-14.39404333722,-2.797382869858,1.347000325418,-13.08250092624,15073.0563413,-2868.307251483,0,0,259590.400,2296,384,0,408296.2283015
408500,27888960.64547,9503146.728021,2762376.990461,0,0,0,1.690486391534,-0.5523466287864,32902717.34677,31109685.7182446,163482448.5843,0.005980926638478,0,0,0,5.069538431573,6.570089052959e-82,0,-0.9915843490927,-0.5532814225249,-14.39352469606,-2.797460612235,1.346994952754,-13.08209573787,15073.84651868,-2868.457617238,0,0,259590.500,2296,384,0,408396.2292583
408600,27888935.35699,9503134.303196,2762675.874074,0,0,0,1.690475235384,-0.5523083174361,32902430.49331,31109398.8649653,163480941.1601,0.005980926637863,0,0,0,5.069538431573,6.56860817795e-82,0,-0.9915588956331,-0.5532432180821,-14.39300603572,-2.797538373832,1.346989580223,-13.08169052102,15074.63662754,-2868.607969955,0,0,259590.600,2296,384,0,408496.2302152
408700,27888910.06552,9503121.877783,2762974.757261,0,0,0,1.69046406877,-0.5522700046952,32902143.62481,31109111.9966509,163479433.6569,0.005980926637249,0,0,0,5.069538431573,6.567127580116e-82,0,-0.9915334435768,-0.5532050121307,-14.39248735491,-2.797616116475,1.346984207825,-13.0812852744,15075.42662872,-2868.758302182,0,0,259590.700,2296,384,0,408596.231172
408800,27888884.77107,9503109.451782,2763273.640024,0,0,0,1.690452891691,-0.5522316905636,32901856.74128,31108825.1133025,163477926.0748,0.005980926636634,0,0,0,5.069538431573,6.565647259478e-82,0,-0.9915079937385,-0.5531668046533,-14.39196865338,-2.797693832037,1.34697883556,-13.08087999775,15076.21669843,-2868.908647448,0,0,259590.800,2296,384,0,408696.232129
408900,27888859.47363,9503097.025193,2763572.522361,0,0,0,1.690441704144,-0.5521933750417,32901569.84271,31108538.2149209,163476418.4136,0.00598092663602,0,0,0,5.069538431573,6.56416721605e-82,0,-0.991482546604,-0.553128595929,-14.39144993493,-2.79777156344,1.346973463427,-13.08047469487,15077.00669961,-2869.058979675,0,0,259590.900,2296,384,0,408796.233086
409000,27888834.17319,9503084.598017,2763871.404274,0,0,0,1.690430506128,-0.5521550581294,32901282.92911,31108251.301507,163474910.6734,0.005980926635405,0,0,0,5.069538431573,6.562687449848e-82,0,-0.9914571016352,-0.5530903857669,-14.39093119695,-2.79784929484,1.346968091427,-13.08006936317,15077.79658334,-2869.209289551,0,0,259591.000,2296,384,0,408896.234043
409100,27888808.86977,9503072.170254,2764170.285762,0,0,0,1.690419297643,-0.5521167398269,32900996.00048,31107964.3730618,163473402.8543,0.005980926634791,0,0,0,5.069538431573,6.561207960888e-82,0,-0.9914316582012,-0.5530521746013,-14.39041244535,-2.797927024347,1.34696271956,-13.07966400853,15078.58649643,-2869.359605014,0,0,259591.100,2296,384,0,408996.2350001
409200,27888783.56337,9503059.741903,2764469.166824,0,0,0,1.690408078686,-0.5520784201342,32900709.05683,31107677.4295862,163471894.9561,0.005980926634176,0,0,0,5.069538431573,6.559728749182e-82,0,-0.991406219915,-0.5530139615395,-14.38989366801,-2.798004757407,1.346957347827,-13.07925861883,15079.37629207,-2869.509898126,0,0,259591.200,2296,384,0,409096.2359572
409300,27888758.25397,9503047.312965,2764768.047462,0,0,0,1.690396849257,-0.5520400990516,32900422.09814,31107390.4710811,163470386.979,0.005980926633562,0,0,0,5.069538431573,6.558249814747e-82,0,-0.9913807829979,-0.5529757473866,-14.38937487586,-2.798082461957,1.346951976226,-13.07885320501,15080.16611707,-2869.660196826,0,0,259591.300,2296,384,0,409196.2369144
409400,27888732.94158,9503034.883439,2765066.927674,0,0,0,1.690385609353,-0.5520017765791,32900135.12442,31107103.4975474,163468878.9229,0.005980926632947,0,0,0,5.069538431573,6.556771157598e-82,0,-0.9913553483326,-0.5529375313997,-14.3888560588,-2.798160197049,1.346946604758,-13.07844775697,15080.95590291,-2869.810488075,0,0,259591.400,2296,384,0,409296.2378717
409500,27888707.62621,9503022.453326,2765365.807461,0,0,0,1.690374358974,-0.5519634527168,32899848.13567,31106816.508986,163467370.7878,0.005980926632333,0,0,0,5.069538431573,6.555292777751e-82,0,-0.9913299163972,-0.5528993143038,-14.3883372267,-2.798237930494,1.346941233424,-13.07804228456,15081.74553214,-2869.960749522,0,0,259591.500,2296,384,0,409396.238829
409600,27888682.30785,9503010.022626,2765664.686823,0,0,0,1.690363098117,-0.5519251274649,32899561.1319,31106529.505398,163465862.5738,0.005980926631718,0,0,0,5.069538431573,6.553814675227e-82,0,-0.991304486839,-0.552861095967,-14.38781837774,-2.798315651101,1.346935862222,-13.07763678599,15082.53521032,-2870.111020282,0,0,259591.600,2296,384,0,409496.2397863
409700,27888656.9865,9502997.591339,2765963.565759,0,0,0,1.690351826783,-0.5518868008234,32899274.1131,31106242.4867841,163464354.2808,0.005980926631104,0,0,0,5.069538431573,6.55233685003e-82,0,-0.991279058513,-0.5528228759963,-14.38729950661,-2.798393375155,1.346930491155,-13.07723125591,15083.32481019,-2870.261276141,0,0,259591.700,2296,384,0,409596.2407437
409800,27888631.66216,9502985.159464,2766262.44427,0,0,0,1.690340544968,-0.5518484727925,32898987.07928,31105955.4531453,163462845.9089,0.005980926630489,0,0,0,5.069538431573,6.550859302183e-82,0,-0.9912536354368,-0.5527846546008,-14.38678061613,-2.798471058427,1.34692512022,-13.07682569716,15084.11432196,-2870.411515236,0,0,259591.800,2296,384,0,409696.2417011
409900,27888606.33484,9502972.727002,2766561.322356,0,0,0,1.690329252673,-0.5518101433723,32898700.03043,31105668.4044826,163461337.4579,0.005980926629874,0,0,0,5.069538431573,6.549382031699e-82,0,-0.9912282140436,-0.5527464320819,-14.3862617104,-2.798548771879,1.346919749419,-13.07642011384,15084.90381416,-2870.561750606,0,0,259591.900,2296,384,0,409796.2426586
410000,27888581.00452,9502960.293953,2766860.200016,0,0,0,1.690317949894,-0.5517718125628,32898412.96656,31105381.3407968,163459828.9281,0.00598092662926,0,0,0,5.069538431573,6.547905038594e-82,0,-0.9912027946603,-0.5527082078593,-14.38574278154,-2.798626496494,1.346914378751,-13.07601449806,15085.69321826,-2870.711969212,0,0,259592.000,2296,384,0,409896.2436162
410100,27888555.67122,9502947.860318,2767159.077251,0,0,0,1.690306636632,-0.5517334803643,32898125.88767,31105094.2620889,163458320.3193,0.005980926628645,0,0,0,5.069538431573,6.54642832288e-82,0,-0.9911773780133,-0.5526699824505,-14.38522383657,-2.798704206706,1.346909008217,-13.07560885685,15086.48264194,-2870.862191543,0,0,259592.100,2296,384,0,409996.2445738
410200,27888530.33493,9502935.426095,2767457.95406,0,0,0,1.690295312884,-0.5516951467767,32897838.79376,31104807.1683599,163456811.6316,0.005980926628031,0,0,0,5.069538431573,6.544951884574e-82,0,-0.9911519619997,-0.5526317555491,-14.38470487134,-2.798781933438,1.346903637817,-13.07520318604,15087.27194816,-2871.012391523,0,0,259592.200,2296,384,0,410096.2455314
410300,27888504.99565,9502922.991285,2767756.830444,0,0,0,1.69028397865,-0.5516568118003,32897551.68482,31104520.0596105,163455302.8649,0.005980926627416,0,0,0,5.069538431573,6.543475723694e-82,0,-0.9911265520548,-0.5525935273697,-14.38418588877,-2.798859619161,1.34689826755,-13.07479748855,15088.06120544,-2871.162582189,0,0,259592.300,2296,384,0,410196.2464891
410400,27888479.65339,9502910.555888,2768055.706402,0,0,0,1.690272633927,-0.5516184754352,32897264.56087,31104232.9358418,163453794.0193,0.005980926626802,0,0,0,5.069538431573,6.541999840248e-82,0,-0.9911011430209,-0.5525552977522,-14.38366688667,-2.798937322579,1.346892897417,-13.0743917622,15088.8504725,-2871.312774718,0,0,259592.400,2296,384,0,410296.2474468
410500,27888454.30813,9502898.119904,2768354.581934,0,0,0,1.690261278715,-0.5515801376813,32896977.4219,31103945.7970547,163452285.0948,0.005980926626187,0,0,0,5.069538431573,6.540524234256e-82,0,-0.9910757362726,-0.5525170666415,-14.3831478643,-2.799015038296,1.346887527417,-13.07398600623,15089.63970042,-2871.462959796,0,0,259592.500,2296,384,0,410396.2484046
410600,27888428.95989,9502885.683334,2768653.457041,0,0,0,1.690249913011,-0.551541798539,32896690.26791,31103658.6432501,163450776.0914,0.005980926625573,0,0,0,5.069538431573,6.539048905732e-82,0,-0.991050332102,-0.5524788342398,-14.3826288244,-2.799092743943,1.346882157552,-13.07358022341,15090.42878151,-2871.613116935,0,0,259592.600,2296,384,0,410496.2493625
410700,27888403.60866,9502873.246177,2768952.331721,0,0,0,1.690238536816,-0.5515034580082,32896403.0989,31103371.4744289,163449267.009,0.005980926624958,0,0,0,5.069538431573,6.53757385469e-82,0,-0.9910249307587,-0.5524406004291,-14.38210976537,-2.799170432542,1.34687678782,-13.07317441211,15091.21793111,-2871.763287112,0,0,259592.700,2296,384,0,410596.2503204
410800,27888378.25444,9502860.808433,2769251.205976,0,0,0,1.690227150126,-0.5514651160891,32896115.91488,31103084.290592,163447757.8478,0.005980926624344,0,0,0,5.069538431573,6.536099081149e-82,0,-0.9909995302071,-0.552402365287,-14.38159068827,-2.799248108084,1.346871418223,-13.07276857339,15092.00702199,-2871.913446113,0,0,259592.800,2296,384,0,410696.2512783
410900,27888352.89723,9502848.370102,2769550.079806,0,0,0,1.690215752941,-0.5514267727818,32895828.71585,31102797.0917404,163446248.6076,0.005980926623729,0,0,0,5.069538431573,6.534624585112e-82,0,-0.9909741349579,-0.5523641283841,-14.38107158726,-2.799325827597,1.346866048759,-13.07236270143,15092.79604435,-2872.063592076,0,0,259592.900,2296,384,0,410796.2522363
411000,27888327.53703,9502835.931185,2769848.953209,0,0,0,1.690204345259,-0.5513884280865,32895541.5018,31102509.877875,163444739.2886,0.005980926623115,0,0,0,5.069538431573,6.533150366606e-82,0,-0.9909487410557,-0.5523258903808,-14.38055247131,-2.799403508886,1.34686067943,-13.07195680517,15093.58498841,-2872.213723138,0,0,259593.000,2296,384,0,410896.2531943
411100,27888302.17385,9502823.491681,2770147.826186,0,0,0,1.690192927079,-0.5513500820031,32895254.27274,31102222.6489967,163443229.8907,0.0059809266225,0,0,0,5.069538431573,6.531676425641e-82,0,-0.990923349709,-0.552287650914,-14.3800333355,-2.799481211273,1.346855310234,-13.0715508797,15094.37391288,-2872.363850474,0,0,259593.100,2296,384,0,410996.2541524
411200,27888276.80768,9502811.051591,2770446.698737,0,0,0,1.6901814984,-0.5513117345319,32894967.02866,31101935.4051064,163441720.4138,0.005980926621886,0,0,0,5.069538431573,6.53020276223e-82,0,-0.9908979608028,-0.5522494101213,-14.37951418169,-2.79955890643,1.346849941173,-13.07114492688,15095.16279821,-2872.51397036,0,0,259593.200,2296,384,0,411096.2551106
411300,27888251.43851,9502798.610914,2770745.570862,0,0,0,1.69017005922,-0.551273385673,32894679.76958,31101648.1462051,163440210.8581,0.005980926621271,0,0,0,5.069538431573,6.528729376393e-82,0,-0.9908725731691,-0.5522111681074,-14.37899501129,-2.799636574499,1.346844572247,-13.07073894812,15095.9516248,-2872.66407907,0,0,259593.300,2296,384,0,411196.2560688
411400,27888226.06637,9502786.169651,2771044.442561,0,0,0,1.690158609538,-0.5512350354264,32894392.49548,31101360.8722936,163438701.2235,0.005980926620657,0,0,0,5.069538431573,6.527256268136e-82,0,-0.9908471908539,-0.5521729243529,-14.37847581727,-2.799714282082,1.346839203454,-13.07033293638,15096.74038288,-2872.814174742,0,0,259593.400,2296,384,0,411296.257027
411500,27888200.69123,9502773.727801,2771343.313834,0,0,0,1.690147149351,-0.5511966837922,32894105.20637,31101073.583373,163437191.51,0.005980926620042,0,0,0,5.069538431573,6.525783437481e-82,0,-0.9908218095065,-0.5521346793105,-14.37795660576,-2.799791943482,1.346833834796,-13.06992689779,15097.52904307,-2872.964251786,0,0,259593.500,2296,384,0,411396.2579853
411600,27888175.3131,9502761.285365,2771642.184681,0,0,0,1.69013567866,-0.5511583307707,32893817.90226,31100786.2794441,163435681.7177,0.005980926619428,0,0,0,5.069538431573,6.524310884438e-82,0,-0.9907964311638,-0.5520964330274,-14.37743737741,-2.799869625017,1.346828466272,-13.069520833,15098.3176739,-2873.114323243,0,0,259593.600,2296,384,0,411496.2589436
411700,27888149.93199,9502748.842342,2771941.055102,0,0,0,1.690124197462,-0.5511199763618,32893530.58314,31100498.9605078,163434171.8465,0.005980926618813,0,0,0,5.069538431573,6.522838609022e-82,0,-0.9907710548306,-0.5520581850546,-14.37691812612,-2.799947312225,1.346823097883,-13.06911473591,15099.10629494,-2873.264392838,0,0,259593.700,2296,384,0,411596.259902
411800,27888124.54789,9502736.398733,2772239.925096,0,0,0,1.690112705756,-0.5510816205658,32893243.24901,31100211.6265651,163432661.8964,0.005980926618199,0,0,0,5.069538431573,6.521366611248e-82,0,-0.9907456812499,-0.5520199359399,-14.37639885933,-2.80002496922,1.346817729628,-13.06870861396,15099.8949062,-2873.41446057,0,0,259593.800,2296,384,0,411696.2608605
411900,27888099.16079,9502723.954538,2772538.794664,0,0,0,1.690101203541,-0.5510432633827,32892955.89988,31099924.277617,163431151.8675,0.005980926617584,0,0,0,5.069538431573,6.51989489113e-82,0,-0.990720308443,-0.5519816853011,-14.37587957184,-2.800102679212,1.346812361509,-13.06830246195,15100.68343914,-2873.5645134,0,0,259593.900,2296,384,0,411796.261819
412000,27888073.77071,9502711.509757,2772837.663805,0,0,0,1.690089690815,-0.5510049048126,32892668.53574,31099636.9136642,163429641.7598,0.00598092661697,0,0,0,5.069538431573,6.518423448685e-82,0,-0.9906949413992,-0.5519434333776,-14.37536026692,-2.800180343599,1.346806993523,-13.06789628313,15101.47183506,-2873.714540154,0,0,259594.000,2296,384,0,411896.2627775
412100,27888048.37765,9502699.06439,2773136.532521,0,0,0,1.690078167577,-0.5509665448557,32892381.1566,31099349.5347078,163428131.5732,0.005980926616355,0,0,0,5.069538431573,6.51695228392e-82,0,-0.9906695754107,-0.5519051798591,-14.37484094034,-2.800258015592,1.346801625673,-13.06749007328,15102.26022118,-2873.864565045,0,0,259594.100,2296,384,0,411996.2637361
412200,27888022.98159,9502686.618436,2773435.400809,0,0,0,1.690066633825,-0.550928183512,32892093.76246,31099062.1407486,163426621.3077,0.005980926615741,0,0,0,5.069538431573,6.515481396858e-82,0,-0.9906442122319,-0.5518669254248,-14.37432160133,-2.80033569207,1.346796257957,-13.06708384163,15103.04865624,-2874.014599249,0,0,259594.200,2296,384,0,412096.2646948
412300,27887997.58255,9502674.171897,2773734.268671,0,0,0,1.690055089558,-0.5508898207817,32891806.35332,31098774.7317877,163425110.9634,0.005980926615126,0,0,0,5.069538431573,6.514010787508e-82,0,-0.9906188510013,-0.5518286691865,-14.37380223783,-2.800413329945,1.346790890376,-13.06667757612,15103.83700321,-2874.164616689,0,0,259594.300,2296,384,0,412196.2656534
412400,27887972.18051,9502661.724771,2774033.136107,0,0,0,1.690043534774,-0.5508514566649,32891518.92917,31098487.3078259,163423600.5403,0.005980926614512,0,0,0,5.069538431573,6.512540455882e-82,0,-0.9905934923363,-0.5517904114337,-14.37328285376,-2.80049101842,1.34678552293,-13.06627128067,15104.62529145,-2874.314622954,0,0,259594.400,2296,384,0,412296.2666122
412500,27887946.77549,9502649.27706,2774332.003116,0,0,0,1.690031969473,-0.5508130911617,32891231.49002,31098199.8688641,163422090.0384,0.005980926613897,0,0,0,5.069538431573,6.511070401999e-82,0,-0.9905681351059,-0.5517521526728,-14.37276345601,-2.800568672498,1.346780155619,-13.06586496216,15105.41351117,-2874.464616179,0,0,259594.500,2296,384,0,412396.267571
412600,27887921.36748,9502636.828763,2774630.869698,0,0,0,1.690020393653,-0.5507747242722,32890944.03588,31097912.4149033,163420579.4576,0.005980926613283,0,0,0,5.069538431573,6.509600625867e-82,0,-0.9905427831988,-0.5517138921727,-14.37224403466,-2.800646335056,1.346774788444,-13.06545861065,15106.20169174,-2874.614601955,0,0,259594.600,2296,384,0,412496.2685298
412700,27887895.95649,9502624.379879,2774929.735854,0,0,0,1.690008807311,-0.5507363559965,32890656.56674,31097624.9459443,163419068.798,0.005980926612668,0,0,0,5.069538431573,6.508131127511e-82,0,-0.9905174325621,-0.5516756306578,-14.37172459952,-2.800724013423,1.346769421403,-13.06505223599,15106.98983316,-2874.76458028,0,0,259594.700,2296,384,0,412596.2694887
412800,27887870.5425,9502611.93041,2775228.601583,0,0,0,1.689997210448,-0.5506979863347,32890369.0826,31097337.4619882,163417558.0597,0.005980926612054,0,0,0,5.069538431573,6.50666190693e-82,0,-0.9904920840271,-0.5516373673201,-14.37120513963,-2.800801651946,1.346764054497,-13.0646458272,15107.77793542,-2874.914551154,0,0,259594.800,2296,384,0,412696.2704477
412900,27887845.12553,9502599.480355,2775527.466885,0,0,0,1.689985603061,-0.550659615287,32890081.58346,31097049.9630358,163416047.2425,0.005980926611439,0,0,0,5.069538431573,6.50519296415e-82,0,-0.9904667384151,-0.5515991029935,-14.37068566633,-2.800879331765,1.346758687727,-13.06423939559,15108.56597896,-2875.064510852,0,0,259594.900,2296,384,0,412796.2714067
413000,27887819.70556,9502587.029715,2775826.33176,0,0,0,1.689973985149,-0.5506212428534,32889794.06933,31096762.4490881,163414536.3465,0.005980926610825,0,0,0,5.069538431573,6.503724299178e-82,0,-0.9904413936575,-0.5515608368834,-14.37016616881,-2.800956976236,1.346753321092,-13.06383293039,15109.35396376,-2875.214459375,0,0,259595.000,2296,384,0,412896.2723657
413100,27887794.28261,9502574.578488,2776125.196209,0,0,0,1.689962356711,-0.5505828690341,32889506.5402,31096474.920146,163413025.3717,0.00598092661021,0,0,0,5.069538431573,6.502255912032e-82,0,-0.9904160544907,-0.5515225697103,-14.36964665685,-2.801034635697,1.346747954592,-13.06342644136,15110.14185068,-2875.364389271,0,0,259595.100,2296,384,0,412996.2733248
413200,27887768.85667,9502562.126676,2776424.06023,0,0,0,1.689950717745,-0.5505444938292,32889218.99608,31096187.3762104,163411514.3181,0.005980926609596,0,0,0,5.069538431573,6.50078780272e-82,0,-0.9903907161157,-0.5514843008734,-14.36912712231,-2.801112276035,1.346742588228,-13.06301992036,15110.92977676,-2875.514326617,0,0,259595.200,2296,384,0,413096.2742839
413300,27887743.42774,9502549.674279,2776722.923825,0,0,0,1.689939068249,-0.5505061172387,32888931.43697,31095899.8172822,163410003.1857,0.005980926608981,0,0,0,5.069538431573,6.499319971261e-82,0,-0.9903653809184,-0.5514460309484,-14.368607573,-2.801189929592,1.346737221999,-13.06261337519,15111.71755601,-2875.664236024,0,0,259595.300,2296,384,0,413196.2752431
413400,27887717.99583,9502537.221295,2777021.786992,0,0,0,1.689927408223,-0.5504677392629,32888643.86286,31095612.2433624,163408491.9746,0.005980926608367,0,0,0,5.069538431573,6.497852417666e-82,0,-0.990340047784,-0.5514077594171,-14.36808800188,-2.801267577267,1.346731855906,-13.06220679882,15112.50534505,-2875.814147294,0,0,259595.400,2296,384,0,413296.2762024
413500,27887692.56092,9502524.767727,2777320.649733,0,0,0,1.689915737665,-0.5504293599018,32888356.27377,31095324.6544518,163406980.6847,0.005980926607752,0,0,0,5.069538431573,6.496385141948e-82,0,-0.9903147171516,-0.5513694863895,-14.36756841045,-2.801345212104,1.346726489948,-13.06180019273,15113.29309493,-2875.964051113,0,0,259595.500,2296,384,0,413396.2771617
413600,27887667.12303,9502512.313573,2777619.512046,0,0,0,1.689904056573,-0.5503909791555,32888068.66968,31095037.0505516,163405469.316,0.005980926607138,0,0,0,5.069538431573,6.494918144124e-82,0,-0.9902893876171,-0.5513312121796,-14.36704880297,-2.801422865531,1.346721124126,-13.0613935612,15114.08080566,-2876.113947481,0,0,259595.600,2296,384,0,413496.278121
413700,27887641.68215,9502499.858833,2777918.373932,0,0,0,1.689892364947,-0.5503525970241,32887781.05061,31094749.4316624,163403957.8685,0.005980926606523,0,0,0,5.069538431573,6.493451424207e-82,0,-0.9902640638124,-0.5512929366376,-14.3665291774,-2.801500513706,1.34671575844,-13.06098690218,15114.86839894,-2876.263821498,0,0,259595.700,2296,384,0,413596.2790804
413800,27887616.23828,9502487.403508,2778217.235391,0,0,0,1.689880662784,-0.5503142135078,32887493.41655,31094461.7977853,163402446.3423,0.005980926605909,0,0,0,5.069538431573,6.491984982204e-82,0,-0.9902387407399,-0.5512546594175,-14.36600952905,-2.801578157609,1.34671039289,-13.06058021097,15115.65602157,-2876.413701102,0,0,259595.800,2296,384,0,413696.2800398
413900,27887590.79142,9502474.947598,2778516.096423,0,0,0,1.689868950084,-0.5502758286067,32887205.7675,31094174.1489211,163400934.7373,0.005980926605294,0,0,0,5.069538431573,6.490518818136e-82,0,-0.99021342054,-0.5512163811348,-14.36548986627,-2.801655794083,1.346705027475,-13.06017349593,15116.44358548,-2876.563569531,0,0,259595.900,2296,384,0,413796.2809993
414000,27887565.34157,9502462.491102,2778814.957028,0,0,0,1.689857226844,-0.5502374423208,32886918.10347,31093886.4850709,163399423.0536,0.00598092660468,0,0,0,5.069538431573,6.489052932011e-82,0,-0.9901881021189,-0.5511781011612,-14.36497018054,-2.801733410747,1.346699662196,-13.05976674853,15117.23110045,-2876.713428646,0,0,259596.000,2296,384,0,413896.2819589
414100,27887539.88874,9502450.034021,2779113.817205,0,0,0,1.689845493063,-0.5501990546503,32886630.42445,31093598.8062355,163397911.2911,0.005980926604065,0,0,0,5.069538431573,6.487587323847e-82,0,-0.9901627869369,-0.5511398200425,-14.36445047927,-2.801811045329,1.346694297053,-13.05935997618,15118.01858605,-2876.863282174,0,0,259596.100,2296,384,0,413996.2829185
414200,27887514.43291,9502437.576355,2779412.676954,0,0,0,1.689833748741,-0.5501606655953,32886342.73044,31093311.1124159,163396399.4498,0.005980926603451,0,0,0,5.069538431573,6.486121993651e-82,0,-0.9901374726412,-0.5511015373406,-14.3639307565,-2.801888683324,1.346688932046,-13.05895317292,15118.80596398,-2877.013115212,0,0,259596.200,2296,384,0,414096.2838781
414300,27887488.9741,9502425.118104,2779711.536277,0,0,0,1.689821993875,-0.5501222751559,32886055.02146,31093023.403613,163394887.5299,0.005980926602836,0,0,0,5.069538431573,6.484656941443e-82,0,-0.9901121639674,-0.5510632533831,-14.36341101668,-2.801966317687,1.346683567176,-13.0585463432,15119.59334192,-2877.162948251,0,0,259596.300,2296,384,0,414196.2848378
414400,27887463.5123,9502412.659268,2780010.395172,0,0,0,1.689810228464,-0.5500838833323,32885767.29749,31092735.6798277,163393375.5312,0.005980926602222,0,0,0,5.069538431573,6.483192167234e-82,0,-0.9900868561878,-0.5510249679825,-14.36289125727,-2.802043956955,1.346678202441,-13.05813948447,15120.38063175,-2877.312764525,0,0,259596.400,2296,384,0,414296.2857976
414500,27887438.04751,9502400.199846,2780309.253639,0,0,0,1.689798452507,-0.5500454901245,32885479.55854,31092447.9410609,163391863.4538,0.005980926601607,0,0,0,5.069538431573,6.481727671034e-82,0,-0.9900615506871,-0.5509866809217,-14.36237147533,-2.802121573034,1.346672837843,-13.05773259379,15121.16790201,-2877.462577075,0,0,259596.500,2296,384,0,414396.2867574
414600,27887412.57973,9502387.73984,2780608.111679,0,0,0,1.689786666002,-0.5500070955326,32885191.8046,31092160.1873136,163390351.2976,0.005980926600993,0,0,0,5.069538431573,6.480263452861e-82,0,-0.9900362481765,-0.5509483930192,-14.36185168196,-2.802199196787,1.346667473381,-13.05732568226,15121.95512333,-2877.612380311,0,0,259596.600,2296,384,0,414496.2877172
414700,27887387.10896,9502375.279248,2780906.969291,0,0,0,1.689774868948,-0.5499686995568,32884904.03569,31091872.4185867,163388839.0627,0.005980926600378,0,0,0,5.069538431573,6.478799512723e-82,0,-0.9900109464687,-0.5509101033505,-14.3613318646,-2.802276825766,1.346662109055,-13.05691873733,15122.74231529,-2877.762177959,0,0,259596.700,2296,384,0,414596.2886771
414800,27887361.63521,9502362.818072,2781205.826475,0,0,0,1.689763061344,-0.5499303021971,32884616.2518,31091584.6348811,163387326.7492,0.005980926599764,0,0,0,5.069538431573,6.477335850637e-82,0,-0.9899856503111,-0.5508718124211,-14.36081203014,-2.802354457559,1.346656744865,-13.05651176586,15123.52936042,-2877.911947668,0,0,259596.800,2296,384,0,414696.289637
414900,27887336.15847,9502350.356311,2781504.683232,0,0,0,1.689751243187,-0.5498919034537,32884328.45294,31091296.8361977,163385814.3569,0.005980926599149,0,0,0,5.069538431573,6.475872466614e-82,0,-0.9899603552511,-0.550833520002,-14.36029217545,-2.80243205946,1.346651380812,-13.05610476474,15124.31648385,-2878.061732277,0,0,259596.900,2296,384,0,414796.290597
415000,27887310.67873,9502337.893965,2781803.539561,0,0,0,1.689739414477,-0.5498535033267,32884040.63909,31091009.0225375,163384301.8859,0.005980926598535,0,0,0,5.069538431573,6.474409360668e-82,0,-0.9899350630932,-0.5507952263898,-14.35977230456,-2.802509667283,1.346646016896,-13.055697738,15125.10341152,-2878.211479634,0,0,259597.000,2296,384,0,414896.2915571
415100,27887285.19601,9502325.431034,2782102.395462,0,0,0,1.689727575212,-0.5498151018162,32883752.81027,31090721.1939014,163382789.3362,0.00598092659792,0,0,0,5.069538431573,6.472946532809e-82,0,-0.9899097728861,-0.5507569310705,-14.3592524105,-2.802587283403,1.346640653116,-13.05529067865,15125.89037835,-2878.361234441,0,0,259597.100,2296,384,0,414996.2925172
415200,27887259.7103,9502312.967518,2782401.250936,0,0,0,1.689715725391,-0.5497766989224,32883464.96648,31090433.3502903,163381276.7078,0.005980926597306,0,0,0,5.069538431573,6.471483983053e-82,0,-0.9898844853407,-0.5507186345374,-14.35873249996,-2.80266491095,1.346635289473,-13.05488359339,15126.67731581,-2878.510983661,0,0,259597.200,2296,384,0,415096.2934773
415300,27887234.22161,9502300.503418,2782700.105981,0,0,0,1.689703865012,-0.5497382946452,32883177.10771,31090145.4917052,163379764.0007,0.005980926596691,0,0,0,5.069538431573,6.470021711413e-82,0,-0.9898591987611,-0.5506803367182,-14.35821257196,-2.802742527279,1.346629925966,-13.05447648124,15127.46420433,-2878.660723567,0,0,259597.300,2296,384,0,415196.2944375
415400,27887208.72992,9502288.038733,2782998.960599,0,0,0,1.689691994073,-0.5496998889849,32882889.23396,31089857.6181469,163378251.215,0.005980926596077,0,0,0,5.069538431573,6.468559717899e-82,0,-0.9898339182116,-0.5506420374841,-14.35769262475,-2.802820136378,1.346624562596,-13.05406934045,15128.2509656,-2878.810439259,0,0,259597.400,2296,384,0,415296.2953977
415500,27887183.23525,9502275.573463,2783297.814788,0,0,0,1.689680112575,-0.5496614819416,32882601.34525,31089569.7296165,163376738.3505,0.005980926595462,0,0,0,5.069538431573,6.467098002525e-82,0,-0.9898086382938,-0.5506037366837,-14.35717265627,-2.802897734624,1.346619199363,-13.05366216895,15129.03771708,-2878.960153088,0,0,259597.500,2296,384,0,415396.296358
415600,27887157.73758,9502263.107609,2783596.66855,0,0,0,1.689668220514,-0.5496230735153,32882313.44156,31089281.8261147,163375225.4074,0.005980926594848,0,0,0,5.069538431573,6.465636565305e-82,0,-0.9897833607832,-0.5505654345709,-14.35665266998,-2.802975339457,1.346613836267,-13.0532549702,15129.8245175,-2879.10987623,0,0,259597.600,2296,384,0,415496.2973184
415700,27887132.23693,9502250.64117,2783895.521883,0,0,0,1.689656317889,-0.5495846637062,32882025.52291,31088993.9076427,163373712.3856,0.005980926594233,0,0,0,5.069538431573,6.46417540625e-82,0,-0.9897580856708,-0.5505271309415,-14.3561326631,-2.803052962964,1.346608473308,-13.05284774142,15130.61113195,-2879.259563982,0,0,259597.700,2296,384,0,415596.2982788
415800,27887106.73329,9502238.174147,2784194.374789,0,0,0,1.6896444047,-0.5495462525143,32881737.58928,31088705.9742011,163372199.2852,0.005980926593619,0,0,0,5.069538431573,6.462714525371e-82,0,-0.9897328135205,-0.5504888261681,-14.35561264069,-2.803130546344,1.346603110485,-13.05244048766,15131.39778555,-2879.409259185,0,0,259597.800,2296,384,0,415696.2992392
415900,27887081.22666,9502225.706539,2784493.227266,0,0,0,1.689632480945,-0.5495078399399,32881449.64069,31088418.0257911,163370686.1061,0.005980926593004,0,0,0,5.069538431573,6.461253922686e-82,0,-0.9897075423012,-0.5504505199283,-14.35509259837,-2.803208146382,1.3465977478,-13.05203320455,15132.18437063,-2879.558941349,0,0,259597.900,2296,384,0,415796.3001997
416000,27887055.71705,9502213.238347,2784792.079315,0,0,0,1.689620546621,-0.5494694259829,32881161.67713,31088130.0624136,163369172.8483,0.00598092659239,0,0,0,5.069538431573,6.459793598201e-82,0,-0.9896822765297,-0.5504122122626,-14.3545725367,-2.80328573461,1.346592385252,-13.05162589263,15132.97085783,-2879.708604887,0,0,259598.000,2296,384,0,415896.3011602
416100,27887030.20444,9502200.769571,2785090.930935,0,0,0,1.689608601729,-0.5494310106436,32880873.6986,31087842.0840694,163367659.5119,0.005980926591775,0,0,0,5.069538431573,6.458333551931e-82,0,-0.9896570116056,-0.5503739030886,-14.35405245454,-2.803363340742,1.346587022841,-13.05121855079,15133.75739397,-2879.858277738,0,0,259598.100,2296,384,0,415996.3021208
416200,27887004.68885,9502188.30021,2785389.782128,0,0,0,1.689596646266,-0.549392593922,32880585.7051,31087554.0907594,163366146.0968,0.005980926591161,0,0,0,5.069538431573,6.456873783889e-82,0,-0.9896317495146,-0.5503355926687,-14.35353235548,-2.803440963571,1.346581660567,-13.05081118258,15134.54382244,-2880.0079301,0,0,259598.200,2296,384,0,416096.3030815
416300,27886979.17026,9502175.830265,2785688.632892,0,0,0,1.68958468023,-0.5493541758183,32880297.69664,31087266.0824847,163364632.6031,0.005980926590546,0,0,0,5.069538431573,6.45541429409e-82,0,-0.9896064900227,-0.5502972810269,-14.35301223982,-2.80351853719,1.34657629843,-13.05040378833,15135.33025091,-2880.157582462,0,0,259598.300,2296,384,0,416196.3040422
416400,27886953.64869,9502163.359736,2785987.483228,0,0,0,1.689572703622,-0.5493157563325,32880009.67322,31086978.0592461,163363119.0308,0.005980926589932,0,0,0,5.069538431573,6.453955082542e-82,0,-0.9895812314801,-0.5502589676896,-14.35249210115,-2.803596127925,1.346570936431,-13.04999636161,15136.11656192,-2880.307212472,0,0,259598.400,2296,384,0,416296.3050029
416500,27886928.12413,9502150.888622,2786286.333135,0,0,0,1.689560716438,-0.5492773354648,32879721.63484,31086690.0210446,163361605.3798,0.005980926589317,0,0,0,5.069538431573,6.452496149257e-82,0,-0.989555978199,-0.5502206531034,-14.35197194552,-2.803673698793,1.346565574569,-13.04958890847,15136.90282399,-2880.456833169,0,0,259598.500,2296,384,0,416396.3059637
416600,27886902.59658,9502138.416925,2786585.182614,0,0,0,1.689548718678,-0.5492389132153,32879433.58149,31086401.9678811,163360091.6503,0.005980926588703,0,0,0,5.069538431573,6.451037494251e-82,0,-0.9895307264115,-0.5501823370995,-14.35145177064,-2.803751285114,1.346560212845,-13.04918142663,15137.68901754,-2880.606440827,0,0,259598.600,2296,384,0,416496.3069245
416700,27886877.06604,9502125.944643,2786884.031664,0,0,0,1.68953671034,-0.549200489584,32879145.51318,31086113.8997565,163358577.842,0.005980926588088,0,0,0,5.069538431573,6.449579117533e-82,0,-0.9895054768806,-0.5501440197491,-14.35093157749,-2.803828899277,1.346554851258,-13.04877391705,15138.47519152,-2880.75604476,0,0,259598.700,2296,384,0,416596.3078854
416800,27886851.53252,9502113.471778,2787182.880285,0,0,0,1.689524691423,-0.5491620645711,32878857.42991,31085825.8166717,163357063.9552,0.005980926587474,0,0,0,5.069538431573,6.448121019118e-82,0,-0.9894802298583,-0.5501057010626,-14.35041136619,-2.803906463007,1.346549489809,-13.04836637986,15139.26134591,-2880.905644968,0,0,259598.800,2296,384,0,416696.3088464
416900,27886825.996,9502100.998328,2787481.728478,0,0,0,1.689512661925,-0.5491236381768,32878569.33168,31085537.7186277,163355549.9898,0.005980926586859,0,0,0,5.069538431573,6.446663199013e-82,0,-0.9894549853819,-0.5500673808958,-14.3498911348,-2.803984053919,1.346544128497,-13.04795881312,15140.04745137,-2881.055235863,0,0,259598.900,2296,384,0,416796.3098074
417000,27886800.4565,9502088.524294,2787780.576243,0,0,0,1.689500621845,-0.5490852104011,32878281.21849,31085249.6056254,163354035.9457,0.005980926586245,0,0,0,5.069538431573,6.445205657236e-82,0,-0.9894297418505,-0.5500290592289,-14.34937088305,-2.804061623651,1.346538767324,-13.04755121654,15140.83350789,-2881.204817444,0,0,259599.000,2296,384,0,416896.3107684
417100,27886774.91401,9502076.049677,2788079.423578,0,0,0,1.689488571181,-0.5490467812441,32877993.09035,31084961.4776658,163352521.8231,0.00598092658563,0,0,0,5.069538431573,6.443748393794e-82,0,-0.9894045041558,-0.5499907363908,-14.34885061539,-2.804139201456,1.346533406287,-13.04714359459,15141.619398,-2881.35436736,0,0,259599.100,2296,384,0,416996.3117295
417200,27886749.36853,9502063.574476,2788378.270485,0,0,0,1.689476509933,-0.549008350706,32877704.94725,31084673.3347497,163351007.6218,0.005980926585016,0,0,0,5.069538431573,6.442291408702e-82,0,-0.9893792672154,-0.54995241204,-14.3483303272,-2.804216805823,1.346528045389,-13.04673594263,15142.40541536,-2881.503941491,0,0,259599.200,2296,384,0,417096.3126906
417300,27886723.82006,9502051.09869,2788677.116963,0,0,0,1.689464438098,-0.5489699187868,32877416.78919,31084385.176878,163349493.342,0.005980926584401,0,0,0,5.069538431573,6.440834701973e-82,0,-0.9893540329984,-0.5499140864454,-14.34781002212,-2.804294351205,1.346522684629,-13.04632826432,15143.19129569,-2881.653489545,0,0,259599.300,2296,384,0,417196.3136518
417400,27886698.2686,9502038.622321,2788975.963012,0,0,0,1.689452355675,-0.5489314854867,32877128.61618,31084097.0040518,163347978.9836,0.005980926583787,0,0,0,5.069538431573,6.439378273615e-82,0,-0.9893288009465,-0.5498757592117,-14.34728969479,-2.804371923167,1.346517324006,-13.04592055427,15143.97715644,-2881.803033873,0,0,259599.400,2296,384,0,417296.3146131
417500,27886672.71415,9502026.145369,2789274.808633,0,0,0,1.689440262662,-0.5488930508057,32876840.42822,31083808.816272,163346464.5466,0.005980926583172,0,0,0,5.069538431573,6.437922123644e-82,0,-0.9893035703802,-0.5498374307652,-14.346769351,-2.804449483889,1.346511963522,-13.04551281829,15144.76297804,-2881.952570751,0,0,259599.500,2296,384,0,417396.3155744
417600,27886647.15672,9502013.667832,2789573.653824,0,0,0,1.689428159059,-0.5488546147441,32876552.2253,31083520.6135393,163344950.031,0.005980926582558,0,0,0,5.069538431573,6.436466252066e-82,0,-0.9892783449128,-0.5497991008045,-14.34624898665,-2.804527074899,1.346506603176,-13.04510505227,15145.54867239,-2882.102083415,0,0,259599.600,2296,384,0,417496.3165357
417700,27886621.59629,9502001.189712,2789872.498586,0,0,0,1.689416044864,-0.5488161773018,32876264.00743,31083232.3958549,163343435.4368,0.005980926581943,0,0,0,5.069538431573,6.435010658899e-82,0,-0.9892531206821,-0.5497607695643,-14.34572860492,-2.804604647294,1.346501242967,-13.0446972594,15146.33436674,-2882.251596078,0,0,259599.700,2296,384,0,417596.3174971
417800,27886596.03288,9501988.711009,2790171.34292,0,0,0,1.689403920075,-0.5487777384791,32875975.77462,31082944.1632196,163341920.7641,0.005980926581329,0,0,0,5.069538431573,6.43355534415e-82,0,-0.9892278987882,-0.5497224367154,-14.34520820136,-2.804682202224,1.346495882897,-13.0442894352,15147.12007087,-2882.401110604,0,0,259599.800,2296,384,0,417696.3184585
417900,27886570.46648,9501976.231722,2790470.186824,0,0,0,1.689391784691,-0.548739298276,32875687.52685,31082655.9156344,163340406.0128,0.005980926580714,0,0,0,5.069538431573,6.432100307836e-82,0,-0.9892026797412,-0.5496841028246,-14.34468778366,-2.80475976322,1.346490522965,-13.04388158737,15147.90568692,-2882.550608367,0,0,259599.900,2296,384,0,417796.31942
418000,27886544.89709,9501963.751851,2790769.030299,0,0,0,1.689379638711,-0.5487008566927,32875399.26413,31082367.6531001,163338891.183,0.0059809265801,0,0,0,5.069538431573,6.430645549964e-82,0,-0.9891774630673,-0.549645767362,-14.34416734461,-2.804837315151,1.346485163172,-13.04347370872,15148.69125402,-2882.700096816,0,0,259600.000,2296,400,0,417896.3203816
418100,27886519.32471,9501951.271397,2791067.873345,0,0,0,1.689367482132,-0.5486624137291,32875110.98646,31082079.3756178,163337376.2746,0.005980926579485,0,0,0,5.069538431573,6.429191070547e-82,0,-0.989152247634,-0.5496074306716,-14.3436468889,-2.804914897418,1.346479803517,-13.04306580392,15149.47673303,-2882.849568501,0,0,259600.100,2296,400,0,417996.3213432
418200,27886493.74934,9501938.79036,2791366.715962,0,0,0,1.689355314954,-0.5486239693856,32874822.69385,31081791.0831882,163335861.2877,0.005980926578871,0,0,0,5.069538431573,6.427736869595e-82,0,-0.9891270376127,-0.549569092372,-14.34312641134,-2.804992450821,1.346474444,-13.04265786777,15150.26216309,-2882.999030873,0,0,259600.200,2296,400,0,418096.3223048
418300,27886468.17099,9501926.308739,2791665.558149,0,0,0,1.689343137175,-0.5485855236621,32874534.38629,31081502.7758125,163334346.2222,0.005980926578256,0,0,0,5.069538431573,6.426282947123e-82,0,-0.9891018287459,-0.549530752911,-14.34260591801,-2.805069986739,1.346469084622,-13.04224990636,15151.04755401,-2883.148485795,0,0,259600.300,2296,400,0,418196.3232665
418400,27886442.58964,9501913.826534,2791964.399907,0,0,0,1.689330948794,-0.5485470765588,32874246.06378,31081214.4534914,163332831.0781,0.005980926577642,0,0,0,5.069538431573,6.42482930314e-82,0,-0.989076622222,-0.5494924118074,-14.34208540239,-2.805147540194,1.346463725382,-13.04184191316,15151.83292534,-2883.297936991,0,0,259600.400,2296,400,0,418296.3242282
418500,27886417.00531,9501901.343747,2792263.241236,0,0,0,1.689318749809,-0.5485086280758,32873957.72633,31080926.1162259,163331315.8556,0.005980926577027,0,0,0,5.069538431573,6.423375937658e-82,0,-0.9890514182686,-0.5494540694401,-14.3415648696,-2.805225082763,1.346458366281,-13.04143389331,15152.6181988,-2883.447369561,0,0,259600.500,2296,400,0,418396.32519
418600,27886391.41799,9501888.860376,2792562.082135,0,0,0,1.689306540219,-0.5484701782132,32873669.37394,31080637.764017,163329800.5545,0.005980926576413,0,0,0,5.069538431573,6.42192285069e-82,0,-0.9890262165523,-0.5494157256476,-14.34104431747,-2.805302663454,1.346453007318,-13.04102584461,15153.40347225,-2883.59680213,0,0,259600.600,2296,400,0,418496.3261519
418700,27886365.82768,9501876.376423,2792860.922605,0,0,0,1.689294320022,-0.5484317269711,32873381.0066,31080349.3968656,163328285.1749,0.005980926575798,0,0,0,5.069538431573,6.420470042243e-82,0,-0.989001016321,-0.5493773806322,-14.34052374874,-2.805380215715,1.346447648495,-13.0406177698,15154.18869676,-2883.746225387,0,0,259600.700,2296,400,0,418596.3271137
418800,27886340.23438,9501863.891885,2793159.762646,0,0,0,1.689282089217,-0.5483932743496,32873092.62433,31080061.0147726,163326769.7168,0.005980926575184,0,0,0,5.069538431573,6.419017512332e-82,0,-0.9889758214744,-0.5493390340263,-14.34000315841,-2.805457742598,1.34644228981,-13.0402096639,15154.97383318,-2883.89563188,0,0,259600.800,2296,400,0,418696.3280757
418900,27886314.63809,9501851.406765,2793458.602256,0,0,0,1.689269847802,-0.5483548203489,32872804.22711,31079772.6177389,163325254.1801,0.005980926574569,0,0,0,5.069538431573,6.417565260965e-82,0,-0.9889506276279,-0.549300686039,-14.33948254933,-2.805535286924,1.346436931264,-13.03980152974,15155.75895003,-2884.045034647,0,0,259600.900,2296,400,0,418796.3290377
419000,27886289.03881,9501838.921062,2793757.441438,0,0,0,1.689257595777,-0.5483163649691,32872515.81495,31079484.2057654,163323738.565,0.005980926573955,0,0,0,5.069538431573,6.416113288158e-82,0,-0.9889254363361,-0.549262336935,-14.3389619251,-2.805612810936,1.346431572856,-13.03939337091,15156.54401793,-2884.194428101,0,0,259601.000,2296,400,0,418896.3299997
419100,27886263.43655,9501826.434776,2794056.280189,0,0,0,1.689245333139,-0.5482779082101,32872227.38785,31079195.7788532,163322222.8713,0.00598092657334,0,0,0,5.069538431573,6.414661593918e-82,0,-0.9889002472141,-0.5492239861274,-14.33844127773,-2.805690374291,1.346426214588,-13.03898517945,15157.32905646,-2884.343815967,0,0,259601.100,2296,400,0,418996.3309618
419200,27886237.83129,9501813.947907,2794355.118511,0,0,0,1.689233059887,-0.5482394500723,32871938.94582,31078907.3370031,163320707.0992,0.005980926572726,0,0,0,5.069538431573,6.413210178258e-82,0,-0.9888750596059,-0.5491856339939,-14.33792061236,-2.805767917389,1.346420856459,-13.03857696047,15158.1140069,-2884.49318707,0,0,259601.200,2296,400,0,419096.3319239
419300,27886212.22305,9501801.460455,2794653.956403,0,0,0,1.68922077602,-0.5482009905557,32871650.48885,31078618.880216,163319191.2485,0.005980926572111,0,0,0,5.069538431573,6.411759041189e-82,0,-0.9888498772835,-0.5491472806564,-14.33739993065,-2.805845434861,1.346415498469,-13.03816871564,15158.89892798,-2884.642552584,0,0,259601.300,2296,400,0,419196.3328861
419400,27886186.61182,9501788.97242,2794952.793866,0,0,0,1.689208481536,-0.5481625296603,32871362.01694,31078330.4084929,163317675.3194,0.005980926571497,0,0,0,5.069538431573,6.41030818272e-82,0,-0.9888246960528,-0.5491089258166,-14.33687922854,-2.805922976879,1.346410140618,-13.0377604409,15159.6838099,-2884.791910648,0,0,259601.400,2296,400,0,419296.3338484
419500,27886160.9976,9501776.483802,2795251.630899,0,0,0,1.689196176433,-0.5481240673863,32871073.5301,31078041.9218347,163316159.3118,0.005980926570882,0,0,0,5.069538431573,6.408857602865e-82,0,-0.9887995172571,-0.5490705695477,-14.33635850703,-2.806000499464,1.346404782906,-13.03735213724,15160.46864289,-2884.941259399,0,0,259601.500,2296,400,0,419396.3348107
419600,27886135.38039,9501763.994602,2795550.467501,0,0,0,1.689183860711,-0.5480856037339,32870785.02832,31077753.4202423,163314643.2257,0.005980926570268,0,0,0,5.069538431573,6.407407301632e-82,0,-0.9887743413202,-0.5490322118857,-14.33583776661,-2.806078053517,1.346399425334,-13.03694380514,15161.25342693,-2885.090598837,0,0,259601.600,2296,400,0,419496.335773
419700,27886109.76019,9501751.504818,2795849.303674,0,0,0,1.689171534368,-0.5480471387031,32870496.51161,31077464.9037167,163313127.0611,0.005980926569653,0,0,0,5.069538431573,6.405957279036e-82,0,-0.9887491674586,-0.5489938528148,-14.33531700706,-2.806155587336,1.3463940679,-13.0365354444,15162.03817181,-2885.239930823,0,0,259601.700,2296,400,0,419596.3367354
419800,27886084.137,9501739.014452,2796148.139417,0,0,0,1.689159197402,-0.548008672294,32870207.97997,31077176.3722588,163311610.818,0.005980926569039,0,0,0,5.069538431573,6.404507535084e-82,0,-0.9887239949865,-0.5489554924196,-14.33479622953,-2.806233103484,1.346388710607,-13.03612705616,15162.82279924,-2885.389240459,0,0,259601.800,2296,400,0,419696.3376978
419900,27886058.51082,9501726.523504,2796446.97473,0,0,0,1.689146849812,-0.5479702045068,32869919.4334,31076887.8258696,163310094.4965,0.005980926568424,0,0,0,5.069538431573,6.403058069789e-82,0,-0.9886988279024,-0.5489171307639,-14.33427543489,-2.806310613903,1.346383353452,-13.03571864128,15163.60744625,-2885.538553819,0,0,259601.900,2296,400,0,419796.3386603
420000,27886032.88166,9501714.031973,2796745.809613,0,0,0,1.689134491597,-0.5479317353416,32869630.87189,31076599.2645498,163308578.0966,0.00598092656781,0,0,0,5.069538431573,6.40160888316e-82,0,-0.9886736619995,-0.5488787677137,-14.33375462132,-2.806388126962,1.346377996437,-13.03531019794,15164.39196601,-2885.687842965,0,0,259602.000,2296,400,0,419896.3396228
420100,27886007.24951,9501701.539859,2797044.644065,0,0,0,1.689122122755,-0.5478932647984,32869342.29546,31076310.6883006,163307061.6181,0.005980926567195,0,0,0,5.069538431573,6.400159975209e-82,0,-0.9886484985371,-0.5488404031888,-14.33323378773,-2.806465671797,1.346372639562,-13.03490172505,15165.17648576,-2885.837132111,0,0,259602.100,2296,400,0,419996.3405854
420200,27885981.61436,9501689.047163,2797343.478088,0,0,0,1.689109743284,-0.5478547928774,32869053.7041,31076022.0971227,163305545.0613,0.005980926566581,0,0,0,5.069538431573,6.398711345945e-82,0,-0.988623337674,-0.5488020373512,-14.33271293631,-2.80654319625,1.346367282826,-13.03449322481,15165.96096637,-2885.986413807,0,0,259602.200,2296,400,0,420096.3415481
420300,27885955.97623,9501676.553884,2797642.31168,0,0,0,1.689097353183,-0.5478163195787,32868765.09781,31075733.4910172,163304028.4259,0.005980926565966,0,0,0,5.069538431573,6.39726299538e-82,0,-0.9885981786637,-0.5487636697464,-14.33219206091,-2.806620702768,1.34636192623,-13.03408469105,15166.74543718,-2886.13569364,0,0,259602.300,2296,400,0,420196.3425108
420400,27885930.33511,9501664.060023,2797941.144843,0,0,0,1.689084952451,-0.5477778449024,32868476.47659,31075444.869985,163302511.7122,0.005980926565352,0,0,0,5.069538431573,6.395814923525e-82,0,-0.9885730217131,-0.5487253010847,-14.33167117116,-2.80669821791,1.346356569774,-13.0336761334,15167.52980033,-2886.284952983,0,0,259602.400,2296,400,0,420296.3434735
420500,27885904.691,9501651.565579,2798239.977574,0,0,0,1.689072541086,-0.5477393688486,32868187.84045,31075156.234027,163300994.92,0.005980926564737,0,0,0,5.069538431573,6.394367130391e-82,0,-0.98854786989,-0.5486869310801,-14.33115026317,-2.806775722657,1.346351213458,-13.03326754798,15168.3140558,-2886.434191838,0,0,259602.500,2296,400,0,420396.3444363
420600,27885879.0439,9501639.070553,2798538.809876,0,0,0,1.689060119087,-0.5477008914174,32867899.18938,31074867.5831441,163299478.0494,0.005980926564123,0,0,0,5.069538431573,6.392919615986e-82,0,-0.9885227187121,-0.5486485593353,-14.33062933156,-2.806853258976,1.346345857281,-13.0328589294,15169.09840916,-2886.583449319,0,0,259602.600,2296,400,0,420496.3453991
420700,27885853.39382,9501626.574945,2798837.641747,0,0,0,1.689047686452,-0.547662412609,32867610.52339,31074578.9173373,163297961.1003,0.005980926563508,0,0,0,5.069538431573,6.391472380326e-82,0,-0.9884975705161,-0.5486101868818,-14.33010839033,-2.806930765667,1.346340501245,-13.03245029166,15169.88261569,-2886.73267886,0,0,259602.700,2296,400,0,420596.346362
420800,27885827.74074,9501614.078755,2799136.473188,0,0,0,1.68903524318,-0.5476239324234,32867321.84248,31074290.2366074,163296444.0728,0.005980926562894,0,0,0,5.069538431573,6.390025423413e-82,0,-0.9884724244776,-0.5485718125185,-14.32958742318,-2.807008254215,1.346335145348,-13.03204161845,15170.66685159,-2886.88191399,0,0,259602.800,2296,400,0,420696.3473249
420900,27885802.08468,9501601.581982,2799435.304198,0,0,0,1.68902278927,-0.5475854508608,32867033.14664,31074001.5409555,163294926.9669,0.005980926562279,0,0,0,5.069538431573,6.388578745265e-82,0,-0.9884472798033,-0.5485334369201,-14.32906643925,-2.807085761456,1.346329789591,-13.03163291893,15171.45100918,-2887.031134218,0,0,259602.900,2296,400,0,420796.3482879
421000,27885776.42562,9501589.084627,2799734.134778,0,0,0,1.689010324719,-0.5475469679213,32866744.43588,31073712.8303824,163293409.7826,0.005980926561665,0,0,0,5.069538431573,6.38713234589e-82,0,-0.9884221402484,-0.5484950598014,-14.32854543469,-2.807163256461,1.346324433975,-13.03122418922,15172.23507868,-2887.180337682,0,0,259603.000,2296,400,0,420896.349251
421100,27885750.76358,9501576.58669,2800032.964927,0,0,0,1.688997849527,-0.5475084836049,32866455.71021,31073424.1048892,163291892.5199,0.00598092656105,0,0,0,5.069538431573,6.385686225297e-82,0,-0.9883970022492,-0.5484566814976,-14.32802441403,-2.807240790641,1.346319078499,-13.03081543387,15173.01911881,-2887.329535559,0,0,259603.100,2296,400,0,420996.350214
421200,27885725.09855,9501564.088171,2800331.794646,0,0,0,1.688985363692,-0.5474699979119,32866166.96961,31073135.3644766,163290375.1788,0.005980926560436,0,0,0,5.069538431573,6.384240383496e-82,0,-0.9883718665233,-0.5484183017154,-14.32750337331,-2.80731829445,1.346313723163,-13.0304066489,15173.80308064,-2887.478718534,0,0,259603.200,2296,400,0,421096.3511772
421300,27885699.43053,9501551.58907,2800630.623934,0,0,0,1.688972867212,-0.5474315108422,32865878.21409,31072846.6091456,163288857.7593,0.005980926559821,0,0,0,5.069538431573,6.382794820499e-82,0,-0.9883467333107,-0.548379920645,-14.3269823151,-2.80739577464,1.346308367967,-13.02999783689,15174.58703268,-2887.627899647,0,0,259603.300,2296,400,0,421196.3521404
421400,27885673.75952,9501539.089387,2800929.452791,0,0,0,1.688960360087,-0.5473930223961,32865589.44366,31072557.8388973,163287340.2614,0.005980926559207,0,0,0,5.069538431573,6.381349536313e-82,0,-0.9883216026436,-0.5483415380543,-14.32646123624,-2.807473272474,1.346303012911,-13.02958899469,15175.37093577,-2887.777071446,0,0,259603.400,2296,400,0,421296.3531036
421500,27885648.08553,9501526.589123,2801228.281218,0,0,0,1.688947842314,-0.5473545325736,32865300.65831,31072269.0537324,163285822.6851,0.005980926558592,0,0,0,5.069538431573,6.379904530951e-82,0,-0.9882964729948,-0.5483031540461,-14.32594013815,-2.80755075193,1.346297657996,-13.02918012368,15176.15480951,-2887.926237658,0,0,259603.500,2296,400,0,421396.3540669
421600,27885622.40854,9501514.088276,2801527.109214,0,0,0,1.688935313892,-0.5473160413748,32865011.85805,31071980.253652,163284305.0305,0.005980926557978,0,0,0,5.069538431573,6.378459804425e-82,0,-0.9882713489701,-0.548264768917,-14.32541902484,-2.80762826807,1.346292303222,-13.0287712279,15176.93856578,-2888.075381517,0,0,259603.600,2296,400,0,421496.3550302
421700,27885596.72856,9501501.586847,2801825.936778,0,0,0,1.68892277482,-0.5472775487999,32864723.04287,31071691.4386569,163282787.2974,0.005980926557363,0,0,0,5.069538431573,6.377015356741e-82,0,-0.9882462258994,-0.54822638208,-14.32489788833,-2.807705763766,1.346286948588,-13.02836229937,15177.72229269,-2888.224519789,0,0,259603.700,2296,400,0,421596.3559936
421800,27885571.0456,9501489.084837,2802124.763912,0,0,0,1.688910225096,-0.5472390548489,32864434.21277,31071402.6087481,163281269.486,0.005980926556749,0,0,0,5.069538431573,6.37557118791e-82,0,-0.9882211055064,-0.5481879940882,-14.32437673616,-2.807783235078,1.346281594094,-13.02795334561,15178.50596087,-2888.373646885,0,0,259603.800,2296,400,0,421696.356957
421900,27885545.35965,9501476.582245,2802423.590616,0,0,0,1.688897664719,-0.547200559522,32864145.36777,31071113.7639266,163279751.5962,0.005980926556134,0,0,0,5.069538431573,6.374127297943e-82,0,-0.9881959874026,-0.5481496044637,-14.32385556182,-2.807860728021,1.346276239741,-13.02754436011,15179.28963883,-2888.522775844,0,0,259603.900,2296,400,0,421796.3579205
422000,27885519.6707,9501464.079071,2802722.416888,0,0,0,1.688885093687,-0.5471620628193,32863856.50785,31070824.9041932,163278233.6281,0.00598092655552,0,0,0,5.069538431573,6.372683686852e-82,0,-0.9881708701655,-0.5481112137371,-14.32333437251,-2.807938206327,1.346270885529,-13.02713535008,15180.07321892,-2888.671886176,0,0,259604.000,2296,400,0,421896.358884
422100,27885493.97877,9501451.575315,2803021.242729,0,0,0,1.688872511999,-0.5471235647408,32863567.63302,31070536.0295489,163276715.5816,0.005980926554905,0,0,0,5.069538431573,6.371240354641e-82,0,-0.9881457588834,-0.5480728214597,-14.32281316215,-2.80801571343,1.346265531458,-13.02672630943,15180.85673048,-2888.820983469,0,0,259604.100,2296,400,0,421996.3598476
422200,27885468.28385,9501439.070978,2803320.068139,0,0,0,1.688859919654,-0.5470850652868,32863278.74328,31070247.1399946,163275197.4567,0.005980926554291,0,0,0,5.069538431573,6.369797301325e-82,0,-0.9881206483228,-0.5480344279092,-14.32229193451,-2.808093199123,1.346260177527,-13.02631724193,15181.64025184,-2888.970082626,0,0,259604.200,2296,400,0,422096.3608113
422300,27885442.58594,9501426.566059,2803618.893118,0,0,0,1.688847316649,-0.5470465644573,32862989.83864,31069958.2355312,163273679.2535,0.005980926553676,0,0,0,5.069538431573,6.368354526913e-82,0,-0.9880955405455,-0.547996032929,-14.32177068746,-2.808170669706,1.346254823738,-13.02590814545,15182.42370467,-2889.119168743,0,0,259604.300,2296,400,0,422196.3617749
422400,27885416.88505,9501414.060559,2803917.717666,0,0,0,1.688834702984,-0.5470080622524,32862700.91908,31069669.3161598,163272160.972,0.005980926553062,0,0,0,5.069538431573,6.366912031413e-82,0,-0.9880704349613,-0.5479576365805,-14.32124942184,-2.808248132495,1.346249470089,-13.02549902081,15183.20710857,-2889.268245548,0,0,259604.400,2296,400,0,422296.3627387
422500,27885391.18116,9501401.554477,2804216.541783,0,0,0,1.688822078657,-0.5469695586723,32862411.98462,31069380.3818811,163270642.6121,0.005980926552447,0,0,0,5.069538431573,6.365469814833e-82,0,-0.9880453319715,-0.5479192386563,-14.32072813482,-2.808325601188,1.346244116581,-13.02508986521,15183.99049289,-2889.417318627,0,0,259604.500,2296,400,0,422396.3637024
422600,27885365.47428,9501389.047814,2804515.365468,0,0,0,1.688809443666,-0.546931053717,32862123.03525,31069091.4326962,163269124.1739,0.005980926551833,0,0,0,5.069538431573,6.364027877189e-82,0,-0.9880202300839,-0.547880839595,-14.32020683236,-2.808403099247,1.346238763215,-13.02468068459,15184.7737989,-2889.566376805,0,0,259604.600,2296,400,0,422496.3646663
422700,27885339.76442,9501376.54057,2804814.188722,0,0,0,1.68879679801,-0.5468925473866,32861834.07097,31068802.468606,163267605.6573,0.005980926551218,0,0,0,5.069538431573,6.362586218486e-82,0,-0.9879951337169,-0.5478424390573,-14.31968550986,-2.808480575323,1.346233409989,-13.02427147435,15185.55705597,-2889.71542567,0,0,259604.700,2296,400,0,422596.3656302
422800,27885314.05156,9501364.032744,2805113.011545,0,0,0,1.688784141688,-0.5468540396813,32861545.0918,31068513.4896114,163266087.0625,0.005980926550604,0,0,0,5.069538431573,6.361144838734e-82,0,-0.9879700385015,-0.5478040372783,-14.31916417051,-2.808558034372,1.346228056905,-13.02386223767,15186.34029347,-2889.86447081,0,0,259604.800,2296,400,0,422696.3665941
422900,27885288.33572,9501351.524337,2805411.833936,0,0,0,1.688771474699,-0.5468155306012,32861256.09771,31068224.4957133,163264568.3893,0.005980926549989,0,0,0,5.069538431573,6.359703737946e-82,0,-0.9879449457115,-0.5477656340176,-14.31864281104,-2.808635503418,1.346222703962,-13.02345297129,15187.12346244,-2890.013502911,0,0,259604.900,2296,400,0,422796.3675581
423000,27885262.61689,9501339.015348,2805710.655896,0,0,0,1.688758797039,-0.5467770201464,32860967.08873,31067935.4869126,163263049.6378,0.005980926549375,0,0,0,5.069538431573,6.358262916125e-82,0,-0.9879198554146,-0.5477272290336,-14.31812142818,-2.808712961748,1.34621735116,-13.02304367194,15187.90657269,-2890.162523836,0,0,259605.000,2296,400,0,422896.3685221
423100,27885236.89507,9501326.505778,2806009.477424,0,0,0,1.688746108709,-0.546738508317,32860678.06484,31067646.4632104,163261530.808,0.00598092654876,0,0,0,5.069538431573,6.356822373285e-82,0,-0.9878947678863,-0.5476888232607,-14.31760003461,-2.808790449547,1.3462119985,-13.02263435228,15188.68962421,-2890.311533585,0,0,259605.100,2296,400,0,422996.3694862
423200,27885211.17026,9501313.995628,2806308.298521,0,0,0,1.688733409707,-0.5466999951131,32860389.02606,31067357.4246075,163260011.8999,0.005980926548146,0,0,0,5.069538431573,6.355382109434e-82,0,-0.9878696809993,-0.5476504157252,-14.31707861711,-2.808867911347,1.346206645981,-13.0222249991,15189.47263657,-2890.460535884,0,0,259605.200,2296,400,0,423096.3704503
423300,27885185.44246,9501301.484896,2806607.119187,0,0,0,1.688720700031,-0.5466614805348,32860099.97237,31067068.3711049,163258492.9135,0.005980926547531,0,0,0,5.069538431573,6.353942124583e-82,0,-0.9878445999097,-0.5476120068628,-14.3165571816,-2.808945354145,1.346201293603,-13.02181561832,15190.25559021,-2890.609527007,0,0,259605.300,2296,400,0,423196.3714145
423400,27885159.71167,9501288.973583,2806905.939421,0,0,0,1.688707979679,-0.5466229645822,32859810.90378,31066779.3027034,163256973.8488,0.005980926546917,0,0,0,5.069538431573,6.35250241874e-82,0,-0.9878195199615,-0.5475735966883,-14.31603572827,-2.809022814144,1.346195941367,-13.02140621013,15191.03845575,-2890.758501366,0,0,259605.400,2296,400,0,423296.3723787
423500,27885133.9779,9501276.461688,2807204.759223,0,0,0,1.688695248651,-0.5465844472555,32859521.8203,31066490.2194041,163255454.7058,0.005980926546302,0,0,0,5.069538431573,6.351062991915e-82,0,-0.9877944423255,-0.5475351852389,-14.31551425763,-2.809100263146,1.346190589273,-13.02099677504,15191.82133108,-2890.907477587,0,0,259605.500,2296,400,0,423396.373343
423600,27885108.24113,9501263.949213,2807503.578593,0,0,0,1.688682506945,-0.5465459285548,32859232.72192,31066201.1212079,163253935.4845,0.005980926545688,0,0,0,5.069538431573,6.349623844117e-82,0,-0.9877693671382,-0.5474967722274,-14.31499276579,-2.809177748032,1.34618523732,-13.02058730914,15192.60416725,-2891.056446359,0,0,259605.600,2296,400,0,423496.3743073
423700,27885082.50138,9501251.436157,2807802.397532,0,0,0,1.688669754559,-0.5465074084801,32858943.60864,31065912.0081156,163252416.1849,0.005980926545073,0,0,0,5.069538431573,6.348184975354e-82,0,-0.9877442930507,-0.5474583578727,-14.31447125571,-2.809255205515,1.346179885509,-13.0201778154,15193.3869447,-2891.205403954,0,0,259605.700,2296,400,0,423596.3752717
423800,27885056.75863,9501238.922521,2808101.216038,0,0,0,1.688656991492,-0.5464688870316,32858654.48047,31065622.8801283,163250896.8071,0.005980926544459,0,0,0,5.069538431573,6.346746385636e-82,0,-0.9877192246852,-0.547419942202,-14.31394972777,-2.809332639699,1.34617453384,-13.0197682942,15194.1695949,-2891.354337335,0,0,259605.800,2296,400,0,423696.3762361
423900,27885031.0129,9501226.408303,2808400.034113,0,0,0,1.688644217743,-0.5464303642093,32858365.3374,31065333.7372468,163249377.351,0.005980926543844,0,0,0,5.069538431573,6.345308074975e-82,0,-0.98769415709,-0.5473815250692,-14.31342817998,-2.809410089789,1.346169182313,-13.01935874354,15194.95228425,-2891.503278166,0,0,259605.900,2296,400,0,423796.3772006
424000,27885005.26418,9501213.893504,2808698.851757,0,0,0,1.688631433309,-0.5463918400135,32858076.17945,31065044.5794721,163247857.8166,0.00598092654323,0,0,0,5.069538431573,6.343870043374e-82,0,-0.9876690920343,-0.5473431065275,-14.31290661306,-2.809487525182,1.346163830928,-13.01894916415,15195.73491487,-2891.652207822,0,0,259606.000,2296,400,0,423896.3781651
424100,27884979.51247,9501201.378125,2808997.668968,0,0,0,1.68861863819,-0.5463533144441,32857787.00659,31064755.4068051,163246338.204,0.005980926542615,0,0,0,5.069538431573,6.342432290848e-82,0,-0.9876440293963,-0.5473046867524,-14.31238502939,-2.809564994804,1.346158479684,-13.01853955841,15196.51746719,-2891.801122576,0,0,259606.100,2296,400,0,423996.3791297
424200,27884953.75777,9501188.862165,2809296.485747,0,0,0,1.688605832384,-0.5463147875014,32857497.81885,31064466.2192468,163244818.5132,0.005980926542001,0,0,0,5.069538431573,6.340994817403e-82,0,-0.9876189693668,-0.547266265479,-14.31186342539,-2.809642443261,1.346153128583,-13.01812992272,15197.29998035,-2891.95002988,0,0,259606.200,2296,400,0,424096.3800943
424300,27884928.00008,9501176.345624,2809595.302094,0,0,0,1.688593015889,-0.5462762591854,32857208.61622,31064177.016798,163243298.744,0.005980926541386,0,0,0,5.069538431573,6.339557623051e-82,0,-0.987593910487,-0.5472278429111,-14.31134180381,-2.809719867848,1.346147777623,-13.01772025984,15198.08254246,-2892.098946497,0,0,259606.300,2296,400,0,424196.381059
424400,27884902.2394,9501163.828503,2809894.118009,0,0,0,1.688580188705,-0.5462377294963,32856919.3987,31063887.7994598,163241778.8967,0.005980926540772,0,0,0,5.069538431573,6.338120707795e-82,0,-0.9875688569832,-0.5471894187818,-14.31082016103,-2.809797309249,1.346142426806,-13.01731056615,15198.86492837,-2892.247829586,0,0,259606.400,2296,400,0,424296.3820237
424500,27884876.47573,9501151.310801,2810192.933492,0,0,0,1.688567350829,-0.5461991984341,32856630.16629,31063598.567233,163240258.971,0.005980926540157,0,0,0,5.069538431573,6.336684071649e-82,0,-0.9875438047255,-0.5471509936379,-14.31029850448,-2.809874744357,1.346137076131,-13.01690084907,15199.64726535,-2892.396703362,0,0,259606.500,2296,400,0,424396.3829885
424600,27884850.70908,9501138.792518,2810491.748543,0,0,0,1.68855450226,-0.5461606659989,32856340.91899,31063309.3201186,163238738.9672,0.005980926539543,0,0,0,5.069538431573,6.335247714622e-82,0,-0.9875187551024,-0.5471125669185,-14.30977682654,-2.809952205045,1.346131725599,-13.01649110098,15200.42964147,-2892.545584589,0,0,259606.600,2296,400,0,424496.3839533
424700,27884824.93943,9501126.273655,2810790.563162,0,0,0,1.688541642997,-0.5461221321909,32856051.6568,31063020.0581176,163237218.8851,0.005980926538928,0,0,0,5.069538431573,6.333811636718e-82,0,-0.9874937074174,-0.5470741385635,-14.3092551264,-2.810029644325,1.346126375208,-13.01608132107,15201.21188057,-2892.694439739,0,0,259606.700,2296,400,0,424596.3849182
424800,27884799.1668,9501113.754212,2811089.377348,0,0,0,1.688528773037,-0.5460835970102,32855762.37973,31062730.7812307,163235698.7248,0.005980926538314,0,0,0,5.069538431573,6.332375837949e-82,0,-0.9874686625766,-0.5470357089482,-14.30873340915,-2.810107067983,1.34612102496,-13.01567151442,15201.99411966,-2892.843294889,0,0,259606.800,2296,400,0,424696.3858831
424900,27884773.39117,9501101.234188,2811388.191102,0,0,0,1.688515892381,-0.5460450604569,32855473.08777,31062441.4894591,163234178.4863,0.005980926537699,0,0,0,5.069538431573,6.330940318327e-82,0,-0.9874436190167,-0.546997278164,-14.30821167602,-2.810184486109,1.346115674855,-13.01526168228,15202.77636854,-2892.992151901,0,0,259606.900,2296,400,0,424796.3868481
425000,27884747.61256,9501088.713584,2811687.004424,0,0,0,1.688503001026,-0.5460065225311,32855183.78094,31062152.1828035,163232658.1696,0.005980926537085,0,0,0,5.069538431573,6.329505077854e-82,0,-0.9874185807971,-0.5469588457854,-14.30768992125,-2.810261907039,1.346110324892,-13.01485181887,15203.55841186,-2893.140969798,0,0,259607.000,2296,400,0,424896.3878131
425100,27884721.83096,9501076.192399,2811985.817313,0,0,0,1.68849009897,-0.5459679832329,32854894.45921,31061862.8612651,163231137.7746,0.00598092653647,0,0,0,5.069538431573,6.328070116541e-82,0,-0.9873935435599,-0.5469204121929,-14.30716815001,-2.810339359049,1.346104975071,-13.01444192936,15204.34049434,-2893.289795145,0,0,259607.100,2296,400,0,424996.3887782
425200,27884696.04637,9501063.670635,2812284.62977,0,0,0,1.688477186213,-0.5459294425625,32854605.12261,31061573.5248445,163229617.3015,0.005980926535856,0,0,0,5.069538431573,6.326635434403e-82,0,-0.9873685088368,-0.5468819770416,-14.3066463576,-2.810416788433,1.346099625393,-13.01403200905,15205.12248873,-2893.438603729,0,0,259607.200,2296,400,0,425096.3897433
425300,27884670.25879,9501051.14829,2812583.441794,0,0,0,1.688464262752,-0.5458909005198,32854315.77112,31061284.1735429,163228096.7501,0.005980926535241,0,0,0,5.069538431573,6.32520103144e-82,0,-0.987343476831,-0.5468435407569,-14.3061245498,-2.810494199811,1.346094275858,-13.01362206372,15205.90454184,-2893.587423488,0,0,259607.300,2296,400,0,425196.3907085
425400,27884644.46822,9501038.625364,2812882.253386,0,0,0,1.688451328587,-0.5458523571051,32854026.40476,31060994.8073612,163226576.1206,0.005980926534627,0,0,0,5.069538431573,6.323766907664e-82,0,-0.9873184454736,-0.546805103041,-14.30560272257,-2.810571622765,1.346088926466,-13.01321208933,15206.68645792,-2893.736217171,0,0,259607.400,2296,400,0,425296.3916737
425500,27884618.67466,9501026.101859,2813181.064545,0,0,0,1.688438383715,-0.5458138123185,32853737.02351,31060705.4263002,163225055.4128,0.005980926534012,0,0,0,5.069538431573,6.32233306308e-82,0,-0.9872934196562,-0.5467666636467,-14.30508087256,-2.810649035226,1.346083577216,-13.01280208251,15207.46828591,-2893.88499409,0,0,259607.500,2296,400,0,425396.392639
425600,27884592.87811,9501013.577774,2813479.875272,0,0,0,1.688425428136,-0.54577526616,32853447.62739,31060416.030361,163223534.6269,0.005980926533398,0,0,0,5.069538431573,6.320899497705e-82,0,-0.9872683953079,-0.5467282232512,-14.30455900895,-2.810726476637,1.346078228109,-13.01239205247,15208.25016283,-2894.033780321,0,0,259607.600,2296,400,0,425496.3936043
425700,27884567.07858,9501001.053108,2813778.685566,0,0,0,1.688412461847,-0.5457367186298,32853158.21639,31060126.6195444,163222013.7628,0.005980926532783,0,0,0,5.069538431573,6.31946621154e-82,0,-0.987243373227,-0.546689781257,-14.30403712364,-2.810803892028,1.346072879146,-13.01198199108,15209.03194187,-2894.182547927,0,0,259607.700,2296,400,0,425596.3945697
425800,27884541.27605,9500988.527863,2814077.495427,0,0,0,1.688399484848,-0.5456981697279,32852868.79051,31059837.1938513,163220492.8205,0.005980926532169,0,0,0,5.069538431573,6.318033204594e-82,0,-0.9872183532076,-0.5466513378011,-14.30351521849,-2.810881287979,1.346067530325,-13.01157190021,15209.81371113,-2894.33131367,0,0,259607.800,2296,400,0,425696.3955351
425900,27884515.47054,9500976.002037,2814376.304855,0,0,0,1.688386497137,-0.5456596194546,32852579.34976,31059547.7532828,163218971.8001,0.005980926531554,0,0,0,5.069538431573,6.316600476877e-82,0,-0.9871933363246,-0.5466128932662,-14.30299329869,-2.8109587022,1.346062181647,-13.01116178504,15210.59539229,-2894.480062649,0,0,259607.900,2296,400,0,425796.3965006
426000,27884489.66203,9500963.475632,2814675.113851,0,0,0,1.688373498712,-0.5456210678099,32852289.89413,31059258.2978397,163217450.7014,0.00598092653094,0,0,0,5.069538431573,6.3151680284e-82,0,-0.9871683204302,-0.5465744472037,-14.30247135815,-2.811036104707,1.346056833112,-13.01075163949,15211.37701472,-2894.628800452,0,0,259608.000,2296,400,0,425896.3974661
426100,27884463.85054,9500950.948647,2814973.922414,0,0,0,1.688360489572,-0.5455825147939,32852000.42363,31058968.827523,163215929.5247,0.005980926530325,0,0,0,5.069538431573,6.313735859166e-82,0,-0.9871433098786,-0.5465359996604,-14.30194939751,-2.811113542729,1.346051484721,-13.01034146419,15212.15863715,-2894.777538255,0,0,259608.100,2296,400,0,425996.3984317
426200,27884438.03606,9500938.421082,2815272.730544,0,0,0,1.688347469715,-0.5455439604067,32851710.93825,31058679.3423337,163214408.2697,0.005980926529711,0,0,0,5.069538431573,6.312303969185e-82,0,-0.9871183003042,-0.5464975508594,-14.30142741979,-2.811190929764,1.346046136472,-13.00993126217,15212.94017149,-2894.926259294,0,0,259608.200,2296,400,0,426096.3993973
426300,27884412.21859,9500925.892937,2815571.538241,0,0,0,1.688334439141,-0.5455054046484,32851421.43801,31058389.8422725,163212886.9366,0.005980926529096,0,0,0,5.069538431573,6.310872358464e-82,0,-0.9870932934007,-0.5464591005914,-14.30090542216,-2.811268341421,1.346040788367,-13.00952103058,15213.72165688,-2895.07497102,0,0,259608.300,2296,400,0,426196.4003629
426400,27884386.39813,9500913.364213,2815870.345505,0,0,0,1.688321397846,-0.5454668475192,32851131.92289,31058100.3273406,163211365.5254,0.005980926528482,0,0,0,5.069538431573,6.309441027017e-82,0,-0.9870682889327,-0.546420649043,-14.30038340714,-2.811345744002,1.346035440406,-13.00911077195,15214.50311291,-2895.223677158,0,0,259608.400,2296,400,0,426296.4013287
426500,27884360.57468,9500900.834908,2816169.152336,0,0,0,1.688308345831,-0.5454282890192,32850842.39291,31057810.7975388,163209844.036,0.005980926527867,0,0,0,5.069538431573,6.308009974843e-82,0,-0.9870432869611,-0.5463821959606,-14.2998613713,-2.811423147988,1.346030092587,-13.00870048284,15215.28448085,-2895.372366533,0,0,259608.500,2296,400,0,426396.4022944
426600,27884334.74824,9500888.305024,2816467.958733,0,0,0,1.688295283093,-0.5453897291484,32850552.84805,31057521.252868,163208322.4685,0.005980926527253,0,0,0,5.069538431573,6.306579201958e-82,0,-0.9870182876446,-0.5463437417919,-14.29933932071,-2.81150055762,1.346024744913,-13.00829016932,15216.06584878,-2895.521055907,0,0,259608.600,2296,400,0,426496.4032602
426700,27884308.91881,9500875.774561,2816766.764698,0,0,0,1.688282209631,-0.545351167907,32850263.28833,31057231.6933292,163206800.8229,0.005980926526638,0,0,0,5.069538431573,6.305148708368e-82,0,-0.9869932911151,-0.5463052861769,-14.29881725049,-2.811577935496,1.346019397381,-13.00787982651,15216.84707968,-2895.669719204,0,0,259608.700,2296,400,0,426596.4042261
426800,27884283.08639,9500863.243518,2817065.57023,0,0,0,1.688269125444,-0.5453126052951,32849973.71374,31056942.1189233,163205279.0991,0.005980926526024,0,0,0,5.069538431573,6.303718494076e-82,0,-0.9869682965205,-0.5462668289266,-14.29829515806,-2.81165533696,1.346014049994,-13.00746945184,15217.62832037,-2895.818384364,0,0,259608.800,2296,400,0,426696.405192
426900,27884257.25099,9500850.711895,2817364.375328,0,0,0,1.68825603053,-0.5452740413128,32849684.12428,31056652.5296513,163203757.2972,0.005980926525409,0,0,0,5.069538431573,6.302288559096e-82,0,-0.9869433046139,-0.5462283703907,-14.29777304818,-2.811732731754,1.34600870275,-13.00705905005,15218.40950233,-2895.967038348,0,0,259608.900,2296,400,0,426796.406158
427000,27884231.41259,9500838.179694,2817663.179993,0,0,0,1.688242924887,-0.5452354759602,32849394.51996,31056362.9255141,163202235.4172,0.005980926524795,0,0,0,5.069538431573,6.300858903435e-82,0,-0.9869183152433,-0.5461899106948,-14.29725092256,-2.81181012067,1.346003355649,-13.00664862285,15219.19071366,-2896.11569792,0,0,259609.000,2296,400,0,426896.407124
427100,27884205.57121,9500825.646912,2817961.984225,0,0,0,1.688229808514,-0.5451969092374,32849104.90078,31056073.3065126,163200713.459,0.005980926524181,0,0,0,5.069538431573,6.299429527097e-82,0,-0.9868933269124,-0.5461514492176,-14.29672877275,-2.811887535566,1.345998008693,-13.0062381618,15219.97180752,-2896.264335141,0,0,259609.100,2296,400,0,426996.4080901
427200,27884179.72683,9500813.113551,2818260.788023,0,0,0,1.68821668141,-0.5451583411445,32848815.26673,31055783.6726477,163199191.4228,0.005980926523566,0,0,0,5.069538431573,6.298000430093e-82,0,-0.9868683442685,-0.5461129866499,-14.29620660814,-2.81196490293,1.34599266188,-13.00582767627,15220.75277414,-2896.412948146,0,0,259609.200,2296,400,0,427096.4090562
427300,27884153.87947,9500800.579611,2818559.591388,0,0,0,1.688203543573,-0.5451197716817,32848525.61782,31055494.0239205,163197669.3085,0.005980926522952,0,0,0,5.069538431573,6.296571612428e-82,0,-0.9868433625675,-0.5460745226123,-14.29568442357,-2.812042295796,1.345987315211,-13.00541716112,15221.53385821,-2896.561583504,0,0,259609.300,2296,400,0,427196.4100223
427400,27884128.02912,9500788.045092,2818858.39432,0,0,0,1.688190395001,-0.545081200849,32848235.95404,31055204.3603317,163196147.116,0.005980926522337,0,0,0,5.069538431573,6.295143074116e-82,0,-0.986818383372,-0.5460360573007,-14.2951622217,-2.812119676623,1.345981968686,-13.00500661899,15222.31481504,-2896.710194647,0,0,259609.400,2296,400,0,427296.4109886
427500,27884102.17577,9500775.509993,2819157.196818,0,0,0,1.688177235693,-0.5450426286466,32847946.27541,31054914.6818825,163194624.8455,0.005980926521723,0,0,0,5.069538431573,6.293714815159e-82,0,-0.986793406489,-0.5459975906597,-14.29464000179,-2.812197052506,1.345976622305,-13.00459604915,15223.09567399,-2896.858787164,0,0,259609.500,2296,400,0,427396.4119548
427600,27884076.31944,9500762.974315,2819455.998882,0,0,0,1.688164065648,-0.5450040550745,32847656.58192,31054624.9885736,163193102.4969,0.005980926521108,0,0,0,5.069538431573,6.292286835564e-82,0,-0.9867684322234,-0.5459591224242,-14.29411776023,-2.812274457777,1.345971276068,-13.00418544798,15223.87655251,-2897.007383406,0,0,259609.600,2296,400,0,427496.4129211
427700,27884050.46012,9500750.438058,2819754.800513,0,0,0,1.688150884864,-0.544965480133,32847366.87356,31054335.2804061,163191580.0702,0.005980926520494,0,0,0,5.069538431573,6.290859135343e-82,0,-0.9867434590664,-0.5459206530006,-14.29359550255,-2.812351816481,1.345965929976,-13.003774821,15224.65734294,-2897.155962884,0,0,259609.700,2296,400,0,427596.4138875
427800,27884024.59781,9500737.901222,2820053.60171,0,0,0,1.68813769334,-0.544926903822,32847077.15035,31054045.5573808,163190057.5654,0.005980926519879,0,0,0,5.069538431573,6.289431714499e-82,0,-0.9867184914727,-0.5458821820983,-14.29307322478,-2.812429203765,1.345960584027,-13.00336416426,15225.43813337,-2897.304542363,0,0,259609.800,2296,400,0,427696.4148539
427900,27883998.73251,9500725.363807,2820352.402474,0,0,0,1.688124491074,-0.5448883261417,32846787.41229,31053755.8194987,163188534.9826,0.005980926519265,0,0,0,5.069538431573,6.288004573042e-82,0,-0.9866935249312,-0.5458437099705,-14.29255093038,-2.812506581074,1.345955238223,-13.00295348121,15226.21882591,-2897.453103215,0,0,259609.900,2296,400,0,427796.4158204
428000,27883972.86423,9500712.825813,2820651.202804,0,0,0,1.688111278064,-0.5448497470922,32846497.65937,31053466.0667608,163187012.3217,0.00598092651865,0,0,0,5.069538431573,6.286577710981e-82,0,-0.986668560684,-0.5458052362659,-14.29202861458,-2.812583946326,1.345949892563,-13.00254276706,15226.99954782,-2897.601669654,0,0,259610.000,2296,400,0,427896.4167869
428100,27883946.99295,9500700.28724,2820950.0027,0,0,0,1.68809805431,-0.5448111666737,32846207.89159,31053176.2991679,163185489.5827,0.005980926518036,0,0,0,5.069538431573,6.285151128321e-82,0,-0.9866435991547,-0.5457667612541,-14.29150628102,-2.812661341819,1.345944547047,-13.00213202548,15227.7801327,-2897.750210017,0,0,259610.100,2296,400,0,427996.4177534
428200,27883921.11868,9500687.748088,2821248.802162,0,0,0,1.688084819809,-0.5447725848862,32845918.10896,31052886.516721,163183966.7657,0.005980926517421,0,0,0,5.069538431573,6.283724825068e-82,0,-0.9866186387003,-0.5457282849032,-14.29098392929,-2.812738687392,1.345939201676,-13.00172125603,15228.56068821,-2897.898744792,0,0,259610.200,2296,400,0,428096.4187201
428300,27883895.24143,9500675.208357,2821547.60119,0,0,0,1.68807157456,-0.5447340017298,32845628.31147,31052596.7194211,163182443.8706,0.005980926516807,0,0,0,5.069538431573,6.28229880123e-82,0,-0.986593683426,-0.5456898069764,-14.29046155616,-2.81281606194,1.345933856449,-13.00131045549,15229.34120456,-2898.047272116,0,0,259610.300,2296,400,0,428196.4196867
428400,27883869.36118,9500662.668047,2821846.399785,0,0,0,1.688058318562,-0.5446954172046,32845338.49914,31052306.907269,163180920.8974,0.005980926516192,0,0,0,5.069538431573,6.28087305682e-82,0,-0.9865687296671,-0.545651327946,-14.28993916805,-2.812893428879,1.345928511367,-13.00089963028,15230.12160346,-2898.195777088,0,0,259610.400,2296,400,0,428296.4206534
428500,27883843.47795,9500650.127159,2822145.197945,0,0,0,1.688045051813,-0.5446568313109,32845048.67195,31052017.0802658,163179397.8463,0.005980926515578,0,0,0,5.069538431573,6.279447591836e-82,0,-0.986543778154,-0.5456128473417,-14.28941675858,-2.812970786113,1.345923166429,-13.00048877401,15230.90198278,-2898.344278336,0,0,259610.500,2296,400,0,428396.4216202
428600,27883817.59172,9500637.585692,2822443.995672,0,0,0,1.688031774311,-0.5446182440486,32844758.82991,31051727.2384123,163177874.717,0.005980926514963,0,0,0,5.069538431573,6.278022406294e-82,0,-0.9865188294145,-0.5455743656653,-14.28889433455,-2.813048152429,1.345917821636,-13.00007789348,15231.6823621,-2898.492779583,0,0,259610.600,2296,400,0,428496.422587
428700,27883791.70251,9500625.043646,2822742.792964,0,0,0,1.688018486056,-0.5445796554178,32844468.97303,31051437.3817095,163176351.5098,0.005980926514349,0,0,0,5.069538431573,6.276597500196e-82,0,-0.9864938825714,-0.5455358822634,-14.28837188709,-2.813125516287,1.345912476988,-12.99966697983,15232.46269248,-2898.641271517,0,0,259610.700,2296,400,0,428596.4235539
428800,27883765.81031,9500612.501021,2823041.589822,0,0,0,1.688005187046,-0.5445410654188,32844179.10129,31051147.5101583,163174828.2245,0.005980926513734,0,0,0,5.069538431573,6.275172873552e-82,0,-0.9864689375964,-0.5454973978188,-14.28784942548,-2.813202881353,1.345907132484,-12.99925604233,15233.24294456,-2898.789748549,0,0,259610.800,2296,400,0,428696.4245208
428900,27883739.91511,9500599.957818,2823340.386247,0,0,0,1.687991877278,-0.5445024740516,32843889.21471,31050857.6237597,163173304.8612,0.00598092651312,0,0,0,5.069538431573,6.273748526365e-82,0,-0.9864439973758,-0.5454589115857,-14.28732693958,-2.813280238894,1.345901788126,-12.99884507084,15234.02314769,-2898.938216269,0,0,259610.900,2296,400,0,428796.4254877
429000,27883714.01693,9500587.414036,2823639.182237,0,0,0,1.687978556752,-0.5444638813163,32843599.31328,31050567.7225146,163171781.4199,0.005980926512505,0,0,0,5.069538431573,6.272324458645e-82,0,-0.9864190586785,-0.5454204243721,-14.28680444038,-2.813357596043,1.345896443912,-12.99843407633,15234.8032823,-2899.08667095,0,0,259611.000,2296,400,0,428896.4264547
429100,27883688.11576,9500574.869676,2823937.977792,0,0,0,1.687965225467,-0.544425287213,32843309.397,31050277.8064239,163170257.9005,0.005980926511891,0,0,0,5.069538431573,6.2709006704e-82,0,-0.9863941223686,-0.5453819355626,-14.28628191951,-2.813434936203,1.345891099843,-12.99802305045,15235.58340713,-2899.235123768,0,0,259611.100,2296,400,0,428996.4274218
429200,27883662.2116,9500562.324737,2824236.772914,0,0,0,1.68795188342,-0.5443866917418,32843019.46588,31049987.8754885,163168734.3032,0.005980926511276,0,0,0,5.069538431573,6.269477161635e-82,0,-0.9863691880905,-0.5453434454111,-14.28575938042,-2.813512290844,1.345885755919,-12.99761199664,15236.36348301,-2899.383567274,0,0,259611.200,2296,400,0,429096.4283889
429300,27883636.30445,9500549.779219,2824535.567601,0,0,0,1.68793853061,-0.5443480949029,32842729.51992,31049697.9297094,163167210.6278,0.005980926510662,0,0,0,5.069538431573,6.268053932356e-82,0,-0.9863442568496,-0.5453049538792,-14.2852368226,-2.813589647823,1.345880412141,-12.99720091439,15237.14356869,-2899.532012641,0,0,259611.300,2296,400,0,429196.429356
429400,27883610.39432,9500537.233124,2824834.361854,0,0,0,1.687925167036,-0.5443094966963,32842439.55911,31049407.9690876,163165686.8745,0.005980926510047,0,0,0,5.069538431573,6.266630982572e-82,0,-0.9863193263313,-0.5452664607235,-14.28471424272,-2.813666996153,1.345875068507,-12.99678980037,15237.92356627,-2899.680441245,0,0,259611.400,2296,400,0,429296.4303232
429500,27883584.48119,9500524.68645,2825133.155672,0,0,0,1.687911792696,-0.5442708971222,32842149.58347,31049117.993624,163164163.0431,0.005980926509433,0,0,0,5.069538431573,6.265208312289e-82,0,-0.9862944017298,-0.5452279666651,-14.28419165059,-2.813744337272,1.345869725019,-12.99637866438,15238.7034366,-2899.828845635,0,0,259611.500,2296,400,0,429396.4312905
429600,27883558.56507,9500512.139198,2825431.949056,0,0,0,1.687898407588,-0.5442322961806,32841859.59298,31048828.0033195,163162639.1338,0.005980926508818,0,0,0,5.069538431573,6.263785921516e-82,0,-0.9862694779824,-0.5451894711759,-14.28366903904,-2.813821681959,1.345864381676,-12.99596749926,15239.4833265,-2899.97725375,0,0,259611.600,2296,400,0,429496.4322578
429700,27883532.64596,9500499.591367,2825730.742006,0,0,0,1.687885011712,-0.5441936938717,32841569.58765,31048537.9981749,163161115.1465,0.005980926508204,0,0,0,5.069538431573,6.262363810255e-82,0,-0.9862445566866,-0.5451509739018,-14.28314640326,-2.813899026285,1.345859038478,-12.99555630018,15240.26310874,-2900.125641376,0,0,259611.700,2296,400,0,429596.4332252
429800,27883506.72387,9500487.042958,2826029.53452,0,0,0,1.687871605065,-0.5441550901956,32841279.56748,31048247.9781914,163159591.0812,0.005980926507589,0,0,0,5.069538431573,6.260941978518e-82,0,-0.9862196379383,-0.5451124757249,-14.28262375522,-2.81397637355,1.345853695426,-12.99514507912,15241.04294971,-2900.274040177,0,0,259611.800,2296,400,0,429696.4341926
429900,27883480.79878,9500474.493971,2826328.326601,0,0,0,1.687858187647,-0.5441164851525,32840989.53247,31047957.9433698,163158066.9379,0.005980926506975,0,0,0,5.069538431573,6.259520426308e-82,0,-0.9861947202606,-0.5450739758416,-14.28210108401,-2.814053709431,1.345848352519,-12.99473382518,15241.82267321,-2900.422416627,0,0,259611.900,2296,400,0,429796.43516
430000,27883454.87071,9500461.944406,2826627.118246,0,0,0,1.687844759455,-0.5440778787423,32840699.48263,31047667.8937111,163156542.7166,0.00598092650636,0,0,0,5.069538431573,6.258099153634e-82,0,-0.9861698080609,-0.545035474782,-14.28157839683,-2.814131038398,1.345843009757,-12.99432254554,15242.60230863,-2900.570776314,0,0,259612.000,2296,400,0,429896.4361275
430100,27883428.93964,9500449.394263,2826925.909457,0,0,0,1.687831320488,-0.5440392709652,32840409.41795,31047377.8292161,163155018.4174,0.005980926505746,0,0,0,5.069538431573,6.256678160501e-82,0,-0.9861448971027,-0.5449969722647,-14.28105568987,-2.814208373465,1.345837667141,-12.99391123639,15243.38191468,-2900.719130412,0,0,259612.100,2296,400,0,429996.4370951
430200,27883403.00559,9500436.843542,2827224.700233,0,0,0,1.687817870745,-0.5440006618214,32840119.33844,31047087.7498859,163153494.0403,0.005980926505131,0,0,0,5.069538431573,6.255257446917e-82,0,-0.986119988401,-0.5449584683178,-14.28053296349,-2.814285709418,1.345832324671,-12.9934998981,15244.16144242,-2900.867469609,0,0,259612.200,2296,400,0,430096.4380627
430300,27883377.06855,9500424.292243,2827523.490575,0,0,0,1.687804410224,-0.5439620513109,32839829.24409,31046797.6557213,163151969.5851,0.005980926504517,0,0,0,5.069538431573,6.253837012886e-82,0,-0.9860950823039,-0.5449199630386,-14.28001021903,-2.814363050427,1.345826982347,-12.99308853199,15244.94100931,-2901.015816256,0,0,259612.300,2296,400,0,430196.4390303
430400,27883351.12851,9500411.740366,2827822.280481,0,0,0,1.687790938924,-0.5439234394339,32839539.13491,31046507.5467233,163150445.0521,0.005980926503902,0,0,0,5.069538431573,6.252416858418e-82,0,-0.9860701786077,-0.5448814566393,-14.27948745937,-2.814440380089,1.345821640168,-12.99267714094,15245.72046854,-2901.164142415,0,0,259612.400,2296,400,0,430296.439998
430500,27883325.18549,9500399.187911,2828121.069953,0,0,0,1.687777456843,-0.5438848261904,32839249.01089,31046217.4228929,163148920.4411,0.005980926503288,0,0,0,5.069538431573,6.250996983517e-82,0,-0.9860452762141,-0.5448429484163,-14.27896467494,-2.814517675909,1.345816298135,-12.9922657154,15246.49988861,-2901.312461123,0,0,259612.500,2296,400,0,430396.4409658
430600,27883299.23948,9500386.634878,2828419.85899,0,0,0,1.687763963979,-0.5438462115806,32838958.87205,31045927.284231,163147395.7521,0.005980926502673,0,0,0,5.069538431573,6.249577388188e-82,0,-0.9860203788804,-0.5448044390869,-14.27844187549,-2.814595025771,1.345810956248,-12.9918542651,15247.27925974,-2901.460770518,0,0,259612.600,2296,400,0,430496.4419336
430700,27883273.29048,9500374.081268,2828718.647591,0,0,0,1.687750460331,-0.5438075956046,32838668.71837,31045637.1307384,163145870.9852,0.005980926502059,0,0,0,5.069538431573,6.248158072445e-82,0,-0.9859954827925,-0.5447659283789,-14.27791905733,-2.814672348866,1.345805614506,-12.99144278635,15248.05859171,-2901.609072462,0,0,259612.700,2296,400,0,430596.4429014
430800,27883247.33849,9500361.52708,2829017.435758,0,0,0,1.687736945898,-0.5437689782624,32838378.54986,31045346.9624162,163144346.1404,0.005980926501444,0,0,0,5.069538431573,6.246739036284e-82,0,-0.9859705889714,-0.5447274160942,-14.27739621777,-2.814749678163,1.345800272911,-12.99103127645,15248.83785517,-2901.757361367,0,0,259612.800,2296,400,0,430696.4438693
430900,27883221.38351,9500348.972314,2829316.22349,0,0,0,1.687723420679,-0.5437303595543,32838088.36653,31045056.7792653,163142821.2176,0.00598092650083,0,0,0,5.069538431573,6.245320279716e-82,0,-0.9859456981371,-0.5446889028272,-14.27687336486,-2.814826998149,1.345794931462,-12.99061974347,15249.61709905,-2901.905646548,0,0,259612.900,2296,400,0,430796.4448373
431000,27883195.42554,9500336.41697,2829615.010786,0,0,0,1.68770988467,-0.5436917394803,32837798.16837,31044766.5812866,163141296.217,0.005980926500215,0,0,0,5.069538431573,6.24390180275e-82,0,-0.9859208093383,-0.5446503876291,-14.27635048574,-2.814904286522,1.345789590159,-12.99020817453,15250.39634294,-2902.053931728,0,0,259613.000,2296,400,0,430896.4458052
431100,27883169.46458,9500323.861049,2829913.797648,0,0,0,1.687696337872,-0.5436531180404,32837507.95538,31044476.3684811,163139771.1384,0.005980926499601,0,0,0,5.069538431573,6.242483605388e-82,0,-0.9858959222718,-0.5446118715499,-14.27582759466,-2.814981626522,1.345784249001,-12.98979658389,15251.17545957,-2902.202192694,0,0,259613.100,2296,400,0,430996.4467733
431200,27883143.50064,9500311.30455,2830212.584074,0,0,0,1.687682780282,-0.5436144952349,32837217.72756,31044186.1408496,163138245.9819,0.005980926498986,0,0,0,5.069538431573,6.241065687637e-82,0,-0.9858710400048,-0.5445733538856,-14.27530468206,-2.815058945935,1.345778907991,-12.98938496197,15251.95452726,-2902.350444347,0,0,259613.200,2296,400,0,431096.4477414
431300,27883117.5337,9500298.747473,2830511.370065,0,0,0,1.6876692119,-0.5435758710639,32836927.48492,31043895.8983932,163136720.7475,0.005980926498372,0,0,0,5.069538431573,6.239648049507e-82,0,-0.9858461593095,-0.544534835073,-14.27478175387,-2.815136265249,1.345773567126,-12.98897331472,15252.73357538,-2902.498692274,0,0,259613.300,2296,400,0,431196.4487095
431400,27883091.56377,9500286.189819,2830810.155621,0,0,0,1.687655632723,-0.5435372455274,32836637.22745,31043605.6411128,163135195.4352,0.005980926497757,0,0,0,5.069538431573,6.238230690998e-82,0,-0.9858212805796,-0.544496314492,-14.27425880168,-2.815213576474,1.345768226408,-12.98856163371,15253.51254519,-2902.6469253,0,0,259613.400,2296,400,0,431296.4496777
431500,27883065.59086,9500273.631588,2831108.940741,0,0,0,1.68764204275,-0.5434986186255,32836346.95517,31043315.3690092,163133670.045,0.005980926497143,0,0,0,5.069538431573,6.236813612121e-82,0,-0.9857964046573,-0.5444577927155,-14.27373583325,-2.81529086471,1.345762885836,-12.98814992671,15254.29148564,-2902.795152739,0,0,259613.500,2296,400,0,431396.450646
431600,27883039.61495,9500261.072779,2831407.725426,0,0,0,1.687628441979,-0.5434599903584,32836056.66806,31043025.0820836,163132144.5769,0.005980926496528,0,0,0,5.069538431573,6.235396812876e-82,0,-0.9857715298286,-0.5444192696625,-14.27321284749,-2.815368183639,1.345757545411,-12.98773819262,15255.07037714,-2902.943370864,0,0,259613.600,2296,400,0,431496.4516143
431700,27883013.63605,9500248.513393,2831706.509676,0,0,0,1.68761483041,-0.5434213607262,32835766.36613,31042734.7803367,163130619.0309,0.005980926495914,0,0,0,5.069538431573,6.23398029328e-82,0,-0.9857466604815,-0.5443807452416,-14.27268984317,-2.815445491226,1.345752205132,-12.98732643021,15255.84918055,-2903.091572225,0,0,259613.700,2296,400,0,431596.4525826
431800,27882987.65417,9500235.95343,2832005.29349,0,0,0,1.68760120804,-0.543382729729,32835476.04937,31042444.4637695,163129093.407,0.005980926495299,0,0,0,5.069538431573,6.232564053328e-82,0,-0.9857217923845,-0.5443422194271,-14.27216681992,-2.815522802094,1.345746865,-12.98691463912,15256.6279546,-2903.239767998,0,0,259613.800,2296,400,0,431696.453551
431900,27882961.6693,9500223.392889,2832304.076868,0,0,0,1.687587574868,-0.5433440973669,32835185.7178,31042154.132383,163127567.7053,0.005980926494685,0,0,0,5.069538431573,6.231148093029e-82,0,-0.9856969265669,-0.5443036922216,-14.27164377779,-2.815600102897,1.345741525014,-12.98650281938,15257.40671885,-2903.387961909,0,0,259613.900,2296,400,0,431796.4545194
432000,27882935.68143,9500210.831771,2832602.859811,0,0,0,1.687573930892,-0.5433054636399,32834895.37141,31041863.7861781,163126041.9257,0.00598092649407,0,0,0,5.069538431573,6.22973241239e-82,0,-0.9856720630072,-0.5442651635198,-14.27112071535,-2.815677375464,1.345736185175,-12.98609096956,15258.18537544,-2903.536135331,0,0,259614.000,2296,400,0,431896.4554879
432100,27882909.69058,9500198.270076,2832901.642319,0,0,0,1.687560276111,-0.5432668285483,32834605.01021,31041573.4251557,163124516.0682,0.005980926493456,0,0,0,5.069538431573,6.228317011418e-82,0,-0.985647202017,-0.5442266334987,-14.27059763499,-2.815754696604,1.345730845483,-12.98567909207,15258.9640516,-2903.684312478,0,0,259614.100,2296,400,0,431996.4564565
432200,27882883.69674,9500185.707804,2833200.42439,0,0,0,1.687546610524,-0.5432281920921,32834314.63418,31041283.0493168,163122990.1329,0.005980926492841,0,0,0,5.069538431573,6.226901890116e-82,0,-0.9856223423435,-0.544188102011,-14.27007453473,-2.815831994497,1.345725505938,-12.9852671849,15259.74256136,-2903.83245796,0,0,259614.200,2296,400,0,432096.4574251
432300,27882857.6999,9500173.144954,2833499.206026,0,0,0,1.687532934129,-0.5431895542715,32834024.24335,31040992.6586623,163121464.1197,0.005980926492227,0,0,0,5.069538431573,6.225487048493e-82,0,-0.9855974879511,-0.5441495693382,-14.26955141837,-2.815909296123,1.345720166539,-12.98485525187,15260.52112986,-2903.980614617,0,0,259614.300,2296,400,0,432196.4583937
432400,27882831.70008,9500160.581528,2833797.987227,0,0,0,1.687519246924,-0.5431509150865,32833733.83769,31040702.2531932,163119938.0287,0.005980926491612,0,0,0,5.069538431573,6.224072486553e-82,0,-0.9855726348776,-0.5441110354509,-14.26902828553,-2.815986586202,1.345714827288,-12.98444329258,15261.29963962,-2904.128760099,0,0,259614.400,2296,400,0,432296.4593624
432500,27882805.69727,9500148.017525,2834096.767991,0,0,0,1.687505548908,-0.5431122745372,32833443.41723,31040411.8329103,163118411.8598,0.005980926490998,0,0,0,5.069538431573,6.222658204299e-82,0,-0.9855477839483,-0.5440724999021,-14.26850513013,-2.816063846491,1.345709488183,-12.98403130095,15262.07806129,-2904.276888818,0,0,259614.500,2296,400,0,432396.4603311
432600,27882779.69147,9500135.452944,2834395.54832,0,0,0,1.68749184008,-0.5430736326238,32833152.98195,31040121.3978147,163116885.613,0.005980926490384,0,0,0,5.069538431573,6.221244201743e-82,0,-0.9855229356264,-0.5440339630171,-14.26798195659,-2.816141159194,1.345704149225,-12.98361928142,15262.85647317,-2904.425015673,0,0,259614.600,2296,400,0,432496.4612999
432700,27882753.68268,9500122.887787,2834694.328212,0,0,0,1.687478120437,-0.5430349893464,32832862.53185,31039830.9479073,163115359.2885,0.005980926489769,0,0,0,5.069538431573,6.219830478883e-82,0,-0.9854980884158,-0.5439954247864,-14.26745876479,-2.816218448173,1.345698810415,-12.98320723383,15263.63481653,-2904.57312949,0,0,259614.700,2296,400,0,432596.4622687
432800,27882727.6709,9500110.322053,2834993.107669,0,0,0,1.687464389978,-0.542996344705,32832572.06695,31039540.4831889,163113832.8861,0.005980926489155,0,0,0,5.069538431573,6.21841703573e-82,0,-0.9854732467213,-0.5439568853166,-14.26693555616,-2.816295741703,1.345693471752,-12.98279515965,15264.4131501,-2904.721241444,0,0,259614.800,2296,400,0,432696.4632376
432900,27882701.65613,9500097.755742,2835291.88669,0,0,0,1.687450648703,-0.5429576986999,32832281.58724,31039250.0036606,163112306.4059,0.00598092648854,0,0,0,5.069538431573,6.217003872287e-82,0,-0.9854484060332,-0.543918344363,-14.26641232738,-2.816373001599,1.345688133236,-12.98238305553,15265.19141516,-2904.86934036,0,0,259614.900,2296,400,0,432796.4642066
433000,27882675.63837,9500085.188855,2835590.665275,0,0,0,1.687436896608,-0.542919051331,32831991.09272,31038959.5093233,163110779.8478,0.005980926487926,0,0,0,5.069538431573,6.215590988559e-82,0,-0.9854235678553,-0.5438798020579,-14.26588908026,-2.816450276517,1.345682794867,-12.98197092329,15265.96959212,-2905.017422512,0,0,259615.000,2296,400,0,432896.4651756
433100,27882649.61762,9500072.62139,2835889.443423,0,0,0,1.687423133694,-0.5428804025986,32831700.58339,31038669.0001778,163109253.212,0.005980926487311,0,0,0,5.069538431573,6.214178384555e-82,0,-0.985398732304,-0.54384125844,-14.26536581532,-2.816527580021,1.345677456646,-12.98155876343,15266.74772993,-2905.165497214,0,0,259615.100,2296,400,0,432996.4661446
433200,27882623.59388,9500060.053349,2836188.221136,0,0,0,1.687409359958,-0.5428417525026,32831410.05925,31038378.4762253,163107726.4983,0.005980926486697,0,0,0,5.069538431573,6.212766060277e-82,0,-0.9853738992274,-0.5438027133638,-14.26484253058,-2.816604869673,1.345672118572,-12.981146574,15267.52579922,-2905.313558877,0,0,259615.200,2296,400,0,433096.4671137
433300,27882597.56716,9500047.484732,2836486.998412,0,0,0,1.687395575398,-0.5428031010433,32831119.52031,31038087.9374666,163106199.7068,0.005980926486082,0,0,0,5.069538431573,6.211354015731e-82,0,-0.9853490672256,-0.5437641668834,-14.26431922677,-2.816682139706,1.345666780645,-12.9807343557,15268.30388808,-2905.461624265,0,0,259615.300,2296,400,0,433196.4680828
433400,27882571.53744,9500034.915537,2836785.775253,0,0,0,1.687381780014,-0.5427644482208,32830828.96656,31037797.3839025,163104672.8375,0.005980926485468,0,0,0,5.069538431573,6.209942250922e-82,0,-0.9853242404531,-0.5437256190245,-14.26379590425,-2.816759391643,1.345661442866,-12.98032210891,15269.08183991,-2905.609663576,0,0,259615.400,2296,400,0,433296.469052
433500,27882545.50473,9500022.345766,2837084.551657,0,0,0,1.687367973803,-0.5427257940351,32830538.39801,31037506.8155342,163103145.8904,0.005980926484853,0,0,0,5.069538431573,6.208530765859e-82,0,-0.9852994151781,-0.543687069969,-14.26327256549,-2.816836657681,1.345656105235,-12.97990983607,15269.85978196,-2905.757701024,0,0,259615.500,2296,400,0,433396.4700212
433600,27882519.46903,9500009.775419,2837383.327624,0,0,0,1.687354156765,-0.5426871384863,32830247.81465,31037216.2323625,163101618.8656,0.005980926484239,0,0,0,5.069538431573,6.207119560542e-82,0,-0.9852745921066,-0.543648519404,-14.26274920623,-2.816913952256,1.345650767751,-12.97949753294,15270.63765548,-2905.905725434,0,0,259615.600,2296,400,0,433496.4709905
433700,27882493.43035,9499997.204495,2837682.103156,0,0,0,1.687340328897,-0.5426484815746,32829957.21649,31036925.6343883,163100091.7629,0.005980926483624,0,0,0,5.069538431573,6.205708634977e-82,0,-0.9852497710812,-0.543609967211,-14.26222582487,-2.816991222363,1.345645430415,-12.97908519792,15271.41550943,-2906.053746119,0,0,259615.700,2296,400,0,433596.4719598
433800,27882467.38867,9499984.632995,2837980.87825,0,0,0,1.687326490199,-0.5426098233001,32829666.60353,31036635.0216126,163098564.5825,0.00598092648301,0,0,0,5.069538431573,6.204297989173e-82,0,-0.9852249530942,-0.543571414165,-14.26170243193,-2.817068494826,1.345640093227,-12.97867284151,15272.19336338,-2906.201766804,0,0,259615.800,2296,400,0,433696.4729292
433900,27882441.34401,9499972.060919,2838279.652909,0,0,0,1.687312640668,-0.5425711636629,32829375.97577,31036344.3940364,163097037.3242,0.005980926482395,0,0,0,5.069538431573,6.202887623133e-82,0,-0.9852001364186,-0.543532859535,-14.26117901749,-2.817145737425,1.345634756186,-12.9782604538,15272.97108029,-2906.349761412,0,0,259615.900,2296,400,0,433796.4738986
434000,27882415.29635,9499959.488266,2838578.427131,0,0,0,1.687298780303,-0.542532502663,32829085.33321,31036053.7516605,163095509.9882,0.005980926481781,0,0,0,5.069538431573,6.201477536858e-82,0,-0.9851753246893,-0.5434943033974,-14.26065558258,-2.817222993547,1.345629419294,-12.97784803582,15273.74873847,-2906.497744843,0,0,259616.000,2296,416,0,433896.4748681
434100,27882389.24571,9499946.915037,2838877.200916,0,0,0,1.687284909102,-0.5424938403007,32828794.67585,31035763.094486,163093982.5745,0.005980926481166,0,0,0,5.069538431573,6.20006773036e-82,0,-0.9851505144193,-0.5434557460922,-14.26013213182,-2.81730027772,1.345624082549,-12.97743559218,15274.52640644,-2906.645730138,0,0,259616.100,2296,416,0,433996.4758376
434200,27882363.19207,9499934.341231,2839175.974265,0,0,0,1.687271027065,-0.542455176576,32828504.0037,31035472.4225137,163092455.0829,0.005980926480552,0,0,0,5.069538431573,6.198658203639e-82,0,-0.9851257061411,-0.5434171872261,-14.25960865987,-2.81737753842,1.345618745953,-12.97702311754,15275.30402547,-2906.793706119,0,0,259616.200,2296,416,0,434096.4768072
434300,27882337.13545,9499921.76685,2839474.747177,0,0,0,1.687257134189,-0.542416511489,32828213.31674,31035181.7357445,163090927.5137,0.005980926479937,0,0,0,5.069538431573,6.197248956704e-82,0,-0.9851009005236,-0.5433786271277,-14.25908517118,-2.817454803087,1.345613409504,-12.97661061637,15276.08162493,-2906.941678375,0,0,259616.300,2296,416,0,434196.4777769
434400,27882311.07584,9499909.191892,2839773.519653,0,0,0,1.687243230474,-0.5423778450398,32827922.61499,31034891.0341796,163089399.8666,0.005980926479323,0,0,0,5.069538431573,6.195839989556e-82,0,-0.9850760963381,-0.5433400657376,-14.25856166497,-2.817532035942,1.345608073204,-12.97619808785,15276.85909713,-2907.089626417,0,0,259616.400,2296,416,0,434296.4787465
434500,27882285.01323,9499896.616358,2840072.291692,0,0,0,1.687229315916,-0.5423391772286,32827631.89845,31034600.3178197,163087872.1419,0.005980926478708,0,0,0,5.069538431573,6.194431302201e-82,0,-0.9850512972791,-0.5433015028097,-14.25803813787,-2.817609283738,1.345602737052,-12.97578552863,15277.63655955,-2907.237572595,0,0,259616.500,2296,416,0,434396.4797163
434600,27882258.94764,9499884.040248,2840371.063294,0,0,0,1.687215390516,-0.5423005080554,32827341.16711,31034309.5866657,163086344.3393,0.005980926478094,0,0,0,5.069538431573,6.193022894643e-82,0,-0.9850264992895,-0.5432629383836,-14.25751459044,-2.817686559171,1.345597401048,-12.97537293926,15278.41398282,-2907.385511324,0,0,259616.600,2296,416,0,434496.480686
434700,27882232.87906,9499871.463562,2840669.834459,0,0,0,1.687201454271,-0.5422618375204,32827050.42098,31034018.8407188,163084816.4591,0.005980926477479,0,0,0,5.069538431573,6.19161476689e-82,0,-0.9850017038908,-0.5432243729754,-14.25699102967,-2.817763811029,1.345592065192,-12.97496032674,15279.19132777,-2907.533435151,0,0,259616.700,2296,416,0,434596.4816559
434800,27882206.80749,9499858.8863,2840968.605188,0,0,0,1.68718750718,-0.5422231656237,32826759.66006,31033728.0799797,163083288.5011,0.005980926476865,0,0,0,5.069538431573,6.190206918944e-82,0,-0.9849769109696,-0.5431858058193,-14.25646744517,-2.81784106617,1.345586729485,-12.97454768068,15279.96866294,-2907.681357116,0,0,259616.800,2296,416,0,434696.4826257
434900,27882180.73292,9499846.308463,2841267.375479,0,0,0,1.687173549241,-0.5421844923653,32826468.88434,31033437.3044495,163081760.4653,0.00598092647625,0,0,0,5.069538431573,6.188799350812e-82,0,-0.984952120584,-0.5431472374691,-14.25594384447,-2.817918288505,1.345581393926,-12.97413500858,15280.74591002,-2907.829262316,0,0,259616.900,2296,416,0,434796.4835956
435000,27882154.65537,9499833.730049,2841566.145334,0,0,0,1.687159580453,-0.5421458177455,32826178.09384,31033146.514129,163080232.3519,0.005980926475636,0,0,0,5.069538431573,6.187392062498e-82,0,-0.9849273314914,-0.5431086679575,-14.25542022799,-2.81799552731,1.345576058515,-12.97372231089,15281.52312773,-2907.977161929,0,0,259617.000,2296,416,0,434896.4845656
435100,27882128.57483,9499821.15106,2841864.914751,0,0,0,1.687145600814,-0.5421071417642,32825887.28854,31032855.7090193,163078704.1607,0.005980926475021,0,0,0,5.069538431573,6.185985054003e-82,0,-0.9849025476227,-0.5430700967574,-14.25489658859,-2.818072794337,1.345570723254,-12.97330958045,15282.30020841,-2908.125035465,0,0,259617.100,2296,416,0,434996.4855356
435200,27882102.4913,9499808.571494,2842163.683732,0,0,0,1.687131610324,-0.5420684644216,32825596.46846,31032564.8891211,163077175.8918,0.005980926474407,0,0,0,5.069538431573,6.184578325335e-82,0,-0.9848777648678,-0.5430315243519,-14.25437293283,-2.818150036007,1.34556538814,-12.97289682382,15283.07731845,-2908.272914588,0,0,259617.200,2296,416,0,435096.4865057
435300,27882076.40478,9499795.991353,2842462.452275,0,0,0,1.687117608979,-0.5420297857179,32825305.63359,31032274.0544356,163075647.5453,0.005980926473792,0,0,0,5.069538431573,6.183171876498e-82,0,-0.9848529845485,-0.5429929504854,-14.25384925724,-2.81822726015,1.345560053176,-12.97248403752,15283.85439912,-2908.420788124,0,0,259617.300,2296,416,0,435196.4874758
435400,27882050.31527,9499783.410637,2842761.220382,0,0,0,1.687103596779,-0.541991105653,32825014.78394,31031983.2049637,163074119.121,0.005980926473178,0,0,0,5.069538431573,6.181765707496e-82,0,-0.9848282064647,-0.542954375231,-14.2533255628,-2.818304497108,1.34555471836,-12.97207122256,15284.63141128,-2908.568648621,0,0,259617.400,2296,416,0,435296.488446
435500,27882024.22277,9499770.829344,2843059.988051,0,0,0,1.687089573722,-0.5419524242272,32824723.91949,31031692.3407062,163072590.619,0.005980926472563,0,0,0,5.069538431573,6.180359818337e-82,0,-0.9848034311622,-0.5429157987711,-14.25280185199,-2.81838172609,1.345549383693,-12.97165838139,15285.40839407,-2908.716503531,0,0,259617.500,2296,416,0,435396.4894162
435600,27881998.12728,9499758.247476,2843358.755283,0,0,0,1.687075539807,-0.5419137414406,32824433.04027,31031401.4616641,163071062.0393,0.005980926471949,0,0,0,5.069538431573,6.17895420902e-82,0,-0.9847786573282,-0.5428772207961,-14.25227812062,-2.818458983439,1.345544049175,-12.97124550982,15286.18527898,-2908.864339814,0,0,259617.600,2296,416,0,435496.4903865
435700,27881972.0288,9499745.665033,2843657.522077,0,0,0,1.687061495032,-0.5418750572932,32824142.14626,31031110.5678383,163069533.3819,0.005980926471334,0,0,0,5.069538431573,6.177548879552e-82,0,-0.984753888356,-0.5428386414318,-14.25175437039,-2.818536227518,1.345538714805,-12.97083260955,15286.9620758,-2909.012159333,0,0,259617.700,2296,416,0,435596.4913568
435800,27881945.92733,9499733.082014,2843956.288435,0,0,0,1.687047439396,-0.5418363717851,32823851.23747,31030819.6592299,163068004.6469,0.00598092647072,0,0,0,5.069538431573,6.176143829939e-82,0,-0.9847291208097,-0.5428000610615,-14.25123060649,-2.81861342957,1.345533380585,-12.97041968579,15287.73893134,-2909.159990028,0,0,259617.800,2296,416,0,435696.4923272
435900,27881919.82287,9499720.498419,2844255.054355,0,0,0,1.687033372896,-0.5417976849166,32823560.31389,31030528.7358397,163066475.8341,0.005980926470105,0,0,0,5.069538431573,6.174739060182e-82,0,-0.9847043551061,-0.5427614788124,-14.2507068171,-2.818690658278,1.345528046513,-12.97000672667,15288.51569879,-2909.307803959,0,0,259617.900,2296,416,0,435796.4932976
436000,27881893.71542,9499707.91425,2844553.819837,0,0,0,1.687019295532,-0.5417589966876,32823269.37554,31030237.7976686,163064946.9437,0.005980926469491,0,0,0,5.069538431573,6.173334570285e-82,0,-0.9846795924214,-0.5427228953414,-14.25018301111,-2.818767878693,1.345522712591,-12.96959374113,15289.29243688,-2909.455612302,0,0,259618.000,2296,416,0,435896.4942681
436100,27881867.60499,9499695.329504,2844852.584882,0,0,0,1.687005207302,-0.5417203070983,32822978.4224,31029946.8447177,163063417.9756,0.005980926468876,0,0,0,5.069538431573,6.171930360256e-82,0,-0.9846548309537,-0.542684310668,-14.2496591888,-2.818845125979,1.345517378818,-12.96918072942,15290.06908687,-2909.603403881,0,0,259618.100,2296,416,0,435996.4952386
436200,27881841.49156,9499682.744184,2845151.34949,0,0,0,1.686991108205,-0.5416816161488,32822687.45449,31029655.8769878,163061888.9299,0.005980926468262,0,0,0,5.069538431573,6.170526430097e-82,0,-0.9846300745603,-0.5426457244112,-14.249135345,-2.818922349817,1.345512045194,-12.96876768636,15290.84572707,-2909.751193598,0,0,259618.200,2296,416,0,436096.4962091
436300,27881815.37514,9499670.158288,2845450.11366,0,0,0,1.686976998238,-0.5416429238392,32822396.47179,31029364.8944799,163060359.8065,0.005980926467647,0,0,0,5.069538431573,6.169122779813e-82,0,-0.9846053195016,-0.5426071370051,-14.24861148559,-2.818999554599,1.345506711719,-12.96835461786,15291.62226939,-2909.898964688,0,0,259618.300,2296,416,0,436196.4971797
436400,27881789.25573,9499657.571817,2845748.877393,0,0,0,1.686962877401,-0.5416042301696,32822105.47433,31029073.897195,163058830.6055,0.005980926467033,0,0,0,5.069538431573,6.167719409407e-82,0,-0.9845805668441,-0.542568548146,-14.24808760645,-2.819076774238,1.345501378394,-12.96794151977,15292.39878235,-2910.046730191,0,0,259618.400,2296,416,0,436296.4981504
436500,27881763.13333,9499644.98477,2846047.640687,0,0,0,1.686948745692,-0.5415655351402,32821814.46208,31028782.8851339,163057301.3268,0.005980926466419,0,0,0,5.069538431573,6.166316318885e-82,0,-0.9845558167629,-0.5425299580058,-14.24756370992,-2.819153984354,1.345496045218,-12.96752839444,15293.17527573,-2910.194491968,0,0,259618.500,2296,416,0,436396.4991211
436600,27881737.00795,9499632.397149,2846346.403545,0,0,0,1.686934603109,-0.541526838751,32821523.43506,31028491.8582977,163055771.9704,0.005980926465804,0,0,0,5.069538431573,6.164913508249e-82,0,-0.9845310689954,-0.5424913662427,-14.24703979137,-2.819231222988,1.345490712192,-12.96711523723,15293.95172017,-2910.342244431,0,0,259618.600,2296,416,0,436496.5000919
436700,27881710.87957,9499619.808952,2846645.165964,0,0,0,1.68692044965,-0.5414881410021,32821232.39327,31028200.8166872,163054242.5364,0.00598092646519,0,0,0,5.069538431573,6.163510977502e-82,0,-0.9845063224914,-0.5424527733012,-14.24651585681,-2.819308437565,1.345485379314,-12.96670205416,15294.72804715,-2910.489974543,0,0,259618.700,2296,416,0,436596.5010627
436800,27881684.7482,9499607.220181,2846943.927946,0,0,0,1.686906285315,-0.5414494418937,32820941.3367,31027909.7603035,163052713.0248,0.005980926464575,0,0,0,5.069538431573,6.162108726653e-82,0,-0.9844815814711,-0.5424141789668,-14.24599190334,-2.819385633523,1.345480046587,-12.96628884232,15295.50431539,-2910.63769348,0,0,259618.800,2296,416,0,436696.5020335
436900,27881658.61385,9499594.630834,2847242.68949,0,0,0,1.686892110102,-0.5414107414258,32820650.26536,31027618.6891473,163051183.4355,0.005980926463961,0,0,0,5.069538431573,6.160706755703e-82,0,-0.9844568414955,-0.5423755834044,-14.2454679332,-2.819462844003,1.345474714009,-12.96587560395,15296.28063258,-2910.785421729,0,0,259618.900,2296,416,0,436796.5030045
437000,27881632.4765,9499582.040912,2847541.450596,0,0,0,1.686877924008,-0.5413720395986,32820359.17925,31027327.6032198,163049653.7687,0.005980926463346,0,0,0,5.069538431573,6.159305064649e-82,0,-0.9844321037944,-0.542336986048,-14.24494393871,-2.819540068276,1.345469381581,-12.96546233136,15297.0568421,-2910.933129489,0,0,259619.000,2296,416,0,436896.5039754
437100,27881606.33617,9499569.450416,2847840.211264,0,0,0,1.686863727034,-0.5413333364122,32820068.07836,31027036.5025218,163048124.0242,0.005980926462732,0,0,0,5.069538431573,6.157903653508e-82,0,-0.9844073685611,-0.5422983878101,-14.24441993225,-2.819617274714,1.345464049302,-12.96504903694,15297.83303205,-2911.080833524,0,0,259619.100,2296,416,0,436996.5049464
437200,27881580.19284,9499556.859344,2848138.971494,0,0,0,1.686849519176,-0.5412946318667,32819776.96271,31026745.3870543,163046594.2021,0.005980926462117,0,0,0,5.069538431573,6.156502522275e-82,0,-0.9843826346825,-0.5422597880191,-14.24389590471,-2.819694480552,1.345458717174,-12.96463571157,15298.60917305,-2911.228528246,0,0,259619.200,2296,416,0,437096.5059175
437300,27881554.04652,9499544.267698,2848437.731286,0,0,0,1.686835300434,-0.5412559259622,32819485.83229,31026454.2568182,163045064.3024,0.005980926461503,0,0,0,5.069538431573,6.155101670955e-82,0,-0.9843579060385,-0.5422211866995,-14.24337185641,-2.819771667328,1.345453385195,-12.96422235558,15299.38516723,-2911.376195028,0,0,259619.300,2296,416,0,437196.5068886
437400,27881527.89722,9499531.675477,2848736.49064,0,0,0,1.686821070806,-0.5412172186988,32819194.6871,31026163.1118144,163043534.325,0.005980926460888,0,0,0,5.069538431573,6.153701099554e-82,0,-0.9843331785949,-0.542182584191,-14.24284779197,-2.819848867542,1.345448053366,-12.96380897357,15300.16121035,-2911.523871124,0,0,259619.400,2296,416,0,437296.5078597
437500,27881501.74492,9499519.082681,2849035.249556,0,0,0,1.68680683029,-0.5411785100766,32818903.52715,31025871.9520439,163042004.2701,0.005980926460274,0,0,0,5.069538431573,6.152300808073e-82,0,-0.9843084537617,-0.5421439803091,-14.24232370889,-2.819926083907,1.345442721687,-12.96339556305,15300.93714579,-2911.67152673,0,0,259619.500,2296,416,0,437396.5088309
437600,27881475.58964,9499506.48931,2849334.008034,0,0,0,1.686792578885,-0.5411398000957,32818612.35243,31025580.7775077,163040474.1376,0.005980926459659,0,0,0,5.069538431573,6.150900796518e-82,0,-0.9842837308109,-0.542105374958,-14.24179960586,-2.820003282296,1.345437390158,-12.96298212271,15301.71313997,-2911.819193512,0,0,259619.600,2296,416,0,437496.5098022
437700,27881449.43136,9499493.895365,2849632.766073,0,0,0,1.68677831659,-0.5411010887563,32818321.16294,31025289.5882066,163038943.9275,0.005980926459045,0,0,0,5.069538431573,6.149501064892e-82,0,-0.9842590108412,-0.5420667683958,-14.24127548639,-2.820080476703,1.345432058779,-12.96256865605,15302.48896775,-2911.966828629,0,0,259619.700,2296,416,0,437596.5107735
437800,27881423.2701,9499481.300845,2849931.523675,0,0,0,1.686764043402,-0.5410623760584,32818029.95869,31024998.3841417,163037413.6398,0.00598092645843,0,0,0,5.069538431573,6.1481016132e-82,0,-0.9842342918874,-0.542028160305,-14.24075134617,-2.820157654354,1.345426727551,-12.96215515876,15303.26486404,-2912.114476785,0,0,259619.800,2296,416,0,437696.5117449
437900,27881397.10584,9499468.705751,2850230.280838,0,0,0,1.68674975932,-0.5410236620021,32817738.73968,31024707.1653138,163035883.2745,0.005980926457816,0,0,0,5.069538431573,6.146702441441e-82,0,-0.9842095785422,-0.5419895511753,-14.24022719184,-2.820234845437,1.345421396472,-12.96174163749,15304.04060373,-2912.262095138,0,0,259619.900,2296,416,0,437796.5127163
438000,27881370.9386,9499456.110082,2850529.037563,0,0,0,1.686735464344,-0.5409849465876,32817447.50591,31024415.931724,163034352.8317,0.005980926457201,0,0,0,5.069538431573,6.145303549622e-82,0,-0.9841848660556,-0.5419509403147,-14.23970301401,-2.820312053257,1.345416065544,-12.96132808283,15304.81630426,-2912.409706041,0,0,259620.000,2296,416,0,437896.5136877
438100,27881344.76837,9499443.513838,2850827.793849,0,0,0,1.68672115847,-0.540946229815,32817156.25737,31024124.683373,163032822.3113,0.005980926456587,0,0,0,5.069538431573,6.143904937747e-82,0,-0.9841601561021,-0.5419123283539,-14.23917882125,-2.820389241244,1.345410734766,-12.96091450336,15305.59200479,-2912.557316944,0,0,259620.100,2296,416,0,437996.5146592
438200,27881318.59514,9499430.91702,2851126.549697,0,0,0,1.686706841698,-0.5409075116844,32816864.99408,31023833.420262,163031291.7133,0.005980926455972,0,0,0,5.069538431573,6.142506605816e-82,0,-0.9841354486118,-0.541873714867,-14.23865460777,-2.820466438772,1.345405404139,-12.96050089328,15306.36758786,-2912.704905495,0,0,259620.200,2296,416,0,438096.5156308
438300,27881292.41893,9499418.319628,2851425.305107,0,0,0,1.686692514027,-0.5408687921958,32816573.71602,31023542.1423918,163029761.0378,0.005980926455358,0,0,0,5.069538431573,6.141108553835e-82,0,-0.9841107434523,-0.541835099797,-14.2381303728,-2.820543596893,1.345400073662,-12.96008725182,15307.14321987,-2912.852503359,0,0,259620.300,2296,416,0,438196.5166024
438400,27881266.23972,9499405.721662,2851724.060078,0,0,0,1.686678175453,-0.5408300713495,32816282.42321,31023250.8497634,163028230.2847,0.005980926454743,0,0,0,5.069538431573,6.139710781809e-82,0,-0.984086039725,-0.5417964835404,-14.23760612172,-2.820620779128,1.345394743335,-12.95967358436,15307.91874421,-2913.000080734,0,0,259620.400,2296,416,0,438296.517574
438500,27881240.05753,9499393.123121,2852022.81461,0,0,0,1.686663825977,-0.5407913491454,32815991.11564,31022959.5423777,163026699.454,0.005980926454129,0,0,0,5.069538431573,6.138313289739e-82,0,-0.9840613414919,-0.5417578661046,-14.23708185463,-2.820697977203,1.345389413159,-12.959259891,15308.69417067,-2913.147639483,0,0,259620.500,2296,416,0,438396.5185457
438600,27881213.87235,9499380.524005,2852321.568704,0,0,0,1.686649465596,-0.5407526255838,32815699.79331,31022668.2202357,163025168.5458,0.005980926453514,0,0,0,5.069538431573,6.136916077626e-82,0,-0.9840366439679,-0.5417192470129,-14.23655756506,-2.820775155672,1.345384083134,-12.95884616526,15309.46957755,-2913.295194507,0,0,259620.600,2296,416,0,438496.5195174
438700,27881187.68417,9499367.924316,2852620.322359,0,0,0,1.686635094309,-0.5407139006647,32815408.45623,31022376.8833382,163023637.5601,0.0059809264529,0,0,0,5.069538431573,6.13551914548e-82,0,-0.9840119492796,-0.5416806268487,-14.23603326093,-2.820852332146,1.34537875326,-12.95843241507,15310.24495507,-2913.442743942,0,0,259620.700,2296,416,0,438596.5204892
438800,27881161.49301,9499355.324053,2852919.075576,0,0,0,1.686620712115,-0.5406751743882,32815117.1044,31022085.5316864,163022106.4968,0.005980926452285,0,0,0,5.069538431573,6.134122493299e-82,0,-0.9839872566186,-0.541642005137,-14.23550893579,-2.820929491353,1.345373423536,-12.95801863398,15311.02033258,-2913.590293378,0,0,259620.800,2296,416,0,438696.5214611
438900,27881135.29886,9499342.723215,2853217.828354,0,0,0,1.686606319011,-0.5406364467545,32814825.73781,31021794.165281,163020575.356,0.005980926451671,0,0,0,5.069538431573,6.132726121086e-82,0,-0.9839625656162,-0.5416033821733,-14.23498459366,-2.82100668919,1.345368093963,-12.95760482598,15311.79557306,-2913.737816736,0,0,259620.900,2296,416,0,438796.522433
439000,27881109.10171,9499330.121803,2853516.580693,0,0,0,1.686591914996,-0.5405977177636,32814534.35646,31021502.784123,163019044.1377,0.005980926451056,0,0,0,5.069538431573,6.131330028845e-82,0,-0.9839378796137,-0.5415647577795,-14.23446023211,-2.821083853162,1.34536276454,-12.95719098867,15312.57075482,-2913.885328919,0,0,259621.000,2296,416,0,438896.5234049
439100,27881082.90158,9499317.519817,2853815.332593,0,0,0,1.686577500069,-0.5405589874156,32814242.96037,31021211.3882134,163017512.8419,0.005980926450442,0,0,0,5.069538431573,6.129934216581e-82,0,-0.983913195084,-0.5415261321794,-14.23393585418,-2.82116102508,1.345357435269,-12.95677712508,15313.34595614,-2914.032844827,0,0,259621.100,2296,416,0,438996.5243769
439200,27881056.69846,9499304.917258,2854114.084054,0,0,0,1.686563074229,-0.5405202557108,32813951.54953,31020919.9775532,163015981.4685,0.005980926449827,0,0,0,5.069538431573,6.128538684293e-82,0,-0.9838885121129,-0.5414875048018,-14.23341145212,-2.82123819215,1.345352106149,-12.95636322745,15314.12107917,-2914.180345833,0,0,259621.200,2296,416,0,439096.525349
439300,27881030.49234,9499292.314124,2854412.835076,0,0,0,1.686548637473,-0.5404815226491,32813660.12393,31020628.5521431,163014450.0177,0.005980926449213,0,0,0,5.069538431573,6.12714343199e-82,0,-0.9838638327604,-0.5414488766794,-14.23288703995,-2.821315343302,1.34534677718,-12.9559493098,15314.89616303,-2914.327839389,0,0,259621.300,2296,416,0,439196.526321
439400,27881004.28324,9499279.710416,2854711.58566,0,0,0,1.6865341898,-0.5404427882307,32813368.68359,31020337.1119844,163012918.4893,0.005980926448598,0,0,0,5.069538431573,6.125748459666e-82,0,-0.9838391551639,-0.5414102464925,-14.23236259975,-2.821392531445,1.345341448362,-12.95553535421,15315.67123712,-2914.475331083,0,0,259621.400,2296,416,0,439296.5272932
439500,27880978.07115,9499267.106135,2855010.335804,0,0,0,1.686519731208,-0.5404040524556,32813077.2285,31020045.6570777,163011386.8834,0.005980926447984,0,0,0,5.069538431573,6.124353767336e-82,0,-0.9838144792285,-0.5413716154684,-14.23183814819,-2.821469686021,1.345336119695,-12.95512137735,15316.44625247,-2914.622811601,0,0,259621.500,2296,416,0,439396.5282654
439600,27880951.85606,9499254.50128,2855309.08551,0,0,0,1.686505261696,-0.5403653153241,32812785.75866,31019754.1874241,163009855.2001,0.00598092644737,0,0,0,5.069538431573,6.122959354992e-82,0,-0.9837898082513,-0.5413329828985,-14.23131367564,-2.821546846351,1.345330791179,-12.95470736959,15317.22116993,-2914.770273492,0,0,259621.600,2296,416,0,439496.5292376
439700,27880925.63799,9499241.895851,2855607.834776,0,0,0,1.686490781263,-0.5403265768362,32812494.27408,31019462.7030246,163008323.4392,0.005980926446755,0,0,0,5.069538431573,6.121565222643e-82,0,-0.9837651385787,-0.5412943489682,-14.23078918462,-2.821624004623,1.345325462814,-12.95429333344,15317.9960091,-2914.917720482,0,0,259621.700,2296,416,0,439596.5302099
439800,27880899.41693,9499229.289848,2855906.583603,0,0,0,1.686476289907,-0.540287836992,32812202.77475,31019171.2038801,163006791.6008,0.005980926446141,0,0,0,5.069538431573,6.120171370288e-82,0,-0.9837404711213,-0.5412557134274,-14.23026467174,-2.821701145974,1.345320134601,-12.95387926551,15318.77088741,-2915.065174922,0,0,259621.800,2296,416,0,439696.5311822
439900,27880873.19288,9499216.683271,2856205.331991,0,0,0,1.686461787625,-0.5402490957917,32811911.26067,31018879.6899914,163005259.685,0.005980926445526,0,0,0,5.069538431573,6.118777797933e-82,0,-0.9837158062095,-0.5412170767461,-14.22974014338,-2.821778337288,1.34531480654,-12.95346517218,15319.54565806,-2915.212608874,0,0,259621.900,2296,416,0,439796.5321546
440000,27880846.96583,9499204.076121,2856504.079939,0,0,0,1.686447274418,-0.5402103532353,32811619.73186,31018588.1613597,163003727.6917,0.005980926444912,0,0,0,5.069538431573,6.11738450558e-82,0,-0.9836911443776,-0.5411784390077,-14.22921560066,-2.821855473675,1.345309478629,-12.95305105458,15320.32041891,-2915.360040963,0,0,259622.000,2296,416,0,439896.5331271
440100,27880820.7358,9499191.468398,2856802.827449,0,0,0,1.686432750283,-0.5401716093229,32811328.1883,31018296.6179857,163002195.621,0.005980926444297,0,0,0,5.069538431573,6.115991493231e-82,0,-0.9836664830903,-0.5411397994549,-14.22869103331,-2.821932624723,1.345304150871,-12.95263690242,15321.09511125,-2915.507460013,0,0,259622.100,2296,416,0,439996.5340995
440200,27880794.50278,9499178.8601,2857101.574519,0,0,0,1.686418215218,-0.5401328640547,32811036.63,31018005.0598705,163000663.4727,0.005980926443683,0,0,0,5.069538431573,6.114598760888e-82,0,-0.983641827472,-0.5411011588266,-14.22816645136,-2.822009774994,1.345298823263,-12.95222272573,15321.86965677,-2915.654851124,0,0,259622.200,2296,416,0,440096.5350721
440300,27880768.26677,9499166.25123,2857400.321149,0,0,0,1.686403669223,-0.5400941174307,32810745.05696,31017713.487015,162999131.247,0.005980926443068,0,0,0,5.069538431573,6.113206308555e-82,0,-0.98361717271,-0.5410625166631,-14.22764184857,-2.822086905399,1.345293495808,-12.95180851828,15322.64424143,-2915.802249685,0,0,259622.300,2296,416,0,440196.5360447
440400,27880742.02776,9499153.641786,2857699.06734,0,0,0,1.686389112294,-0.5400553694511,32810453.46918,31017421.8994202,162997598.9439,0.005980926442454,0,0,0,5.069538431573,6.111814136233e-82,0,-0.983592520617,-0.5410238732584,-14.22713248593,-2.82216407563,1.345288168504,-12.95140954104,15323.41876737,-2915.94963707,0,0,259622.400,2296,416,0,440296.5370173
440500,27880715.78577,9499141.031768,2857997.813092,0,0,0,1.686374544432,-0.540016620116,32810161.86666,31017130.2970869,162996066.5633,0.005980926441839,0,0,0,5.069538431573,6.110422243926e-82,0,-0.9835678706331,-0.5409852283511,-14.22662875768,-2.822241212716,1.345282841352,-12.95101618827,15324.19329331,-2916.097024456,0,0,259622.500,2296,416,0,440396.53799
440600,27880689.54079,9499128.421177,2858296.558404,0,0,0,1.686359965635,-0.5399778694255,32809870.24941,31016838.6800162,162994534.1052,0.005980926441225,0,0,0,5.069538431573,6.109030631638e-82,0,-0.9835432224787,-0.5409465822079,-14.22612501333,-2.822318355636,1.345277514352,-12.95062280946,15324.967692,-2916.244387627,0,0,259622.600,2296,416,0,440496.5389627
440700,27880663.29282,9499115.810013,2858595.303277,0,0,0,1.6863453759,-0.5399391173797,32809578.61742,31016547.0482089,162993001.5697,0.00598092644061,0,0,0,5.069538431573,6.107639299367e-82,0,-0.9835185790378,-0.5409079345199,-14.22562124884,-2.822395494619,1.345272187504,-12.95022940057,15325.74204175,-2916.391741484,0,0,259622.700,2296,416,0,440596.5399355
440800,27880637.04185,9499103.198276,2858894.04771,0,0,0,1.686330775226,-0.5399003639786,32809286.97069,31016255.4016661,162991468.9568,0.005980926439996,0,0,0,5.069538431573,6.106248247116e-82,0,-0.983493936804,-0.5408692853415,-14.22511746492,-2.822472621021,1.345266860807,-12.94983596232,15326.51642086,-2916.53910093,0,0,259622.800,2296,416,0,440696.5409083
440900,27880610.7879,9499090.585965,2859192.791703,0,0,0,1.686316163612,-0.5398616092225,32808995.30923,31015963.7403886,162989936.2664,0.005980926439381,0,0,0,5.069538431573,6.104857474894e-82,0,-0.983469296914,-0.5408306351808,-14.2246136682,-2.822549780839,1.345261534263,-12.94944250133,15327.29071188,-2916.686443612,0,0,259622.900,2296,416,0,440796.5418812
441000,27880584.53096,9499077.973081,2859491.535257,0,0,0,1.686301541056,-0.5398228531115,32808703.63303,31015672.0643774,162988403.4987,0.005980926438767,0,0,0,5.069538431573,6.1034669827e-82,0,-0.9834446600111,-0.5407919836484,-14.22410985359,-2.822626910338,1.34525620787,-12.94904901252,15328.06491481,-2916.83376953,0,0,259623.000,2296,416,0,440896.5428541
441100,27880558.27103,9499065.359624,2859790.278371,0,0,0,1.686286907557,-0.5397840956455,32808411.94211,31015380.3736335,162986870.6534,0.005980926438152,0,0,0,5.069538431573,6.102076770532e-82,0,-0.9834200253237,-0.5407533305764,-14.22360601893,-2.822704043876,1.34525088163,-12.94865549369,15328.83909815,-2916.981091723,0,0,259623.100,2296,416,0,440996.5438271
441200,27880532.0081,9499052.745594,2860089.021045,0,0,0,1.686272263113,-0.5397453368248,32808120.23645,31015088.6681578,162985337.7308,0.005980926437538,0,0,0,5.069538431573,6.100686838394e-82,0,-0.9833953918074,-0.5407146761925,-14.22310216715,-2.822781172549,1.345245555542,-12.94826194782,15329.61333044,-2917.128423229,0,0,259623.200,2296,416,0,441096.5448001
441300,27880505.74219,9499040.130991,2860387.763279,0,0,0,1.686257607722,-0.5397065766494,32807828.51606,31014796.9479512,162983804.7308,0.005980926436923,0,0,0,5.069538431573,6.099297186292e-82,0,-0.9833707634882,-0.5406760205018,-14.22259829835,-2.822858310649,1.345240229606,-12.94786837497,15330.38738654,-2917.275721207,0,0,259623.300,2296,416,0,441196.5457732
441400,27880479.47329,9499027.515815,2860686.505074,0,0,0,1.686242941383,-0.5396678151195,32807536.78093,31014505.2130147,162982271.6534,0.005980926436309,0,0,0,5.069538431573,6.097907814225e-82,0,-0.9833461364444,-0.5406373634272,-14.22209441151,-2.82293543825,1.345234903823,-12.94747477413,15331.16143286,-2917.423017323,0,0,259623.400,2296,416,0,441296.5467463
441500,27880453.2014,9499014.900065,2860985.246428,0,0,0,1.686228264095,-0.5396290522352,32807245.03108,31014213.4633492,162980738.4985,0.005980926435694,0,0,0,5.069538431573,6.096518722198e-82,0,-0.9833215118616,-0.5405987050162,-14.22159050724,-2.823012557568,1.345229578192,-12.94708114592,15331.93541065,-2917.5703004,0,0,259623.500,2296,416,0,441396.5477195
441600,27880426.92651,9499002.283744,2861283.987343,0,0,0,1.686213575855,-0.5395902879965,32806953.26651,31013921.6989557,162979205.2663,0.00598092643508,0,0,0,5.069538431573,6.095129910207e-82,0,-0.9832968897678,-0.5405600449075,-14.22108658085,-2.82308968549,1.345224252713,-12.94668748563,15332.70933951,-2917.717574164,0,0,259623.600,2296,416,0,441496.5486927
441700,27880400.64864,9498989.666849,2861582.727817,0,0,0,1.686198876662,-0.5395515224036,32806661.4872,31013629.9198351,162977671.9567,0.005980926434465,0,0,0,5.069538431573,6.093741378262e-82,0,-0.9832722702469,-0.5405213838702,-14.22058264236,-2.823166806474,1.345218927386,-12.94629380328,15333.48324878,-2917.864844203,0,0,259623.700,2296,416,0,441596.549666
441800,27880374.36778,9498977.049381,2861881.467851,0,0,0,1.686184166516,-0.5395127554566,32806369.69317,31013338.1259884,162976138.5696,0.005980926433851,0,0,0,5.069538431573,6.09235312636e-82,0,-0.9832476516103,-0.5404827212838,-14.22007868367,-2.823243934916,1.345213602213,-12.94590009078,15334.25712869,-2918.012108654,0,0,259623.800,2296,416,0,441696.5506393
441900,27880348.08393,9498964.43134,2862180.207446,0,0,0,1.686169445413,-0.5394739871556,32806077.88442,31013046.3174165,162974605.1052,0.005980926433236,0,0,0,5.069538431573,6.090965154505e-82,0,-0.9832230388825,-0.5404440573996,-14.21957470806,-2.823321054891,1.345208277192,-12.94550635141,15335.03086178,-2918.159345165,0,0,259623.900,2296,416,0,441796.5516127
442000,27880321.79708,9498951.812727,2862478.9466,0,0,0,1.686154713353,-0.5394352175007,32805786.06093,31012754.4941204,162973071.5635,0.005980926432622,0,0,0,5.069538431573,6.089577462695e-82,0,-0.9831984267075,-0.5404053920317,-14.21907071312,-2.82339816191,1.345202952323,-12.94511258273,15335.80457529,-2918.306577951,0,0,259624.000,2296,416,0,441896.5525861
442100,27880295.50725,9498939.193541,2862777.685314,0,0,0,1.686139970333,-0.539396446492,32805494.22273,31012462.6561009,162971537.9443,0.005980926432007,0,0,0,5.069538431573,6.088190050939e-82,0,-0.9831738172288,-0.5403667254027,-14.21856670173,-2.823475277605,1.345197627607,-12.94471878766,15336.57827902,-2918.453808874,0,0,259624.100,2296,416,0,441996.5535595
442200,27880269.21443,9498926.573783,2863076.423587,0,0,0,1.686125216353,-0.5393576741297,32805202.36981,31012170.8033591,162970004.2478,0.005980926431393,0,0,0,5.069538431573,6.086802919235e-82,0,-0.9831492097812,-0.5403280572961,-14.21806267109,-2.823552389127,1.345192303044,-12.94432496336,15337.35192401,-2918.601028621,0,0,259624.200,2296,416,0,442096.5545331
442300,27880242.91861,9498913.953452,2863375.16142,0,0,0,1.686110451411,-0.5393189004138,32804910.50216,31011878.9358959,162968470.4739,0.005980926430778,0,0,0,5.069538431573,6.085416067581e-82,0,-0.9831246042447,-0.540289388138,-14.21755862674,-2.823629509181,1.345186978634,-12.94393111538,15338.12547112,-2918.748229742,0,0,259624.300,2296,416,0,442196.5555066
442400,27880216.61981,9498901.332548,2863673.898813,0,0,0,1.686095675505,-0.5392801253444,32804618.61979,31011587.0537122,162966936.6227,0.005980926430164,0,0,0,5.069538431573,6.084029495988e-82,0,-0.9831000037103,-0.5402507174743,-14.21705456277,-2.823706632261,1.345181654377,-12.94353723782,15338.89896929,-2918.89542155,0,0,259624.400,2296,416,0,442296.5564802
442500,27880190.31802,9498888.711072,2863972.635766,0,0,0,1.686080888634,-0.5392413489217,32804326.7227,31011295.156809,162965402.6941,0.00598092642955,0,0,0,5.069538431573,6.08264320445e-82,0,-0.9830754041819,-0.5402120453779,-14.21655048012,-2.823783724367,1.345176330272,-12.9431433316,15339.67252619,-2919.042624533,0,0,259624.500,2296,416,0,442396.5574539
442600,27880164.01323,9498876.089023,2864271.372278,0,0,0,1.686066090796,-0.5392025711457,32804034.8109,31011003.2451873,162963868.6882,0.005980926428935,0,0,0,5.069538431573,6.081257192972e-82,0,-0.9830508069033,-0.5401733718207,-14.21604637843,-2.823860830122,1.345171006321,-12.94274939638,15340.44594606,-2919.18980144,0,0,259624.600,2296,416,0,442496.5584276
442700,27880137.70546,9498863.466402,2864570.10835,0,0,0,1.68605128199,-0.5391637920166,32803742.88437,31010711.3188479,162962334.6049,0.005980926428321,0,0,0,5.069538431573,6.079871461555e-82,0,-0.9830262125227,-0.5401346970775,-14.21554226128,-2.823937933903,1.345165682523,-12.94235543572,15341.21931698,-2919.336969033,0,0,259624.700,2296,416,0,442596.5594014
442800,27880111.39469,9498850.843209,2864868.843981,0,0,0,1.686036462213,-0.5391250115344,32803450.94313,31010419.3777918,162960800.4443,0.005980926427706,0,0,0,5.069538431573,6.0784860102e-82,0,-0.9830016205386,-0.5400960208168,-14.21503812435,-2.824015044479,1.345160358878,-12.9419614453,15341.99270748,-2919.484140351,0,0,259624.800,2296,416,0,442696.5603752
442900,27880085.08094,9498838.219443,2865167.579171,0,0,0,1.686021631465,-0.5390862296994,32803158.98718,31010127.42202,162959266.2064,0.005980926427092,0,0,0,5.069538431573,6.077100838909e-82,0,-0.9829770297016,-0.5400573433452,-14.21453397163,-2.824092142348,1.345155035386,-12.94156742912,15342.76608819,-2919.631309807,0,0,259624.900,2296,416,0,442796.561349
443000,27880058.7642,9498825.595105,2865466.313921,0,0,0,1.686006789744,-0.5390474465115,32802867.01651,31009835.4515334,162957731.8911,0.005980926426477,0,0,0,5.069538431573,6.075715947686e-82,0,-0.9829524441964,-0.5400186646506,-14.21402980298,-2.824169234905,1.345149712047,-12.94117338702,15343.53925356,-2919.778438285,0,0,259625.000,2296,416,0,442896.562323
443100,27880032.44446,9498812.970195,2865765.04823,0,0,0,1.685991937048,-0.539008661971,32802575.03112,31009543.4663329,162956197.4986,0.005980926425863,0,0,0,5.069538431573,6.074331336527e-82,0,-0.9829278595297,-0.5399799842401,-14.21352561196,-2.824246330989,1.345144388861,-12.94077931257,15344.31248744,-2919.925579801,0,0,259625.100,2296,416,0,442996.5632969
443200,27880006.12174,9498800.344712,2866063.782099,0,0,0,1.685977073376,-0.5389698760778,32802283.03102,31009251.4664196,162954663.0287,0.005980926425248,0,0,0,5.069538431573,6.072947005442e-82,0,-0.9829032775914,-0.5399413026384,-14.21302140541,-2.824323426237,1.345139065829,-12.94038521261,15345.0855745,-2920.072693378,0,0,259625.200,2296,416,0,443096.5642709
443300,27879979.79602,9498787.718657,2866362.515527,0,0,0,1.685962198725,-0.5389310888322,32801991.01621,31008959.4517943,162953128.4814,0.005980926424634,0,0,0,5.069538431573,6.071562954422e-82,0,-0.982878698162,-0.5399026196069,-14.21251718022,-2.824400530272,1.345133742951,-12.93999108402,15345.85873987,-2920.219821855,0,0,259625.300,2296,416,0,443196.565245
443400,27879953.46732,9498775.092031,2866661.248514,0,0,0,1.685947313096,-0.5388923002342,32801698.98669,31008667.422458,162951593.8569,0.005980926424019,0,0,0,5.069538431573,6.070179183479e-82,0,-0.9828541198882,-0.5398639353033,-14.21201293846,-2.824477621162,1.345128420226,-12.93959692887,15346.63175842,-2920.366922393,0,0,259625.400,2296,416,0,443296.5662191
443500,27879927.13562,9498762.464832,2866959.98106,0,0,0,1.685932416485,-0.5388535102839,32801406.94246,31008375.3784116,162950059.1551,0.005980926423405,0,0,0,5.069538431573,6.068795692606e-82,0,-0.9828295469987,-0.5398252495845,-14.21150867824,-2.824554705803,1.345123097654,-12.93920274528,15347.40470845,-2920.514009893,0,0,259625.500,2296,416,0,443396.5671932
443600,27879900.80094,9498749.837061,2867258.713165,0,0,0,1.685917508892,-0.5388147189815,32801114.88352,31008083.3196561,162948524.376,0.00598092642279,0,0,0,5.069538431573,6.067412481811e-82,0,-0.9828049750966,-0.5397865626046,-14.21100440159,-2.824631793566,1.345117775236,-12.93880853526,15348.17766826,-2920.661099255,0,0,259625.600,2296,416,0,443496.5681674
443700,27879874.46326,9498737.208718,2867557.444829,0,0,0,1.685902590315,-0.538775926327,32800822.80988,31007791.2461925,162946989.5196,0.005980926422176,0,0,0,5.069538431573,6.066029551091e-82,0,-0.9827804057324,-0.5397478742695,-14.21050010727,-2.82470889852,1.345112452972,-12.93841429758,15348.95053019,-2920.808169991,0,0,259625.700,2296,416,0,443596.5691417
443800,27879848.1226,9498724.579804,2867856.176052,0,0,0,1.685887660751,-0.5387371323205,32800530.72152,31007499.1580216,162945454.5859,0.005980926421561,0,0,0,5.069538431573,6.064646900446e-82,0,-0.9827558389924,-0.5397091844892,-14.20999579412,-2.824785968584,1.345107130861,-12.93802003106,15349.72339213,-2920.955240726,0,0,259625.800,2296,416,0,443696.570116
443900,27879821.77894,9498711.950317,2868154.906835,0,0,0,1.685872720201,-0.5386983369623,32800238.61846,31007207.0551445,162943919.5749,0.005980926420947,0,0,0,5.069538431573,6.063264529882e-82,0,-0.9827312741926,-0.5396704933215,-14.20949146288,-2.824863050607,1.345101808904,-12.93762573647,15350.4962149,-2921.102304012,0,0,259625.900,2296,416,0,443796.5710903
444000,27879795.4323,9498699.320259,2868453.637176,0,0,0,1.685857768662,-0.5386595402523,32799946.50069,31006914.937562,162942384.4866,0.005980926420332,0,0,0,5.069538431573,6.061882439399e-82,0,-0.9827067110789,-0.5396318008672,-14.20898711487,-2.824940124413,1.345096487101,-12.9372314151,15351.26891044,-2921.249343082,0,0,259626.000,2296,416,0,443896.5720647
444100,27879769.08266,9498686.689629,2868752.367076,0,0,0,1.685842806132,-0.5386207421907,32799654.36822,31006622.8052752,162940849.3211,0.005980926419718,0,0,0,5.069538431573,6.060500628994e-82,0,-0.9826821530364,-0.5395931068429,-14.20848274639,-2.825017207884,1.345091165452,-12.93683706327,15352.04158639,-2921.396378428,0,0,259626.100,2296,416,0,443996.5730392
444200,27879742.73004,9498674.058427,2869051.096534,0,0,0,1.68582783261,-0.5385819427775,32799362.22105,31006330.6582849,162939314.0783,0.005980926419103,0,0,0,5.069538431573,6.059119098674e-82,0,-0.9826575961756,-0.5395544117225,-14.20797836363,-2.825094306181,1.345085843957,-12.93644268714,15352.81426235,-2921.543413773,0,0,259626.200,2296,416,0,444096.5740137
444300,27879716.37442,9498661.426653,2869349.825552,0,0,0,1.685812848094,-0.538543142013,32799070.05917,31006038.4965921,162937778.7583,0.005980926418489,0,0,0,5.069538431573,6.057737848435e-82,0,-0.9826330416917,-0.5395157151405,-14.20747396182,-2.825171366975,1.345080522616,-12.93604828196,15353.58684042,-2921.690430492,0,0,259626.300,2296,416,0,444196.5749882
444400,27879690.01581,9498648.794308,2869648.554128,0,0,0,1.685797852584,-0.5385043398972,32798777.88259,31005746.3201978,162936243.3609,0.005980926417874,0,0,0,5.069538431573,6.056356878282e-82,0,-0.9826084898446,-0.5394770173046,-14.20696954366,-2.825248441481,1.345075201429,-12.93565385043,15354.35939892,-2921.837443486,0,0,259626.400,2296,416,0,444296.5759628
444500,27879663.65422,9498636.161391,2869947.282263,0,0,0,1.685782846076,-0.5384655364302,32798485.69131,31005454.1291029,162934707.8864,0.00598092641726,0,0,0,5.069538431573,6.054976188214e-82,0,-0.9825839403709,-0.5394383179171,-14.20646510528,-2.825325502964,1.345069880396,-12.93525938866,15355.13191826,-2921.984449029,0,0,259626.500,2296,416,0,444396.5769375
444600,27879637.28963,9498623.527902,2870246.009957,0,0,0,1.68576782857,-0.5384267316121,32798193.48533,31005161.9233084,162933172.3346,0.005980926416645,0,0,0,5.069538431573,6.053595778235e-82,0,-0.9825593922815,-0.5393996174315,-14.20596065258,-2.825402572883,1.345064559517,-12.93486490256,15355.90439845,-2922.131447122,0,0,259626.600,2296,416,0,444496.5779122
444700,27879610.92205,9498610.893842,2870544.737209,0,0,0,1.685752800065,-0.538387925443,32797901.26466,31004869.7028151,162931636.7055,0.005980926416031,0,0,0,5.069538431573,6.052215648341e-82,0,-0.9825348492302,-0.5393609153166,-14.20545617864,-2.825479662564,1.345059238792,-12.93447038522,15356.67676118,-2922.278422862,0,0,259626.700,2296,416,0,444596.5788869
444800,27879584.55148,9498598.259211,2870843.46402,0,0,0,1.685737760557,-0.5383491179231,32797609.02928,31004577.4676241,162930100.9992,0.005980926415416,0,0,0,5.069538431573,6.050835798536e-82,0,-0.9825103074236,-0.5393222119849,-14.20495168885,-2.825556713904,1.345053918222,-12.934075842,15357.44915328,-2922.425404191,0,0,259626.800,2296,416,0,444696.5798617
444900,27879558.17793,9498585.624008,2871142.190389,0,0,0,1.685722710047,-0.5383103090525,32797316.77921,31004285.2177363,162928565.2157,0.005980926414802,0,0,0,5.069538431573,6.049456228819e-82,0,-0.9824857680533,-0.539283507264,-14.20444718095,-2.825633790356,1.345048597807,-12.93368127065,15358.22138876,-2922.572355717,0,0,259626.900,2296,416,0,444796.5808365
445000,27879531.80138,9498572.988234,2871440.916317,0,0,0,1.685707648532,-0.5382714988312,32797024.51444,31003992.9531527,162927029.3549,0.005980926414188,0,0,0,5.069538431573,6.048076939194e-82,0,-0.9824612313107,-0.5392448012269,-14.20394265589,-2.825710838744,1.345043277545,-12.93328667213,15358.99371234,-2922.719324008,0,0,259627.000,2296,416,0,444896.5818114
445100,27879505.42184,9498560.351888,2871739.641803,0,0,0,1.68569257601,-0.5382326872593,32796732.23498,31003700.6738741,162925493.4169,0.005980926413573,0,0,0,5.069538431573,6.046697929659e-82,0,-0.9824366954762,-0.5392060938401,-14.20343811324,-2.825787899671,1.345037957438,-12.93289204599,15359.76591846,-2922.866269946,0,0,259627.100,2296,416,0,444996.5827864
445200,27879479.03931,9498547.714971,2872038.366848,0,0,0,1.685677492481,-0.538193874337,32796439.94082,31003408.3799016,162923957.4018,0.005980926412959,0,0,0,5.069538431573,6.045319200216e-82,0,-0.982412165369,-0.5391673849958,-14.20293355159,-2.825864979395,1.345032637486,-12.93249739083,15360.53797775,-2923.013187945,0,0,259627.200,2296,416,0,445096.5837614
445300,27879452.65379,9498535.077483,2872337.091451,0,0,0,1.685662397942,-0.5381550600644,32796147.63197,31003116.071236,162922421.3094,0.005980926412344,0,0,0,5.069538431573,6.043940750866e-82,0,-0.9823876362327,-0.5391286749502,-14.20242897428,-2.825942022114,1.345027317688,-12.93210270999,15361.31004683,-2923.160107806,0,0,259627.300,2296,416,0,445196.5847364
445400,27879426.26529,9498522.439424,2872635.815612,0,0,0,1.685647292393,-0.5381162444416,32795855.30843,31002823.7478784,162920885.1397,0.00598092641173,0,0,0,5.069538431573,6.042562581609e-82,0,-0.9823631093658,-0.5390899635156,-14.20192437886,-2.826019073613,1.345021998045,-12.93170800101,15362.08215507,-2923.307035118,0,0,259627.400,2296,416,0,445296.5857115
445500,27879399.87379,9498509.800793,2872934.539331,0,0,0,1.685632175831,-0.5380774274687,32795562.9702,31002531.4098296,162919348.8929,0.005980926411115,0,0,0,5.069538431573,6.041184692443e-82,0,-0.9823385847378,-0.5390512504077,-14.20141976164,-2.826096122279,1.345016678557,-12.9313132602,15362.85411648,-2923.453934491,0,0,259627.500,2296,416,0,445396.5866866
445600,27879373.4793,9498497.161592,2873233.262609,0,0,0,1.685617048254,-0.5380386091458,32795270.61727,31002239.0570907,162917812.5689,0.005980926410501,0,0,0,5.069538431573,6.039807083376e-82,0,-0.9823140628496,-0.53901253634,-14.2009151319,-2.82617319726,1.345011359224,-12.93091849684,15363.62611705,-2923.600841314,0,0,259627.600,2296,416,0,445496.5876618
445700,27879347.08182,9498484.521819,2873531.985444,0,0,0,1.685601909662,-0.537999789473,32794978.24966,31001946.6896626,162916276.1677,0.005980926409886,0,0,0,5.069538431573,6.038429754404e-82,0,-0.9822895424039,-0.5389738207051,-14.20041048174,-2.826250244908,1.345006040045,-12.93052370302,15364.39797079,-2923.747720197,0,0,259627.700,2296,416,0,445596.588637
445800,27879320.68135,9498471.881475,2873830.707838,0,0,0,1.685586760052,-0.5379609684504,32794685.86736,31001654.3075462,162914739.6893,0.005980926409272,0,0,0,5.069538431573,6.037052705525e-82,0,-0.9822650271566,-0.5389351038256,-14.19990581535,-2.826327282254,1.345000721021,-12.93012888295,15365.16981474,-2923.894597217,0,0,259627.800,2296,416,0,445696.5896123
445900,27879294.27789,9498459.24056,2874129.42979,0,0,0,1.685571599424,-0.5379221460781,32794393.47037,31001361.9107424,162913203.1337,0.005980926408657,0,0,0,5.069538431573,6.035675936742e-82,0,-0.9822405129144,-0.5388963855186,-14.19940113035,-2.826404327391,1.344995402152,-12.92973403422,15365.94160975,-2924.041464925,0,0,259627.900,2296,416,0,445796.5905876
446000,27879267.87144,9498446.599075,2874428.1513,0,0,0,1.685556427775,-0.5378833223563,32794101.0587,31001069.4992523,162911666.501,0.005980926408043,0,0,0,5.069538431573,6.034299448057e-82,0,-0.9822160008456,-0.5388576658826,-14.19889642804,-2.826481367286,1.344990083439,-12.92933915814,15366.71336561,-2924.188325182,0,0,259628.000,2296,416,0,445896.591563
446100,27879241.46199,9498433.957018,2874726.872367,0,0,0,1.685541245104,-0.537844497285,32793808.63234,31000777.0730767,162910129.7911,0.005980926407428,0,0,0,5.069538431573,6.032923239467e-82,0,-0.982191491396,-0.5388189447769,-14.19839170656,-2.826558433562,1.34498476488,-12.92894425286,15367.48511168,-2924.335183576,0,0,259628.100,2296,416,0,445996.5925385
446200,27879215.04956,9498421.314391,2875025.592993,0,0,0,1.685526051409,-0.5378056708644,32793516.19129,31000484.6322167,162908593.004,0.005980926406814,0,0,0,5.069538431573,6.031547310978e-82,0,-0.9821669848883,-0.5387802224516,-14.19788696919,-2.826635467785,1.344979446476,-12.92854932164,15368.25675008,-2924.482021481,0,0,259628.200,2296,416,0,446096.5935139
446300,27879188.63414,9498408.671193,2875324.313177,0,0,0,1.685510846689,-0.5377668430945,32793223.73557,31000192.1766731,162907056.1397,0.005980926406199,0,0,0,5.069538431573,6.030171662585e-82,0,-0.9821424792116,-0.5387414988954,-14.19738221577,-2.826712491851,1.344974128228,-12.92815436433,15369.02837869,-2924.628857523,0,0,259628.300,2296,416,0,446196.5944895
446400,27879162.21573,9498396.027424,2875623.032918,0,0,0,1.685495630942,-0.5377280139755,32792931.26516,30999899.7064469,162905519.1983,0.005980926405585,0,0,0,5.069538431573,6.02879629429e-82,0,-0.9821179787645,-0.5387027735517,-14.19687743905,-2.826789529159,1.344968810135,-12.92775937367,15369.79994857,-2924.77568239,0,0,259628.400,2296,416,0,446296.595465
446500,27879135.79433,9498383.383084,2875921.752217,0,0,0,1.685480404167,-0.5376891835075,32792638.78006,30999607.2215391,162903982.1797,0.00598092640497,0,0,0,5.069538431573,6.027421206093e-82,0,-0.9820934795561,-0.538664047165,-14.19637264874,-2.826866558659,1.344963492197,-12.92736435937,15370.57144015,-2924.922492355,0,0,259628.500,2296,416,0,446396.5964407
446600,27879109.36994,9498370.738174,2876220.471074,0,0,0,1.685465166361,-0.5376503516906,32792346.28029,30999314.7219506,162902445.084,0.005980926404356,0,0,0,5.069538431573,6.026046397996e-82,0,-0.9820689828838,-0.538625319533,-14.1958678422,-2.826943629916,1.344958174415,-12.92696931878,15371.34284363,-2925.069285557,0,0,259628.600,2296,416,0,446496.5974163
446700,27879082.94255,9498358.092693,2876519.189488,0,0,0,1.685449917524,-0.5376115185248,32792053.76584,30999022.2076824,162900907.9112,0.005980926403741,0,0,0,5.069538431573,6.024671869997e-82,0,-0.9820444886718,-0.5385865903717,-14.19536301572,-2.827020650579,1.344952856788,-12.92657424821,15372.11428626,-2925.216086209,0,0,259628.700,2296,416,0,446596.5983921
446800,27879056.51218,9498345.446641,2876817.90746,0,0,0,1.685434657654,-0.5375726840103,32791761.23671,30998729.6787353,162899370.6612,0.005980926403127,0,0,0,5.069538431573,6.023297622097e-82,0,-0.9820199953196,-0.5385478597827,-14.19485817063,-2.827097665703,1.344947539317,-12.92617914897,15372.88565059,-2925.36287196,0,0,259628.800,2296,416,0,446696.5993678
446900,27879030.07882,9498332.800019,2877116.62499,0,0,0,1.685419386749,-0.5375338481473,32791468.6929,30998437.1351104,162897833.3341,0.005980926402512,0,0,0,5.069538431573,6.021923654297e-82,0,-0.9819955078819,-0.538509127901,-14.19435330869,-2.827174694186,1.344942222001,-12.92578402283,15373.65688767,-2925.509633496,0,0,259628.900,2296,416,0,446796.6003436
447000,27879003.64246,9498320.152827,2877415.342077,0,0,0,1.685404104807,-0.5374950109358,32791176.13441,30998144.5768087,162896295.9298,0.005980926401898,0,0,0,5.069538431573,6.020549966598e-82,0,-0.9819710211669,-0.5384703948524,-14.19384843155,-2.827251709194,1.344936904841,-12.92538887142,15374.42815411,-2925.656400621,0,0,259629.000,2296,416,0,446896.6013195
447100,27878977.20312,9498307.505064,2877714.058722,0,0,0,1.685388811828,-0.5374561723758,32790883.56125,30997852.0038309,162894758.4484,0.005980926401284,0,0,0,5.069538431573,6.019176558997e-82,0,-0.9819465368608,-0.5384316602421,-14.19334353404,-2.827328757912,1.344931587836,-12.92499368959,15375.19934225,-2925.803152844,0,0,259629.100,2296,416,0,446996.6022954
447200,27878950.76078,9498294.856731,2878012.774924,0,0,0,1.685373507809,-0.5374173324677,32790590.97341,30997559.4161782,162893220.8899,0.005980926400669,0,0,0,5.069538431573,6.017803431496e-82,0,-0.9819220549935,-0.5383929243285,-14.19283861955,-2.827405779205,1.344926270987,-12.92459848071,15375.97046187,-2925.949892029,0,0,259629.200,2296,416,0,447096.6032714
447300,27878924.31546,9498282.207827,2878311.490684,0,0,0,1.685358192748,-0.5373784912113,32790298.3709,30997266.8138514,162891683.2543,0.005980926400055,0,0,0,5.069538431573,6.016430584092e-82,0,-0.9818975761083,-0.5383541871705,-14.19233368884,-2.827482784983,1.344920954294,-12.92420324555,15376.74157171,-2926.096629351,0,0,259629.300,2296,416,0,447196.6042474
447400,27878897.86714,9498269.558353,2878610.206001,0,0,0,1.685342866645,-0.5373396486069,32790005.75372,30996974.1968515,162890145.5416,0.00598092639944,0,0,0,5.069538431573,6.015058016789e-82,0,-0.981873097939,-0.5383154483777,-14.19182873681,-2.827559804133,1.344915637757,-12.92380797901,15377.51262281,-2926.243355498,0,0,259629.400,2296,416,0,447296.6052235
447500,27878871.41584,9498256.908309,2878908.920875,0,0,0,1.685327529498,-0.5373008046546,32789713.12186,30996681.5651795,162888607.7518,0.005980926398826,0,0,0,5.069538431573,6.013685729587e-82,0,-0.9818486249628,-0.5382767083502,-14.19132376869,-2.82763682108,1.344910321376,-12.9234126863,15378.28365434,-2926.390077919,0,0,259629.500,2296,416,0,447396.6061996
447600,27878844.96154,9498244.257694,2879207.635307,0,0,0,1.685312181304,-0.5372619593544,32789420.47533,30996388.9188362,162887069.8849,0.005980926398211,0,0,0,5.069538431573,6.012313722482e-82,0,-0.9818241534513,-0.5382379670764,-14.19081878433,-2.827713859923,1.344905005151,-12.92301736729,15379.05459777,-2926.536783576,0,0,259629.600,2296,416,0,447496.6071758
447700,27878818.50425,9498231.606509,2879506.349295,0,0,0,1.685296822063,-0.5372231127064,32789127.81414,30996096.2578228,162885531.9409,0.005980926397597,0,0,0,5.069538431573,6.010941995478e-82,0,-0.9817996839173,-0.5381992244327,-14.19031378211,-2.827790871953,1.344899689082,-12.92262202034,15379.82550205,-2926.683481783,0,0,259629.700,2296,416,0,447596.608152
447800,27878792.04398,9498218.954755,2879805.062841,0,0,0,1.685281451773,-0.5371842647109,32788835.13827,30995803.5821399,162883993.9198,0.005980926396982,0,0,0,5.069538431573,6.009570548572e-82,0,-0.9817752174412,-0.5381604804833,-14.18980876288,-2.827867868749,1.344894373168,-12.9222266463,15380.59633781,-2926.830166951,0,0,259629.800,2296,416,0,447696.6091282
447900,27878765.58071,9498206.30243,2880103.775944,0,0,0,1.685266070432,-0.5371454153678,32788542.44773,30995510.8917888,162882455.8216,0.005980926396368,0,0,0,5.069538431573,6.008199381763e-82,0,-0.9817507518006,-0.5381217348463,-14.18930372164,-2.827944873656,1.344889057411,-12.92183124019,15381.36721272,-2926.97685957,0,0,259629.900,2296,416,0,447796.6101045
448000,27878739.11445,9498193.649535,2880402.488604,0,0,0,1.685250678039,-0.5371065646774,32788249.74253,30995218.1867702,162880917.6464,0.005980926395753,0,0,0,5.069538431573,6.006828495056e-82,0,-0.9817262914133,-0.538082988109,-14.18879866606,-2.828021876152,1.344883741811,-12.92143580965,15382.13794081,-2927.123524249,0,0,259630.000,2296,416,0,447896.6110809
448100,27878712.6452,9498180.99607,2880701.200821,0,0,0,1.685235274591,-0.5370677126396,32787957.02266,30994925.4670852,162879379.394,0.005980926395139,0,0,0,5.069538431573,6.005457888446e-82,0,-0.9817018321929,-0.5380442400535,-14.1882935933,-2.828098906851,1.344878426366,-12.92104035185,15382.90865912,-2927.270187065,0,0,259630.100,2296,416,0,447996.6120573
448200,27878686.17296,9498168.342035,2880999.912595,0,0,0,1.685219860088,-0.5370288592546,32787664.28813,30994632.7327347,162877841.0646,0.005980926394524,0,0,0,5.069538431573,6.004087561932e-82,0,-0.9816773755563,-0.5380054904764,-14.18778850071,-2.828175908877,1.344873111078,-12.92064486414,15383.67927954,-2927.416831255,0,0,259630.200,2296,416,0,448096.6130338
448300,27878659.69774,9498155.68743,2881298.623926,0,0,0,1.685204434528,-0.5369900045226,32787371.53893,30994339.9837196,162876302.6582,0.00598092639391,0,0,0,5.069538431573,6.002717515518e-82,0,-0.9816529214676,-0.5379667398002,-14.18728339379,-2.828252902428,1.344867795946,-12.92024935202,15384.44990974,-2927.563477308,0,0,259630.300,2296,416,0,448196.6140103
448400,27878633.21952,9498143.032256,2881597.334814,0,0,0,1.68518899791,-0.5369511484436,32787078.77507,30994047.2200409,162874764.1747,0.005980926393295,0,0,0,5.069538431573,6.0013477492e-82,0,-0.9816284695804,-0.5379279873529,-14.18677826378,-2.828329903675,1.344862480971,-12.91985380672,15385.22048122,-2927.710112184,0,0,259630.400,2296,416,0,448296.6149868
448500,27878606.73831,9498130.376511,2881896.045259,0,0,0,1.685173550231,-0.5369122910177,32786785.99654,30993754.4416995,162873225.6141,0.005980926392681,0,0,0,5.069538431573,5.99997826298e-82,0,-0.9816040191922,-0.5378892340193,-14.18627312222,-2.828406897943,1.344857166152,-12.91945823979,15385.99098418,-2927.856734022,0,0,259630.500,2296,416,0,448396.6159634
448600,27878580.25411,9498117.720197,2882194.755261,0,0,0,1.685158091489,-0.536873432245,32786493.20335,30993461.6486965,162871686.9765,0.005980926392066,0,0,0,5.069538431573,5.998609056854e-82,0,-0.981579574151,-0.5378504790901,-14.18576795987,-2.828483919056,1.34485185149,-12.91906264197,15386.76135989,-2928.003331646,0,0,259630.600,2296,416,0,448496.6169401
448700,27878553.76691,9498105.063313,2882493.464819,0,0,0,1.685142621685,-0.5368345721257,32786200.3955,30993168.8410327,162870148.2618,0.005980926391452,0,0,0,5.069538431573,5.997240130824e-82,0,-0.9815551300051,-0.5378117228053,-14.18526277984,-2.828560906212,1.344846536984,-12.91866701638,15387.53175518,-2928.149932995,0,0,259630.700,2296,416,0,448596.6179168
448800,27878527.27673,9498092.40586,2882792.173934,0,0,0,1.685127140815,-0.5367957106598,32785907.573,30992876.018709,162868609.4701,0.005980926390837,0,0,0,5.069538431573,5.99587148489e-82,0,-0.9815306884113,-0.537772965151,-14.18475758196,-2.828637886168,1.344841222636,-12.91827136285,15388.30214069,-2928.296532482,0,0,259630.800,2296,416,0,448696.6188935
448900,27878500.78356,9498079.747836,2883090.882606,0,0,0,1.685111648879,-0.5367568478475,32785614.73583,30992583.1817266,162867070.6014,0.005980926390223,0,0,0,5.069538431573,5.994503119051e-82,0,-0.9815062488627,-0.5377342062477,-14.1842523678,-2.828714878716,1.344835908443,-12.91787568295,15389.07245767,-2928.44311893,0,0,259630.900,2296,416,0,448796.6198703
449000,27878474.2874,9498067.089243,2883389.590834,0,0,0,1.685096145874,-0.5367179836889,32785321.88401,30992290.3300862,162865531.6556,0.005980926389608,0,0,0,5.069538431573,5.993135033304e-82,0,-0.981481812454,-0.5376954458516,-14.18374713418,-2.828791863731,1.344830594408,-12.91747997348,15389.84267677,-2928.589686751,0,0,259631.000,2296,416,0,448896.6208472
449100,27878447.78825,9498054.430081,2883688.298619,0,0,0,1.685080631799,-0.536679118184,32785029.01752,30991997.4637888,162863992.6329,0.005980926388994,0,0,0,5.069538431573,5.991767227652e-82,0,-0.9814573769737,-0.5376566843629,-14.18324188633,-2.828868881239,1.344825280529,-12.91708423968,15390.61289587,-2928.736254573,0,0,259631.100,2296,416,0,448996.6218241
449200,27878421.2861,9498041.770349,2883987.00596,0,0,0,1.685065106653,-0.5366402513331,32784736.13639,30991704.5828355,162862453.5331,0.00598092638838,0,0,0,5.069538431573,5.990399702093e-82,0,-0.9814329467563,-0.5376179212787,-14.18273661767,-2.828945864576,1.344819966808,-12.91668847498,15391.38298772,-2928.88279818,0,0,259631.200,2296,416,0,449096.622801
449300,27878394.78097,9498029.110048,2884285.712858,0,0,0,1.685049570433,-0.5366013831361,32784443.24059,30991411.6872271,162860914.3562,0.005980926387765,0,0,0,5.069538431573,5.989032456625e-82,0,-0.9814085173664,-0.5375791569551,-14.18223133286,-2.829022834825,1.344814653243,-12.91629268402,15392.15311873,-2929.029349238,0,0,259631.300,2296,416,0,449196.623778
449400,27878368.27285,9498016.449177,2884584.419313,0,0,0,1.685034023139,-0.5365625135932,32784150.33015,30991118.7769646,162859375.1024,0.005980926387151,0,0,0,5.069538431573,5.987665491248e-82,0,-0.9813840906646,-0.5375403911838,-14.18172602918,-2.829099818328,1.344809339836,-12.91589686408,15392.92317143,-2929.175885394,0,0,259631.400,2296,416,0,449296.6247551
449500,27878341.76173,9498003.787737,2884883.125323,0,0,0,1.685018464768,-0.5365236427045,32783857.40505,30990825.8520489,162857835.7716,0.005980926386536,0,0,0,5.069538431573,5.98629880596e-82,0,-0.9813596664225,-0.5375016240422,-14.18122070763,-2.829176794073,1.344804026585,-12.91550101618,15393.69320455,-2929.322417825,0,0,259631.500,2296,416,0,449396.6257322
449600,27878315.24763,9497991.125728,2885181.830891,0,0,0,1.685002895319,-0.5364847704702,32783564.4653,30990532.912481,162856296.3638,0.005980926385922,0,0,0,5.069538431573,5.984932400765e-82,0,-0.9813352433963,-0.5374628556216,-14.18071536942,-2.829253792429,1.344798713492,-12.91510514149,15394.46324746,-2929.468952119,0,0,259631.600,2296,416,0,449496.6267093
449700,27878288.73053,9497978.463149,2885480.536014,0,0,0,1.684987314791,-0.5364458968902,32783271.51089,30990239.9582619,162854756.879,0.005980926385307,0,0,0,5.069538431573,5.983566275656e-82,0,-0.9813108258985,-0.5374240859635,-14.18021001507,-2.829330766353,1.344793400556,-12.91470924056,15395.23307503,-2929.615445435,0,0,259631.700,2296,416,0,449596.6276865
449800,27878262.21044,9497965.800001,2885779.240693,0,0,0,1.684971723182,-0.5364070219648,32782978.54184,30989946.9893924,162853217.3172,0.005980926384693,0,0,0,5.069538431573,5.982200430633e-82,0,-0.9812864091328,-0.5373853147382,-14.1797046403,-2.829407727886,1.344788087777,-12.91431330909,15396.00296133,-2929.761949927,0,0,259631.800,2296,416,0,449696.6286637
449900,27878235.68737,9497953.136284,2886077.944929,0,0,0,1.684956120489,-0.5363681456941,32782685.55814,30989654.0058737,162851677.6784,0.005980926384078,0,0,0,5.069538431573,5.9808348657e-82,0,-0.9812619949187,-0.5373465421881,-14.17919924826,-2.829484716314,1.344782775156,-12.91391735024,15396.77275954,-2929.908437654,0,0,259631.900,2296,416,0,449796.629641
450000,27878209.1613,9497940.471998,2886376.648721,0,0,0,1.684940506713,-0.536329268078,32782392.55978,30989361.0077065,162850137.9626,0.005980926383464,0,0,0,5.069538431573,5.97946958085e-82,0,-0.9812375834065,-0.5373077685101,-14.17869384151,-2.829561675413,1.344777462692,-12.91352136657,15397.5425088,-2930.054916069,0,0,259632.000,2296,432,0,449896.6306183
450100,27878182.63224,9497927.807142,2886675.352069,0,0,0,1.68492488185,-0.5362903891168,32782099.54678,30989067.9948918,162848598.1699,0.005980926382849,0,0,0,5.069538431573,5.978104576086e-82,0,-0.9812131741637,-0.5372689931868,-14.17818841332,-2.829638669481,1.344772150385,-12.91312535133,15398.31223849,-2930.201390758,0,0,259632.100,2296,432,0,449996.6315957
450200,27878156.10019,9497915.141718,2886974.054974,0,0,0,1.6849092459,-0.5362515088106,32781806.51914,30988774.9674307,162847058.3002,0.005980926382235,0,0,0,5.069538431573,5.976739851405e-82,0,-0.9811887661905,-0.5372302165731,-14.17768296831,-2.82971563512,1.344766838236,-12.91272930915,15399.08188008,-2930.347848684,0,0,259632.200,2296,432,0,450096.6325732
450300,27878129.56515,9497902.475725,2887272.757434,0,0,0,1.68489359886,-0.5362126271595,32781513.47685,30988481.925324,162845518.3535,0.00598092638162,0,0,0,5.069538431573,5.975375406808e-82,0,-0.9811643636357,-0.5371914386689,-14.17717750648,-2.829792587007,1.344761526245,-12.91233324003,15399.85140422,-2930.494284257,0,0,259632.300,2296,432,0,450196.6335507
450400,27878103.02712,9497889.809162,2887571.45945,0,0,0,1.68487794073,-0.5361737441635,32781220.41991,30988188.8685727,162843978.3299,0.005980926381006,0,0,0,5.069538431573,5.974011242291e-82,0,-0.9811399619377,-0.5371526593719,-14.17667202649,-2.829869545986,1.344756214411,-12.91193714263,15400.62097729,-2930.640729144,0,0,259632.400,2296,432,0,450296.6345282
450500,27878076.4861,9497877.142031,2887870.161022,0,0,0,1.684862271507,-0.5361348598228,32780927.34833,30987895.7971777,162842438.2293,0.005980926380391,0,0,0,5.069538431573,5.972647357853e-82,0,-0.9811155628019,-0.5371138788412,-14.17616653043,-2.829946504716,1.344750902735,-12.91154101902,15401.39049164,-2930.787162855,0,0,259632.500,2296,432,0,450396.6355058
450600,27878049.94209,9497864.474331,2888168.86215,0,0,0,1.68484659119,-0.5360959741375,32780634.26211,30987602.7111401,162840898.0518,0.005980926379777,0,0,0,5.069538431573,5.971283753497e-82,0,-0.9810911661794,-0.5370750969373,-14.17566101646,-2.830023490618,1.344745591216,-12.91114486738,15402.15997662,-2930.933590978,0,0,259632.600,2296,432,0,450496.6364834
450700,27878023.39509,9497851.806062,2888467.562834,0,0,0,1.684830899777,-0.5360570871077,32780341.16125,30987309.6104607,162839357.7973,0.005980926379162,0,0,0,5.069538431573,5.969920429219e-82,0,-0.9810667720718,-0.5370363135852,-14.17515548362,-2.830100445813,1.344740279856,-12.91074868673,15402.92930499,-2931.079989299,0,0,259632.700,2296,432,0,450596.6374611
450800,27877996.8451,9497839.137224,2888766.263073,0,0,0,1.684815197267,-0.5360181987334,32780048.04574,30987016.4951406,162837817.4659,0.005980926378548,0,0,0,5.069538431573,5.968557385015e-82,0,-0.9810423792472,-0.5369975290646,-14.17464993554,-2.83017739594,1.344734968653,-12.91035248072,15403.69869208,-2931.226398796,0,0,259632.800,2296,432,0,450696.6384388
450900,27877970.29212,9497826.467818,2889064.962869,0,0,0,1.684799483658,-0.5359793090149,32779754.9156,30986723.3651806,162836277.0576,0.005980926377933,0,0,0,5.069538431573,5.967194620886e-82,0,-0.9810179915279,-0.5369587429801,-14.17414436708,-2.830254352685,1.344729657608,-12.90995624419,15404.46802045,-2931.372797117,0,0,259632.900,2296,432,0,450796.6394166
451000,27877943.73615,9497813.797843,2889363.66222,0,0,0,1.684783758949,-0.5359404179523,32779461.77082,30986430.2205817,162834736.5723,0.005980926377319,0,0,0,5.069538431573,5.965832136831e-82,0,-0.9809936045692,-0.5369199555471,-14.17363878104,-2.830331302415,1.344724346721,-12.90955997995,15405.23727051,-2931.519180536,0,0,259633.000,2296,432,0,450896.6403944
451100,27877917.17718,9497801.127299,2889662.361126,0,0,0,1.684768023138,-0.5359015255455,32779168.6114,30986137.0613448,162833196.0102,0.005980926376704,0,0,0,5.069538431573,5.96446993285e-82,0,-0.9809692206315,-0.5368811669488,-14.17313317982,-2.830408276989,1.344719035992,-12.90916369038,15406.00644227,-2931.665549055,0,0,259633.100,2296,432,0,450996.6413723
451200,27877890.61523,9497788.456186,2889961.059589,0,0,0,1.684752276222,-0.5358626317948,32778875.43734,30985843.887471,162831655.371,0.00598092637609,0,0,0,5.069538431573,5.963108008941e-82,0,-0.980944838825,-0.5368423768191,-14.17262755863,-2.830485218367,1.344713725422,-12.9087673707,15406.7756336,-2931.811921299,0,0,259633.200,2296,432,0,451096.6423502
451300,27877864.05028,9497775.784505,2890259.757607,0,0,0,1.684736518202,-0.5358237367002,32778582.24864,30985550.6989612,162830114.655,0.005980926375476,0,0,0,5.069538431573,5.961746365099e-82,0,-0.9809204583597,-0.5368035853456,-14.17212191992,-2.83056215337,1.344708415009,-12.90837102337,15407.54478578,-2931.958286092,0,0,259633.300,2296,432,0,451196.6433282
451400,27877837.48235,9497763.112256,2890558.45518,0,0,0,1.684720749074,-0.5357848402618,32778289.04531,30985257.4958162,162828573.8621,0.005980926374861,0,0,0,5.069538431573,5.960385001326e-82,0,-0.980896083244,-0.5367647925881,-14.17161626448,-2.830639100243,1.344703104755,-12.90797464916,15408.31380093,-2932.104624808,0,0,259633.400,2296,432,0,451296.6443062
451500,27877810.91142,9497750.439438,2890857.152309,0,0,0,1.684704968838,-0.5357459424799,32777995.82735,30984964.2780372,162827032.9923,0.005980926374247,0,0,0,5.069538431573,5.95902391762e-82,0,-0.9808717091527,-0.5367259986556,-14.17111059372,-2.830716041237,1.344697794659,-12.90757824948,15409.08281607,-2932.250963524,0,0,259633.500,2296,432,0,451396.6452843
451600,27877784.33751,9497737.766052,2891155.848993,0,0,0,1.684689177492,-0.5357070433543,32777702.59475,30984671.0456249,162825492.0455,0.005980926373632,0,0,0,5.069538431573,5.957663113977e-82,0,-0.9808473374467,-0.5366872029833,-14.17060490029,-2.830793023025,1.344692484722,-12.90718181698,15409.85175291,-2932.397287339,0,0,259633.600,2296,432,0,451496.6462624
451700,27877757.7606,9497725.092097,2891454.545233,0,0,0,1.684673375034,-0.5356681428854,32777409.34753,30984377.7985804,162823951.0219,0.005980926373018,0,0,0,5.069538431573,5.9563025904e-82,0,-0.9808229684188,-0.5366484061386,-14.17009919157,-2.830869953788,1.344687174942,-12.90678535905,15410.6206408,-2932.543601841,0,0,259633.700,2296,432,0,451596.6472405
451800,27877731.1807,9497712.417574,2891753.241028,0,0,0,1.684657561462,-0.5356292410731,32777116.08567,30984084.5369047,162822409.9214,0.005980926372403,0,0,0,5.069538431573,5.954942346884e-82,0,-0.9807986018136,-0.5366096080637,-14.16959346682,-2.830946878988,1.344681865322,-12.90638887492,15411.38954828,-2932.689920068,0,0,259633.800,2296,432,0,451696.6482188
451900,27877704.59781,9497699.742483,2892051.936378,0,0,0,1.684641736776,-0.5355903379176,32776822.80918,30983791.2605986,162820868.744,0.005980926371789,0,0,0,5.069538431573,5.953582383427e-82,0,-0.980774236292,-0.5365708084688,-14.16908772225,-2.831023818015,1.344676555859,-12.90599236084,15412.15834808,-2932.836217806,0,0,259633.900,2296,432,0,451796.649197
452000,27877678.01193,9497687.066823,2892350.631283,0,0,0,1.684625900972,-0.535551433419,32776529.51806,30983497.9696632,162819327.4898,0.005980926371174,0,0,0,5.069538431573,5.952222700029e-82,0,-0.9807498763511,-0.5365320077732,-14.16858196334,-2.831100748518,1.344671246556,-12.90559582224,15412.92700106,-2932.982487604,0,0,259634.000,2296,432,0,451896.6501753
452100,27877651.42306,9497674.390595,2892649.325744,0,0,0,1.684610054051,-0.5355125275774,32776236.21231,30983204.6640993,162817786.1586,0.00598092637056,0,0,0,5.069538431573,5.950863296686e-82,0,-0.9807255170267,-0.5364932052852,-14.16807618107,-2.831177700737,1.344665937411,-12.90519925013,15413.69575192,-2933.128776029,0,0,259634.100,2296,432,0,451996.6511537
452200,27877624.8312,9497661.713799,2892948.01976,0,0,0,1.684594196009,-0.5354736203929,32775942.89193,30982911.343908,162816244.7506,0.005980926369945,0,0,0,5.069538431573,5.9495041734e-82,0,-0.9807011604299,-0.5364544017108,-14.16757038463,-2.831254629057,1.344660628424,-12.90480265369,15414.46440489,-2933.275045827,0,0,259634.200,2296,432,0,452096.6521321
452300,27877598.23635,9497649.036435,2893246.713331,0,0,0,1.684578326846,-0.5354347118656,32775649.55693,30982618.0090902,162814703.2657,0.005980926369331,0,0,0,5.069538431573,5.948145330167e-82,0,-0.9806768062134,-0.5364155968879,-14.16706457192,-2.831331545953,1.344655319597,-12.90440603082,15415.23302851,-2933.421310037,0,0,259634.300,2296,432,0,452196.6531106
452400,27877571.63851,9497636.358503,2893545.406457,0,0,0,1.68456244656,-0.5353958019957,32775356.2073,30982324.6596468,162813161.704,0.005980926368716,0,0,0,5.069538431573,5.946786766984e-82,0,-0.9806524547044,-0.5363767906579,-14.16655874086,-2.8314084762,1.344650010928,-12.90400937945,15416.00154445,-2933.567553759,0,0,259634.400,2296,432,0,452296.6540891
452500,27877545.03768,9497623.680003,2893844.099138,0,0,0,1.684546555149,-0.5353568907831,32775062.84305,30982031.2955788,162811620.0654,0.005980926368102,0,0,0,5.069538431573,5.945428483852e-82,0,-0.9806281057931,-0.5363379830322,-14.16605289162,-2.831485405654,1.344644702418,-12.90361269971,15416.77004082,-2933.713793755,0,0,259634.500,2296,432,0,452396.6550676
452600,27877518.43386,9497611.000935,2894142.791374,0,0,0,1.684530652611,-0.5353179782281,32774769.46417,30981737.9168872,162810078.35,0.005980926367487,0,0,0,5.069538431573,5.944070480766e-82,0,-0.9806037592246,-0.5362991739986,-14.16554702402,-2.83156235489,1.344639394067,-12.90321599146,15417.53853718,-2933.860033751,0,0,259634.600,2296,432,0,452496.6560462
452700,27877491.82704,9497598.321299,2894441.483165,0,0,0,1.684514738946,-0.5352790643308,32774476.07068,30981444.5235728,162808536.5577,0.005980926366873,0,0,0,5.069538431573,5.942712757725e-82,0,-0.9805794146693,-0.5362603635917,-14.16504113852,-2.83163927472,1.344634085875,-12.90281925514,15418.3069063,-2934.006249532,0,0,259634.700,2296,432,0,452596.6570249
452800,27877465.21724,9497585.641095,2894740.17451,0,0,0,1.684498814151,-0.5352401490911,32774182.66256,30981151.1156367,162806994.6886,0.005980926366258,0,0,0,5.069538431573,5.941355314728e-82,0,-0.9805550730664,-0.5362215519863,-14.1645352374,-2.831716182336,1.344628777843,-12.90242249302,15419.07525584,-2934.152461588,0,0,259634.800,2296,432,0,452696.6580036
452900,27877438.60444,9497572.960323,2895038.865411,0,0,0,1.684482878225,-0.5352012325094,32773889.23981,30980857.6930798,162805452.7427,0.005980926365644,0,0,0,5.069538431573,5.939998151771e-82,0,-0.9805307339284,-0.5361827387977,-14.16402931565,-2.83179309488,1.344623469969,-12.90202570009,15419.84361517,-2934.298675507,0,0,259634.900,2296,432,0,452796.6589824
453000,27877411.98866,9497560.278984,2895337.555866,0,0,0,1.684466931165,-0.5351623145856,32773595.80245,30980564.2559031,162803910.7199,0.00598092636503,0,0,0,5.069538431573,5.938641268857e-82,0,-0.9805063959375,-0.5361439244803,-14.16352337918,-2.83187000948,1.344618162254,-12.90162888227,15420.61186683,-2934.444868937,0,0,259635.000,2296,432,0,452896.6599612
453100,27877385.36988,9497547.597076,2895636.245877,0,0,0,1.684450972972,-0.5351233953199,32773302.35047,30980270.8041075,162802368.6203,0.005980926364415,0,0,0,5.069538431573,5.937284665977e-82,0,-0.9804820633668,-0.5361051088685,-14.16301742584,-2.831946949961,1.344612854699,-12.90123203741,15421.38007934,-2934.591054916,0,0,259635.100,2296,432,0,452996.66094
453200,27877358.74811,9497534.914601,2895934.935441,0,0,0,1.684435003642,-0.5350844747123,32773008.88388,30979977.3376939,162800826.4439,0.005980926363801,0,0,0,5.069538431573,5.935928343132e-82,0,-0.9804577315785,-0.5360662917309,-14.16251145261,-2.832023860216,1.344607547303,-12.90083516247,15422.14821354,-2934.737225994,0,0,259635.200,2296,432,0,453096.6619189
453300,27877332.12336,9497522.231559,2896233.624561,0,0,0,1.684419023174,-0.5350455527631,32772715.40266,30979683.8566634,162799284.1907,0.005980926363186,0,0,0,5.069538431573,5.934572300321e-82,0,-0.9804334024859,-0.5360274733296,-14.1620054629,-2.832100767698,1.344602240066,-12.90043826088,15422.91632816,-2934.883393347,0,0,259635.300,2296,432,0,453196.6628978
453400,27877305.49561,9497509.547949,2896532.313235,0,0,0,1.684403031567,-0.5350066294722,32772421.90683,30979390.3610168,162797741.8606,0.005980926362572,0,0,0,5.069538431573,5.93321653754e-82,0,-0.9804090758856,-0.5359886534545,-14.16149945399,-2.832177678267,1.344596932989,-12.9000413299,15423.68438405,-2935.029549524,0,0,259635.400,2296,432,0,453296.6638768
453500,27877278.86487,9497496.863771,2896831.001463,0,0,0,1.684387028819,-0.5349677048398,32772128.39638,30979096.8507551,162796199.4538,0.005980926361957,0,0,0,5.069538431573,5.931861054789e-82,0,-0.9803847516911,-0.5359498323865,-14.16099342953,-2.832254583277,1.344591626071,-12.89964437318,15424.45239101,-2935.175696388,0,0,259635.500,2296,432,0,453396.6648559
453600,27877252.23114,9497484.179025,2897129.689246,0,0,0,1.684371014929,-0.5349287788661,32771834.87132,30978803.3258794,162794656.9702,0.005980926361343,0,0,0,5.069538431573,5.930505852063e-82,0,-0.9803604290515,-0.5359110099865,-14.1604873877,-2.832331514546,1.344586319313,-12.89924738892,15425.22030986,-2935.321826488,0,0,259635.600,2296,432,0,453496.665835
453700,27877225.59442,9497471.493713,2897428.376584,0,0,0,1.684354989894,-0.534889851551,32771541.33165,30978509.7863904,162793114.4097,0.005980926360728,0,0,0,5.069538431573,5.92915092936e-82,0,-0.9803361112016,-0.5358721860937,-14.15998132642,-2.832408408426,1.344581012714,-12.898850375,15425.98821893,-2935.467954725,0,0,259635.700,2296,432,0,453596.6668141
453800,27877198.95471,9497458.807832,2897727.063476,0,0,0,1.684338953713,-0.5348509228948,32771247.77737,30978216.2322893,162791571.7725,0.005980926360114,0,0,0,5.069538431573,5.92779628668e-82,0,-0.9803117945927,-0.5358333610142,-14.15947524967,-2.832485298609,1.344575706275,-12.89845333543,15426.75605948,-2935.614069924,0,0,259635.800,2296,432,0,453696.6677933
453900,27877172.31201,9497446.121385,2898025.749922,0,0,0,1.684322906384,-0.5348119928975,32770954.20847,30977922.6635769,162790029.0585,0.005980926359499,0,0,0,5.069538431573,5.926441924017e-82,0,-0.9802874803009,-0.5357945344324,-14.15896915333,-2.832562201305,1.344570399996,-12.89805626608,15427.52384131,-2935.760173947,0,0,259635.900,2296,432,0,453796.6687726
454000,27877145.66631,9497433.43437,2898324.435923,0,0,0,1.684306847907,-0.5347730615592,32770660.62496,30977629.0802542,162788486.2678,0.005980926358885,0,0,0,5.069538431573,5.925087841373e-82,0,-0.9802631688054,-0.5357557066992,-14.15846304199,-2.832639097958,1.344565093876,-12.89765917153,15428.29162313,-2935.906277969,0,0,259636.000,2296,432,0,453896.6697518
454100,27877119.01763,9497420.746787,2898623.121478,0,0,0,1.684290778278,-0.5347341288801,32770367.02685,30977335.4823221,162786943.4002,0.00598092635827,0,0,0,5.069538431573,5.923734038741e-82,0,-0.9802388586126,-0.535716877546,-14.15795691214,-2.832716035983,1.344559787916,-12.89726204827,15429.0592777,-2936.052357778,0,0,259636.100,2296,432,0,453996.6707312
454200,27877092.36595,9497408.058638,2898921.806587,0,0,0,1.684274697498,-0.5346951948602,32770073.41412,30977041.8697816,162785400.4559,0.005980926357656,0,0,0,5.069538431573,5.922380516123e-82,0,-0.9802145532091,-0.5356780467943,-14.15745076145,-2.832792896058,1.344554482116,-12.89686489398,15429.82693228,-2936.198437586,0,0,259636.200,2296,432,0,454096.6717106
454300,27877065.71129,9497395.369921,2899220.49125,0,0,0,1.684258605563,-0.5346562594996,32769779.78679,30976748.2426337,162783857.4348,0.005980926357041,0,0,0,5.069538431573,5.921027273513e-82,0,-0.9801902489808,-0.5356392148477,-14.15694459519,-2.832869801652,1.344549176477,-12.89646771391,15430.59456728,-2936.34451367,0,0,259636.300,2296,432,0,454196.67269
454400,27877039.05363,9497382.680637,2899519.175468,0,0,0,1.684242502472,-0.5346173227986,32769486.14485,30976454.6008793,162782314.337,0.005980926356427,0,0,0,5.069538431573,5.919674310911e-82,0,-0.9801659473782,-0.5356003817985,-14.15643841455,-2.83294669565,1.344543870997,-12.89607050926,15431.36208482,-2936.490567401,0,0,259636.400,2296,432,0,454296.6736695
454500,27877012.39299,9497369.990786,2899817.859239,0,0,0,1.684226388225,-0.5345783847571,32769192.48831,30976160.9445193,162780771.1624,0.005980926355812,0,0,0,5.069538431573,5.918321628308e-82,0,-0.9801416480273,-0.53556154685,-14.15593220916,-2.833023582882,1.344538565677,-12.89567326966,15432.12957299,-2936.636615545,0,0,259636.500,2296,432,0,454396.674649
454600,27876985.72935,9497357.300368,2900116.542565,0,0,0,1.684210262818,-0.5345394453753,32768898.81716,30975867.2735548,162779227.9111,0.005980926355198,0,0,0,5.069538431573,5.916969225712e-82,0,-0.9801173513185,-0.5355227109803,-14.15542599176,-2.833100488176,1.344533260517,-12.89527600783,15432.89705138,-2936.782661825,0,0,259636.600,2296,432,0,454496.6756286
454700,27876959.06272,9497344.609383,2900415.225444,0,0,0,1.684194126251,-0.5345005046532,32768605.13141,30975573.5879867,162777684.583,0.005980926354583,0,0,0,5.069538431573,5.915617103112e-82,0,-0.980093055875,-0.5354838738294,-14.15491975766,-2.833177348317,1.344527955517,-12.89487871911,15433.66449061,-2936.928700656,0,0,259636.700,2296,432,0,454596.6766082
454800,27876932.3931,9497331.917831,2900713.907878,0,0,0,1.684177978521,-0.5344615625911,32768311.43105,30975279.8878158,162776141.1782,0.005980926353969,0,0,0,5.069538431573,5.914265260509e-82,0,-0.9800687655535,-0.5354450350399,-14.1544135022,-2.833254242772,1.344522650678,-12.89448139881,15434.43184175,-2937.074722722,0,0,259636.800,2296,432,0,454696.6775879
454900,27876905.72049,9497319.225712,2901012.589865,0,0,0,1.684161819628,-0.5344226191889,32768017.71609,30974986.1730433,162774597.6966,0.005980926353355,0,0,0,5.069538431573,5.912913697899e-82,0,-0.9800444764314,-0.5354061950323,-14.15390723087,-2.833331127577,1.344517345999,-12.89408405242,15435.19915373,-2937.220737338,0,0,259636.900,2296,432,0,454796.6785676
455000,27876879.04489,9497306.533026,2901311.271407,0,0,0,1.684145649569,-0.5343836744469,32767723.98654,30974692.44367,162773054.1383,0.00598092635274,0,0,0,5.069538431573,5.911562415279e-82,0,-0.9800201898738,-0.5353673536785,-14.15340094198,-2.833408014511,1.34451204148,-12.89368667827,15435.96642657,-2937.366744503,0,0,259637.000,2296,432,0,454896.6795474
455100,27876852.3663,9497293.839773,2901609.952502,0,0,0,1.684129468343,-0.534344728365,32767430.24238,30974398.6996968,162771510.5033,0.005980926352126,0,0,0,5.069538431573,5.910211412647e-82,0,-0.9799959056061,-0.5353285109467,-14.15289463514,-2.833484918492,1.344506737122,-12.89328927594,15436.73362109,-2937.512736768,0,0,259637.100,2296,432,0,454996.6805272
455200,27876825.68472,9497281.145953,2901908.633151,0,0,0,1.684113275948,-0.5343057809435,32767136.48362,30974104.9411248,162769966.7916,0.005980926351511,0,0,0,5.069538431573,5.908860689998e-82,0,-0.9799716238921,-0.5352896667972,-14.15238830981,-2.833561770061,1.344501432924,-12.89289184491,15437.5007471,-2937.658715993,0,0,259637.200,2296,432,0,455096.6815071
455300,27876799.00014,9497268.451567,2902207.313353,0,0,0,1.684097072383,-0.5342668321824,32766842.71027,30973811.167955,162768423.0032,0.005980926350897,0,0,0,5.069538431573,5.907510247336e-82,0,-0.979947343781,-0.5352508216789,-14.15188197186,-2.833638656722,1.344496128887,-12.89249439104,15438.26783396,-2937.804687768,0,0,259637.300,2296,432,0,455196.682487
455400,27876772.31258,9497255.756614,2902505.993109,0,0,0,1.684080857646,-0.5342278820818,32766548.92232,30973517.3801881,162766879.1381,0.005980926350282,0,0,0,5.069538431573,5.906160084648e-82,0,-0.979923068394,-0.535211974792,-14.15137561085,-2.833715524292,1.34449082501,-12.89209690388,15439.0348425,-2937.950644642,0,0,259637.400,2296,432,0,455296.683467
455500,27876745.62203,9497243.061094,2902804.672419,0,0,0,1.684064631735,-0.5341889306419,32766255.11977,30973223.5778253,162765335.1962,0.005980926349668,0,0,0,5.069538431573,5.904810201938e-82,0,-0.9798987942149,-0.5351731267168,-14.15086923435,-2.833792393873,1.344485521294,-12.89169939102,15439.80185105,-2938.096601516,0,0,259637.500,2296,432,0,455396.684447
455600,27876718.92848,9497230.365008,2903103.351283,0,0,0,1.684048394649,-0.5341499778627,32765961.30263,30972929.7608675,162763791.1777,0.005980926349053,0,0,0,5.069538431573,5.903460599201e-82,0,-0.9798745224449,-0.5351342772835,-14.15036284016,-2.833869289248,1.344480217739,-12.89130185023,15440.56881066,-2938.242549077,0,0,259637.600,2296,432,0,455496.6854271
455700,27876692.23194,9497217.668355,2903402.0297,0,0,0,1.684032146386,-0.5341110237444,32765667.47089,30972635.9293155,162762247.0825,0.005980926348439,0,0,0,5.069538431573,5.902111276435e-82,0,-0.9798502531606,-0.5350954265862,-14.14985642948,-2.833946130785,1.344474914344,-12.89090428273,15441.33573112,-2938.388489187,0,0,259637.700,2296,432,0,455596.6864072
455800,27876665.53242,9497204.971135,2903700.70767,0,0,0,1.684015886944,-0.534072068287,32765373.62456,30972342.0831704,162760702.9106,0.005980926347824,0,0,0,5.069538431573,5.900762233636e-82,0,-0.9798259853972,-0.5350565744715,-14.14935000033,-2.834023018332,1.344469611111,-12.89050668653,15442.10253411,-2938.534406945,0,0,259637.800,2296,432,0,455696.6873874
455900,27876638.8299,9497192.273349,2903999.385194,0,0,0,1.683999616322,-0.5340331114907,32765079.76364,30972048.2224332,162759158.662,0.00598092634721,0,0,0,5.069538431573,5.899413470796e-82,0,-0.9798017225565,-0.5350177207694,-14.14884355049,-2.834099884014,1.344464308038,-12.8901090594,15442.86933711,-2938.680324703,0,0,259637.900,2296,432,0,455796.6883676
456000,27876612.12439,9497179.574997,2904298.062272,0,0,0,1.683983334519,-0.5339941533555,32764785.88813,30971754.3471047,162757614.3367,0.005980926346595,0,0,0,5.069538431573,5.898064987923e-82,0,-0.9797774609807,-0.534978866168,-14.14833708893,-2.834176745506,1.344459005126,-12.88971141032,15443.63608137,-2938.826231286,0,0,259638.000,2296,432,0,455896.6893478
456100,27876585.41589,9497166.876078,2904596.738903,0,0,0,1.683967041531,-0.5339551938817,32764491.99803,30971460.457186,162756069.9347,0.005980926345981,0,0,0,5.069538431573,5.896716785005e-82,0,-0.9797532015802,-0.5349400100093,-14.14783060706,-2.834253608596,1.344453702375,-12.8893137307,15444.40281585,-2938.972136006,0,0,259638.100,2296,432,0,455996.6903282
456200,27876558.7044,9497154.176593,2904895.415087,0,0,0,1.683950737359,-0.5339162330692,32764198.09333,30971166.552678,162754525.4561,0.005980926345366,0,0,0,5.069538431573,5.895368862039e-82,0,-0.9797289447265,-0.5349011523831,-14.14732410607,-2.834330465486,1.344448399785,-12.88891602172,15445.16941329,-2939.118014649,0,0,259638.200,2296,432,0,456096.6913085
456300,27876531.98992,9497141.476541,2905194.090824,0,0,0,1.683934422,-0.5338772709182,32763904.17405,30970872.6335816,162752980.9008,0.005980926344752,0,0,0,5.069538431573,5.894021219026e-82,0,-0.9797046905245,-0.534862293439,-14.1468175879,-2.83440732491,1.344443097357,-12.88851828532,15445.93606946,-2939.263904467,0,0,259638.300,2296,432,0,456196.6922889
456400,27876505.27244,9497128.775924,2905492.766114,0,0,0,1.683918095452,-0.5338383074288,32763610.24019,30970578.6998979,162751436.2689,0.005980926344137,0,0,0,5.069538431573,5.892673855963e-82,0,-0.9796804375249,-0.5348234333956,-14.1463110554,-2.83448418299,1.344437795089,-12.88812052435,15446.70265712,-2939.409781247,0,0,259638.400,2296,432,0,456296.6932694
456500,27876478.55198,9497116.07474,2905791.440958,0,0,0,1.683901757715,-0.5337993426011,32763316.29173,30970284.7516277,162749891.5603,0.005980926343523,0,0,0,5.069538431573,5.891326772842e-82,0,-0.9796561897604,-0.5347845718299,-14.14580450306,-2.834561035686,1.344432492983,-12.88772273329,15447.4691371,-2939.555637538,0,0,259638.500,2296,432,0,456396.6942499
456600,27876451.82853,9497103.37299,2906090.115355,0,0,0,1.683885408785,-0.5337603764353,32763022.32869,30969990.788772,162748346.7751,0.005980926342909,0,0,0,5.069538431573,5.889979969663e-82,0,-0.9796319432032,-0.5347457089756,-14.14529793392,-2.834637905704,1.344427191038,-12.88732491519,15448.23553878,-2939.701478928,0,0,259638.600,2296,432,0,456496.6952304
456700,27876425.10208,9497090.670673,2906388.789305,0,0,0,1.683869048663,-0.5337214089313,32762728.35107,30969696.8113317,162746801.9132,0.005980926342294,0,0,0,5.069538431573,5.888633446423e-82,0,-0.9796076988452,-0.5347068447736,-14.14479134722,-2.834714746038,1.344421889254,-12.88692706927,15449.0019894,-2939.847329631,0,0,259638.700,2296,432,0,456596.696211
456800,27876398.37264,9497077.967791,2906687.462808,0,0,0,1.683852677345,-0.5336824400894,32762434.35886,30969402.8193079,162745256.9747,0.00598092634168,0,0,0,5.069538431573,5.887287203115e-82,0,-0.979583456941,-0.5346679790108,-14.14428474017,-2.834791606498,1.344416587632,-12.88652919276,15449.76832256,-2939.993157983,0,0,259638.800,2296,432,0,456696.6971917
456900,27876371.64022,9497065.264343,2906986.135864,0,0,0,1.683836294831,-0.5336434699096,32762140.35207,30969108.8127015,162743711.9596,0.005980926341065,0,0,0,5.069538431573,5.88594123974e-82,0,-0.9795592179796,-0.5346291121533,-14.14377811885,-2.834868455449,1.344411286172,-12.88613129173,15450.53463614,-2940.138982609,0,0,259638.900,2296,432,0,456796.6981724
457000,27876344.9048,9497052.560328,2907284.808472,0,0,0,1.683819901118,-0.5336044983921,32761846.3307,30968814.7915135,162742166.8678,0.005980926340451,0,0,0,5.069538431573,5.884595556292e-82,0,-0.979534980031,-0.534590243821,-14.14327147831,-2.834945298208,1.344405984872,-12.88573336122,15451.30085184,-2940.284788609,0,0,259639.000,2296,432,0,456896.6991531
457100,27876318.16639,9497039.855748,2907583.480634,0,0,0,1.683803496206,-0.5335655255369,32761552.29474,30968520.7557447,162740621.6994,0.005980926339836,0,0,0,5.069538431573,5.883250152768e-82,0,-0.9795107471676,-0.5345513742123,-14.14276482113,-2.835022134488,1.344400683735,-12.88533540382,15452.06704796,-2940.430590883,0,0,259639.100,2296,432,0,456996.7001339
457200,27876291.42499,9497027.150602,2907882.152349,0,0,0,1.683787080091,-0.5335265513441,32761258.24421,30968226.7053962,162739076.4544,0.005980926339222,0,0,0,5.069538431573,5.881905029164e-82,0,-0.9794865155061,-0.5345125032044,-14.14225814571,-2.835098972218,1.344395382759,-12.88493741793,15452.83316578,-2940.576378256,0,0,259639.200,2296,432,0,457096.7011148
457300,27876264.6806,9497014.444889,2908180.823616,0,0,0,1.683770652774,-0.5334875758139,32760964.1791,30967932.6404689,162737531.1328,0.005980926338607,0,0,0,5.069538431573,5.880560185476e-82,0,-0.979462286162,-0.5344736310478,-14.14175145532,-2.835175823447,1.344390081945,-12.8845394068,15453.59926402,-2940.722161904,0,0,259639.300,2296,432,0,457196.7020957
457400,27876237.93322,9497001.738611,2908479.494436,0,0,0,1.683754214252,-0.5334485989464,32760670.09941,30967638.5609637,162735985.7345,0.005980926337993,0,0,0,5.069538431573,5.879215621703e-82,0,-0.979438059535,-0.5344347572462,-14.14124474348,-2.835252663378,1.344384781292,-12.88414136397,15454.36529374,-2940.867932513,0,0,259639.400,2296,432,0,457296.7030766
457500,27876211.18285,9496989.031768,2908778.164809,0,0,0,1.683737764523,-0.5334096207416,32760376.00514,30967344.4668817,162734440.2597,0.005980926337378,0,0,0,5.069538431573,5.877871337841e-82,0,-0.9794138341744,-0.5343958826362,-14.14073802111,-2.835329507984,1.344379480802,-12.88374330034,15455.13127452,-2941.01369381,0,0,259639.500,2296,432,0,457396.7040576
457600,27876184.42948,9496976.324358,2909076.834735,0,0,0,1.683721303586,-0.5333706411997,32760081.8963,30967050.3582238,162732894.7083,0.005980926336764,0,0,0,5.069538431573,5.876527333881e-82,0,-0.9793896135381,-0.5343570060453,-14.14023127292,-2.83540634361,1.344374180473,-12.88334520062,15455.89722594,-2941.159449518,0,0,259639.600,2296,432,0,457496.7050387
457700,27876157.67313,9496963.616383,2909375.504213,0,0,0,1.683704831439,-0.5333316603209,32759787.77288,30966756.2349909,162731349.0803,0.005980926336149,0,0,0,5.069538431573,5.875183609825e-82,0,-0.9793653941853,-0.5343181283387,-14.13972451018,-2.835483172645,1.344368880306,-12.8829470761,15456.66309905,-2941.305190325,0,0,259639.700,2296,432,0,457596.7060198
457800,27876130.91378,9496950.907842,2909674.173244,0,0,0,1.683688348081,-0.5332926781051,32759493.63489,30966462.0971839,162729803.3756,0.005980926335535,0,0,0,5.069538431573,5.873840165667e-82,0,-0.9793411774227,-0.5342792492755,-14.13921772977,-2.835560015776,1.344363580302,-12.88254892362,15457.42896237,-2941.450929269,0,0,259639.800,2296,432,0,457696.7070009
457900,27876104.15145,9496938.198736,2909972.841827,0,0,0,1.68367185351,-0.5332536945525,32759199.48233,30966167.944804,162728257.5945,0.00598092633492,0,0,0,5.069538431573,5.872497001405e-82,0,-0.9793169632329,-0.5342403688297,-14.13871093133,-2.835636836908,1.344358280459,-12.88215074285,15458.19475717,-2941.596655175,0,0,259639.900,2296,432,0,457796.7079821
458000,27876077.38612,9496925.489064,2910271.509963,0,0,0,1.683655347724,-0.5332147096632,32758905.31519,30965873.7778519,162726711.7367,0.005980926334306,0,0,0,5.069538431573,5.871154117032e-82,0,-0.979292751505,-0.5342014871486,-14.13820411678,-2.83571366246,1.344352980778,-12.8817525357,15458.96063028,-2941.742395982,0,0,259640.000,2296,432,0,457896.7089633
458100,27876050.6178,9496912.778827,2910570.177651,0,0,0,1.683638830721,-0.5331757234373,32758611.13348,30965579.5963287,162725165.8023,0.005980926333692,0,0,0,5.069538431573,5.869811512546e-82,0,-0.9792685408344,-0.534162604076,-14.1376972841,-2.835790489884,1.34434768126,-12.88135430014,15459.72629784,-2941.888097674,0,0,259640.100,2296,432,0,457996.7099446
458200,27876023.84649,9496900.068024,2910868.844891,0,0,0,1.6836223025,-0.5331367358749,32758316.93721,30965285.4002353,162723619.7914,0.005980926333077,0,0,0,5.069538431573,5.868469187944e-82,0,-0.9792443352349,-0.5341237195779,-14.13719043284,-2.835867310905,1.344342381904,-12.88095603573,15460.49186752,-2942.033780739,0,0,259640.200,2296,432,0,458096.7109259
458300,27875997.07219,9496887.356656,2911167.511684,0,0,0,1.68360576306,-0.5330977469762,32758022.72636,30964991.1895726,162722073.704,0.005980926332463,0,0,0,5.069538431573,5.86712714322e-82,0,-0.979220131168,-0.5340848339926,-14.13668356741,-2.835944160672,1.34433708271,-12.88055774686,15461.25747634,-2942.179471254,0,0,259640.300,2296,432,0,458196.7119073
458400,27875970.2949,9496874.644722,2911466.17803,0,0,0,1.683589212398,-0.5330587567412,32757728.50094,30964696.9643417,162720527.54,0.005980926331848,0,0,0,5.069538431573,5.865785378372e-82,0,-0.9791959294058,-0.5340459467895,-14.13617668089,-2.836020975603,1.344331783679,-12.88015942663,15462.02303623,-2942.325152457,0,0,259640.400,2296,432,0,458296.7128887
458500,27875943.51462,9496861.932223,2911764.843927,0,0,0,1.683572650513,-0.53301976517,32757434.26096,30964402.7245435,162718981.2994,0.005980926331234,0,0,0,5.069538431573,5.864443893395e-82,0,-0.9791717301611,-0.5340070583984,-14.13566977889,-2.836097769218,1.34432648481,-12.87976108062,15462.78853738,-2942.470822483,0,0,259640.500,2296,432,0,458396.7138702
458600,27875916.73134,9496849.219159,2912063.509377,0,0,0,1.683556077404,-0.5329807722628,32757140.00641,30964108.470179,162717434.9823,0.005980926330619,0,0,0,5.069538431573,5.863102688284e-82,0,-0.9791475318444,-0.5339681685151,-14.13516285743,-2.836174611796,1.344321186103,-12.87936270489,15463.55400918,-2942.616486922,0,0,259640.600,2296,432,0,458496.7148517
458700,27875889.94508,9496836.505529,2912362.174379,0,0,0,1.683539493068,-0.5329417780196,32756845.7373,30963814.201249,162715888.5886,0.005980926330005,0,0,0,5.069538431573,5.861761763037e-82,0,-0.9791233390796,-0.5339292773798,-14.13465591966,-2.83625142168,1.344315887559,-12.87896430254,15464.31925584,-2942.76210852,0,0,259640.700,2296,432,0,458596.7158333
458800,27875863.15582,9496823.791335,2912660.838932,0,0,0,1.683522897504,-0.5329027824406,32756551.45362,30963519.9177546,162714342.1184,0.00598092632939,0,0,0,5.069538431573,5.860421117648e-82,0,-0.9790991474102,-0.5338903848365,-14.13414896353,-2.83632823831,1.344310589178,-12.87856587156,15465.08463953,-2942.907756194,0,0,259640.800,2296,432,0,458696.7168149
458900,27875836.36358,9496811.076575,2912959.503038,0,0,0,1.683506290711,-0.5328637855258,32756257.15538,30963225.6196968,162712795.5717,0.005980926328776,0,0,0,5.069538431573,5.859080752117e-82,0,-0.9790749580769,-0.5338514910691,-14.13364199144,-2.836405050375,1.344305290959,-12.87816741433,15465.84997429,-2943.053394556,0,0,259640.900,2296,432,0,458796.7177966
459000,27875809.56834,9496798.36125,2913258.166697,0,0,0,1.683489672686,-0.5328247872754,32755962.84257,30962931.3070764,162711248.9484,0.005980926328161,0,0,0,5.069538431573,5.857740666432e-82,0,-0.9790507709062,-0.5338125957851,-14.13313499959,-2.836481834962,1.344299992903,-12.87776892704,15466.61519159,-2943.199010566,0,0,259641.000,2296,432,0,458896.7187783
459100,27875782.77011,9496785.64536,2913556.829907,0,0,0,1.683473043428,-0.5327857876895,32755668.51521,30962636.9798944,162709702.2486,0.005980926327547,0,0,0,5.069538431573,5.856400860596e-82,0,-0.979026586958,-0.5337736994337,-14.13262799382,-2.836558668981,1.34429469501,-12.87737041554,15467.38039909,-2943.344624713,0,0,259641.100,2296,432,0,458996.7197601
459200,27875755.96889,9496772.928905,2913855.492668,0,0,0,1.683456402935,-0.5327467867682,32755374.17328,30962342.6381518,162708155.4723,0.005980926326932,0,0,0,5.069538431573,5.855061334601e-82,0,-0.9790024036938,-0.5337348016205,-14.132120969,-2.836635480637,1.344289397279,-12.87697187469,15468.14549893,-2943.490218371,0,0,259641.200,2296,432,0,459096.7207419
459300,27875729.16468,9496760.211885,2914154.154982,0,0,0,1.683439751207,-0.5327077845115,32755079.81679,30962048.2818496,162706608.6195,0.005980926326318,0,0,0,5.069538431573,5.853722088445e-82,0,-0.9789782257197,-0.5336959023767,-14.13161392554,-2.836712296779,1.344284099712,-12.8765733049,15468.91059877,-2943.635812029,0,0,259641.300,2296,432,0,459196.7217238
459400,27875702.35748,9496747.494301,2914452.816848,0,0,0,1.68342308824,-0.5326687809197,32754785.44575,30961753.9109887,162705061.6902,0.005980926325703,0,0,0,5.069538431573,5.852383122121e-82,0,-0.9789540488614,-0.5336570019887,-14.13110686715,-2.836789101469,1.344278802307,-12.87617470989,15469.67563009,-2943.781392649,0,0,259641.400,2296,432,0,459296.7227057
459500,27875675.54729,9496734.776151,2914751.478265,0,0,0,1.683406414034,-0.5326297759928,32754491.06015,30961459.52557,162703514.6844,0.005980926325089,0,0,0,5.069538431573,5.851044435626e-82,0,-0.9789298744286,-0.5336180999305,-14.130599787,-2.836865876915,1.344273505066,-12.87577608281,15470.44066141,-2943.926973268,0,0,259641.500,2296,432,0,459396.7236877
459600,27875648.7341,9496722.057436,2915050.139235,0,0,0,1.683389728586,-0.5325907697308,32754196.65999,30961165.1255945,162701967.6021,0.005980926324475,0,0,0,5.069538431573,5.849706028957e-82,0,-0.9789057024813,-0.5335791967048,-14.13009269163,-2.83694268994,1.344268207987,-12.87537743021,15471.20560463,-2944.072537124,0,0,259641.600,2296,432,0,459496.7246697
459700,27875621.91793,9496709.338157,2915348.799755,0,0,0,1.683373031896,-0.532551762134,32753902.24527,30960870.7110633,162700420.4433,0.00598092632386,0,0,0,5.069538431573,5.848367902109e-82,0,-0.9788815332169,-0.5335402922262,-14.12958557993,-2.837019482972,1.344262911072,-12.87497875097,15471.97053807,-2944.218099117,0,0,259641.700,2296,432,0,459596.7256517
459800,27875595.09876,9496696.618313,2915647.459828,0,0,0,1.68335632396,-0.5325127532024,32753607.816,30960576.2819771,162698873.208,0.005980926323246,0,0,0,5.069538431573,5.847030055075e-82,0,-0.9788573650421,-0.5335013863221,-14.12907844964,-2.837096290716,1.34425761432,-12.87458004284,15472.73537362,-2944.363642484,0,0,259641.800,2296,432,0,459696.7266339
459900,27875568.27661,9496683.897904,2915946.119452,0,0,0,1.683339604779,-0.5324737429362,32753313.37218,30960281.8383371,162697325.8962,0.005980926322631,0,0,0,5.069538431573,5.845692487853e-82,0,-0.9788332018758,-0.5334624789675,-14.12857130045,-2.837173086557,1.344252317731,-12.87418130549,15473.50012108,-2944.509169087,0,0,259641.900,2296,432,0,459796.727616
460000,27875541.45146,9496671.176931,2916244.778628,0,0,0,1.68332287435,-0.5324347313353,32753018.9138,30959987.3801441,162695778.508,0.005980926322017,0,0,0,5.069538431573,5.844355200438e-82,0,-0.9788090400884,-0.5334235704961,-14.12806413671,-2.837249864524,1.344247021305,-12.87378254328,15474.26488812,-2944.654699415,0,0,259642.000,2296,432,0,459896.7285982
460100,27875514.62332,9496658.455393,2916543.437355,0,0,0,1.683306132671,-0.5323957184,32752724.44087,30959692.9073992,162694231.0432,0.005980926321402,0,0,0,5.069538431573,5.843018192824e-82,0,-0.9787848806317,-0.5333846603696,-14.12755695138,-2.837326679603,1.344241725043,-12.87338374918,15475.02956706,-2944.800212979,0,0,259642.100,2296,432,0,459996.7295805
460200,27875487.79219,9496645.73329,2916842.095634,0,0,0,1.683289379741,-0.5323567041304,32752429.95339,30959398.4201031,162692683.502,0.005980926320788,0,0,0,5.069538431573,5.841681465013e-82,0,-0.9787607241007,-0.5333457494377,-14.12704975556,-2.837403462602,1.344236428944,-12.87298493426,15475.79418727,-2944.945715368,0,0,259642.200,2296,432,0,460096.7305628
460300,27875460.95807,9496633.010623,2917140.753464,0,0,0,1.683272615558,-0.5323176885265,32752135.45136,30959103.9182571,162691135.8844,0.005980926320173,0,0,0,5.069538431573,5.84034501699e-82,0,-0.9787365682184,-0.5333068367084,-14.12654253632,-2.837480261689,1.344231133009,-12.8725860856,15476.55876833,-2945.091210306,0,0,259642.300,2296,432,0,460196.7315451
460400,27875434.12096,9496620.287392,2917439.410846,0,0,0,1.68325584012,-0.5322786715885,32751840.93478,30958809.4018619,162689588.1903,0.005980926319559,0,0,0,5.069538431573,5.839008848756e-82,0,-0.9787124177729,-0.5332679226411,-14.12603529963,-2.837557037736,1.344225837237,-12.87218720918,15477.32328087,-2945.236692205,0,0,259642.400,2296,432,0,460296.7325275
460500,27875407.28085,9496607.563596,2917738.067778,0,0,0,1.683239053426,-0.5322396533164,32751546.40365,30958514.8709185,162688040.4197,0.005980926318944,0,0,0,5.069538431573,5.837672960306e-82,0,-0.9786882683657,-0.53322900735,-14.12552804699,-2.837633795998,1.344220541629,-12.87178830649,15478.08777384,-2945.382170379,0,0,259642.500,2296,432,0,460396.73351
460600,27875380.43776,9496594.839235,2918036.724263,0,0,0,1.683222255475,-0.5322006337104,32751251.85798,30958220.325428,162686492.5727,0.00598092631833,0,0,0,5.069538431573,5.836337351635e-82,0,-0.9786641215099,-0.5331900906896,-14.1250207765,-2.83771060204,1.344215246184,-12.87138937562,15478.85221786,-2945.52763924,0,0,259642.600,2296,432,0,460496.7344925
460700,27875353.59167,9496582.114311,2918335.380298,0,0,0,1.683205446264,-0.5321616127706,32750957.29776,30957925.7653912,162684944.6493,0.005980926317715,0,0,0,5.069538431573,5.83500202274e-82,0,-0.978639976993,-0.5331511728094,-14.12451349011,-2.837787377084,1.344209950903,-12.87099041854,15479.61657379,-2945.673091337,0,0,259642.700,2296,432,0,460596.735475
460800,27875326.74259,9496569.388822,2918634.035884,0,0,0,1.683188625791,-0.532122590497,32750662.72299,30957631.1908091,162683396.6494,0.005980926317101,0,0,0,5.069538431573,5.833666973612e-82,0,-0.9786158351961,-0.5331122534513,-14.12400618445,-2.837864183366,1.344204655786,-12.87059143185,15480.38088078,-2945.818534121,0,0,259642.800,2296,432,0,460696.7364576
460900,27875299.89053,9496556.662769,2918932.691022,0,0,0,1.683171794056,-0.5320835668899,32750368.13368,30957336.6016828,162681848.5731,0.005980926316486,0,0,0,5.069538431573,5.832332204251e-82,0,-0.9785916943167,-0.5330733327036,-14.12349886069,-2.83794093327,1.344199360833,-12.87019241673,15481.14517798,-2945.963975042,0,0,259642.900,2296,432,0,460796.7374403
461000,27875273.03547,9496543.936151,2919231.345711,0,0,0,1.683154951056,-0.5320445419493,32750073.52983,30957041.998013,162680300.4204,0.005980926315872,0,0,0,5.069538431573,5.830997714648e-82,0,-0.9785675587276,-0.5330344107527,-14.12299152124,-2.838017704632,1.344194066044,-12.86979337559,15481.90943602,-2946.109408513,0,0,259643.000,2296,432,0,460896.738423
461100,27875246.17742,9496531.20897,2919529.999951,0,0,0,1.683138096789,-0.5320055156752,32749778.91143,30956747.3798009,162678752.1912,0.005980926315258,0,0,0,5.069538431573,5.829663504801e-82,0,-0.9785434241614,-0.5329954874526,-14.1224841642,-2.838094502323,1.344188771419,-12.86939430653,15482.67365492,-2946.254834533,0,0,259643.100,2296,432,0,460996.7394057
461200,27875219.31638,9496518.481224,2919828.653742,0,0,0,1.683121231255,-0.5319664880679,32749484.27849,30956452.7470473,162677203.8857,0.005980926314643,0,0,0,5.069538431573,5.828329574702e-82,0,-0.9785192923207,-0.5329565626961,-14.12197678818,-2.838171268623,1.344183476957,-12.86899520816,15483.43769762,-2946.400227025,0,0,259643.200,2296,432,0,461096.7403885
461300,27875192.45234,9496505.752914,2920127.307084,0,0,0,1.683104354452,-0.5319274591274,32749189.63101,30956158.0997532,162675655.5037,0.005980926314029,0,0,0,5.069538431573,5.82699592435e-82,0,-0.9784951626456,-0.5329176365897,-14.12146939456,-2.838248037575,1.34417818266,-12.86859608185,15484.20179906,-2946.545630693,0,0,259643.300,2296,432,0,461196.7413713
461400,27875165.58532,9496493.02404,2920425.959976,0,0,0,1.683087466377,-0.5318884288538,32748894.969,30955863.4379196,162674107.0453,0.005980926313414,0,0,0,5.069538431573,5.825662553738e-82,0,-0.9784710357044,-0.5328787092355,-14.12096198468,-2.838324783776,1.344172888527,-12.86819692894,15484.96593964,-2946.691041812,0,0,259643.400,2296,432,0,461296.7423542
461500,27875138.71531,9496480.294603,2920724.61242,0,0,0,1.683070567029,-0.5318493972472,32748600.29244,30955568.7615475,162672558.5105,0.0059809263128,0,0,0,5.069538431573,5.82432946286e-82,0,-0.9784469098172,-0.5328397806036,-14.12045455815,-2.838401547908,1.344167594558,-12.86779774903,15485.72993341,-2946.836424991,0,0,259643.500,2296,432,0,461396.7433371
461600,27875111.8423,9496467.564601,2921023.264415,0,0,0,1.683053656406,-0.5318103643077,32748305.60135,30955274.0706377,162671009.8993,0.005980926312185,0,0,0,5.069538431573,5.822996651711e-82,0,-0.9784227892192,-0.5328008505895,-14.1199471136,-2.83847833592,1.344162300753,-12.86739854077,15486.49379992,-2946.981783956,0,0,259643.600,2296,432,0,461496.7443201
461700,27875084.9663,9496454.834035,2921321.91596,0,0,0,1.683036734508,-0.5317713300355,32748010.89572,30954979.3651913,162669461.2117,0.005980926311571,0,0,0,5.069538431573,5.821664120287e-82,0,-0.978398669759,-0.5327619191581,-14.11943965057,-2.838555104843,1.344157007113,-12.86699930368,15487.25765665,-2947.127141058,0,0,259643.700,2296,432,0,461596.7453032
461800,27875058.08731,9496442.102906,2921620.567056,0,0,0,1.683019801331,-0.5317322944307,32747716.17555,30954684.6452092,162667912.4478,0.005980926310956,0,0,0,5.069538431573,5.820331868585e-82,0,-0.9783745527902,-0.53272298638,-14.11893216999,-2.838631876187,1.344151713637,-12.8666000387,15488.02150359,-2947.272496298,0,0,259643.800,2296,432,0,461696.7462862
461900,27875031.20533,9496429.371213,2921919.217703,0,0,0,1.683002856875,-0.5316932574933,32747421.44085,30954389.9106923,162666363.6074,0.005980926310342,0,0,0,5.069538431573,5.818999896595e-82,0,-0.9783504383323,-0.5326840524331,-14.11842467417,-2.83870861395,1.344146420325,-12.86620074813,15488.78532116,-2947.41784595,0,0,259643.900,2296,432,0,461796.7472694
462000,27875004.32036,9496416.638956,2922217.8679,0,0,0,1.682985901138,-0.5316542192234,32747126.69161,30954095.1616417,162664814.6907,0.005980926309727,0,0,0,5.069538431573,5.817668204315e-82,0,-0.9783263250645,-0.532645116817,-14.1179171566,-2.838785369078,1.344141127178,-12.86580142545,15489.54902128,-2947.563173249,0,0,259644.000,2296,432,0,461896.7482525
462100,27874977.4324,9496403.906135,2922516.517648,0,0,0,1.682968934117,-0.5316151796213,32746831.92785,30953800.3980583,162663265.6976,0.005980926309113,0,0,0,5.069538431573,5.81633679174e-82,0,-0.9783022168421,-0.532606180102,-14.1174096247,-2.838862138023,1.344135834196,-12.8654020781,15490.31268224,-2947.708493099,0,0,259644.100,2296,432,0,461996.7492358
462200,27874950.54145,9496391.172751,2922815.166946,0,0,0,1.682951955812,-0.5315761386869,32746537.14955,30953505.619943,162661716.6282,0.005980926308498,0,0,0,5.069538431573,5.815005658865e-82,0,-0.9782781098753,-0.5325672421125,-14.11690207619,-2.838938885309,1.344130541378,-12.86500270378,15491.07628447,-2947.853801772,0,0,259644.200,2296,432,0,462096.750219
462300,27874923.6475,9496378.438803,2923113.815795,0,0,0,1.682934966221,-0.5315370964203,32746242.35672,30953210.8272969,162660167.4824,0.005980926307884,0,0,0,5.069538431573,5.813674805679e-82,0,-0.9782540052459,-0.532528302565,-14.11639450737,-2.839015648257,1.344125248724,-12.8646032988,15491.83987692,-2947.999108583,0,0,259644.300,2296,432,0,462196.7512024
462400,27874896.75057,9496365.704292,2923412.464195,0,0,0,1.682917965341,-0.5314980528218,32745947.54936,30952916.0201208,162658618.2602,0.005980926307269,0,0,0,5.069538431573,5.812344232183e-82,0,-0.9782299031496,-0.5324893619532,-14.11588692468,-2.839092376984,1.344119956236,-12.86420386958,15492.60340084,-2948.144402355,0,0,259644.400,2296,432,0,462296.7521857
462500,27874869.85064,9496352.969217,2923711.112145,0,0,0,1.682900953172,-0.5314590078913,32745652.72747,30952621.1984157,162657068.9617,0.005980926306655,0,0,0,5.069538431573,5.811013938372e-82,0,-0.978205803887,-0.5324504197898,-14.11537932177,-2.839169133716,1.344114663912,-12.86380440978,15493.36685625,-2948.289683089,0,0,259644.500,2296,432,0,462396.7531692
462600,27874842.94772,9496340.233578,2924009.759645,0,0,0,1.682883929712,-0.5314199616291,32745357.89105,30952326.3621827,162655519.5868,0.005980926306041,0,0,0,5.069538431573,5.809683924235e-82,0,-0.9781817052158,-0.5324114762859,-14.11487170138,-2.839245905658,1.344109371753,-12.86340492215,15494.13031166,-2948.434963822,0,0,259644.600,2296,432,0,462496.7541526
462700,27874816.04181,9496327.497376,2924308.406695,0,0,0,1.682866894959,-0.5313809140351,32745063.0401,30952031.5114226,162653970.1356,0.005980926305426,0,0,0,5.069538431573,5.808354189773e-82,0,-0.9781576121705,-0.5323725316619,-14.11436406639,-2.83932264477,1.344104079759,-12.86300540955,15494.89369855,-2948.580231518,0,0,259644.700,2296,432,0,462596.7551361
462800,27874789.13291,9496314.760611,2924607.053296,0,0,0,1.682849848911,-0.5313418651095,32744768.17463,30951736.6461363,162652420.6081,0.005980926304812,0,0,0,5.069538431573,5.807024734974e-82,0,-0.9781335199327,-0.5323335854561,-14.11385641078,-2.839399399399,1.34409878793,-12.86260586597,15495.65701692,-2948.725486174,0,0,259644.800,2296,432,0,462696.7561197
462900,27874762.22102,9496302.023282,2924905.699447,0,0,0,1.682832791566,-0.5313028148525,32744473.29464,30951441.766325,162650871.0042,0.005980926304197,0,0,0,5.069538431573,5.805695559838e-82,0,-0.9781094299945,-0.5322946379166,-14.11334873779,-2.839476105501,1.344093496266,-12.86220629463,15496.42025699,-2948.87072593,0,0,259644.900,2296,432,0,462796.7571033
463000,27874735.30614,9496289.28539,2925204.345148,0,0,0,1.682815722924,-0.5312637632641,32744178.40012,30951146.8719895,162649321.324,0.005980926303583,0,0,0,5.069538431573,5.804366664356e-82,0,-0.9780853431405,-0.5322556891307,-14.11284104855,-2.839552843755,1.344088204767,-12.86180669668,15497.18358515,-2949.015982449,0,0,259645.000,2296,432,0,462896.758087
463100,27874708.38827,9496276.546935,2925502.9904,0,0,0,1.682798642982,-0.5312247103443,32743883.49108,30950851.9631308,162647771.5675,0.005980926302968,0,0,0,5.069538431573,5.803038048524e-82,0,-0.978061256947,-0.5322167388311,-14.11233333958,-2.83962960538,1.344082913433,-12.86140706863,15497.94680564,-2949.161218479,0,0,259645.100,2296,432,0,462996.7590707
463200,27874681.4674,9496263.807917,2925801.635201,0,0,0,1.682781551739,-0.5311856560935,32743588.56751,30950557.0397498,162646221.7347,0.005980926302354,0,0,0,5.069538431573,5.801709712336e-82,0,-0.9780371761978,-0.5321777873183,-14.1118256148,-2.839706335856,1.344077622264,-12.86100741439,15498.70987931,-2949.30642657,0,0,259645.200,2296,432,0,463096.7600545
463300,27874654.54354,9496251.068335,2926100.279553,0,0,0,1.682764449192,-0.5311466005115,32743293.62942,30950262.1018476,162644671.8256,0.005980926301739,0,0,0,5.069538431573,5.800381655788e-82,0,-0.9780130968741,-0.5321388347559,-14.11131787633,-2.839783076117,1.344072331261,-12.86060773609,15499.47290403,-2949.451625347,0,0,259645.300,2296,432,0,463196.7610383
463400,27874627.6167,9496238.32819,2926398.923454,0,0,0,1.682747335341,-0.5311075435986,32742998.67682,30949967.149425,162643121.8401,0.005980926301125,0,0,0,5.069538431573,5.799053878873e-82,0,-0.9779890196984,-0.532099880577,-14.1108101168,-2.839859804841,1.344067040423,-12.86020802635,15500.23594833,-2949.59682785,0,0,259645.400,2296,432,0,463296.7620221
463500,27874600.68686,9496225.587482,2926697.566906,0,0,0,1.682730210183,-0.5310684853549,32742703.70969,30949672.1824831,162641571.7784,0.00598092630051,0,0,0,5.069538431573,5.797726381584e-82,0,-0.9779649449458,-0.532060925006,-14.11030233912,-2.839936532984,1.34406174975,-12.85980828808,15500.99892412,-2949.742017314,0,0,259645.500,2296,432,0,463396.763006
463600,27874573.75403,9496212.846212,2926996.209907,0,0,0,1.682713073717,-0.5310294257804,32742408.72805,30949377.2010227,162640021.6403,0.005980926299896,0,0,0,5.069538431573,5.796399163915e-82,0,-0.9779408726694,-0.5320219681238,-14.10979454435,-2.840013285825,1.344056459243,-12.85940852234,15501.76190969,-2949.887208641,0,0,259645.600,2296,432,0,463496.76399
463700,27874546.8182,9496200.104378,2927294.852458,0,0,0,1.682695925941,-0.5309903648753,32742113.73188,30949082.2050449,162638471.426,0.005980926299281,0,0,0,5.069538431573,5.795072225863e-82,0,-0.9779168019175,-0.5319830100421,-14.10928673394,-2.840090006862,1.344051168901,-12.85900873057,15502.52467992,-2950.032358989,0,0,259645.700,2296,432,0,463596.764974
463800,27874519.87939,9496187.361981,2927593.494559,0,0,0,1.682678766854,-0.5309513026396,32741818.72121,30948787.1945506,162636921.1354,0.005980926298667,0,0,0,5.069538431573,5.793745567419e-82,0,-0.9778927360826,-0.5319440502839,-14.10877890168,-2.84016670854,1.344045878725,-12.85860890658,15503.28749909,-2950.177518651,0,0,259645.800,2296,432,0,463696.765958
463900,27874492.93759,9496174.619021,2927892.13621,0,0,0,1.682661596454,-0.5309122390735,32741523.69601,30948492.1695408,162635370.7685,0.005980926298053,0,0,0,5.069538431573,5.792419188582e-82,0,-0.9778686713467,-0.531905089453,-14.10827105543,-2.840243432853,1.344040588714,-12.85820905821,15504.05025953,-2950.322667137,0,0,259645.900,2296,432,0,463796.7669421
464000,27874465.99279,9496161.875499,2928190.777411,0,0,0,1.682644414739,-0.5308731741771,32741228.6563,30948197.1300165,162633820.3253,0.005980926297438,0,0,0,5.069538431573,5.791093089341e-82,0,-0.9778446089141,-0.5318661273556,-14.10776319268,-2.840320153747,1.344035298869,-12.85780918294,15504.8130004,-2950.467811897,0,0,259646.000,2296,432,0,463896.7679263
464100,27874439.045,9496149.131414,2928489.418161,0,0,0,1.682627221707,-0.5308341079505,32740933.60208,30947902.0759785,162632269.8059,0.005980926296824,0,0,0,5.069538431573,5.789767269692e-82,0,-0.9778205491757,-0.5318271636444,-14.1072553089,-2.840396897761,1.34403000919,-12.85740927625,15505.57565317,-2950.612939894,0,0,259646.100,2296,432,0,463996.7689105
464200,27874412.09422,9496136.386766,2928788.058461,0,0,0,1.682610017357,-0.5307950403937,32740638.53335,30947607.0074279,162630719.2102,0.005980926296209,0,0,0,5.069538431573,5.78844172963e-82,0,-0.9777964923827,-0.5317881989479,-14.10674741227,-2.840473621971,1.344024719676,-12.85700934632,15506.33824721,-2950.758056715,0,0,259646.200,2296,432,0,464096.7698947
464300,27874385.14046,9496123.641555,2929086.69831,0,0,0,1.682592801687,-0.530755971507,32740343.4501,30947311.9243657,162629168.5383,0.005980926295595,0,0,0,5.069538431573,5.787116469148e-82,0,-0.9777724361015,-0.5317492327603,-14.1062394962,-2.840550328313,1.344019430328,-12.85660938656,15507.10086083,-2950.903177261,0,0,259646.300,2296,432,0,464196.770879
464400,27874358.18369,9496110.895781,2929385.337709,0,0,0,1.682575574695,-0.5307169012903,32740048.35234,30947016.8267927,162627617.79,0.00598092629498,0,0,0,5.069538431573,5.785791488241e-82,0,-0.9777483852359,-0.5317102651755,-14.10573156192,-2.840627044394,1.344014141147,-12.85620939819,15507.86333741,-2951.048271731,0,0,259646.400,2296,432,0,464296.7718633
464500,27874331.22394,9496098.149445,2929683.976658,0,0,0,1.682558336381,-0.5306778297439,32739753.24008,30946721.7147099,162626066.9656,0.005980926294366,0,0,0,5.069538431573,5.7844667869e-82,0,-0.9777243353252,-0.5316712963771,-14.10522361182,-2.840703754228,1.344008852131,-12.85580938361,15508.62582378,-2951.193368062,0,0,259646.500,2296,432,0,464396.7728477
464600,27874304.2612,9496085.402547,2929982.615156,0,0,0,1.682541086741,-0.5306387568677,32739458.1133,30946426.5881184,162624516.0649,0.005980926293751,0,0,0,5.069538431573,5.78314236512e-82,0,-0.9777002880461,-0.5316323260049,-14.10471564121,-2.840780477084,1.344003563281,-12.85540933811,15509.388271,-2951.338456944,0,0,259646.600,2296,432,0,464496.7738322
464700,27874277.29546,9496072.655085,2930281.253203,0,0,0,1.682523825774,-0.530599682662,32739162.97202,30946131.447019,162622965.0879,0.005980926293137,0,0,0,5.069538431573,5.781818222899e-82,0,-0.9776762431791,-0.5315933544591,-14.1042076553,-2.840857179994,1.343998274597,-12.85500926691,15510.15063991,-2951.483530924,0,0,259646.700,2296,432,0,464596.7748166
464800,27874250.32674,9496059.907062,2930579.8908,0,0,0,1.68250655348,-0.5305606071268,32738867.81623,30945836.2914127,162621414.0347,0.005980926292522,0,0,0,5.069538431573,5.780494360228e-82,0,-0.977652199745,-0.5315543817111,-14.10369965372,-2.840933877149,1.34399298608,-12.85460916963,15510.91298924,-2951.628601179,0,0,259646.800,2296,432,0,464696.7758012
464900,27874223.35502,9496047.158475,2930878.527946,0,0,0,1.682489269855,-0.5305215302623,32738572.64593,30945541.1213006,162619862.9053,0.005980926291908,0,0,0,5.069538431573,5.779170777098e-82,0,-0.9776281611707,-0.5315154074265,-14.10319163212,-2.841010584117,1.343987697728,-12.85420904192,15511.67521133,-2951.773647219,0,0,259646.900,2296,432,0,464796.7767858
465000,27874196.38031,9496034.409327,2931177.164641,0,0,0,1.682471974898,-0.5304824520685,32738277.46113,30945245.9366835,162618311.6997,0.005980926291293,0,0,0,5.069538431573,5.777847473507e-82,0,-0.9776041239323,-0.5314764318447,-14.1026835936,-2.84108732801,1.343982409543,-12.85380888689,15512.43745299,-2951.918696985,0,0,259647.000,2296,432,0,464896.7777704
465100,27874169.40261,9496021.659616,2931475.800886,0,0,0,1.682454668608,-0.5304433725455,32737982.26182,30944950.7375624,162616760.4179,0.005980926290679,0,0,0,5.069538431573,5.776524449445e-82,0,-0.9775800889365,-0.5314374547725,-14.10217553565,-2.841164026131,1.343977121524,-12.85340870203,15513.19960656,-2952.063729987,0,0,259647.100,2296,432,0,464996.7787551
465200,27874142.42192,9496008.909343,2931774.436679,0,0,0,1.682437350983,-0.5304042916935,32737687.04802,30944655.5239383,162615209.0598,0.005980926290064,0,0,0,5.069538431573,5.775201704909e-82,0,-0.9775560567464,-0.5313984766039,-14.10166746342,-2.841240720184,1.343971833672,-12.85300849246,15513.96173076,-2952.208757401,0,0,259647.200,2296,432,0,465096.7797398
465300,27874115.43824,9495996.158507,2932073.072022,0,0,0,1.682420022021,-0.5303652095125,32737391.8197,30944360.2958121,162613657.6255,0.00598092628945,0,0,0,5.069538431573,5.773879239894e-82,0,-0.9775320271536,-0.5313594972014,-14.1011593751,-2.841317408199,1.343966545986,-12.85260825639,15514.72381582,-2952.353777364,0,0,259647.300,2296,432,0,465196.7807246
465400,27874088.45156,9495983.40711,2932371.706914,0,0,0,1.682402681721,-0.5303261260027,32737096.57689,30944065.0531848,162612106.115,0.005980926288836,0,0,0,5.069538431573,5.772557054387e-82,0,-0.9775079984122,-0.5313205160736,-14.10065126429,-2.841394092845,1.343961258466,-12.85220798742,15515.48577362,-2952.498773113,0,0,259647.400,2296,432,0,465296.7817094
465500,27874061.4619,9495970.65515,2932670.341355,0,0,0,1.682385330081,-0.5302870411641,32736801.31958,30943769.7960574,162610554.5284,0.005980926288221,0,0,0,5.069538431573,5.771235148389e-82,0,-0.9774839749907,-0.5312815338419,-14.10014313909,-2.841470810541,1.343955971113,-12.85180769364,15516.24772164,-2952.643766999,0,0,259647.500,2296,432,0,465396.7826943
465600,27874034.46924,9495957.902628,2932968.975345,0,0,0,1.682367967098,-0.5302479549969,32736506.04777,30943474.5244308,162609002.8655,0.005980926287607,0,0,0,5.069538431573,5.769913521889e-82,0,-0.9774599526554,-0.531242550321,-14.09963499709,-2.841547504524,1.343950683927,-12.85140737264,15517.00965986,-2952.788759023,0,0,259647.600,2296,432,0,465496.7836792
465700,27874007.47359,9495945.149544,2933267.608884,0,0,0,1.682350592772,-0.5302088675012,32736210.76146,30943179.238306,162607451.1264,0.005980926286992,0,0,0,5.069538431573,5.768592174881e-82,0,-0.9774359326592,-0.5312035655225,-14.09912683843,-2.841624190107,1.343945396907,-12.85100702456,15517.77148063,-2952.933728695,0,0,259647.700,2296,432,0,465596.7846641
465800,27873980.47495,9495932.395897,2933566.241971,0,0,0,1.682333207101,-0.5301697786771,32735915.46066,30942883.937684,162605899.3112,0.005980926286378,0,0,0,5.069538431573,5.76727110736e-82,0,-0.9774119152294,-0.5311645790559,-14.09861865803,-2.841700869192,1.343940110054,-12.85060664432,15518.53327203,-2953.078692779,0,0,259647.800,2296,432,0,465696.7856492
465900,27873953.47332,9495919.641689,2933864.874608,0,0,0,1.682315810083,-0.5301306885246,32735620.14535,30942588.6225657,162604347.4198,0.005980926285763,0,0,0,5.069538431573,5.765950319319e-82,0,-0.9773879004469,-0.531125591555,-14.09811046415,-2.841777572151,1.343934823368,-12.85020624016,15519.29502428,-2953.223649412,0,0,259647.900,2296,432,0,465796.7866342
466000,27873926.46869,9495906.886919,2934163.506793,0,0,0,1.682298401716,-0.530091597044,32735324.81556,30942293.292952,162602795.4522,0.005980926285149,0,0,0,5.069538431573,5.764629810752e-82,0,-0.9773638864928,-0.5310866024954,-14.09760224996,-2.841854280788,1.343929536848,-12.84980580527,15520.05682548,-2953.368615359,0,0,259648.000,2296,448,0,465896.7876193
466100,27873899.46108,9495894.131587,2934462.138527,0,0,0,1.682280981998,-0.5300525042352,32735029.47126,30941997.948844,162601243.4084,0.005980926284534,0,0,0,5.069538431573,5.76330958165e-82,0,-0.9773398781212,-0.5310476121936,-14.09709401957,-2.841930966606,1.343924250496,-12.84940534375,15520.81845048,-2953.513547778,0,0,259648.100,2296,448,0,465996.7886045
466200,27873872.45048,9495881.375693,2934760.76981,0,0,0,1.682263550929,-0.5300134100985,32734734.11248,30941702.5902426,162599691.2885,0.00598092628392,0,0,0,5.069538431573,5.761989632009e-82,0,-0.9773158704949,-0.5310086207188,-14.09658577389,-2.842007642995,1.34391896431,-12.84900485651,15521.57999717,-2953.658465296,0,0,259648.200,2296,448,0,466096.7895897
466300,27873845.43688,9495868.619238,2935059.400642,0,0,0,1.682246108506,-0.5299743146338,32734438.7392,30941407.2171487,162598139.0924,0.005980926283305,0,0,0,5.069538431573,5.760669961822e-82,0,-0.9772918654027,-0.5309696277657,-14.09607750894,-2.842084298347,1.343913678292,-12.84860433957,15522.34162218,-2953.803397715,0,0,259648.300,2296,448,0,466196.790575
466400,27873818.42029,9495855.86222,2935358.031022,0,0,0,1.682228654727,-0.5299352178414,32734143.35143,30941111.8295634,162596586.8202,0.005980926282691,0,0,0,5.069538431573,5.75935057108e-82,0,-0.9772678631227,-0.5309306333987,-14.09556922556,-2.842160980878,1.34390839244,-12.84820379376,15523.10311993,-2953.94830592,0,0,259648.400,2296,448,0,466296.7915603
466500,27873791.40071,9495843.104641,2935656.660951,0,0,0,1.682211189592,-0.5298961197213,32733847.94917,30940816.4274875,162595034.4718,0.005980926282076,0,0,0,5.069538431573,5.75803145978e-82,0,-0.9772438617039,-0.5308916378898,-14.0950609273,-2.842237679147,1.343903106756,-12.84780579553,15523.86462748,-2954.093215987,0,0,259648.500,2296,448,0,466396.7925456
466600,27873764.37814,9495830.3465,2935955.290428,0,0,0,1.682193713097,-0.5298570202736,32733552.53242,30940521.0109221,162593482.0472,0.005980926281462,0,0,0,5.069538431573,5.756712627914e-82,0,-0.9772198654098,-0.5308526408278,-14.09455260879,-2.842314356298,1.343897821239,-12.84743778361,15524.62604693,-2954.238109291,0,0,259648.600,2296,448,0,466496.793531
466700,27873737.35258,9495817.587798,2936253.919454,0,0,0,1.682176225242,-0.5298179194985,32733257.10118,30940225.5798682,162591929.5466,0.005980926280848,0,0,0,5.069538431573,5.755394075472e-82,0,-0.9771958705332,-0.5308136427161,-14.0940442766,-2.842391037445,1.343892535889,-12.84706974653,15525.3873587,-2954.382982105,0,0,259648.700,2296,448,0,466596.7945165
466800,27873710.32402,9495804.828533,2936552.548028,0,0,0,1.682158726025,-0.529778817396,32732961.65546,30939930.1343266,162590376.9698,0.005980926280233,0,0,0,5.069538431573,5.754075802451e-82,0,-0.9771718781017,-0.5307746430657,-14.09353592435,-2.842467698727,1.343887250706,-12.84670167793,15526.14868027,-2954.527856782,0,0,259648.800,2296,448,0,466696.795502
466900,27873683.29248,9495792.068708,2936851.17615,0,0,0,1.682141215444,-0.5297397139662,32732666.19524,30939634.6742983,162588824.3168,0.005980926279619,0,0,0,5.069538431573,5.752757808842e-82,0,-0.9771478881076,-0.5307356420593,-14.09302755443,-2.842544393915,1.343881965691,-12.84633358017,15526.90994311,-2954.672720283,0,0,259648.900,2296,448,0,466796.7964875
467000,27873656.25794,9495779.308321,2937149.803821,0,0,0,1.682123693497,-0.5297006092093,32732370.72055,30939339.1997843,162587271.5878,0.005980926279004,0,0,0,5.069538431573,5.75144009464e-82,0,-0.9771239004932,-0.5306966397692,-14.09251916778,-2.842621061638,1.343876680843,-12.8459654542,15527.67117658,-2954.817578197,0,0,259649.000,2296,448,0,466896.7974731
467100,27873629.22041,9495766.547372,2937448.431041,0,0,0,1.682106160182,-0.5296615031253,32732075.23136,30939043.7107856,162585718.7826,0.00598092627839,0,0,0,5.069538431573,5.750122659838e-82,0,-0.9770999144733,-0.5306576362897,-14.09201076562,-2.842697715151,1.343871396163,-12.84559730124,15528.43227302,-2954.962410033,0,0,259649.100,2296,448,0,466996.7984588
467200,27873602.17989,9495753.785862,2937747.057808,0,0,0,1.682088615499,-0.5296223957144,32731779.7277,30938748.2073032,162584165.9013,0.005980926277775,0,0,0,5.069538431573,5.748805504426e-82,0,-0.9770759331212,-0.5306186311963,-14.09150234242,-2.842774374711,1.34386611165,-12.84522911576,15529.19334009,-2955.107236281,0,0,259649.200,2296,448,0,467096.7994445
467300,27873575.13638,9495741.02379,2938045.684124,0,0,0,1.682071059445,-0.5295832869767,32731484.20955,30938452.6893379,162582612.944,0.005980926277161,0,0,0,5.069538431573,5.7474886284e-82,0,-0.977051953094,-0.5305796250987,-14.09099390614,-2.842851027782,1.343860827305,-12.84486090571,15529.95439737,-2955.252060667,0,0,259649.300,2296,448,0,467196.8004302
467400,27873548.08987,9495728.261158,2938344.309988,0,0,0,1.682053492018,-0.5295441769122,32731188.67691,30938157.1568908,162581059.9105,0.005980926276546,0,0,0,5.069538431573,5.746172031753e-82,0,-0.9770279752282,-0.5305406172611,-14.09048544717,-2.842927714072,1.343855543127,-12.84449266149,15530.7154155,-2955.396877602,0,0,259649.400,2296,448,0,467296.801416
467500,27873521.04038,9495715.497964,2938642.9354,0,0,0,1.682035913218,-0.5295050655211,32730893.1298,30937861.6099628,162579506.8009,0.005980926275932,0,0,0,5.069538431573,5.744855714475e-82,0,-0.9770040004192,-0.5305016083748,-14.08997697454,-2.843004391288,1.343850259118,-12.84412439211,15531.47631617,-2955.541672185,0,0,259649.500,2296,448,0,467396.8024018
467600,27873493.98789,9495702.734209,2938941.56036,0,0,0,1.682018323041,-0.5294659528035,32730597.56821,30937566.0485549,162577953.6152,0.005980926275317,0,0,0,5.069538431573,5.74353967656e-82,0,-0.9769800264305,-0.5304625979897,-14.08946848237,-2.843081045769,1.343844975276,-12.8437560917,15532.23724621,-2955.686472356,0,0,259649.600,2296,448,0,467496.8033877
467700,27873466.93242,9495689.969892,2939240.184868,0,0,0,1.682000721487,-0.5294268387595,32730301.99214,30937270.4726681,162576400.3534,0.005980926274703,0,0,0,5.069538431573,5.742223918006e-82,0,-0.9769560562802,-0.5304235863597,-14.08895997397,-2.843157695288,1.343839691601,-12.84338776356,15532.9981273,-2955.831263214,0,0,259649.700,2296,448,0,467596.8043737
467800,27873439.87395,9495677.205015,2939538.808924,0,0,0,1.681983108554,-0.5293877233892,32730006.40159,30936974.8823032,162574847.0156,0.005980926274088,0,0,0,5.069538431573,5.740908438799e-82,0,-0.9769320898551,-0.5303845735269,-14.08845144989,-2.84323433952,1.343834408095,-12.84301940825,15533.75889094,-2955.976031721,0,0,259649.800,2296,448,0,467696.8053597
467900,27873412.81249,9495664.439576,2939837.432528,0,0,0,1.681965484239,-0.5293486066926,32729710.79656,30936679.2774614,162573293.6016,0.005980926273474,0,0,0,5.069538431573,5.739593238934e-82,0,-0.9769081246234,-0.5303455590806,-14.08794290478,-2.843311016834,1.343829124757,-12.84265102041,15534.51961542,-2956.120792776,0,0,259649.900,2296,448,0,467796.8063457
468000,27873385.74803,9495651.673576,2940136.05568,0,0,0,1.681947848542,-0.52930948867,32729415.17706,30936383.6581435,162571740.1116,0.00598092627286,0,0,0,5.069538431573,5.738278318407e-82,0,-0.9768841620493,-0.5303065435688,-14.08743434579,-2.843387653583,1.343823841586,-12.84228260718,15535.28036927,-2956.26555942,0,0,259650.000,2296,448,0,467896.8073318
468100,27873358.68059,9495638.907015,2940434.678379,0,0,0,1.681930201461,-0.5292703693214,32729119.54309,30936088.0243504,162570186.5456,0.005980926272245,0,0,0,5.069538431573,5.736963677206e-82,0,-0.9768602017048,-0.5302675264454,-14.08692576578,-2.843464303757,1.343818558584,-12.84191416144,15536.04104481,-2956.410311162,0,0,259650.100,2296,448,0,467996.8083179
468200,27873331.61015,9495626.139894,2940733.300627,0,0,0,1.681912542993,-0.5292312486469,32728823.89463,30935792.3760833,162568632.9034,0.005980926271631,0,0,0,5.069538431573,5.735649315327e-82,0,-0.976836242806,-0.530228508271,-14.08641717208,-2.843540944002,1.34381327575,-12.84154569049,15536.80161268,-2956.555042416,0,0,259650.200,2296,448,0,468096.8093041
468300,27873304.53673,9495613.372211,2941031.922422,0,0,0,1.681894873138,-0.5291921266466,32728528.23171,30935496.713343,162567079.1853,0.005980926271016,0,0,0,5.069538431573,5.734335232762e-82,0,-0.9768122890058,-0.5301894886644,-14.08590855971,-2.84361757897,1.343807993084,-12.84117718936,15537.56216097,-2956.699769944,0,0,259650.300,2296,448,0,468196.8102903
468400,27873277.46031,9495600.603968,2941330.543765,0,0,0,1.681877191893,-0.5291530033206,32728232.55431,30935201.0361305,162565525.391,0.005980926270402,0,0,0,5.069538431573,5.733021429502e-82,0,-0.9767883363724,-0.5301504677397,-14.08539993015,-2.843694262674,1.343802710587,-12.84080865954,15538.32264075,-2956.844484434,0,0,259650.400,2296,448,0,468296.8112766
468500,27873250.3809,9495587.835163,2941629.164656,0,0,0,1.681859499257,-0.5291138786691,32727936.86244,30934905.3444467,162563971.5207,0.005980926269787,0,0,0,5.069538431573,5.731707905539e-82,0,-0.9767643860224,-0.5301114452972,-14.08489128082,-2.843770903804,1.343797428257,-12.84044009843,15539.08312052,-2956.989198923,0,0,259650.500,2296,448,0,468396.8122629
468600,27873223.2985,9495575.065798,2941927.785094,0,0,0,1.681841795227,-0.5290747526921,32727641.15611,30934609.6382927,162562417.5744,0.005980926269173,0,0,0,5.069538431573,5.730394660869e-82,0,-0.9767404383228,-0.5300724216899,-14.0843826163,-2.843847546434,1.343792146096,-12.84007151061,15539.84349263,-2957.133892924,0,0,259650.600,2296,448,0,468496.8132493
468700,27873196.21311,9495562.295872,2942226.40508,0,0,0,1.681824079804,-0.5290356253897,32727345.4353,30934313.9176693,162560863.552,0.005980926268558,0,0,0,5.069538431573,5.729081695482e-82,0,-0.9767164929886,-0.5300333966495,-14.0838739331,-2.843924177201,1.343786864104,-12.8397028926,15540.60386473,-2957.278586924,0,0,259650.700,2296,448,0,468596.8142357
468800,27873169.12472,9495549.525386,2942525.024613,0,0,0,1.681806352983,-0.5289964967621,32727049.70002,30934018.1825776,162559309.4536,0.005980926267944,0,0,0,5.069538431573,5.727769009374e-82,0,-0.9766925491208,-0.5299943704635,-14.08336523496,-2.844000790554,1.34378158228,-12.83933424813,15541.36408022,-2957.423251122,0,0,259650.800,2296,448,0,468696.8152221
468900,27873142.03335,9495536.754338,2942823.643694,0,0,0,1.681788614765,-0.5289573668094,32726753.95028,30933722.4330186,162557755.2792,0.005980926267329,0,0,0,5.069538431573,5.726456602533e-82,0,-0.9766686099697,-0.5299553427485,-14.0828565169,-2.844077449319,1.343776300624,-12.83896557221,15542.12436423,-2957.567928359,0,0,259650.900,2296,448,0,468796.8162087
469000,27873114.93898,9495523.982731,2943122.262322,0,0,0,1.681770865147,-0.5289182355316,32726458.18607,30933426.6689931,162556201.0288,0.005980926266715,0,0,0,5.069538431573,5.725144474953e-82,0,-0.9766446723154,-0.5299163138432,-14.08234778332,-2.844154082352,1.343771019137,-12.83859686925,15542.88455036,-2957.712586969,0,0,259651.000,2296,448,0,468896.8171952
469100,27873087.84162,9495511.210562,2943420.880497,0,0,0,1.681753104128,-0.5288791029288,32726162.40739,30933130.8905022,162554646.7023,0.005980926266101,0,0,0,5.069538431573,5.723832626627e-82,0,-0.9766207367424,-0.5298772833936,-14.08183902962,-2.84423071545,1.343765737819,-12.83822813463,15543.64466797,-2957.857232541,0,0,259651.100,2296,448,0,468996.8181818
469200,27873060.74127,9495498.437833,2943719.49822,0,0,0,1.681735331705,-0.5288399690012,32725866.61426,30932835.0975468,162553092.2998,0.005980926265486,0,0,0,5.069538431573,5.722521057548e-82,0,-0.9765968043112,-0.5298382519629,-14.08133026312,-2.844307352995,1.343760456669,-12.8378593757,15544.40469749,-2958.001861349,0,0,259651.200,2296,448,0,469096.8191685
469300,27873033.63793,9495485.664544,2944018.11549,0,0,0,1.681717547877,-0.5288008337489,32725570.80665,30932539.2901278,162551537.8214,0.005980926264872,0,0,0,5.069538431573,5.721209767708e-82,0,-0.9765728726342,-0.5297992191235,-14.08082147826,-2.844383993757,1.343755175689,-12.83749058687,15545.16477594,-2958.14649947,0,0,259651.300,2296,448,0,469196.8201552
469400,27873006.53159,9495472.890694,2944316.732308,0,0,0,1.681699752643,-0.528761697172,32725274.98459,30932243.4682463,162549983.2669,0.005980926264257,0,0,0,5.069538431573,5.719898757097e-82,0,-0.9765489459456,-0.5297601846055,-14.08031267152,-2.844460622124,1.343749894877,-12.83712176462,15545.92471736,-2958.291111514,0,0,259651.400,2296,448,0,469296.821142
469500,27872979.42227,9495460.116284,2944615.348672,0,0,0,1.681681946,-0.5287225592706,32724979.14806,30931947.6319033,162548428.6364,0.005980926263643,0,0,0,5.069538431573,5.71858802571e-82,0,-0.9765250203893,-0.5297211489305,-14.0798038497,-2.844537246137,1.343744614234,-12.83675291576,15546.68470773,-2958.435732871,0,0,259651.500,2296,448,0,469396.8221288
469600,27872952.30995,9495447.341314,2944913.964584,0,0,0,1.681664127948,-0.5286834200447,32724683.29707,30931651.7810996,162546873.9299,0.005980926263028,0,0,0,5.069538431573,5.71727757354e-82,0,-0.9765010976922,-0.5296821120724,-14.07929501246,-2.844613855176,1.34373933376,-12.83638403994,15547.44458063,-2958.580331877,0,0,259651.600,2296,448,0,469496.8231156
469700,27872925.19464,9495434.565783,2945212.580043,0,0,0,1.681646298483,-0.5286442794945,32724387.43162,30931355.9158362,162545319.1475,0.005980926262414,0,0,0,5.069538431573,5.715967400576e-82,0,-0.9764771770092,-0.5296430736233,-14.07878615448,-2.844690469571,1.343734053454,-12.83601513184,15548.20447311,-2958.724934608,0,0,259651.700,2296,448,0,469596.8241025
469800,27872898.07634,9495421.789692,2945511.195049,0,0,0,1.681628457605,-0.5286051376202,32724091.55172,30931060.0361141,162543764.2891,0.005980926261799,0,0,0,5.069538431573,5.714657506812e-82,0,-0.9764532593048,-0.5296040341321,-14.07827728292,-2.844767102545,1.343728773318,-12.83564619861,15548.96425792,-2958.86951685,0,0,259651.800,2296,448,0,469696.8250895
469900,27872870.95505,9495409.01304,2945809.809602,0,0,0,1.681610605312,-0.5285659944217,32723795.65735,30930764.1419343,162542209.3547,0.005980926261185,0,0,0,5.069538431573,5.713347892241e-82,0,-0.9764293425966,-0.5295649932159,-14.07776839278,-2.844843721149,1.343723493352,-12.83527723526,15549.72396442,-2959.01408419,0,0,259651.900,2296,448,0,469796.8260765
470000,27872843.83076,9495396.235829,2946108.423702,0,0,0,1.681592741601,-0.5285268498993,32723499.74853,30930468.2332978,162540654.3443,0.00598092626057,0,0,0,5.069538431573,5.712038556852e-82,0,-0.9764054309132,-0.5295259509032,-14.07725948444,-2.84492035651,1.343718213554,-12.83490824216,15550.48366113,-2959.158649668,0,0,259652.000,2296,448,0,469896.8270635
470100,27872816.70349,9495383.458058,2946407.037349,0,0,0,1.681574866472,-0.5284877040529,32723203.82526,30930172.3102054,162539099.2579,0.005980926259956,0,0,0,5.069538431573,5.710729500642e-82,0,-0.9763815205152,-0.5294869073951,-14.07675056052,-2.844996967386,1.343712933925,-12.83453922193,15551.24333827,-2959.303211421,0,0,259652.100,2296,448,0,469996.8280506
470200,27872789.57322,9495370.679726,2946705.650543,0,0,0,1.681556979923,-0.5284485568828,32722907.88752,30929876.3726582,162537544.0956,0.005980926259341,0,0,0,5.069538431573,5.709420723599e-82,0,-0.9763576126726,-0.5294478624672,-14.07624161809,-2.845073573227,1.343707654466,-12.83417017164,15552.00286859,-2959.447745234,0,0,259652.200,2296,448,0,470096.8290377
470300,27872762.43996,9495357.900834,2947004.263283,0,0,0,1.681539081952,-0.528409408389,32722611.93534,30929580.4206571,162535988.8574,0.005980926258727,0,0,0,5.069538431573,5.708112225716e-82,0,-0.976333707018,-0.5294088159445,-14.07573265487,-2.845150196273,1.343702375177,-12.833801089,15552.76238911,-2959.592277184,0,0,259652.300,2296,448,0,470196.8300249
470400,27872735.30371,9495345.121383,2947302.875571,0,0,0,1.681521172557,-0.5283702585717,32722315.9687,30929284.4542032,162534433.5431,0.005980926258113,0,0,0,5.069538431573,5.706804006987e-82,0,-0.9763098041363,-0.5293697685414,-14.07522368018,-2.845226806993,1.343697096056,-12.83343198334,15553.52185091,-2959.736797959,0,0,259652.400,2296,448,0,470296.8310122
470500,27872708.16447,9495332.341371,2947601.487405,0,0,0,1.681503251736,-0.5283311074308,32722019.98761,30928988.4732973,162532878.153,0.005980926257498,0,0,0,5.069538431573,5.705496067401e-82,0,-0.9762859023178,-0.5293307194699,-14.07471468374,-2.845303398677,1.343691817105,-12.83306284436,15554.28133228,-2959.881322458,0,0,259652.500,2296,448,0,470396.8319994
470600,27872681.02224,9495319.5608,2947900.098785,0,0,0,1.681485319488,-0.5282919549666,32721723.99207,30928692.4779404,162531322.6869,0.005980926256884,0,0,0,5.069538431573,5.704188406951e-82,0,-0.976262005685,-0.5292916692453,-14.07420567227,-2.845380005222,1.343686538324,-12.8326936788,15555.04066683,-2960.025819018,0,0,259652.600,2296,448,0,470496.8329868
470700,27872653.87701,9495306.779669,2948198.709713,0,0,0,1.681467375811,-0.5282528011792,32721427.98208,30928396.4681336,162529767.1449,0.005980926256269,0,0,0,5.069538431573,5.70288102563e-82,0,-0.9762381099843,-0.5292526175926,-14.07369664218,-2.845456601175,1.343681259712,-12.83232448305,15555.79996222,-2960.170308128,0,0,259652.700,2296,448,0,470596.8339742
470800,27872626.72879,9495293.997978,2948497.320187,0,0,0,1.681449420703,-0.5282136460686,32721131.95764,30928100.4438777,162528211.5269,0.005980926255655,0,0,0,5.069538431573,5.701573923428e-82,0,-0.9762142168739,-0.5292135647076,-14.07318759603,-2.845533216506,1.34367598127,-12.83195525968,15556.55925762,-2960.314797238,0,0,259652.800,2296,448,0,470696.8349616
470900,27872599.57759,9495281.215727,2948795.930207,0,0,0,1.681431454163,-0.528174489635,32720835.91875,30927804.4051737,162526655.833,0.00598092625504,0,0,0,5.069538431573,5.700267100339e-82,0,-0.9761903265295,-0.529174510317,-14.07267853026,-2.845609833942,1.343670702998,-12.83158600511,15557.31845513,-2960.459267721,0,0,259652.900,2296,448,0,470796.8359491
471000,27872572.42339,9495268.432916,2949094.539775,0,0,0,1.681413476188,-0.5281353318784,32720539.86542,30927508.3520226,162525100.0632,0.005980926254426,0,0,0,5.069538431573,5.698960556355e-82,0,-0.9761664372473,-0.5291354550407,-14.07216945294,-2.845686430839,1.343665424895,-12.83121672743,15558.07764285,-2960.603736341,0,0,259653.000,2296,448,0,470896.8369366
471100,27872545.26619,9495255.649546,2949393.148888,0,0,0,1.681395486778,-0.528096172799,32720243.79763,30927212.2844254,162523544.2175,0.005980926253811,0,0,0,5.069538431573,5.697654291463e-82,0,-0.9761425530903,-0.5290963979844,-14.07166035242,-2.845763029421,1.343660146962,-12.83084741497,15558.83680121,-2960.748199373,0,0,259653.100,2296,448,0,470996.8379242
471200,27872518.10601,9495242.865616,2949691.757548,0,0,0,1.68137748593,-0.5280570123968,32719947.71541,30926916.202383,162521988.2958,0.005980926253197,0,0,0,5.069538431573,5.696348305662e-82,0,-0.9761186695662,-0.5290573397095,-14.07115123601,-2.8458396166,1.3436548692,-12.83047807506,15559.59587148,-2960.892645642,0,0,259653.200,2296,448,0,471096.8389118
471300,27872490.94284,9495230.081127,2949990.365754,0,0,0,1.681359473643,-0.528017850672,32719651.61874,30926620.1058964,162520432.2983,0.005980926252582,0,0,0,5.069538431573,5.695042598937e-82,0,-0.9760947887688,-0.5290182799179,-14.07064209984,-2.845916208178,1.343649591607,-12.83010870379,15560.35491238,-2961.037086323,0,0,259653.300,2296,448,0,471196.8398995
471400,27872463.77667,9495217.296078,2950288.973507,0,0,0,1.681341449915,-0.5279786876248,32719355.50762,30926323.9949665,162518876.2249,0.005980926251968,0,0,0,5.069538431573,5.693737171285e-82,0,-0.9760709105766,-0.5289792192112,-14.07013295174,-2.84599279976,1.343644314184,-12.82973930902,15561.11384561,-2961.181506515,0,0,259653.400,2296,448,0,471296.8408872
471500,27872436.60751,9495204.51047,2950587.580806,0,0,0,1.681323414744,-0.5279395232551,32719059.38207,30926027.8695944,162517320.0755,0.005980926251354,0,0,0,5.069538431573,5.692432022693e-82,0,-0.97604703506,-0.5289401570379,-14.06962378452,-2.846069389929,1.343639036931,-12.82936988354,15561.87286693,-2961.32594347,0,0,259653.500,2296,448,0,471396.841875
471600,27872409.43536,9495191.724302,2950886.187651,0,0,0,1.681305368128,-0.527900357563,32718763.24207,30925731.729781,162515763.8503,0.005980926250739,0,0,0,5.069538431573,5.691127153156e-82,0,-0.9760231605511,-0.5289010933381,-14.0691145974,-2.846145979363,1.343633759848,-12.82900042659,15562.63173165,-2961.470350623,0,0,259653.600,2296,448,0,471496.8428628
471700,27872382.26022,9495178.937575,2951184.794043,0,0,0,1.681287310066,-0.5278611905488,32718467.08763,30925435.5755273,162514207.5492,0.005980926250125,0,0,0,5.069538431573,5.689822562663e-82,0,-0.9759992911462,-0.5288620283754,-14.06860539382,-2.846222600546,1.343628482936,-12.82863094159,15563.39048869,-2961.614737287,0,0,259653.700,2296,448,0,471596.8438506
471800,27872355.08208,9495166.150288,2951483.39998,0,0,0,1.681269240557,-0.5278220222125,32718170.91875,30925139.4068341,162512651.1722,0.00598092624951,0,0,0,5.069538431573,5.688518251209e-82,0,-0.9759754230017,-0.5288229621544,-14.06809617384,-2.846299171666,1.343623206194,-12.82826142859,15564.14923594,-2961.759122089,0,0,259653.800,2296,448,0,471696.8448385
471900,27872327.90096,9495153.362443,2951782.005464,0,0,0,1.681251159597,-0.5277828525542,32717874.73544,30924843.2237025,162511094.7193,0.005980926248896,0,0,0,5.069538431573,5.687214218783e-82,0,-0.9759515574738,-0.528783894656,-14.06758693721,-2.846375756434,1.343617929622,-12.82789188736,15564.90796361,-2961.903503165,0,0,259653.900,2296,448,0,471796.8458265
472000,27872300.71684,9495140.574037,2952080.610493,0,0,0,1.681233067186,-0.527743681574,32717578.53768,30924547.0261336,162509538.1906,0.005980926248281,0,0,0,5.069538431573,5.685910465376e-82,0,-0.9759276938428,-0.5287448256393,-14.06707768079,-2.846452336142,1.34361265322,-12.82752231474,15565.66667171,-2962.047880515,0,0,259654.000,2296,448,0,471896.8468145
472100,27872273.52973,9495127.785073,2952379.215069,0,0,0,1.681214963322,-0.527704509272,32717282.32549,30924250.8141281,162507981.586,0.005980926247667,0,0,0,5.069538431573,5.684606990984e-82,0,-0.9759038334096,-0.5287057554767,-14.06656840943,-2.846528900927,1.343607376989,-12.82715271558,15566.42528193,-2962.19223924,0,0,259654.100,2296,448,0,471996.8478026
472200,27872246.33963,9495114.99555,2952677.819191,0,0,0,1.681196848003,-0.5276653356483,32716986.09887,30923954.5876871,162506424.9056,0.005980926247052,0,0,0,5.069538431573,5.683303795592e-82,0,-0.9758799739635,-0.528666684026,-14.06605912128,-2.846605493936,1.343602100928,-12.82678308804,15567.18385299,-2962.336590514,0,0,259654.200,2296,448,0,472096.8487907
472300,27872219.14654,9495102.205467,2952976.422858,0,0,0,1.681178721228,-0.5276261607031,32716689.85781,30923658.3468116,162504868.1492,0.005980926246438,0,0,0,5.069538431573,5.682000879193e-82,0,-0.9758561193366,-0.5286276110917,-14.06554981379,-2.846682059683,1.343596825038,-12.82641342956,15567.94232617,-2962.480923161,0,0,259654.300,2296,448,0,472196.8497788
472400,27872191.95045,9495089.414825,2953275.026071,0,0,0,1.681160582994,-0.5275869844364,32716393.60232,30923362.0915026,162503311.3171,0.005980926245823,0,0,0,5.069538431573,5.680698241782e-82,0,-0.975832265768,-0.5285885368531,-14.0650404893,-2.846758634805,1.343591549318,-12.82604374248,15568.70079936,-2962.625255808,0,0,259654.400,2296,448,0,472296.850767
472500,27872164.75138,9495076.623625,2953573.628831,0,0,0,1.6811424333,-0.5275478068483,32716097.33239,30923065.8217609,162501754.4091,0.005980926245209,0,0,0,5.069538431573,5.679395883348e-82,0,-0.9758084150672,-0.528549461212,-14.06453114653,-2.84683520724,1.343586273769,-12.82567402551,15569.45919423,-2962.769573554,0,0,259654.500,2296,448,0,472396.8517553
472600,27872137.54931,9495063.831865,2953872.231136,0,0,0,1.681124272144,-0.527508627939,32715801.04803,30922769.5375876,162500197.4253,0.005980926244594,0,0,0,5.069538431573,5.678093803882e-82,0,-0.9757845667861,-0.5285103843509,-14.06402178786,-2.846911794781,1.343580998391,-12.82530428103,15570.21752059,-2962.913878262,0,0,259654.600,2296,448,0,472496.8527436
472700,27872110.34425,9495051.039546,2954170.832986,0,0,0,1.681106099524,-0.5274694477085,32715504.74924,30922473.2389836,162498640.3656,0.00598092624398,0,0,0,5.069538431573,5.676792003376e-82,0,-0.9757607196361,-0.5284713062661,-14.06351241324,-2.846988379914,1.343575723184,-12.82493450899,15570.97589589,-2963.058192283,0,0,259654.700,2296,448,0,472596.8537319
472800,27872083.1362,9495038.246669,2954469.434383,0,0,0,1.68108791544,-0.5274302661569,32715208.43603,30922176.9259499,162497083.2301,0.005980926243366,0,0,0,5.069538431573,5.675490481818e-82,0,-0.9757368776146,-0.5284322265688,-14.0630030176,-2.847064936987,1.343570448147,-12.82456470432,15571.73411457,-2963.202476501,0,0,259654.800,2296,448,0,472696.8547203
472900,27872055.92516,9495025.453232,2954768.035325,0,0,0,1.681069719888,-0.5273910832845,32714912.10838,30921880.5984875,162495526.0188,0.005980926242751,0,0,0,5.069538431573,5.674189239206e-82,0,-0.9757130363707,-0.5283931457931,-14.0624936079,-2.847141503902,1.343565173281,-12.82419487397,15572.49228432,-2963.346751407,0,0,259654.900,2296,448,0,472796.8557088
473000,27872028.71112,9495012.659237,2955066.635812,0,0,0,1.681051512867,-0.5273518990911,32714615.76631,30921584.2565973,162493968.7316,0.005980926242137,0,0,0,5.069538431573,5.672888275523e-82,0,-0.9756891979878,-0.5283540634224,-14.06198417741,-2.847218049702,1.343559898587,-12.82382501122,15573.25052258,-2963.491039351,0,0,259655.000,2296,448,0,472896.8566973
473100,27872001.49409,9494999.864683,2955365.235845,0,0,0,1.681033294376,-0.5273127135771,32714319.4098,30921287.9002803,162492411.3687,0.005980926241522,0,0,0,5.069538431573,5.671587590768e-82,0,-0.9756653619903,-0.5283149799885,-14.06147473307,-2.847294614914,1.343554624063,-12.823455123,15574.00860423,-2963.635297492,0,0,259655.100,2296,448,0,472996.8576858
473200,27871974.27408,9494987.069571,2955663.835424,0,0,0,1.681015064413,-0.5272735267424,32714023.03888,30920991.5295375,162490853.9299,0.005980926240908,0,0,0,5.069538431573,5.670287184926e-82,0,-0.975641528585,-0.5282758951901,-14.06096527093,-2.847371189618,1.34354934971,-12.82308520536,15574.76674461,-2963.77956681,0,0,259655.200,2296,448,0,473096.8586744
473300,27871947.05107,9494974.273899,2955962.434548,0,0,0,1.680996822976,-0.5272343385871,32713726.65353,30920695.1443698,162489296.4153,0.005980926240293,0,0,0,5.069538431573,5.668987057991e-82,0,-0.9756176962056,-0.528236808972,-14.06045579029,-2.847447737585,1.343544075529,-12.8227152576,15575.52472838,-2963.923806325,0,0,259655.300,2296,448,0,473196.859663
473400,27871919.82506,9494961.477669,2956261.033218,0,0,0,1.680978570063,-0.5271951491115,32713430.25375,30920398.7447783,162487738.825,0.005980926239679,0,0,0,5.069538431573,5.667687209954e-82,0,-0.9755938690423,-0.5281977214923,-14.05994629321,-2.847524312183,1.343538801518,-12.82234528177,15576.2826632,-2964.068036526,0,0,259655.400,2296,448,0,473296.8606517
473500,27871892.59607,9494948.680881,2956559.631432,0,0,0,1.680960305673,-0.5271559583155,32713133.83955,30920102.3307638,162486181.1588,0.005980926239064,0,0,0,5.069538431573,5.666387640804e-82,0,-0.9755700432009,-0.5281586326643,-14.05943677855,-2.847600865841,1.343533527679,-12.82197527673,15577.04056866,-2964.21226114,0,0,259655.500,2296,448,0,473396.8616404
473600,27871865.36408,9494935.883534,2956858.229193,0,0,0,1.680942029803,-0.5271167661994,32712837.41093,30919805.9023273,162484623.4168,0.00598092623845,0,0,0,5.069538431573,5.665088350537e-82,0,-0.9755462197417,-0.5281195426079,-14.05892724788,-2.847677444295,1.343528254011,-12.82160524405,15577.79842518,-2964.356476441,0,0,259655.600,2296,448,0,473496.8626292
473700,27871838.12911,9494923.085628,2957156.826498,0,0,0,1.680923742453,-0.5270775727631,32712540.96789,30919509.4594699,162483065.5991,0.005980926237835,0,0,0,5.069538431573,5.663789339138e-82,0,-0.9755223987374,-0.52808045108,-14.05841769803,-2.847753987991,1.343522980515,-12.82123518056,15578.55626213,-2964.500688016,0,0,259655.700,2296,448,0,473596.863618
473800,27871810.89114,9494910.287164,2957455.423349,0,0,0,1.68090544362,-0.5270383780068,32712244.51043,30919213.0021924,162481507.7056,0.005980926237221,0,0,0,5.069538431573,5.6624906066e-82,0,-0.9754985789651,-0.528041358252,-14.05790813123,-2.847830510653,1.34351770719,-12.82086508849,15579.31394246,-2964.644869789,0,0,259655.800,2296,448,0,473696.8646069
473900,27871783.65017,9494897.488142,2957754.019745,0,0,0,1.680887133302,-0.5269991819306,32711948.03855,30918916.5304958,162479949.7363,0.005980926236607,0,0,0,5.069538431573,5.661192152915e-82,0,-0.9754747642413,-0.528002264098,-14.05739854715,-2.847907059752,1.343512434036,-12.8204949675,15580.07164237,-2964.789055288,0,0,259655.900,2296,448,0,473796.8655958
474000,27871756.40622,9494884.688561,2958052.615685,0,0,0,1.680868811498,-0.5269599845346,32711651.55225,30918620.0443812,162478391.6913,0.005980926235992,0,0,0,5.069538431573,5.659893978074e-82,0,-0.975450950674,-0.5279631686296,-14.05688894594,-2.847983606404,1.343507161054,-12.82012481773,15580.82929333,-2964.933231473,0,0,259656.000,2296,448,0,473896.8665848
474100,27871729.15928,9494871.888422,2958351.211172,0,0,0,1.680850478207,-0.526920785819,32711355.05153,30918323.5438495,162476833.5705,0.005980926235378,0,0,0,5.069538431573,5.658596082064e-82,0,-0.9754271393384,-0.5279240718142,-14.05637932717,-2.84806017508,1.343501888243,-12.81975463876,15581.58690515,-2965.077400208,0,0,259656.100,2296,448,0,473996.8675738
474200,27871701.90934,9494859.087724,2958649.806203,0,0,0,1.680832133426,-0.5268815857837,32711058.5364,30918027.0289017,162475275.3739,0.005980926234763,0,0,0,5.069538431573,5.657298464881e-82,0,-0.9754033305295,-0.5278849736559,-14.05586969089,-2.848136729498,1.343496615605,-12.81938443065,15582.34440929,-2965.221548453,0,0,259656.200,2296,448,0,474096.8685629
474300,27871674.65641,9494846.286469,2958948.400779,0,0,0,1.680813777153,-0.526842384429,32710762.00685,30917730.4995386,162473717.1016,0.005980926234149,0,0,0,5.069538431573,5.656001126512e-82,0,-0.9753795247336,-0.5278458742802,-14.05536003874,-2.848213256193,1.343491343137,-12.81901419502,15583.10191343,-2965.365696698,0,0,259656.300,2296,448,0,474196.869552
474400,27871647.40049,9494833.484655,2959246.9949,0,0,0,1.680795409387,-0.5268031817549,32710465.46289,30917433.9557613,162472158.7535,0.005980926233534,0,0,0,5.069538431573,5.65470406695e-82,0,-0.9753557195893,-0.5278067734002,-14.05485036699,-2.848289798323,1.343486070842,-12.81864392813,15583.85940779,-2965.509843081,0,0,259656.400,2296,448,0,474296.8705412
474500,27871620.14158,9494820.682283,2959545.588566,0,0,0,1.680777030127,-0.5267639777615,32710168.90452,30917137.3975708,162470600.3297,0.00598092623292,0,0,0,5.069538431573,5.653407286183e-82,0,-0.9753319197853,-0.5277676712172,-14.05434067825,-2.848366335733,1.343480798719,-12.81827363261,15584.61679447,-2965.653968975,0,0,259656.500,2296,448,0,474396.8715304
474600,27871592.87967,9494807.879353,2959844.181776,0,0,0,1.68075863937,-0.526724772449,32709872.33173,30916840.824968,162469041.8302,0.005980926232305,0,0,0,5.069538431573,5.652110784207e-82,0,-0.9753081209455,-0.5277285679197,-14.05383097499,-2.848442896451,1.343475526767,-12.81790331091,15585.37411264,-2965.79808183,0,0,259656.600,2296,448,0,474496.8725196
474700,27871565.61478,9494795.075865,2960142.774532,0,0,0,1.680740237114,-0.5266855658174,32709575.74453,30916544.2379539,162467483.2549,0.005980926231691,0,0,0,5.069538431573,5.650814561007e-82,0,-0.9752843248036,-0.5276894631081,-14.05332125199,-2.848519404028,1.343470254987,-12.81753295782,15586.13142101,-2965.942192823,0,0,259656.700,2296,448,0,474596.8735089
474800,27871538.34689,9494782.271819,2960441.366832,0,0,0,1.680721823359,-0.5266463578669,32709279.14292,30916247.6365295,162465924.6039,0.005980926231076,0,0,0,5.069538431573,5.649518616577e-82,0,-0.9752605311569,-0.5276503571856,-14.05281151451,-2.84859592675,1.343464983379,-12.81716257859,15586.8886413,-2966.086287051,0,0,259656.800,2296,448,0,474696.8744983
474900,27871511.07601,9494769.467215,2960739.958677,0,0,0,1.680703398101,-0.5266071485975,32708982.5269,30915951.0206957,162464365.8771,0.005980926230462,0,0,0,5.069538431573,5.648222950903e-82,0,-0.9752367396615,-0.5276112495749,-14.05230175502,-2.848672458641,1.343459711944,-12.81679216569,15587.64588116,-2966.230385005,0,0,259656.900,2296,448,0,474796.8754877
475000,27871483.80214,9494756.662053,2961038.550067,0,0,0,1.68068496134,-0.5265679380093,32708685.89648,30915654.3904535,162462807.0747,0.005980926229848,0,0,0,5.069538431573,5.646927563983e-82,0,-0.9752129496582,-0.5275721409629,-14.05179198248,-2.848748988032,1.34345444068,-12.81642172808,15588.40306229,-2966.374471784,0,0,259657.000,2296,448,0,474896.8764772
475100,27871456.52527,9494743.856333,2961337.141002,0,0,0,1.680666513074,-0.5265287261025,32708389.25164,30915357.7458039,162461248.1965,0.005980926229233,0,0,0,5.069538431573,5.645632455802e-82,0,-0.9751891647687,-0.5275330308693,-14.05128219063,-2.848825556396,1.343449169589,-12.8160512595,15589.16016511,-2966.518543661,0,0,259657.100,2296,448,0,474996.8774667
475200,27871429.24542,9494731.050055,2961635.73148,0,0,0,1.680648053301,-0.5264895128772,32708092.5924,30915061.0867478,162459689.2427,0.005980926228619,0,0,0,5.069538431573,5.64433762635e-82,0,-0.9751653807936,-0.5274939193894,-14.05077238071,-2.848902073745,1.34344389867,-12.81568076117,15589.91717005,-2966.662596911,0,0,259657.200,2296,448,0,475096.8784562
475300,27871401.96257,9494718.24322,2961934.321504,0,0,0,1.680629582018,-0.5264502983335,32707795.91876,30914764.4132862,162458130.2131,0.005980926228004,0,0,0,5.069538431573,5.643043075622e-82,0,-0.9751415995876,-0.5274548067113,-14.05026255517,-2.848978587445,1.343438627923,-12.81531023556,15590.67411626,-2966.806638986,0,0,259657.300,2296,448,0,475196.8794458
475400,27871374.67673,9494705.435827,2962232.911072,0,0,0,1.680611099226,-0.5264110824714,32707499.23071,30914467.7254201,162456571.1079,0.00598092622739,0,0,0,5.069538431573,5.641748803603e-82,0,-0.9751178206971,-0.5274156926846,-14.04975271205,-2.849055110786,1.343433357348,-12.8149396807,15591.43107226,-2966.950682923,0,0,259657.400,2296,448,0,475296.8804354
475500,27871347.3879,9494692.627876,2962531.500184,0,0,0,1.68059260492,-0.5263718652911,32707202.52825,30914171.0231505,162455011.9269,0.005980926226775,0,0,0,5.069538431573,5.640454810287e-82,0,-0.9750940431709,-0.5273765772778,-14.04924285095,-2.849131613104,1.343428086946,-12.81456909618,15592.18797932,-2967.094717547,0,0,259657.500,2296,448,0,475396.8814251
475600,27871320.09608,9494679.819368,2962830.088841,0,0,0,1.680574099101,-0.5263326467926,32706905.8114,30913874.3064782,162453452.6703,0.005980926226161,0,0,0,5.069538431573,5.639161095662e-82,0,-0.9750702705247,-0.5273374605084,-14.04873297208,-2.849208156917,1.343422816717,-12.81419848222,15592.94479828,-2967.238735408,0,0,259657.600,2296,448,0,475496.8824149
475700,27871292.80126,9494667.010302,2963128.677042,0,0,0,1.680555581766,-0.5262934269762,32706609.08014,30913577.5754044,162451893.338,0.005980926225546,0,0,0,5.069538431573,5.637867659723e-82,0,-0.9750464993051,-0.5272983426411,-14.0482230789,-2.849284663397,1.34341754666,-12.81382784227,15593.70154873,-2967.382740229,0,0,259657.700,2296,448,0,475596.8834047
475800,27871265.50345,9494654.200678,2963427.264788,0,0,0,1.680537052913,-0.5262542058419,32706312.33448,30913280.8299299,162450333.93,0.005980926224932,0,0,0,5.069538431573,5.636574502455e-82,0,-0.9750227300753,-0.5272592232403,-14.04771316573,-2.849361169325,1.343412276775,-12.81345717065,15594.45826002,-2967.526737601,0,0,259657.800,2296,448,0,475696.8843945
475900,27871238.20266,9494641.390497,2963725.852077,0,0,0,1.680518512541,-0.5262149833897,32706015.57442,30912984.0700558,162448774.4463,0.005980926224317,0,0,0,5.069538431573,5.635281623849e-82,0,-0.9749989637368,-0.527220102458,-14.04720323456,-2.84943770205,1.343407007063,-12.81308646934,15595.21492237,-2967.670725659,0,0,259657.900,2296,448,0,475796.8853844
476000,27871210.89886,9494628.579758,2964024.438911,0,0,0,1.680499960648,-0.5261757596198,32705718.79997,30912687.2957829,162447214.887,0.005980926223703,0,0,0,5.069538431573,5.633989023896e-82,0,-0.9749751998449,-0.5271809804789,-14.04669328778,-2.849514212875,1.343401737524,-12.81271574074,15595.97158473,-2967.814713717,0,0,259658.000,2296,448,0,475896.8863743
476100,27871183.59208,9494615.768463,2964323.025289,0,0,0,1.680481397232,-0.5261365345324,32705422.01111,30912390.5071123,162445655.252,0.005980926223089,0,0,0,5.069538431573,5.63269670259e-82,0,-0.9749514370982,-0.5271418572268,-14.04618332441,-2.849590747568,1.343396468158,-12.81234498387,15596.7282275,-2967.958698049,0,0,259658.100,2296,448,0,475996.8873643
476200,27871156.28231,9494602.956609,2964621.611212,0,0,0,1.680462822292,-0.5260973081275,32705125.20786,30912093.704045,162444095.5413,0.005980926222474,0,0,0,5.069538431573,5.631404659914e-82,0,-0.9749276792693,-0.5271027324092,-14.04567334064,-2.849667246656,1.343391198964,-12.8119741949,15597.48469409,-2968.102648854,0,0,259658.200,2296,448,0,476096.8883543
476300,27871128.96954,9494590.144199,2964920.196678,0,0,0,1.680444235825,-0.5260580804051,32704828.39021,30911796.8865818,162442535.755,0.00598092622186,0,0,0,5.069538431573,5.630112895864e-82,0,-0.9749039225991,-0.5270636064482,-14.04516334196,-2.849743724855,1.343385929944,-12.81160337933,15598.24119983,-2968.24660711,0,0,259658.300,2296,448,0,476196.8893444
476400,27871101.65378,9494577.331231,2965218.781688,0,0,0,1.68042563783,-0.5260188513655,32704531.55817,30911500.0547239,162440975.8931,0.005980926221245,0,0,0,5.069538431573,5.628821410427e-82,0,-0.9748801684397,-0.5270244791569,-14.04465332594,-2.849820230842,1.343380661096,-12.81123253473,15598.99760768,-2968.390546739,0,0,259658.400,2296,448,0,476296.8903345
476500,27871074.33503,9494564.517705,2965517.366242,0,0,0,1.680407028305,-0.5259796210087,32704234.71173,30911203.208472,162439415.9555,0.005980926220631,0,0,0,5.069538431573,5.627530203596e-82,0,-0.9748564169596,-0.5269853506884,-14.04414329457,-2.849896733283,1.343375392421,-12.81086166309,15599.75404491,-2968.534491956,0,0,259658.500,2296,448,0,476396.8913247
476600,27871047.01329,9494551.703623,2965815.950341,0,0,0,1.680388407249,-0.5259403893349,32703937.8509,30910906.3478273,162437855.9423,0.005980926220016,0,0,0,5.069538431573,5.626239275356e-82,0,-0.9748326679688,-0.5269462205912,-14.04363324198,-2.849973259274,1.34337012392,-12.81049075852,15600.51037446,-2968.678416684,0,0,259658.600,2296,448,0,476496.8923149
476700,27871019.68855,9494538.888984,2966114.533983,0,0,0,1.680369774659,-0.525901156344,32703640.97568,30910609.4727908,162436295.8534,0.005980926219402,0,0,0,5.069538431573,5.624948625702e-82,0,-0.9748089198009,-0.5269070892023,-14.04312317255,-2.850049769787,1.343364855591,-12.81011982541,15601.26664528,-2968.822330236,0,0,259658.700,2296,448,0,476596.8933052
476800,27870992.36082,9494526.073787,2966413.117169,0,0,0,1.680351130534,-0.5258619220363,32703344.08607,30910312.5833632,162434735.689,0.005980926218787,0,0,0,5.069538431573,5.623658254623e-82,0,-0.974785177223,-0.5268679568034,-14.04261308995,-2.850126256065,1.343359587436,-12.80974886743,15602.022828,-2968.966227025,0,0,259658.800,2296,448,0,476696.8942955
476900,27870965.03011,9494513.258033,2966711.699898,0,0,0,1.680332474872,-0.5258226864119,32703047.18207,30910015.6795457,162433175.4489,0.005980926218173,0,0,0,5.069538431573,5.622368162106e-82,0,-0.9747614354471,-0.5268288228148,-14.04210298664,-2.850202753353,1.343354319454,-12.80937787703,15602.77901073,-2969.110123813,0,0,259658.900,2296,448,0,476796.8952859
477000,27870937.6964,9494500.441723,2967010.282172,0,0,0,1.680313807672,-0.5257834494707,32702750.26368,30909718.7613391,162431615.1332,0.005980926217558,0,0,0,5.069538431573,5.621078348141e-82,0,-0.9747376963116,-0.5267896875748,-14.04159286701,-2.850279247852,1.343349051645,-12.8090068586,15603.5351543,-2969.254013151,0,0,259659.000,2296,448,0,476896.8962763
477100,27870910.35969,9494487.624855,2967308.863989,0,0,0,1.680295128931,-0.5257442112131,32702453.3309,30909421.8287446,162430054.7419,0.005980926216944,0,0,0,5.069538431573,5.619788812724e-82,0,-0.9747139594934,-0.5267505509226,-14.04108272897,-2.850355764049,1.343343784009,-12.80863581006,15604.29121957,-2969.397887588,0,0,259659.100,2296,448,0,476996.8972667
477200,27870883.02,9494474.80743,2967607.44535,0,0,0,1.680276438648,-0.525704971639,32702156.38373,30909124.881763,162428494.2749,0.00598092621633,0,0,0,5.069538431573,5.618499555838e-82,0,-0.9746902242945,-0.5267114130435,-14.04057257494,-2.850432227786,1.343338516547,-12.80826473382,15605.0472359,-2969.541752711,0,0,259659.200,2296,448,0,477096.8982573
477300,27870855.67731,9494461.989449,2967906.026254,0,0,0,1.680257736821,-0.5256657307485,32701859.42218,30908827.9203952,162426933.7324,0.005980926215715,0,0,0,5.069538431573,5.617210577478e-82,0,-0.9746664940261,-0.5266722739406,-14.04006240496,-2.850508707586,1.343333249258,-12.8078936299,15605.80315434,-2969.685599208,0,0,259659.300,2296,448,0,477196.8992478
477400,27870828.33163,9494449.170911,2968204.606703,0,0,0,1.680239023448,-0.5256264885418,32701562.44625,30908530.9446424,162425373.1143,0.005980926215101,0,0,0,5.069538431573,5.615921877628e-82,0,-0.9746427647021,-0.5266331332908,-14.03955221482,-2.850585196304,1.343327982143,-12.80752249411,15606.55905321,-2969.82944198,0,0,259659.400,2296,448,0,477296.9002384
477500,27870800.98296,9494436.351816,2968503.186694,0,0,0,1.680220298528,-0.525587245019,32701265.45592,30908233.9545055,162423812.4206,0.005980926214486,0,0,0,5.069538431573,5.61463345628e-82,0,-0.9746190377298,-0.5265939913492,-14.03904200784,-2.850661682566,1.343322715202,-12.80715132976,15607.31495207,-2969.973284751,0,0,259659.500,2296,448,0,477396.9012291
477600,27870773.6313,9494423.532164,2968801.766229,0,0,0,1.680201562059,-0.5255480001801,32700968.45122,30907936.9499853,162422251.6513,0.005980926213872,0,0,0,5.069538431573,5.613345313429e-82,0,-0.9745953137273,-0.5265548483705,-14.03853178734,-2.850738208268,1.343317448434,-12.80678014017,15608.07075306,-2970.117108896,0,0,259659.600,2296,448,0,477496.9022198
477700,27870746.27664,9494410.711955,2969100.345308,0,0,0,1.680182814038,-0.5255087540253,32700671.43213,30907639.931083,162420690.8064,0.005980926213257,0,0,0,5.069538431573,5.612057449059e-82,0,-0.9745715919524,-0.5265157038858,-14.0380215472,-2.850814681024,1.34331218184,-12.80640891923,15608.82651489,-2970.260925591,0,0,259659.700,2296,448,0,477596.9032105
477800,27870718.919,9494397.89119,2969398.923929,0,0,0,1.680164054465,-0.5254695065547,32700374.39867,30907342.8977994,162419129.886,0.005980926212643,0,0,0,5.069538431573,5.610769863159e-82,0,-0.9745478714153,-0.5264765580857,-14.03751128993,-2.85089115224,1.343306915419,-12.80603766941,15609.58224736,-2970.404736698,0,0,259659.800,2296,448,0,477696.9042013
477900,27870691.55836,9494385.069868,2969697.502095,0,0,0,1.680145283338,-0.5254302577684,32700077.35082,30907045.8501356,162417568.89,0.005980926212028,0,0,0,5.069538431573,5.60948255572e-82,0,-0.9745241555849,-0.5264374107448,-14.03700101256,-2.850967630977,1.343301649172,-12.80566638778,15610.33786236,-2970.548525453,0,0,259659.900,2296,448,0,477796.9051922
478000,27870664.19473,9494372.24799,2969996.079803,0,0,0,1.680126500654,-0.5253910076665,32699780.28859,30906748.7880925,162416007.8184,0.005980926211414,0,0,0,5.069538431573,5.608195526733e-82,0,-0.9745004410466,-0.5263982621562,-14.03649071894,-2.851044090149,1.3432963831,-12.80529507816,15611.09358504,-2970.692334697,0,0,259660.000,2296,448,0,477896.906183
478100,27870636.8281,9494359.425555,2970294.657055,0,0,0,1.680107706412,-0.525351756249,32699483.21198,30906451.711671,162414446.6713,0.0059809262108,0,0,0,5.069538431573,5.606908776189e-82,0,-0.9744767291259,-0.5263591123942,-14.03598041002,-2.851120590091,1.343291117201,-12.80492374151,15611.84908259,-2970.8361011,0,0,259660.100,2296,448,0,477996.907174
478200,27870609.45849,9494346.602564,2970593.23385,0,0,0,1.680088900611,-0.5253125035162,32699186.121,30906154.6208722,162412885.4486,0.005980926210185,0,0,0,5.069538431573,5.605622304073e-82,0,-0.97445301964,-0.5263199612186,-14.03547008267,-2.851197053872,1.343285851476,-12.80455237469,15612.60462908,-2970.979876816,0,0,259660.200,2296,448,0,478096.908165
478300,27870582.08588,9494333.779016,2970891.810188,0,0,0,1.680070083248,-0.525273249468,32698889.01564,30905857.5156971,162411324.1504,0.005980926209571,0,0,0,5.069538431573,5.604336110377e-82,0,-0.974429312916,-0.526280808913,-14.0349597406,-2.851273516479,1.343280585925,-12.80418098141,15613.36012663,-2971.123643219,0,0,259660.300,2296,448,0,478196.909156
478400,27870554.71028,9494320.954912,2971190.386069,0,0,0,1.680051254321,-0.5252339941047,32698591.89591,30905560.3961465,162409762.7766,0.005980926208956,0,0,0,5.069538431573,5.603050195092e-82,0,-0.9744056084834,-0.5262416551065,-14.03444937896,-2.851350005757,1.343275320549,-12.80380955683,15614.11546756,-2971.26737982,0,0,259660.400,2296,448,0,478296.9101471
478500,27870527.33169,9494308.130252,2971488.961493,0,0,0,1.68003241383,-0.5251947374262,32698294.7618,30905263.2622215,162408201.3273,0.005980926208342,0,0,0,5.069538431573,5.601764558205e-82,0,-0.9743819064593,-0.5262025000781,-14.03393900139,-2.851426475222,1.343270055346,-12.80343810458,15614.87086723,-2971.411127597,0,0,259660.500,2296,448,0,478396.9111382
478600,27870499.9501,9494295.305035,2971787.536461,0,0,0,1.680013561771,-0.5251554794328,32697997.61332,30904966.113923,162406639.8024,0.005980926207727,0,0,0,5.069538431573,5.600479199703e-82,0,-0.9743582068392,-0.5261633434729,-14.03342860327,-2.8515029658,1.343264790318,-12.80306662003,15615.62616901,-2971.554856747,0,0,259660.600,2296,448,0,478496.9121294
478700,27870472.56553,9494282.479262,2972086.110971,0,0,0,1.679994698144,-0.5251162201245,32697700.45046,30904668.9512521,162405078.2021,0.005980926207113,0,0,0,5.069538431573,5.599194119582e-82,0,-0.974334509873,-0.5261241858877,-14.03291819238,-2.851579420988,1.343259525464,-12.80269511096,15616.38137291,-2971.698567271,0,0,259660.700,2296,448,0,478596.9131206
478800,27870445.17796,9494269.652933,2972384.685024,0,0,0,1.679975822947,-0.5250769595014,32697403.27323,30904371.7742096,162403516.5262,0.005980926206498,0,0,0,5.069538431573,5.597909317827e-82,0,-0.9743108151929,-0.5260850265617,-14.0324077588,-2.851655854802,1.343254260784,-12.80232356745,15617.13662575,-2971.842287108,0,0,259660.800,2296,448,0,478696.9141119
478900,27870417.7874,9494256.826047,2972683.25862,0,0,0,1.679956936177,-0.5250376975636,32697106.08164,30904074.5827966,162401954.7747,0.005980926205884,0,0,0,5.069538431573,5.596624794427e-82,0,-0.974287122092,-0.5260458663103,-14.03189731315,-2.851732318042,1.343248996279,-12.80195200013,15617.89176113,-2971.985984594,0,0,259660.900,2296,448,0,478796.9151032
479000,27870390.39385,9494243.998606,2972981.831759,0,0,0,1.679938037834,-0.5249984343113,32696808.87567,30903777.377014,162400392.9478,0.005980926205269,0,0,0,5.069538431573,5.595340549374e-82,0,-0.9742634337955,-0.5260067045968,-14.03138684844,-2.851808777002,1.343243731948,-12.80158040199,15618.646828,-2972.12966904,0,0,259661.000,2296,448,0,478896.9160946
479100,27870362.99731,9494231.170608,2973280.404441,0,0,0,1.679919127914,-0.5249591697445,32696511.65533,30903480.1568628,162398831.0454,0.005980926204655,0,0,0,5.069538431573,5.594056582654e-82,0,-0.9742397464656,-0.5259675412851,-14.03087636291,-2.851885260394,1.343238467792,-12.80120877127,15619.40191444,-2972.273357213,0,0,259661.100,2296,448,0,478996.917086
479200,27870335.59777,9494218.342055,2973578.976665,0,0,0,1.679900206418,-0.5249199038634,32696214.42063,30903182.922344,162397269.0674,0.005980926204041,0,0,0,5.069538431573,5.592772894258e-82,0,-0.9742160617305,-0.5259283770659,-14.03036586554,-2.851961727581,1.34323320381,-12.80083711696,15620.15683448,-2972.41701372,0,0,259661.200,2296,448,0,479096.9180775
479300,27870308.19524,9494205.512945,2973877.548432,0,0,0,1.679881273342,-0.5248806366679,32695917.17156,30902885.6734585,162395707.014,0.005980926203426,0,0,0,5.069538431573,5.591489484176e-82,0,-0.9741923798087,-0.5258892113106,-14.02985534815,-2.852038169837,1.343227940003,-12.80046543087,15620.91176431,-2972.560672089,0,0,259661.300,2296,448,0,479196.919069
479400,27870280.78972,9494192.68328,2974176.119742,0,0,0,1.679862328685,-0.5248413681584,32695619.90813,30902588.4102074,162394144.8851,0.005980926202812,0,0,0,5.069538431573,5.590206352396e-82,0,-0.9741687001737,-0.5258500444052,-14.02934481577,-2.852114625585,1.34322267637,-12.80009371802,15621.66668435,-2972.704328597,0,0,259661.400,2296,448,0,479296.9200606
479500,27870253.38121,9494179.853058,2974474.690594,0,0,0,1.679843372445,-0.5248020983347,32695322.63033,30902291.1325915,162392582.6807,0.005980926202197,0,0,0,5.069538431573,5.588923498906e-82,0,-0.974145021593,-0.5258108759947,-14.02883426377,-2.852191076046,1.343217412913,-12.79972197379,15622.42158481,-2972.847981378,0,0,259661.500,2296,448,0,479396.9210522
479600,27870225.9697,9494167.022281,2974773.260989,0,0,0,1.67982440462,-0.5247628271972,32695025.33816,30901993.8406119,162391020.4008,0.005980926201583,0,0,0,5.069538431573,5.5876409237e-82,0,-0.9741213481943,-0.5257717064923,-14.02832369754,-2.852267550087,1.34321214963,-12.79935020356,15623.17633845,-2972.991606221,0,0,259661.600,2296,448,0,479496.9220438
479700,27870198.55521,9494154.190948,2975071.830927,0,0,0,1.67980542521,-0.5247235547458,32694728.03164,30901696.5342696,162389458.0454,0.005980926200968,0,0,0,5.069538431573,5.58635862676e-82,0,-0.974097675604,-0.525732535387,-14.02781311041,-2.852343967331,1.343206886522,-12.79897840067,15623.93109209,-2973.135231063,0,0,259661.700,2296,448,0,479596.9230356
479800,27870171.13772,9494141.35906,2975370.400406,0,0,0,1.679786434211,-0.5246842809806,32694430.71075,30901399.2135654,162387895.6145,0.005980926200354,0,0,0,5.069538431573,5.58507660808e-82,0,-0.9740740060925,-0.5256933632849,-14.02730251029,-2.852420403587,1.343201623589,-12.79860657301,15624.68576743,-2973.278841004,0,0,259661.800,2296,448,0,479696.9240273
479900,27870143.71724,9494128.526615,2975668.969429,0,0,0,1.679767431622,-0.5246450059018,32694133.3755,30901101.8785004,162386333.1082,0.005980926199739,0,0,0,5.069538431573,5.583794867648e-82,0,-0.9740503388079,-0.5256541896562,-14.02679189028,-2.852496850213,1.343196360831,-12.79823471368,15625.44046234,-2973.42245467,0,0,259661.900,2296,448,0,479796.9250191
480000,27870116.29376,9494115.693615,2975967.537993,0,0,0,1.679748417442,-0.5246057295095,32693836.02589,30900804.5290756,162384770.5265,0.005980926199125,0,0,0,5.069538431573,5.58251340545e-82,0,-0.974026672699,-0.5256150146907,-14.02628125283,-2.852573292631,1.343191098248,-12.79786282515,15626.19506915,-2973.566051573,0,0,259662.000,2296,448,0,479896.926011
480100,27870088.8673,9494102.860059,2976266.1061,0,0,0,1.679729391668,-0.5245664518038,32693538.66192,30900507.1652919,162383207.8692,0.00598092619851,0,0,0,5.069538431573,5.581232221481e-82,0,-0.9740030117522,-0.5255758384291,-14.0257705985,-2.852649777858,1.34318583584,-12.79749090795,15626.94957808,-2973.709629849,0,0,259662.100,2296,448,0,479996.9270029
480200,27870061.43784,9494090.025948,2976564.67375,0,0,0,1.679710354299,-0.5245271727847,32693241.2836,30900209.7871503,162381645.1365,0.005980926197896,0,0,0,5.069538431573,5.579951315725e-82,0,-0.9739793516827,-0.5255366607842,-14.02525992613,-2.852726206721,1.343180573607,-12.79711896094,15627.70405765,-2973.853202537,0,0,259662.200,2296,448,0,480096.9279948
480300,27870034.00539,9494077.191281,2976863.240941,0,0,0,1.679691305333,-0.5244878924525,32692943.89091,30899912.3946517,162380082.3284,0.005980926197282,0,0,0,5.069538431573,5.578670688172e-82,0,-0.973955694479,-0.5254974819046,-14.02474923767,-2.852802633966,1.34317531155,-12.79674698604,15628.45851764,-2973.9967715,0,0,259662.300,2296,448,0,480196.9289868
480400,27870006.56995,9494064.356059,2977161.807675,0,0,0,1.679672244768,-0.5244486108071,32692646.48387,30899614.9877972,162378519.4448,0.005980926196667,0,0,0,5.069538431573,5.577390338812e-82,0,-0.9739320395838,-0.5254583017757,-14.02423853292,-2.852879070869,1.343170049667,-12.79637498308,15629.21290912,-2974.140327424,0,0,259662.400,2296,448,0,480296.9299788
480500,27869979.13151,9494051.520281,2977460.373951,0,0,0,1.679653172603,-0.5244093278487,32692349.06248,30899317.5665877,162376956.4858,0.005980926196053,0,0,0,5.069538431573,5.576110267631e-82,0,-0.9739083873023,-0.525419120096,-14.02372780796,-2.852955484561,1.34316478796,-12.79600294812,15629.96726144,-2974.283875898,0,0,259662.500,2296,448,0,480396.9309709
480600,27869951.69009,9494038.683948,2977758.939769,0,0,0,1.679634088835,-0.5243700435774,32692051.62673,30899020.1310243,162375393.4514,0.005980926195438,0,0,0,5.069538431573,5.574830474619e-82,0,-0.973884735784,-0.5253799369905,-14.02321706442,-2.853031942006,1.343159526429,-12.79563088278,15630.72153545,-2974.42740947,0,0,259662.600,2296,448,0,480496.9319631
480700,27869924.24567,9494025.847059,2978057.505129,0,0,0,1.679614993463,-0.5243307579933,32691754.17663,30898722.6811077,162373830.3415,0.005980926194824,0,0,0,5.069538431573,5.573550959771e-82,0,-0.9738610898039,-0.5253407529343,-14.02270630848,-2.85310836201,1.343154265073,-12.79525879325,15631.4757018,-2974.570922554,0,0,259662.700,2296,448,0,480596.9329553
480800,27869896.79826,9494013.009616,2978356.070031,0,0,0,1.679595886485,-0.5242914710965,32691456.71218,30898425.2168391,162372267.1563,0.005980926194209,0,0,0,5.069538431573,5.572271723067e-82,0,-0.9738374449344,-0.5253015677746,-14.02219553816,-2.853184782045,1.343149003892,-12.79488667755,15632.22987793,-2974.7144375,0,0,259662.800,2296,448,0,480696.9339475
480900,27869869.34785,9494000.171617,2978654.634475,0,0,0,1.6795767679,-0.5242521828871,32691159.23338,30898127.7382195,162370703.8956,0.005980926193595,0,0,0,5.069538431573,5.570992764499e-82,0,-0.973813802086,-0.5252623807612,-14.02168474367,-2.85326122959,1.343143742887,-12.79451452589,15632.98398554,-2974.857939407,0,0,259662.900,2296,448,0,480796.9349398
481000,27869841.89446,9493987.333062,2978953.198461,0,0,0,1.679557637705,-0.5242128933652,32690861.74022,30897830.2452497,162369140.5595,0.00598092619298,0,0,0,5.069538431573,5.569714084054e-82,0,-0.9737901620961,-0.5252231924378,-14.02117393211,-2.853337655308,1.343138482058,-12.79414234536,15633.73807358,-2975.00143759,0,0,259663.000,2296,448,0,480896.9359321
481100,27869814.43807,9493974.493953,2979251.761988,0,0,0,1.679538495899,-0.5241736025309,32690564.23272,30897532.7379308,162367577.1479,0.005980926192366,0,0,0,5.069538431573,5.568435681725e-82,0,-0.9737665245892,-0.5251840030752,-14.02066310701,-2.853414103266,1.343133221404,-12.79377013948,15634.4920931,-2975.144922733,0,0,259663.100,2296,448,0,480996.9369245
481200,27869786.97869,9493961.654288,2979550.325058,0,0,0,1.67951934248,-0.5241343103844,32690266.71087,30897235.2162637,162366013.661,0.005980926191752,0,0,0,5.069538431573,5.567157557496e-82,0,-0.9737428882879,-0.5251448123533,-14.02015226419,-2.85349051463,1.343127960926,-12.79339790408,15635.24612241,-2975.28840974,0,0,259663.200,2296,448,0,481096.9379169
481300,27869759.51632,9493948.814069,2979848.887669,0,0,0,1.679500177446,-0.5240950169256,32689969.17467,30896937.6802494,162364450.0987,0.005980926191137,0,0,0,5.069538431573,5.56587971136e-82,0,-0.9737192567872,-0.5251056203124,-14.01964140417,-2.853566925189,1.343122700624,-12.79302563967,15635.99998532,-2975.431865081,0,0,259663.300,2296,448,0,481196.9389094
481400,27869732.05095,9493935.973294,2980147.449822,0,0,0,1.679481000795,-0.5240557221548,32689671.62412,30896640.1298889,162362886.461,0.005980926190523,0,0,0,5.069538431573,5.564602143299e-82,0,-0.9736956263723,-0.5250664265814,-14.01913052212,-2.85364332445,1.343117440498,-12.79265334143,15636.75390695,-2975.575331599,0,0,259663.400,2296,448,0,481296.9399019
481500,27869704.5826,9493923.131964,2980446.011517,0,0,0,1.679461812526,-0.5240164260721,32689374.05923,30896342.5651831,162361322.7479,0.005980926189908,0,0,0,5.069538431573,5.563324853309e-82,0,-0.9736719990149,-0.525027231982,-14.01861962876,-2.853719741619,1.343112180547,-12.79228102006,15637.50773071,-2975.718779489,0,0,259663.500,2296,448,0,481396.9408945
481600,27869677.11125,9493910.29008,2980744.572754,0,0,0,1.679442612637,-0.5239771286774,32689076.48,30896044.9861331,162359758.9595,0.005980926189294,0,0,0,5.069538431573,5.562047841375e-82,0,-0.9736483737306,-0.5249880358786,-14.01810871579,-2.853796179555,1.343106920773,-12.79190866728,15638.26156425,-2975.862229243,0,0,259663.600,2296,448,0,481496.9418871
481700,27869649.63691,9493897.44764,2981043.133532,0,0,0,1.679423401126,-0.523937829971,32688778.88642,30895747.3927398,162358195.0956,0.005980926188679,0,0,0,5.069538431573,5.560771107483e-82,0,-0.9736247495937,-0.5249488385845,-14.0175977873,-2.853872605916,1.343101661174,-12.79153628716,15639.01525097,-2976.005651057,0,0,259663.700,2296,448,0,481596.9428798
481800,27869622.15957,9493884.604646,2981341.693851,0,0,0,1.679404177991,-0.523898529953,32688481.2785,30895449.7850041,162356631.1564,0.005980926188065,0,0,0,5.069538431573,5.559494651625e-82,0,-0.9736011307942,-0.524909639851,-14.01708684004,-2.853949006006,1.343096401752,-12.79116387645,15639.7689279,-2976.149071008,0,0,259663.800,2296,448,0,481696.9438725
481900,27869594.67925,9493871.761097,2981640.253712,0,0,0,1.679384943231,-0.5238592286234,32688183.65624,30895152.1629271,162355067.1419,0.00598092618745,0,0,0,5.069538431573,5.558218473789e-82,0,-0.9735775130772,-0.5248704397807,-14.01657587536,-2.8540254177,1.343091142506,-12.79079143651,15640.52251674,-2976.292474195,0,0,259663.900,2296,448,0,481796.9448652
482000,27869567.19593,9493858.916993,2981938.813115,0,0,0,1.679365696844,-0.5238199259823,32687886.01964,30894854.5265097,162353503.0519,0.005980926186836,0,0,0,5.069538431573,5.556942573962e-82,0,-0.9735538977173,-0.5248312385028,-14.01606489494,-2.854101826164,1.343085883436,-12.790418969,15641.27611536,-2976.435879245,0,0,259664.000,2296,464,0,481896.945858
482100,27869539.70962,9493846.072334,2982237.372059,0,0,0,1.679346438827,-0.5237806220299,32687588.3687,30894556.8757529,162351938.8866,0.005980926186221,0,0,0,5.069538431573,5.555666952134e-82,0,-0.9735302848212,-0.524792035817,-14.01555389617,-2.854178257255,1.343080624542,-12.79004647132,15642.02964547,-2976.579271257,0,0,259664.100,2296,464,0,481996.9468509
482200,27869512.22032,9493833.227121,2982535.930544,0,0,0,1.679327169179,-0.5237413167662,32687290.70342,30894259.2106577,162350374.646,0.005980926185607,0,0,0,5.069538431573,5.554391608291e-82,0,-0.9735066748739,-0.5247528318224,-14.01504288034,-2.854254605328,1.343075365825,-12.78967394475,15642.78307769,-2976.722644642,0,0,259664.200,2296,464,0,482096.9478438
482300,27869484.72802,9493820.381353,2982834.48857,0,0,0,1.679307887899,-0.5237020101914,32686993.0238,30893961.531225,162348810.33,0.005980926184993,0,0,0,5.069538431573,5.553116542424e-82,0,-0.9734830657518,-0.5247136266203,-14.01453184877,-2.854331023826,1.343070107284,-12.78930139061,15643.53649034,-2976.866014302,0,0,259664.300,2296,464,0,482196.9488367
482400,27869457.23274,9493807.53503,2983133.046138,0,0,0,1.679288594984,-0.5236627023056,32686695.32985,30893663.8374559,162347245.9387,0.005980926184378,0,0,0,5.069538431573,5.551841754519e-82,0,-0.9734594616008,-0.5246744198563,-14.01402079684,-2.854407425423,1.34306484892,-12.78892880428,15644.28982468,-2977.00936906,0,0,259664.400,2296,464,0,482296.9498297
482500,27869429.73446,9493794.688153,2983431.603247,0,0,0,1.679269290433,-0.5236233931089,32686397.62156,30893366.1293512,162345681.4721,0.005980926183764,0,0,0,5.069538431573,5.550567244565e-82,0,-0.9734358582608,-0.5246352117315,-14.01350972718,-2.854483825525,1.343059590732,-12.78855618839,15645.04314923,-2977.152721956,0,0,259664.500,2296,464,0,482396.9508228
482600,27869402.23319,9493781.840722,2983730.159898,0,0,0,1.679249974244,-0.5235840826013,32686099.89894,30893068.4069121,162344116.9301,0.005980926183149,0,0,0,5.069538431573,5.549293012551e-82,0,-0.9734122580847,-0.5245960027532,-14.01299864639,-2.85456026833,1.34305433272,-12.78818354953,15645.79642484,-2977.296065539,0,0,259664.600,2296,464,0,482496.9518159
482700,27869374.72892,9493768.992736,2984028.716089,0,0,0,1.679230646415,-0.523544770783,32685802.16198,30892770.6701394,162342552.3128,0.005980926182535,0,0,0,5.069538431573,5.548019058465e-82,0,-0.9733886602006,-0.5245567921609,-14.01248754456,-2.854636628945,1.343049074885,-12.78781087779,15646.54957321,-2977.439384907,0,0,259664.700,2296,464,0,482596.952809
482800,27869347.22167,9493756.144195,2984327.271821,0,0,0,1.679211306945,-0.523505457654,32685504.41069,30892472.919034,162340987.6202,0.00598092618192,0,0,0,5.069538431573,5.546745382293e-82,0,-0.9733650648177,-0.5245175802863,-14.01197642601,-2.854713038322,1.343043817227,-12.78743817751,15647.3027803,-2977.582715452,0,0,259664.800,2296,464,0,482696.9538022
482900,27869319.71142,9493743.295101,2984625.827095,0,0,0,1.679191955831,-0.5234661432146,32685206.64507,30892175.1535971,162339422.8522,0.005980926181306,0,0,0,5.069538431573,5.545471984025e-82,0,-0.9733414705082,-0.5244783671167,-14.01146529059,-2.854789432858,1.343038559746,-12.7870654485,15648.05588951,-2977.726027369,0,0,259664.900,2296,464,0,482796.9547955
483000,27869292.19818,9493730.445451,2984924.381909,0,0,0,1.679172593072,-0.5234268274647,32684908.86512,30891877.3738296,162337858.009,0.005980926180691,0,0,0,5.069538431573,5.544198863649e-82,0,-0.9733178810636,-0.5244391524921,-14.0109541362,-2.854865802556,1.343033302441,-12.78669268868,15648.80897915,-2977.869335562,0,0,259665.000,2296,464,0,482896.9557887
483100,27869264.68195,9493717.595248,2985222.936265,0,0,0,1.679153218666,-0.5233875104046,32684611.07084,30891579.5797324,162336293.0905,0.005980926180077,0,0,0,5.069538431573,5.542926021153e-82,0,-0.9732942929397,-0.5243999366495,-14.01044296593,-2.854942217405,1.343028045313,-12.78631990113,15649.56192196,-2978.012615815,0,0,259665.100,2296,464,0,482996.9567821
483200,27869237.16272,9493704.74449,2985521.490161,0,0,0,1.679133832611,-0.5233481920342,32684313.26223,30891281.7713065,162334728.0966,0.005980926179463,0,0,0,5.069538431573,5.541653456523e-82,0,-0.9732707073996,-0.5243607194007,-14.00993177733,-2.855018569073,1.343022788363,-12.78594708341,15650.31486477,-2978.155896068,0,0,259665.200,2296,464,0,483096.9577755
483300,27869209.6405,9493691.893179,2985820.043598,0,0,0,1.679114434905,-0.5233088723537,32684015.43929,30890983.9485529,162333163.0275,0.005980926178848,0,0,0,5.069538431573,5.540381169751e-82,0,-0.9732471244282,-0.5243215009711,-14.00942057335,-2.855094968356,1.343017531589,-12.78557423845,15651.06782716,-2978.299180046,0,0,259665.300,2296,464,0,483196.9587689
483400,27869182.11529,9493679.041313,2986118.596576,0,0,0,1.679095025547,-0.5232695513633,32683717.60202,30890686.1114726,162331597.8831,0.005980926178234,0,0,0,5.069538431573,5.539109160822e-82,0,-0.9732235425011,-0.5242822813194,-14.00890935343,-2.855171376057,1.343012274992,-12.7852013657,15651.82070145,-2978.44244726,0,0,259665.400,2296,464,0,483296.9597624
483500,27869154.58709,9493666.188893,2986417.149095,0,0,0,1.679075604535,-0.5232302290629,32683419.75043,30890388.2600666,162330032.6634,0.005980926177619,0,0,0,5.069538431573,5.537837429725e-82,0,-0.9731999655043,-0.524243060051,-14.00839811244,-2.855247759546,1.343007018572,-12.78482846002,15652.57345828,-2978.585692123,0,0,259665.500,2296,464,0,483396.9607559
483600,27869127.05589,9493653.335919,2986715.701155,0,0,0,1.679056171867,-0.5231909054527,32683121.88452,30890090.3943358,162328467.3684,0.005980926177005,0,0,0,5.069538431573,5.536565976446e-82,0,-0.9731763897816,-0.5242038375527,-14.00788685542,-2.855324162977,1.343001762329,-12.78445552646,15653.32621511,-2978.728936985,0,0,259665.600,2296,464,0,483496.9617495
483700,27869099.52171,9493640.482391,2987014.252755,0,0,0,1.679036727541,-0.5231515805329,32682824.00428,30889792.5142811,162326901.9981,0.00598092617639,0,0,0,5.069538431573,5.535294800976e-82,0,-0.9731528167996,-0.5241646139387,-14.00737558385,-2.855400507359,1.342996506264,-12.78408256649,15654.07886428,-2978.872161359,0,0,259665.700,2296,464,0,483596.9627431
483800,27869071.98453,9493627.628309,2987312.803896,0,0,0,1.679017271556,-0.5231122543035,32682526.10972,30889494.6199036,162325336.5526,0.005980926175776,0,0,0,5.069538431573,5.5340239033e-82,0,-0.9731292457925,-0.5241253885808,-14.00686428955,-2.85547689874,1.342991250376,-12.78370957192,15654.8314645,-2979.015376419,0,0,259665.800,2296,464,0,483696.9637368
483900,27869044.44436,9493614.773673,2987611.354577,0,0,0,1.678997803909,-0.5230729267646,32682228.20083,30889196.7112043,162323771.0318,0.005980926175161,0,0,0,5.069538431573,5.532753283407e-82,0,-0.97310567773,-0.5240861621969,-14.00635298188,-2.85555325304,1.342985994665,-12.78333655212,15655.58410387,-2979.15859893,0,0,259665.900,2296,464,0,483796.9647305
484000,27869016.90119,9493601.918483,2987909.904799,0,0,0,1.678978324599,-0.5230335979163,32681930.27763,30888898.7881841,162322205.4358,0.005980926174547,0,0,0,5.069538431573,5.531482941285e-82,0,-0.9730821106056,-0.5240469345086,-14.00584165721,-2.855629627993,1.342980739132,-12.78296350345,15656.33668452,-2979.301810265,0,0,259666.000,2296,464,0,483896.9657242
484100,27868989.35504,9493589.06274,2988208.454562,0,0,0,1.678958833624,-0.5229942677587,32681632.34011,30888600.850844,162320639.7645,0.005980926173933,0,0,0,5.069538431573,5.530212876924e-82,0,-0.9730585488533,-0.5240077056966,-14.00533031789,-2.855706000601,1.342975483775,-12.78259042826,15657.08915749,-2979.44500111,0,0,259666.100,2296,464,0,483996.9667181
484200,27868961.80589,9493576.206442,2988507.003864,0,0,0,1.678939330982,-0.522954936292,32681334.38826,30888302.8991851,162319074.018,0.005980926173318,0,0,0,5.069538431573,5.528943090304e-82,0,-0.9730349876276,-0.5239684752782,-14.00481895763,-2.855782360798,1.342970228597,-12.78221732026,15657.84153258,-2979.58817333,0,0,259666.200,2296,464,0,484096.9677119
484300,27868934.25375,9493563.349591,2988805.552708,0,0,0,1.678919816671,-0.5229156035162,32681036.4221,30888004.9332081,162317508.1962,0.005980926172704,0,0,0,5.069538431573,5.527673581422e-82,0,-0.9730114294995,-0.523929243623,-14.00430758125,-2.855858765689,1.342964973596,-12.78184418427,15658.59393704,-2979.731351137,0,0,259666.300,2296,464,0,484196.9687058
484400,27868906.69861,9493550.492186,2989104.101091,0,0,0,1.67890029069,-0.5228762694315,32680738.44162,30887706.9529142,162315942.2992,0.005980926172089,0,0,0,5.069538431573,5.526404350262e-82,0,-0.9729878737998,-0.5238900107494,-14.00379618899,-2.855935132586,1.342959718773,-12.78147102052,15659.34624361,-2979.874510318,0,0,259666.400,2296,464,0,484296.9696998
484500,27868879.14049,9493537.634228,2989402.649015,0,0,0,1.678880753037,-0.5228369340379,32680440.44683,30887408.9583043,162314376.3269,0.005980926171475,0,0,0,5.069538431573,5.525135396808e-82,0,-0.9729643188456,-0.5238507763243,-14.0032847765,-2.856011498917,1.342954464127,-12.78109782467,15660.09860891,-2980.017680675,0,0,259666.500,2296,464,0,484396.9706938
484600,27868851.57937,9493524.775716,2989701.196479,0,0,0,1.67886120371,-0.5227975973355,32680142.43772,30887110.9493793,162312810.2795,0.00598092617086,0,0,0,5.069538431573,5.523866721052e-82,0,-0.9729407693631,-0.5238115407121,-14.00277334854,-2.856087862661,1.342949209659,-12.78072460146,15660.85082739,-2980.160823092,0,0,259666.600,2296,464,0,484496.9716878
484700,27868824.01526,9493511.91665,2989999.743484,0,0,0,1.678841642708,-0.5227582593245,32679844.4143,30886812.9261403,162311244.1568,0.005980926170246,0,0,0,5.069538431573,5.52259832298e-82,0,-0.9729172205335,-0.5237723038325,-14.00226190406,-2.856164190761,1.342943955369,-12.78035134985,15661.60297735,-2980.30395247,0,0,259666.700,2296,464,0,484596.9726819
484800,27868796.44815,9493499.057031,2990298.290028,0,0,0,1.678822070027,-0.5227189200049,32679546.37656,30886514.8885883,162309677.9589,0.005980926169631,0,0,0,5.069538431573,5.521330202581e-82,0,-0.9728936747812,-0.5237330655579,-14.0017504414,-2.856240566064,1.342938701256,-12.77997806817,15662.35506858,-2980.447070673,0,0,259666.800,2296,464,0,484696.9736761
484900,27868768.87806,9493486.196859,2990596.836113,0,0,0,1.678802485667,-0.5226795793769,32679248.32451,30886216.8367241,162308111.6857,0.005980926169017,0,0,0,5.069538431573,5.520062359838e-82,0,-0.9728701309324,-0.5236938258406,-14.00123895993,-2.856316925499,1.342933447322,-12.7796047558,15663.10715982,-2980.590188876,0,0,259666.900,2296,464,0,484796.9746703
485000,27868741.30497,9493473.336133,2990895.381738,0,0,0,1.678782889626,-0.5226402374406,32678950.25815,30885918.7705489,162306545.3374,0.005980926168403,0,0,0,5.069538431573,5.518794794746e-82,0,-0.9728465899313,-0.5236545850476,-14.00072746444,-2.856393281946,1.342928193565,-12.77923141751,15663.85931957,-2980.733320117,0,0,259667.000,2296,464,0,484896.9756645
485100,27868713.72889,9493460.474854,2991193.926903,0,0,0,1.678763281902,-0.522600894196,32678652.17748,30885620.6900635,162304978.9139,0.005980926167788,0,0,0,5.069538431573,5.517527507287e-82,0,-0.9728230500946,-0.5236153429632,-14.00021595212,-2.856469660577,1.342922939987,-12.7788580505,15664.6112444,-2980.876406655,0,0,259667.100,2296,464,0,484996.9766588
485200,27868686.14981,9493447.613021,2991492.471608,0,0,0,1.678743662493,-0.5225615496433,32678354.0825,30885322.595269,162303412.4152,0.005980926167174,0,0,0,5.069538431573,5.51626049745e-82,0,-0.9727995153416,-0.5235760994338,-13.99971936232,-2.856546002378,1.342917686586,-12.77849959413,15665.36314965,-2981.019489467,0,0,259667.200,2296,464,0,485096.9776531
485300,27868658.56775,9493434.750635,2991791.015852,0,0,0,1.678724031398,-0.5225222037825,32678055.97322,30885024.4861662,162301845.8413,0.005980926166559,0,0,0,5.069538431573,5.514993765221e-82,0,-0.9727759815489,-0.523536854619,-13.99923367287,-2.856622368296,1.342912433364,-12.7781520262,15666.1150549,-2981.16257228,0,0,259667.300,2296,464,0,485196.9786475
485400,27868630.98269,9493421.887696,2992089.559637,0,0,0,1.678704388614,-0.5224828566139,32677757.84962,30884726.3627563,162300279.1922,0.005980926165945,0,0,0,5.069538431573,5.513727310587e-82,0,-0.9727524505927,-0.5234976083859,-13.99874796587,-2.856698719009,1.34290718032,-12.77780442883,15666.86686228,-2981.305636466,0,0,259667.400,2296,464,0,485296.979642
485500,27868603.39464,9493409.024203,2992388.102961,0,0,0,1.67868473414,-0.5224435081374,32677459.71172,30884428.2250401,162298712.4679,0.00598092616533,0,0,0,5.069538431573,5.512461133539e-82,0,-0.972728921662,-0.5234583609748,-13.99826224429,-2.856775045234,1.342901927454,-12.77745680497,15667.61866965,-2981.448700652,0,0,259667.500,2296,464,0,485396.9806364
485600,27868575.8036,9493396.160158,2992686.645826,0,0,0,1.678665067974,-0.5224041583532,32677161.55952,30884130.0730187,162297145.6685,0.005980926164716,0,0,0,5.069538431573,5.511195234061e-82,0,-0.972705395741,-0.5234191122114,-13.99777650598,-2.856851392474,1.342896674767,-12.77710915248,15668.37035956,-2981.591742486,0,0,259667.600,2296,464,0,485496.981631
485700,27868548.20956,9493383.295559,2992985.18823,0,0,0,1.678645390113,-0.5223648072613,32676863.39301,30883831.906693,162295578.7938,0.005980926164101,0,0,0,5.069538431573,5.509929612141e-82,0,-0.9726818708389,-0.5233798621384,-13.99729075146,-2.856927726065,1.342891422257,-12.77676147187,15669.12198095,-2981.734771281,0,0,259667.700,2296,464,0,485596.9826255
485800,27868520.61253,9493370.430408,2993283.730173,0,0,0,1.678625700558,-0.522325454862,32676565.21219,30883533.726064,162294011.8441,0.005980926163487,0,0,0,5.069538431573,5.508664267766e-82,0,-0.9726583508298,-0.5233406106123,-13.99680497895,-2.85700408299,1.342886169927,-12.77641376137,15669.87358277,-2981.877796352,0,0,259667.800,2296,464,0,485696.9836202
485900,27868493.01251,9493357.564703,2993582.271657,0,0,0,1.678605999304,-0.5222861011552,32676267.01708,30883235.5311327,162292444.8191,0.005980926162872,0,0,0,5.069538431573,5.507399200924e-82,0,-0.972634831936,-0.5233013579021,-13.99631919179,-2.857080446514,1.342880917774,-12.77606602431,15670.62515523,-2982.020815834,0,0,259667.900,2296,464,0,485796.9846148
486000,27868465.4095,9493344.698446,2993880.81268,0,0,0,1.678586286352,-0.5222467461412,32675968.80766,30882937.3219001,162290877.719,0.005980926162258,0,0,0,5.069538431573,5.506134411604e-82,0,-0.9726113156565,-0.523262103931,-13.99583338903,-2.85715678909,1.342875665801,-12.77571825973,15671.37667874,-2982.163826004,0,0,259668.000,2296,464,0,485896.9856096
486100,27868437.8035,9493331.831635,2994179.353242,0,0,0,1.678566561698,-0.5222073898199,32675670.58394,30882639.098367,162289310.5438,0.005980926161644,0,0,0,5.069538431573,5.504869899789e-82,0,-0.9725878019435,-0.5232228485681,-13.99534756904,-2.857233126284,1.342870414006,-12.77537046601,15672.1281631,-2982.306828722,0,0,259668.100,2296,464,0,485996.9866043
486200,27868410.1945,9493318.964272,2994477.893344,0,0,0,1.678546825342,-0.5221680321916,32675372.34593,30882340.8605346,162287743.2934,0.005980926161029,0,0,0,5.069538431573,5.503605665469e-82,0,-0.9725642890382,-0.5231835919674,-13.99486173373,-2.857309450315,1.342865162389,-12.77502264505,15672.87955936,-2982.449814677,0,0,259668.200,2296,464,0,486096.9875991
486300,27868382.58251,9493306.096355,2994776.432986,0,0,0,1.67852707728,-0.5221286732562,32675074.09361,30882042.6084038,162286175.9679,0.005980926160415,0,0,0,5.069538431573,5.502341708629e-82,0,-0.972540781578,-0.5231443340428,-13.99437588204,-2.857385800052,1.342859910951,-12.77467479579,15673.63087732,-2982.592785731,0,0,259668.300,2296,464,0,486196.988594
486400,27868354.96753,9493293.227886,2995074.972167,0,0,0,1.678507317512,-0.522089313014,32674775.827,30881744.3419755,162284608.5672,0.0059809261598,0,0,0,5.069538431573,5.501078029259e-82,0,-0.9725172750073,-0.5231050748254,-13.99389001434,-2.857462110189,1.342854659692,-12.77432691861,15674.38223443,-2982.735764235,0,0,259668.400,2296,464,0,486296.9895889
486500,27868327.34955,9493280.358864,2995373.510887,0,0,0,1.678487546036,-0.5220499514649,32674477.54609,30881446.0612508,162283041.0914,0.005980926159186,0,0,0,5.069538431573,5.499814627342e-82,0,-0.9724937708807,-0.5230658139758,-13.99340412645,-2.85753841966,1.342849408612,-12.77397900931,15675.13351324,-2982.878727838,0,0,259668.500,2296,464,0,486396.9905839
486600,27868299.72858,9493267.48929,2995672.049147,0,0,0,1.67846776285,-0.5220105886092,32674179.25089,30881147.7662306,162281473.5405,0.005980926158571,0,0,0,5.069538431573,5.498551502869e-82,0,-0.9724702695534,-0.5230265522775,-13.99291822806,-2.857614772053,1.342844157711,-12.77363107758,15675.88475289,-2983.021683991,0,0,259668.600,2296,464,0,486496.9915789
486700,27868272.10462,9493254.619163,2995970.586946,0,0,0,1.678447967951,-0.5219712244469,32673880.94139,30880849.4569159,162279905.9145,0.005980926157957,0,0,0,5.069538431573,5.497288655823e-82,0,-0.972446770338,-0.5229872887315,-13.99243230679,-2.857691087002,1.342838906989,-12.77328311105,15676.63592402,-2983.164627105,0,0,259668.700,2296,464,0,486596.9925739
486800,27868244.47767,9493241.748483,2996269.124284,0,0,0,1.678428161339,-0.5219318589781,32673582.6176,30880551.1333077,162278338.2133,0.005980926157342,0,0,0,5.069538431573,5.496026086195e-82,0,-0.9724232724952,-0.5229480242053,-13.9919463734,-2.857767451388,1.342833656445,-12.77293512046,15677.38699727,-2983.307551593,0,0,259668.800,2296,464,0,486696.993569
486900,27868216.84772,9493228.877251,2996567.661162,0,0,0,1.678408343011,-0.521892492203,32673284.27951,30880252.795407,162276770.4371,0.005980926156728,0,0,0,5.069538431573,5.494763793969e-82,0,-0.9723997799119,-0.522908758399,-13.99146042416,-2.857843776375,1.342828406081,-12.77258710209,15678.13803137,-2983.45046863,0,0,259668.900,2296,464,0,486796.9945642
487000,27868189.21479,9493216.005466,2996866.197579,0,0,0,1.678388512966,-0.5218531241215,32672985.92713,30879954.4432146,162275202.5857,0.005980926156114,0,0,0,5.069538431573,5.493501779137e-82,0,-0.9723762884129,-0.5228694915046,-13.99097446146,-2.857920076881,1.342823155896,-12.77223905833,15678.88907526,-2983.593387529,0,0,259669.000,2296,464,0,486896.9955594
487100,27868161.57886,9493203.133129,2997164.733534,0,0,0,1.678368671201,-0.5218137547339,32672687.56047,30879656.0767317,162273634.6593,0.005980926155499,0,0,0,5.069538431573,5.492240041677e-82,0,-0.9723527992011,-0.5228302228059,-13.99048847643,-2.857996422468,1.34281790589,-12.77189098029,15679.64005063,-2983.73629339,0,0,259669.100,2296,464,0,486996.9965546
487200,27868133.93993,9493190.260239,2997463.269029,0,0,0,1.678348817716,-0.5217743840403,32672389.17951,30879357.6959592,162272066.6577,0.005980926154885,0,0,0,5.069538431573,5.490978581582e-82,0,-0.9723293124119,-0.522790952817,-13.99000247543,-2.858072704946,1.342812656063,-12.77154287435,15680.39087917,-2983.879171312,0,0,259669.200,2296,464,0,487096.9975499
487300,27868106.29802,9493177.386797,2997761.804063,0,0,0,1.678328952507,-0.5217350120406,32672090.78426,30879059.300898,162270498.5811,0.00598092615427,0,0,0,5.069538431573,5.489717398838e-82,0,-0.972305828575,-0.5227516817901,-13.98951646159,-2.858149037652,1.342807406416,-12.77119474362,15681.14171751,-2984.022051096,0,0,259669.300,2296,464,0,487196.9985452
487400,27868078.65311,9493164.512803,2998060.338636,0,0,0,1.678309075574,-0.5216956387351,32671792.37473,30878760.8915492,162268930.4294,0.005980926153656,0,0,0,5.069538431573,5.488456493431e-82,0,-0.9722823453716,-0.5227124094146,-13.98903043105,-2.858225353673,1.342802156948,-12.77084658426,15681.89249711,-2984.164919704,0,0,259669.400,2296,464,0,487296.9995406
487500,27868051.00521,9493151.638256,2998358.872748,0,0,0,1.678289186914,-0.5216562641239,32671493.95091,30878462.4679137,162267362.2026,0.005980926153041,0,0,0,5.069538431573,5.487195865346e-82,0,-0.9722588674565,-0.5226731355673,-13.9885443823,-2.858301645675,1.342796907659,-12.77049839474,15682.64327671,-2984.307788312,0,0,259669.500,2296,464,0,487397.0005361
487600,27868023.35432,9493138.763157,2998657.406398,0,0,0,1.678269286526,-0.521616888207,32671195.51281,30878164.0299925,162265793.9007,0.005980926152427,0,0,0,5.069538431573,5.485935514575e-82,0,-0.9722353906335,-0.5226338606638,-13.98805832048,-2.858378005917,1.34279165855,-12.77015018019,15683.39397801,-2984.45064202,0,0,259669.600,2296,464,0,487497.0015315
487700,27867995.70043,9493125.887506,2998955.939588,0,0,0,1.678249374408,-0.5215775109846,32670897.06042,30877865.5777866,162264225.5238,0.005980926151812,0,0,0,5.069538431573,5.484675441098e-82,0,-0.9722119164379,-0.5225945840571,-13.98757223758,-2.858454303354,1.342786409621,-12.76980193262,15684.14451291,-2984.593464062,0,0,259669.700,2296,464,0,487597.0025271
487800,27867968.04355,9493113.011302,2999254.472316,0,0,0,1.678229450557,-0.5215381324567,32670598.59374,30877567.111297,162262657.0718,0.005980926151198,0,0,0,5.069538431573,5.483415644908e-82,0,-0.9721884445429,-0.5225553064491,-13.98708614229,-2.85853062661,1.342781160871,-12.7694536607,15684.89511632,-2984.736299142,0,0,259669.800,2296,464,0,487697.0035226
487900,27867940.38368,9493100.134547,2999553.004583,0,0,0,1.678209514973,-0.5214987526234,32670300.11279,30877268.6305246,162261088.5448,0.005980926150584,0,0,0,5.069538431573,5.482156125988e-82,0,-0.9721649740033,-0.5225160276577,-13.98660003235,-2.858606933804,1.3427759123,-12.76910536218,15685.64572953,-2984.879136086,0,0,259669.900,2296,464,0,487797.0045183
488000,27867912.72082,9493087.257239,2999851.536389,0,0,0,1.678189567653,-0.521459371485,32670001.61755,30876970.1354704,162259519.9427,0.005980926149969,0,0,0,5.069538431573,5.480896884324e-82,0,-0.9721415082374,-0.5224767472269,-13.98611390212,-2.858683219261,1.34277066391,-12.76875703141,15686.39618612,-2985.021943226,0,0,259670.000,2296,464,0,487897.0055139
488100,27867885.05496,9493074.37938,3000150.067733,0,0,0,1.678169608596,-0.5214199890413,32669703.10803,30876671.6261354,162257951.2655,0.005980926149355,0,0,0,5.069538431573,5.479637919902e-82,0,-0.9721180437541,-0.5224374654357,-13.98562775506,-2.858759522063,1.342765415699,-12.76840867185,15687.14664271,-2985.164750367,0,0,259670.100,2296,464,0,487997.0065097
488200,27867857.38611,9493061.500968,3000448.598616,0,0,0,1.6781496378,-0.5213806052927,32669404.58423,30876373.1025206,162256382.5134,0.00598092614874,0,0,0,5.069538431573,5.478379232713e-82,0,-0.9720945819291,-0.5223981825667,-13.98514159466,-2.858835811792,1.342760167668,-12.76806028699,15687.89697205,-2985.307533294,0,0,259670.200,2296,464,0,488097.0075054
488300,27867829.71427,9493048.622005,3000747.129037,0,0,0,1.678129655262,-0.5213412202391,32669106.04615,30876074.5646269,162254813.6861,0.005980926148126,0,0,0,5.069538431573,5.47712082274e-82,0,-0.9720711223249,-0.5223588983463,-13.98465541753,-2.858912127196,1.342754919816,-12.76771187343,15688.64738949,-2985.450332984,0,0,259670.300,2296,464,0,488197.0085012
488400,27867802.03944,9493035.74249,3001045.658997,0,0,0,1.678109660981,-0.5213018338807,32668807.4938,30875776.0124553,162253244.7839,0.005980926147511,0,0,0,5.069538431573,5.47586268997e-82,0,-0.9720476654442,-0.5223196128587,-13.98416922472,-2.858988448703,1.342749672145,-12.76736343223,15689.39770904,-2985.593114048,0,0,259670.400,2296,464,0,488297.0094971
488500,27867774.36161,9493022.862423,3001344.188496,0,0,0,1.678089654956,-0.5212624462176,32668508.92716,30875477.4460069,162251675.8066,0.005980926146897,0,0,0,5.069538431573,5.474604834389e-82,0,-0.97202420945,-0.5222803257943,-13.9836830124,-2.859064723549,1.342744424654,-12.76701495954,15690.14795029,-2985.735880211,0,0,259670.500,2296,464,0,488397.010493
488600,27867746.68079,9493009.981804,3001642.717533,0,0,0,1.678069637184,-0.5212230572498,32668210.34625,30875178.8652826,162250106.7543,0.005980926146282,0,0,0,5.069538431573,5.473347255985e-82,0,-0.9720007587746,-0.5222410376912,-13.98319678722,-2.859141042898,1.342739177343,-12.76666646203,15690.89809366,-2985.878627747,0,0,259670.600,2296,464,0,488497.011489
488700,27867718.99698,9492997.100633,3001941.246108,0,0,0,1.678049607663,-0.5211836669776,32667911.75107,30874880.2702833,162248537.627,0.005980926145668,0,0,0,5.069538431573,5.472089954744e-82,0,-0.9719773090867,-0.5222017481147,-13.98271054381,-2.859217323725,1.342733930212,-12.76631793431,15691.64818808,-2986.02136597,0,0,259670.700,2296,464,0,488597.012485
488800,27867691.31018,9492984.21891,3002239.774222,0,0,0,1.678029566393,-0.5211442754009,32667613.14161,30874581.6610101,162246968.4247,0.005980926145054,0,0,0,5.069538431573,5.47083293065e-82,0,-0.9719538621178,-0.5221624573405,-13.98222428557,-2.859293631165,1.342728683261,-12.76596937979,15692.39827272,-2986.164102331,0,0,259670.800,2296,464,0,488697.013481
488900,27867663.62038,9492971.336636,3002538.301874,0,0,0,1.67800951337,-0.5211048825199,32667314.51788,30874283.0374639,162245399.1474,0.005980926144439,0,0,0,5.069538431573,5.469576183692e-82,0,-0.9719304174879,-0.5221231651906,-13.98173801031,-2.859369875815,1.34272343649,-12.76562079627,15693.14832799,-2986.306833103,0,0,259670.900,2296,464,0,488797.0144771
489000,27867635.92759,9492958.453811,3002836.829064,0,0,0,1.677989448593,-0.5210654883347,32667015.87988,30873984.3996457,162243829.795,0.005980926143825,0,0,0,5.069538431573,5.468319713856e-82,0,-0.9719069742364,-0.522083871923,-13.98125172122,-2.85944616573,1.3427181899,-12.76527218693,15693.89826581,-2986.449541524,0,0,259671.000,2296,464,0,488897.0154733
489100,27867608.23181,9492945.570433,3003135.355792,0,0,0,1.677969372061,-0.5210260928454,32666717.22761,30873685.7475565,162242260.3677,0.00598092614321,0,0,0,5.069538431573,5.467063521128e-82,0,-0.9718835355872,-0.522044577074,-13.98076541255,-2.859522475865,1.34271294349,-12.76492354604,15694.64816447,-2986.592242494,0,0,259671.100,2296,464,0,488997.0164695
489200,27867580.53303,9492932.686505,3003433.882059,0,0,0,1.677949283771,-0.520986696052,32666418.56106,30873387.0811973,162240690.8654,0.005980926142596,0,0,0,5.069538431573,5.465807605492e-82,0,-0.9718600986052,-0.5220052810273,-13.98027908906,-2.859598748321,1.34270769726,-12.76457487835,15695.3980044,-2986.734932289,0,0,259671.200,2296,464,0,489097.0174657
489300,27867552.83126,9492919.802024,3003732.407863,0,0,0,1.677929183721,-0.5209472979548,32666119.88025,30873088.400569,162239121.2881,0.005980926141981,0,0,0,5.069538431573,5.464551966936e-82,0,-0.9718366634541,-0.5219659834912,-13.97979274714,-2.859675068032,1.342702451211,-12.76422618023,15696.14783454,-2986.87762022,0,0,259671.300,2296,464,0,489197.018462
489400,27867525.1265,9492906.916993,3004030.933206,0,0,0,1.677909071911,-0.5209078985538,32665821.18517,30872789.7056727,162237551.6358,0.005980926141367,0,0,0,5.069538431573,5.463296605448e-82,0,-0.9718132313635,-0.521926684739,-13.97930639017,-2.859751327368,1.342697205342,-12.76387745507,15696.8975668,-2987.020289525,0,0,259671.400,2296,464,0,489297.0194584
489500,27867497.41875,9492894.03141,3004329.458087,0,0,0,1.677888948337,-0.5208684978491,32665522.47582,30872490.9965092,162235981.9086,0.005980926140753,0,0,0,5.069538431573,5.462041521012e-82,0,-0.9717898016376,-0.5218873849434,-13.97882002029,-2.859827609221,1.342691959654,-12.76352870501,15697.64733821,-2987.162966281,0,0,259671.500,2296,464,0,489397.0204547
489600,27867469.70801,9492881.145275,3004627.982505,0,0,0,1.677868812998,-0.5208290958408,32665223.75221,30872192.2730797,162234412.1064,0.005980926140138,0,0,0,5.069538431573,5.460786713614e-82,0,-0.9717663727487,-0.5218480834136,-13.97833362894,-2.859903911839,1.342686714146,-12.7631799215,15698.39709004,-2987.305639312,0,0,259671.600,2296,464,0,489497.0214512
489700,27867441.99427,9492868.258589,3004926.506462,0,0,0,1.677848665893,-0.520789692529,32664925.01433,30871893.535385,162232842.2292,0.005980926139524,0,0,0,5.069538431573,5.459532183243e-82,0,-0.9717429491551,-0.5218087810198,-13.97784722691,-2.859980152509,1.34268146882,-12.76283111529,15699.14661675,-2987.448269501,0,0,259671.700,2296,464,0,489597.0224477
489800,27867414.27754,9492855.371352,3005225.029956,0,0,0,1.677828507019,-0.5207502879139,32664626.26219,30871594.7834262,162231272.277,0.005980926138909,0,0,0,5.069538431573,5.45827792988e-82,0,-0.9717195266035,-0.5217694768841,-13.97736080331,-2.8600564429,1.342676223674,-12.76248227553,15699.89618261,-2987.590907142,0,0,259671.800,2296,464,0,489697.0234442
489900,27867386.55781,9492842.483564,3005523.552989,0,0,0,1.677808336375,-0.5207108819954,32664327.49578,30871296.0172042,162229702.2499,0.005980926138295,0,0,0,5.069538431573,5.457023953514e-82,0,-0.9716961067225,-0.521730171612,-13.97687436565,-2.860132691532,1.342670978708,-12.7621334097,15700.6456408,-2987.733524293,0,0,259671.900,2296,464,0,489797.0244408
490000,27867358.8351,9492829.595225,3005822.075559,0,0,0,1.677788153958,-0.5206714747738,32664028.71511,30870997.23672,162228132.1479,0.00598092613768,0,0,0,5.069538431573,5.455770254132e-82,0,-0.9716726892879,-0.5216908651939,-13.97638791381,-2.86020896391,1.342665733924,-12.76178451769,15701.39517729,-2987.876156345,0,0,259672.000,2296,464,0,489897.0254374
490100,27867331.10939,9492816.706334,3006120.597666,0,0,0,1.677767959768,-0.5206320662491,32663729.92018,30870698.4419745,162226561.9709,0.005980926137066,0,0,0,5.069538431573,5.454516831719e-82,0,-0.9716492743566,-0.521651557433,-13.97590144534,-2.860285280272,1.342660489321,-12.76143559705,15702.14460611,-2988.018767908,0,0,259672.100,2296,464,0,489997.0264341
490200,27867303.38069,9492803.816893,3006419.119312,0,0,0,1.677747753801,-0.5205926564214,32663431.11099,30870399.6329689,162224991.719,0.005980926136451,0,0,0,5.069538431573,5.453263686259e-82,0,-0.9716258603182,-0.5216122480776,-13.97541495715,-2.86036153677,1.342655244898,-12.76108664467,15702.89395663,-2988.16136457,0,0,259672.200,2296,464,0,490097.0274308
490300,27867275.64899,9492790.9269,3006717.640495,0,0,0,1.677727536057,-0.5205532452909,32663132.28754,30870100.809704,162223421.3921,0.005980926135837,0,0,0,5.069538431573,5.452010817741e-82,0,-0.9716024517312,-0.5215729376233,-13.97492845536,-2.860437815591,1.342650000657,-12.76073766669,15703.64321905,-2988.303944468,0,0,259672.300,2296,464,0,490197.0284275
490400,27867247.9143,9492778.036356,3007016.161216,0,0,0,1.677707306533,-0.5205138328576,32662833.44984,30869801.9721808,162221850.9904,0.005980926135223,0,0,0,5.069538431573,5.450758226148e-82,0,-0.9715790439937,-0.5215336258048,-13.97444193668,-2.860514058613,1.342644756597,-12.7603886598,15704.39249126,-2988.446526229,0,0,259672.400,2296,464,0,490297.0294244
490500,27867220.17662,9492765.145262,3007314.681474,0,0,0,1.677687065228,-0.5204744191216,32662534.59787,30869503.1204003,162220280.5136,0.005980926134608,0,0,0,5.069538431573,5.44950591147e-82,0,-0.9715556386626,-0.5214943126169,-13.97395540105,-2.860590323544,1.342639512718,-12.76003962396,15705.1416558,-2988.589087501,0,0,259672.500,2296,464,0,490397.0304212
490600,27867192.43595,9492752.253616,3007613.201269,0,0,0,1.677666812139,-0.520435004083,32662235.73165,30869204.2543635,162218709.962,0.005980926133994,0,0,0,5.069538431573,5.448253873688e-82,0,-0.9715322365135,-0.521454998312,-13.9734688516,-2.860666587453,1.34263426902,-12.75969056228,15705.89083992,-2988.731652498,0,0,259672.600,2296,464,0,490497.0314181
490700,27867164.69229,9492739.36142,3007911.720603,0,0,0,1.677646547266,-0.520395587742,32661936.85118,30868905.3740715,162217139.3355,0.005980926133379,0,0,0,5.069538431573,5.447002112789e-82,0,-0.9715088347613,-0.5214156824307,-13.97298228265,-2.860742833275,1.342629025503,-12.75934146906,15706.63990658,-2988.874195144,0,0,259672.700,2296,464,0,490597.0324151
490800,27867136.94563,9492726.468673,3008210.239473,0,0,0,1.677626270605,-0.5203561700987,32661637.95644,30868606.479525,162215568.634,0.005980926132765,0,0,0,5.069538431573,5.445750628762e-82,0,-0.9714854384912,-0.5213763654508,-13.97249570009,-2.860819105088,1.342623782168,-12.75899235023,15707.38894387,-2989.016732201,0,0,259672.800,2296,464,0,490697.0334121
490900,27867109.19598,9492713.575375,3008508.757881,0,0,0,1.677605982156,-0.5203167511531,32661339.04746,30868307.5707252,162213997.8577,0.00598092613215,0,0,0,5.069538431573,5.444499421591e-82,0,-0.9714620430896,-0.5213370471235,-13.97200910086,-2.860895338942,1.342618539014,-12.75864320271,15708.13790285,-2989.159254357,0,0,259672.900,2296,464,0,490797.0344091
491000,27867081.44334,9492700.681526,3008807.275827,0,0,0,1.677585681916,-0.5202773309053,32661040.12422,30868008.647673,162212427.0065,0.005980926131536,0,0,0,5.069538431573,5.44324849126e-82,0,-0.9714386501739,-0.5212977272959,-13.97152248307,-2.860971615678,1.342613296041,-12.75829402458,15708.88688142,-2989.301780239,0,0,259673.000,2296,464,0,490897.0354062
491100,27867053.6877,9492687.787127,3009105.793309,0,0,0,1.677565369883,-0.5202379093555,32660741.18674,30867709.7103694,162210856.0803,0.005980926130921,0,0,0,5.069538431573,5.441997837758e-82,0,-0.9714152603475,-0.5212584066416,-13.97103585504,-2.861047893239,1.34260805325,-12.7579448242,15709.63573273,-2989.444281906,0,0,259673.100,2296,464,0,490997.0364034
491200,27867025.92907,9492674.892177,3009404.310329,0,0,0,1.677545046057,-0.5201984865038,32660442.235,30867410.7588153,162209285.0793,0.005980926130307,0,0,0,5.069538431573,5.440747461066e-82,0,-0.9713918722087,-0.5212190841203,-13.9705492039,-2.86112413194,1.342602810641,-12.75759558869,15710.38461341,-2989.586789161,0,0,259673.200,2296,464,0,491097.0374006
491300,27866998.16745,9492661.996677,3009702.826886,0,0,0,1.677524710434,-0.5201590623502,32660143.26901,30867111.7930118,162207714.0034,0.005980926129693,0,0,0,5.069538431573,5.439497361172e-82,0,-0.9713684854918,-0.5211797605231,-13.97006253945,-2.861200371206,1.342597568213,-12.75724632782,15711.13342557,-2989.729283378,0,0,259673.300,2296,464,0,491197.0383978
491400,27866970.40283,9492649.100626,3010001.34298,0,0,0,1.677504363013,-0.5201196368949,32659844.28877,30866812.8129599,162206142.8526,0.005980926129078,0,0,0,5.069538431573,5.438247538063e-82,0,-0.9713451037419,-0.5211404356626,-13.96957585937,-2.861276598765,1.342592325967,-12.75689703929,15711.88212028,-2989.871755242,0,0,259673.400,2296,464,0,491297.0393951
491500,27866942.63523,9492636.204024,3010299.858611,0,0,0,1.677484003792,-0.5200802101379,32659545.29429,30866513.8186605,162204571.627,0.005980926128464,0,0,0,5.069538431573,5.436997991725e-82,0,-0.9713217232476,-0.5211011094455,-13.9690891625,-2.861352845982,1.342587083903,-12.75654772193,15712.63081498,-2990.014227107,0,0,259673.500,2296,464,0,491397.0403925
491600,27866914.86463,9492623.306872,3010598.373779,0,0,0,1.67746363277,-0.5200407820794,32659246.28556,30866214.8101146,162203000.3265,0.005980926127849,0,0,0,5.069538431573,5.435748722141e-82,0,-0.9712983454238,-0.5210617819506,-13.96860244981,-2.861429114499,1.34258184202,-12.75619837672,15713.37943138,-2990.156684071,0,0,259673.600,2296,464,0,491497.0413898
491700,27866887.09103,9492610.40917,3010896.888485,0,0,0,1.677443249944,-0.5200013527195,32658947.26258,30865915.7873231,162201428.9511,0.005980926127235,0,0,0,5.069538431573,5.434499729296e-82,0,-0.9712749697138,-0.5210224530245,-13.96811571941,-2.861505344097,1.34257660032,-12.75584900175,15714.12803798,-2990.299139172,0,0,259673.700,2296,464,0,491597.0423873
491800,27866859.31445,9492597.510917,3011195.402727,0,0,0,1.677422855312,-0.5199619220582,32658648.22536,30865616.7502871,162199857.5009,0.00598092612662,0,0,0,5.069538431573,5.433251013178e-82,0,-0.9712515967583,-0.5209831229103,-13.96762897431,-2.861581597041,1.342571358801,-12.75549960004,15714.87660544,-2990.441586822,0,0,259673.800,2296,464,0,491697.0433848
491900,27866831.53487,9492584.612114,3011493.916506,0,0,0,1.677402448874,-0.5199224900957,32658349.1739,30865317.6990076,162198285.9758,0.005980926126006,0,0,0,5.069538431573,5.432002573772e-82,0,-0.9712282249676,-0.5209437914422,-13.96714221245,-2.861657836413,1.342566117464,-12.75515016952,15715.6250848,-2990.584017709,0,0,259673.900,2296,464,0,491797.0443823
492000,27866803.7523,9492571.712761,3011792.429822,0,0,0,1.677382030626,-0.5198830568321,32658050.10819,30865018.6334855,162196714.3759,0.005980926125391,0,0,0,5.069538431573,5.430754411062e-82,0,-0.971204858151,-0.5209044587891,-13.96665543592,-2.861734075813,1.342560876309,-12.75480071229,15716.37349564,-2990.726435557,0,0,259674.000,2296,464,0,491897.0453799
492100,27866775.96674,9492558.812857,3012090.942675,0,0,0,1.677361600568,-0.5198436222675,32657751.02825,30864719.5537218,162195142.7011,0.005980926124777,0,0,0,5.069538431573,5.429506525036e-82,0,-0.9711814926144,-0.5208651247302,-13.966168642,-2.861810335202,1.342555635337,-12.75445122561,15717.1218967,-2990.868851542,0,0,259674.100,2296,464,0,491997.0463775
492200,27866748.17818,9492545.912404,3012389.455064,0,0,0,1.677341158696,-0.519804186402,32657451.93406,30864420.4597175,162193570.9515,0.005980926124163,0,0,0,5.069538431573,5.428258915677e-82,0,-0.9711581294315,-0.5208257894545,-13.96568183302,-2.861886536967,1.342550394546,-12.75410171182,15717.87018029,-2991.011245176,0,0,259674.200,2296,464,0,492097.0473752
492300,27866720.38663,9492533.0114,3012687.96699,0,0,0,1.67732070501,-0.5197647492356,32657152.82563,30864121.3514736,162191999.1271,0.005980926123548,0,0,0,5.069538431573,5.42701158297e-82,0,-0.9711347688875,-0.5207864527809,-13.96519500674,-2.861962759418,1.342545153938,-12.75375216868,15718.61843453,-2991.153633222,0,0,259674.300,2296,464,0,492197.0483729
492400,27866692.59209,9492520.109846,3012986.478453,0,0,0,1.677300239508,-0.5197253107686,32656853.70296,30863822.228991,162190427.2278,0.005980926122934,0,0,0,5.069538431573,5.425764526902e-82,0,-0.9711114092899,-0.5207471146761,-13.96470816274,-2.862038990149,1.342539913512,-12.75340259577,15719.36662024,-2991.296008229,0,0,259674.400,2296,464,0,492297.0493706
492500,27866664.79455,9492507.207742,3013284.989453,0,0,0,1.677279762187,-0.5196858710009,32656554.56606,30863523.0922708,162188855.2537,0.005980926122319,0,0,0,5.069538431573,5.424517747458e-82,0,-0.9710880550958,-0.5207077754399,-13.96422130475,-2.862115220431,1.342534673268,-12.75305299679,15720.11481574,-2991.438385099,0,0,259674.500,2296,464,0,492397.0503685
492600,27866636.99402,9492494.305088,3013583.499989,0,0,0,1.677259273047,-0.5196464299327,32656255.41492,30863223.9413139,162187283.2048,0.005980926121705,0,0,0,5.069538431573,5.423271244622e-82,0,-0.9710647012453,-0.5206684346345,-13.96373442733,-2.862191492076,1.342529433207,-12.75270336633,15720.86295251,-2991.580750793,0,0,259674.600,2296,464,0,492497.0513663
492700,27866609.1905,9492481.401884,3013882.010062,0,0,0,1.677238772084,-0.5196069875642,32655956.24954,30862924.7761213,162185711.0811,0.00598092612109,0,0,0,5.069538431573,5.42202501838e-82,0,-0.9710413503363,-0.5206290926945,-13.96324753587,-2.862267705825,1.342524193328,-12.75235370977,15721.6109914,-2991.723097861,0,0,259674.700,2296,464,0,492597.0523642
492800,27866581.38399,9492468.49813,3014180.519671,0,0,0,1.677218259297,-0.5195675438953,32655657.06993,30862625.5966939,162184138.8826,0.005980926120476,0,0,0,5.069538431573,5.420779068719e-82,0,-0.9710180021188,-0.5205897494413,-13.96276062816,-2.862343919696,1.342518953632,-12.75200402489,15722.35892262,-2991.865424439,0,0,259674.800,2296,464,0,492697.0533622
492900,27866553.57448,9492455.593826,3014479.028817,0,0,0,1.677197734685,-0.5195280989262,32655357.87608,30862326.4030328,162182566.6093,0.005980926119861,0,0,0,5.069538431573,5.419533395622e-82,0,-0.9709946563449,-0.5205504049034,-13.96227370456,-2.862420144042,1.342513714118,-12.75165431204,15723.1069713,-2992.00777337,0,0,259674.900,2296,464,0,492797.0543602
493000,27866525.76198,9492442.688973,3014777.537499,0,0,0,1.677177198245,-0.519488652657,32655058.66801,30862027.195139,162180994.2612,0.005980926119247,0,0,0,5.069538431573,5.418287999075e-82,0,-0.9709713114533,-0.5205110591043,-13.96178676534,-2.862496389988,1.342508474786,-12.75130457151,15723.85489273,-2992.150098085,0,0,259675.000,2296,464,0,492897.0553582
493100,27866497.94649,9492429.783569,3015076.045717,0,0,0,1.677156649975,-0.5194492050879,32654759.4457,30861727.9730134,162179421.8384,0.005980926118633,0,0,0,5.069538431573,5.417042879061e-82,0,-0.9709479718043,-0.5204717119237,-13.96129980902,-2.862572587757,1.342503235638,-12.75095480181,15724.60278479,-2992.292417213,0,0,259675.100,2296,464,0,492997.0563563
493200,27866470.12801,9492416.877616,3015374.553472,0,0,0,1.677136089874,-0.5194097562188,32654460.20916,30861428.7366571,162177849.3407,0.005980926118018,0,0,0,5.069538431573,5.415798035568e-82,0,-0.9709246332065,-0.5204323634709,-13.96081283696,-2.862648793517,1.342497996672,-12.75060500429,15725.35054961,-2992.434712127,0,0,259675.200,2296,464,0,493097.0573545
493300,27866442.30653,9492403.971114,3015673.060763,0,0,0,1.677115517941,-0.51937030605,32654160.95839,30861129.4860709,162176276.7682,0.005980926117404,0,0,0,5.069538431573,5.414553468582e-82,0,-0.9709012972677,-0.520393013756,-13.96032584928,-2.862724997967,1.342492757889,-12.75025517907,15726.09830464,-2992.577005178,0,0,259675.300,2296,464,0,493197.0583527
493400,27866414.48206,9492391.064061,3015971.56759,0,0,0,1.677094934172,-0.5193308545815,32653861.69339,30860830.2212559,162174704.121,0.005980926116789,0,0,0,5.069538431573,5.413309178082e-82,0,-0.9708779636836,-0.520353662586,-13.9598388436,-2.862801213085,1.342487519289,-12.74990532377,15726.84604009,-2992.719294503,0,0,259675.400,2296,464,0,493297.0593509
493500,27866386.65459,9492378.156459,3016270.073953,0,0,0,1.677074338566,-0.5192914018134,32653562.41416,30860530.942213,162173131.399,0.005980926116175,0,0,0,5.069538431573,5.412065164062e-82,0,-0.970854632478,-0.5203143102228,-13.95935182314,-2.862877469824,1.342482280871,-12.74955544162,15727.59374618,-2992.861578241,0,0,259675.500,2296,464,0,493397.0603492
493600,27866358.82414,9492365.248308,3016568.579853,0,0,0,1.677053731122,-0.5192519477458,32653263.12071,30860231.6489434,162171558.6023,0.00598092611556,0,0,0,5.069538431573,5.410821426499e-82,0,-0.970831302747,-0.5202749565135,-13.95886478603,-2.862953681422,1.342477042637,-12.74920553072,15728.34133481,-2993.003839627,0,0,259675.600,2296,464,0,493497.0613475
493700,27866330.99069,9492352.339607,3016867.085289,0,0,0,1.677033111837,-0.5192124923788,32652963.81303,30859932.3414478,162169985.7308,0.005980926114946,0,0,0,5.069538431573,5.40957796538e-82,0,-0.9708079778548,-0.5202356015614,-13.95837773353,-2.863029877032,1.342471804586,-12.74885559235,15729.08884513,-2993.146086112,0,0,259675.700,2296,464,0,493597.0623459
493800,27866303.15425,9492339.430357,3017165.59026,0,0,0,1.677012480709,-0.5191730357126,32652664.49112,30859633.0197273,162168412.7845,0.005980926114332,0,0,0,5.069538431573,5.408334780692e-82,0,-0.9707846540343,-0.5201962451599,-13.9578906631,-2.863106073983,1.342466566717,-12.74850562396,15729.8363163,-2993.288325146,0,0,259675.800,2296,464,0,493697.0633443
493900,27866275.31481,9492326.520557,3017464.094768,0,0,0,1.676991837738,-0.5191335777472,32652365.15499,30859333.683783,162166839.7635,0.005980926113717,0,0,0,5.069538431573,5.407091872421e-82,0,-0.9707613328829,-0.5201568876287,-13.95740357869,-2.863182260123,1.342461329032,-12.7481556295,15730.5837581,-2993.430558592,0,0,259675.900,2296,464,0,493797.0643428
494000,27866247.47238,9492313.610207,3017762.598811,0,0,0,1.67697118292,-0.5190941184827,32652065.80464,30859034.3336157,162165266.6678,0.005980926113103,0,0,0,5.069538431573,5.405849240547e-82,0,-0.9707380143399,-0.5201175287459,-13.95691647755,-2.863258488947,1.34245609153,-12.74780560622,15731.33118033,-2993.572788313,0,0,259676.000,2296,464,0,493897.0653413
494100,27866219.62696,9492300.699309,3018061.102391,0,0,0,1.676950516254,-0.5190546579192,32651766.44007,30858734.9692265,162163693.4973,0.005980926112488,0,0,0,5.069538431573,5.40460688506e-82,0,-0.9707146968003,-0.5200781685575,-13.95642936025,-2.863334692085,1.342450854212,-12.74745555468,15732.07851447,-2993.71500127,0,0,259676.100,2296,464,0,493997.0663399
494200,27866191.77855,9492287.787861,3018359.605506,0,0,0,1.676929837738,-0.5190151960569,32651467.06127,30858435.5906163,162162120.2521,0.005980926111874,0,0,0,5.069538431573,5.403364805939e-82,0,-0.970691384096,-0.5200388069301,-13.95594222514,-2.863410879662,1.342445617076,-12.74710547324,15732.82578987,-2993.857203051,0,0,259676.200,2296,464,0,494097.0673385
494300,27866163.92714,9492274.875864,3018658.108157,0,0,0,1.676909147371,-0.5189757328959,32651167.66826,30858136.1977861,162160546.9321,0.005980926111259,0,0,0,5.069538431573,5.402123003173e-82,0,-0.9706680724618,-0.5199994439282,-13.95545507303,-2.863487088671,1.342440380124,-12.74675536268,15733.57300655,-2993.999393657,0,0,259676.300,2296,464,0,494197.0683372
494400,27866136.07274,9492261.963318,3018956.610344,0,0,0,1.67688844515,-0.5189362684361,32650868.26103,30857836.790737,162158973.5375,0.005980926110645,0,0,0,5.069538431573,5.400881476748e-82,0,-0.9706447638568,-0.5199600799587,-13.95496790893,-2.863563285202,1.342435143356,-12.74640522805,15734.32017428,-2994.141574949,0,0,259676.400,2296,464,0,494297.0693359
494500,27866108.21535,9492249.050222,3019255.112067,0,0,0,1.676867731073,-0.5188968026779,32650568.83957,30857537.3694699,162157400.0681,0.00598092611003,0,0,0,5.069538431573,5.399640226645e-82,0,-0.9706214574208,-0.5199207143864,-13.95448072501,-2.863639505678,1.342429906771,-12.74605506148,15735.06731265,-2994.283750653,0,0,259676.500,2296,464,0,494397.0703347
494600,27866080.35496,9492236.136578,3019553.613325,0,0,0,1.67684700514,-0.5188573356211,32650269.40391,30857237.9339857,162155826.524,0.005980926109416,0,0,0,5.069538431573,5.39839925285e-82,0,-0.9705981534405,-0.5198813475878,-13.9539935259,-2.863715700149,1.342424670369,-12.74570486762,15735.81448038,-2994.425931945,0,0,259676.600,2296,464,0,494497.0713335
494700,27866052.49159,9492223.222384,3019852.114119,0,0,0,1.676826267347,-0.518817867266,32649969.95402,30856938.4842855,162154252.9052,0.005980926108802,0,0,0,5.069538431573,5.397158555351e-82,0,-0.9705748504321,-0.5198419796792,-13.95350631306,-2.863791860025,1.342419434151,-12.74535464792,15736.56146214,-2994.568077847,0,0,259676.700,2296,464,0,494597.0723323
494800,27866024.62521,9492210.307642,3020150.614448,0,0,0,1.676805517693,-0.5187783976127,32649670.48992,30856639.0203702,162152679.2117,0.005980926108187,0,0,0,5.069538431573,5.395918134126e-82,0,-0.9705515527304,-0.5198026101957,-13.95301908072,-2.86386803928,1.342414198117,-12.74500439661,15737.30840474,-2994.710216299,0,0,259676.800,2296,464,0,494697.0733312
494900,27865996.75585,9492197.39235,3020449.114313,0,0,0,1.676784756176,-0.5187389266612,32649371.01161,30856339.5422409,162151105.4435,0.005980926107573,0,0,0,5.069538431573,5.394677989164e-82,0,-0.9705282561338,-0.519763239512,-13.95253183354,-2.86394425156,1.342408962266,-12.74465411834,15738.05533756,-2994.852352887,0,0,259676.900,2296,464,0,494797.0743302
495000,27865968.88349,9492184.47651,3020747.613714,0,0,0,1.676763982794,-0.5186994544117,32649071.51908,30856040.0498985,162149531.6006,0.005980926106958,0,0,0,5.069538431573,5.393438120451e-82,0,-0.9705049620888,-0.5197238675315,-13.9520445703,-2.864020440425,1.342403726599,-12.7443038119,15738.80230952,-2994.994496927,0,0,259677.000,2296,464,0,494897.0753292
495100,27865941.00814,9492171.56012,3021046.112649,0,0,0,1.676743197546,-0.5186599808642,32648772.01234,30855740.543344,162147957.6831,0.005980926106344,0,0,0,5.069538431573,5.392198527969e-82,0,-0.9704816704023,-0.5196844942471,-13.95155729093,-2.864096645487,1.342398491116,-12.74395347721,15739.54916403,-2995.136618614,0,0,259677.100,2296,464,0,494997.0763282
495200,27865913.1298,9492158.643182,3021344.611121,0,0,0,1.67672240043,-0.5186205060189,32648472.49139,30855441.0225783,162146383.6908,0.005980926105729,0,0,0,5.069538431573,5.390959211701e-82,0,-0.9704583799464,-0.5196451197603,-13.95106999668,-2.864172817212,1.342393255817,-12.74360311552,15740.29589129,-2995.278716087,0,0,259677.200,2296,464,0,495097.0773273
495300,27865885.24846,9492145.725695,3021643.109127,0,0,0,1.676701591442,-0.5185810298758,32648172.95623,30855141.4876025,162144809.6239,0.005980926105115,0,0,0,5.069538431573,5.389720171634e-82,0,-0.9704350945018,-0.5196057436408,-13.95058268222,-2.864248988408,1.342388020702,-12.74325272149,15741.0425794,-2995.42080611,0,0,259677.300,2296,464,0,495197.0783265
495400,27865857.36413,9492132.807659,3021941.606669,0,0,0,1.676680770583,-0.5185415524351,32647873.40686,30854841.9384176,162143235.4823,0.005980926104501,0,0,0,5.069538431573,5.388481407753e-82,0,-0.9704118104541,-0.519566366747,-13.95009535817,-2.864325192411,1.342382785771,-12.74290230576,15741.78924793,-2995.562892407,0,0,259677.400,2296,464,0,495297.0793257
495500,27865829.47681,9492119.889075,3022240.103746,0,0,0,1.67665993785,-0.5185020736969,32647573.84329,30854542.3750245,162141661.2661,0.005980926103886,0,0,0,5.069538431573,5.38724292004e-82,0,-0.9703885284207,-0.5195269878865,-13.94960800979,-2.864401374128,1.342377551024,-12.74255185357,15742.53586752,-2995.704969391,0,0,259677.500,2296,464,0,495397.0803249
495600,27865801.5865,9492106.969942,3022538.600359,0,0,0,1.67663909324,-0.5184625936613,32647274.2655,30854242.7974242,162140086.9751,0.005980926103272,0,0,0,5.069538431573,5.386004708483e-82,0,-0.9703652492573,-0.519487608202,-13.94912065121,-2.864477530235,1.342372316461,-12.74220137904,15743.28247733,-2995.847044513,0,0,259677.600,2296,464,0,495497.0813242
495700,27865773.69319,9492094.05026,3022837.096506,0,0,0,1.676618236753,-0.5184231123283,32646974.67351,30853943.2056178,162138512.6096,0.005980926102657,0,0,0,5.069538431573,5.384766773062e-82,0,-0.9703419724284,-0.5194482269761,-13.94863327356,-2.864553692993,1.342367082082,-12.74185087331,15744.02895009,-2995.989093557,0,0,259677.700,2296,464,0,495597.0823235
495800,27865745.79689,9492081.13003,3023135.592189,0,0,0,1.676597368386,-0.5183836296981,32646675.06732,30853643.5996061,162136938.1694,0.005980926102043,0,0,0,5.069538431573,5.383529113766e-82,0,-0.9703186969468,-0.5194088447697,-13.94814588377,-2.864629854706,1.342361847888,-12.74150034331,15744.77540328,-2996.131138876,0,0,259677.800,2296,464,0,495697.0833229
495900,27865717.89759,9492068.209251,3023434.087407,0,0,0,1.676576488137,-0.5183441457707,32646375.44692,30853343.9793902,162135363.6545,0.005980926101428,0,0,0,5.069538431573,5.382291730575e-82,0,-0.970295426163,-0.5193694607967,-13.94765847211,-2.864706050415,1.342356613877,-12.74114977931,15745.52178796,-2996.273171157,0,0,259677.900,2296,464,0,495797.0843223
496000,27865689.99531,9492055.287924,3023732.582159,0,0,0,1.676555596005,-0.5183046605464,32646075.81231,30853044.344971,162133789.065,0.005980926100814,0,0,0,5.069538431573,5.381054623476e-82,0,-0.9702721565294,-0.5193300759069,-13.94717104911,-2.864782242373,1.342351380051,-12.74079919183,15746.26818242,-2996.4152053,0,0,259678.000,2296,464,0,495897.0853218
496100,27865662.09003,9492042.366049,3024031.076447,0,0,0,1.676534691988,-0.5182651740251,32645776.16351,30852744.6963496,162132214.4009,0.005980926100199,0,0,0,5.069538431573,5.379817792454e-82,0,-0.9702488898556,-0.5192906895577,-13.94668360805,-2.864858410857,1.34234614641,-12.74044857414,15747.01443984,-2996.557213366,0,0,259678.100,2296,464,0,495997.0863213
496200,27865634.18175,9492029.443625,3024329.57027,0,0,0,1.676513776084,-0.5182256862071,32645476.5005,30852445.0335269,162130639.6621,0.005980926099585,0,0,0,5.069538431573,5.37858123749e-82,0,-0.9702256253558,-0.519251301906,-13.94619615087,-2.86493456567,1.342340912953,-12.74009792819,15747.76068748,-2996.69921957,0,0,259678.200,2296,464,0,496097.0873209
496300,27865606.27049,9492016.520652,3024628.063627,0,0,0,1.67649284829,-0.5181861970923,32645176.82329,30852145.3565039,162129064.8487,0.005980926098971,0,0,0,5.069538431573,5.377344958568e-82,0,-0.9702023632427,-0.5192119129271,-13.94570867727,-2.865010719191,1.34233567968,-12.73974725367,15748.50695469,-2996.841229498,0,0,259678.300,2296,464,0,496197.0883205
496400,27865578.35623,9492003.597132,3024926.55652,0,0,0,1.676471908605,-0.5181467066808,32644877.13189,30851845.6652817,162127489.9607,0.005980926098356,0,0,0,5.069538431573,5.376108955678e-82,0,-0.9701791020439,-0.519172522671,-13.94522118785,-2.865086887349,1.342330446592,-12.7393965512,15749.25311423,-2996.983218938,0,0,259678.400,2296,464,0,496297.0893202
496500,27865550.43898,9491990.673063,3025225.048947,0,0,0,1.676450957028,-0.5181072149729,32644577.42628,30851545.9598611,162125914.9981,0.005980926097742,0,0,0,5.069538431573,5.374873228798e-82,0,-0.9701558462025,-0.5191331310548,-13.94473368161,-2.865163050558,1.342325213689,-12.73904581974,15749.99920526,-2997.125195339,0,0,259678.500,2296,464,0,496397.0903199
496600,27865522.51873,9491977.748446,3025523.540909,0,0,0,1.676429993556,-0.5180677219686,32644277.70648,30851246.2402432,162124339.9609,0.005980926097127,0,0,0,5.069538431573,5.373637777917e-82,0,-0.9701325917227,-0.5190937383459,-13.94424616184,-2.865239211038,1.34231998097,-12.73869506261,15750.7452767,-2997.267168015,0,0,259678.600,2296,464,0,496497.0913196
496700,27865494.59549,9491964.823281,3025822.032405,0,0,0,1.676409018187,-0.518028227668,32643977.97248,30850946.5064289,162122764.8491,0.005980926096513,0,0,0,5.069538431573,5.372402603014e-82,0,-0.9701093395666,-0.5190543441616,-13.94375862381,-2.865315357397,1.342314748437,-12.73834427506,15751.49126006,-2997.409123927,0,0,259678.700,2296,464,0,496597.0923194
496800,27865466.66926,9491951.897567,3026120.523437,0,0,0,1.67638803092,-0.5179887320711,32643678.22429,30850646.7584192,162121189.6626,0.005980926095898,0,0,0,5.069538431573,5.371167704077e-82,0,-0.9700860898832,-0.5190149485962,-13.94327106869,-2.865391521431,1.342309516088,-12.73799345827,15752.23723362,-2997.551077977,0,0,259678.800,2296,464,0,496697.0933193
496900,27865438.74004,9491938.971306,3026419.014002,0,0,0,1.676367031753,-0.5179492351782,32643378.4619,30850346.9962152,162119614.4016,0.005980926095284,0,0,0,5.069538431573,5.36993308109e-82,0,-0.9700628411485,-0.518975551831,-13.94278349872,-2.865467700143,1.342304283924,-12.73764261447,15752.98312888,-2997.693017125,0,0,259678.900,2296,464,0,496797.0943192
497000,27865410.80782,9491926.044496,3026717.504103,0,0,0,1.676346020683,-0.5179097369893,32643078.68532,30850047.2198178,162118039.066,0.00598092609467,0,0,0,5.069538431573,5.368698734034e-82,0,-0.9700395976172,-0.5189361535579,-13.94229591009,-2.865543855135,1.342299051944,-12.73729173985,15753.72895562,-2997.834943235,0,0,259679.000,2296,464,0,496897.0953191
497100,27865382.87261,9491913.117139,3027015.993738,0,0,0,1.67632499771,-0.5178702375044,32642778.89454,30849747.429228,162116463.6558,0.005980926094055,0,0,0,5.069538431573,5.367464662895e-82,0,-0.9700163552677,-0.5188967542452,-13.9418083086,-2.86562000702,1.34229382015,-12.73694084019,15754.47474321,-2997.976861894,0,0,259679.100,2296,464,0,496997.0963191
497200,27865354.93441,9491900.189234,3027314.482907,0,0,0,1.67630396283,-0.5178307367238,32642479.08958,30849447.6244467,162114888.1711,0.005980926093441,0,0,0,5.069538431573,5.366230867658e-82,0,-0.9699931155231,-0.5188573535375,-13.94132068984,-2.865696126525,1.342288588541,-12.73658991111,15755.22043291,-2998.118761927,0,0,259679.200,2296,464,0,497097.0973192
497300,27865326.99321,9491887.260781,3027612.971611,0,0,0,1.676282916042,-0.5177912346475,32642179.27042,30849147.8054751,162113312.6117,0.005980926092826,0,0,0,5.069538431573,5.364997348306e-82,0,-0.9699698780112,-0.5188179516202,-13.94083305611,-2.865772286115,1.342283357117,-12.73623895489,15755.96614219,-2998.260665685,0,0,259679.300,2296,464,0,497197.0983192
497400,27865299.04902,9491874.331779,3027911.459849,0,0,0,1.676261857345,-0.5177517312756,32641879.43708,30848847.9723139,162111736.9778,0.005980926092212,0,0,0,5.069538431573,5.363764104823e-82,0,-0.9699466432476,-0.5187785482044,-13.94034540383,-2.865848434011,1.342278125878,-12.73588796795,15756.71178296,-2998.402556404,0,0,259679.400,2296,464,0,497297.0993194
497500,27865271.10184,9491861.402231,3028209.947622,0,0,0,1.676240786736,-0.5177122266082,32641579.58954,30848548.1249643,162110161.2694,0.005980926091597,0,0,0,5.069538431573,5.362531137191e-82,0,-0.9699234094904,-0.5187391436348,-13.93985773728,-2.865924580015,1.342272894824,-12.73553695457,15757.45739436,-2998.544441536,0,0,259679.500,2296,464,0,497397.1003196
497600,27865243.15166,9491848.472134,3028508.434929,0,0,0,1.676219704214,-0.5176727206454,32641279.72782,30848248.2634273,162108585.4864,0.005980926090983,0,0,0,5.069538431573,5.361298445395e-82,0,-0.9699001806035,-0.5186997376345,-13.93937005302,-2.866000723716,1.342267663956,-12.7351859113,15758.2028883,-2998.686304316,0,0,259679.600,2296,464,0,497497.1013198
497700,27865215.19849,9491835.54149,3028806.92177,0,0,0,1.676198609776,-0.5176332133874,32640979.85191,30847948.3877038,162107009.6288,0.005980926090368,0,0,0,5.069538431573,5.360066029422e-82,0,-0.9698769529351,-0.5186603305555,-13.9388823554,-2.866076872296,1.342262433273,-12.7348348425,15758.94836266,-2998.82816337,0,0,259679.700,2296,464,0,497597.1023201
497800,27865187.24233,9491822.610298,3029105.408145,0,0,0,1.676177503421,-0.5175937048341,32640679.96182,30847648.4977947,162105433.6967,0.005980926089754,0,0,0,5.069538431573,5.358833889251e-82,0,-0.9698537280501,-0.5186209219973,-13.93839463949,-2.866153023809,1.342257202775,-12.73448374322,15759.69373914,-2998.970003799,0,0,259679.800,2296,464,0,497697.1033204
497900,27865159.28318,9491809.678558,3029403.894055,0,0,0,1.676156385147,-0.5175541949858,32640380.05754,30847348.5937011,162103857.6901,0.00598092608914,0,0,0,5.069538431573,5.357602024871e-82,0,-0.9698305053321,-0.5185815121375,-13.93790690746,-2.866229161216,1.342251972463,-12.73413261565,15760.4391352,-2999.111847952,0,0,259679.900,2296,464,0,497797.1043208
498000,27865131.32103,9491796.746271,3029702.379498,0,0,0,1.676135254952,-0.5175146838425,32640080.13908,30847048.675424,162102281.6089,0.005980926088525,0,0,0,5.069538431573,5.356370436259e-82,0,-0.9698072853124,-0.5185421010517,-13.93741916026,-2.866305303578,1.342246742336,-12.73378146073,15761.18444316,-2999.253675342,0,0,259680.000,2296,480,0,497897.1053212
498100,27865103.35589,9491783.813436,3030000.864476,0,0,0,1.676114112834,-0.5174751714043,32639780.20644,30846748.7429643,162100705.4532,0.005980926087911,0,0,0,5.069538431573,5.355139123403e-82,0,-0.9697840659299,-0.5185026884509,-13.93693139432,-2.866381416545,1.342241512395,-12.73343027487,15761.92980007,-2999.395512044,0,0,259680.100,2296,480,0,497997.1063217
498200,27865075.38775,9491770.880054,3030299.348988,0,0,0,1.676092958792,-0.5174356576714,32639480.25961,30846448.7963231,162099129.2229,0.005980926087296,0,0,0,5.069538431573,5.353908086289e-82,0,-0.9697608522763,-0.5184632748823,-13.93644361639,-2.86645753783,1.34223628264,-12.73307906484,15762.67498078,-2999.53731522,0,0,259680.200,2296,480,0,498097.1073222
498300,27865047.41662,9491757.946125,3030597.833033,0,0,0,1.676071792822,-0.5173961426438,32639180.29861,30846148.8355013,162097552.9182,0.005980926086682,0,0,0,5.069538431573,5.352677324897e-82,0,-0.9697376393094,-0.5184238599294,-13.93595582133,-2.866533681539,1.34223105307,-12.73272782549,15763.42013213,-2999.679112807,0,0,259680.300,2296,480,0,498197.1083227
498400,27865019.4425,9491745.011648,3030896.316613,0,0,0,1.676050614924,-0.5173566263216,32638880.32342,30845848.8604999,162095976.5389,0.005980926086067,0,0,0,5.069538431573,5.351446839212e-82,0,-0.9697144292472,-0.518384443674,-13.93546801016,-2.866609811816,1.342225823686,-12.73237655783,15764.16529327,-2999.820912257,0,0,259680.400,2296,480,0,498297.1093233
498500,27864991.46539,9491732.076623,3031194.799726,0,0,0,1.676029425096,-0.5173171087049,32638580.33406,30845548.8713199,162094400.0851,0.005980926085453,0,0,0,5.069538431573,5.350216629214e-82,0,-0.9696912209951,-0.5183450257082,-13.93498017781,-2.866685959189,1.342220594487,-12.7320252568,15764.91038589,-2999.962698668,0,0,259680.500,2296,480,0,498397.110324
498600,27864963.48528,9491719.141052,3031493.282374,0,0,0,1.676008223335,-0.5172775897939,32638280.33051,30845248.8679623,162092823.5568,0.005980926084839,0,0,0,5.069538431573,5.348986694893e-82,0,-0.9696680145018,-0.5183056068981,-13.93449233502,-2.866762087382,1.342215365475,-12.73167393313,15765.65540999,-3000.104472041,0,0,259680.600,2296,480,0,498497.1113247
498700,27864935.50218,9491706.204933,3031791.764555,0,0,0,1.67598700964,-0.5172380695886,32637980.3128,30844948.8504281,162091246.954,0.005980926084224,0,0,0,5.069538431573,5.347757036228e-82,0,-0.969644812709,-0.5182661866688,-13.93400447466,-2.866838199772,1.342210136649,-12.7313225797,15766.40032643,-3000.246224925,0,0,259680.700,2296,480,0,498597.1123255
498800,27864907.51609,9491693.268267,3032090.246269,0,0,0,1.675965784009,-0.5171985480892,32637680.2809,30844648.8187182,162089670.2768,0.00598092608361,0,0,0,5.069538431573,5.346527653204e-82,0,-0.9696216123476,-0.5182267651886,-13.93351659882,-2.866914332936,1.342204908008,-12.73097119858,15767.14527222,-3000.387983397,0,0,259680.800,2296,480,0,498697.1133263
498900,27864879.527,9491680.331054,3032388.727518,0,0,0,1.67594454644,-0.5171590252957,32637380.23483,30844348.7728337,162088093.525,0.005980926082995,0,0,0,5.069538431573,5.345298545806e-82,0,-0.9695984144397,-0.5181873422914,-13.93302870545,-2.866990436817,1.342199679554,-12.73061978773,15767.89008098,-3000.529715791,0,0,259680.900,2296,480,0,498797.1143271
499000,27864851.53493,9491667.393293,3032687.2083,0,0,0,1.675923296931,-0.5171195012082,32637080.17459,30844048.7127755,162086516.6987,0.005980926082381,0,0,0,5.069538431573,5.344069714014e-82,0,-0.9695752191486,-0.5181479182732,-13.9325407982,-2.867066558341,1.342194451285,-12.73026835079,15768.63488975,-3000.671448186,0,0,259681.000,2296,480,0,498897.115328
499100,27864823.53985,9491654.454986,3032985.688616,0,0,0,1.67590203548,-0.5170799758269,32636780.10018,30843748.6385446,162084939.798,0.005980926081766,0,0,0,5.069538431573,5.342841157814e-82,0,-0.969552025909,-0.5181084926681,-13.93205287131,-2.867142677815,1.342189223203,-12.72991688201,15769.37966914,-3000.813174993,0,0,259681.100,2296,480,0,498997.1163289
499200,27864795.54179,9491641.516131,3033284.168465,0,0,0,1.675880762086,-0.5170404491519,32636480.01159,30843448.550142,162083362.8228,0.005980926081152,0,0,0,5.069538431573,5.341612877188e-82,0,-0.969528833789,-0.5180690658312,-13.93156492918,-2.867218781982,1.342183995307,-12.72956538577,15770.12432129,-3000.954877585,0,0,259681.200,2296,480,0,499097.1173299
499300,27864767.54073,9491628.57673,3033582.647848,0,0,0,1.675859476746,-0.5170009211831,32636179.90883,30843148.4475688,162081785.7732,0.005980926080537,0,0,0,5.069538431573,5.340384872121e-82,0,-0.9695056471458,-0.5180296379037,-13.93107697355,-2.867294925552,1.342178767597,-12.72921386382,15770.86896365,-3001.096578315,0,0,259681.300,2296,480,0,499197.118331
499400,27864739.53668,9491615.636781,3033881.126764,0,0,0,1.675838179458,-0.5169613919209,32635879.7919,30842848.3308258,162080208.649,0.005980926079923,0,0,0,5.069538431573,5.339157142597e-82,0,-0.9694824613614,-0.517990208589,-13.93058900075,-2.867371038486,1.342173540074,-12.72886231249,15771.61354728,-3001.238267869,0,0,259681.400,2296,480,0,499297.119332
499500,27864711.52963,9491602.696286,3034179.605213,0,0,0,1.675816870222,-0.5169218613652,32635579.66081,30842548.1999141,162078631.4504,0.005980926079309,0,0,0,5.069538431573,5.337929688594e-82,0,-0.9694592781826,-0.5179507778517,-13.93010101035,-2.867447151481,1.342168312736,-12.72851073134,15772.35809176,-3001.379949972,0,0,259681.500,2296,480,0,499397.1203332
499600,27864683.51959,9491589.755244,3034478.083196,0,0,0,1.675795549034,-0.5168823295161,32635279.51554,30842248.0548346,162077054.1774,0.005980926078694,0,0,0,5.069538431573,5.336702510103e-82,0,-0.9694360975126,-0.5179113459627,-13.92961300569,-2.867523261729,1.342163085586,-12.72815912371,15773.10264603,-3001.521633938,0,0,259681.600,2296,480,0,499497.1213343
499700,27864655.50656,9491576.813655,3034776.560713,0,0,0,1.675774215893,-0.5168427963738,32634979.35611,30841947.8955884,162075476.8299,0.00598092607808,0,0,0,5.069538431573,5.335475607104e-82,0,-0.9694129178865,-0.5178719127333,-13.92912498445,-2.867599383844,1.342157858622,-12.72780748727,15773.8470241,-3001.663284376,0,0,259681.700,2296,480,0,499597.1223356
499800,27864627.49054,9491563.871519,3035075.037762,0,0,0,1.675752870796,-0.5168032619384,32634679.18252,30841647.7221764,162073899.408,0.005980926077465,0,0,0,5.069538431573,5.334248979578e-82,0,-0.9693897430566,-0.5178324780477,-13.92863694518,-2.867675457146,1.342152631844,-12.72745582059,15774.59143155,-3001.804940403,0,0,259681.800,2296,480,0,499697.1233368
499900,27864599.47152,9491550.928837,3035373.514345,0,0,0,1.675731513743,-0.5167637262099,32634378.99476,30841347.5345996,162072321.9116,0.005980926076851,0,0,0,5.069538431573,5.333022627509e-82,0,-0.9693665698007,-0.5177930423434,-13.9281488933,-2.867751562528,1.342147405253,-12.72710412907,15775.33579984,-3001.946588978,0,0,259681.900,2296,480,0,499797.1243381
500000,27864571.44951,9491537.985607,3035671.990461,0,0,0,1.675710144731,-0.5167241891885,32634078.79283,30841047.332859,162070744.3408,0.005980926076236,0,0,0,5.069538431573,5.331796550884e-82,0,-0.969343398782,-0.5177536050248,-13.92766082145,-2.867827668866,1.342142178849,-12.72675240535,15776.08010939,-3002.088226378,0,0,259682.000,2296,480,0,499897.1253395
500100,27864543.4245,9491525.041832,3035970.466111,0,0,0,1.675688763759,-0.5166846508742,32633778.57674,30840747.1169556,162069166.6956,0.005980926075622,0,0,0,5.069538431573,5.330570749681e-82,0,-0.969320230266,-0.5177141666244,-13.92717273621,-2.867903770039,1.342136952631,-12.726400656,15776.82435044,-3002.229850739,0,0,259682.100,2296,480,0,499997.1263409
500200,27864515.3965,9491512.097509,3036268.941293,0,0,0,1.675667370824,-0.5166451112672,32633478.34649,30840446.8868904,162067588.976,0.005980926075008,0,0,0,5.069538431573,5.329345223887e-82,0,-0.969297064257,-0.5176747267275,-13.92668463245,-2.867979898466,1.3421317266,-12.72604887591,15777.5685719,-3002.371471375,0,0,259682.200,2296,480,0,500097.1273424
500300,27864487.36551,9491499.152641,3036567.416008,0,0,0,1.675645965924,-0.5166055703676,32633178.10208,30840146.6426644,162066011.1819,0.005980926074393,0,0,0,5.069538431573,5.328119973484e-82,0,-0.9692738994715,-0.5176352857821,-13.92619651571,-2.868055984175,1.342126500756,-12.7256970706,15778.3126857,-3002.513071522,0,0,259682.300,2296,480,0,500197.1283439
500400,27864459.33153,9491486.207225,3036865.890256,0,0,0,1.675624549058,-0.5165660281755,32632877.84351,30839846.3842785,162064433.3134,0.005980926073779,0,0,0,5.069538431573,5.326894998454e-82,0,-0.9692507397891,-0.5175958435006,-13.92570838244,-2.868132079945,1.342121275099,-12.72534523652,15779.05676034,-3002.654664218,0,0,259682.400,2296,480,0,500297.1293454
500500,27864431.29455,9491473.261263,3037164.364038,0,0,0,1.675603120223,-0.5165264846909,32632577.57079,30839546.1117338,162062855.3706,0.005980926073164,0,0,0,5.069538431573,5.325670298782e-82,0,-0.9692275811657,-0.5175563996187,-13.92522022936,-2.868208176186,1.342116049629,-12.72499337039,15779.80078604,-3002.796247602,0,0,259682.500,2296,480,0,500397.130347
500600,27864403.25458,9491460.314755,3037462.837352,0,0,0,1.675581679419,-0.516486939914,32632277.2839,30839245.8250312,162061277.3533,0.00598092607255,0,0,0,5.069538431573,5.324445874452e-82,0,-0.9692044251419,-0.5175169549277,-13.92473206626,-2.86828425205,1.342110824346,-12.72464148201,15780.54473343,-3002.937816083,0,0,259682.600,2296,480,0,500497.1313487
500700,27864375.21162,9491447.367701,3037761.310199,0,0,0,1.675560226642,-0.5164473938449,32631976.98286,30838945.5241717,162059699.2616,0.005980926071935,0,0,0,5.069538431573,5.323221725443e-82,0,-0.9691812716016,-0.5174775086018,-13.92424388294,-2.86836035466,1.34210559925,-12.72428956115,15781.28859273,-3003.079367802,0,0,259682.700,2296,480,0,500597.1323504
500800,27864347.16566,9491434.4201,3038059.782579,0,0,0,1.675538761891,-0.5164078464836,32631676.66766,30838645.2091563,162058121.0956,0.005980926071321,0,0,0,5.069538431573,5.32199785174e-82,0,-0.9691581202049,-0.517438060909,-13.9237556827,-2.868436432036,1.342100374341,-12.72393761112,15782.03253034,-3003.220934421,0,0,259682.800,2296,480,0,500697.1333521
500900,27864319.11671,9491421.471953,3038358.254491,0,0,0,1.675517285164,-0.5163682978304,32631376.3383,30838344.8799861,162056542.8551,0.005980926070707,0,0,0,5.069538431573,5.320774253326e-82,0,-0.9691349703572,-0.5173986122049,-13.92326746994,-2.868512520369,1.34209514962,-12.72358563634,15782.77632112,-3003.3624731,0,0,259682.900,2296,480,0,500797.1343539
501000,27864291.06477,9491408.523259,3038656.725937,0,0,0,1.67549579646,-0.5163287478852,32631075.99479,30838044.5366619,162054964.5403,0.005980926070092,0,0,0,5.069538431573,5.319550930184e-82,0,-0.9691118251167,-0.5173591618704,-13.922779237,-2.868588626236,1.342089925085,-12.72323362912,15783.52008253,-3003.504006192,0,0,259683.000,2296,480,0,500897.1353558
501100,27864263.00983,9491395.57402,3038955.196915,0,0,0,1.675474295775,-0.5162891966482,32630775.63713,30837744.1791848,162053386.1511,0.005980926069478,0,0,0,5.069538431573,5.318327882298e-82,0,-0.9690886811789,-0.5173197104274,-13.92229099035,-2.868664711575,1.342084700738,-12.72288159593,15784.26381459,-3003.645533696,0,0,259683.100,2296,480,0,500997.1363576
501200,27864234.9519,9491382.624234,3039253.667426,0,0,0,1.67545278311,-0.5162496441195,32630475.26532,30837443.8075558,162051807.6876,0.005980926068863,0,0,0,5.069538431573,5.31710510965e-82,0,-0.9690655398982,-0.5172802575816,-13.92180272633,-2.868740805152,1.342079476578,-12.72252953313,15785.00743897,-3003.78704071,0,0,259683.200,2296,480,0,501097.1373596
501300,27864206.89098,9491369.673902,3039552.137469,0,0,0,1.67543125846,-0.5162100902991,32630174.87935,30837143.4217758,162050229.1496,0.005980926068249,0,0,0,5.069538431573,5.315882612222e-82,0,-0.9690424008921,-0.5172408033524,-13.92131444519,-2.868816874068,1.342074252606,-12.72217744094,15785.75108292,-3003.92855145,0,0,259683.300,2296,480,0,501197.1383616
501400,27864178.82706,9491356.723025,3039850.607045,0,0,0,1.675409721825,-0.5161705351873,32629874.47924,30836843.0218458,162048650.5373,0.005980926067634,0,0,0,5.069538431573,5.314660389998e-82,0,-0.9690192632633,-0.5172013482233,-13.92082615292,-2.868892936957,1.342069028821,-12.72182532536,15786.49465836,-3004.070049152,0,0,259683.400,2296,480,0,501297.1393636
501500,27864150.76015,9491343.771601,3040149.076153,0,0,0,1.675388173203,-0.516130978784,32629574.06498,30836542.6077669,162047071.8507,0.00598092606702,0,0,0,5.069538431573,5.313438442961e-82,0,-0.9689961304731,-0.5171618915506,-13.92033784154,-2.868969016633,1.342063805224,-12.72147317842,15787.23814571,-3004.211530089,0,0,259683.500,2296,480,0,501397.1403657
501600,27864122.69025,9491330.819631,3040447.544794,0,0,0,1.675366612592,-0.5160914210894,32629273.63657,30836242.17954,162045493.0897,0.005980926066406,0,0,0,5.069538431573,5.312216771092e-82,0,-0.9689729988171,-0.5171224334636,-13.91984951266,-2.869045116793,1.342058581814,-12.7211210017,15787.9815939,-3004.353003576,0,0,259683.600,2296,480,0,501497.1413678
501700,27864094.61735,9491317.867115,3040746.012967,0,0,0,1.675345039989,-0.5160518621037,32628973.19401,30835941.7371662,162043914.2544,0.005980926065791,0,0,0,5.069538431573,5.310995374375e-82,0,-0.9689498698317,-0.5170829742581,-13.91936116994,-2.869121179289,1.342053358592,-12.72076879888,15788.72497358,-3004.494464025,0,0,259683.700,2296,480,0,501597.1423699
501800,27864066.54146,9491304.914054,3041044.480672,0,0,0,1.675323455394,-0.5160123018268,32628672.7373,30835641.2806463,162042335.3447,0.005980926065177,0,0,0,5.069538431573,5.309774252794e-82,0,-0.9689267432396,-0.5170435137852,-13.91887281153,-2.869197256067,1.342048135557,-12.7204165681,15789.46837283,-3004.635928199,0,0,259683.800,2296,480,0,501697.1433722
501900,27864038.46258,9491291.960447,3041342.94791,0,0,0,1.675301858803,-0.5159727402589,32628372.26645,30835340.8099814,162040756.3607,0.005980926064562,0,0,0,5.069538431573,5.30855340633e-82,0,-0.9689036189852,-0.5170040518326,-13.91838443481,-2.86927332734,1.342042912711,-12.72006430674,15790.21169377,-3004.777377471,0,0,259683.900,2296,480,0,501797.1443744
502000,27864010.3807,9491279.006293,3041641.41468,0,0,0,1.675280250216,-0.5159331774001,32628071.78146,30835040.3251724,162039177.3024,0.005980926063948,0,0,0,5.069538431573,5.307332834967e-82,0,-0.9688804960872,-0.5169645888165,-13.91789604493,-2.869349399326,1.342037690052,-12.71971201994,15790.95497556,-3004.918819293,0,0,259684.000,2296,480,0,501897.1453767
502100,27863982.29583,9491266.051595,3041939.880983,0,0,0,1.675258629629,-0.5158936132505,32627771.28233,30834739.8262205,162037598.1697,0.005980926063333,0,0,0,5.069538431573,5.306112538684e-82,0,-0.9688573781533,-0.5169251243266,-13.91740763681,-2.869425490874,1.342032467581,-12.71935970263,15791.69815947,-3005.060242489,0,0,259684.100,2296,480,0,501997.1463791
502200,27863954.20797,9491253.09635,3042238.346817,0,0,0,1.675236997042,-0.5158540478103,32627470.76905,30834439.3131265,162036018.9628,0.005980926062719,0,0,0,5.069538431573,5.304892517468e-82,0,-0.9688342612314,-0.5168856584794,-13.91691921189,-2.869501548547,1.342027245298,-12.71900735624,15792.44121613,-3005.20164147,0,0,259684.200,2296,480,0,502097.1473815
502300,27863926.11711,9491240.14056,3042536.812184,0,0,0,1.675215352453,-0.5158144810794,32627170.24163,30834138.7858914,162034439.6815,0.005980926062104,0,0,0,5.069538431573,5.303672771302e-82,0,-0.9688111469943,-0.5168461914257,-13.91643077204,-2.869577580583,1.342022023203,-12.71865498264,15793.18437068,-3005.343059078,0,0,259684.300,2296,480,0,502197.1483839
502400,27863898.02326,9491227.184224,3042835.277083,0,0,0,1.675193695859,-0.515774913058,32626869.70007,30833838.2445163,162032860.3259,0.00598092606149,0,0,0,5.069538431573,5.302453300164e-82,0,-0.9687880353315,-0.5168067231034,-13.91594231649,-2.86965364445,1.342016801296,-12.71830258106,15793.92735882,-3005.484445021,0,0,259684.400,2296,480,0,502297.1493864
502500,27863869.92642,9491214.227343,3043133.741513,0,0,0,1.675172027258,-0.5157353437462,32626569.14437,30833537.689002,162031280.896,0.005980926060876,0,0,0,5.069538431573,5.30123410404e-82,0,-0.9687649259737,-0.5167672533953,-13.91545384379,-2.869729706911,1.342011579577,-12.71795015004,15794.67038612,-3005.625838414,0,0,259684.500,2296,480,0,502397.150389
502600,27863841.82658,9491201.269916,3043432.205476,0,0,0,1.67515034665,-0.5156957731442,32626268.57453,30833237.1193497,162029701.3918,0.005980926060261,0,0,0,5.069538431573,5.300015182911e-82,0,-0.9687418175346,-0.5167277823539,-13.91496535458,-2.869805789702,1.342006358047,-12.71759769024,15795.41332532,-3005.767215043,0,0,259684.600,2296,480,0,502497.1513916
502700,27863813.72375,9491188.311944,3043730.668971,0,0,0,1.675128654031,-0.5156562012519,32625967.99056,30832936.5355604,162028121.8134,0.005980926059647,0,0,0,5.069538431573,5.298796536762e-82,0,-0.9687187143804,-0.5166883102729,-13.91447685252,-2.869881853451,1.342001136704,-12.71724520528,15796.15615685,-3005.908571184,0,0,259684.700,2296,480,0,502597.1523942
502800,27863785.61793,9491175.353426,3044029.131998,0,0,0,1.675106949399,-0.5156166280696,32625667.39245,30832635.9376348,162026542.1606,0.005980926059032,0,0,0,5.069538431573,5.297578165573e-82,0,-0.968695612277,-0.5166488365843,-13.91398833055,-2.869957895386,1.34199591555,-12.71689268813,15796.89894923,-3006.049919873,0,0,259684.800,2296,480,0,502697.1533969
502900,27863757.50911,9491162.394363,3044327.594556,0,0,0,1.675085232754,-0.5155770535973,32625366.78021,30832335.3255742,162024962.4336,0.005980926058418,0,0,0,5.069538431573,5.296360069326e-82,0,-0.9686725129486,-0.5166093618199,-13.91349979527,-2.87003395016,1.341990694584,-12.71654014538,15797.64173182,-3006.191266701,0,0,259684.900,2296,480,0,502797.1543996
503000,27863729.3973,9491149.434755,3044626.056646,0,0,0,1.675063504093,-0.515537477835,32625066.15383,30832034.6993795,162023382.6322,0.005980926057803,0,0,0,5.069538431573,5.295142248006e-82,0,-0.9686494157474,-0.5165698857495,-13.91301124383,-2.870110005589,1.341985473807,-12.71618757416,15798.38455356,-3006.332620978,0,0,259685.000,2296,480,0,502897.1554024
503100,27863701.2825,9491136.474601,3044924.518268,0,0,0,1.675041763414,-0.5154979007831,32624765.51331,30831734.0590516,162021802.7566,0.005980926057189,0,0,0,5.069538431573,5.293924701592e-82,0,-0.9686263197379,-0.5165304081664,-13.91252267367,-2.870186063784,1.341980253218,-12.71583497193,15799.12719912,-3006.473941728,0,0,259685.100,2296,480,0,502997.1564053
503200,27863673.16471,9491123.513902,3045222.979422,0,0,0,1.675020010715,-0.5154583224414,32624464.85867,30831433.4045916,162020222.8068,0.005980926056575,0,0,0,5.069538431573,5.29270743007e-82,0,-0.9686032286855,-0.5164909293824,-13.91203408865,-2.870262102701,1.341975032818,-12.71548234254,15799.86980552,-3006.615255028,0,0,259685.200,2296,480,0,503097.1574081
503300,27863645.04392,9491110.552658,3045521.440108,0,0,0,1.674998245994,-0.5154187428101,32624164.18989,30831132.7360003,162018642.7827,0.00598092605596,0,0,0,5.069538431573,5.291490433421e-82,0,-0.9685801392369,-0.5164514494927,-13.91154548994,-2.870338136463,1.341969812606,-12.71512968715,15800.61240213,-3006.756566465,0,0,259685.300,2296,480,0,503197.158411
503400,27863616.92013,9491097.590869,3045819.900325,0,0,0,1.674976469249,-0.5153791618894,32623863.50699,30830832.053279,162017062.6843,0.005980926055346,0,0,0,5.069538431573,5.290273711625e-82,0,-0.9685570518388,-0.5164119679563,-13.91105687085,-2.870414183101,1.341964592583,-12.71477699909,15801.35485192,-3006.897849962,0,0,259685.400,2296,480,0,503297.159414
503500,27863588.79336,9491084.628535,3046118.360073,0,0,0,1.674954680479,-0.5153395796792,32623562.80995,30830531.3564284,162015482.5117,0.005980926054731,0,0,0,5.069538431573,5.289057264667e-82,0,-0.9685339669826,-0.5163724852301,-13.91056823704,-2.870490245996,1.341959372748,-12.71442428399,15802.09740938,-3007.039153948,0,0,259685.500,2296,480,0,503397.160417
503600,27863560.66359,9491071.665655,3046416.819353,0,0,0,1.674932879682,-0.5152999961799,32623262.09879,30830230.6454497,162013902.2648,0.005980926054117,0,0,0,5.069538431573,5.28784109253e-82,0,-0.9685108847912,-0.5163330015607,-13.91007959155,-2.870566312275,1.341954153103,-12.71407154491,15802.83986896,-3007.180439308,0,0,259685.600,2296,480,0,503497.1614201
503700,27863532.53082,9491058.702231,3046715.278165,0,0,0,1.674911066855,-0.5152604113913,32622961.3735,30829929.9203438,162012321.9437,0.005980926053502,0,0,0,5.069538431573,5.286625195193e-82,0,-0.9684878033106,-0.5162935162382,-13.90959092561,-2.870642341886,1.341948933646,-12.71371877306,15803.5821915,-3007.321698591,0,0,259685.700,2296,480,0,503597.1624232
503800,27863504.39507,9491045.738262,3047013.736508,0,0,0,1.674889241997,-0.5152208253136,32622660.63408,30829629.1811116,162010741.5484,0.005980926052888,0,0,0,5.069538431573,5.285409572642e-82,0,-0.9684647274179,-0.516254029751,-13.90910224525,-2.870718366983,1.341943714378,-12.71336597448,15804.32449446,-3007.462954149,0,0,259685.800,2296,480,0,503697.1634264
503900,27863476.25632,9491032.773747,3047312.194383,0,0,0,1.674867405105,-0.515181237947,32622359.88054,30829328.4277543,162009161.0789,0.005980926052274,0,0,0,5.069538431573,5.284194224857e-82,0,-0.9684416524903,-0.5162145420123,-13.90861354941,-2.870794391686,1.341938495298,-12.71301314809,15805.06674849,-3007.604200393,0,0,259685.900,2296,480,0,503797.1644296
504000,27863448.11457,9491019.808688,3047610.651789,0,0,0,1.674845556179,-0.5151416492915,32622059.11288,30829027.6602727,162007580.5351,0.005980926051659,0,0,0,5.069538431573,5.282979151819e-82,0,-0.9684185800868,-0.5161750528962,-13.90812483651,-2.870870429107,1.341933276408,-12.71266029234,15805.80898293,-3007.745442912,0,0,259686.000,2296,480,0,503897.1654328
504100,27863419.96983,9491006.843084,3047909.108726,0,0,0,1.674823695215,-0.5151020593473,32621758.33109,30828726.8786679,162005999.9171,0.005980926051045,0,0,0,5.069538431573,5.28176435351e-82,0,-0.968395510006,-0.5161355622605,-13.90763610481,-2.870946486159,1.341928057707,-12.71230740547,15806.55110971,-3007.886664942,0,0,259686.100,2296,480,0,503997.1664361
504200,27863391.8221,9490993.876936,3048207.565194,0,0,0,1.674801822212,-0.5150624681143,32621457.53518,30828426.0829408,162004419.2249,0.00598092605043,0,0,0,5.069538431573,5.280549829918e-82,0,-0.9683724426345,-0.5160960708148,-13.90714736309,-2.871022508987,1.341922839195,-12.71195449624,15807.29317776,-3008.027875796,0,0,259686.200,2296,480,0,504097.1674395
504300,27863363.67138,9490980.910242,3048506.021194,0,0,0,1.674779937168,-0.5150228755929,32621156.72514,30828125.2730925,162002838.4584,0.005980926049816,0,0,0,5.069538431573,5.279335581016e-82,0,-0.96834937727,-0.5160565775991,-13.90665859946,-2.87109852585,1.341917620872,-12.71160155279,15808.03518707,-3008.169075474,0,0,259686.300,2296,480,0,504197.1684429
504400,27863335.51766,9490967.943004,3048804.476725,0,0,0,1.674758040082,-0.5149832817829,32620855.90099,30827824.449124,162001257.6178,0.005980926049201,0,0,0,5.069538431573,5.278121606793e-82,0,-0.9683263143439,-0.5160170831927,-13.9061698211,-2.871174571669,1.341912402739,-12.71124858227,15808.77723554,-3008.310282603,0,0,259686.400,2296,480,0,504297.1694463
504500,27863307.36095,9490954.975221,3049102.931786,0,0,0,1.67473613095,-0.5149436866846,32620555.06272,30827523.6110361,161999676.703,0.005980926048587,0,0,0,5.069538431573,5.276907907229e-82,0,-0.9683032545039,-0.5159775878444,-13.90568103107,-2.871250601374,1.341907184794,-12.71089558777,15809.51914698,-3008.451463655,0,0,259686.500,2296,480,0,504397.1704498
504600,27863279.20125,9490942.006894,3049401.386379,0,0,0,1.674714209772,-0.514904090298,32620254.21033,30827222.75883,161998095.714,0.005980926047973,0,0,0,5.069538431573,5.275694482304e-82,0,-0.9682801966937,-0.5159380908291,-13.90519222042,-2.871326650997,1.341901967039,-12.7105425603,15810.26104862,-3008.592642844,0,0,259686.600,2296,480,0,504497.1714533
504700,27863251.03855,9490929.038022,3049699.840503,0,0,0,1.674692276546,-0.5148644926232,32619953.34382,30826921.8925066,161996514.6508,0.005980926047358,0,0,0,5.069538431573,5.274481332002e-82,0,-0.9682571413134,-0.5158985924804,-13.90470339327,-2.871402668276,1.341896749474,-12.710189504,15811.00289154,-3008.733810857,0,0,259686.700,2296,480,0,504597.1724569
504800,27863222.87286,9490916.068606,3049998.294158,0,0,0,1.674670331268,-0.5148248936604,32619652.4632,30826621.0120669,161994933.5134,0.005980926046744,0,0,0,5.069538431573,5.273268456308e-82,0,-0.9682340870722,-0.5158590931264,-13.90421455367,-2.871478658238,1.341891532097,-12.70983642292,15811.74474425,-3008.874980733,0,0,259686.800,2296,480,0,504697.1734605
504900,27863194.70417,9490903.098645,3050296.747344,0,0,0,1.674648373939,-0.5147852934097,32619351.56846,30826320.1175119,161993352.3018,0.005980926046129,0,0,0,5.069538431573,5.272055855197e-82,0,-0.9682110379477,-0.5158195922485,-13.90372569522,-2.871554679167,1.341886314911,-12.70948331064,15812.48644034,-3009.016120806,0,0,259686.900,2296,480,0,504797.1744642
505000,27863166.5325,9490890.128139,3050595.200061,0,0,0,1.674626404554,-0.5147456918711,32619050.65961,30826019.2088425,161991771.0161,0.005980926045515,0,0,0,5.069538431573,5.270843528656e-82,0,-0.9681879901065,-0.5157800903323,-13.90323682391,-2.871630701914,1.341881097914,-12.70913017317,15813.22812664,-3009.157259017,0,0,259687.000,2296,480,0,504897.1754679
505100,27863138.35783,9490877.157089,3050893.652309,0,0,0,1.674604423114,-0.5147060890447,32618749.73664,30825718.2860599,161990189.6562,0.0059809260449,0,0,0,5.069538431573,5.269631476664e-82,0,-0.9681649446138,-0.5157405867445,-13.90274793192,-2.871706742836,1.341875881106,-12.70877700268,15813.96979337,-3009.298393503,0,0,259687.100,2296,480,0,504997.1764717
505200,27863110.18016,9490864.185495,3051192.104087,0,0,0,1.674582429615,-0.5146664849307,32618448.79956,30825417.3491649,161988608.2221,0.005980926044286,0,0,0,5.069538431573,5.268419699205e-82,0,-0.9681419018738,-0.5157010823643,-13.90225903012,-2.871782763382,1.341870664488,-12.70842381002,15814.711372,-3009.439511225,0,0,259687.200,2296,480,0,505097.1774755
505300,27863081.9995,9490851.213357,3051490.555396,0,0,0,1.674560424056,-0.5146268795291,32618147.84837,30825116.3981586,161987026.7139,0.005980926043672,0,0,0,5.069538431573,5.267208196259e-82,0,-0.9681188611468,-0.5156615762399,-13.90177010673,-2.871858764025,1.34186544806,-12.70807058344,15815.45287233,-3009.580614045,0,0,259687.300,2296,480,0,505197.1784794
505400,27863053.81585,9490838.240674,3051789.006236,0,0,0,1.674538406435,-0.51458727284,32617846.88307,30824815.4330419,161985445.1316,0.005980926043057,0,0,0,5.069538431573,5.265996967808e-82,0,-0.9680958212871,-0.5156220687216,-13.9012811661,-2.871934776705,1.341860231822,-12.70771732725,15816.19440202,-3009.721722454,0,0,259687.400,2296,480,0,505297.1794833
505500,27863025.62921,9490825.267448,3052087.456607,0,0,0,1.67451637675,-0.5145476648637,32617545.90366,30824514.4538159,161983863.4751,0.005980926042443,0,0,0,5.069538431573,5.264786013838e-82,0,-0.9680727871982,-0.5155825602815,-13.90079221405,-2.87201079069,1.341855015773,-12.70736404731,15816.9358632,-3009.862817824,0,0,259687.500,2296,480,0,505397.1804873
505600,27862997.43957,9490812.293677,3052385.906508,0,0,0,1.674494334998,-0.5145080556,32617244.91014,30824213.4604815,161982281.7444,0.005980926041828,0,0,0,5.069538431573,5.263575334327e-82,0,-0.9680497541015,-0.515543050567,-13.90030324623,-2.872086808749,1.341849799915,-12.70701073924,15817.67722649,-3010.003894567,0,0,259687.600,2296,480,0,505497.1814913
505700,27862969.24693,9490799.319362,3052684.35594,0,0,0,1.674472281179,-0.5144684450493,32616943.90251,30823912.4530398,161980699.9396,0.005980926041214,0,0,0,5.069538431573,5.262364929255e-82,0,-0.9680267234118,-0.5155035394303,-13.89981426082,-2.872162805109,1.341844584246,-12.70665740121,15818.4184919,-3010.144952685,0,0,259687.700,2296,480,0,505597.1824953
505800,27862941.05131,9490786.344503,3052982.804902,0,0,0,1.67445021529,-0.5144288332114,32616642.88078,30823611.4314916,161979118.0607,0.005980926040599,0,0,0,5.069538431573,5.261154798606e-82,0,-0.968003695499,-0.5154640269938,-13.89932525931,-2.872238797095,1.341839368767,-12.70630403473,15819.15973773,-3010.286007077,0,0,259687.800,2296,480,0,505697.1834994
505900,27862912.85269,9490773.369099,3053281.253395,0,0,0,1.674428137329,-0.5143892200867,32616341.84494,30823310.3958381,161977536.1077,0.005980926039985,0,0,0,5.069538431573,5.259944942361e-82,0,-0.9679806683278,-0.5154245132869,-13.89883624209,-2.872314802585,1.341834153479,-12.70595064018,15819.9009542,-3010.42705588,0,0,259687.900,2296,480,0,505797.1845036
506000,27862884.65108,9490760.393152,3053579.701418,0,0,0,1.674406047295,-0.514349605675,32616040.795,30823009.3460802,161975954.0805,0.005980926039371,0,0,0,5.069538431573,5.258735360502e-82,0,-0.9679576463819,-0.5153849982408,-13.89834720829,-2.872390822233,1.34182893838,-12.70559721668,15820.64210215,-3010.568091646,0,0,259688.000,2296,480,0,505897.1855078
506100,27862856.44647,9490747.416661,3053878.148972,0,0,0,1.674383945185,-0.5143099899767,32615739.73096,30822708.2822188,161974371.9793,0.005980926038756,0,0,0,5.069538431573,5.257526053012e-82,0,-0.9679346252783,-0.5153454819614,-13.89785815923,-2.872466847505,1.341823723472,-12.70524376556,15821.3832501,-3010.709127411,0,0,259688.100,2296,480,0,505997.186512
506200,27862828.23887,9490734.439626,3054176.596056,0,0,0,1.674361830997,-0.5142703729917,32615438.65281,30822407.2042551,161972789.8039,0.005980926038142,0,0,0,5.069538431573,5.25631701987e-82,0,-0.9679116068794,-0.5153059641947,-13.89736909176,-2.87254283492,1.341818508754,-12.70489028366,15822.12426101,-3010.8501371,0,0,259688.200,2296,480,0,506097.1875163
506300,27862800.02828,9490721.462048,3054475.04267,0,0,0,1.67433970473,-0.5142307547201,32615137.56056,30822106.1121899,161971207.5544,0.005980926037527,0,0,0,5.069538431573,5.255108261059e-82,0,-0.9678885910587,-0.5152664452674,-13.89688000992,-2.872618819749,1.341813294227,-12.70453677503,15822.86523277,-3010.991139337,0,0,259688.300,2296,480,0,506197.1885206
506400,27862771.81469,9490708.483925,3054773.488814,0,0,0,1.674317566381,-0.5141911351622,32614836.45421,30821805.0060243,161969625.2308,0.005980926036913,0,0,0,5.069538431573,5.253899776561e-82,0,-0.9678655774616,-0.5152269250726,-13.8963909124,-2.872694819629,1.341808079889,-12.70418323834,15823.60620453,-3011.132141575,0,0,259688.400,2296,480,0,506297.189525
506500,27862743.59811,9490695.505259,3055071.934489,0,0,0,1.674295415949,-0.5141515143178,32614535.33376,30821503.8857593,161968042.8331,0.005980926036298,0,0,0,5.069538431573,5.252691566355e-82,0,-0.9678425647155,-0.5151874033,-13.89590179536,-2.87277079876,1.341802865742,-12.70382966975,15824.34720566,-3011.273149401,0,0,259688.500,2296,480,0,506397.1905294
506600,27862715.37854,9490682.526049,3055370.379694,0,0,0,1.674273253431,-0.5141118921873,32614234.19921,30821202.7513959,161966460.3614,0.005980926035684,0,0,0,5.069538431573,5.251483630426e-82,0,-0.967819557686,-0.5151478808338,-13.89541266973,-2.872846814986,1.341797651786,-12.7034760802,15825.08801102,-3011.414119974,0,0,259688.600,2296,480,0,506497.1915339
506700,27862687.15597,9490669.546295,3055668.824429,0,0,0,1.674251078826,-0.5140722687706,32613933.05057,30820901.6029349,161964877.8155,0.00598092603507,0,0,0,5.069538431573,5.250275968752e-82,0,-0.9677965513356,-0.5151083564213,-13.89492352001,-2.872922795509,1.34179243802,-12.70312245418,15825.82881638,-3011.555090547,0,0,259688.700,2296,480,0,506597.1925384
506800,27862658.93041,9490656.565998,3055967.268694,0,0,0,1.674228892132,-0.5140326440679,32613631.88782,30820600.4403776,161963295.1956,0.005980926034455,0,0,0,5.069538431573,5.249068581317e-82,0,-0.967773547738,-0.5150688312111,-13.89443436042,-2.872998771319,1.341787224445,-12.70276880591,15826.56956301,-3011.696049944,0,0,259688.800,2296,480,0,506697.193543
506900,27862630.70185,9490643.585157,3056265.712489,0,0,0,1.674206693347,-0.5139930180792,32613330.71099,30820299.2637248,161961712.5016,0.005980926033841,0,0,0,5.069538431573,5.247861468103e-82,0,-0.9677505465332,-0.5150293044539,-13.89394518169,-2.87307477283,1.34178201106,-12.70241512611,15827.31027049,-3011.83700189,0,0,259688.900,2296,480,0,506797.1945476
507000,27862602.4703,9490630.603773,3056564.155814,0,0,0,1.674184482469,-0.5139533908047,32613029.52006,30819998.0729775,161960129.7336,0.005980926033226,0,0,0,5.069538431573,5.246654629089e-82,0,-0.9677275476724,-0.5149897763661,-13.89345598648,-2.873150762343,1.341776797867,-12.70206141745,15828.05097796,-3011.977953836,0,0,259689.000,2296,480,0,506897.1955523
507100,27862574.23576,9490617.621845,3056862.598669,0,0,0,1.674162259495,-0.5139137622445,32612728.31503,30819696.8681367,161958546.8914,0.005980926032612,0,0,0,5.069538431573,5.245448064257e-82,0,-0.9677045501465,-0.5149502472601,-13.89296677868,-2.873226770644,1.341771584864,-12.70170768381,15828.79155819,-3012.118881568,0,0,259689.100,2296,480,0,506997.196557
507200,27862545.99823,9490604.639373,3057161.041053,0,0,0,1.674140024425,-0.5138741323987,32612427.09591,30819395.6492034,161956963.9753,0.005980926031997,0,0,0,5.069538431573,5.24424177359e-82,0,-0.9676815574805,-0.5149107166079,-13.89247755174,-2.873302741767,1.341766372051,-12.70135391865,15829.53207969,-3012.259798124,0,0,259689.200,2296,480,0,507097.1975618
507300,27862517.7577,9490591.656359,3057459.482968,0,0,0,1.674117777256,-0.5138345012673,32612125.8627,30819094.4161787,161955380.985,0.005980926031383,0,0,0,5.069538431573,5.243035757065e-82,0,-0.9676585660854,-0.5148711846573,-13.89198830873,-2.8733786944,1.34176115943,-12.70100012502,15830.27254246,-3012.400703505,0,0,259689.300,2296,480,0,507197.1985666
507400,27862489.51418,9490578.672801,3057757.924412,0,0,0,1.674095517986,-0.5137948688505,32611824.61541,30818793.1690634,161953797.9208,0.005980926030769,0,0,0,5.069538431573,5.241830014669e-82,0,-0.9676355772177,-0.5148316517836,-13.8914990543,-2.873454674339,1.341755946999,-12.70064630757,15831.01299545,-3012.541607022,0,0,259689.400,2296,480,0,507297.1995714
507500,27862461.26766,9490565.688699,3058056.365387,0,0,0,1.674073246613,-0.5137552351483,32611523.35402,30818491.9078587,161952214.7824,0.005980926030154,0,0,0,5.069538431573,5.24062454638e-82,0,-0.9676125910291,-0.5147921172295,-13.89100977907,-2.873530655036,1.34175073476,-12.70029245693,15831.7533897,-3012.682499364,0,0,259689.500,2296,480,0,507397.2005763
507600,27862433.01815,9490552.704055,3058354.80589,0,0,0,1.674050963135,-0.513715600161,32611222.07854,30818190.6325654,161950631.5701,0.00598092602954,0,0,0,5.069538431573,5.239419352176e-82,0,-0.9675896054239,-0.5147525813075,-13.89052048692,-2.873606655011,1.341745522712,-12.69993857696,15832.49369586,-3012.823374942,0,0,259689.600,2296,480,0,507497.2015813
507700,27862404.76565,9490539.718867,3058653.245924,0,0,0,1.674028667551,-0.5136759638885,32610920.78897,30817889.3431847,161949048.2837,0.005980926028925,0,0,0,5.069538431573,5.238214432047e-82,0,-0.967566625197,-0.5147130443238,-13.89003118162,-2.873682633297,1.341740310854,-12.69958467145,15833.23392371,-3012.964235619,0,0,259689.700,2296,480,0,507597.2025863
507800,27862376.51015,9490526.733136,3058951.685487,0,0,0,1.674006359858,-0.513636326331,32610619.48532,30817588.0397174,161947464.9233,0.005980926028311,0,0,0,5.069538431573,5.237009785967e-82,0,-0.9675436458968,-0.5146735059818,-13.88954185951,-2.873758590977,1.341735099188,-12.69923073672,15833.97418093,-3013.105101883,0,0,259689.800,2296,480,0,507697.2035913
507900,27862348.25166,9490513.746862,3059250.12458,0,0,0,1.673984040055,-0.5135966874886,32610318.16759,30817286.7221645,161945881.4889,0.005980926027696,0,0,0,5.069538431573,5.23580541392e-82,0,-0.9675206694027,-0.5146339663744,-13.88905252174,-2.873834561993,1.341729887713,-12.69887677394,15834.71429132,-3013.245940208,0,0,259689.900,2296,480,0,507797.2045964
508000,27862319.99017,9490500.760045,3059548.563202,0,0,0,1.673961708139,-0.5135570473613,32610016.83576,30816985.3905272,161944297.9804,0.005980926027082,0,0,0,5.069538431573,5.234601315885e-82,0,-0.9674976953275,-0.5145944254672,-13.88856316789,-2.873910535406,1.34172467643,-12.69852278265,15835.45445066,-3013.386787847,0,0,259690.000,2296,480,0,507897.2056015
508100,27862291.7257,9490487.772685,3059847.001354,0,0,0,1.673939364108,-0.5135174059494,32609715.48986,30816684.0448062,161942714.398,0.005980926026468,0,0,0,5.069538431573,5.233397491846e-82,0,-0.9674747236351,-0.5145548833645,-13.88807379924,-2.873986513183,1.341719465338,-12.69816876416,15836.19454147,-3013.527622446,0,0,259690.100,2296,480,0,507997.2066067
508200,27862263.45823,9490474.784782,3060145.439035,0,0,0,1.673917007961,-0.5134777632528,32609414.12987,30816382.6850028,161941130.7415,0.005980926025853,0,0,0,5.069538431573,5.232193941781e-82,0,-0.9674517527931,-0.5145153399645,-13.88758441454,-2.874062467875,1.341714254437,-12.6978147172,15836.93457356,-3013.66844587,0,0,259690.200,2296,480,0,508097.2076119
508300,27862235.18776,9490461.796336,3060443.876245,0,0,0,1.673894639696,-0.5134381192717,32609112.7558,30816081.3111178,161939547.0111,0.005980926025239,0,0,0,5.069538431573,5.230990665673e-82,0,-0.9674287871056,-0.514475794877,-13.88709500895,-2.874138418158,1.341709043727,-12.69746063695,15837.67454692,-3013.809258118,0,0,259690.300,2296,480,0,508197.2086172
508400,27862206.9143,9490448.807347,3060742.312985,0,0,0,1.67387225931,-0.5133984740061,32608811.36765,30815779.9231522,161937963.2066,0.005980926024624,0,0,0,5.069538431573,5.229787663502e-82,0,-0.9674058226922,-0.5144362488881,-13.8866055922,-2.874214381824,1.34170383321,-12.69710653312,15838.41444197,-3013.950055465,0,0,259690.400,2296,480,0,508297.2096225
508500,27862178.63785,9490435.817815,3061040.749254,0,0,0,1.673849866802,-0.5133588274563,32608509.96542,30815478.5211071,161936379.3282,0.00598092602401,0,0,0,5.069538431573,5.228584935249e-82,0,-0.9673828608383,-0.5143967014123,-13.88611615706,-2.874290359101,1.341698622883,-12.69675239847,15839.15430766,-3014.090847224,0,0,259690.500,2296,480,0,508397.2106279
508600,27862150.3584,9490422.82774,3061339.185052,0,0,0,1.67382746217,-0.5133191796222,32608208.54911,30815177.1049834,161934795.3758,0.005980926023395,0,0,0,5.069538431573,5.227382480898e-82,0,-0.9673599012824,-0.5143571528247,-13.88562670815,-2.874366342756,1.341693412749,-12.69639823764,15839.89416355,-3014.23163712,0,0,259690.600,2296,480,0,508497.2116333
508700,27862122.07596,9490409.837123,3061637.62038,0,0,0,1.673805045412,-0.5132795305041,32607907.11873,30814875.6747821,161933211.3494,0.005980926022781,0,0,0,5.069538431573,5.226180300425e-82,0,-0.9673369442447,-0.5143176027847,-13.88513724127,-2.874442290412,1.341688202806,-12.69604404641,15840.63391178,-3014.372406527,0,0,259690.700,2296,480,0,508597.2126388
508800,27862093.79053,9490396.845963,3061936.055236,0,0,0,1.673782616525,-0.5132398801019,32607605.67427,30814574.2305042,161931627.249,0.005980926022167,0,0,0,5.069538431573,5.224978393815e-82,0,-0.9673139885652,-0.514278051747,-13.88464776204,-2.874518231606,1.341682993055,-12.6956898304,15841.37359149,-3014.513162896,0,0,259690.800,2296,480,0,508697.2136443
508900,27862065.5021,9490383.85426,3062234.489622,0,0,0,1.673760175509,-0.5132002284158,32607304.21573,30814272.7721508,161930043.0747,0.005980926021552,0,0,0,5.069538431573,5.223776761048e-82,0,-0.967291037841,-0.5142384991393,-13.88415826339,-2.874594191801,1.341677783495,-12.69533558254,15842.1131929,-3014.653904364,0,0,259690.900,2296,480,0,508797.2146498
509000,27862037.21068,9490370.862015,3062532.923537,0,0,0,1.67373772236,-0.5131605754459,32607002.74312,30813971.2997227,161928458.8264,0.005980926020938,0,0,0,5.069538431573,5.222575402101e-82,0,-0.9672680880612,-0.5141989451234,-13.8836687473,-2.874670129551,1.341672574128,-12.69498130482,15842.85286282,-3014.79465887,0,0,259691.000,2296,480,0,508897.2156554
509100,27862008.91627,9490357.869227,3062831.356981,0,0,0,1.673715257078,-0.5131209211923,32606701.25643,30813669.813221,161926874.5041,0.005980926020323,0,0,0,5.069538431573,5.22137431696e-82,0,-0.9672451410527,-0.5141593900585,-13.88317921823,-2.874746103999,1.341667364952,-12.69462700169,15843.59236634,-3014.935381711,0,0,259691.100,2296,480,0,508997.2166611
509200,27861980.61886,9490344.875896,3063129.789953,0,0,0,1.673692779659,-0.513081265655,32606399.75567,30813368.3126468,161925290.1079,0.005980926019709,0,0,0,5.069538431573,5.220173505604e-82,0,-0.967222196059,-0.5141198335092,-13.88268967079,-2.874822044172,1.341662155969,-12.69427266775,15844.33186986,-3015.076104552,0,0,259691.200,2296,480,0,509097.2176668
509300,27861952.31846,9490331.882023,3063428.222455,0,0,0,1.673670290103,-0.5130416088343,32606098.24084,30813066.7980009,161923705.6377,0.005980926019094,0,0,0,5.069538431573,5.218972968014e-82,0,-0.9671992526904,-0.5140802759037,-13.88220011028,-2.874897976795,1.341656947177,-12.6939183083,15845.07126571,-3015.216806903,0,0,259691.300,2296,480,0,509197.2186725
509400,27861924.01507,9490318.887608,3063726.654486,0,0,0,1.673647788407,-0.5130019507302,32605796.71194,30812765.2692844,161922121.0936,0.00598092601848,0,0,0,5.069538431573,5.217772704168e-82,0,-0.9671763139169,-0.5140407168449,-13.88171053179,-2.874973936345,1.341651738578,-12.69356391843,15845.81066156,-3015.357509255,0,0,259691.400,2296,480,0,509297.2196783
509500,27861895.70868,9490305.89265,3064025.086045,0,0,0,1.673625274569,-0.5129622913427,32605495.16897,30812463.7264983,161920536.4756,0.005980926017866,0,0,0,5.069538431573,5.216572714052e-82,0,-0.9671533766436,-0.514001156648,-13.88122093921,-2.875049884197,1.34164653017,-12.69320950203,15846.55004762,-3015.498209745,0,0,259691.500,2296,480,0,509397.2206842
509600,27861867.39929,9490292.89715,3064323.517133,0,0,0,1.673602748587,-0.512922630672,32605193.61193,30812162.1696435,161918951.7836,0.005980926017251,0,0,0,5.069538431573,5.215372997642e-82,0,-0.9671304418108,-0.5139615950551,-13.88073132935,-2.875125851506,1.341641321955,-12.6928550559,15847.28929665,-3015.638884157,0,0,259691.600,2296,480,0,509497.22169
509700,27861839.08692,9490279.901107,3064621.94775,0,0,0,1.67358021046,-0.5128829687183,32604892.04083,30811860.5987212,161917367.0177,0.005980926016637,0,0,0,5.069538431573,5.214173554922e-82,0,-0.9671075092501,-0.5139220320465,-13.88024170197,-2.875201781933,1.341636113932,-12.69250057982,15848.02854567,-3015.779558569,0,0,259691.700,2296,480,0,509597.222696
509800,27861810.77155,9490266.904522,3064920.377895,0,0,0,1.673557660185,-0.5128433054815,32604590.45565,30811559.0137322,161915782.1779,0.005980926016022,0,0,0,5.069538431573,5.212974385869e-82,0,-0.967084579138,-0.5138824676746,-13.87975205772,-2.875277693573,1.341630906102,-12.69214607441,15848.76771639,-3015.92021808,0,0,259691.800,2296,480,0,509697.223702
509900,27861782.45318,9490253.907395,3065218.80757,0,0,0,1.67353509776,-0.5128036409618,32604288.85641,30811257.4146775,161914197.2642,0.005980926015408,0,0,0,5.069538431573,5.211775490468e-82,0,-0.9670616502329,-0.513842902366,-13.87926240188,-2.875353631963,1.341625698464,-12.69179154496,15849.50685775,-3016.060872003,0,0,259691.900,2296,480,0,509797.224708
510000,27861754.13183,9490240.909726,3065517.236772,0,0,0,1.673512523184,-0.5127639751594,32603987.24311,30810955.8015582,161912612.2765,0.005980926014793,0,0,0,5.069538431573,5.210576868698e-82,0,-0.9670387265695,-0.5138033357852,-13.87877273029,-2.875429571722,1.341620491018,-12.69143698731,15850.24593058,-3016.201512888,0,0,259692.000,2296,480,0,509897.2257141
510100,27861725.80748,9490227.911515,3065815.665504,0,0,0,1.673489936454,-0.5127243080742,32603685.61574,30810654.1743752,161911027.215,0.005980926014179,0,0,0,5.069538431573,5.209378520537e-82,0,-0.9670158038173,-0.5137637677529,-13.87828304074,-2.875505529869,1.341615283765,-12.69108239924,15850.9849349,-3016.342140734,0,0,259692.100,2296,480,0,509997.2267202
510200,27861697.48013,9490214.912762,3066114.093764,0,0,0,1.673467337568,-0.5126846397064,32603383.97431,30810352.5331297,161909442.0796,0.005980926013565,0,0,0,5.069538431573,5.208180445967e-82,0,-0.9669928835162,-0.5137241982377,-13.87779333284,-2.875581442084,1.341610076704,-12.69072778037,15851.72390986,-3016.482762992,0,0,259692.200,2296,480,0,510097.2277263
510300,27861669.14979,9490201.913466,3066412.521552,0,0,0,1.673444726526,-0.5126449700561,32603082.31882,30810050.8778224,161907856.8702,0.00598092601295,0,0,0,5.069538431573,5.206982644972e-82,0,-0.9669699659021,-0.5136846277556,-13.87730361297,-2.875657381419,1.341604869836,-12.69037313706,15852.46287502,-3016.623383388,0,0,259692.300,2296,480,0,510197.2287326
510400,27861640.81646,9490188.913629,3066710.948869,0,0,0,1.673422103323,-0.5126052991235,32602780.64927,30809749.2084544,161906271.587,0.005980926012336,0,0,0,5.069538431573,5.205785117526e-82,0,-0.966947049153,-0.5136450556884,-13.87681387348,-2.875733312814,1.341599663161,-12.69001846168,15853.20177167,-3016.763990745,0,0,259692.400,2296,480,0,510297.2297388
510500,27861612.48013,9490175.913249,3067009.375714,0,0,0,1.67339946796,-0.5125656269085,32602478.96566,30809447.5250268,161904686.2299,0.005980926011721,0,0,0,5.069538431573,5.204587863616e-82,0,-0.9669241375729,-0.5136054824157,-13.87632411908,-2.875809243618,1.341594456678,-12.68966375892,15853.94056065,-3016.904577613,0,0,259692.500,2296,480,0,510397.2307451
510600,27861584.14081,9490162.912328,3067307.802087,0,0,0,1.673376820433,-0.5125259534113,32602177.26799,30809145.8275406,161903100.7989,0.005980926011107,0,0,0,5.069538431573,5.20339088322e-82,0,-0.9669012273248,-0.5135659081088,-13.87583435187,-2.875885181359,1.341589250389,-12.68930903089,15854.67935941,-3017.045166343,0,0,259692.600,2296,480,0,510497.2317515
510700,27861555.7985,9490149.910865,3067606.227989,0,0,0,1.67335416074,-0.512486278632,32601875.55626,30808844.1159966,161901515.294,0.005980926010492,0,0,0,5.069538431573,5.202194176316e-82,0,-0.9668783194181,-0.5135263322255,-13.87534456516,-2.875961072142,1.341584044292,-12.68895427088,15855.41799178,-3017.185723409,0,0,259692.700,2296,480,0,510597.2327579
510800,27861527.45319,9490136.90886,3067904.653419,0,0,0,1.673331488881,-0.5124466025708,32601573.83047,30808542.390396,161899929.7153,0.005980926009878,0,0,0,5.069538431573,5.200997742889e-82,0,-0.9668554143292,-0.5134867553114,-13.87485476569,-2.876037003926,1.341578838388,-12.68859948565,15856.15663393,-3017.326282337,0,0,259692.800,2296,480,0,510697.2337643
510900,27861499.10489,9490123.906313,3068203.078377,0,0,0,1.673308804852,-0.5124069252276,32601272.09063,30808240.6507396,161898344.0627,0.005980926009264,0,0,0,5.069538431573,5.199801582913e-82,0,-0.9668325110769,-0.5134471767195,-13.87436494545,-2.876112924745,1.341573632676,-12.68824466718,15856.89523693,-3017.466833815,0,0,259692.900,2296,480,0,510797.2347708
511000,27861470.7536,9490110.903225,3068501.502863,0,0,0,1.673286108652,-0.5123672466026,32600970.33674,30807938.8970286,161896758.3362,0.005980926008649,0,0,0,5.069538431573,5.198605696375e-82,0,-0.9668096091668,-0.5134075970488,-13.87387511186,-2.876188861131,1.341568427158,-12.68788982288,15857.63383015,-3017.60738343,0,0,259693.000,2296,480,0,510897.2357774
511100,27861442.39931,9490097.899595,3068799.926877,0,0,0,1.673263400279,-0.512327566696,32600668.56879,30807637.1292639,161895172.5359,0.005980926008035,0,0,0,5.069538431573,5.197410083253e-82,0,-0.9667867121517,-0.5133680161928,-13.87338526361,-2.876264802931,1.341563221833,-12.68753495143,15858.37229611,-3017.747908831,0,0,259693.100,2296,480,0,510997.236784
511200,27861414.04203,9490084.895423,3069098.35042,0,0,0,1.67324067973,-0.5122878855077,32600366.78679,30807335.3474465,161893586.6618,0.00598092600742,0,0,0,5.069538431573,5.196214743526e-82,0,-0.9667638164536,-0.5133284338333,-13.87289539675,-2.87634068616,1.341558016701,-12.6871800489,15859.11075229,-3017.888432369,0,0,259693.200,2296,480,0,511097.2377906
511300,27861385.68175,9490071.89071,3069396.77349,0,0,0,1.673217947005,-0.512248203038,32600064.99074,30807033.5515774,161892000.7138,0.005980926006806,0,0,0,5.069538431573,5.195019677175e-82,0,-0.9667409236234,-0.5132888504404,-13.87240551709,-2.876416607324,1.341552811763,-12.6868251211,15859.84910079,-3018.028935418,0,0,259693.300,2296,480,0,511197.2387973
511400,27861357.31848,9490058.885455,3069695.196088,0,0,0,1.6731952021,-0.5122085192869,32599763.18063,30806731.7416576,161890414.6919,0.005980926006191,0,0,0,5.069538431573,5.19382488418e-82,0,-0.9667180326595,-0.5132492654835,-13.87191561809,-2.876492527646,1.341547607017,-12.68647016146,15860.58741014,-3018.169431016,0,0,259693.400,2296,480,0,511297.239804
511500,27861328.95222,9490045.879659,3069993.618214,0,0,0,1.673172445015,-0.5121688342544,32599461.35648,30806429.9176881,161888828.5963,0.005980926005577,0,0,0,5.069538431573,5.192630364522e-82,0,-0.96669514442,-0.5132096794716,-13.87142570602,-2.876568425461,1.341542402465,-12.68611517627,15861.32580759,-3018.309943378,0,0,259693.500,2296,480,0,511397.2408108
511600,27861300.58296,9490032.873321,3070292.039869,0,0,0,1.673149675746,-0.5121291479408,32599159.51828,30806128.0796698,161887242.4268,0.005980926004963,0,0,0,5.069538431573,5.191436118182e-82,0,-0.9666722570718,-0.5131700921397,-13.87093577762,-2.876644359342,1.341537198106,-12.68576016226,15862.06408758,-3018.450433388,0,0,259693.600,2296,480,0,511497.2418176
511700,27861272.21071,9490019.866442,3070590.46105,0,0,0,1.673126894293,-0.5120894603461,32598857.66603,30805826.2276039,161885656.1835,0.005980926004348,0,0,0,5.069538431573,5.190242145139e-82,0,-0.9666493750529,-0.5131305033633,-13.87044583134,-2.876720234712,1.341531993941,-12.68540511788,15862.80221095,-3018.590893596,0,0,259693.700,2296,480,0,511597.2428245
511800,27861243.83546,9490006.859021,3070888.88176,0,0,0,1.673104100652,-0.5120497714704,32598555.79973,30805524.3614912,161884069.8663,0.005980926003734,0,0,0,5.069538431573,5.189048445371e-82,0,-0.9666264940128,-0.5130909133407,-13.86995586964,-2.876796148373,1.341526789969,-12.68505004559,15863.54032454,-3018.731351942,0,0,259693.800,2296,480,0,511697.2438314
511900,27861215.45722,9489993.851059,3071187.301997,0,0,0,1.673081294823,-0.5120100813138,32598253.91939,30805222.4813328,161882483.4754,0.005980926003119,0,0,0,5.069538431573,5.187855018861e-82,0,-0.9666036153963,-0.5130513219374,-13.86946589085,-2.876872065207,1.341521586191,-12.68469494371,15864.27844792,-3018.87181215,0,0,259693.900,2296,480,0,511797.2448384
512000,27861187.07599,9489980.842556,3071485.721762,0,0,0,1.673058476803,-0.5119703898765,32597952.025,30804920.5871297,161880897.0107,0.005980926002505,0,0,0,5.069538431573,5.186661865591e-82,0,-0.9665807394941,-0.5130117295445,-13.86897589982,-2.876947972936,1.341516382606,-12.68433981709,15865.01654193,-3019.01226677,0,0,259694.000,2296,480,0,511897.2458454
512100,27861158.69177,9489967.833511,3071784.141055,0,0,0,1.673035646589,-0.5119306971584,32597650.11657,30804618.6788828,161879310.4721,0.00598092600189,0,0,0,5.069538431573,5.185468985536e-82,0,-0.9665578645194,-0.5129721355439,-13.86848588889,-2.877023873608,1.341511179215,-12.68398465807,15865.7544989,-3019.152695313,0,0,259694.100,2296,480,0,511997.2468524
512200,27861130.30455,9489954.823926,3072082.559875,0,0,0,1.673012804181,-0.5118910031597,32597348.19409,30804316.7565933,161877723.8598,0.005980926001276,0,0,0,5.069538431573,5.18427637868e-82,0,-0.966534994763,-0.5129325405056,-13.86799586511,-2.877099763738,1.341505976018,-12.68362947371,15866.49240693,-3019.293114543,0,0,259694.200,2296,480,0,512097.2478595
512300,27861101.91433,9489941.813799,3072380.978223,0,0,0,1.672989949576,-0.5118513078806,32597046.25758,30804014.8202619,161876137.1736,0.005980926000662,0,0,0,5.069538431573,5.183084045001e-82,0,-0.966512126168,-0.5128929440672,-13.86750582401,-2.877175658519,1.341500773014,-12.68327425952,15867.23023666,-3019.433518872,0,0,259694.300,2296,480,0,512197.2488667
512400,27861073.52112,9489928.803131,3072679.396098,0,0,0,1.672967082773,-0.5118116113211,32596744.30702,30803712.8698898,161874550.4137,0.005980926000047,0,0,0,5.069538431573,5.181891984482e-82,0,-0.9664892601941,-0.5128533465654,-13.86701576975,-2.877251555759,1.341495570204,-12.68291901966,15867.96804681,-3019.573919475,0,0,259694.400,2296,480,0,512297.2498739
512500,27861045.12492,9489915.791922,3072977.813501,0,0,0,1.672944203768,-0.5117719134813,32596442.34243,30803410.905478,161872963.58,0.005980925999433,0,0,0,5.069538431573,5.180700197098e-82,0,-0.9664663962767,-0.5128137473369,-13.86652569412,-2.877327454877,1.341490367588,-12.68256374592,15868.70579823,-3019.714308903,0,0,259694.500,2296,480,0,512397.2508811
512600,27861016.72573,9489902.780172,3073276.230431,0,0,0,1.672921312561,-0.5117322143613,32596140.36379,30803108.9270275,161871376.6726,0.005980925998818,0,0,0,5.069538431573,5.179508682832e-82,0,-0.9664435351619,-0.5127741472932,-13.8660356084,-2.877403348402,1.341485165166,-12.68220844958,15869.44355944,-3019.854700193,0,0,259694.600,2296,480,0,512497.2518884
512700,27860988.32354,9489889.767882,3073574.646889,0,0,0,1.672898409149,-0.5116925139612,32595838.37112,30802806.9345392,161869789.6913,0.005980925998204,0,0,0,5.069538431573,5.178317441665e-82,0,-0.9664206749168,-0.5127345456899,-13.86554550338,-2.877479242126,1.341479962938,-12.68185312143,15870.18118362,-3019.995065406,0,0,259694.700,2296,480,0,512597.2528958
512800,27860959.91835,9489876.75505,3073873.062874,0,0,0,1.672875493531,-0.5116528122811,32595536.36441,30802504.9280142,161868202.6363,0.00598092599759,0,0,0,5.069538431573,5.177126473574e-82,0,-0.9663978195632,-0.5126949426807,-13.86505538095,-2.877555140167,1.341474760904,-12.68149776336,15870.91880779,-3020.135430619,0,0,259694.800,2296,480,0,512697.2539031
512900,27860931.51018,9489863.741677,3074171.478386,0,0,0,1.672852565704,-0.5116131093212,32595234.34366,30802202.9074534,161866615.5076,0.005980925996975,0,0,0,5.069538431573,5.17593577854e-82,0,-0.9663749658445,-0.5126553385347,-13.86456524446,-2.877631028577,1.341469559065,-12.68114237871,15871.65630472,-3020.275771618,0,0,259694.900,2296,480,0,512797.2549106
513000,27860903.099,9489850.727764,3074469.893425,0,0,0,1.672829625666,-0.5115734050815,32594932.30888,30801900.8728578,161865028.3051,0.005980925996361,0,0,0,5.069538431573,5.174745356546e-82,0,-0.9663521143708,-0.5126157331333,-13.86407509244,-2.877706919307,1.341464357419,-12.680786966,15872.39383101,-3020.416118205,0,0,259695.000,2296,480,0,512897.255918
513100,27860874.68484,9489837.71331,3074768.307991,0,0,0,1.672806673415,-0.5115336995621,32594630.26007,30801598.8242285,161863441.0288,0.005980925995746,0,0,0,5.069538431573,5.173555207568e-82,0,-0.9663292652337,-0.5125761263318,-13.86358492308,-2.877782810855,1.341459155968,-12.68043152344,15873.13128878,-3020.556451753,0,0,259695.100,2296,480,0,512997.2569256
513200,27860846.26768,9489824.698315,3075066.722085,0,0,0,1.67278370895,-0.5114939927631,32594328.19722,30801296.7615664,161861853.6788,0.005980925995132,0,0,0,5.069538431573,5.172365331586e-82,0,-0.9663064184639,-0.5125365183677,-13.86309473934,-2.877858667891,1.34145395471,-12.68007605396,15873.86871719,-3020.696779713,0,0,259695.200,2296,480,0,513097.2579331
513300,27860817.84753,9489811.682779,3075365.135706,0,0,0,1.672760732269,-0.5114542846846,32594026.12035,30800994.6848726,161860266.2551,0.005980925994517,0,0,0,5.069538431573,5.17117572858e-82,0,-0.966283572964,-0.5124969091895,-13.86260454057,-2.877934556001,1.341448753648,-12.67972055694,15874.60608687,-3020.837096497,0,0,259695.300,2296,480,0,513197.2589408
513400,27860789.42438,9489798.666703,3075663.548853,0,0,0,1.672737743369,-0.5114145753267,32593724.02944,30800692.594148,161858678.7576,0.005980925993903,0,0,0,5.069538431573,5.169986398533e-82,0,-0.9662607326088,-0.5124572984734,-13.86211432277,-2.878010437904,1.341443552779,-12.67936502835,15875.34334888,-3020.977392793,0,0,259695.400,2296,480,0,513297.2599484
513500,27860760.99824,9489785.650086,3075961.961528,0,0,0,1.672714742248,-0.5113748646896,32593421.9245,30800390.4893936,161857091.1864,0.005980925993289,0,0,0,5.069538431573,5.16879734142e-82,0,-0.9662378932755,-0.5124176864927,-13.86162408932,-2.878086331062,1.341438352105,-12.67900947159,15876.08066961,-3021.117700264,0,0,259695.500,2296,480,0,513397.2609561
513600,27860732.56911,9489772.632928,3076260.37373,0,0,0,1.672691728905,-0.5113351527733,32593119.80553,30800088.3706105,161855503.5415,0.005980925992674,0,0,0,5.069538431573,5.167608557225e-82,0,-0.9662150566254,-0.5123780734787,-13.86113384308,-2.878162207875,1.341433151626,-12.6786538895,15876.81784353,-3021.257979795,0,0,259695.600,2296,480,0,513497.2619639
513700,27860704.13698,9489759.61523,3076558.785458,0,0,0,1.672668703337,-0.5112954395779,32592817.67254,30799786.2377996,161853915.8228,0.00598092599206,0,0,0,5.069538431573,5.166420045926e-82,0,-0.9661922220848,-0.5123384588093,-13.86064357635,-2.878238073274,1.341427951341,-12.67829827439,15877.55498808,-3021.398253739,0,0,259695.700,2296,480,0,513597.2629717
513800,27860675.70186,9489746.596992,3076857.196713,0,0,0,1.672645665542,-0.5112557251035,32592515.52551,30799484.0909619,161852328.0305,0.005980925991445,0,0,0,5.069538431573,5.1652318075e-82,0,-0.9661693890153,-0.5122988432389,-13.86015329848,-2.878313954274,1.341422751251,-12.67794263559,15878.29206411,-3021.538514644,0,0,259695.800,2296,480,0,513697.2639796
513900,27860647.26374,9489733.578213,3077155.607496,0,0,0,1.67262261552,-0.5112160093503,32592213.36447,30799181.9300984,161850740.1644,0.005980925990831,0,0,0,5.069538431573,5.164043841931e-82,0,-0.9661465610398,-0.5122592262455,-13.85966300299,-2.878389826927,1.341417551355,-12.67758696664,15879.02905204,-3021.678758785,0,0,259695.900,2296,480,0,513797.2649875
514000,27860618.82263,9489720.558894,3077454.017805,0,0,0,1.672599553266,-0.5111762923182,32591911.18939,30798879.7552102,161849152.2247,0.005980925990216,0,0,0,5.069538431573,5.162856149196e-82,0,-0.9661237338291,-0.5122196079804,-13.85917269176,-2.878465691196,1.341412351655,-12.67723126941,15879.76608892,-3021.81901224,0,0,259696.000,2296,496,0,513897.2659954
514100,27860590.37853,9489707.539034,3077752.42764,0,0,0,1.672576478781,-0.5111365740075,32591609.0003,30798577.5662982,161847564.2112,0.005980925989602,0,0,0,5.069538431573,5.161668729276e-82,0,-0.9661009094547,-0.5121799883062,-13.8586823631,-2.878541559741,1.341407152149,-12.67687554219,15880.50298876,-3021.959239617,0,0,259696.100,2296,496,0,513997.2670034
514200,27860561.93143,9489694.518634,3078050.837003,0,0,0,1.672553392061,-0.5110968544182,32591306.79718,30798275.3633634,161845976.1241,0.005980925988988,0,0,0,5.069538431573,5.160481582146e-82,0,-0.9660780873026,-0.5121403672376,-13.85819201717,-2.878617417474,1.341401952837,-12.67651978517,15881.23982987,-3022.099455819,0,0,259696.200,2296,496,0,514097.2680114
514300,27860533.48134,9489681.497694,3078349.245891,0,0,0,1.672530293104,-0.5110571335505,32591004.58004,30797973.1464068,161844387.9632,0.005980925988373,0,0,0,5.069538431573,5.159294707795e-82,0,-0.9660552677328,-0.5121007451555,-13.85770165871,-2.878693288794,1.341396753721,-12.67616400307,15881.97663183,-3022.239664569,0,0,259696.300,2296,496,0,514197.2690195
514400,27860505.02825,9489668.476214,3078647.654307,0,0,0,1.672507181909,-0.5110174114043,32590702.34888,30797670.9154295,161842799.7287,0.005980925987759,0,0,0,5.069538431573,5.158108106195e-82,0,-0.9660324493361,-0.5120611218415,-13.857211285,-2.878769164425,1.3413915548,-12.67580819316,15882.71344358,-3022.379875183,0,0,259696.400,2296,496,0,514297.2700277
514500,27860476.57217,9489655.454194,3078946.062249,0,0,0,1.672484058474,-0.5109776879799,32590400.1037,30797368.6704323,161841211.4206,0.005980925987144,0,0,0,5.069538431573,5.156921777326e-82,0,-0.9660096357651,-0.5120214970351,-13.85672089282,-2.878845007147,1.341386356074,-12.67545235223,15883.4501966,-3022.520074621,0,0,259696.500,2296,496,0,514397.2710358
514600,27860448.1131,9489642.431633,3079244.469717,0,0,0,1.672460922796,-0.5109379632773,32590097.8445,30797066.4114164,161839623.0387,0.00598092598653,0,0,0,5.069538431573,5.15573572117e-82,0,-0.9659868234948,-0.511981870981,-13.8562304852,-2.87892089155,1.341381157543,-12.6750964833,15884.18679301,-3022.660244256,0,0,259696.600,2296,496,0,514497.2720441
514700,27860419.65103,9489629.408533,3079542.876712,0,0,0,1.672437774874,-0.5108982372966,32589795.57128,30796764.1383827,161838034.5832,0.005980925985915,0,0,0,5.069538431573,5.154549937702e-82,0,-0.9659640138333,-0.5119422435598,-13.85574006065,-2.878996740773,1.341375959207,-12.6747405849,15884.92337962,-3022.800412029,0,0,259696.700,2296,496,0,514597.2730524
514800,27860391.18597,9489616.384892,3079841.283234,0,0,0,1.672414614706,-0.510858510038,32589493.28404,30796461.8513322,161836446.054,0.005980925985301,0,0,0,5.069538431573,5.153364426909e-82,0,-0.965941206299,-0.5119026149794,-13.85524962177,-2.879072594443,1.341370761066,-12.67438465959,15885.66001518,-3022.940589115,0,0,259696.800,2296,496,0,514697.2740607
514900,27860362.71791,9489603.360711,3080139.689281,0,0,0,1.672391442289,-0.5108187815015,32589190.98279,30796159.5502659,161834857.4512,0.005980925984687,0,0,0,5.069538431573,5.152179188765e-82,0,-0.9659183999648,-0.511862985174,-13.85475916772,-2.879148450297,1.34136556312,-12.67402870656,15886.39650392,-3023.080738261,0,0,259696.900,2296,496,0,514797.275069
515000,27860334.24686,9489590.335991,3080438.094855,0,0,0,1.672368257622,-0.5107790516872,32588888.66753,30795857.2351848,161833268.7747,0.005980925984072,0,0,0,5.069538431573,5.150994223251e-82,0,-0.9658955987067,-0.5118233538306,-13.85426869464,-2.879224284289,1.34136036537,-12.67367272193,15887.13296329,-3023.22088182,0,0,259697.000,2296,496,0,514897.2760775
515100,27860305.77282,9489577.31073,3080736.499956,0,0,0,1.672345060703,-0.5107393205952,32588586.33825,30795554.9060899,161831680.0246,0.005980925983458,0,0,0,5.069538431573,5.149809530344e-82,0,-0.9658727986615,-0.5117837213985,-13.85377820808,-2.879300161685,1.341355167815,-12.67331671126,15887.86935414,-3023.36101234,0,0,259697.100,2296,496,0,514997.2770859
515200,27860277.29578,9489564.28493,3081034.904582,0,0,0,1.672321851529,-0.5106995882256,32588283.99496,30795252.5629823,161830091.2009,0.005980925982843,0,0,0,5.069538431573,5.148625110028e-82,0,-0.9658500012108,-0.5117440878426,-13.85328770762,-2.879376012408,1.341349970456,-12.67296067411,15888.60574499,-3023.501142859,0,0,259697.200,2296,496,0,515097.2780944
515300,27860248.81575,9489551.25859,3081333.308735,0,0,0,1.672298630099,-0.5106598545786,32587981.63765,30794950.2058628,161828502.3035,0.005980925982229,0,0,0,5.069538431573,5.147440962278e-82,0,-0.9658272060925,-0.5117044529027,-13.85279719002,-2.879451868193,1.341344773292,-12.67260460727,15889.34202817,-3023.64125289,0,0,259697.300,2296,496,0,515197.279103
515400,27860220.33273,9489538.231711,3081631.712413,0,0,0,1.672275396411,-0.5106201196542,32587679.26634,30794647.8347325,161826913.3325,0.005980925981615,0,0,0,5.069538431573,5.146257087074e-82,0,-0.9658044134461,-0.511664816381,-13.85230665286,-2.879527715573,1.341339576324,-12.67224850827,15890.07832114,-3023.781364784,0,0,259697.400,2296,496,0,515297.2801116
515500,27860191.84671,9489525.204291,3081930.115618,0,0,0,1.672252150462,-0.5105803834525,32587376.88101,30794345.4495925,161825324.2878,0.005980925981,0,0,0,5.069538431573,5.145073484396e-82,0,-0.965781621848,-0.5116251788472,-13.85181610316,-2.87960354298,1.341334379551,-12.67189238417,15890.81449665,-3023.921454325,0,0,259697.500,2296,496,0,515397.2811202
515600,27860163.3577,9489512.176332,3082228.518349,0,0,0,1.672228892251,-0.5105406459737,32587074.48168,30794043.0504437,161823735.1696,0.005980925980386,0,0,0,5.069538431573,5.143890154227e-82,0,-0.9657588353446,-0.5115855399107,-13.85132553611,-2.879679417097,1.341329182974,-12.67153623014,15891.55058407,-3024.061527103,0,0,259697.600,2296,496,0,515497.2821289
515700,27860134.86569,9489499.147833,3082526.920606,0,0,0,1.672205621776,-0.5105009072178,32586772.06834,30793740.637287,161822145.9777,0.005980925979771,0,0,0,5.069538431573,5.142707096538e-82,0,-0.9657360500366,-0.5115458997292,-13.85083495365,-2.879755234345,1.341323986593,-12.67118004812,15892.28670085,-3024.201605469,0,0,259697.700,2296,496,0,515597.2831377
515800,27860106.37069,9489486.118795,3082825.322388,0,0,0,1.672182339034,-0.5104611671849,32586469.64099,30793438.2101236,161820556.7122,0.005980925979157,0,0,0,5.069538431573,5.141524311313e-82,0,-0.96571326719,-0.5115062583152,-13.85034435593,-2.879831080794,1.341318790407,-12.67082383826,15893.02271975,-3024.341665208,0,0,259697.800,2296,496,0,515697.2841465
515900,27860077.87269,9489473.089217,3083123.723697,0,0,0,1.672159044024,-0.5104214258751,32586167.19964,30793135.7689543,161818967.3732,0.005980925978542,0,0,0,5.069538431573,5.140341798534e-82,0,-0.9656904869919,-0.5114666155245,-13.84985374118,-2.879906919358,1.341313594417,-12.67046759878,15893.75867991,-3024.481713772,0,0,259697.900,2296,496,0,515797.2851553
516000,27860049.3717,9489460.0591,3083422.124531,0,0,0,1.672135736744,-0.5103816832886,32585864.74428,30792833.3137803,161817377.9605,0.005980925977928,0,0,0,5.069538431573,5.139159558175e-82,0,-0.9656677088875,-0.5114269712577,-13.84936310816,-2.879982739889,1.341308398623,-12.67011132844,15894.49465966,-3024.621766061,0,0,259698.000,2296,496,0,515897.2861642
516100,27860020.86772,9489447.028443,3083720.524892,0,0,0,1.672112417192,-0.5103419394254,32585562.27492,30792530.8446025,161815788.4742,0.005980925977314,0,0,0,5.069538431573,5.137977590217e-82,0,-0.9656449320365,-0.5113873260972,-13.84887246408,-2.880058608649,1.341303203025,-12.66975503446,15895.23052195,-3024.761795998,0,0,259698.100,2296,496,0,515997.2871731
516200,27859992.36074,9489433.997247,3084018.924778,0,0,0,1.672089085365,-0.5103021942856,32585259.79155,30792228.3614219,161814198.9144,0.005980925976699,0,0,0,5.069538431573,5.136795894641e-82,0,-0.9656221601509,-0.5113476795145,-13.8483818024,-2.880134433311,1.341298007624,-12.66939871028,15895.96630592,-3024.901811033,0,0,259698.200,2296,496,0,516097.2881821
516300,27859963.85077,9489420.965512,3084317.324189,0,0,0,1.672065741262,-0.5102624478694,32584957.29419,30791925.8642395,161812609.281,0.005980925976085,0,0,0,5.069538431573,5.135614471423e-82,0,-0.9655993896077,-0.5113080316166,-13.84789112444,-2.880210272698,1.341292812418,-12.66904235723,15896.70206054,-3025.041820481,0,0,259698.300,2296,496,0,516197.2891911
516400,27859935.33781,9489407.933237,3084615.723127,0,0,0,1.672042384881,-0.5102227001767,32584654.78282,30791623.3530562,161811019.574,0.00598092597547,0,0,0,5.069538431573,5.134433320543e-82,0,-0.9655766216467,-0.5112683824101,-13.84740043029,-2.88028610336,1.341287617408,-12.6686859754,15897.43775642,-3025.181818753,0,0,259698.400,2296,496,0,516297.2902002
516500,27859906.82185,9489394.900423,3084914.12159,0,0,0,1.67201901622,-0.5101829512078,32584352.25745,30791320.8278732,161809429.7934,0.005980925974856,0,0,0,5.069538431573,5.133252441979e-82,0,-0.965553855774,-0.511228731964,-13.84690972079,-2.880361905029,1.341282422595,-12.66832956562,15898.17352083,-3025.321830064,0,0,259698.500,2296,496,0,516397.2912093
516600,27859878.30289,9489381.86707,3085212.519578,0,0,0,1.671995635276,-0.5101432009628,32584049.71809,30791018.2886914,161807839.9393,0.005980925974241,0,0,0,5.069538431573,5.132071835715e-82,0,-0.9655310910544,-0.5111890802515,-13.84641899562,-2.880437756131,1.341277227977,-12.66797312757,15898.90912862,-3025.461811572,0,0,259698.600,2296,496,0,516497.2922184
516700,27859849.78095,9489368.833177,3085510.917092,0,0,0,1.671972242048,-0.5101034494416,32583747.16472,30790715.7355119,161806250.0116,0.005980925973627,0,0,0,5.069538431573,5.130891501722e-82,0,-0.9655083312392,-0.5111494268812,-13.84592824994,-2.880513573667,1.341272033556,-12.6676166564,15899.64466789,-3025.601780042,0,0,259698.700,2296,496,0,516597.2932277
516800,27859821.256,9489355.798746,3085809.314132,0,0,0,1.671948836533,-0.5100636966445,32583444.59736,30790413.1683354,161804660.0103,0.005980925973013,0,0,0,5.069538431573,5.129711439986e-82,0,-0.9654855730362,-0.5111097727785,-13.84543749519,-2.880589403913,1.341266839332,-12.66726016356,15900.38015822,-3025.741739199,0,0,259698.800,2296,496,0,516697.2942369
516900,27859792.72807,9489342.763776,3086107.710696,0,0,0,1.671925418731,-0.5100239425715,32583142.01601,30790110.5871633,161803069.9355,0.005980925972398,0,0,0,5.069538431573,5.128531650482e-82,0,-0.9654628171584,-0.5110701173067,-13.8449467235,-2.88066521336,1.341261645303,-12.66690364118,15901.11565834,-3025.881700218,0,0,259698.900,2296,496,0,516797.2952462
517000,27859764.19714,9489329.728266,3086406.106787,0,0,0,1.671901988638,-0.5099841872228,32582839.42065,30789807.9919963,161801479.7872,0.005980925971784,0,0,0,5.069538431573,5.127352133193e-82,0,-0.9654400637098,-0.5110304604662,-13.84445593487,-2.880741038625,1.341256451472,-12.66654708924,15901.85108016,-3026.021646336,0,0,259699.000,2296,496,0,516897.2962556
517100,27859735.66321,9489316.692217,3086704.502402,0,0,0,1.671878546253,-0.5099444305984,32582536.81131,30789505.3828355,161799889.5653,0.005980925971169,0,0,0,5.069538431573,5.126172888089e-82,0,-0.9654173125677,-0.5109908020388,-13.8439651266,-2.880816881633,1.341251257836,-12.66619050506,15902.58646282,-3026.161585003,0,0,259699.100,2296,496,0,516997.297265
517200,27859707.1263,9489303.65563,3087002.897543,0,0,0,1.671855091573,-0.5099046726984,32582234.18797,30789202.7596819,161798299.2699,0.005980925970555,0,0,0,5.069538431573,5.124993915161e-82,0,-0.9653945627772,-0.5109511426483,-13.8434743064,-2.880892690696,1.341246064398,-12.66583389634,15903.3217476,-3026.301505044,0,0,259699.200,2296,496,0,517097.2982744
517300,27859678.58639,9489290.618504,3087301.292209,0,0,0,1.671831624597,-0.5098649135229,32581931.55064,30788900.1225365,161796708.901,0.005980925969941,0,0,0,5.069538431573,5.123815214378e-82,0,-0.9653718178312,-0.5109114819089,-13.84298346952,-2.880968503293,1.341240871156,-12.66547725831,15904.05695407,-3026.441410184,0,0,259699.300,2296,496,0,517197.2992839
517400,27859650.04348,9489277.580838,3087599.686401,0,0,0,1.671808145323,-0.5098251530721,32581628.89932,30788597.4714003,161795118.4585,0.005980925969326,0,0,0,5.069538431573,5.122636785724e-82,0,-0.9653490744124,-0.5108718199985,-13.84249261815,-2.881044295633,1.34123567811,-12.66512059317,15904.79215075,-3026.581313461,0,0,259699.400,2296,496,0,517297.3002934
517500,27859621.49758,9489264.542634,3087898.080117,0,0,0,1.671784653749,-0.509785391346,32581326.23401,30788294.8062744,161793527.9426,0.005980925968712,0,0,0,5.069538431573,5.121458629176e-82,0,-0.9653263334903,-0.5108321568924,-13.84200175197,-2.88112011268,1.341230485262,-12.66476390061,15905.52724955,-3026.721198112,0,0,259699.500,2296,496,0,517397.301303
517600,27859592.94869,9489251.503892,3088196.473359,0,0,0,1.671761149872,-0.5097456283447,32581023.55471,30787992.1271596,161791937.3531,0.005980925968097,0,0,0,5.069538431573,5.120280744712e-82,0,-0.9653035945125,-0.5107924920646,-13.84151086449,-2.881195949115,1.34122529261,-12.66440717413,15906.26239729,-3026.861092076,0,0,259699.600,2296,496,0,517497.3023126
517700,27859564.3968,9489238.46461,3088494.866126,0,0,0,1.671737633691,-0.5097058640683,32580720.86143,30787689.4340571,161790346.6901,0.005980925967483,0,0,0,5.069538431573,5.119103132312e-82,0,-0.9652808580228,-0.5107528262488,-13.84101996478,-2.881271757358,1.341220100155,-12.66405042279,15906.997408,-3027.000959963,0,0,259699.700,2296,496,0,517597.3033223
517800,27859535.84191,9489225.42479,3088793.258417,0,0,0,1.671714105204,-0.509666098517,32580418.15415,30787386.7269678,161788755.9536,0.005980925966868,0,0,0,5.069538431573,5.117925791955e-82,0,-0.9652581227573,-0.5107131591266,-13.8405290489,-2.881347572777,1.341214907897,-12.66369364266,15907.73241871,-3027.14082785,0,0,259699.800,2296,496,0,517697.304332
517900,27859507.28404,9489212.384431,3089091.650234,0,0,0,1.671690564408,-0.5096263316908,32580115.43289,30787084.0058927,161787165.1436,0.005980925966254,0,0,0,5.069538431573,5.116748723617e-82,0,-0.9652353925273,-0.510673490731,-13.84003811727,-2.881423355616,1.341209715836,-12.66333683414,15908.46731196,-3027.280673385,0,0,259699.900,2296,496,0,517797.3053418
518000,27859478.72317,9489199.343534,3089390.041576,0,0,0,1.671667011302,-0.5095865635899,32579812.69765,30786781.2708328,161785574.2601,0.00598092596564,0,0,0,5.069538431573,5.115571927282e-82,0,-0.9652126637412,-0.5106338210061,-13.83954716918,-2.881499165526,1.341204523972,-12.66297999653,15909.20216605,-3027.420511469,0,0,259700.000,2296,496,0,517897.3063516
518100,27859450.1593,9489186.302098,3089688.432442,0,0,0,1.671643445883,-0.5095467942142,32579509.94842,30786478.5217891,161783983.3032,0.005980925965025,0,0,0,5.069538431573,5.114395402923e-82,0,-0.9651899374442,-0.5105941500501,-13.83905620586,-2.881574998764,1.341199332305,-12.66262313106,15909.93693205,-3027.56033279,0,0,259700.100,2296,496,0,517997.3073615
518200,27859421.59244,9489173.260124,3089986.822833,0,0,0,1.67161986815,-0.509507023564,32579207.18521,30786175.7587627,161782392.2727,0.005980925964411,0,0,0,5.069538431573,5.113219150519e-82,0,-0.9651672131541,-0.5105544776191,-13.83856522428,-2.881650775793,1.341194140836,-12.6622662347,15910.67180572,-3027.7001746,0,0,259700.200,2296,496,0,518097.3083714
518300,27859393.02259,9489160.217611,3090285.212749,0,0,0,1.671596278101,-0.5094672516393,32578904.40802,30785872.9817544,161780801.1688,0.005980925963796,0,0,0,5.069538431573,5.112043170055e-82,0,-0.965144490073,-0.5105148040931,-13.83807422915,-2.881726581723,1.341188949563,-12.66190931214,15911.4065032,-3027.839982882,0,0,259700.300,2296,496,0,518197.3093813
518400,27859364.44974,9489147.17456,3090583.60219,0,0,0,1.671572675733,-0.5094274784403,32578601.61685,30785570.1907654,161779209.9914,0.005980925963182,0,0,0,5.069538431573,5.110867461504e-82,0,-0.9651217722176,-0.5104751293458,-13.83758321891,-2.881802356135,1.341183758488,-12.66155236184,15912.14115174,-3027.979781851,0,0,259700.400,2296,496,0,518297.3103913
518500,27859335.8739,9489134.13097,3090881.991156,0,0,0,1.671549061045,-0.509387703967,32578298.81169,30785267.3857966,161777618.7406,0.005980925962567,0,0,0,5.069538431573,5.109692024845e-82,0,-0.9650990553784,-0.5104354531583,-13.83709219084,-2.881878157642,1.34117856761,-12.66119538106,15912.8757905,-3028.119578958,0,0,259700.500,2296,496,0,518397.3114014
518600,27859307.29507,9489121.086843,3091180.379646,0,0,0,1.671525434035,-0.5093479282195,32577995.99256,30784964.566849,161776027.4163,0.005980925961953,0,0,0,5.069538431573,5.108516860058e-82,0,-0.9650763412197,-0.5103957757928,-13.83660114819,-2.881953985698,1.34117337693,-12.66083837307,15913.61043904,-3028.259377927,0,0,259700.600,2296,496,0,518497.3124115
518700,27859278.71324,9489108.042177,3091478.767661,0,0,0,1.6715017947,-0.5093081511979,32577693.15945,30784661.7339237,161774436.0185,0.005980925961339,0,0,0,5.069538431573,5.10734196712e-82,0,-0.9650536293027,-0.5103560971652,-13.83611008993,-2.882029769452,1.341168186447,-12.6604813368,15914.3449016,-3028.399141505,0,0,259700.700,2296,496,0,518597.3134216
518800,27859250.12842,9489094.996972,3091777.1552,0,0,0,1.671478143038,-0.5092683729024,32577390.31236,30784358.8870215,161772844.5473,0.005980925960724,0,0,0,5.069538431573,5.106167346008e-82,0,-0.9650309197361,-0.5103164171119,-13.83561901402,-2.882105543205,1.341162996161,-12.66012427025,15915.07935438,-3028.538903221,0,0,259700.800,2296,496,0,518697.3144318
518900,27859221.5406,9489081.95123,3092075.542264,0,0,0,1.671454479048,-0.509228593333,32577087.4513,30784056.0261436,161771253.0026,0.00598092596011,0,0,0,5.069538431573,5.104992996706e-82,0,-0.9650082115628,-0.5102767359066,-13.83512792385,-2.882181333447,1.341157806073,-12.65976717678,15915.81379736,-3028.678663075,0,0,259700.900,2296,496,0,518797.3154421
519000,27859192.94979,9489068.904949,3092373.928852,0,0,0,1.671430802728,-0.5091888124898,32576784.57627,30783753.151291,161769661.3846,0.005980925959495,0,0,0,5.069538431573,5.103818919186e-82,0,-0.9649855081922,-0.5102370532683,-13.83463681595,-2.882257118835,1.341152616183,-12.65941005293,15916.54813268,-3028.818402439,0,0,259701.000,2296,496,0,518897.3164523
519100,27859164.35598,9489055.858131,3092672.314965,0,0,0,1.671407114075,-0.509149030373,32576481.68726,30783450.2624645,161768069.693,0.005980925958881,0,0,0,5.069538431573,5.102645113431e-82,0,-0.9649628062539,-0.5101973693298,-13.83414569195,-2.882332931017,1.34114742649,-12.65905290033,15917.28241905,-3028.958132491,0,0,259701.100,2296,496,0,518997.3174627
519200,27859135.75918,9489042.810774,3092970.700602,0,0,0,1.671383413087,-0.5091092469826,32576178.78427,30783147.3596653,161766477.9281,0.005980925958267,0,0,0,5.069538431573,5.101471579418e-82,0,-0.9649401069309,-0.5101576843224,-13.83365455473,-2.882408705419,1.341142236995,-12.65869572184,15918.01662712,-3029.097847641,0,0,259701.200,2296,496,0,519097.318473
519300,27859107.15938,9489029.762879,3093269.085763,0,0,0,1.671359699763,-0.5090694623187,32575875.86732,30782844.4428944,161764886.0897,0.005980925957652,0,0,0,5.069538431573,5.100298317125e-82,0,-0.9649174096529,-0.5101179979181,-13.83316340022,-2.882484471887,1.341137047698,-12.65833851341,15918.7508254,-3029.237560928,0,0,259701.300,2296,496,0,519197.3194835
519400,27859078.5566,9489016.714447,3093567.470449,0,0,0,1.671335974101,-0.5090296763814,32575572.93639,30782541.5121526,161763294.1779,0.005980925957038,0,0,0,5.069538431573,5.099125326531e-82,0,-0.9648947150435,-0.5100783103624,-13.83267223147,-2.882560262939,1.341131858599,-12.65798127806,15919.48500411,-3029.37727049,0,0,259701.400,2296,496,0,519297.3204939
519500,27859049.95081,9489003.665476,3093865.854659,0,0,0,1.671312236098,-0.5089898891709,32575269.99149,30782238.5674412,161761702.1927,0.005980925956423,0,0,0,5.069538431573,5.097952607612e-82,0,-0.9648720212336,-0.5100386212736,-13.83218104373,-2.882636047568,1.341126669697,-12.65762401108,15920.21913387,-3029.516970739,0,0,259701.500,2296,496,0,519397.3215044
519600,27859021.34204,9488990.615968,3094164.238393,0,0,0,1.671288485752,-0.5089501006872,32574967.03263,30781935.6087609,161760110.1341,0.005980925955809,0,0,0,5.069538431573,5.09678016035e-82,0,-0.9648493327992,-0.5099989312685,-13.83168984466,-2.882711850113,1.341121480994,-12.65726672009,15920.95307765,-3029.656635597,0,0,259701.600,2296,496,0,519497.322515
519700,27858992.73027,9488977.565921,3094462.621651,0,0,0,1.671264723061,-0.5089103109304,32574664.0598,30781632.6361129,161758518.0021,0.005980925955194,0,0,0,5.069538431573,5.095607984721e-82,0,-0.9648266455256,-0.5099592395863,-13.83119862483,-2.882787618824,1.341116292488,-12.65690939567,15921.68706059,-3029.796307907,0,0,259701.700,2296,496,0,519597.3235256
519800,27858964.1155,9488964.515337,3094761.004433,0,0,0,1.671240948024,-0.5088705199007,32574361.073,30781329.6494982,161756925.7967,0.00598092595458,0,0,0,5.069538431573,5.094436080703e-82,0,-0.9648039605262,-0.509919546816,-13.83070739154,-2.882863383271,1.341111104181,-12.65655204512,15922.42099459,-3029.935970902,0,0,259701.800,2296,496,0,519697.3245363
519900,27858935.49774,9488951.464216,3095059.38674,0,0,0,1.671217160638,-0.508830727598,32574058.07223,30781026.6489177,161755333.5179,0.005980925953966,0,0,0,5.069538431573,5.093264448274e-82,0,-0.9647812782601,-0.5098798529703,-13.83021614493,-2.882939142126,1.341105916072,-12.65619466858,15923.15488943,-3030.075626448,0,0,259701.900,2296,496,0,519797.325547
520000,27858906.87699,9488938.412556,3095357.76857,0,0,0,1.671193360902,-0.5087909340226,32573755.05751,30780723.6343725,161753741.1657,0.005980925953351,0,0,0,5.069538431573,5.092093087412e-82,0,-0.9647585966206,-0.5098401574863,-13.82972487805,-2.883014919338,1.341100728161,-12.6558372591,15923.88874513,-3030.215274543,0,0,259702.000,2296,496,0,519897.3265577
520100,27858878.25324,9488925.360359,3095656.149924,0,0,0,1.671169548813,-0.5087511391746,32573452.02881,30780420.6058635,161752148.7401,0.005980925952737,0,0,0,5.069538431573,5.090921998098e-82,0,-0.9647359203054,-0.5098004607102,-13.82923359518,-2.883090713209,1.341095540448,-12.65547982094,15924.62249315,-3030.354902148,0,0,259702.100,2296,496,0,519997.3275685
520200,27858849.6265,9488912.307625,3095954.530803,0,0,0,1.671145724369,-0.5087113430539,32573148.98616,30780117.5633918,161750556.2412,0.005980925952122,0,0,0,5.069538431573,5.089751180308e-82,0,-0.9647132453197,-0.5097607628088,-13.82874229839,-2.883166480923,1.341090352933,-12.65512235618,15925.3562118,-3030.494524166,0,0,259702.200,2296,496,0,520097.3285793
520300,27858820.99676,9488899.254353,3096252.911205,0,0,0,1.671121887568,-0.5086715456608,32572845.92954,30779814.5069583,161748963.6689,0.005980925951508,0,0,0,5.069538431573,5.088580634021e-82,0,-0.9646905726411,-0.5097210636456,-13.82825098598,-2.883242231175,1.341085165617,-12.65476486312,15926.08990109,-3030.634140596,0,0,259702.300,2296,496,0,520197.3295902
520400,27858792.36403,9488886.200543,3096551.291131,0,0,0,1.671098038408,-0.5086317469953,32572542.85896,30779511.4365642,161747371.0232,0.005980925950894,0,0,0,5.069538431573,5.087410359213e-82,0,-0.9646679022353,-0.5096813632615,-13.82775965845,-2.883317996136,1.341079978499,-12.65440734226,15926.82353165,-3030.77374585,0,0,259702.400,2296,496,0,520297.3306012
520500,27858763.7283,9488873.146196,3096849.67058,0,0,0,1.671074176888,-0.5085919470575,32572239.77442,30779208.3522102,161745778.3042,0.005980925950279,0,0,0,5.069538431573,5.086240355864e-82,0,-0.9646452342797,-0.5096416612711,-13.82726831105,-2.883393789051,1.34107479158,-12.65404978884,15927.55715243,-3030.913349241,0,0,259702.500,2296,496,0,520397.3316122
520600,27858735.08959,9488860.091311,3097148.049554,0,0,0,1.671050303005,-0.5085521458476,32571936.67593,30778905.2538976,161744185.5118,0.005980925949665,0,0,0,5.069538431573,5.085070623952e-82,0,-0.9646225676856,-0.5096019583073,-13.8267769516,-2.883469551998,1.34106960486,-12.65369221068,15928.29065574,-3031.052930281,0,0,259702.600,2296,496,0,520497.3326232
520700,27858706.44787,9488847.03589,3097446.428051,0,0,0,1.671026416757,-0.5085123433656,32571633.56347,30778602.1416273,161742592.6461,0.00598092594905,0,0,0,5.069538431573,5.083901163454e-82,0,-0.964599906286,-0.5095622540837,-13.82628557656,-2.883545296089,1.341064418337,-12.65333460424,15929.02407096,-3031.192494556,0,0,259702.700,2296,496,0,520597.3336343
520800,27858677.80316,9488833.97993,3097744.806072,0,0,0,1.671002518142,-0.5084725396116,32571330.43706,30778299.0154002,161740999.707,0.005980925948436,0,0,0,5.069538431573,5.08273197435e-82,0,-0.9645772457716,-0.5095225484023,-13.82579418348,-2.883621036949,1.341059232014,-12.65297696707,15929.75742745,-3031.332047656,0,0,259702.800,2296,496,0,520697.3346454
520900,27858649.15546,9488820.923434,3098043.183616,0,0,0,1.670978607158,-0.5084327345857,32571027.29669,30777995.8752174,161739406.6946,0.005980925947821,0,0,0,5.069538431573,5.081563056616e-82,0,-0.9645545881048,-0.5094828417692,-13.82530277862,-2.883696795325,1.341054045889,-12.65261930542,15930.49079373,-3031.471602619,0,0,259702.900,2296,496,0,520797.3356565
521000,27858620.50477,9488807.8664,3098341.560684,0,0,0,1.670954683803,-0.5083929282881,32570724.14237,30777692.7210798,161737813.6088,0.005980925947207,0,0,0,5.069538431573,5.080394410229e-82,0,-0.9645319324063,-0.5094431333969,-13.82481135224,-2.883772579058,1.341048859963,-12.65226160955,15931.2240817,-3031.61114268,0,0,259703.000,2296,496,0,520897.3366678
521100,27858591.85108,9488794.80883,3098639.937275,0,0,0,1.670930748075,-0.5083531207188,32570420.9741,30777389.5529886,161736220.4498,0.005980925946593,0,0,0,5.069538431573,5.07922603517e-82,0,-0.9645092779898,-0.5094034238707,-13.82431991158,-2.88384834196,1.341043674236,-12.6519038867,15931.95738925,-3031.750686467,0,0,259703.100,2296,496,0,520997.337679
521200,27858563.19439,9488781.750722,3098938.31339,0,0,0,1.670906799972,-0.5083133118779,32570117.79187,30777086.3709447,161734627.2174,0.005980925945978,0,0,0,5.069538431573,5.078057931414e-82,0,-0.9644866283759,-0.5093637131804,-13.82382845651,-2.883924084693,1.341038488708,-12.65154613674,15932.69053039,-3031.890198588,0,0,259703.200,2296,496,0,521097.3386903
521300,27858534.53471,9488768.692077,3099236.689028,0,0,0,1.670882839492,-0.5082735017655,32569814.59569,30776783.1749491,161733033.9117,0.005980925945364,0,0,0,5.069538431573,5.076890098942e-82,0,-0.964463980221,-0.5093240012054,-13.82333698554,-2.883999818673,1.341033303378,-12.65118835818,15933.4236226,-3032.029701397,0,0,259703.300,2296,496,0,521197.3397017
521400,27858505.87204,9488755.632894,3099535.06419,0,0,0,1.670858866633,-0.5082336903817,32569511.38556,30776479.9650027,161731440.5326,0.005980925944749,0,0,0,5.069538431573,5.075722537728e-82,0,-0.9644413346232,-0.5092842879702,-13.82284549897,-2.884075568028,1.341028118248,-12.65083055131,15934.15672459,-3032.169206068,0,0,259703.400,2296,496,0,521297.3407131
521500,27858477.20637,9488742.573175,3099833.438875,0,0,0,1.670834881393,-0.5081938777267,32569208.16148,30776176.7411067,161729847.0803,0.005980925944135,0,0,0,5.069538431573,5.074555247753e-82,0,-0.9644186914005,-0.5092445735133,-13.82235399729,-2.884151336517,1.341022933316,-12.65047271661,15934.88976786,-3032.308699563,0,0,259703.500,2296,496,0,521397.3417245
521600,27858448.53771,9488729.512919,3100131.813083,0,0,0,1.670810883769,-0.5081540638005,32568904.92345,30775873.503262,161728253.5547,0.005980925943521,0,0,0,5.069538431573,5.073388228995e-82,0,-0.9643960503463,-0.5092048576436,-13.82186247812,-2.884227083381,1.341017748584,-12.65011485172,15935.62281112,-3032.448193058,0,0,259703.600,2296,496,0,521497.342736
521700,27858419.86605,9488716.452126,3100430.186814,0,0,0,1.670786873761,-0.5081142486032,32568601.67147,30775570.2514696,161726659.9558,0.005980925942906,0,0,0,5.069538431573,5.07222148143e-82,0,-0.9643734105531,-0.5091651405219,-13.82137094345,-2.884302818508,1.341012564051,-12.64975695862,15936.35569778,-3032.587656751,0,0,259703.700,2296,496,0,521597.3437475
521800,27858391.1914,9488703.390796,3100728.560069,0,0,0,1.670762851365,-0.508074432135,32568298.40555,30775266.9857305,161725066.2835,0.005980925942292,0,0,0,5.069538431573,5.071055005034e-82,0,-0.964350775738,-0.5091254221656,-13.82087939351,-2.884378543119,1.341007379717,-12.64939903753,15937.0885257,-3032.727109268,0,0,259703.800,2296,496,0,521697.3447591
521900,27858362.51376,9488690.32893,3101026.932847,0,0,0,1.67073881658,-0.5080346143958,32567995.12568,30774963.7060458,161723472.538,0.005980925941677,0,0,0,5.069538431573,5.069888799789e-82,0,-0.9643281422431,-0.509085702417,-13.82038782633,-2.884454292455,1.341002195583,-12.64904108648,15937.82138299,-3032.866567373,0,0,259703.900,2296,496,0,521797.3457708
522000,27858333.83312,9488677.266526,3101325.305147,0,0,0,1.670714769403,-0.5079947953859,32567691.83187,30774660.4124163,161721878.7193,0.005980925941063,0,0,0,5.069538431573,5.068722865671e-82,0,-0.964305511035,-0.5090459813546,-13.8198962429,-2.884530060476,1.340997011647,-12.64868310646,15938.55424028,-3033.006025478,0,0,259704.000,2296,496,0,521897.3467824
522100,27858305.14949,9488664.203586,3101623.676971,0,0,0,1.670690709834,-0.5079549751053,32567388.52411,30774357.1048432,161720284.8272,0.005980925940448,0,0,0,5.069538431573,5.067557202657e-82,0,-0.9642828823646,-0.5090062591908,-13.81940464583,-2.884605798288,1.340991827911,-12.64832510008,15939.28697032,-3033.145459369,0,0,259704.100,2296,496,0,521997.3477942
522200,27858276.46286,9488651.140109,3101922.048318,0,0,0,1.670666637869,-0.5079151535541,32567085.20241,30774053.7833275,161718690.8619,0.005980925939834,0,0,0,5.069538431573,5.066391810724e-82,0,-0.9642602562305,-0.5089665355628,-13.81891303065,-2.884681527492,1.340986644375,-12.64796706286,15940.01961226,-3033.284876496,0,0,259704.200,2296,496,0,522097.3488059
522300,27858247.77324,9488638.076096,3102220.419188,0,0,0,1.670642553506,-0.5078753307325,32566781.86677,30773750.44787,161717096.8233,0.00598092593922,0,0,0,5.069538431573,5.065226689852e-82,0,-0.9642376312902,-0.5089268109959,-13.81842140384,-2.884757235358,1.340981461038,-12.6476090013,15940.75222484,-3033.424288034,0,0,259704.300,2296,496,0,522197.3498178
522400,27858219.08062,9488625.011546,3102518.78958,0,0,0,1.670618456744,-0.5078355066404,32566478.51718,30773447.098472,161715502.7114,0.005980925938605,0,0,0,5.069538431573,5.064061840018e-82,0,-0.9642150112429,-0.5088870848478,-13.81792975747,-2.884832969507,1.340976277901,-12.64725090743,15941.48472976,-3033.563679084,0,0,259704.400,2296,496,0,522297.3508296
522500,27858190.38501,9488611.946459,3102817.159496,0,0,0,1.670594347581,-0.5077956812781,32566175.15366,30773143.7351342,161713908.5263,0.005980925937991,0,0,0,5.069538431573,5.062897261198e-82,0,-0.9641923922352,-0.5088473573746,-13.81743809469,-2.884908729695,1.340971094963,-12.64689278443,15942.21730318,-3033.703083172,0,0,259704.500,2296,496,0,522397.3518415
522600,27858161.68641,9488598.880836,3103115.528934,0,0,0,1.670570226014,-0.5077558546456,32565871.7762,30772840.3578578,161712314.268,0.005980925937376,0,0,0,5.069538431573,5.061732953371e-82,0,-0.9641697760092,-0.5088076288466,-13.81694641886,-2.884984460473,1.340965912225,-12.64653463565,15942.94971021,-3033.842455596,0,0,259704.600,2296,496,0,522497.3528535
522700,27858132.98481,9488585.814677,3103413.897895,0,0,0,1.670546092041,-0.507716026743,32565568.3848,30772536.9666438,161710719.9364,0.005980925936762,0,0,0,5.069538431573,5.060568916513e-82,0,-0.9641471620472,-0.5087678988322,-13.81645472464,-2.885060179603,1.340960729687,-12.64617645573,15943.68210745,-3033.981826156,0,0,259704.700,2296,496,0,522597.3538655
522800,27858104.28021,9488572.747981,3103712.266379,0,0,0,1.670521945661,-0.5076761975704,32565264.97947,30772233.5614932,161709125.5316,0.005980925936148,0,0,0,5.069538431573,5.059405150606e-82,0,-0.9641245492795,-0.5087281677633,-13.81596301737,-2.885135894504,1.340955547348,-12.64581825003,15944.41443617,-3034.121183679,0,0,259704.800,2296,496,0,522697.3548775
522900,27858075.57263,9488559.680748,3104010.634386,0,0,0,1.670497786871,-0.5076363671279,32564961.5602,30771930.1424069,161707531.0535,0.005980925935533,0,0,0,5.069538431573,5.058241655622e-82,0,-0.9641019413254,-0.5086884354911,-13.8154712952,-2.885211642851,1.34095036521,-12.6454600167,15945.14673553,-3034.260535613,0,0,259704.900,2296,496,0,522797.3558896
523000,27858046.86204,9488546.612979,3104309.001915,0,0,0,1.67047361567,-0.5075965354157,32564658.12699,30771626.709386,161705936.5022,0.005980925934919,0,0,0,5.069538431573,5.057078431541e-82,0,-0.9640793349016,-0.5086487016572,-13.81497955371,-2.885287372239,1.340945183271,-12.64510175129,15945.87897616,-3034.399876371,0,0,259705.000,2296,496,0,522897.3569018
523100,27858018.14847,9488533.544674,3104607.368966,0,0,0,1.670449432054,-0.5075567024338,32564354.67985,30771323.2624314,161704341.8777,0.005980925934304,0,0,0,5.069538431573,5.05591547834e-82,0,-0.9640567304561,-0.5086089664399,-13.8144877951,-2.885363094563,1.340940001532,-12.64474345602,15946.61114827,-3034.539204091,0,0,259705.100,2296,496,0,522997.357914
523200,27857989.4319,9488520.475833,3104905.735541,0,0,0,1.670425236023,-0.5075168681823,32564051.21878,30771019.8015443,161702747.18,0.00598092593369,0,0,0,5.069538431573,5.054752795996e-82,0,-0.9640341288099,-0.5085692302431,-13.81399602436,-2.885438799377,1.340934819993,-12.64438513588,15947.3433008,-3034.678528085,0,0,259705.200,2296,496,0,523097.3589262
523300,27857960.71233,9488507.406456,3105204.101637,0,0,0,1.670401027574,-0.5074770326613,32563747.74378,30770716.3267255,161701152.4091,0.005980925933075,0,0,0,5.069538431573,5.053590384489e-82,0,-0.9640115294378,-0.5085294927751,-13.81350423789,-2.885514499472,1.340929638655,-12.64402678726,15948.0753946,-3034.817840904,0,0,259705.300,2296,496,0,523197.3599385
523400,27857931.98977,9488494.336542,3105502.467257,0,0,0,1.670376806706,-0.5074371958709,32563444.25485,30770412.8379761,161699557.5649,0.005980925932461,0,0,0,5.069538431573,5.052428243792e-82,0,-0.9639889311333,-0.5084897537626,-13.81301243231,-2.885590239783,1.340924457516,-12.64366840677,15948.8074101,-3034.957138821,0,0,259705.400,2296,496,0,523297.3609508
523500,27857903.26422,9488481.266093,3105800.832398,0,0,0,1.670352573415,-0.5073973578112,32563140.75198,30770109.3352972,161697962.6476,0.005980925931847,0,0,0,5.069538431573,5.051266373886e-82,0,-0.9639663381132,-0.5084500137935,-13.81252061489,-2.88566596102,1.340919276578,-12.64331000169,15949.5394256,-3035.096436739,0,0,259705.500,2296,496,0,523397.3619632
523600,27857874.53567,9488468.195107,3106099.197062,0,0,0,1.6703283277,-0.5073575184823,32562837.23519,30769805.8186896,161696367.657,0.005980925931232,0,0,0,5.069538431573,5.050104774747e-82,0,-0.9639437461086,-0.5084102723425,-13.81202877913,-2.885741680653,1.340914095839,-12.64295156552,15950.271353,-3035.235717893,0,0,259705.600,2296,496,0,523497.3629756
523700,27857845.80412,9488455.123585,3106397.561248,0,0,0,1.670304069559,-0.5073176778844,32562533.70447,30769502.2881544,161694772.5933,0.005980925930618,0,0,0,5.069538431573,5.048943446353e-82,0,-0.963921156474,-0.5083705295682,-13.81153692699,-2.885817384551,1.340908915302,-12.64259310021,15951.00322167,-3035.37498787,0,0,259705.700,2296,496,0,523597.3639881
523800,27857817.06959,9488442.051528,3106695.924957,0,0,0,1.670279798991,-0.5072778360174,32562230.15983,30769198.7436927,161693177.4564,0.005980925930003,0,0,0,5.069538431573,5.04778238868e-82,0,-0.9638985693694,-0.5083307856442,-13.81104506062,-2.885893076655,1.340903734964,-12.64223460791,15951.7350414,-3035.514248535,0,0,259705.800,2296,496,0,523697.3650006
523900,27857788.33206,9488428.978934,3106994.288187,0,0,0,1.670255515992,-0.5072379928816,32561926.60125,30768895.1853054,161691582.2463,0.005980925929389,0,0,0,5.069538431573,5.046621601707e-82,0,-0.9638759847678,-0.5082910402267,-13.81055317577,-2.885968808674,1.340898554827,-12.64187608437,15952.46682198,-3035.653501749,0,0,259705.900,2296,496,0,523797.3660132
524000,27857759.59153,9488415.905805,3107292.65094,0,0,0,1.670231220561,-0.507198148477,32561623.02876,30768591.6129935,161689986.963,0.005980925928775,0,0,0,5.069538431573,5.04546108541e-82,0,-0.9638534012585,-0.5082512939272,-13.81006128,-2.88604451534,1.340893374891,-12.64151753715,15953.19856341,-3035.792747512,0,0,259706.000,2296,496,0,523897.3670258
524100,27857730.84801,9488402.832139,3107591.013215,0,0,0,1.670206912696,-0.5071583028037,32561319.44234,30768288.026758,161688391.6066,0.00598092592816,0,0,0,5.069538431573,5.044300839767e-82,0,-0.9638308227067,-0.5082115459999,-13.80956936409,-2.886120221051,1.340888195155,-12.64115895701,15953.93020695,-3035.931974649,0,0,259706.100,2296,496,0,523997.3680384
524200,27857702.10149,9488389.757938,3107889.375012,0,0,0,1.670182592394,-0.5071184558618,32561015.842,30767984.4266,161686796.177,0.005980925927546,0,0,0,5.069538431573,5.043140864755e-82,0,-0.9638082454345,-0.5081717970037,-13.80907743495,-2.886195917124,1.340883015619,-12.64080035088,15954.66181134,-3036.071194336,0,0,259706.200,2296,496,0,524097.3690511
524300,27857673.35198,9488376.683201,3108187.736331,0,0,0,1.670158259654,-0.5070786076514,32560712.22773,30767680.8125204,161685200.6742,0.005980925926931,0,0,0,5.069538431573,5.04198116035e-82,0,-0.9637856706903,-0.5081320464758,-13.80858548686,-2.886271600035,1.340877836285,-12.64044171302,15955.39330806,-3036.210393533,0,0,259706.300,2296,496,0,524197.3700639
524400,27857644.59948,9488363.607929,3108486.097172,0,0,0,1.670133914474,-0.5070387581726,32560408.59955,30767377.1845203,161683605.0983,0.005980925926317,0,0,0,5.069538431573,5.040821726532e-82,0,-0.9637630984291,-0.5080922950506,-13.80809352766,-2.886347330852,1.34087265715,-12.64008305128,15956.12483414,-3036.349598318,0,0,259706.400,2296,496,0,524297.3710767
524500,27857615.84398,9488350.532121,3108784.457535,0,0,0,1.670109556851,-0.5069989074255,32560104.95744,30767073.5426007,161682009.4493,0.005980925925702,0,0,0,5.069538431573,5.039662563273e-82,0,-0.9637405268422,-0.5080525419047,-13.80760154716,-2.886423034634,1.340867478217,-12.63972435547,15956.85634065,-3036.488799378,0,0,259706.500,2296,496,0,524397.3720895
524600,27857587.08549,9488337.455777,3109082.81742,0,0,0,1.670085186784,-0.5069590554102,32559801.30142,30766769.8867625,161680413.7271,0.005980925925088,0,0,0,5.069538431573,5.038503670557e-82,0,-0.9637179605841,-0.5080127878424,-13.80710955532,-2.88649873281,1.340862299485,-12.63936563554,15957.58768076,-3036.627968773,0,0,259706.600,2296,496,0,524497.3731024
524700,27857558.324,9488324.378897,3109381.176827,0,0,0,1.670060804271,-0.5069192021269,32559497.63148,30766466.2170068,161678817.9317,0.005980925924474,0,0,0,5.069538431573,5.037345048356e-82,0,-0.9636953958008,-0.5079730325074,-13.80661754773,-2.886574420221,1.340857120953,-12.63900688708,15958.31898171,-3036.767130718,0,0,259706.700,2296,496,0,524597.3741153
524800,27857529.55952,9488311.301483,3109679.535755,0,0,0,1.670036409308,-0.5068793475755,32559193.94763,30766162.5333345,161677222.0633,0.005980925923859,0,0,0,5.069538431573,5.03618669665e-82,0,-0.9636728331164,-0.5079332757346,-13.80612552235,-2.886650104768,1.340851942623,-12.63864810805,15959.05023372,-3036.906283349,0,0,259706.800,2296,496,0,524697.3751283
524900,27857500.79204,9488298.223532,3109977.894206,0,0,0,1.670012001896,-0.5068394917562,32558890.24985,30765858.8357467,161675626.1217,0.005980925923245,0,0,0,5.069538431573,5.035028615414e-82,0,-0.9636502729363,-0.5078935176714,-13.805633481,-2.886725806142,1.340846764493,-12.63828930026,15959.7815151,-3037.045441568,0,0,259706.900,2296,496,0,524797.3761413
525000,27857472.02157,9488285.145047,3110276.252178,0,0,0,1.66998758203,-0.5067996346692,32558586.53817,30765555.1242445,161674030.107,0.00598092592263,0,0,0,5.069538431573,5.033870804625e-82,0,-0.9636277150762,-0.5078537584864,-13.80514142576,-2.88680150325,1.340841586564,-12.6379304658,15960.5127769,-3037.184596062,0,0,259707.000,2296,496,0,524897.3771544
525100,27857443.24811,9488272.066025,3110574.609671,0,0,0,1.66996314971,-0.5067597763144,32558282.81257,30765251.3988287,161672434.0191,0.005980925922016,0,0,0,5.069538431573,5.03271326426e-82,0,-0.963605158264,-0.5078139978814,-13.80464935295,-2.886877193108,1.340836408837,-12.63757160098,15961.24391145,-3037.323726341,0,0,259707.100,2296,496,0,524997.3781675
525200,27857414.47165,9488258.986469,3110872.966687,0,0,0,1.669938704933,-0.5067199166921,32557979.07305,30764947.6595004,161670837.8582,0.005980925921402,0,0,0,5.069538431573,5.0315559943e-82,0,-0.9635826067528,-0.5077742360665,-13.80415726517,-2.8869528727,1.34083123131,-12.63721270839,15961.97492855,-3037.462834269,0,0,259707.200,2296,496,0,525097.3791807
525300,27857385.6922,9488245.906377,3111171.323223,0,0,0,1.669914247697,-0.5066800558022,32557675.31963,30764643.9062607,161669241.6241,0.005980925920787,0,0,0,5.069538431573,5.030398994717e-82,0,-0.9635600563452,-0.5077344730142,-13.80366516207,-2.887028568213,1.340826053985,-12.63685378769,15962.70602395,-3037.601957098,0,0,259707.300,2296,496,0,525197.3801939
525400,27857356.90975,9488232.82575,3111469.679282,0,0,0,1.669889778,-0.506640193645,32557371.5523,30764340.1391104,161667645.317,0.005980925920173,0,0,0,5.069538431573,5.029242265488e-82,0,-0.9635375081628,-0.5076947083205,-13.80317303866,-2.887104253335,1.340820876862,-12.63649483389,15963.43696274,-3037.741050124,0,0,259707.400,2296,496,0,525297.3812072
525500,27857328.1243,9488219.744588,3111768.034862,0,0,0,1.66986529584,-0.5066003302204,32557067.77105,30764036.3580507,161666048.9367,0.005980925919558,0,0,0,5.069538431573,5.028085806595e-82,0,-0.9635149627649,-0.5076549429479,-13.80268090685,-2.88717994256,1.340815699939,-12.63613585889,15964.16797004,-3037.880156189,0,0,259707.500,2296,496,0,525397.3822205
525600,27857299.33587,9488206.662891,3112066.389963,0,0,0,1.669840801215,-0.5065604655286,32556763.9759,30763732.5630825,161664452.4834,0.005980925918944,0,0,0,5.069538431573,5.026929618009e-82,0,-0.963492418309,-0.5076151759842,-13.80218875535,-2.887255623247,1.340810523218,-12.63577685139,15964.89880116,-3038.019228727,0,0,259707.600,2296,496,0,525497.3832338
525700,27857270.54444,9488193.580658,3112364.744586,0,0,0,1.669816294123,-0.5065205995698,32556460.16684,30763428.7542069,161662855.957,0.00598092591833,0,0,0,5.069538431573,5.025773699709e-82,0,-0.9634698788733,-0.5075754076031,-13.8016965863,-2.887331289039,1.340805346698,-12.63541781355,15965.62959312,-3038.158293813,0,0,259707.700,2296,496,0,525597.3842472
525800,27857241.75001,9488180.497891,3112663.09873,0,0,0,1.669791774562,-0.5064807323439,32556156.34387,30763124.9314248,161661259.3575,0.005980925917715,0,0,0,5.069538431573,5.024618051676e-82,0,-0.9634473408206,-0.5075356382204,-13.80120440486,-2.887406971226,1.34080017038,-12.63505875051,15966.36035572,-3038.297353312,0,0,259707.800,2296,496,0,525697.3852607
525900,27857212.95259,9488167.414588,3112961.452395,0,0,0,1.669767242529,-0.5064408638511,32555852.507,30762821.0947372,161659662.6849,0.005980925917101,0,0,0,5.069538431573,5.02346267388e-82,0,-0.9634248052726,-0.5074958675067,-13.80071220695,-2.887482647848,1.340794994264,-12.6346996582,15967.09104001,-3038.43639791,0,0,259707.900,2296,496,0,525797.3862742
526000,27857184.15217,9488154.33075,3113259.805581,0,0,0,1.669742698023,-0.5064009940916,32555548.65623,30762517.2441452,161658065.9393,0.005980925916486,0,0,0,5.069538431573,5.022307566301e-82,0,-0.9634022719726,-0.5074560954846,-13.80021999284,-2.88755832949,1.340789818349,-12.63434053688,15967.82169494,-3038.57543692,0,0,259708.000,2296,496,0,525897.3872877
526100,27857155.34876,9488141.246378,3113558.158289,0,0,0,1.669718141042,-0.5063611230653,32555244.79155,30762213.3796498,161656469.1206,0.005980925915872,0,0,0,5.069538431573,5.021152728916e-82,0,-0.963379741123,-0.5074163222856,-13.79972776417,-2.887634008735,1.340784642635,-12.63398138818,15968.55233029,-3038.714472204,0,0,259708.100,2296,496,0,525997.3883013
526200,27857126.54236,9488128.161471,3113856.510518,0,0,0,1.669693571584,-0.5063212507724,32554940.91296,30761909.501252,161654872.2288,0.005980925915257,0,0,0,5.069538431573,5.019998161701e-82,0,-0.9633572113402,-0.5073765474764,-13.79923551557,-2.887709671517,1.340779467124,-12.63362220675,15969.28286776,-3038.853488863,0,0,259708.200,2296,496,0,526097.3893149
526300,27857097.73296,9488115.076028,3114154.862268,0,0,0,1.669668989646,-0.506281377213,32554637.02048,30761605.6089527,161653275.264,0.005980925914643,0,0,0,5.069538431573,5.018843864634e-82,0,-0.9633346861636,-0.5073367716022,-13.79874325379,-2.887785344802,1.340774291814,-12.63326299931,15970.01332693,-3038.992490619,0,0,259708.300,2296,496,0,526197.3903286
526400,27857068.92057,9488101.990052,3114453.213539,0,0,0,1.669644395226,-0.5062415023872,32554333.1141,30761301.702753,161651678.2262,0.005980925914029,0,0,0,5.069538431573,5.01768983769e-82,0,-0.9633121628821,-0.5072969944394,-13.79825097607,-2.887861014317,1.340769116706,-12.63290376312,15970.74376651,-3039.131488651,0,0,259708.400,2296,496,0,526297.3913423
526500,27857040.10518,9488088.90354,3114751.564331,0,0,0,1.669619788323,-0.5062016262951,32554029.19381,30760997.7826539,161650081.1153,0.005980925913414,0,0,0,5.069538431573,5.016536080847e-82,0,-0.9632896418752,-0.5072572161614,-13.79775868454,-2.887936681362,1.3407639418,-12.6325445003,15971.47414737,-3039.270475507,0,0,259708.500,2296,496,0,526397.3923561
526600,27857011.2868,9488075.816493,3115049.914644,0,0,0,1.669595168934,-0.5061617489368,32553725.25963,30760693.8486565,161648483.9313,0.0059809259128,0,0,0,5.069538431573,5.015382594083e-82,0,-0.963267123177,-0.507217436411,-13.79726637479,-2.888012346513,1.340758767096,-12.63218520644,15972.20453801,-3039.409464225,0,0,259708.600,2296,496,0,526497.3933699
526700,27856982.46542,9488062.728912,3115348.264478,0,0,0,1.669570537058,-0.5061218703124,32553421.31155,30760389.9007616,161646886.6744,0.005980925912185,0,0,0,5.069538431573,5.014229377373e-82,0,-0.9632446067749,-0.5071776555969,-13.79677405187,-2.888088003542,1.340753592594,-12.63182588658,15972.93485035,-3039.548438042,0,0,259708.700,2296,496,0,526597.3943837
526800,27856953.64105,9488049.640797,3115646.613833,0,0,0,1.669545892691,-0.5060819904219,32553117.34958,30760085.9389704,161645289.3444,0.005980925911571,0,0,0,5.069538431573,5.013076430691e-82,0,-0.9632220915913,-0.5071378731597,-13.79628170887,-2.888163668256,1.340748418295,-12.63146653382,15973.66505502,-3039.687391371,0,0,259708.800,2296,496,0,526697.3953977
526900,27856924.81368,9488036.552146,3115944.962709,0,0,0,1.669521235833,-0.5060421092656,32552813.37371,30759781.9632838,161643691.9413,0.005980925910957,0,0,0,5.069538431573,5.011923754018e-82,0,-0.9631995817382,-0.5070980897525,-13.79578935386,-2.888239334649,1.340743244197,-12.63110715622,15974.39520096,-3039.826333523,0,0,259708.900,2296,496,0,526797.3964116
527000,27856895.98332,9488023.462961,3116243.311105,0,0,0,1.669496566481,-0.5060022268434,32552509.38394,30759477.9737028,161642094.4653,0.005980925910342,0,0,0,5.069538431573,5.010771347329e-82,0,-0.9631770728807,-0.5070583049807,-13.79529698197,-2.888314998347,1.340738070301,-12.6307477489,15975.12539584,-3039.965284988,0,0,259709.000,2296,496,0,526897.3974256
527100,27856867.14997,9488010.373242,3116541.659022,0,0,0,1.669471884633,-0.5059623431555,32552205.38028,30759173.9702285,161640496.9163,0.005980925909728,0,0,0,5.069538431573,5.009619210599e-82,0,-0.9631545662456,-0.5070185188479,-13.79480459323,-2.888390655764,1.340732896608,-12.63038831191,15975.85546347,-3040.104212239,0,0,259709.100,2296,496,0,526997.3984397
527200,27856838.31362,9487997.282988,3116840.00646,0,0,0,1.669447190286,-0.505922458202,32551901.36273,30758869.9528618,161638899.2942,0.005980925909113,0,0,0,5.069538431573,5.008467343807e-82,0,-0.9631320622783,-0.5069787315872,-13.79431219053,-2.888466303478,1.340727723117,-12.63002884812,15976.58550174,-3040.243133903,0,0,259709.200,2296,496,0,527097.3994537
527300,27856809.47427,9487984.1922,3117138.353419,0,0,0,1.66942248344,-0.505882571983,32551597.33129,30758565.9216038,161637301.5992,0.005980925908499,0,0,0,5.069538431573,5.007315746928e-82,0,-0.9631095594202,-0.506938943029,-13.79381977178,-2.888541970314,1.340722549828,-12.62966935543,15977.31545191,-3040.382038802,0,0,259709.300,2296,496,0,527197.4004679
527400,27856780.63193,9487971.100878,3117436.699898,0,0,0,1.669397764091,-0.5058426844986,32551293.28596,30758261.8764555,161635703.8312,0.005980925907884,0,0,0,5.069538431573,5.006164419939e-82,0,-0.9630870614104,-0.5068991530329,-13.79332733523,-2.888617608556,1.340717376742,-12.62930983211,15978.04537272,-3040.520938113,0,0,259709.400,2296,496,0,527297.4014821
527500,27856751.7866,9487958.009021,3117735.045898,0,0,0,1.669373032238,-0.5058027957488,32550989.22674,30757957.8174178,161634105.9901,0.00598092590727,0,0,0,5.069538431573,5.005013362817e-82,0,-0.9630645649624,-0.5068593619773,-13.79283488557,-2.888693265722,1.340712203858,-12.62895028284,15978.77522501,-3040.659824386,0,0,259709.500,2296,496,0,527397.4024963
527600,27856722.93827,9487944.91663,3118033.391418,0,0,0,1.669348287879,-0.5057629057338,32550685.15363,30757653.7444918,161632508.0761,0.005980925906656,0,0,0,5.069538431573,5.003862575537e-82,0,-0.9630420709395,-0.5068195695983,-13.79234241953,-2.888768914628,1.340707031177,-12.62859070434,15979.50500878,-3040.798697621,0,0,259709.600,2296,496,0,527497.4035106
527700,27856694.08695,9487931.823705,3118331.736459,0,0,0,1.669323531011,-0.5057230144537,32550381.06663,30757349.6576786,161630910.0891,0.005980925906041,0,0,0,5.069538431573,5.002712058077e-82,0,-0.9630195790021,-0.5067797757176,-13.7918499349,-2.888844578127,1.340701858699,-12.62823109442,15980.23473382,-3040.937559679,0,0,259709.700,2296,496,0,527597.4045249
527800,27856665.23263,9487918.730246,3118630.08102,0,0,0,1.669298761632,-0.5056831219086,32550076.96574,30757045.556979,161629312.0292,0.005980925905427,0,0,0,5.069538431573,5.001561810413e-82,0,-0.962997089699,-0.5067399809166,-13.79135743888,-2.888920208333,1.340696686423,-12.62787146025,15980.96446865,-3041.0764236,0,0,259709.800,2296,496,0,527697.4055393
527900,27856636.37532,9487905.636252,3118928.425102,0,0,0,1.669273979741,-0.5056432280986,32549772.85098,30756741.4423942,161627713.8962,0.005980925904812,0,0,0,5.069538431573,5.000411832521e-82,0,-0.9629746013874,-0.5067001846328,-13.79086492452,-2.888995853392,1.340691514349,-12.62751179488,15981.6941056,-3041.215268895,0,0,259709.900,2296,496,0,527797.4065537
528000,27856607.51501,9487892.541724,3119226.768704,0,0,0,1.669249185335,-0.5056033330237,32549468.72232,30756437.313925,161626115.6903,0.005980925904198,0,0,0,5.069538431573,4.999262124378e-82,0,-0.9629521179925,-0.5066603871848,-13.79037239575,-2.88907150104,1.340686342479,-12.62715210226,15982.42372297,-3041.354110464,0,0,259710.000,2296,496,0,527897.4075682
528100,27856578.65171,9487879.446663,3119525.111826,0,0,0,1.669224378413,-0.5055634366842,32549164.57979,30756133.1715726,161624517.4115,0.005980925903584,0,0,0,5.069538431573,4.998112685959e-82,0,-0.9629296362335,-0.506620588326,-13.78987984951,-2.889147142981,1.340681170811,-12.62679237931,15983.1532131,-3041.492927819,0,0,259710.100,2296,496,0,527997.4085827
528200,27856549.78542,9487866.351067,3119823.454468,0,0,0,1.669199558972,-0.5055235390799,32548860.42337,30755829.015338,161622919.0597,0.005980925902969,0,0,0,5.069538431573,4.99696351724e-82,0,-0.9629071567906,-0.5065807882973,-13.7893872888,-2.889222793392,1.340675999347,-12.62643262903,15983.88275216,-3041.631754488,0,0,259710.200,2296,496,0,528097.4095972
528300,27856520.91613,9487853.254938,3120121.796631,0,0,0,1.669174727009,-0.5054836402112,32548556.25307,30755524.8452221,161621320.6349,0.005980925902355,0,0,0,5.069538431573,4.995814618199e-82,0,-0.9628846792991,-0.5065409868089,-13.78889471002,-2.889298410705,1.340670828085,-12.62607284783,15984.61216398,-3041.770556942,0,0,259710.300,2296,496,0,528197.4106118
528400,27856492.04384,9487840.158274,3120420.138313,0,0,0,1.669149882524,-0.505443740078,32548252.06889,30755220.6612259,161619722.1373,0.00598092590174,0,0,0,5.069538431573,4.994665988813e-82,0,-0.9628622045874,-0.506501184368,-13.78840211946,-2.889374048097,1.340665657026,-12.62571304197,15985.34158559,-3041.909361258,0,0,259710.400,2296,496,0,528297.4116265
528500,27856463.16856,9487827.061077,3120718.479516,0,0,0,1.669125025514,-0.5054038386806,32547947.87083,30754916.4633505,161618123.5666,0.005980925901126,0,0,0,5.069538431573,4.993517629055e-82,0,-0.9628397308506,-0.5064613801942,-13.78790950744,-2.889449689165,1.34066048617,-12.62535320181,15986.07095825,-3042.048156261,0,0,259710.500,2296,496,0,528397.4126412
528600,27856434.29029,9487813.963346,3121016.820239,0,0,0,1.669100155976,-0.5053639360188,32547643.65889,30754612.251597,161616524.9231,0.005980925900512,0,0,0,5.069538431573,4.992369538906e-82,0,-0.9628172624006,-0.5064215751942,-13.78741688521,-2.889525326162,1.340655315518,-12.62499333855,15986.80020367,-3042.18692705,0,0,259710.600,2296,496,0,528497.4136559
528700,27856405.40902,9487800.865081,3121315.160482,0,0,0,1.66907527391,-0.505324032093,32547339.43307,30754308.0259661,161614926.2066,0.005980925899897,0,0,0,5.069538431573,4.991221718338e-82,0,-0.9627947950645,-0.5063817688359,-13.78692424616,-2.8896009721,1.340650145068,-12.62463344562,15987.52941972,-3042.325692251,0,0,259710.700,2296,496,0,528597.4146707
528800,27856376.52476,9487787.766282,3121613.500245,0,0,0,1.669050379312,-0.5052841269031,32547035.19338,30754003.7864591,161613327.4172,0.005980925899283,0,0,0,5.069538431573,4.990074167328e-82,0,-0.9627723300455,-0.5063419610347,-13.78643158926,-2.889676582272,1.340644974822,-12.62427352195,15988.25858684,-3042.464448139,0,0,259710.800,2296,496,0,528697.4156855
528900,27856347.6375,9487774.66695,3121911.839528,0,0,0,1.66902547218,-0.5052442204493,32546730.93982,30753699.5330769,161611728.5549,0.005980925898668,0,0,0,5.069538431573,4.988926885854e-82,0,-0.9627498676674,-0.506302152044,-13.78593891763,-2.889752210782,1.340639804779,-12.62391357069,15988.98772458,-3042.603198439,0,0,259710.900,2296,496,0,528797.4167004
529000,27856318.74725,9487761.567084,3122210.17833,0,0,0,1.669000552513,-0.5052043127316,32546426.67238,30753395.2658205,161610129.6197,0.005980925898054,0,0,0,5.069538431573,4.987779873891e-82,0,-0.9627274061832,-0.5062623417477,-13.78544622985,-2.889827839147,1.340634634939,-12.6235535904,15989.71685254,-3042.741946876,0,0,259711.000,2296,496,0,528897.4177153
529100,27856289.854,9487748.466685,3122508.516653,0,0,0,1.668975620309,-0.5051644037502,32546122.39106,30753090.9846909,161608530.6115,0.00598092589744,0,0,0,5.069538431573,4.986633131414e-82,0,-0.9627049498353,-0.5062225303296,-13.78495352818,-2.889903464874,1.340629465303,-12.62319358335,15990.4458141,-3042.880663648,0,0,259711.100,2296,496,0,528997.4187303
529200,27856260.95776,9487735.365752,3122806.854495,0,0,0,1.668950675565,-0.5051244935052,32545818.09588,30752786.6896892,161606931.5305,0.005980925896825,0,0,0,5.069538431573,4.9854866584e-82,0,-0.9626824947227,-0.5061827175976,-13.78446081025,-2.889979104126,1.34062429587,-12.62283354716,15991.17476587,-3043.019378558,0,0,259711.200,2296,496,0,529097.4197453
529300,27856232.05852,9487722.264285,3123105.191857,0,0,0,1.668925718279,-0.5050845819966,32545513.78682,30752482.3808163,161605332.3766,0.005980925896211,0,0,0,5.069538431573,4.984340454828e-82,0,-0.9626600422464,-0.5061429035423,-13.78396965245,-2.890054704274,1.340619126641,-12.62247505821,15991.90364912,-3043.158080429,0,0,259711.300,2296,496,0,529197.4207604
529400,27856203.15629,9487709.162286,3123403.528739,0,0,0,1.668900748449,-0.5050446692246,32545209.46389,30752178.0580733,161603733.1498,0.005980925895596,0,0,0,5.069538431573,4.983194520668e-82,0,-0.9626375917816,-0.5061030881442,-13.7835012349,-2.890130325464,1.340613957615,-12.62213929663,15992.63248343,-3043.296772987,0,0,259711.400,2296,496,0,529297.4217755
529500,27856174.25106,9487696.059752,3123701.86514,0,0,0,1.668875766074,-0.5050047551893,32544905.1271,30751873.7214611,161602133.8501,0.005980925894982,0,0,0,5.069538431573,4.982048855901e-82,0,-0.9626151439833,-0.5060632716408,-13.78303280435,-2.890205953959,1.340608788793,-12.62180350917,15993.36132753,-3043.435467407,0,0,259711.500,2296,496,0,529397.4227907
529600,27856145.34284,9487682.956686,3124000.201061,0,0,0,1.66885077115,-0.5049648398907,32544600.77643,30751569.3709808,161600534.4775,0.005980925894367,0,0,0,5.069538431573,4.980903460501e-82,0,-0.9625926968906,-0.5060234536035,-13.78256435576,-2.89028159434,1.340603620174,-12.62146769077,15994.09008353,-3043.574145064,0,0,259711.600,2296,496,0,529497.4238059
529700,27856116.43163,9487669.853086,3124298.536501,0,0,0,1.668825763677,-0.504924923329,32544296.4119,30751265.0066334,161598935.0321,0.005980925893753,0,0,0,5.069538431573,4.979758334444e-82,0,-0.9625702554268,-0.5059836346095,-13.78209589591,-2.89035720309,1.34059845176,-12.62113184823,15994.81873187,-3043.712802231,0,0,259711.700,2296,496,0,529597.4248211
529800,27856087.51742,9487656.748952,3124596.871461,0,0,0,1.668800743651,-0.5048850055042,32543992.0335,30750960.6284199,161597335.5138,0.005980925893139,0,0,0,5.069538431573,4.978613477706e-82,0,-0.962547815096,-0.5059438140753,-13.78162741795,-2.890432804674,1.340593283549,-12.62079597467,15995.54728232,-3043.851440772,0,0,259711.800,2296,496,0,529697.4258364
529900,27856058.60021,9487643.644286,3124895.205941,0,0,0,1.668775711071,-0.5048450864165,32543687.64124,30750656.2363413,161595735.9226,0.005980925892524,0,0,0,5.069538431573,4.977468890266e-82,0,-0.9625253769321,-0.5059039925066,-13.78115892781,-2.890508404162,1.340588115542,-12.62046007605,15996.27595023,-3043.990101665,0,0,259711.900,2296,496,0,529797.4268518
530000,27856029.68001,9487630.539086,3125193.539939,0,0,0,1.668750665935,-0.5048051660659,32543383.23511,30750351.8303986,161594136.2586,0.00598092589191,0,0,0,5.069538431573,4.976324572095e-82,0,-0.9625029411981,-0.5058641694169,-13.78069041977,-2.890584020575,1.340582947739,-12.62012414663,15997.0045692,-3044.128753245,0,0,259712.000,2296,512,0,529897.4278671
530100,27856000.75682,9487617.433353,3125491.873458,0,0,0,1.66872560824,-0.5047652444526,32543078.81512,30750047.4105928,161592536.5217,0.005980925891295,0,0,0,5.069538431573,4.975180523171e-82,0,-0.9624805065072,-0.5058243452679,-13.78022189928,-2.89065965482,1.34057778014,-12.61978819186,15997.73301198,-3044.267371297,0,0,259712.100,2296,512,0,529997.4288826
530200,27855971.83063,9487604.327088,3125790.206495,0,0,0,1.668700537984,-0.5047253215766,32542774.38127,30749742.976925,161590936.712,0.005980925890681,0,0,0,5.069538431573,4.974036743469e-82,0,-0.9624580769114,-0.5057845195179,-13.77975335995,-2.89073525375,1.340572612744,-12.61945220534,15998.46143518,-3044.405985624,0,0,259712.200,2296,512,0,530097.4298981
530300,27855942.90145,9487591.220289,3126088.539052,0,0,0,1.668675455167,-0.5046853974381,32542469.93356,30749438.5293961,161589336.8294,0.005980925890067,0,0,0,5.069538431573,4.97289323297e-82,0,-0.9624356486618,-0.5057446929843,-13.7792848114,-2.890810841198,1.340567445553,-12.61911619671,15999.18978987,-3044.544586912,0,0,259712.300,2296,512,0,530197.4309136
530400,27855913.96927,9487578.112957,3126386.871128,0,0,0,1.668650359784,-0.5046454720372,32542165.47198,30749134.0680072,161587736.874,0.005980925889452,0,0,0,5.069538431573,4.971749991641e-82,0,-0.9624132226615,-0.5057048647493,-13.77881624283,-2.890886445927,1.340562278566,-12.61878015515,15999.91813476,-3044.683186337,0,0,259712.400,2296,512,0,530297.4319292
530500,27855885.0341,9487565.005092,3126685.202723,0,0,0,1.668625251834,-0.5046055453739,32541860.99655,30748829.5927592,161586136.8458,0.005980925888838,0,0,0,5.069538431573,4.970607019467e-82,0,-0.9623907994179,-0.5056650358233,-13.77834766613,-2.890962055171,1.340557111784,-12.61844409255,16000.64642093,-3044.821774587,0,0,259712.500,2296,512,0,530397.4329448
530600,27855856.09593,9487551.896694,3126983.533838,0,0,0,1.668600131316,-0.5045656174483,32541556.50726,30748525.1036532,161584536.7447,0.005980925888223,0,0,0,5.069538431573,4.969464316418e-82,0,-0.96236837833,-0.5056252049984,-13.7778790671,-2.891037679848,1.340551945205,-12.6181079947,16001.37467773,-3044.960357249,0,0,259712.600,2296,512,0,530497.4339605
530700,27855827.15477,9487538.787764,3127281.864471,0,0,0,1.668574998227,-0.5045256882606,32541252.00411,30748220.6006903,161582936.5709,0.005980925887609,0,0,0,5.069538431573,4.968321882469e-82,0,-0.962345958325,-0.5055853729535,-13.77741045371,-2.891113268504,1.340546778831,-12.61777186959,16002.1027975,-3045.098913833,0,0,259712.700,2296,512,0,530597.4349762
530800,27855798.21061,9487525.6783,3127580.194623,0,0,0,1.668549852564,-0.5044857578108,32540947.48711,30747916.0838713,161581336.3242,0.005980925886995,0,0,0,5.069538431573,4.967179717599e-82,0,-0.9623235435823,-0.5055455400536,-13.77694183026,-2.891188844872,1.340541612661,-12.61743572151,16002.83089769,-3045.237466693,0,0,259712.800,2296,512,0,530697.4359919
530900,27855769.26346,9487512.568304,3127878.524295,0,0,0,1.668524694327,-0.504445826099,32540642.95625,30747611.5531973,161579736.0047,0.00598092588638,0,0,0,5.069538431573,4.966037821783e-82,0,-0.962301129834,-0.5055057055153,-13.77647318754,-2.891264441265,1.340536446696,-12.61709954123,16003.55896852,-3045.376013964,0,0,259712.900,2296,512,0,530797.4370077
531000,27855740.31331,9487499.457775,3128176.853485,0,0,0,1.668499523512,-0.5044058931254,32540338.41154,30747307.0086694,161578135.6124,0.005980925885766,0,0,0,5.069538431573,4.964896194997e-82,0,-0.9622787187392,-0.5054658698556,-13.77600453162,-2.891340043342,1.340531280935,-12.61676333483,16004.28693167,-3045.514540747,0,0,259713.000,2296,512,0,530897.4380236
531100,27855711.36017,9487486.346714,3128475.182195,0,0,0,1.668474340118,-0.5043659588901,32540033.85298,30747002.4502884,161576535.1473,0.005980925885151,0,0,0,5.069538431573,4.963754837215e-82,0,-0.9622563100079,-0.5054260329843,-13.77553586145,-2.891415660788,1.340526115378,-12.61642710127,16005.01492419,-3045.653073117,0,0,259713.100,2296,512,0,530997.4390395
531200,27855682.40403,9487473.235119,3128773.510423,0,0,0,1.668449144142,-0.5043260233931,32539729.28056,30746697.8780556,161574934.6094,0.005980925884537,0,0,0,5.069538431573,4.962613748415e-82,0,-0.9622339034917,-0.5053861946924,-13.77506717457,-2.891491245954,1.340520950027,-12.61609083806,16005.74280904,-3045.791584998,0,0,259713.200,2296,512,0,531097.4400554
531300,27855653.4449,9487460.122993,3129071.83817,0,0,0,1.668423935583,-0.5042860866345,32539424.69429,30746393.2919718,161573333.9987,0.005980925883922,0,0,0,5.069538431573,4.96147292857e-82,0,-0.9622114980659,-0.5053463552477,-13.77459847413,-2.891566814171,1.34051578488,-12.61575454837,16006.47061558,-3045.930081978,0,0,259713.300,2296,512,0,531197.4410714
531400,27855624.48278,9487447.010333,3129370.165436,0,0,0,1.668398714438,-0.5042461486144,32539120.09417,30746088.6920381,161571733.3153,0.005980925883308,0,0,0,5.069538431573,4.960332377657e-82,0,-0.9621890981266,-0.5053065145531,-13.77412975898,-2.891642403408,1.340510619937,-12.61541823104,16007.1983634,-3046.068567783,0,0,259713.400,2296,512,0,531297.4420874
531500,27855595.51766,9487433.897141,3129668.49222,0,0,0,1.668373480705,-0.504206209333,32538815.48021,30745784.0782554,161570132.559,0.005980925882694,0,0,0,5.069538431573,4.959192095652e-82,0,-0.9621666990011,-0.5052666725506,-13.77366102844,-2.891718005609,1.340505455199,-12.6150818854,16007.92610142,-3046.207051724,0,0,259713.500,2296,512,0,531397.4431035
531600,27855566.54954,9487420.783417,3129966.818523,0,0,0,1.668348234383,-0.5041662687903,32538510.85239,30745479.4506248,161568531.73,0.005980925882079,0,0,0,5.069538431573,4.958052082531e-82,0,-0.9621443025087,-0.505226829209,-13.77319228215,-2.891793601468,1.340500290667,-12.61474551107,16008.65383945,-3046.345535666,0,0,259713.600,2296,512,0,531497.4441197
531700,27855537.57843,9487407.66916,3130265.144345,0,0,0,1.668322975468,-0.5041263269865,32538206.21073,30745174.8091474,161566930.8283,0.005980925881465,0,0,0,5.069538431573,4.956912338267e-82,0,-0.9621219078866,-0.5051869845731,-13.77272352063,-2.891869177491,1.340495126339,-12.61440910858,16009.38150895,-3046.484006569,0,0,259713.700,2296,512,0,531597.4451358
531800,27855508.60433,9487394.554371,3130563.469686,0,0,0,1.66829770396,-0.5040863839216,32537901.55522,30744870.1538241,161565329.8537,0.00598092588085,0,0,0,5.069538431573,4.95577286284e-82,0,-0.96209951506,-0.5051471388737,-13.7722547466,-2.891944738272,1.340489962216,-12.61407268064,16010.10907079,-3046.622456983,0,0,259713.800,2296,512,0,531697.4461521
531900,27855479.62723,9487381.43905,3130861.794545,0,0,0,1.668272419855,-0.5040464395957,32537596.88587,30744565.4846558,161563728.8065,0.005980925880236,0,0,0,5.069538431573,4.95463365622e-82,0,-0.9620771268101,-0.5051072916161,-13.77178595423,-2.892020317862,1.340484798298,-12.61373622143,16010.83659347,-3046.760899946,0,0,259713.900,2296,512,0,531797.4471683
532000,27855450.64713,9487368.323196,3131160.118922,0,0,0,1.668247123152,-0.5040064940089,32537292.20267,30744260.8016438,161562127.6864,0.005980925879622,0,0,0,5.069538431573,4.953494718387e-82,0,-0.9620547400447,-0.5050674433484,-13.77131714999,-2.892095907347,1.340479634585,-12.61339973739,16011.56414552,-3046.899348497,0,0,259714.000,2296,512,0,531897.4481846
532100,27855421.66404,9487355.20681,3131458.442818,0,0,0,1.668221813849,-0.5039665471614,32536987.50563,30743956.1047888,161560526.4936,0.005980925879007,0,0,0,5.069538431573,4.952356049314e-82,0,-0.9620323555886,-0.5050275937648,-13.77084833026,-2.892171506618,1.340474471077,-12.61306322493,16012.29151159,-3047.037761658,0,0,259714.100,2296,512,0,531997.449201
532200,27855392.67796,9487342.089892,3131756.766232,0,0,0,1.668196491943,-0.5039265990532,32536682.79475,30743651.3940921,161558925.2281,0.005980925878393,0,0,0,5.069538431573,4.951217648977e-82,0,-0.9620099735886,-0.5049877428193,-13.77037949451,-2.892247073486,1.340469307774,-12.6127266835,16013.01889724,-3047.176178545,0,0,259714.200,2296,512,0,532097.4502174
532300,27855363.68888,9487328.972442,3132055.089165,0,0,0,1.668171157432,-0.5038866496844,32536378.07003,30743346.6695545,161557323.8899,0.005980925877778,0,0,0,5.069538431573,4.950079517353e-82,0,-0.9619875940173,-0.5049478905484,-13.76991064317,-2.892322626859,1.340464144676,-12.61239011353,16013.74620458,-3047.31458053,0,0,259714.300,2296,512,0,532197.4512338
532400,27855334.69681,9487315.85446,3132353.411616,0,0,0,1.668145810315,-0.5038466990551,32536073.33147,30743041.9311771,161555722.4789,0.005980925877164,0,0,0,5.069538431573,4.948941654414e-82,0,-0.9619652156893,-0.5049080372261,-13.76944177946,-2.892398197664,1.340458981784,-12.61205351823,16014.47348255,-3047.452976927,0,0,259714.400,2296,512,0,532297.4522503
532500,27855305.70174,9487302.735945,3132651.733585,0,0,0,1.668120450589,-0.5038067471654,32535768.57907,30742737.1789609,161554120.9952,0.00598092587655,0,0,0,5.069538431573,4.947804060139e-82,0,-0.9619428422969,-0.504868182495,-13.76897289917,-2.892473773477,1.340453819097,-12.61171689342,16015.20067244,-3047.591356561,0,0,259714.500,2296,512,0,532397.4532669
532600,27855276.70368,9487289.616899,3132950.055072,0,0,0,1.668095078253,-0.5037667940155,32535463.81283,30742432.4129069,161552519.4388,0.005980925875935,0,0,0,5.069538431573,4.946666734503e-82,0,-0.96192047005,-0.5048283266736,-13.76850400606,-2.892549366232,1.340448656616,-12.61138024282,16015.92784274,-3047.729732469,0,0,259714.600,2296,512,0,532497.4542835
532700,27855247.70262,9487276.49732,3133248.376078,0,0,0,1.668069693303,-0.5037268396054,32535159.03276,30742127.6330162,161550917.8096,0.005980925875321,0,0,0,5.069538431573,4.945529677479e-82,0,-0.9618981004548,-0.5047884694372,-13.7680350963,-2.892624926698,1.34044349434,-12.61104356261,16016.65489559,-3047.868086025,0,0,259714.700,2296,512,0,532597.4553001
532800,27855218.69856,9487263.37721,3133546.696602,0,0,0,1.668044295738,-0.5036868839352,32534854.23885,30741822.8392897,161549316.1078,0.005980925874706,0,0,0,5.069538431573,4.944392889045e-82,0,-0.9618757331476,-0.5047486108362,-13.76756617049,-2.892700472508,1.340438332269,-12.6107068534,16017.38193864,-3048.006437719,0,0,259714.800,2296,512,0,532697.4563168
532900,27855189.69152,9487250.256568,3133845.016644,0,0,0,1.668018885556,-0.503646927005,32534549.4311,30741518.0317284,161547714.3332,0.005980925874092,0,0,0,5.069538431573,4.943256369172e-82,0,-0.9618533680477,-0.5047087508906,-13.76709722885,-2.892776037439,1.340433170404,-12.6103701154,16018.10896213,-3048.144785687,0,0,259714.900,2296,512,0,532797.4573335
533000,27855160.68147,9487237.135394,3134143.336203,0,0,0,1.667993462754,-0.5036069688149,32534244.60952,30741213.2103334,161546112.486,0.005980925873478,0,0,0,5.069538431573,4.942120117838e-82,0,-0.9618310040674,-0.5046688899308,-13.76662827529,-2.892851606156,1.340428008745,-12.61003335251,16018.83591709,-3048.283120617,0,0,259715.000,2296,512,0,532897.4583503
533100,27855131.66844,9487224.013688,3134441.655281,0,0,0,1.667968027331,-0.5035670093651,32533939.77411,30740908.3751057,161544510.5661,0.005980925872863,0,0,0,5.069538431573,4.94098413502e-82,0,-0.9618086453127,-0.5046290274981,-13.7661593044,-2.892927191111,1.340422847291,-12.60969655932,16019.56275459,-3048.421433195,0,0,259715.100,2296,512,0,532997.4593671
533200,27855102.6524,9487210.891451,3134739.973877,0,0,0,1.667942579285,-0.5035270486555,32533634.92487,30740603.5260463,161542908.5734,0.005980925872249,0,0,0,5.069538431573,4.939848420691e-82,0,-0.961786287823,-0.5045891637832,-13.76569031842,-2.893002741158,1.340417686043,-12.60935973808,16020.28958231,-3048.559743911,0,0,259715.200,2296,512,0,533097.460384
533300,27855073.63338,9487197.768682,3135038.291991,0,0,0,1.667917118613,-0.5034870866863,32533330.06179,30740298.6631561,161541306.5081,0.005980925871634,0,0,0,5.069538431573,4.938712974828e-82,0,-0.9617639328593,-0.5045492992028,-13.76522132226,-2.893078276249,1.340412525001,-12.60902478703,16021.0163513,-3048.698043451,0,0,259715.300,2296,512,0,533197.4614009
533400,27855044.61136,9487184.645381,3135336.609622,0,0,0,1.667891645313,-0.5034471234577,32533025.18489,30739993.7864363,161539704.3702,0.00598092587102,0,0,0,5.069538431573,4.937577797405e-82,0,-0.9617415797397,-0.5045094329389,-13.76475230629,-2.893153833254,1.340407364165,-12.60871660402,16021.74313007,-3048.836344853,0,0,259715.400,2296,512,0,533297.4624179
533500,27855015.58634,9487171.521548,3135634.926772,0,0,0,1.667866159383,-0.5034071589697,32532720.29415,30739688.8958878,161538102.1595,0.005980925870406,0,0,0,5.069538431573,4.936442888396e-82,0,-0.96171922818,-0.5044695656381,-13.76428327813,-2.893229395087,1.340402203534,-12.60840839469,16022.46981096,-3048.974627629,0,0,259715.500,2296,512,0,533397.4634349
533600,27854986.55833,9487158.397185,3135933.243439,0,0,0,1.667840660821,-0.5033671932223,32532415.38959,30739383.9915117,161536499.8762,0.005980925869791,0,0,0,5.069538431573,4.935308247777e-82,0,-0.9616968815435,-0.5044296967672,-13.76381423149,-2.893304973358,1.34039704311,-12.60810015277,16023.19641355,-3049.112895504,0,0,259715.600,2296,512,0,533497.4644519
533700,27854957.52732,9487145.272289,3136231.559624,0,0,0,1.667815149625,-0.5033272262158,32532110.47121,30739079.0733089,161534897.5202,0.005980925869177,0,0,0,5.069538431573,4.934173875525e-82,0,-0.9616745361751,-0.5043898270041,-13.76334517436,-2.893380517203,1.340391882891,-12.60779188623,16023.92296719,-3049.251154065,0,0,259715.700,2296,512,0,533597.465469
533800,27854928.49332,9487132.146862,3136529.875326,0,0,0,1.667789625793,-0.5032872579501,32531805.53899,30738774.1412804,161533295.0916,0.005980925868562,0,0,0,5.069538431573,4.933039771614e-82,0,-0.9616521931848,-0.5043499557998,-13.76287610027,-2.893456046213,1.340386722879,-12.6074835886,16024.64951105,-3049.389410764,0,0,259715.800,2296,512,0,533697.4664862
533900,27854899.45632,9487119.020904,3136828.190546,0,0,0,1.667764089323,-0.5032472884255,32531500.59296,30738469.1954274,161531692.5903,0.005980925867948,0,0,0,5.069538431573,4.931905936018e-82,0,-0.9616298527576,-0.5043100832885,-13.7624070108,-2.893531593648,1.340381563073,-12.60717526147,16025.37599618,-3049.527656287,0,0,259715.900,2296,512,0,533797.4675034
534000,27854870.41633,9487105.894414,3137126.505284,0,0,0,1.667738540212,-0.503207317642,32531195.6331,30738164.2357507,161530090.0164,0.005980925867333,0,0,0,5.069538431573,4.930772368713e-82,0,-0.9616075146465,-0.5042702095483,-13.76193790688,-2.89360715804,1.340376403473,-12.60686690575,16026.10241278,-3049.665888771,0,0,259716.000,2296,512,0,533897.4685206
534100,27854841.37335,9487092.767393,3137424.819539,0,0,0,1.667712978458,-0.5031673455996,32530890.65941,30737859.2622515,161528487.3699,0.005980925866719,0,0,0,5.069538431573,4.929639069673e-82,0,-0.961585177429,-0.5042303345603,-13.76146878828,-2.893682714325,1.340371244079,-12.60655852121,16026.82878045,-3049.804111943,0,0,259716.100,2296,512,0,533997.4695379
534200,27854812.32736,9487079.639841,3137723.133312,0,0,0,1.66768740406,-0.5031273722986,32530585.67191,30737554.2749307,161526884.6507,0.005980925866105,0,0,0,5.069538431573,4.928506038875e-82,0,-0.9615628455584,-0.5041904581885,-13.76099965339,-2.893758250857,1.340366084892,-12.60625010626,16027.55508939,-3049.942323938,0,0,259716.200,2296,512,0,534097.4705552
534300,27854783.27839,9487066.511757,3138021.446602,0,0,0,1.667661817015,-0.5030873977389,32530280.67058,30737249.2737893,161525281.8589,0.00598092586549,0,0,0,5.069538431573,4.927373276293e-82,0,-0.9615405148621,-0.5041505807611,-13.76053050609,-2.893833770128,1.34036092591,-12.60594166475,16028.28128087,-3050.080513582,0,0,259716.300,2296,512,0,534197.4715726
534400,27854754.22642,9487053.383142,3138319.759409,0,0,0,1.667636217321,-0.5030474219207,32529975.65544,30736944.2588283,161523678.9944,0.005980925864876,0,0,0,5.069538431573,4.926240781902e-82,0,-0.9615181867569,-0.5041107019866,-13.76006134294,-2.893909310906,1.340355767136,-12.60563319324,16029.00741362,-3050.218692049,0,0,259716.400,2296,512,0,534297.47259
534500,27854725.17145,9487040.253996,3138618.071734,0,0,0,1.667610604976,-0.5030074448441,32529670.62647,30736639.2300489,161522076.0574,0.005980925864261,0,0,0,5.069538431573,4.925108555677e-82,0,-0.9614958608002,-0.5040708220201,-13.75959216577,-2.893984858499,1.340350608567,-12.60532469357,16029.73359531,-3050.35687983,0,0,259716.500,2296,512,0,534397.4736075
534600,27854696.11349,9487027.124319,3138916.383576,0,0,0,1.667584979978,-0.5029674665092,32529365.58369,30736334.1874519,161520473.0477,0.005980925863647,0,0,0,5.069538431573,4.923976597592e-82,0,-0.9614735371543,-0.504030940566,-13.75912297109,-2.894060418352,1.340345450206,-12.60501616226,16030.45972806,-3050.495058298,0,0,259716.600,2296,512,0,534497.474625
534700,27854667.05254,9487013.994111,3139214.694936,0,0,0,1.667559342324,-0.5029274869161,32529060.52709,30736029.1310384,161518869.9654,0.005980925863033,0,0,0,5.069538431573,4.922844907623e-82,0,-0.9614512147137,-0.503991057985,-13.75865376316,-2.89413594699,1.340340292051,-12.60470760353,16031.18575313,-3050.633216277,0,0,259716.700,2296,512,0,534597.4756425
534800,27854637.98859,9487000.863372,3139513.005813,0,0,0,1.667533692013,-0.5028875060649,32528755.45668,30735724.0608093,161517266.8105,0.005980925862418,0,0,0,5.069538431573,4.921713485745e-82,0,-0.9614288976154,-0.5039511742214,-13.75818454132,-2.894211458582,1.340335134102,-12.60439901674,16031.91167054,-3050.771353766,0,0,259716.800,2296,512,0,534697.4766601
534900,27854608.92164,9486987.732102,3139811.316206,0,0,0,1.667508029043,-0.5028475239556,32528450.37245,30735418.9767659,161515663.5831,0.005980925861804,0,0,0,5.069538431573,4.920582331933e-82,0,-0.9614065814278,-0.5039112890514,-13.75771530292,-2.894286989306,1.34032997636,-12.60409039925,16032.63757816,-3050.909489393,0,0,259716.900,2296,512,0,534797.4776778
535000,27854579.8517,9486974.600301,3140109.626117,0,0,0,1.66748235341,-0.5028075405884,32528145.27441,30735113.8789089,161514060.283,0.005980925861189,0,0,0,5.069538431573,4.91945144616e-82,0,-0.9613842677142,-0.5038714026244,-13.75724604974,-2.894362527261,1.340324818825,-12.60378175281,16033.36353472,-3051.047634333,0,0,259717.000,2296,512,0,534897.4786955
535100,27854550.77876,9486961.467969,3140407.935545,0,0,0,1.667456665114,-0.5027675559634,32527840.16256,30734808.7672395,161512456.9104,0.005980925860575,0,0,0,5.069538431573,4.918320828404e-82,0,-0.9613619560835,-0.5038315149944,-13.75677678241,-2.894438080048,1.340319661497,-12.60347307806,16034.08936403,-3051.185755059,0,0,259717.100,2296,512,0,534997.4797132
535200,27854521.70283,9486948.335106,3140706.24449,0,0,0,1.667430964153,-0.5027275700807,32527535.03689,30734503.6417587,161510853.4651,0.005980925859961,0,0,0,5.069538431573,4.917190478635e-82,0,-0.9613396458122,-0.503791625833,-13.75630749706,-2.894513600727,1.340314504376,-12.60316437113,16034.8151444,-3051.323866472,0,0,259717.200,2296,512,0,535097.480731
535300,27854492.62391,9486935.201713,3141004.552952,0,0,0,1.667405250523,-0.5026875829404,32527229.89742,30734198.5024674,161509249.9474,0.005980925859346,0,0,0,5.069538431573,4.916060396834e-82,0,-0.9613173408223,-0.5037517357539,-13.75583820092,-2.894589104583,1.340309347461,-12.60285563924,16035.54083668,-3051.46196112,0,0,259717.300,2296,512,0,535197.4817488
535400,27854463.54199,9486922.067789,3141302.860931,0,0,0,1.667379524223,-0.5026475945425,32526924.74413,30733893.3493667,161507646.357,0.005980925858732,0,0,0,5.069538431573,4.914930582973e-82,0,-0.9612950367125,-0.5037118441844,-13.75536888724,-2.894664629335,1.340304190754,-12.60254687565,16036.26654854,-3051.600059494,0,0,259717.400,2296,512,0,535297.4827667
535500,27854434.45707,9486908.933334,3141601.168427,0,0,0,1.66735378525,-0.5026076048872,32526619.57704,30733588.1824576,161506042.6941,0.005980925858117,0,0,0,5.069538431573,4.913801037025e-82,0,-0.961272735336,-0.5036719515984,-13.7548995616,-2.894740158809,1.340299034254,-12.60223808593,16036.99214293,-3051.738135517,0,0,259717.500,2296,512,0,535397.4837847
535600,27854405.36916,9486895.798348,3141899.47544,0,0,0,1.667328033604,-0.5025676139746,32526314.39614,30733283.0017412,161504438.9586,0.005980925857503,0,0,0,5.069538431573,4.912671758968e-82,0,-0.961250436202,-0.5036320578062,-13.75443022177,-2.894815703937,1.34029387796,-12.60192926785,16037.71768838,-3051.876202226,0,0,259717.600,2296,512,0,535497.4848026
535700,27854376.27826,9486882.662832,3142197.781969,0,0,0,1.66730226928,-0.5025276218047,32526009.20143,30732977.8072184,161502835.1505,0.005980925856889,0,0,0,5.069538431573,4.911542748771e-82,0,-0.9612281394345,-0.5035921624207,-13.7539608632,-2.89489121524,1.340288721874,-12.60162041684,16038.44319468,-3052.014261484,0,0,259717.700,2296,512,0,535597.4858206
535800,27854347.18436,9486869.526785,3142496.088015,0,0,0,1.667276492278,-0.5024876283777,32525703.99292,30732672.5988902,161501231.2699,0.005980925856274,0,0,0,5.069538431573,4.910414006414e-82,0,-0.9612058437497,-0.5035522656642,-13.75349148849,-2.894966711201,1.340283565995,-12.60131153553,16039.16863246,-3052.152307704,0,0,259717.800,2296,512,0,535697.4868387
535900,27854318.08746,9486856.390208,3142794.393578,0,0,0,1.667250702596,-0.5024476336936,32525398.7706,30732367.3767577,161499627.3168,0.00598092585566,0,0,0,5.069538431573,4.909285531873e-82,0,-0.9611835534237,-0.5035123680717,-13.75302210395,-2.895042227877,1.340278410324,-12.60100263021,16039.89403109,-3052.290346473,0,0,259717.900,2296,512,0,535797.4878568
536000,27854288.98757,9486843.2531,3143092.698658,0,0,0,1.66722490023,-0.5024076377527,32525093.53448,30732062.1408219,161498023.2911,0.005980925855045,0,0,0,5.069538431573,4.908157325118e-82,0,-0.9611612642453,-0.5034724689269,-13.75255270115,-2.895117749618,1.340273254859,-12.60069369244,16040.61935142,-3052.428370342,0,0,259718.000,2296,512,0,535897.488875
536100,27854259.88469,9486830.115462,3143391.003254,0,0,0,1.667199085179,-0.5023676405548,32524788.28456,30731756.8910837,161496419.1929,0.005980925854431,0,0,0,5.069538431573,4.907029386127e-82,0,-0.9611389773911,-0.5034325687026,-13.75208328565,-2.895193285772,1.340268099603,-12.60038472779,16041.34460322,-3052.566381171,0,0,259718.100,2296,512,0,535997.4898932
536200,27854230.77881,9486816.977293,3143689.307367,0,0,0,1.667173257441,-0.5023276421003,32524483.02084,30731451.6275443,161494815.0222,0.005980925853817,0,0,0,5.069538431573,4.905901714872e-82,0,-0.9611166928507,-0.5033926671355,-13.75161385435,-2.895268792211,1.340262944553,-12.60007573315,16042.06986482,-3052.704393864,0,0,259718.200,2296,512,0,536097.4909114
536300,27854201.66993,9486803.838594,3143987.610996,0,0,0,1.667147417014,-0.5022876423891,32524177.74331,30731146.3502046,161493210.779,0.005980925853202,0,0,0,5.069538431573,4.904774311327e-82,0,-0.9610944091842,-0.5033527642074,-13.75114440704,-2.895344279341,1.340257789711,-12.59976670831,16042.79510683,-3052.842402831,0,0,259718.300,2296,512,0,536197.4919297
536400,27854172.55806,9486790.699365,3144285.914142,0,0,0,1.667121563895,-0.5022476414213,32523872.45199,30730841.0590657,161491606.4632,0.005980925852588,0,0,0,5.069538431573,4.903647175472e-82,0,-0.9610721308294,-0.5033128599542,-13.75067494414,-2.895419786914,1.340252635077,-12.59945765368,16043.5201433,-3052.980372682,0,0,259718.400,2296,512,0,536297.4929481
536500,27854143.4432,9486777.559606,3144584.216804,0,0,0,1.667095698083,-0.5022076391971,32523567.14687,30730535.7541285,161490002.0749,0.005980925851973,0,0,0,5.069538431573,4.902520307275e-82,0,-0.961049853715,-0.5032729545998,-13.75020546829,-2.895495312778,1.34024748065,-12.59914857191,16044.24520912,-3053.118348122,0,0,259718.500,2296,512,0,536397.4939665
536600,27854114.32534,9486764.419316,3144882.518982,0,0,0,1.667069819575,-0.5021676357166,32523261.82795,30730230.435394,161488397.6141,0.005980925851359,0,0,0,5.069538431573,4.901393706715e-82,0,-0.9610275790234,-0.5032330479362,-13.74973597703,-2.895570829695,1.340242326431,-12.59883946053,16044.97025537,-3053.256319836,0,0,259718.600,2296,512,0,536497.4949849
536700,27854085.20448,9486751.278496,3145180.820677,0,0,0,1.667043928369,-0.5021276309798,32522956.49524,30729925.1028634,161486793.0809,0.005980925850745,0,0,0,5.069538431573,4.900267373764e-82,0,-0.961005306608,-0.5031931399365,-13.74926647005,-2.895646326721,1.340237172419,-12.59853031924,16045.69529184,-3053.394289687,0,0,259718.700,2296,512,0,536597.4960034
536800,27854056.08063,9486738.137146,3145479.121888,0,0,0,1.667018024463,-0.5020876249868,32522651.14873,30729619.7565376,161485188.4751,0.00598092585013,0,0,0,5.069538431573,4.899141308399e-82,0,-0.9609830364874,-0.50315323092,-13.74879695111,-2.895721806614,1.340232018616,-12.59822115179,16046.4201619,-3053.532227874,0,0,259718.800,2296,512,0,536697.4970219
536900,27854026.95379,9486724.995266,3145777.422616,0,0,0,1.666992107855,-0.5020476177378,32522345.78842,30729314.3964176,161483583.7968,0.005980925849516,0,0,0,5.069538431573,4.898015510592e-82,0,-0.9609607678531,-0.5031133204359,-13.74832741491,-2.895797307108,1.34022686502,-12.59791195286,16047.14504175,-3053.670167923,0,0,259718.900,2296,512,0,536797.4980405
537000,27853997.82395,9486711.852856,3146075.72286,0,0,0,1.666966178543,-0.5020076092328,32522040.41432,30729009.0225044,161481979.0461,0.005980925848901,0,0,0,5.069538431573,4.896889980317e-82,0,-0.9609385041112,-0.5030734088437,-13.74785786566,-2.895872812568,1.340221711632,-12.59760272668,16047.86986287,-3053.808096796,0,0,259719.000,2296,512,0,536897.4990591
537100,27853968.69111,9486698.709916,3146374.022619,0,0,0,1.666940236524,-0.501967599472,32521735.02643,30728703.634799,161480374.2229,0.005980925848287,0,0,0,5.069538431573,4.895764717551e-82,0,-0.9609162414558,-0.5030334956458,-13.74738829753,-2.895948334221,1.340216558452,-12.59729346741,16048.59464484,-3053.946018219,0,0,259719.100,2296,512,0,536997.5000778
537200,27853939.55528,9486685.566446,3146672.321895,0,0,0,1.666914281797,-0.5019275884554,32521429.62475,30728398.2333025,161478769.3272,0.005980925847673,0,0,0,5.069538431573,4.894639722268e-82,0,-0.9608939814604,-0.5029935815167,-13.74691871844,-2.896023823265,1.34021140548,-12.59698418297,16049.31933872,-3054.083922878,0,0,259719.200,2296,512,0,537097.5010965
537300,27853910.41646,9486672.422446,3146970.620687,0,0,0,1.666888314359,-0.5018875761832,32521124.20928,30728092.8180159,161477164.359,0.005980925847058,0,0,0,5.069538431573,4.893514994441e-82,0,-0.9608717236808,-0.5029536660717,-13.74644912388,-2.896099293877,1.340206252716,-12.59667486883,16050.04396407,-3054.221814498,0,0,259719.300,2296,512,0,537197.5021152
537400,27853881.27464,9486659.277917,3147268.918995,0,0,0,1.666862334208,-0.5018475626553,32520818.78002,30727787.3889402,161475559.3184,0.005980925846444,0,0,0,5.069538431573,4.892390534046e-82,0,-0.9608494683697,-0.5029137492883,-13.74597951356,-2.896174787048,1.340201100161,-12.59636552473,16050.76859922,-3054.359707981,0,0,259719.400,2296,512,0,537297.503134
537500,27853852.12982,9486646.132857,3147567.216819,0,0,0,1.666836341342,-0.501807547872,32520513.33697,30727481.9460765,161473954.2053,0.005980925845829,0,0,0,5.069538431573,4.891266341055e-82,0,-0.9608272140837,-0.5028738310419,-13.74550988604,-2.896250285729,1.340195947813,-12.5960561492,16051.49315605,-3054.497586563,0,0,259719.500,2296,512,0,537397.5041529
537600,27853822.98201,9486632.987268,3147865.514159,0,0,0,1.666810335759,-0.5017675318334,32520207.88014,30727176.4894256,161472349.0198,0.005980925845215,0,0,0,5.069538431573,4.890142415444e-82,0,-0.960804965114,-0.5028339120475,-13.74504024971,-2.896325798291,1.340190795674,-12.59574675064,16052.21763459,-3054.635450244,0,0,259719.600,2296,512,0,537497.5051718
537700,27853793.83121,9486619.841149,3148163.811015,0,0,0,1.666784317457,-0.5017275145395,32519902.40952,30726871.0189887,161470743.7618,0.0059809258446,0,0,0,5.069538431573,4.889018757187e-82,0,-0.9607827174518,-0.5027939914432,-13.74457059444,-2.896401279282,1.340185643743,-12.59543731892,16052.94201523,-3054.773295298,0,0,259719.700,2296,512,0,537597.5061907
537800,27853764.67741,9486606.6945,3148462.107386,0,0,0,1.666758286434,-0.5016874959904,32519596.92511,30726565.5347668,161469138.4314,0.005980925843986,0,0,0,5.069538431573,4.887895366259e-82,0,-0.9607604718823,-0.5027540697588,-13.74410092647,-2.896476742043,1.34018049202,-12.59512786027,16053.66633715,-3054.911129177,0,0,259719.800,2296,512,0,537697.5072097
537900,27853735.52061,9486593.547322,3148760.403274,0,0,0,1.666732242687,-0.5016474761862,32519291.42692,30726260.0367608,161467533.0285,0.005980925843372,0,0,0,5.069538431573,4.886772242632e-82,0,-0.9607382286542,-0.5027141465159,-13.74363124016,-2.896552226723,1.340175340506,-12.59481836905,16054.39073738,-3055.048977956,0,0,259719.900,2296,512,0,537797.5082287
538000,27853706.36082,9486580.399614,3149058.698677,0,0,0,1.666706186214,-0.501607455127,32518985.91495,30725954.5249719,161465927.5532,0.005980925842757,0,0,0,5.069538431573,4.885649386284e-82,0,-0.9607159864796,-0.5026742222312,-13.74316154159,-2.896627716504,1.3401701892,-12.59450885134,16055.11499078,-3055.186798796,0,0,259720.000,2296,512,0,537897.5092478
538100,27853677.19803,9486567.251377,3149356.993596,0,0,0,1.666680117014,-0.501567432813,32518680.38919,30725648.9994009,161464322.0055,0.005980925842143,0,0,0,5.069538431573,4.884526797185e-82,0,-0.9606937497048,-0.5026342966379,-13.74269182763,-2.896703222422,1.340165038103,-12.594199304,16055.83922461,-3055.324615911,0,0,259720.100,2296,512,0,537997.5102669
538200,27853648.03225,9486554.10261,3149655.28803,0,0,0,1.666654035083,-0.5015274092442,32518374.84966,30725343.460049,161462716.3854,0.005980925841528,0,0,0,5.069538431573,4.883404475311e-82,0,-0.9606715140415,-0.5025943697032,-13.74222209789,-2.896778683778,1.340159887214,-12.59388972664,16056.56331161,-3055.462405086,0,0,259720.200,2296,512,0,538097.5112861
538300,27853618.86348,9486540.953314,3149953.58198,0,0,0,1.666627940421,-0.5014873844207,32518069.29634,30725037.9069171,161461110.6928,0.005980925840914,0,0,0,5.069538431573,4.882282420638e-82,0,-0.9606492807424,-0.5025544416469,-13.74175235495,-2.896854150897,1.340154736534,-12.59358012184,16057.28749649,-3055.600212887,0,0,259720.300,2296,512,0,538197.5123053
538400,27853589.69171,9486527.803488,3150251.875446,0,0,0,1.666601833024,-0.5014473583426,32517763.72925,30724732.3400062,161459504.9279,0.0059809258403,0,0,0,5.069538431573,4.881160633138e-82,0,-0.9606270497114,-0.5025145120958,-13.74128259443,-2.896929628083,1.340149586063,-12.59327048522,16058.01150519,-3055.737987161,0,0,259720.400,2296,512,0,538297.5133246
538500,27853560.51694,9486514.653133,3150550.168427,0,0,0,1.666575712891,-0.50140733101,32517458.14837,30724426.7593175,161457899.0905,0.005980925839685,0,0,0,5.069538431573,4.880039112785e-82,0,-0.9606048208958,-0.5024745812916,-13.74081281917,-2.897005111329,1.3401444358,-12.59296081961,16058.73559219,-3055.875776336,0,0,259720.500,2296,512,0,538397.5143439
538600,27853531.33918,9486501.502249,3150848.460923,0,0,0,1.666549580019,-0.5013673024231,32517152.55372,30724121.1648519,161456293.1808,0.005980925839071,0,0,0,5.069538431573,4.878917859554e-82,0,-0.9605825938336,-0.5024346497148,-13.74034303481,-2.897080606989,1.340139285746,-12.59265113066,16059.45954216,-3056.013539433,0,0,259720.600,2296,512,0,538497.5153632
538700,27853502.15842,9486488.350836,3151146.752935,0,0,0,1.666523434407,-0.5013272725818,32516846.9453,30723815.5566103,161454687.1986,0.005980925838456,0,0,0,5.069538431573,4.877796873421e-82,0,-0.9605603712912,-0.5023947164494,-13.73987323059,-2.8971560493,1.340134135901,-12.59234140759,16060.1834236,-3056.151289493,0,0,259720.700,2296,512,0,538597.5163826
538800,27853472.97467,9486475.198893,3151445.044463,0,0,0,1.666497276052,-0.5012872414864,32516541.3231,30723509.9345939,161453081.1441,0.005980925837842,0,0,0,5.069538431573,4.876676154354e-82,0,-0.96053815002,-0.5023547818684,-13.73940341089,-2.897231519515,1.340128986265,-12.59203165479,16060.90731484,-3056.289041415,0,0,259720.800,2296,512,0,538697.5174021
538900,27853443.78792,9486462.046421,3151743.335505,0,0,0,1.666471104951,-0.5012472091368,32516235.68712,30723204.2988037,161451475.0171,0.005980925837228,0,0,0,5.069538431573,4.875555702335e-82,0,-0.9605159312158,-0.5023148461744,-13.7389335781,-2.897306987905,1.340123836838,-12.59172187465,16061.63108862,-3056.426770985,0,0,259720.900,2296,512,0,538797.5184216
539000,27853414.59818,9486448.89342,3152041.626063,0,0,0,1.666444921104,-0.5012071755333,32515930.03738,30722898.6492406,161449868.8179,0.005980925836613,0,0,0,5.069538431573,4.874435517331e-82,0,-0.9604937151075,-0.5022749092447,-13.73846373077,-2.89738246274,1.34011868762,-12.59141206571,16062.35484282,-3056.56449683,0,0,259721.000,2296,512,0,538897.5194411
539100,27853385.40544,9486435.73989,3152339.916136,0,0,0,1.666418724507,-0.5011671406758,32515624.37386,30722592.9859057,161448262.5462,0.005980925835999,0,0,0,5.069538431573,4.873315599321e-82,0,-0.9604715012398,-0.50223497109,-13.73799386903,-2.897457952946,1.340113538611,-12.59110222809,16063.07857744,-3056.70221895,0,0,259721.100,2296,512,0,538997.5204607
539200,27853356.20971,9486422.58583,3152638.205725,0,0,0,1.666392515159,-0.5011271045646,32515318.69657,30722287.3088,161446656.2022,0.005980925835384,0,0,0,5.069538431573,4.872195948277e-82,0,-0.9604492883135,-0.5021950314789,-13.73752399015,-2.897533386857,1.340108389811,-12.59079235908,16063.80217503,-3056.839914992,0,0,259721.200,2296,512,0,539097.5214803
539300,27853327.01099,9486409.431242,3152936.494828,0,0,0,1.666366293058,-0.5010870671997,32515013.00551,30721981.6179245,161445049.7858,0.00598092583477,0,0,0,5.069538431573,4.871076564172e-82,0,-0.9604270807425,-0.5021550906937,-13.73705409746,-2.897608849921,1.340103241221,-12.590482462,16064.52573346,-3056.977603585,0,0,259721.300,2296,512,0,539197.5225
539400,27853297.80926,9486396.276125,3153234.783447,0,0,0,1.6663400582,-0.5010470285811,32514707.30068,30721675.9132802,161443443.297,0.005980925834156,0,0,0,5.069538431573,4.869957446981e-82,0,-0.9604048740794,-0.5021151485528,-13.73658418882,-2.897684310165,1.34009809284,-12.59017253469,16065.24923317,-3057.115281001,0,0,259721.400,2296,512,0,539297.5235197
539500,27853268.60455,9486383.120479,3153533.071581,0,0,0,1.666313810585,-0.501006988709,32514401.58208,30721370.1948682,161441836.7359,0.005980925833541,0,0,0,5.069538431573,4.868838596679e-82,0,-0.9603826700139,-0.5020752054192,-13.7361142685,-2.897759775316,1.340092944668,-12.58986258143,16065.97268393,-3057.252949104,0,0,259721.500,2296,512,0,539397.5245395
539600,27853239.39683,9486369.964304,3153831.359229,0,0,0,1.666287550209,-0.5009669475836,32514095.84972,30721064.4626894,161440230.1025,0.005980925832927,0,0,0,5.069538431573,4.867720013238e-82,0,-0.9603604682534,-0.5020352607023,-13.73564432956,-2.897835256858,1.340087796705,-12.58955259528,16066.69616406,-3057.390622795,0,0,259721.600,2296,512,0,539497.5255593
539700,27853210.18612,9486356.807601,3154129.646393,0,0,0,1.666261277072,-0.5009269052048,32513790.10359,30720758.716745,161438623.3967,0.005980925832312,0,0,0,5.069538431573,4.866601696638e-82,0,-0.960338267682,-0.5019953152752,-13.73517438226,-2.897910683479,1.340082648952,-12.58924258649,16067.41951694,-3057.528272271,0,0,259721.700,2296,512,0,539597.5265791
539800,27853180.97242,9486343.650368,3154427.933072,0,0,0,1.66623499117,-0.5008868615728,32513484.3437,30720452.9570359,161437016.6186,0.005980925831698,0,0,0,5.069538431573,4.865483646842e-82,0,-0.9603160719196,-0.501955368087,-13.73470441424,-2.897986137537,1.340077501408,-12.58893254271,16068.14277194,-3057.665903121,0,0,259721.800,2296,512,0,539697.5275991
539900,27853151.75572,9486330.492607,3154726.219265,0,0,0,1.666208692501,-0.5008468166876,32513178.57004,30720147.1835631,161435409.7681,0.005980925831084,0,0,0,5.069538431573,4.864365863829e-82,0,-0.9602938777496,-0.5019154195946,-13.73423443088,-2.898061592341,1.340072354074,-12.5886224693,16068.86599758,-3057.803528383,0,0,259721.900,2296,512,0,539797.528619
540000,27853122.53603,9486317.334317,3155024.504973,0,0,0,1.666182381064,-0.5008067705495,32512872.78262,30719841.3963276,161433802.8454,0.005980925830469,0,0,0,5.069538431573,4.863248347577e-82,0,-0.9602716855678,-0.5018754699137,-13.73376443353,-2.898137051573,1.340067206949,-12.58831236763,16069.58927215,-3057.941162959,0,0,259722.000,2296,512,0,539897.529639
540100,27853093.31334,9486304.175499,3155322.790196,0,0,0,1.666156056856,-0.5007667231584,32512566.98144,30719535.5953304,161432195.8503,0.005980925829855,0,0,0,5.069538431573,4.862131098056e-82,0,-0.9602494962428,-0.5018355192506,-13.73329442463,-2.898212500782,1.340062060034,-12.58800224011,16070.31240969,-3058.078771457,0,0,259722.100,2296,512,0,539997.530659
540200,27853064.08766,9486291.016152,3155621.074934,0,0,0,1.666129719875,-0.5007266745145,32512261.1665,30719229.7805727,161430588.7829,0.00598092582924,0,0,0,5.069538431573,4.861014115239e-82,0,-0.9602273088389,-0.5017955670752,-13.73282439794,-2.898287943052,1.340056913329,-12.58769208052,16071.03556681,-3058.216383681,0,0,259722.200,2296,512,0,540097.5316791
540300,27853034.85898,9486277.856276,3155919.359187,0,0,0,1.666103370119,-0.5006866246179,32511955.3378,30718923.9520554,161428981.6432,0.005980925828626,0,0,0,5.069538431573,4.8598973991e-82,0,-0.9602051228449,-0.5017556136686,-13.73235435676,-2.898363387423,1.340051766834,-12.58738189215,16071.7585771,-3058.353967965,0,0,259722.300,2296,512,0,540197.5326993
540400,27853005.62731,9486264.695872,3156217.642954,0,0,0,1.666077007585,-0.5006465734687,32511649.49534,30718618.1097795,161427374.4312,0.005980925828012,0,0,0,5.069538431573,4.858780949616e-82,0,-0.9601829420233,-0.5017156591698,-13.73188430274,-2.898438832612,1.340046620548,-12.58707167664,16072.48151887,-3058.49153921,0,0,259722.400,2296,512,0,540297.5337194
540500,27852976.39264,9486251.534939,3156515.926235,0,0,0,1.666050632272,-0.5006065210669,32511343.63912,30718312.2537459,161425767.1469,0.005980925827397,0,0,0,5.069538431573,4.857664766756e-82,0,-0.9601607622042,-0.5016757031847,-13.73141423122,-2.898514284793,1.340041474473,-12.58676142935,16073.20452916,-3058.629123494,0,0,259722.500,2296,512,0,540397.5347397
540600,27852947.15497,9486238.373479,3156814.209032,0,0,0,1.666024244178,-0.5005664674127,32511037.76914,30718006.3839559,161424159.7903,0.005980925826783,0,0,0,5.069538431573,4.856548850497e-82,0,-0.9601385847331,-0.5016357460275,-13.73094414592,-2.89858972661,1.340036328607,-12.58645115397,16073.92741221,-3058.766683564,0,0,259722.600,2296,512,0,540497.5357599
540700,27852917.91431,9486225.211489,3157112.491342,0,0,0,1.665997843299,-0.5005264125061,32510731.88541,30717700.5004103,161422552.3614,0.005980925826168,0,0,0,5.069538431573,4.855433200811e-82,0,-0.960116409738,-0.5015957876528,-13.7304740463,-2.898665172882,1.340031182951,-12.58614084996,16074.65027568,-3058.904239908,0,0,259722.700,2296,512,0,540597.5367803
540800,27852888.67066,9486212.048972,3157410.773167,0,0,0,1.665971429635,-0.5004863563474,32510425.98793,30717394.6031103,161420944.8602,0.005980925825554,0,0,0,5.069538431573,4.854317817673e-82,0,-0.9600942357817,-0.5015558278458,-13.73000392982,-2.898740599351,1.340026037505,-12.58583051481,16075.37302169,-3059.0417739,0,0,259722.800,2296,512,0,540697.5378006
540900,27852859.42401,9486198.885926,3157709.054507,0,0,0,1.665945003182,-0.5004462989364,32510120.07669,30717088.6920567,161419337.2868,0.00598092582494,0,0,0,5.069538431573,4.853202701057e-82,0,-0.9600720670112,-0.5015158668742,-13.72953379964,-2.898816036693,1.34002089227,-12.58552015164,16076.09572854,-3059.179300442,0,0,259722.900,2296,512,0,540797.538821
541000,27852830.17436,9486185.722352,3158007.335361,0,0,0,1.665918563939,-0.5004062402735,32509814.1517,30716782.7672506,161417729.6411,0.005980925824325,0,0,0,5.069538431573,4.852087850935e-82,0,-0.9600498993166,-0.5014759046832,-13.72906365512,-2.898891481269,1.340015747244,-12.58520975982,16076.8184354,-3059.316826984,0,0,259723.000,2296,512,0,540897.5398415
541100,27852800.92172,9486172.558249,3158305.615729,0,0,0,1.665892111904,-0.5003661803585,32509508.21296,30716476.8286931,161416121.9231,0.005980925823711,0,0,0,5.069538431573,4.850973267281e-82,0,-0.9600277343301,-0.5014359412543,-13.72859349604,-2.898966915202,1.340010602429,-12.58489933913,16077.54099543,-3059.454325587,0,0,259723.100,2296,512,0,540997.540862
541200,27852771.66609,9486159.393619,3158603.895612,0,0,0,1.665865647074,-0.5003261191918,32509202.26047,30716170.8763852,161414514.1329,0.005980925823096,0,0,0,5.069538431573,4.849858950069e-82,0,-0.9600055715475,-0.5013959765152,-13.72812332154,-2.899042339399,1.340005457824,-12.58458888871,16078.26357504,-3059.591827914,0,0,259723.200,2296,512,0,541097.5418825
541300,27852742.40745,9486146.228461,3158902.175009,0,0,0,1.665839169447,-0.5002860567733,32508896.29423,30715864.9103278,161412906.2704,0.005980925822482,0,0,0,5.069538431573,4.848744899273e-82,0,-0.9599834112986,-0.5013560105662,-13.7276531328,-2.899117768556,1.34000031343,-12.58427840974,16078.98608613,-3059.729317203,0,0,259723.300,2296,512,0,541197.5429031
541400,27852713.14583,9486133.062774,3159200.45392,0,0,0,1.665812679022,-0.5002459931031,32508590.31424,30715558.9305221,161411298.3357,0.005980925821868,0,0,0,5.069538431573,4.847631114867e-82,0,-0.9599612517419,-0.5013160432734,-13.72718292826,-2.899193198583,1.339995169246,-12.58396790064,16079.70851891,-3059.866791591,0,0,259723.400,2296,512,0,541297.5439238
541500,27852683.88121,9486119.896559,3159498.732345,0,0,0,1.665786175795,-0.5002059281814,32508284.3205,30715252.9369689,161409690.3287,0.005980925821253,0,0,0,5.069538431573,4.846517596823e-82,0,-0.959939097708,-0.5012760747413,-13.72671270913,-2.899268634386,1.339990025272,-12.58365736264,16080.43089297,-3060.004254803,0,0,259723.500,2296,512,0,541397.5449445
541600,27852654.61359,9486106.729817,3159797.010284,0,0,0,1.665759659765,-0.5001658620082,32507978.31302,30714946.9296695,161408082.2495,0.005980925820639,0,0,0,5.069538431573,4.845404345115e-82,0,-0.9599169446451,-0.5012361051071,-13.72624247704,-2.899344063208,1.339984881509,-12.58334679735,16081.15325723,-3060.141716152,0,0,259723.600,2296,512,0,541497.5459652
541700,27852625.34298,9486093.562547,3160095.287737,0,0,0,1.665733130929,-0.5001257945837,32507672.29179,30714640.9086246,161406474.098,0.005980925820024,0,0,0,5.069538431573,4.844291359718e-82,0,-0.9598947941578,-0.5011961340526,-13.72577222824,-2.899419482034,1.339979737956,-12.58303620103,16081.87556277,-3060.279166326,0,0,259723.700,2296,512,0,541597.546986
541800,27852596.06937,9486080.394748,3160393.564704,0,0,0,1.665706589286,-0.5000857259079,32507366.25681,30714334.8738355,161404865.8744,0.00598092581941,0,0,0,5.069538431573,4.843178640601e-82,0,-0.9598726454711,-0.5011561617578,-13.72530196485,-2.899494903159,1.339974594614,-12.58272557579,16082.59781937,-3060.416607186,0,0,259723.800,2296,512,0,541697.5480068
541900,27852566.79277,9486067.226422,3160691.841185,0,0,0,1.665680034833,-0.5000456559809,32507060.2081,30714028.825303,161403257.5785,0.005980925818796,0,0,0,5.069538431573,4.842066187743e-82,0,-0.9598504997509,-0.5011161880484,-13.72483168482,-2.899570324944,1.339969451483,-12.58241491957,16083.32002702,-3060.554038733,0,0,259723.900,2296,512,0,541797.5490277
542000,27852537.51317,9486054.057568,3160990.11718,0,0,0,1.665653467568,-0.5000055848029,32506754.14564,30713722.7630283,161401649.2104,0.005980925818181,0,0,0,5.069538431573,4.840954001114e-82,0,-0.9598283551445,-0.5010762132805,-13.72436139233,-2.899645749692,1.339964308562,-12.58210423657,16084.04218573,-3060.691460967,0,0,259724.000,2296,512,0,541897.5500486
542100,27852508.23058,9486040.888187,3161288.392689,0,0,0,1.665626887489,-0.4999655123739,32506448.06944,30713416.6870123,161400040.77,0.005980925817567,0,0,0,5.069538431573,4.83984208069e-82,0,-0.9598062155215,-0.5010362372721,-13.72389108525,-2.899721168392,1.339959165852,-12.58179352464,16084.76422699,-3060.828860849,0,0,259724.100,2296,512,0,541997.5510695
542200,27852478.94499,9486027.718278,3161586.667712,0,0,0,1.665600294594,-0.499925438694,32506141.9795,30713110.5972561,161398432.2575,0.005980925816952,0,0,0,5.069538431573,4.838730426443e-82,0,-0.95978407716,-0.5009962600155,-13.72342076348,-2.899796579886,1.339954023353,-12.58148278368,16085.48629761,-3060.966266319,0,0,259724.200,2296,512,0,542097.5520905
542300,27852449.6564,9486014.547841,3161884.942249,0,0,0,1.66557368888,-0.4998853637634,32505835.87582,30712804.4937606,161396823.6728,0.005980925816338,0,0,0,5.069538431573,4.837619038344e-82,0,-0.959761941119,-0.5009562813742,-13.72295042543,-2.899871993091,1.339948881065,-12.5811720121,16086.20825076,-3061.103649437,0,0,259724.300,2296,512,0,542197.5531116
542400,27852420.36483,9486001.376876,3162183.216299,0,0,0,1.665547070346,-0.4998452875821,32505529.7584,30712498.376527,161395215.0159,0.005980925815724,0,0,0,5.069538431573,4.836507916371e-82,0,-0.959739807521,-0.5009163015125,-13.72248007301,-2.899947410053,1.339943738988,-12.58086121181,16086.93019414,-3061.241030693,0,0,259724.400,2296,512,0,542297.5541327
542500,27852391.07025,9485988.205384,3162481.489863,0,0,0,1.665520438988,-0.4998052101502,32505223.62724,30712192.2455561,161393606.2868,0.005980925815109,0,0,0,5.069538431573,4.835397060494e-82,0,-0.9597176748648,-0.5008763203209,-13.72200970495,-2.9000228071,1.339938597122,-12.58055038153,16087.65209835,-3061.378404498,0,0,259724.500,2296,512,0,542397.5551538
542600,27852361.77268,9485975.033365,3162779.76294,0,0,0,1.665493794806,-0.4997651314678,32504917.48235,30711886.1008491,161391997.4855,0.005980925814495,0,0,0,5.069538431573,4.834286470688e-82,0,-0.9596955476619,-0.5008363381562,-13.72153932544,-2.900098240282,1.339933455467,-12.58023952545,16088.37385575,-3061.515750363,0,0,259724.600,2296,512,0,542497.556175
542700,27852332.47212,9485961.860818,3163078.035531,0,0,0,1.665467137796,-0.499725051535,32504611.32373,30711579.942407,161390388.612,0.00598092581388,0,0,0,5.069538431573,4.833176146925e-82,0,-0.9596734212864,-0.5007963544078,-13.7210689273,-2.900173642155,1.339928314023,-12.5799286364,16089.09561314,-3061.653096229,0,0,259724.700,2296,512,0,542597.5571962
542800,27852303.16856,9485948.687743,3163376.307636,0,0,0,1.665440467957,-0.499684970352,32504305.15137,30711273.7702307,161388779.6663,0.005980925813266,0,0,0,5.069538431573,4.832066089179e-82,0,-0.9596512974124,-0.5007563694056,-13.72059851441,-2.90024904623,1.339923172791,-12.57961771823,16089.8172335,-3061.790416017,0,0,259724.800,2296,512,0,542697.5582175
542900,27852273.862,9485935.514141,3163674.579254,0,0,0,1.665413785287,-0.4996448879187,32503998.96527,30710967.5843214,161387170.6485,0.005980925812652,0,0,0,5.069538431573,4.830956297425e-82,0,-0.959629176023,-0.5007163833894,-13.72012808959,-2.900324452302,1.339918031769,-12.57930677379,16090.53893216,-3061.927750707,0,0,259724.900,2296,512,0,542797.5592389
543000,27852244.55245,9485922.340012,3163972.850386,0,0,0,1.665387089783,-0.4996048042354,32503692.76545,30710661.3846799,161385561.5585,0.005980925812037,0,0,0,5.069538431573,4.829846771632e-82,0,-0.959607057349,-0.5006763961317,-13.71965765017,-2.900399841092,1.339912890959,-12.57899580037,16091.26059168,-3062.065077946,0,0,259725.000,2296,512,0,542897.5602602
543100,27852215.2399,9485909.165356,3164271.121031,0,0,0,1.665360381443,-0.4995647193021,32503386.55189,30710355.1713075,161383952.3964,0.005980925811423,0,0,0,5.069538431573,4.828737511777e-82,0,-0.9595849389467,-0.500636407341,-13.71918719271,-2.900475266207,1.339907750361,-12.57868479457,16091.98211415,-3062.202379107,0,0,259725.100,2296,512,0,542997.5612816
543200,27852185.92436,9485895.990172,3164569.391189,0,0,0,1.665333660265,-0.4995246331189,32503080.3246,30710048.9442049,161382343.1621,0.005980925810808,0,0,0,5.069538431573,4.827628517832e-82,0,-0.959562826409,-0.5005964175319,-13.71871672326,-2.900550674937,1.339902609973,-12.57837376241,16092.70352896,-3062.33965978,0,0,259725.200,2296,512,0,543097.5623031
543300,27852156.60583,9485882.814462,3164867.660861,0,0,0,1.665306926246,-0.4994845456858,32502774.08359,30709742.7033733,161380733.8557,0.005980925810194,0,0,0,5.069538431573,4.826519789769e-82,0,-0.9595407145725,-0.5005564262199,-13.71824623614,-2.900626062779,1.339897469797,-12.57806269821,16093.42496334,-3062.476944178,0,0,259725.300,2296,512,0,543197.5633246
543400,27852127.28429,9485869.638224,3165165.930046,0,0,0,1.665280179385,-0.4994444570031,32502467.82884,30709436.4488138,161379124.4771,0.00598092580958,0,0,0,5.069538431573,4.825411327562e-82,0,-0.959518605138,-0.5005164338284,-13.71777573632,-2.900701461019,1.339892329833,-12.57775160695,16094.14639772,-3062.614228576,0,0,259725.400,2296,512,0,543297.5643462
543500,27852097.95977,9485856.461458,3165464.198744,0,0,0,1.66525341968,-0.4994043670708,32502161.56037,30709130.1805272,161377515.0264,0.005980925808965,0,0,0,5.069538431573,4.824303131187e-82,0,-0.9594964981768,-0.5004764402087,-13.71730522204,-2.900776841271,1.33988719008,-12.57744048686,16094.86771464,-3062.751490623,0,0,259725.500,2296,512,0,543397.5653678
543600,27852068.63224,9485843.284166,3165762.466955,0,0,0,1.665226647128,-0.499364275889,32501855.27818,30708823.8985148,161375905.5036,0.005980925808351,0,0,0,5.069538431573,4.823195200612e-82,0,-0.959474393882,-0.500436445208,-13.71683469152,-2.900852259613,1.339882050539,-12.57712933615,16095.58899241,-3062.888745219,0,0,259725.600,2296,512,0,543497.5663894
543700,27852039.30173,9485830.106347,3166060.734679,0,0,0,1.665199861726,-0.4993241834577,32501548.98226,30708517.6027773,161374295.9086,0.005980925807736,0,0,0,5.069538431573,4.822087535815e-82,0,-0.9594522906217,-0.5003964490545,-13.71636414744,-2.900927643977,1.33987691121,-12.5768181575,16096.3102506,-3063.025996089,0,0,259725.700,2296,512,0,543597.5674111
543800,27852009.96821,9485816.928001,3166359.001917,0,0,0,1.665173063474,-0.4992840897772,32501242.67261,30708211.293316,161372686.2415,0.005980925807122,0,0,0,5.069538431573,4.820980136764e-82,0,-0.9594301923413,-0.5003564516502,-13.71589358864,-2.901003033601,1.339871772092,-12.57650694976,16097.03144028,-3063.163233921,0,0,259725.800,2296,512,0,543697.5684328
543900,27851980.6317,9485803.749128,3166657.268668,0,0,0,1.665146252368,-0.4992439948474,32500936.34924,30707904.9701318,161371076.5023,0.005980925806508,0,0,0,5.069538431573,4.819873003436e-82,0,-0.9594080949851,-0.5003164528018,-13.71542301285,-2.901078423451,1.339866633187,-12.57619571065,16097.75257122,-3063.300460577,0,0,259725.900,2296,512,0,543797.5694546
544000,27851951.2922,9485790.569728,3166955.534931,0,0,0,1.665119428407,-0.4992038986685,32500630.01215,30707598.6332256,161369466.691,0.005980925805893,0,0,0,5.069538431573,4.818766135802e-82,0,-0.9593860002338,-0.5002764528235,-13.71495242377,-2.901153796784,1.339861494493,-12.57588444386,16098.47363365,-3063.437674195,0,0,259726.000,2296,512,0,543897.5704765
544100,27851921.9497,9485777.389802,3167253.800707,0,0,0,1.665092591588,-0.4991638012406,32500323.66134,30707292.2825987,161367856.8076,0.005980925805279,0,0,0,5.069538431573,4.817659533839e-82,0,-0.9593639082651,-0.5002364517912,-13.71448182229,-2.901229210374,1.339856356011,-12.57557315029,16099.19465692,-3063.574880362,0,0,259726.100,2296,512,0,543997.5714983
544200,27851892.6042,9485764.209348,3167552.065997,0,0,0,1.665065741909,-0.4991237025638,32500017.29681,30706985.9182519,161366246.8521,0.005980925804664,0,0,0,5.069538431573,4.816553197514e-82,0,-0.9593418169359,-0.5001964491968,-13.71401120244,-2.901304590516,1.339851217741,-12.57526182395,16099.91561168,-3063.71207349,0,0,259726.200,2296,512,0,544097.5725203
544300,27851863.25571,9485751.028368,3167850.330799,0,0,0,1.665038879368,-0.4990836026381,32499710.91856,30706679.5401863,161364636.8245,0.00598092580405,0,0,0,5.069538431573,4.815447126804e-82,0,-0.959319730974,-0.5001564454054,-13.7135405685,-2.901379971837,1.339846079683,-12.57495046914,16100.63645876,-3063.849246129,0,0,259726.300,2296,512,0,544197.5735422
544400,27851833.90423,9485737.846861,3168148.595114,0,0,0,1.665012003963,-0.4990435014637,32499404.52659,30706373.1484029,161363026.7248,0.005980925803436,0,0,0,5.069538431573,4.81434132168e-82,0,-0.9592976461426,-0.5001164405241,-13.71306992173,-2.901455354876,1.339840941837,-12.57463908711,16101.3572667,-3063.986411318,0,0,259726.400,2296,512,0,544297.5745642
544500,27851804.54975,9485724.664828,3168446.858942,0,0,0,1.664985115691,-0.4990033990407,32499098.12091,30706066.7429027,161361416.553,0.005980925802821,0,0,0,5.069538431573,4.813235782115e-82,0,-0.9592755633009,-0.5000764339233,-13.71259925474,-2.901530716543,1.339835804203,-12.57432767045,16102.07808442,-3064.12357837,0,0,259726.500,2296,512,0,544397.5755863
544600,27851775.19227,9485711.482267,3168745.122282,0,0,0,1.664958214551,-0.4989632953692,32498791.70151,30705760.3236868,161359806.3092,0.005980925802207,0,0,0,5.069538431573,4.812130508087e-82,0,-0.9592534833763,-0.5000364266526,-13.71212857987,-2.901606119376,1.339830666782,-12.57401623152,16102.79883362,-3064.260732383,0,0,259726.600,2296,512,0,544497.5766084
544700,27851745.8318,9485698.299181,3169043.385135,0,0,0,1.664931300539,-0.4989231904492,32498485.26839,30705453.8907562,161358195.9933,0.005980925801592,0,0,0,5.069538431573,4.811025499562e-82,0,-0.9592314057847,-0.4999964180978,-13.71165788989,-2.901681490375,1.339825529572,-12.57370476308,16103.51953388,-3064.397877082,0,0,259726.700,2296,512,0,544597.5776306
544800,27851716.46833,9485685.115567,3169341.647501,0,0,0,1.664904373655,-0.4988830842809,32498178.82156,30705147.4441119,161356585.6053,0.005980925800978,0,0,0,5.069538431573,4.809920756514e-82,0,-0.9592093288142,-0.4999564076509,-13.71118717764,-2.901756865096,1.339820392576,-12.57339325797,16104.24015584,-3064.535006881,0,0,259726.800,2296,512,0,544697.5786527
544900,27851687.10187,9485671.931428,3169639.909379,0,0,0,1.664877433896,-0.4988429768643,32497872.36102,30704840.9837549,161354975.1452,0.005980925800364,0,0,0,5.069538431573,4.80881627892e-82,0,-0.9591872575579,-0.4999163965554,-13.71071645777,-2.901832229074,1.339815255791,-12.57308173083,16104.96066033,-3064.672114328,0,0,259726.900,2296,512,0,544797.579675
545000,27851657.73241,9485658.746762,3169938.17077,0,0,0,1.664850481259,-0.4988028681996,32497565.88677,30704534.5096862,161353364.6131,0.005980925799749,0,0,0,5.069538431573,4.80771206675e-82,0,-0.9591651871265,-0.4998763839127,-13.7102457197,-2.90190760008,1.339810119219,-12.57277017108,16105.68121377,-3064.809231088,0,0,259727.000,2296,512,0,544897.5806973
545100,27851628.35996,9485645.561569,3170236.431674,0,0,0,1.664823515742,-0.4987627582868,32497259.39881,30704228.0219069,161351754.009,0.005980925799135,0,0,0,5.069538431573,4.806608119975e-82,0,-0.959143119141,-0.4998363701236,-13.70977496814,-2.901982994636,1.339804982859,-12.57245858343,16106.40172805,-3064.946340397,0,0,259727.100,2296,512,0,544997.5817196
545200,27851598.98451,9485632.37585,3170534.692089,0,0,0,1.664796537344,-0.4987226471261,32496952.89713,30703921.5204181,161350143.3328,0.00598092579852,0,0,0,5.069538431573,4.805504438572e-82,0,-0.9591210532194,-0.4997963549685,-13.70930420051,-2.902058358936,1.339799846712,-12.5721469653,16107.12215424,-3065.083432943,0,0,259727.200,2296,512,0,545097.582742
545300,27851569.60606,9485619.189605,3170832.952018,0,0,0,1.664769546061,-0.4986825347176,32496646.38175,30703615.0052206,161348532.5846,0.005980925797906,0,0,0,5.069538431573,4.804401022512e-82,0,-0.9590989903724,-0.4997563388097,-13.70883342107,-2.902133720913,1.339794710778,-12.57183532094,16107.84250213,-3065.220510587,0,0,259727.300,2296,512,0,545197.5837644
545400,27851540.22462,9485606.002834,3171131.211458,0,0,0,1.664742541893,-0.4986424210613,32496339.85266,30703308.4763155,161346921.7643,0.005980925797292,0,0,0,5.069538431573,4.803297871767e-82,0,-0.9590769283946,-0.499716321276,-13.70836262545,-2.902209064226,1.339789575056,-12.57152364598,16108.56280107,-3065.357578918,0,0,259727.400,2296,512,0,545297.5847869
545500,27851510.84019,9485592.815536,3171429.470411,0,0,0,1.664715524836,-0.4986023061573,32496033.30987,30703001.9337039,161345310.872,0.005980925796677,0,0,0,5.069538431573,4.80219498631e-82,0,-0.9590548713793,-0.4996763023121,-13.70789181301,-2.902284436868,1.339784439547,-12.57121193978,16109.28311959,-3065.494650975,0,0,259727.500,2296,512,0,545397.5858094
545600,27851481.45276,9485579.627713,3171727.728876,0,0,0,1.664688494888,-0.4985621900058,32495726.75337,30702695.3773868,161343699.9077,0.005980925796063,0,0,0,5.069538431573,4.801092366114e-82,0,-0.9590328154619,-0.4996362822955,-13.70742098819,-2.902359824397,1.339779304251,-12.57090020678,16110.00334022,-3065.631704405,0,0,259727.600,2296,512,0,545497.586832
545700,27851452.06233,9485566.439363,3172025.986853,0,0,0,1.664661452048,-0.4985220726068,32495420.18316,30702388.8073651,161342088.8713,0.005980925795448,0,0,0,5.069538431573,4.799990011152e-82,0,-0.9590107619569,-0.4995962608184,-13.70695014618,-2.902435179628,1.339774169167,-12.57058844216,16110.72348255,-3065.768742934,0,0,259727.700,2296,512,0,545597.5878546
545800,27851422.66891,9485553.250487,3172324.244343,0,0,0,1.664634396313,-0.4984819539604,32495113.59925,30702082.22364,161340477.763,0.005980925794834,0,0,0,5.069538431573,4.798887921398e-82,0,-0.9589887112262,-0.4995562383592,-13.70647929262,-2.902510541901,1.339769034297,-12.57027665156,16111.44353679,-3065.905764699,0,0,259727.800,2296,512,0,545697.5888772
545900,27851393.27249,9485540.061085,3172622.501344,0,0,0,1.66460732768,-0.4984418340668,32494807.00164,30701775.6262124,161338866.5826,0.00598092579422,0,0,0,5.069538431573,4.797786096822e-82,0,-0.9589666613089,-0.4995162144315,-13.70600842178,-2.902585877595,1.339763899639,-12.56996482925,16112.16359102,-3066.042786464,0,0,259727.900,2296,512,0,545797.5898999
546000,27851363.87308,9485526.871157,3172920.757858,0,0,0,1.664580246148,-0.498401712926,32494500.39033,30701469.0150834,161337255.3303,0.005980925793605,0,0,0,5.069538431573,4.796684537398e-82,0,-0.9589446165603,-0.4994761894981,-13.70553753911,-2.902661243162,1.339758765195,-12.56965298068,16112.88358653,-3066.179797053,0,0,259728.000,2296,528,0,545897.5909227
546100,27851334.47067,9485513.680703,3173219.013883,0,0,0,1.664553151715,-0.4983615905381,32494193.76531,30701162.390254,161335644.0059,0.005980925792991,0,0,0,5.069538431573,4.795583243097e-82,0,-0.958922572844,-0.4994361629304,-13.70506663721,-2.902736621391,1.339753630963,-12.56934109845,16113.60346458,-3066.316785291,0,0,259728.100,2296,528,0,545997.5919455
546200,27851305.06527,9485500.489724,3173517.269421,0,0,0,1.664526044378,-0.4983214669033,32493887.1266,30700855.7517252,161334032.6096,0.005980925792376,0,0,0,5.069538431573,4.794482213895e-82,0,-0.9589005316427,-0.4993961352995,-13.7045957228,-2.902811965584,1.339748496945,-12.56902918927,16114.32339157,-3066.453782842,0,0,259728.200,2296,528,0,546097.5929683
546300,27851275.65687,9485487.298218,3173815.524471,0,0,0,1.664498924135,-0.4982813420216,32493580.47419,30700549.0994981,161332421.1413,0.005980925791762,0,0,0,5.069538431573,4.793381449763e-82,0,-0.9588784928261,-0.4993561064766,-13.70412479437,-2.902887315863,1.33974336314,-12.56871725162,16115.04322067,-3066.590761766,0,0,259728.300,2296,528,0,546197.5939912
546400,27851246.24548,9485474.106187,3174113.779032,0,0,0,1.664471790983,-0.498241215893,32493273.80808,30700242.4335735,161330809.6009,0.005980925791148,0,0,0,5.069538431573,4.792280950672e-82,0,-0.9588564562262,-0.4993160763153,-13.7036538502,-2.902962643968,1.339738229548,-12.56840528378,16115.76298126,-3066.727727652,0,0,259728.400,2296,528,0,546297.5950141
546500,27851216.83109,9485460.91363,3174412.033105,0,0,0,1.664444644922,-0.4982010885178,32492967.12827,30699935.7539527,161329197.9887,0.005980925790533,0,0,0,5.069538431573,4.791180716597e-82,0,-0.9588344209895,-0.4992760449526,-13.70318289189,-2.903038001858,1.339733096169,-12.56809328737,16116.48270269,-3066.864686087,0,0,259728.500,2296,528,0,546397.5960371
546600,27851187.4137,9485447.720547,3174710.28669,0,0,0,1.664417485947,-0.4981609598961,32492660.43477,30699629.0606366,161327586.3044,0.005980925789919,0,0,0,5.069538431573,4.79008074751e-82,0,-0.958812390927,-0.4992360123337,-13.7027119188,-2.903113376634,1.339727963004,-12.56778126173,16117.20230667,-3067.00162217,0,0,259728.600,2296,528,0,546497.5970601
546700,27851157.99332,9485434.526939,3175008.539787,0,0,0,1.664390314058,-0.4981208300278,32492353.72758,30699322.3536262,161325974.5482,0.005980925789304,0,0,0,5.069538431573,4.788981043381e-82,0,-0.958790361923,-0.4991959784687,-13.70224093105,-2.903188717375,1.339722830052,-12.56746920697,16117.92199874,-3067.138575017,0,0,259728.700,2296,528,0,546597.5980832
546800,27851128.56994,9485421.332805,3175306.792396,0,0,0,1.664363129252,-0.4980806989131,32492047.00669,30699015.6329226,161324362.72,0.00598092578869,0,0,0,5.069538431573,4.787881604186e-82,0,-0.9587683351359,-0.4991559433178,-13.70176992817,-2.903264036234,1.339717697313,-12.56715712264,16118.6415342,-3067.275498062,0,0,259728.800,2296,528,0,546697.5991063
546900,27851099.14357,9485408.138145,3175605.044516,0,0,0,1.664335931527,-0.4980405665521,32491740.27211,30698708.8985267,161322750.8199,0.005980925788076,0,0,0,5.069538431573,4.786782429897e-82,0,-0.9587463107373,-0.4991159069778,-13.70129891131,-2.903339379851,1.339712564788,-12.56684500986,16119.36105008,-3067.412417382,0,0,259728.900,2296,528,0,546797.6001294
547000,27851069.71421,9485394.94296,3175903.296147,0,0,0,1.66430872088,-0.498000432945,32491433.52384,30698402.1504396,161321138.8478,0.005980925787461,0,0,0,5.069538431573,4.785683520484e-82,0,-0.9587242876493,-0.4990758692987,-13.70082787869,-2.903414724677,1.339707432477,-12.56653286686,16120.08050723,-3067.549325526,0,0,259729.000,2296,528,0,546897.6011526
547100,27851040.28184,9485381.74725,3176201.547291,0,0,0,1.66428149731,-0.4979602980917,32491126.76188,30698095.3886624,161319526.8038,0.005980925786847,0,0,0,5.069538431573,4.784584875921e-82,0,-0.9587022695056,-0.4990358302488,-13.70035682994,-2.903490088088,1.339702300379,-12.56622069328,16120.79990565,-3067.686222494,0,0,259729.100,2296,528,0,546997.6021759
547200,27851010.84648,9485368.551013,3176499.797946,0,0,0,1.664254260814,-0.4979201619924,32490819.98623,30697788.613196,161317914.6878,0.005980925786232,0,0,0,5.069538431573,4.783486496181e-82,0,-0.9586802524402,-0.4989957901743,-13.69988576914,-2.903565421356,1.339697168495,-12.56590849318,16121.51926492,-3067.823112011,0,0,259729.200,2296,528,0,547097.6031992
547300,27850981.40813,9485355.354252,3176798.048112,0,0,0,1.66422701139,-0.4978800246472,32490513.19689,30697481.8240414,161316302.4999,0.005980925785618,0,0,0,5.069538431573,4.782388381236e-82,0,-0.9586582380371,-0.4989557487733,-13.69941469273,-2.90364073177,1.339692036825,-12.56559626301,16122.23854588,-3067.959986627,0,0,259729.300,2296,528,0,547197.6042225
547400,27850951.96678,9485342.156965,3177096.29779,0,0,0,1.664199749035,-0.4978398860562,32490206.39386,30697175.0211998,161314690.2401,0.005980925785004,0,0,0,5.069538431573,4.781290531057e-82,0,-0.9586362260082,-0.4989157060815,-13.69894360114,-2.903716080499,1.339686905368,-12.56528400318,16122.95773875,-3068.096844479,0,0,259729.400,2296,528,0,547297.6052459
547500,27850922.52244,9485328.959153,3177394.546979,0,0,0,1.664172473748,-0.4977997462195,32489899.57715,30696868.2046721,161313077.9084,0.005980925784389,0,0,0,5.069538431573,4.780192945618e-82,0,-0.9586142161479,-0.4988756621395,-13.69847249484,-2.903791413388,1.339681774125,-12.56497171417,16123.67700014,-3068.23371537,0,0,259729.500,2296,528,0,547397.6062693
547600,27850893.0751,9485315.760816,3177692.795679,0,0,0,1.664145185527,-0.4977596051371,32489592.74675,30696561.3744593,161311465.5047,0.005980925783775,0,0,0,5.069538431573,4.779095624893e-82,0,-0.9585922076054,-0.4988356169342,-13.69800137367,-2.903866769483,1.339676643097,-12.56465939583,16124.39613427,-3068.370562047,0,0,259729.600,2296,528,0,547497.6072928
547700,27850863.62476,9485302.561953,3177991.043891,0,0,0,1.664117884369,-0.4977194628093,32489285.90267,30696254.5305624,161309853.0292,0.005980925783161,0,0,0,5.069538431573,4.777998568849e-82,0,-0.9585702042479,-0.4987955704789,-13.6975302378,-2.90394209437,1.339671512282,-12.56434704831,16125.11515095,-3068.507386371,0,0,259729.700,2296,528,0,547597.6083163
547800,27850834.17143,9485289.362566,3178289.291614,0,0,0,1.664090570271,-0.497679319236,32488979.04491,30695947.6729826,161308240.4817,0.005980925782546,0,0,0,5.069538431573,4.776901777464e-82,0,-0.9585482018903,-0.4987555226946,-13.6970590863,-2.904017397285,1.339666381681,-12.56403467067,16125.83408933,-3068.644195795,0,0,259729.800,2296,528,0,547697.6093399
547900,27850804.7151,9485276.162653,3178587.538848,0,0,0,1.664063243233,-0.4976391744174,32488672.17346,30695640.8017208,161306627.8623,0.005980925781932,0,0,0,5.069538431573,4.775805250707e-82,0,-0.9585262020618,-0.498715473838,-13.69658792218,-2.904092719621,1.339661251294,-12.56372226594,16126.55309622,-3068.781018257,0,0,259729.900,2296,528,0,547797.6103635
548000,27850775.25578,9485262.962215,3178885.785594,0,0,0,1.66403590325,-0.4975990283536,32488365.28834,30695333.916778,161305015.1711,0.005980925781317,0,0,0,5.069538431573,4.774708988553e-82,0,-0.9585042044666,-0.4986754235635,-13.69611674137,-2.904168053791,1.339656121122,-12.56340983004,16127.27204438,-3068.917829543,0,0,259730.000,2296,528,0,547897.6113872
548100,27850745.79346,9485249.761252,3179184.03185,0,0,0,1.664008550323,-0.4975588810446,32488058.38953,30695027.0181553,161303402.4079,0.005980925780703,0,0,0,5.069538431573,4.77361299097e-82,0,-0.9584822091302,-0.4986353720771,-13.69564554632,-2.904243401942,1.339650991163,-12.5630973654,16127.99091423,-3069.054625928,0,0,259730.100,2296,528,0,547997.6124109
548200,27850716.32815,9485236.559764,3179482.277618,0,0,0,1.663981184447,-0.4975187324906,32487751.47704,30694720.1058536,161301789.5729,0.005980925780089,0,0,0,5.069538431573,4.772517257936e-82,0,-0.958460215112,-0.4985953193656,-13.69517433684,-2.904318718551,1.339645861419,-12.56278487185,16128.70974494,-3069.191414863,0,0,259730.200,2296,528,0,548097.6134346
548300,27850686.85984,9485223.357752,3179780.522896,0,0,0,1.663953805621,-0.4974785826916,32487444.55088,30694413.1798741,161300176.666,0.005980925779474,0,0,0,5.069538431573,4.771421789417e-82,0,-0.958438226479,-0.4985552654144,-13.69470311279,-2.904394019218,1.339640731889,-12.56247234923,16129.42838966,-3069.328168407,0,0,259730.300,2296,528,0,548197.6144584
548400,27850657.38853,9485210.155214,3180078.767686,0,0,0,1.663926413843,-0.4974384316478,32487137.61104,30694106.2402177,161298563.6872,0.00598092577886,0,0,0,5.069538431573,4.770326585388e-82,0,-0.958416238562,-0.4985152102094,-13.69423187398,-2.904469339455,1.339635602574,-12.56215979737,16130.14713227,-3069.464940578,0,0,259730.400,2296,528,0,548297.6154822
548500,27850627.91423,9485196.952151,3180377.011986,0,0,0,1.66389900911,-0.4973982793593,32486830.65752,30693799.2868854,161296950.6366,0.005980925778245,0,0,0,5.069538431573,4.769231645824e-82,0,-0.958394253148,-0.4984751538356,-13.69376062142,-2.904544688518,1.339630473473,-12.56184721726,16130.86579657,-3069.601697847,0,0,259730.500,2296,528,0,548397.6165061
548600,27850598.43694,9485183.748564,3180675.255797,0,0,0,1.66387159142,-0.4973581258261,32486523.69033,30693492.3198784,161295337.5141,0.005980925777631,0,0,0,5.069538431573,4.768136970693e-82,0,-0.9583722699549,-0.4984350960319,-13.69328935204,-2.90462000536,1.339625344586,-12.56153460583,16131.58442172,-3069.738447666,0,0,259730.600,2296,528,0,548497.6175301
548700,27850568.95664,9485170.544452,3180973.499119,0,0,0,1.663844160771,-0.4973179710484,32486216.70947,30693185.3391976,161293724.3197,0.005980925777017,0,0,0,5.069538431573,4.767042559969e-82,0,-0.9583502880184,-0.4983950370356,-13.69281806863,-2.904695309636,1.339620215914,-12.56122196587,16132.30295878,-3069.875180721,0,0,259730.700,2296,528,0,548597.618554
548800,27850539.47336,9485157.339815,3181271.741952,0,0,0,1.663816717161,-0.4972778150262,32485909.71493,30692878.344844,161292111.0535,0.005980925776402,0,0,0,5.069538431573,4.765948413624e-82,0,-0.958328311518,-0.4983549770021,-13.69234677301,-2.904770596774,1.339615087457,-12.5609092992,16133.02137837,-3070.011891425,0,0,259730.800,2296,528,0,548697.6195781
548900,27850509.98707,9485144.134654,3181569.984296,0,0,0,1.663789260588,-0.4972376577597,32485602.70672,30692571.3368186,161290497.7154,0.005980925775788,0,0,0,5.069538431573,4.764854531632e-82,0,-0.9583063355137,-0.4983149153457,-13.69187545831,-2.904845907986,1.339609959214,-12.56059659893,16133.7398567,-3070.148613304,0,0,259730.900,2296,528,0,548797.6206021
549000,27850480.4978,9485130.928968,3181868.22615,0,0,0,1.663761791049,-0.4971974992488,32485295.68484,30692264.3151225,161288884.3055,0.005980925775173,0,0,0,5.069538431573,4.763760913959e-82,0,-0.9582843623006,-0.4982748525285,-13.69140412994,-2.904921250772,1.339604831186,-12.5602838705,16134.45820777,-3070.285310969,0,0,259731.000,2296,528,0,548897.6216262
549100,27850451.00552,9485117.722757,3182166.467515,0,0,0,1.663734308542,-0.4971573394939,32484988.64929,30691957.2797568,161287270.8238,0.005980925774559,0,0,0,5.069538431573,4.762667560585e-82,0,-0.9582623914889,-0.4982347886365,-13.69093278894,-2.904996564943,1.339599703373,-12.55997111491,16135.17656864,-3070.422010496,0,0,259731.100,2296,528,0,548997.6226504
549200,27850421.51025,9485104.516022,3182464.708391,0,0,0,1.663706813065,-0.4971171784948,32484681.60007,30691650.2307223,161285657.2702,0.005980925773945,0,0,0,5.069538431573,4.761574471475e-82,0,-0.9582404231238,-0.4981947232835,-13.69046143074,-2.90507186739,1.339594575774,-12.55965832762,16135.8948512,-3070.558695123,0,0,259731.200,2296,528,0,549097.6236746
549300,27850392.01199,9485091.308762,3182762.948777,0,0,0,1.663679304616,-0.4970770162518,32484374.53718,30691343.1680203,161284043.6448,0.00598092577333,0,0,0,5.069538431573,4.760481646607e-82,0,-0.9582184558072,-0.4981546569185,-13.68999006064,-2.905147145792,1.339589448391,-12.5593455139,16136.61305545,-3070.695364848,0,0,259731.300,2296,528,0,549197.6246989
549400,27850362.51073,9485078.100978,3183061.188674,0,0,0,1.663651783192,-0.4970368527649,32484067.46063,30691036.0916516,161282429.9476,0.005980925772716,0,0,0,5.069538431573,4.759389085948e-82,0,-0.9581964934663,-0.4981145890103,-13.68951867238,-2.905222450178,1.339584321222,-12.55903266752,16137.3311814,-3070.832019672,0,0,259731.400,2296,528,0,549297.6257232
549500,27850333.00647,9485064.89267,3183359.428081,0,0,0,1.663624248792,-0.4969966880343,32483760.37041,30690729.0016173,161280816.1786,0.005980925772101,0,0,0,5.069538431573,4.758296789474e-82,0,-0.9581745327449,-0.4980745201491,-13.68904727291,-2.905297779169,1.339579194268,-12.5587197954,16138.04924862,-3070.96866332,0,0,259731.500,2296,528,0,549397.6267475
549600,27850303.49922,9485051.683837,3183657.666998,0,0,0,1.663596701412,-0.4969565220599,32483453.26653,30690421.8979184,161279202.3378,0.005980925771487,0,0,0,5.069538431573,4.757204757157e-82,0,-0.9581525740877,-0.4980344500182,-13.6885758585,-2.905373080198,1.339574067529,-12.55840689382,16138.76733541,-3071.105310693,0,0,259731.600,2296,528,0,549497.6277719
549700,27850273.98897,9485038.474479,3183955.905426,0,0,0,1.663569141051,-0.496916354842,32483146.14898,30690114.780556,161277588.4251,0.005980925770873,0,0,0,5.069538431573,4.756112988963e-82,0,-0.9581306176956,-0.4979943784186,-13.68810442682,-2.905448374083,1.339568941006,-12.55809396043,16139.48531453,-3071.241937578,0,0,259731.700,2296,528,0,549597.6287963
549800,27850244.47573,9485025.264598,3184254.143364,0,0,0,1.663541567707,-0.4968761863806,32482839.01777,30689807.6495311,161275974.4407,0.005980925770258,0,0,0,5.069538431573,4.755021484873e-82,0,-0.9581086638006,-0.4979543056236,-13.68763298107,-2.905523644075,1.339563814697,-12.55778099845,16140.2032545,-3071.378557011,0,0,259731.800,2296,528,0,549697.6298208
549900,27850214.95949,9485012.054192,3184552.380813,0,0,0,1.663513981377,-0.4968360166758,32482531.8729,30689500.5048448,161274360.3845,0.005980925769644,0,0,0,5.069538431573,4.753930244851e-82,0,-0.9580867110567,-0.4979142316645,-13.68716152162,-2.905598955063,1.339558688604,-12.55746800825,16140.92106723,-3071.515152231,0,0,259731.900,2296,528,0,549797.6308453
550000,27850185.44025,9484998.843263,3184850.617771,0,0,0,1.663486382059,-0.4967958457277,32482224.71437,30689193.3464979,161272746.2565,0.005980925769029,0,0,0,5.069538431573,4.752839268874e-82,0,-0.9580647635702,-0.4978741564191,-13.68669004704,-2.905674274247,1.339553562726,-12.55715498838,16141.63892889,-3071.651756763,0,0,259732.000,2296,528,0,549897.6318699
550100,27850155.91802,9484985.631809,3185148.85424,0,0,0,1.663458769751,-0.4967556735364,32481917.54218,30688886.1744916,161271132.0567,0.005980925768415,0,0,0,5.069538431573,4.751748556909e-82,0,-0.9580428167827,-0.4978340798635,-13.68621855705,-2.905749566964,1.339548437064,-12.55684193856,16142.35676119,-3071.788355708,0,0,259732.100,2296,528,0,549997.6328945
550200,27850126.3928,9484972.419831,3185447.090219,0,0,0,1.663431144451,-0.4967155001021,32481610.35633,30688578.9888269,161269517.7851,0.005980925767801,0,0,0,5.069538431573,4.750658108936e-82,0,-0.9580208727725,-0.4977940021717,-13.68574705369,-2.905824853663,1.339543311617,-12.55652886083,16143.07448582,-3071.924934164,0,0,259732.200,2296,528,0,550097.6339192
550300,27850096.86458,9484959.207328,3185745.325709,0,0,0,1.663403506156,-0.4966753254247,32481303.15683,30688271.7895049,161267903.4418,0.005980925767186,0,0,0,5.069538431573,4.749567924918e-82,0,-0.9579989310161,-0.4977539232144,-13.68527553545,-2.905900116858,1.339538186385,-12.55621575368,16143.79212235,-3072.061495855,0,0,259732.300,2296,528,0,550197.6349439
550400,27850067.33336,9484945.994302,3186043.560708,0,0,0,1.663375854864,-0.4966351495044,32480995.94366,30687964.5765265,161266289.0267,0.005980925766572,0,0,0,5.069538431573,4.748478004831e-82,0,-0.9579769900943,-0.4977138427457,-13.68480399942,-2.905975399212,1.339533061368,-12.5559026142,16144.50979804,-3072.198064998,0,0,259732.400,2296,528,0,550297.6359686
550500,27850037.79915,9484932.780752,3186341.795217,0,0,0,1.663348190573,-0.4965949723413,32480688.71685,30687657.3498927,161264674.5398,0.005980925765957,0,0,0,5.069538431573,4.747388348647e-82,0,-0.9579550545829,-0.4976737613314,-13.68433245226,-2.906050718519,1.339527936568,-12.55558944905,16145.2273269,-3072.3346062,0,0,259732.500,2296,528,0,550397.6369934
550600,27850008.26194,9484919.566678,3186640.029236,0,0,0,1.663320513281,-0.4965547939355,32480381.47637,30687350.1096046,161263059.9812,0.005980925765343,0,0,0,5.069538431573,4.746298956338e-82,0,-0.9579331204144,-0.4976336786602,-13.68386089032,-2.906126003565,1.339522811983,-12.55527625456,16145.94488513,-3072.471152991,0,0,259732.600,2296,528,0,550497.6380183
550700,27849978.72173,9484906.352081,3186938.262765,0,0,0,1.663292822986,-0.4965146142871,32480074.22225,30687042.8556632,161261445.3509,0.005980925764729,0,0,0,5.069538431573,4.745209827875e-82,0,-0.9579111881689,-0.4975935944839,-13.68338931068,-2.90620128257,1.339517687613,-12.55496302781,16146.66238463,-3072.607688606,0,0,259732.700,2296,528,0,550597.6390432
550800,27849949.17853,9484893.136959,3187236.495804,0,0,0,1.663265119684,-0.4964744333961,32479766.95447,30686735.5880696,161259830.6487,0.005980925764114,0,0,0,5.069538431573,4.744120963228e-82,0,-0.9578892585785,-0.4975535093814,-13.68291772013,-2.906276543558,1.339512563459,-12.55464977562,16147.37976667,-3072.744201869,0,0,259732.800,2296,528,0,550697.6400681
550900,27849919.63234,9484879.921314,3187534.728353,0,0,0,1.663237403375,-0.4964342512628,32479459.67304,30686428.3068248,161258215.8749,0.0059809257635,0,0,0,5.069538431573,4.743032362371e-82,0,-0.9578673314965,-0.4975134227944,-13.68244611212,-2.906351847823,1.339507439521,-12.5543364914,16148.09709976,-3072.880705819,0,0,259732.900,2296,528,0,550797.6410931
551000,27849890.08315,9484866.705145,3187832.960411,0,0,0,1.663209674056,-0.4963940678871,32479152.37796,30686121.0119297,161256601.0293,0.005980925762886,0,0,0,5.069538431573,4.741944025276e-82,0,-0.9578454055428,-0.4974733349877,-13.68197448977,-2.906427136618,1.339502315799,-12.55402317828,16148.81442307,-3073.017207906,0,0,259733.000,2296,528,0,550897.6421181
551100,27849860.53096,9484853.488452,3188131.19198,0,0,0,1.663181931724,-0.4963538832691,32478845.06923,30685813.7033855,161254986.112,0.005980925762271,0,0,0,5.069538431573,4.740855951915e-82,0,-0.9578234845201,-0.4974332459911,-13.68150285341,-2.9065024137,1.339497192293,-12.5537098366,16149.53163871,-3073.153689504,0,0,259733.100,2296,528,0,550997.6431432
551200,27849830.97578,9484840.271236,3188429.423058,0,0,0,1.663154176377,-0.4963136974091,32478537.74686,30685506.3811932,161253371.123,0.005980925761657,0,0,0,5.069538431573,4.739768142256e-82,0,-0.9578015648518,-0.4973931556769,-13.68103120155,-2.906577678488,1.339492069003,-12.55339646485,16150.24877604,-3073.290156201,0,0,259733.200,2296,528,0,551097.6441683
551300,27849801.4176,9484827.053496,3188727.653645,0,0,0,1.663126408014,-0.496273510307,32478230.41083,30685199.0453537,161251756.0623,0.005980925761042,0,0,0,5.069538431573,4.738680596276e-82,0,-0.9577796473008,-0.4973530641265,-13.68055953515,-2.906652926178,1.339486945929,-12.55308306399,16150.96591338,-3073.426622897,0,0,259733.300,2296,528,0,551197.6451934
551400,27849771.85642,9484813.835232,3189025.883742,0,0,0,1.663098626631,-0.496233321963,32477923.06116,30684891.6958681,161250140.9298,0.005980925760428,0,0,0,5.069538431573,4.737593313944e-82,0,-0.9577577324259,-0.497312971536,-13.68008785651,-2.906728221682,1.33948182307,-12.55276963633,16151.68303113,-3073.563085869,0,0,259733.400,2296,528,0,551297.6462187
551500,27849742.29225,9484800.616445,3189324.113349,0,0,0,1.663070832227,-0.4961931323771,32477615.69785,30684584.3327375,161248525.7257,0.005980925759814,0,0,0,5.069538431573,4.736506295231e-82,0,-0.9577358181356,-0.4972728772552,-13.67961615799,-2.906803502055,1.339476700428,-12.55245617421,16152.40004122,-3073.699528351,0,0,259733.500,2296,528,0,551397.6472439
551600,27849712.72509,9484787.397135,3189622.342465,0,0,0,1.663043024799,-0.4961529415495,32477308.32089,30684276.9559628,161246910.4498,0.005980925759199,0,0,0,5.069538431573,4.735419540109e-82,0,-0.9577139095436,-0.4972327820874,-13.67914444903,-2.906878779117,1.339471578002,-12.55214268708,16153.11695342,-3073.835952207,0,0,259733.600,2296,528,0,551497.6482692
551700,27849683.15493,9484774.177301,3189920.571091,0,0,0,1.663015204346,-0.4961127494803,32477000.93029,30683969.5655451,161245295.1023,0.005980925758585,0,0,0,5.069538431573,4.734333048551e-82,0,-0.957692001713,-0.4971926855743,-13.67867272424,-2.906954042707,1.339466455793,-12.55182916955,16153.8338852,-3073.972379789,0,0,259733.700,2296,528,0,551597.6492945
551800,27849653.58177,9484760.956944,3190218.799226,0,0,0,1.662987370864,-0.4960725561695,32476693.52604,30683662.1614854,161243679.683,0.00598092575797,0,0,0,5.069538431573,4.733246820527e-82,0,-0.9576700965228,-0.4971525878108,-13.67820098474,-2.907029282234,1.339461333799,-12.55151562273,16154.55078761,-3074.108801782,0,0,259733.800,2296,528,0,551697.6503199
551900,27849624.00562,9484747.736063,3190517.02687,0,0,0,1.662959524352,-0.4960323616172,32476386.10816,30683354.7437848,161242064.1921,0.005980925757356,0,0,0,5.069538431573,4.732160856008e-82,0,-0.9576481933494,-0.4971124886644,-13.67772922898,-2.907104569673,1.339456212022,-12.55120204506,16155.26759214,-3074.245205149,0,0,259733.900,2296,528,0,551797.6513454
552000,27849594.42647,9484734.514659,3190815.254024,0,0,0,1.662931664808,-0.4959921658236,32476078.67663,30683047.3124443,161240448.6295,0.005980925756742,0,0,0,5.069538431573,4.731075154967e-82,0,-0.9576262927992,-0.4970723884335,-13.67725746045,-2.907179835054,1.339451090461,-12.55088844004,16155.98439667,-3074.381608516,0,0,259734.000,2296,528,0,551897.6523709
552100,27849564.84432,9484721.292732,3191113.480687,0,0,0,1.662903792228,-0.4959519687887,32475771.23147,30682739.8674648,161238832.9952,0.005980925756127,0,0,0,5.069538431573,4.729989717376e-82,0,-0.9576043936387,-0.4970322868876,-13.67678567645,-2.907255096965,1.339445969117,-12.55057480497,16156.70108375,-3074.517989531,0,0,259734.100,2296,528,0,551997.6533964
552200,27849535.25918,9484708.070282,3191411.70686,0,0,0,1.662875906612,-0.4959117705126,32475463.77267,30682432.4088475,161237217.2893,0.005980925755513,0,0,0,5.069538431573,4.728904543205e-82,0,-0.9575824993747,-0.4969921842886,-13.67631388007,-2.907330353739,1.33944084799,-12.55026114293,16157.41774145,-3074.654364958,0,0,259734.200,2296,528,0,552097.654422
552300,27849505.67105,9484694.847309,3191709.932541,0,0,0,1.662848007956,-0.4958715709955,32475156.30023,30682124.9365933,161235601.5117,0.005980925754898,0,0,0,5.069538431573,4.727819632426e-82,0,-0.9575606058286,-0.4969520799897,-13.67584206368,-2.907405585418,1.339435727078,-12.54994744629,16158.13434043,-3074.79072921,0,0,259734.300,2296,528,0,552197.6554476
552400,27849476.07992,9484681.623812,3192008.157732,0,0,0,1.662820096259,-0.4958313702374,32474848.81416,30681817.4507033,161233985.6624,0.005980925754284,0,0,0,5.069538431573,4.726734985012e-82,0,-0.9575387151843,-0.4969119747631,-13.67537023639,-2.90748086572,1.339430606384,-12.54963372414,16158.85084152,-3074.927074835,0,0,259734.400,2296,528,0,552297.6564732
552500,27849446.48579,9484668.399793,3192306.382431,0,0,0,1.662792171518,-0.4957911682385,32474541.31445,30681509.9511785,161232369.7415,0.00598092575367,0,0,0,5.069538431573,4.725650600931e-82,0,-0.9575168266366,-0.4968718680965,-13.67489839215,-2.907556138799,1.339425485906,-12.54931997046,16159.5673622,-3075.063424185,0,0,259734.500,2296,528,0,552397.6574989
552600,27849416.88867,9484655.17525,3192604.60664,0,0,0,1.662764233731,-0.4957509649987,32474233.80111,30681202.4380199,161230753.749,0.005980925753055,0,0,0,5.069538431573,4.72456648016e-82,0,-0.9574949410413,-0.4968317605689,-13.67442653778,-2.907631393109,1.339420365645,-12.54900619205,16160.28386329,-3075.19976981,0,0,259734.600,2296,528,0,552497.6585247
552700,27849387.28855,9484641.950185,3192902.830357,0,0,0,1.662736282895,-0.4957107605183,32473926.27413,30680894.9112286,161229137.6848,0.005980925752441,0,0,0,5.069538431573,4.723482622664e-82,0,-0.9574730561857,-0.4967916515628,-13.67395466601,-2.907706640165,1.339415245601,-12.54869238165,16161.00019799,-3075.33608377,0,0,259734.700,2296,528,0,552597.6595505
552800,27849357.68543,9484628.724597,3193201.053584,0,0,0,1.662708319009,-0.4956705547973,32473618.73352,30680587.3708056,161227521.549,0.005980925751826,0,0,0,5.069538431573,4.722399028419e-82,0,-0.9574511764142,-0.4967515411553,-13.67348277776,-2.90778186401,1.339410125773,-12.54837854015,16161.7164348,-3075.472379103,0,0,259734.800,2296,528,0,552697.6605763
552900,27849328.07932,9484615.498486,3193499.27632,0,0,0,1.66268034207,-0.4956303478358,32473311.17928,30680279.8167519,161225905.3415,0.005980925751212,0,0,0,5.069538431573,4.721315697393e-82,0,-0.9574292978948,-0.4967114296362,-13.67301087643,-2.907857129526,1.339405006163,-12.54806467097,16162.43272055,-3075.60868375,0,0,259734.900,2296,528,0,552797.6616022
553000,27849298.47022,9484602.271851,3193797.498564,0,0,0,1.662652352077,-0.4955901396339,32473003.61142,30679972.2490685,161224289.0624,0.005980925750598,0,0,0,5.069538431573,4.720232629561e-82,0,-0.9574074217963,-0.4966713169486,-13.67253896136,-2.907932386724,1.339399886769,-12.54775077344,16163.14890842,-3075.74496977,0,0,259735.000,2296,528,0,552897.6626282
553100,27849268.85812,9484589.044695,3194095.720317,0,0,0,1.662624349026,-0.4955499301917,32472696.02992,30679664.6677566,161222672.7117,0.005980925749983,0,0,0,5.069538431573,4.719149824893e-82,0,-0.9573855480813,-0.4966312030543,-13.67206703209,-2.908007633755,1.339394767593,-12.54743684709,16163.86514523,-3075.881265104,0,0,259735.100,2296,528,0,552997.6636541
553200,27849239.24302,9484575.817015,3194393.941579,0,0,0,1.662596332915,-0.4955097195093,32472388.4348,30679357.072817,161221056.2894,0.005980925749369,0,0,0,5.069538431573,4.718067283357e-82,0,-0.9573636751004,-0.4965910875368,-13.67159508372,-2.908082874055,1.339389648633,-12.54712288704,16164.58124501,-3076.01753436,0,0,259735.200,2296,528,0,553097.6646802
553300,27849209.62492,9484562.588813,3194692.16235,0,0,0,1.662568303743,-0.4954695075868,32472080.82605,30679049.4642509,161219439.7955,0.005980925748754,0,0,0,5.069538431573,4.71698500493e-82,0,-0.9573418077161,-0.4965509711257,-13.67112312484,-2.908158120929,1.339384529891,-12.54680890186,16165.29722733,-3076.153781265,0,0,259735.300,2296,528,0,553197.6657062
553400,27849180.00384,9484549.360088,3194990.382629,0,0,0,1.662540261506,-0.4954292944243,32471773.20367,30678741.8420592,161217823.2299,0.00598092574814,0,0,0,5.069538431573,4.715902989579e-82,0,-0.957319941031,-0.4965108532651,-13.6706511489,-2.908233362725,1.339379411366,-12.54649488501,16166.01319985,-3076.290026307,0,0,259735.400,2296,528,0,553297.6667324
553500,27849150.37975,9484536.130841,3195288.602417,0,0,0,1.662512206203,-0.4953890800219,32471465.56767,30678434.206243,161216206.5928,0.005980925747526,0,0,0,5.069538431573,4.714821237279e-82,0,-0.9572980769418,-0.4964707342659,-13.67017915957,-2.908308612519,1.339374293058,-12.54618084014,16166.72921154,-3076.4262788,0,0,259735.500,2296,528,0,553397.6677585
553600,27849120.75267,9484522.901071,3195586.821714,0,0,0,1.662484137832,-0.4953488643797,32471157.91805,30678126.5568034,161214589.8841,0.005980925746911,0,0,0,5.069538431573,4.713739747997e-82,0,-0.9572762151972,-0.4964306140402,-13.66970715581,-2.908383851401,1.339369174967,-12.54586676622,16167.44508618,-3076.562505215,0,0,259735.600,2296,528,0,553497.6687847
553700,27849091.12259,9484509.670778,3195885.040519,0,0,0,1.66245605639,-0.4953086474977,32470850.2548,30677818.8937412,161212973.1038,0.005980925746297,0,0,0,5.069538431573,4.712658521706e-82,0,-0.9572543558578,-0.4963904924098,-13.66923513553,-2.908459075872,1.339364057094,-12.54555266114,16168.16099998,-3076.698739082,0,0,259735.700,2296,528,0,553597.669811
553800,27849061.48952,9484496.439963,3196183.258832,0,0,0,1.662427961875,-0.4952684293762,32470542.57793,30677511.2170577,161211356.2519,0.005980925745683,0,0,0,5.069538431573,4.711577558378e-82,0,-0.9572324977335,-0.4963503697679,-13.66876310335,-2.908534306993,1.339358939438,-12.54523852954,16168.87673759,-3076.83493942,0,0,259735.800,2296,528,0,553697.6708373
553900,27849031.85345,9484483.208626,3196481.476654,0,0,0,1.662399854285,-0.4952282100151,32470234.88744,30677203.5267537,161209739.3284,0.005980925745068,0,0,0,5.069538431573,4.710496857985e-82,0,-0.9572106446189,-0.4963102456814,-13.66829105416,-2.908609540704,1.339353822,-12.54492436632,16169.59249478,-3076.971143484,0,0,259735.900,2296,528,0,553797.6718636
554000,27849002.21439,9484469.976766,3196779.693985,0,0,0,1.662371733617,-0.4951879894146,32469927.18334,30676895.8228304,161208122.3334,0.005980925744454,0,0,0,5.069538431573,4.709416420495e-82,0,-0.9571887926162,-0.4962701204533,-13.66781899155,-2.908684782969,1.339348704779,-12.54461017502,16170.30817366,-3077.107332647,0,0,259736.000,2296,528,0,553897.67289
554100,27848972.57233,9484456.744384,3197077.910823,0,0,0,1.662343599869,-0.4951477675747,32469619.46561,30676588.1052888,161206505.2668,0.005980925743839,0,0,0,5.069538431573,4.708336245883e-82,0,-0.9571669431386,-0.4962299940828,-13.6673469155,-2.908760023129,1.339343587776,-12.54429595566,16171.02378402,-3077.243508771,0,0,259736.100,2296,528,0,553997.6739164
554200,27848942.92727,9484443.51148,3197376.127171,0,0,0,1.66231545304,-0.4951075444956,32469311.73427,30676280.3741298,161204888.1287,0.005980925743225,0,0,0,5.069538431573,4.707256334115e-82,0,-0.9571450958843,-0.4961898662213,-13.66687482191,-2.90883524829,1.33933847099,-12.54398170411,16171.73937481,-3077.37968117,0,0,259736.200,2296,528,0,554097.6749429
554300,27848913.27922,9484430.278053,3197674.343026,0,0,0,1.662287293125,-0.4950673201774,32469003.98931,30675972.6293546,161203270.919,0.005980925742611,0,0,0,5.069538431573,4.706176685168e-82,0,-0.9571232512389,-0.4961497372482,-13.66640271524,-2.908910471055,1.339333354422,-12.54366742484,16172.45489708,-3077.51584053,0,0,259736.300,2296,528,0,554197.6759695
554400,27848883.62817,9484417.044104,3197972.558389,0,0,0,1.662259120125,-0.4950270946201,32468696.23073,30675664.8709641,161201653.6377,0.005980925741996,0,0,0,5.069538431573,4.705097299011e-82,0,-0.9571014078589,-0.496109607046,-13.66593059411,-2.908985697217,1.339328238072,-12.54335311647,16173.17035083,-3077.651986852,0,0,259736.400,2296,528,0,554297.676996
554500,27848853.97413,9484403.809633,3198270.773261,0,0,0,1.662230934035,-0.4949868678239,32468388.45855,30675357.0989594,161200036.2849,0.005980925741382,0,0,0,5.069538431573,4.704018175613e-82,0,-0.9570795693283,-0.4960694753944,-13.66545845593,-2.909060931262,1.33932312194,-12.54303877641,16173.88565775,-3077.788105235,0,0,259736.500,2296,528,0,554397.6780226
554600,27848824.31709,9484390.57464,3198568.987641,0,0,0,1.662202734855,-0.4949466397889,32468080.67274,30675049.3133415,161198418.8606,0.005980925740767,0,0,0,5.069538431573,4.702939314948e-82,0,-0.9570577318866,-0.4960293428347,-13.66498630706,-2.909136147125,1.339318006025,-12.54272441101,16174.60106256,-3077.924242243,0,0,259736.600,2296,528,0,554497.6790493
554700,27848794.65706,9484377.339125,3198867.201529,0,0,0,1.662174522581,-0.4949064105151,32467772.87333,30674741.5141114,161196801.3647,0.005980925740153,0,0,0,5.069538431573,4.701860716983e-82,0,-0.9570358969871,-0.4959892087024,-13.6645141397,-2.90921136426,1.339312890329,-12.54241001246,16175.31634991,-3078.0603569,0,0,259736.700,2296,528,0,554597.680076
554800,27848764.99402,9484364.103088,3199165.414925,0,0,0,1.662146297211,-0.4948661800026,32467465.0603,30674433.7012702,161195183.7973,0.005980925739539,0,0,0,5.069538431573,4.700782381694e-82,0,-0.9570140642103,-0.4959490734611,-13.66404195928,-2.909286579431,1.33930777485,-12.54209558621,16176.03158832,-3078.196462244,0,0,259736.800,2296,528,0,554697.6811028
554900,27848735.328,9484350.866529,3199463.627829,0,0,0,1.662118058744,-0.4948259482515,32467157.23367,30674125.8748189,161193566.1584,0.005980925738924,0,0,0,5.069538431573,4.699704309051e-82,0,-0.9569922327496,-0.4959089371435,-13.66356976621,-2.909361814237,1.33930265959,-12.54178113264,16176.74673863,-3078.332550824,0,0,259736.900,2296,528,0,554797.6821296
555000,27848705.65897,9484337.629448,3199761.840241,0,0,0,1.662089807176,-0.494785715262,32466849.39342,30673818.0347585,161191948.4479,0.00598092573831,0,0,0,5.069538431573,4.698626499023e-82,0,-0.9569704064336,-0.495868799369,-13.66309755599,-2.909437033112,1.339297544547,-12.54146664727,16177.46187916,-3078.468637541,0,0,259737.000,2296,528,0,554897.6831564
555100,27848675.98696,9484324.391845,3200060.05216,0,0,0,1.662061542506,-0.4947454810342,32466541.53957,30673510.1810901,161190330.666,0.005980925737695,0,0,0,5.069538431573,4.69754895158e-82,0,-0.9569485811791,-0.4958286603716,-13.66262533139,-2.909512248591,1.339292429723,-12.54115213286,16178.17696096,-3078.604713082,0,0,259737.100,2296,528,0,554997.6841833
555200,27848646.31194,9484311.153721,3200358.263588,0,0,0,1.662033264731,-0.494705245568,32466233.67211,30673202.3138147,161188712.8125,0.005980925737081,0,0,0,5.069538431573,4.696471666698e-82,0,-0.9569267583747,-0.4957885201185,-13.66215309201,-2.909587458611,1.339287315117,-12.54083758901,16178.89201339,-3078.740783036,0,0,259737.200,2296,528,0,555097.6852102
555300,27848616.63393,9484297.915074,3200656.474523,0,0,0,1.66200497385,-0.4946650088637,32465925.79105,30672894.4329333,161187094.8876,0.005980925736467,0,0,0,5.069538431573,4.695394644342e-82,0,-0.9569049376886,-0.4957483785959,-13.6616808377,-2.909662666072,1.339282200729,-12.54052301555,16179.60697773,-3078.876836225,0,0,259737.300,2296,528,0,555197.6862372
555400,27848586.95293,9484284.675906,3200954.684967,0,0,0,1.661976669859,-0.4946247709213,32465617.89638,30672586.5384469,161185476.8911,0.005980925735852,0,0,0,5.069538431573,4.694317884488e-82,0,-0.9568831195692,-0.4957082359905,-13.66120857065,-2.909737868732,1.33927708656,-12.54020841469,16180.32190291,-3079.012881964,0,0,259737.400,2296,528,0,555297.6872642
555500,27848557.26892,9484271.436216,3201252.894917,0,0,0,1.661948352757,-0.494584531741,32465309.9881,30672278.6303566,161183858.8232,0.005980925735238,0,0,0,5.069538431573,4.693241387102e-82,0,-0.9568613027564,-0.4956680918969,-13.66073628609,-2.909813087968,1.339271972609,-12.53989378166,16181.03677915,-3079.14891839,0,0,259737.500,2296,528,0,555397.6882913
555600,27848527.58192,9484258.196005,3201551.104376,0,0,0,1.661920022541,-0.4945442913227,32465002.06622,30671970.7086634,161182240.6838,0.005980925734624,0,0,0,5.069538431573,4.692165152158e-82,0,-0.9568394907056,-0.4956279467618,-13.66026398928,-2.909888295364,1.339266858876,-12.53957912169,16181.75160645,-3079.284945503,0,0,259737.600,2296,528,0,555497.6893184
555700,27848497.89193,9484244.955271,3201849.313342,0,0,0,1.661891679209,-0.4945040496666,32464694.13074,30671662.7733683,161180622.4729,0.005980925734009,0,0,0,5.069538431573,4.69108917963e-82,0,-0.9568176800983,-0.495587800358,-13.65979167754,-2.909963520959,1.339261745362,-12.53926443213,16182.46636524,-3079.420959577,0,0,259737.700,2296,528,0,555597.6903456
555800,27848468.19894,9484231.714017,3202147.521816,0,0,0,1.661863322759,-0.4944638067729,32464386.18166,30671354.8244725,161179004.1905,0.005980925733395,0,0,0,5.069538431573,4.69001346948e-82,0,-0.9567958714686,-0.4955476524104,-13.65931934764,-2.910038706345,1.339256632066,-12.53894970972,16183.18106529,-3079.556962475,0,0,259737.800,2296,528,0,555697.6913728
555900,27848438.50296,9484218.472241,3202445.729797,0,0,0,1.661834953188,-0.4944235626415,32464078.21898,30671046.8619768,161177385.8367,0.00598092573278,0,0,0,5.069538431573,4.688938021689e-82,0,-0.9567740656165,-0.495507503624,-13.65884700788,-2.910113908922,1.339251518989,-12.53863496276,16183.89573598,-3079.692959785,0,0,259737.900,2296,528,0,555797.6924
556000,27848408.80397,9484205.229943,3202743.937286,0,0,0,1.661806570494,-0.4943833172727,32463770.24271,30670738.8858823,161175767.4114,0.005980925732166,0,0,0,5.069538431573,4.687862836222e-82,0,-0.9567522609532,-0.4954673533878,-13.65837465105,-2.910189121377,1.339246406131,-12.53832018407,16184.61033815,-3079.828944057,0,0,259738.000,2296,528,0,555897.6934273
556100,27848379.102,9484191.987124,3203042.144282,0,0,0,1.661778174676,-0.4943430706664,32463462.25283,30670430.8961901,161174148.9146,0.005980925731552,0,0,0,5.069538431573,4.68678791305e-82,0,-0.9567304611275,-0.4954272020299,-13.65790228103,-2.910264321491,1.339241293491,-12.53800537749,16185.32485223,-3079.964911565,0,0,259738.100,2296,528,0,555997.6944547
556200,27848349.39702,9484178.743783,3203340.350786,0,0,0,1.66174976573,-0.4943028228229,32463154.24936,30670122.8929011,161172530.3464,0.005980925730937,0,0,0,5.069538431573,4.685713252144e-82,0,-0.956708662699,-0.4953870493933,-13.65742989597,-2.910339529605,1.33923618107,-12.53769054118,16186.03933694,-3080.100873485,0,0,259738.200,2296,528,0,556097.6954821
556300,27848319.68905,9484165.499922,3203638.556796,0,0,0,1.661721343654,-0.4942625737421,32462846.23229,30669814.8760165,161170911.7068,0.005980925730323,0,0,0,5.069538431573,4.684638853478e-82,0,-0.9566868665154,-0.4953468955252,-13.65695749641,-2.910414698765,1.339231068868,-12.53737567569,16186.75372377,-3080.236816779,0,0,259738.300,2296,528,0,556197.6965095
556400,27848289.97809,9484152.255538,3203936.762315,0,0,0,1.661692908447,-0.4942223234242,32462538.20162,30669506.8455373,161169292.9957,0.005980925729708,0,0,0,5.069538431573,4.683564717016e-82,0,-0.9566650726155,-0.4953067402,-13.65648507972,-2.910489893878,1.339225956885,-12.53706077837,16187.46805187,-3080.372748896,0,0,259738.400,2296,528,0,556297.697537
556500,27848260.26413,9484139.010634,3204234.96734,0,0,0,1.661664460105,-0.4941820718693,32462230.15737,30669198.8014644,161167674.2131,0.005980925729094,0,0,0,5.069538431573,4.682490842737e-82,0,-0.9566432809244,-0.4952665838182,-13.65601265059,-2.91056509805,1.339220845121,-12.53674585392,16188.18246806,-3080.508697778,0,0,259738.500,2296,528,0,556397.6985645
556600,27848230.54717,9484125.765209,3204533.171873,0,0,0,1.661635998627,-0.4941418190774,32461922.09952,30668890.7437989,161166055.3592,0.00598092572848,0,0,0,5.069538431573,4.681417230607e-82,0,-0.9566214908699,-0.4952264262942,-13.65554020803,-2.910640306043,1.339215733575,-12.53643090133,16188.89670807,-3080.644613132,0,0,259738.600,2296,528,0,556497.6995921
556700,27848200.82722,9484112.519262,3204831.375912,0,0,0,1.66160752401,-0.4941015650488,32461614.02808,30668582.6725419,161164436.4338,0.005980925727865,0,0,0,5.069538431573,4.680343880596e-82,0,-0.9565997055805,-0.495186267235,-13.6550677474,-2.910715508774,1.339210622249,-12.53611591599,16189.61086977,-3080.780513585,0,0,259738.700,2296,528,0,556597.7006197
556800,27848171.10427,9484099.272794,3205129.579459,0,0,0,1.661579036252,-0.4940613097834,32461305.94304,30668274.5876944,161162817.437,0.005980925727251,0,0,0,5.069538431573,4.679270792676e-82,0,-0.9565779215889,-0.4951461070717,-13.65459527379,-2.910790670339,1.339205511142,-12.53580090295,16190.3250902,-3080.916425213,0,0,259738.800,2296,528,0,556697.7016474
556900,27848141.37832,9484086.025805,3205427.782513,0,0,0,1.661550535351,-0.4940210532813,32460997.84442,30667966.4892573,161161198.3688,0.005980925726636,0,0,0,5.069538431573,4.678197966818e-82,0,-0.9565561397362,-0.4951059455451,-13.65412278414,-2.910865857539,1.339200400254,-12.53548585916,16191.0391638,-3081.052308902,0,0,259738.900,2296,528,0,556797.7026751
557000,27848111.64938,9484072.778295,3205725.985074,0,0,0,1.661522021305,-0.4939807955427,32460689.73221,30667658.3772318,161159579.2292,0.005980925726022,0,0,0,5.069538431573,4.677125402993e-82,0,-0.9565343604124,-0.4950657829679,-13.65365028212,-2.91094105466,1.339195289586,-12.53517078831,16191.75318847,-3081.188183278,0,0,259739.000,2296,528,0,556897.7037028
557100,27848081.91744,9484059.530264,3206024.187142,0,0,0,1.66149349411,-0.4939405365677,32460381.60642,30667350.2516189,161157960.0181,0.005980925725408,0,0,0,5.069538431573,4.676053101173e-82,0,-0.956512583548,-0.4950256189966,-13.65317776371,-2.911016230369,1.339190179136,-12.53485568635,16192.46723271,-3081.324061379,0,0,259739.100,2296,528,0,556997.7047306
557200,27848052.18251,9484046.281713,3206322.388717,0,0,0,1.661464953766,-0.4939002763563,32460073.46703,30667042.1124195,161156340.7357,0.005980925724793,0,0,0,5.069538431573,4.674981061324e-82,0,-0.9564908077513,-0.4949854539135,-13.65270523221,-2.911091431638,1.339185068906,-12.53454055659,16193.18118885,-3081.459922716,0,0,259739.200,2296,528,0,557097.7057585
557300,27848022.44458,9484033.03264,3206620.589799,0,0,0,1.661436400269,-0.4938600149087,32459765.31406,30666733.9596348,161154721.3819,0.005980925724179,0,0,0,5.069538431573,4.673909283419e-82,0,-0.9564690369705,-0.4949452873502,-13.6522326833,-2.911166584079,1.339179958895,-12.5342253947,16193.89512542,-3081.595780328,0,0,259739.300,2296,528,0,557197.7067863
557400,27847992.70366,9484019.783046,3206918.790388,0,0,0,1.661407833617,-0.4938197522249,32459457.14751,30666425.7932658,161153101.9567,0.005980925723565,0,0,0,5.069538431573,4.672837767432e-82,0,-0.9564472673901,-0.4949051198035,-13.65176012283,-2.911241764252,1.339174849104,-12.53391020653,16194.60893474,-3081.731613725,0,0,259739.400,2296,528,0,557297.7078143
557500,27847962.95973,9484006.532932,3207216.990483,0,0,0,1.661379253809,-0.4937794883051,32459148.96737,30666117.6133134,161151482.4601,0.00598092572295,0,0,0,5.069538431573,4.671766513328e-82,0,-0.9564255003732,-0.494864951083,-13.65128754854,-2.911316962926,1.339169739532,-12.53359498982,16195.32269512,-3081.86743781,0,0,259739.500,2296,528,0,557397.7088423
557600,27847933.21282,9483993.282297,3207515.190085,0,0,0,1.661350660841,-0.4937392231493,32458840.77365,30665809.4197788,161149862.8922,0.005980925722336,0,0,0,5.069538431573,4.670695521081e-82,0,-0.9564037355788,-0.4948247807459,-13.65081495523,-2.911392164039,1.33916463018,-12.53327973938,16196.03644572,-3082.003260031,0,0,259739.600,2296,528,0,557497.7098703
557700,27847903.4629,9483980.031141,3207813.389194,0,0,0,1.661322054712,-0.4936989567576,32458532.56635,30665501.2126629,161148243.2528,0.005980925721721,0,0,0,5.069538431573,4.669624790661e-82,0,-0.9563819719283,-0.4947846095177,-13.65034235144,-2.911467335189,1.339159521048,-12.53296446372,16196.75012779,-3082.139069214,0,0,259739.700,2296,528,0,557597.7108983
557800,27847873.71,9483966.779465,3208111.58781,0,0,0,1.661293435419,-0.4936586891302,32458224.34547,30665192.9919668,161146623.5421,0.005980925721107,0,0,0,5.069538431573,4.668554322038e-82,0,-0.9563602133266,-0.4947444369693,-13.64986973212,-2.911542479906,1.339154412135,-12.53264915781,16197.46373156,-3082.274863496,0,0,259739.800,2296,528,0,557697.7119265
557900,27847843.95409,9483953.527268,3208409.785932,0,0,0,1.66126480296,-0.493618420267,32457916.11101,30664884.7576915,161145003.7601,0.005980925720493,0,0,0,5.069538431573,4.667484115182e-82,0,-0.9563384561454,-0.4947042631184,-13.64939709748,-2.911617642739,1.339149303441,-12.53233382184,16198.17723744,-3082.410639152,0,0,259739.900,2296,528,0,557797.7129546
558000,27847814.19519,9483940.27455,3208707.983561,0,0,0,1.661236157333,-0.4935781501684,32457607.86298,30664576.5098381,161143383.9067,0.005980925719878,0,0,0,5.069538431573,4.666414170067e-82,0,-0.9563167008939,-0.4946640879638,-13.64892444749,-2.911692822948,1.339144194968,-12.5320184558,16198.89077269,-3082.546420395,0,0,259740.000,2296,528,0,557897.7139828
558100,27847784.43329,9483927.021312,3209006.180696,0,0,0,1.661207498535,-0.4935378788342,32457299.60136,30664268.2484076,161141763.9819,0.005980925719264,0,0,0,5.069538431573,4.665344486656e-82,0,-0.9562949482789,-0.4946239114117,-13.64845178107,-2.911768015786,1.339139086715,-12.53170305859,16199.60422964,-3082.682186738,0,0,259740.100,2296,528,0,557997.7150111
558200,27847754.6684,9483913.767553,3209304.377337,0,0,0,1.661178826564,-0.4934976062646,32456991.32617,30663959.9734009,161140143.9858,0.005980925718649,0,0,0,5.069538431573,4.664275064929e-82,0,-0.9562731978986,-0.4945837340665,-13.64797910531,-2.911843179768,1.339133978681,-12.5313876373,16200.31764743,-3082.817945629,0,0,259740.200,2296,528,0,558097.7160394
558300,27847724.90051,9483900.513274,3209602.573486,0,0,0,1.661150141418,-0.4934573324597,32456683.03741,30663651.6848193,161138523.9184,0.005980925718035,0,0,0,5.069538431573,4.663205904847e-82,0,-0.956251448735,-0.4945435550362,-13.64750640973,-2.911918327187,1.339128870867,-12.53107218145,16201.03098691,-3082.95368962,0,0,259740.300,2296,528,0,558197.7170677
558400,27847695.12962,9483887.258475,3209900.76914,0,0,0,1.661121443094,-0.4934170574197,32456374.73507,30663343.3826636,161136903.7797,0.005980925717421,0,0,0,5.069538431573,4.662137006388e-82,0,-0.9562297048927,-0.4945033751242,-13.64703370378,-2.911993491919,1.339123763273,-12.53075670049,16201.74419915,-3083.089409396,0,0,259740.400,2296,528,0,558297.7180961
558500,27847665.35574,9483874.003155,3210198.964301,0,0,0,1.661092731591,-0.4933767811445,32456066.41915,30663035.0669349,161135283.5696,0.005980925716806,0,0,0,5.069538431573,4.661068369519e-82,0,-0.9562079620627,-0.4944631938386,-13.64656098167,-2.912068665456,1.3391186559,-12.53044118861,16202.45747991,-3083.225142211,0,0,259740.500,2296,528,0,558397.7191245
558600,27847635.57887,9483860.747315,3210497.158968,0,0,0,1.661064006906,-0.4933365036344,32455758.08967,30662726.7376343,161133663.2882,0.005980925716192,0,0,0,5.069538431573,4.65999999421e-82,0,-0.9561862214503,-0.4944230112886,-13.64608824468,-2.912143850276,1.339113548746,-12.53012564712,16203.17068236,-3083.360860124,0,0,259740.600,2296,528,0,558497.720153
558700,27847605.79899,9483847.490955,3210795.353141,0,0,0,1.661035269036,-0.4932962248893,32455449.74661,30662418.3947627,161132042.9354,0.005980925715578,0,0,0,5.069538431573,4.658931880433e-82,0,-0.9561644831035,-0.4943828275036,-13.64561549316,-2.912218996225,1.339108441813,-12.52981007635,16203.88385544,-3083.49657245,0,0,259740.700,2296,528,0,558597.7211815
558800,27847576.01612,9483834.234074,3211093.546821,0,0,0,1.66100651798,-0.4932559449094,32455141.38999,30662110.0383213,161130422.5114,0.005980925714963,0,0,0,5.069538431573,4.657864028157e-82,0,-0.9561427473728,-0.494342642323,-13.64514272523,-2.912294125897,1.3391033351,-12.5294944744,16204.59693064,-3083.632266149,0,0,259740.800,2296,528,0,558697.7222101
558900,27847546.23026,9483820.976674,3211391.740006,0,0,0,1.660977753734,-0.4932156636948,32454833.01979,30661801.668311,161128802.016,0.005980925714349,0,0,0,5.069538431573,4.656796437353e-82,0,-0.9561210129092,-0.4943024558792,-13.64466994243,-2.91236928364,1.339098228607,-12.52917884284,16205.30989817,-3083.767939359,0,0,259740.900,2296,528,0,558797.7232387
559000,27847516.4414,9483807.718753,3211689.932698,0,0,0,1.660948976298,-0.4931753812456,32454524.63603,30661493.2847329,161127181.4494,0.005980925713734,0,0,0,5.069538431573,4.655729107991e-82,0,-0.9560992832347,-0.4942622685333,-13.64419714902,-2.912444448504,1.339093122335,-12.52886318591,16206.02293422,-3083.903625607,0,0,259741.000,2296,528,0,558897.7242674
559100,27847486.64954,9483794.460312,3211988.124896,0,0,0,1.660920185668,-0.4931350975619,32454216.2387,30661184.887588,161125560.8115,0.00598092571312,0,0,0,5.069538431573,4.654662040041e-82,0,-0.9560775548767,-0.4942220797578,-13.64372433879,-2.912519643001,1.339088016283,-12.5285474974,16206.73583323,-3084.039285779,0,0,259741.100,2296,528,0,558997.7252961
559200,27847456.85469,9483781.201351,3212286.3166,0,0,0,1.660891381842,-0.4930948126437,32453907.82781,30660876.4768773,161123940.1022,0.005980925712506,0,0,0,5.069538431573,4.653595233474e-82,0,-0.9560558288431,-0.4941818896523,-13.64325151292,-2.912594785136,1.339082910451,-12.52823177847,16207.44868331,-3084.174936637,0,0,259741.200,2296,528,0,559097.7263248
559300,27847427.05684,9483767.94187,3212584.50781,0,0,0,1.660862564818,-0.4930545264912,32453599.40335,30660568.0526019,161122319.3217,0.005980925711891,0,0,0,5.069538431573,4.652528688261e-82,0,-0.9560341055125,-0.4941416984867,-13.64277867457,-2.912669907072,1.33907780484,-12.52791603232,16208.1615138,-3084.31058377,0,0,259741.300,2296,528,0,559197.7273536
559400,27847397.25599,9483754.681869,3212882.698526,0,0,0,1.660833734594,-0.4930142391045,32453290.96532,30660259.6147628,161120698.47,0.005980925711277,0,0,0,5.069538431573,4.651462404371e-82,0,-0.9560123827886,-0.494101505843,-13.64230581883,-2.912745056091,1.339072699449,-12.527600254,16208.8742562,-3084.446214139,0,0,259741.400,2296,528,0,559297.7283824
559500,27847367.45215,9483741.421349,3213180.888747,0,0,0,1.660804891167,-0.4929739504836,32452982.51374,30659951.1633611,161119077.5469,0.005980925710662,0,0,0,5.069538431573,4.650396381774e-82,0,-0.9559906653492,-0.4940613121867,-13.64183295118,-2.912820214377,1.33906759428,-12.527284449,16209.58687135,-3084.581820294,0,0,259741.500,2296,528,0,559397.7294113
559600,27847337.64531,9483728.160308,3213479.078475,0,0,0,1.660776034535,-0.4929336606287,32452674.04859,30659642.6983977,161117456.5526,0.005980925710048,0,0,0,5.069538431573,4.649330620442e-82,0,-0.9559689493213,-0.4940211173314,-13.64136006942,-2.912895373234,1.33906248933,-12.52696861512,16210.29953545,-3084.717435762,0,0,259741.600,2296,528,0,559497.7304402
559700,27847307.83548,9483714.898748,3213777.267708,0,0,0,1.660747164696,-0.4928933695398,32452365.56988,30659334.2198737,161115835.487,0.005980925709434,0,0,0,5.069538431573,4.648265120342e-82,0,-0.9559472353065,-0.4939809209722,-13.64088716997,-2.912970514839,1.339057384602,-12.52665274878,16211.01211145,-3084.853034467,0,0,259741.700,2296,528,0,559597.7314692
559800,27847278.02265,9483701.636668,3214075.456447,0,0,0,1.660718281647,-0.4928530772171,32452057.07761,30659025.7277902,161114214.3502,0.005980925708819,0,0,0,5.069538431573,4.647199881447e-82,0,-0.9559255237892,-0.4939407234521,-13.64041425687,-2.913045627764,1.339052280094,-12.526336854,16211.72461893,-3084.988620132,0,0,259741.800,2296,528,0,559697.7324982
559900,27847248.20682,9483688.374068,3214373.644691,0,0,0,1.660689385386,-0.4928127836606,32451748.57179,30658717.2221482,161112593.1421,0.005980925708205,0,0,0,5.069538431573,4.646134903726e-82,0,-0.9559038147279,-0.493900524737,-13.6399413297,-2.913120768863,1.339047175808,-12.52602093038,16212.43712641,-3085.124205798,0,0,259741.900,2296,528,0,559797.7335273
560000,27847218.388,9483675.110948,3214671.832442,0,0,0,1.660660475911,-0.4927724888705,32451440.0524,30658408.7029486,161110971.8627,0.00598092570759,0,0,0,5.069538431573,4.645070187148e-82,0,-0.9558821066841,-0.4938603245724,-13.63946838548,-2.91319593187,1.339042071742,-12.52570497492,16213.14953601,-3085.259772837,0,0,259742.000,2296,528,0,559897.7345564
560100,27847188.56618,9483661.847309,3214970.019698,0,0,0,1.66063155322,-0.4927321928468,32451131.51946,30658100.1701927,161109350.5121,0.005980925706976,0,0,0,5.069538431573,4.644005731689e-82,0,-0.9558604038262,-0.4938201233631,-13.63899542897,-2.913271093976,1.339036967897,-12.52538899239,16213.86188688,-3085.395328701,0,0,259742.100,2296,528,0,559997.7355856
560200,27847158.74137,9483648.58315,3215268.206459,0,0,0,1.66060261731,-0.4926918955896,32450822.97297,30657791.6238812,161107729.0903,0.005980925706362,0,0,0,5.069538431573,4.642941537311e-82,0,-0.9558387020938,-0.493779920988,-13.63852245875,-2.913346226899,1.339031864273,-12.52507298136,16214.57425733,-3085.530888289,0,0,259742.200,2296,528,0,560097.7366148
560300,27847128.91355,9483635.318472,3215566.392726,0,0,0,1.660573668179,-0.4926515970991,32450514.41292,30657483.0640154,161106107.5973,0.005980925705747,0,0,0,5.069538431573,4.64187760399e-82,0,-0.9558170025187,-0.4937397173498,-13.63804947366,-2.913421332416,1.33902676087,-12.52475694067,16215.28647116,-3085.666418076,0,0,259742.300,2296,528,0,560197.737644
560400,27847099.08275,9483622.053274,3215864.578498,0,0,0,1.660544705824,-0.4926112973753,32450205.83932,30657174.4905963,161104486.033,0.005980925705133,0,0,0,5.069538431573,4.640813931693e-82,0,-0.9557953055254,-0.4936995123691,-13.63757647278,-2.913496456368,1.339021657688,-12.5244408694,16215.99872415,-3085.801955312,0,0,259742.400,2296,528,0,560297.7386733
560500,27847069.24894,9483608.787557,3216162.763776,0,0,0,1.660515730244,-0.4925709964183,32449897.25216,30656865.9036248,161102864.3976,0.005980925704519,0,0,0,5.069538431573,4.63975052039e-82,0,-0.9557736109812,-0.4936593062178,-13.63710345813,-2.913571599838,1.339016554728,-12.52412476957,16216.71084989,-3085.937468335,0,0,259742.500,2296,528,0,560397.7397026
560600,27847039.41215,9483595.521321,3216460.948559,0,0,0,1.660486741436,-0.4925306942282,32449588.65145,30656557.303102,161101242.6909,0.005980925703904,0,0,0,5.069538431573,4.638687370056e-82,0,-0.9557519175774,-0.4936190988389,-13.63663042904,-2.913646752812,1.339011451989,-12.52380864049,16217.42298542,-3086.07298322,0,0,259742.600,2296,528,0,560497.740732
560700,27847009.57235,9483582.254565,3216759.132848,0,0,0,1.660457739397,-0.4924903908051,32449280.0372,30656248.689029,161099620.913,0.00598092570329,0,0,0,5.069538431573,4.637624480652e-82,0,-0.9557302291356,-0.4935788901394,-13.63615738441,-2.913721879565,1.339006349471,-12.52349248107,16218.13507201,-3086.208488792,0,0,259742.700,2296,528,0,560597.7417614
560800,27846979.72956,9483568.98729,3217057.316642,0,0,0,1.660428724126,-0.4924500861491,32448971.40939,30655940.0614067,161097999.0639,0.005980925702675,0,0,0,5.069538431573,4.636561852155e-82,0,-0.9557085419492,-0.4935386803307,-13.63568432673,-2.913796987952,1.339001247174,-12.52317629381,16218.84701177,-3086.343966424,0,0,259742.800,2296,528,0,560697.7427909
560900,27846949.88377,9483555.719495,3217355.499941,0,0,0,1.66039969562,-0.4924097802603,32448662.76803,30655631.4202363,161096377.1436,0.005980925702061,0,0,0,5.069538431573,4.635499484533e-82,0,-0.9556868571026,-0.4934984691125,-13.63521125247,-2.913872114053,1.338996145099,-12.52286007516,16219.55896132,-3086.479445919,0,0,259742.900,2296,528,0,560797.7438204
561000,27846920.03499,9483542.451181,3217653.682745,0,0,0,1.660370653877,-0.4923694731389,32448354.11313,30655322.7655187,161094755.1521,0.005980925701447,0,0,0,5.069538431573,4.634437377757e-82,0,-0.9556651746679,-0.493458256795,-13.63473816528,-2.913947249309,1.338991043245,-12.52254382876,16220.27086193,-3086.614916101,0,0,259743.000,2296,528,0,560897.74485
561100,27846890.18321,9483529.182348,3217951.865054,0,0,0,1.660341598895,-0.4923291647848,32448045.44468,30655014.097255,161093133.0894,0.005980925700832,0,0,0,5.069538431573,4.633375531795e-82,0,-0.9556434932513,-0.4934180431761,-13.63426506277,-2.914022396485,1.338985941613,-12.52222755225,16220.98273318,-3086.750380695,0,0,259743.100,2296,528,0,560997.7458796
561200,27846860.32843,9483515.912996,3218250.046869,0,0,0,1.66031253067,-0.4922888551982,32447736.76269,30654705.4154462,161091510.9555,0.005980925700218,0,0,0,5.069538431573,4.632313946619e-82,0,-0.9556218171709,-0.4933778282901,-13.63379194536,-2.914097515083,1.338980840203,-12.52191124601,16221.69442823,-3086.885811761,0,0,259743.200,2296,528,0,561097.7469092
561300,27846830.47066,9483502.643125,3218548.228188,0,0,0,1.660283449202,-0.4922485443792,32447428.06715,30654396.7200934,161089888.7505,0.005980925699603,0,0,0,5.069538431573,4.631252622197e-82,0,-0.9556001421387,-0.4933376122624,-13.63331881451,-2.914172593096,1.338975739014,-12.52159491153,16222.40607435,-3087.021233514,0,0,259743.300,2296,528,0,561197.7479389
561400,27846800.60989,9483489.372735,3218846.409013,0,0,0,1.660254354487,-0.4922082323278,32447119.35807,30654088.0111975,161088266.4743,0.005980925698989,0,0,0,5.069538431573,4.630191558499e-82,0,-0.9555784692724,-0.49329739473,-13.63284566597,-2.914247713023,1.338970638047,-12.52127854453,16223.1177694,-3087.15666458,0,0,259743.400,2296,528,0,561297.7489687
561500,27846770.74613,9483476.101826,3219144.589342,0,0,0,1.660225246523,-0.4921679190443,32446810.63545,30653779.2887597,161086644.127,0.005980925698375,0,0,0,5.069538431573,4.629130755497e-82,0,-0.9555567988539,-0.4932571761007,-13.63237250452,-2.914322840431,1.338965537301,-12.52096214981,16223.82939594,-3087.292082608,0,0,259743.500,2296,528,0,561397.7499985
561600,27846740.87937,9483462.830398,3219442.769177,0,0,0,1.660196125308,-0.4921276045286,32446501.89929,30653470.552781,161085021.7084,0.00598092569776,0,0,0,5.069538431573,4.62807021316e-82,0,-0.9555351306593,-0.493216956179,-13.63189932786,-2.91439799702,1.338960436777,-12.52064572506,16224.54096375,-3087.42748946,0,0,259743.600,2296,528,0,561497.7510283
561700,27846711.00961,9483449.558451,3219740.948516,0,0,0,1.66016699084,-0.4920872887809,32446193.14959,30653161.8032623,161083399.2188,0.005980925697146,0,0,0,5.069538431573,4.627009931456e-82,0,-0.9555134643039,-0.4931767353088,-13.63142614005,-2.914473101459,1.338955336476,-12.52032927432,16225.25244346,-3087.562879547,0,0,259743.700,2296,528,0,561597.7520582
561800,27846681.13686,9483436.285985,3220039.12736,0,0,0,1.660137843117,-0.4920469718012,32445884.38634,30652853.0402047,161081776.658,0.005980925696532,0,0,0,5.069538431573,4.625949910357e-82,0,-0.955491802518,-0.493136512952,-13.63095293474,-2.914548184569,1.338950236396,-12.52001279127,16225.96383508,-3087.698252872,0,0,259743.800,2296,528,0,561697.7530881
561900,27846651.26111,9483423.013001,3220337.305709,0,0,0,1.660108682135,-0.4920066535898,32445575.60957,30652544.2636093,161080154.026,0.005980925695917,0,0,0,5.069538431573,4.624890149834e-82,0,-0.9554701416773,-0.4930962894171,-13.63047971558,-2.914623295828,1.338945136538,-12.51969627953,16226.67529522,-3087.833639234,0,0,259743.900,2296,528,0,561797.7541181
562000,27846621.38236,9483409.739497,3220635.483562,0,0,0,1.660079507893,-0.4919663341465,32445266.81925,30652235.4734771,161078531.3229,0.005980925695303,0,0,0,5.069538431573,4.623830649853e-82,0,-0.9554484831284,-0.4930560645393,-13.63000648061,-2.91469841586,1.338940036902,-12.51937973716,16227.38661832,-3087.96899952,0,0,259744.000,2296,544,0,561897.7551481
562100,27846591.50062,9483396.465475,3220933.660921,0,0,0,1.660050320388,-0.4919260134716,32444958.0154,30651926.6698092,161076908.5487,0.005980925694688,0,0,0,5.069538431573,4.622771410386e-82,0,-0.9554268272778,-0.4930158384896,-13.62953323186,-2.914773534114,1.338934937488,-12.51906316616,16228.09793164,-3088.104357943,0,0,259744.100,2296,544,0,561997.7561781
562200,27846561.61588,9483383.190934,3221231.837784,0,0,0,1.660021119619,-0.4918856915652,32444649.19801,30651617.8526065,161075285.7033,0.005980925694074,0,0,0,5.069538431573,4.621712431404e-82,0,-0.9554051729699,-0.4929756114349,-13.62905997129,-2.914848638021,1.338929838297,-12.5187465685,16228.80914707,-3088.239697739,0,0,259744.200,2296,544,0,562097.7572082
562300,27846531.72815,9483369.915875,3221530.014151,0,0,0,1.659991905582,-0.4918453684273,32444340.36709,30651309.0218701,161073662.7868,0.00598092569346,0,0,0,5.069538431573,4.620653712873e-82,0,-0.9553835230802,-0.4929353827883,-13.62858669199,-2.914923713399,1.338924739327,-12.51842993728,16229.52032335,-3088.375030085,0,0,259744.300,2296,544,0,562197.7582384
562400,27846501.83742,9483356.640297,3221828.190023,0,0,0,1.659962678276,-0.491805044058,32444031.52264,30651000.177601,161072039.7993,0.005980925692845,0,0,0,5.069538431573,4.619595254766e-82,0,-0.9553618745699,-0.4928951531015,-13.62811340045,-2.914998817214,1.33891964058,-12.51811327898,16230.23147026,-3088.510356843,0,0,259744.400,2296,544,0,562297.7592686
562500,27846471.94369,9483343.3642,3222126.365399,0,0,0,1.659933437698,-0.4917647184575,32443722.66465,30650691.3198004,161070416.7406,0.005980925692231,0,0,0,5.069538431573,4.618537057053e-82,0,-0.9553402283887,-0.4928549220368,-13.6276400927,-2.915073940634,1.338914542055,-12.51779658962,16230.9425095,-3088.645663112,0,0,259744.500,2296,544,0,562397.7602988
562600,27846442.04697,9483330.087585,3222424.54028,0,0,0,1.659904183845,-0.4917243916258,32443413.79314,30650382.4484691,161068793.6108,0.005980925691616,0,0,0,5.069538431573,4.617479119701e-82,0,-0.9553185845077,-0.4928146898252,-13.62716677145,-2.915149064636,1.338909443753,-12.51747987192,16231.65354875,-3088.780969381,0,0,259744.600,2296,544,0,562497.7613291
562700,27846412.14725,9483316.810452,3222722.714666,0,0,0,1.659874916717,-0.491684063563,32443104.90809,30650073.5636082,161067170.4099,0.005980925691002,0,0,0,5.069538431573,4.616421442681e-82,0,-0.9552969432268,-0.492774456262,-13.62669343431,-2.915224161831,1.338904345673,-12.51716312347,16232.36452926,-3088.916264474,0,0,259744.700,2296,544,0,562597.7623594
562800,27846382.24454,9483303.5328,3223020.888555,0,0,0,1.659845636309,-0.4916437342692,32442796.00952,30649764.6652189,161065547.1379,0.005980925690388,0,0,0,5.069538431573,4.615364025966e-82,0,-0.9552753032168,-0.4927342216891,-13.62622008529,-2.915299227452,1.338899247815,-12.51684634829,16233.07541189,-3089.051540941,0,0,259744.800,2296,544,0,562697.7633898
562900,27846352.33883,9483290.25463,3223319.06195,0,0,0,1.65981634262,-0.4916034037446,32442487.09742,30649455.7533021,161063923.7948,0.005980925689773,0,0,0,5.069538431573,4.614306869518e-82,0,-0.9552536680076,-0.4926939855516,-13.62574671786,-2.915374312165,1.33889415018,-12.51652953985,16233.78618685,-3089.186796919,0,0,259744.900,2296,544,0,562797.7644202
563000,27846322.43012,9483276.975941,3223617.234848,0,0,0,1.659787035648,-0.4915630719891,32442178.17179,30649146.8278588,161062300.3806,0.005980925689159,0,0,0,5.069538431573,4.613249973316e-82,0,-0.9552320339608,-0.4926537484738,-13.62527333936,-2.915449417621,1.338889052768,-12.51621270548,16234.49699117,-3089.322058484,0,0,259745.000,2296,544,0,562897.7654507
563100,27846292.51842,9483263.696734,3223915.40725,0,0,0,1.65975771539,-0.491522739003,32441869.23264,30648837.8888901,161060676.8954,0.005980925688545,0,0,0,5.069538431573,4.612193337322e-82,0,-0.9552104023693,-0.4926135099955,-13.62479994439,-2.915524532883,1.338883955578,-12.51589583979,16235.2077074,-3089.457303286,0,0,259745.100,2296,544,0,562997.7664812
563200,27846262.60372,9483250.417009,3224213.579157,0,0,0,1.659728381844,-0.4914824047863,32441560.27996,30648528.936397,161059053.3391,0.00598092568793,0,0,0,5.069538431573,4.61113696151e-82,0,-0.9551887730574,-0.4925732703447,-13.62432653563,-2.915599621583,1.338878858611,-12.51557894543,16235.91842363,-3089.592548087,0,0,259745.200,2296,544,0,563097.7675118
563300,27846232.68602,9483237.136766,3224511.750568,0,0,0,1.659699035008,-0.491442069339,32441251.31376,30648219.9703806,161057429.7117,0.005980925687316,0,0,0,5.069538431573,4.610080845847e-82,0,-0.9551671461292,-0.4925330294193,-13.62385311187,-2.915674698322,1.338873761867,-12.51526202122,16236.6290224,-3089.727770537,0,0,259745.300,2296,544,0,563197.7685424
563400,27846202.76533,9483223.856005,3224809.921483,0,0,0,1.659669674878,-0.4914017326614,32440942.33404,30647910.9908419,161055806.0133,0.005980925686701,0,0,0,5.069538431573,4.609024990302e-82,0,-0.9551455205068,-0.492492787171,-13.62337967255,-2.915749780717,1.338868665345,-12.51494506657,16237.33960159,-3089.862989262,0,0,259745.400,2296,544,0,563297.769573
563500,27846172.84164,9483210.574725,3225108.091902,0,0,0,1.659640301454,-0.4913613947534,32440633.34079,30647601.9977819,161054182.2438,0.005980925686087,0,0,0,5.069538431573,4.60796939485e-82,0,-0.9551239000494,-0.4924525440432,-13.62290622288,-2.915824878136,1.338863569047,-12.51462808671,16238.05009269,-3089.998191223,0,0,259745.500,2296,544,0,563397.7706037
563600,27846142.91495,9483197.292927,3225406.261825,0,0,0,1.659610914733,-0.4913210556152,32440324.33403,30647292.9912017,161052558.4032,0.005980925685473,0,0,0,5.069538431573,4.606914059455e-82,0,-0.955102280341,-0.4924122991962,-13.62243275298,-2.915899986066,1.338858472971,-12.51431107176,16238.76062295,-3090.133400634,0,0,259745.600,2296,544,0,563497.7716344
563700,27846112.98527,9483184.010612,3225704.431252,0,0,0,1.659581514711,-0.491280715247,32440015.31374,30646983.9711023,161050934.4917,0.005980925684858,0,0,0,5.069538431573,4.605858984088e-82,0,-0.9550806629876,-0.4923720535446,-13.62195927362,-2.915975068067,1.338853377119,-12.51399403246,16239.47101616,-3090.268583968,0,0,259745.700,2296,544,0,563597.7726652
563800,27846083.05259,9483170.727778,3226002.600182,0,0,0,1.659552101388,-0.4912403736486,32439706.27994,30646674.9374848,161049310.509,0.005980925684244,0,0,0,5.069538431573,4.604804168719e-82,0,-0.9550590482532,-0.4923318061876,-13.6214857742,-2.916050106283,1.338848281489,-12.51367695822,16240.18138002,-3090.403761715,0,0,259745.800,2296,544,0,563697.773696
563900,27846053.11692,9483157.444427,3226300.768617,0,0,0,1.65952267476,-0.4912000308204,32439397.23262,30646365.8903501,161047686.4554,0.00598092568363,0,0,0,5.069538431573,4.603749613319e-82,0,-0.9550374348064,-0.4922915579517,-13.62101226443,-2.916125187374,1.338843186083,-12.51335985876,16240.89167535,-3090.538926423,0,0,259745.900,2296,544,0,563797.7747269
564000,27846023.17825,9483144.160558,3226598.936555,0,0,0,1.659493234826,-0.4911596867623,32439088.17179,30646056.8296993,161046062.3307,0.005980925683015,0,0,0,5.069538431573,4.602695317855e-82,0,-0.9550158262797,-0.4922513085547,-13.62053874101,-2.916200277606,1.338838090899,-12.51304273076,16241.6019609,-3090.674089268,0,0,259746.000,2296,544,0,563897.7757578
564100,27845993.23658,9483130.876171,3226897.103998,0,0,0,1.659463781582,-0.4911193414745,32438779.09744,30645747.7555335,161044438.135,0.005980925682401,0,0,0,5.069538431573,4.601641282297e-82,0,-0.9549942186344,-0.4922110575107,-13.62006519821,-2.916275377611,1.338832995939,-12.5127255685,16242.31217792,-3090.809239075,0,0,259746.100,2296,544,0,563997.7767888
564200,27845963.29192,9483117.591266,3227195.270944,0,0,0,1.659434315027,-0.491078994957,32438470.00957,30645438.6678537,161042813.8683,0.005980925681786,0,0,0,5.069538431573,4.600587506615e-82,0,-0.9549726136978,-0.4921708054576,-13.61959164353,-2.916350463657,1.338827901202,-12.51240837948,16243.0222677,-3090.944364667,0,0,259746.200,2296,544,0,564097.7778198
564300,27845933.34426,9483104.305843,3227493.437393,0,0,0,1.659404835159,-0.49103864721,32438160.9082,30645129.5666608,161041189.5305,0.005980925681172,0,0,0,5.069538431573,4.599533990778e-82,0,-0.9549510110641,-0.4921305521597,-13.61911807422,-2.916425506914,1.338822806689,-12.51209116092,16243.7323477,-3091.079488397,0,0,259746.300,2296,544,0,564197.7788508
564400,27845903.39361,9483091.019903,3227791.603346,0,0,0,1.659375341974,-0.4909982982335,32437851.79331,30644820.4519561,161039565.1218,0.005980925680558,0,0,0,5.069538431573,4.598480734756e-82,0,-0.95492941094,-0.492090297563,-13.61864448962,-2.916500579878,1.338817712399,-12.5117739122,16244.44240811,-3091.214608401,0,0,259746.400,2296,544,0,564297.7798819
564500,27845873.43996,9483077.733445,3228089.768803,0,0,0,1.659345835471,-0.4909579480277,32437542.66491,30644511.3237405,161037940.6421,0.005980925679943,0,0,0,5.069538431573,4.597427738518e-82,0,-0.9549078118395,-0.4920500419975,-13.61817089362,-2.91657566291,1.338812618332,-12.51145663718,16245.1524098,-3091.34971723,0,0,259746.500,2296,544,0,564397.7809131
564600,27845843.48331,9483064.44647,3228387.933764,0,0,0,1.659316315648,-0.4909175965926,32437233.523,30644202.182015,161036316.0913,0.005980925679329,0,0,0,5.069538431573,4.596375002034e-82,0,-0.954886217854,-0.4920097849315,-13.61769727997,-2.916650743062,1.338807524489,-12.51113932961,16245.86225487,-3091.484796256,0,0,259746.600,2296,544,0,564497.7819443
564700,27845813.52366,9483051.158977,3228686.098227,0,0,0,1.659286782501,-0.4908772439283,32436924.36758,30643893.0267806,161034691.4696,0.005980925678714,0,0,0,5.069538431573,4.595322525271e-82,0,-0.9548646249376,-0.4919695265751,-13.61722365114,-2.916725808059,1.338802430869,-12.51082199196,16246.57215867,-3091.619886458,0,0,259746.700,2296,544,0,564597.7829755
564800,27845783.56102,9483037.870966,3228984.262195,0,0,0,1.659257236029,-0.490836890035,32436615.19865,30643583.8580385,161033066.7769,0.0059809256781,0,0,0,5.069538431573,4.594270308202e-82,0,-0.9548430344369,-0.4919292671888,-13.6167500102,-2.916800844342,1.338797337473,-12.5105046273,16247.28190587,-3091.754946858,0,0,259746.800,2296,544,0,564697.7840068
564900,27845753.59539,9483024.582438,3229282.425665,0,0,0,1.65922767623,-0.4907965349127,32436306.01622,30643274.6757897,161031442.0132,0.005980925677486,0,0,0,5.069538431573,4.593218350795e-82,0,-0.9548214461016,-0.4918890064985,-13.61627635391,-2.916875910119,1.338792244301,-12.51018723239,16247.99169221,-3091.890014708,0,0,259746.900,2296,544,0,564797.7850381
565000,27845723.62675,9483011.293393,3229580.588639,0,0,0,1.6591981031,-0.4907561785615,32435996.82028,30642965.4800351,161029817.1786,0.005980925676871,0,0,0,5.069538431573,4.592166653017e-82,0,-0.9547998604753,-0.4918487445037,-13.61580268228,-2.916950997193,1.338787151352,-12.50986980722,16248.70139046,-3092.025065795,0,0,259747.000,2296,544,0,564897.7860695
565100,27845693.65512,9482998.00383,3229878.751117,0,0,0,1.659168516638,-0.4907158209816,32435687.61084,30642656.2707758,161028192.2729,0.005980925676257,0,0,0,5.069538431573,4.591115214842e-82,0,-0.9547782761365,-0.4918084812771,-13.61532899615,-2.917026084053,1.338782058627,-12.50955235265,16249.41102998,-3092.160105705,0,0,259747.100,2296,544,0,564997.7871009
565200,27845663.6805,9482984.71375,3230176.913097,0,0,0,1.659138916842,-0.4906754621729,32435378.38789,30642347.0480129,161026567.2964,0.005980925675643,0,0,0,5.069538431573,4.590064036235e-82,0,-0.9547566965037,-0.491768216945,-13.61485529702,-2.917101142119,1.338776966126,-12.50923487017,16250.12068908,-3092.295149341,0,0,259747.200,2296,544,0,565097.7881323
565300,27845633.70287,9482971.423152,3230475.074581,0,0,0,1.659109303708,-0.4906351021357,32435069.15144,30642037.8117474,161024942.2488,0.005980925675028,0,0,0,5.069538431573,4.589013117166e-82,0,-0.9547351178133,-0.4917279510718,-13.61438157975,-2.917176169623,1.338771873849,-12.50891735464,16250.83017199,-3092.43015945,0,0,259747.300,2296,544,0,565197.7891638
565400,27845603.72226,9482958.132037,3230773.235568,0,0,0,1.659079677235,-0.4905947408699,32434759.90149,30641728.5619804,161023317.1303,0.005980925674414,0,0,0,5.069538431573,4.587962457606e-82,0,-0.9547135418531,-0.4916876843952,-13.61390785304,-2.91725121394,1.338766781796,-12.50859981475,16251.53966468,-3092.565171421,0,0,259747.400,2296,544,0,565297.7901954
565500,27845573.73864,9482944.840406,3231071.396058,0,0,0,1.659050037421,-0.4905543783758,32434450.63804,30641419.2987128,161021691.9409,0.005980925673799,0,0,0,5.069538431573,4.586912057522e-82,0,-0.9546919682126,-0.4916474161079,-13.61343410737,-2.917326281229,1.338761689967,-12.50828224098,16252.24916717,-3092.700185254,0,0,259747.500,2296,544,0,565397.791227
565600,27845543.75203,9482931.548257,3231369.556051,0,0,0,1.659020384262,-0.4905140146533,32434141.36109,30641110.0219457,161020066.6805,0.005980925673185,0,0,0,5.069538431573,4.585861916886e-82,0,-0.9546703957754,-0.491607146863,-13.61296035044,-2.917401358618,1.338756598362,-12.50796464103,16252.9584641,-3092.835159972,0,0,259747.600,2296,544,0,565497.7922586
565700,27845513.76242,9482918.255591,3231667.715548,0,0,0,1.658990717757,-0.4904736497026,32433832.07064,30640800.7316802,161018441.3492,0.005980925672571,0,0,0,5.069538431573,4.584812035664e-82,0,-0.9546488279823,-0.4915668760273,-13.6124865748,-2.917476409216,1.338751506981,-12.50764700744,16253.66783933,-3092.970149592,0,0,259747.700,2296,544,0,565597.7932903
565800,27845483.76982,9482904.962407,3231965.874547,0,0,0,1.658961037903,-0.4904332835238,32433522.76669,30640491.4279173,161016815.9469,0.005980925671956,0,0,0,5.069538431573,4.583762413829e-82,0,-0.954627261715,-0.4915266042125,-13.61201278763,-2.917551449327,1.338746415824,-12.5073293474,16254.37709711,-3093.105116859,0,0,259747.800,2296,544,0,565697.794322
565900,27845453.77422,9482891.668707,3232264.033049,0,0,0,1.658931344699,-0.490392916117,32433213.44925,30640182.110658,161015190.4738,0.005980925671342,0,0,0,5.069538431573,4.582713051347e-82,0,-0.9546056978446,-0.4914863311279,-13.61153898553,-2.917626494546,1.338741324891,-12.5070116575,16255.0862668,-3093.240067363,0,0,259747.900,2296,544,0,565797.7953538
566000,27845423.77562,9482878.37449,3232562.191054,0,0,0,1.65890163814,-0.4903525474823,32432904.11831,30639872.7799033,161013564.9297,0.005980925670728,0,0,0,5.069538431573,4.581663948189e-82,0,-0.9545841361562,-0.4914460567073,-13.61106516771,-2.917701554427,1.338736234183,-12.50669393694,16255.79547563,-3093.375025317,0,0,259748.000,2296,544,0,565897.7963856
566100,27845393.77403,9482865.079756,3232860.348562,0,0,0,1.658871918227,-0.4903121776197,32432594.77387,30639563.4356544,161011939.3147,0.005980925670113,0,0,0,5.069538431573,4.580615104323e-82,0,-0.9545625770893,-0.4914057811411,-13.61059133641,-2.917776625095,1.338731143699,-12.50637618798,16256.50459637,-3093.509966508,0,0,259748.100,2296,544,0,565997.7974175
566200,27845363.76944,9482851.784505,3233158.505572,0,0,0,1.658842184955,-0.4902718065294,32432285.41595,30639254.0779122,161010313.6288,0.005980925669499,0,0,0,5.069538431573,4.579566519719e-82,0,-0.9545410193068,-0.4913655045576,-13.61011749314,-2.917851644253,1.338726053439,-12.50605841211,16257.21362902,-3093.644890934,0,0,259748.200,2296,544,0,566097.7984494
566300,27845333.76185,9482838.488737,3233456.662086,0,0,0,1.658812438322,-0.4902314342114,32431976.04453,30638944.7066778,161008687.872,0.005980925668884,0,0,0,5.069538431573,4.578518194344e-82,0,-0.954519466372,-0.4913252262689,-13.60964362982,-2.917926666643,1.338720963404,-12.50574060124,16257.92256379,-3093.779796734,0,0,259748.300,2296,544,0,566197.7994813
566400,27845303.75127,9482825.192453,3233754.818102,0,0,0,1.658782678327,-0.4901910606659,32431666.65962,30638635.3219522,161007062.0443,0.00598092566827,0,0,0,5.069538431573,4.577470128169e-82,0,-0.9544979144444,-0.4912849469914,-13.60916975485,-2.918001709093,1.338715873594,-12.50542276379,16258.63147898,-3093.914698809,0,0,259748.400,2296,544,0,566297.8005133
566500,27845273.73769,9482811.895652,3234052.973621,0,0,0,1.658752904967,-0.490150685893,32431357.26122,30638325.9237365,161005436.1457,0.005980925667656,0,0,0,5.069538431573,4.576422321167e-82,0,-0.9544763650851,-0.4912446667202,-13.6086958682,-2.918076761951,1.338710784008,-12.50510489972,16259.34037459,-3094.049597159,0,0,259748.500,2296,544,0,566397.8015453
566600,27845243.72112,9482798.598334,3234351.128642,0,0,0,1.658723118239,-0.4901103098926,32431047.84933,30638016.5120317,161003810.1762,0.005980925667041,0,0,0,5.069538431573,4.575374773299e-82,0,-0.9544548178816,-0.4912043847908,-13.60822196204,-2.91815182464,1.338705694646,-12.50478700118,16260.04920168,-3094.18448247,0,0,259748.600,2296,544,0,566497.8025774
566700,27845213.70155,9482785.300499,3234649.283166,0,0,0,1.658693318142,-0.4900699326651,32430738.42395,30637707.0868388,161002184.1358,0.005980925666427,0,0,0,5.069538431573,4.57432748454e-82,0,-0.9544332718972,-0.4911641018972,-13.60774804454,-2.918226850745,1.338700605509,-12.50446907636,16260.75802878,-3094.319367781,0,0,259748.700,2296,544,0,566597.8036096
566800,27845183.67898,9482772.002148,3234947.437193,0,0,0,1.658663504672,-0.4900295542103,32430428.98509,30637397.6481589,161000558.0246,0.005980925665812,0,0,0,5.069538431573,4.573280454855e-82,0,-0.9544117312034,-0.4911238175823,-13.60727411031,-2.918301879867,1.338695516597,-12.50415111986,16261.46668947,-3094.454221427,0,0,259748.800,2296,544,0,566697.8046417
566900,27845153.65341,9482758.70328,3235245.590722,0,0,0,1.658633677828,-0.4899891745285,32430119.53274,30637088.1959929,160998931.8425,0.005980925665198,0,0,0,5.069538431573,4.572233684215e-82,0,-0.954390191396,-0.4910835320244,-13.60680016147,-2.918376914068,1.33869042791,-12.50383313379,16262.17534037,-3094.589073211,0,0,259748.900,2296,544,0,566797.805674
567000,27845123.62485,9482745.403896,3235543.743753,0,0,0,1.658603837607,-0.4899487936198,32429810.0669,30636778.7303421,160997305.5895,0.005980925664584,0,0,0,5.069538431573,4.571187172591e-82,0,-0.9543686540431,-0.4910432453961,-13.60632620002,-2.918451959483,1.338685339448,-12.50351512016,16262.88403043,-3094.723932445,0,0,259749.000,2296,544,0,566897.8067062
567100,27845093.5933,9482732.103995,3235841.896287,0,0,0,1.658573984006,-0.4899084114841,32429500.58759,30636469.2512073,160995679.2657,0.005980925663969,0,0,0,5.069538431573,4.57014091995e-82,0,-0.9543471188953,-0.4910029575768,-13.60585222457,-2.918527000582,1.33868025121,-12.50319707757,16263.59255409,-3094.858760014,0,0,259749.100,2296,544,0,566997.8077385
567200,27845063.55874,9482718.803578,3236140.048323,0,0,0,1.658544117025,-0.4898680281217,32429191.09478,30636159.7585897,160994052.871,0.005980925663355,0,0,0,5.069538431573,4.569094926261e-82,0,-0.9543255862758,-0.4909626683674,-13.60537823277,-2.918602004903,1.338675163198,-12.50287900366,16264.3011169,-3094.993595034,0,0,259749.200,2296,544,0,567097.8087709
567300,27845033.52119,9482705.502644,3236438.199861,0,0,0,1.658514236659,-0.4898276435325,32428881.5885,30635850.2524902,160992426.4054,0.005980925662741,0,0,0,5.069538431573,4.568049191491e-82,0,-0.9543040549374,-0.4909223779089,-13.60490422626,-2.918677025397,1.33867007541,-12.50256090009,16265.00953289,-3095.128402114,0,0,259749.300,2296,544,0,567197.8098033
567400,27845003.48065,9482692.201195,3236736.350902,0,0,0,1.658484342907,-0.4897872577168,32428572.06874,30635540.73291,160990799.8691,0.005980925662126,0,0,0,5.069538431573,4.567003715613e-82,0,-0.9542825283737,-0.4908820861979,-13.60443020502,-2.918752052132,1.338664987848,-12.50224276682,16265.71796845,-3095.263212919,0,0,259749.400,2296,544,0,567297.8108357
567500,27844973.4371,9482678.899228,3237034.501445,0,0,0,1.658454435767,-0.4897468706746,32428262.53549,30635231.19985,160989173.2619,0.005980925661512,0,0,0,5.069538431573,4.565958498594e-82,0,-0.9542610032924,-0.4908417936085,-13.60395617345,-2.918827104368,1.33865990051,-12.50192460825,16266.42625719,-3095.397995785,0,0,259749.500,2296,544,0,567397.8118682
567600,27844943.39056,9482665.596746,3237332.65149,0,0,0,1.658424515235,-0.4897064824059,32427952.98877,30634921.6533112,160987546.5838,0.005980925660897,0,0,0,5.069538431573,4.564913540402e-82,0,-0.9542394805153,-0.4908014994639,-13.60348212358,-2.918902152102,1.338654813398,-12.50160641641,16267.13453614,-3095.532776788,0,0,259749.600,2296,544,0,567497.8129008
567700,27844913.34103,9482652.293747,3237630.801037,0,0,0,1.65839458131,-0.489666092911,32427643.42857,30634612.0932948,160985919.835,0.005980925660283,0,0,0,5.069538431573,4.563868841006e-82,0,-0.9542179598894,-0.4907612039422,-13.60300805751,-2.918977149131,1.338649726511,-12.5012881934,16267.84277594,-3095.66755034,0,0,259749.700,2296,544,0,567597.8139334
567800,27844883.28849,9482638.990233,3237928.950086,0,0,0,1.65836463399,-0.4896257021899,32427333.85489,30634302.5198018,160984293.0153,0.005980925659669,0,0,0,5.069538431573,4.562824400377e-82,0,-0.9541964417226,-0.490720907352,-13.60253397887,-2.91905216185,1.33864463985,-12.50096994284,16268.55099616,-3095.802320167,0,0,259749.800,2296,544,0,567697.814966
567900,27844853.23297,9482625.686202,3238227.098638,0,0,0,1.658334673271,-0.4895853102426,32427024.26774,30633992.9328332,160982666.1248,0.005980925659054,0,0,0,5.069538431573,4.561780218482e-82,0,-0.9541749248386,-0.4906806095267,-13.6020598857,-2.919127168044,1.338639553413,-12.50065166277,16269.25909893,-3095.937067643,0,0,259749.900,2296,544,0,567797.8159987
568000,27844823.17444,9482612.381655,3238525.246691,0,0,0,1.658304699152,-0.4895449170693,32426714.66711,30633683.33239,160981039.1635,0.00598092565844,0,0,0,5.069538431573,4.560736295289e-82,0,-0.9541534130038,-0.4906403103616,-13.60158577677,-2.919202196973,1.338634467202,-12.50033335196,16269.96712338,-3096.071800217,0,0,259750.000,2296,544,0,567897.8170314
568100,27844793.11292,9482599.076592,3238823.394246,0,0,0,1.658274711631,-0.4895045226701,32426405.05301,30633373.7184733,160979412.1314,0.005980925657826,0,0,0,5.069538431573,4.559692630772e-82,0,-0.9541319024514,-0.4906000103951,-13.60111165841,-2.919277213322,1.338629381217,-12.50001501673,16270.6750989,-3096.206523478,0,0,259750.100,2296,544,0,567997.8180641
568200,27844763.0484,9482585.771013,3239121.541303,0,0,0,1.658244710704,-0.489464127045,32426095.42544,30633064.0910842,160977785.0284,0.005980925657211,0,0,0,5.069538431573,4.558649224892e-82,0,-0.9541103938917,-0.4905597085489,-13.60063751793,-2.919352226461,1.338624295457,-12.49969664441,16271.3830842,-3096.341248602,0,0,259750.200,2296,544,0,568097.8190969
568300,27844732.98089,9482572.464918,3239419.687862,0,0,0,1.65821469637,-0.4894237301942,32425785.78439,30632754.4502236,160976157.8547,0.005980925656597,0,0,0,5.069538431573,4.557606077622e-82,0,-0.9540888877017,-0.4905194058274,-13.60016336716,-2.919427250352,1.338619209923,-12.4993782468,16272.09097162,-3096.475955099,0,0,259750.300,2296,544,0,568197.8201298
568400,27844702.91038,9482559.158307,3239717.833922,0,0,0,1.658184668626,-0.4893833321178,32425476.12988,30632444.7958927,160974530.6102,0.005980925655982,0,0,0,5.069538431573,4.556563188933e-82,0,-0.954067383071,-0.4904791020411,-13.59968920386,-2.91950225956,1.338614124614,-12.49905982167,16272.79882968,-3096.610656008,0,0,259750.400,2296,544,0,568297.8211627
568500,27844672.83687,9482545.851181,3240015.979485,0,0,0,1.658154627469,-0.4893429328158,32425166.46189,30632135.1280923,160972903.295,0.005980925655368,0,0,0,5.069538431573,4.555520558789e-82,0,-0.9540458831143,-0.4904387966459,-13.59921502163,-2.919577281428,1.338609039531,-12.49874136262,16273.50657027,-3096.745334566,0,0,259750.500,2296,544,0,568397.8221956
568600,27844642.76036,9482532.543538,3240314.124549,0,0,0,1.658124572899,-0.4893025322884,32424856.78044,30631825.4468237,160971275.9089,0.005980925654754,0,0,0,5.069538431573,4.554478187162e-82,0,-0.9540243843669,-0.4903984901738,-13.59874082673,-2.919652291018,1.338603954674,-12.49842287591,16274.21435002,-3096.880020574,0,0,259750.600,2296,544,0,568497.8232286
568700,27844612.68086,9482519.23538,3240612.269115,0,0,0,1.658094504911,-0.4892621305356,32424547.08552,30631515.7520878,160969648.4521,0.005980925654139,0,0,0,5.069538431573,4.553436074021e-82,0,-0.9540028881978,-0.4903581826014,-13.59826661889,-2.919727295798,1.338598870042,-12.49810436125,16274.92205147,-3097.014691681,0,0,259750.700,2296,544,0,568597.8242616
568800,27844582.59837,9482505.926706,3240910.413182,0,0,0,1.658064423504,-0.4892217275575,32424237.37713,30631206.0438856,160968020.9245,0.005980925653525,0,0,0,5.069538431573,4.552394219332e-82,0,-0.9539813940991,-0.4903178735634,-13.5977923938,-2.919802278426,1.338593785637,-12.49778581435,16275.62962566,-3097.149338573,0,0,259750.800,2296,544,0,568697.8252947
568900,27844552.51287,9482492.617517,3241208.556751,0,0,0,1.658034328676,-0.4891813233543,32423927.65528,30630896.3222183,160966393.3262,0.00598092565291,0,0,0,5.069538431573,4.551352623068e-82,0,-0.953959902705,-0.4902775635876,-13.59731815768,-2.919877283548,1.338588701457,-12.49746724141,16276.33723901,-3097.283992916,0,0,259750.900,2296,544,0,568797.8263278
569000,27844522.42438,9482479.307812,3241506.699821,0,0,0,1.658004220423,-0.489140917926,32423617.91997,30630586.5870868,160964765.6571,0.005980925652296,0,0,0,5.069538431573,4.550311285191e-82,0,-0.9539384124664,-0.4902372521167,-13.59684390398,-2.919952298389,1.338583617503,-12.49714863588,16277.04475448,-3097.418628633,0,0,259751.000,2296,544,0,568897.827361
569100,27844492.3329,9482465.997591,3241804.842393,0,0,0,1.657974098744,-0.4891005112727,32423308.17119,30630276.8384922,160963137.9172,0.005980925651682,0,0,0,5.069538431573,4.549270205676e-82,0,-0.9539169270545,-0.4901969395361,-13.59636963721,-2.920027300168,1.338578533776,-12.49683000229,16277.75225037,-3097.553260624,0,0,259751.100,2296,544,0,568997.8283942
569200,27844462.23841,9482452.686855,3242102.984467,0,0,0,1.657943963637,-0.4890601033945,32422998.40895,30629967.0764356,160961510.1066,0.005980925651067,0,0,0,5.069538431573,4.548229384488e-82,0,-0.9538954426447,-0.4901566255038,-13.59589535337,-2.92010231368,1.338573450274,-12.4965113366,16278.45968753,-3097.68788144,0,0,259751.200,2296,544,0,569097.8294275
569300,27844432.14093,9482439.375603,3242401.126041,0,0,0,1.657913815098,-0.4890196942916,32422688.63324,30629657.3009178,160959882.2253,0.005980925650453,0,0,0,5.069538431573,4.547188821598e-82,0,-0.9538739608593,-0.4901163104846,-13.59542105792,-2.920177302036,1.338568366998,-12.49619264429,16279.16702681,-3097.822483629,0,0,259751.300,2296,544,0,569197.8304608
569400,27844402.04046,9482426.063836,3242699.267117,0,0,0,1.657883653126,-0.4889792839639,32422378.84408,30629347.5119402,160958254.2732,0.005980925649839,0,0,0,5.069538431573,4.546148516973e-82,0,-0.9538524815671,-0.4900759941794,-13.59494674734,-2.920252301104,1.338563283949,-12.49587392184,16279.87431714,-3097.957076505,0,0,259751.400,2296,544,0,569297.8314941
569500,27844371.93698,9482412.751554,3242997.407695,0,0,0,1.657853477718,-0.4889388724117,32422069.04146,30629037.7095035,160956626.2504,0.005980925649224,0,0,0,5.069538431573,4.545108470583e-82,0,-0.9538310045464,-0.4900356767517,-13.59447242355,-2.920327307953,1.338558201126,-12.49555517117,16280.58156833,-3098.09166193,0,0,259751.500,2296,544,0,569397.8325275
569600,27844341.83052,9482399.438756,3243295.547773,0,0,0,1.657823288872,-0.4888984596349,32421759.22538,30628727.893609,160954998.1569,0.00598092564861,0,0,0,5.069538431573,4.544068682394e-82,0,-0.9538095287001,-0.4899953577682,-13.59399808146,-2.920402286979,1.338553118529,-12.49523638716,16281.28876078,-3098.226236179,0,0,259751.600,2296,544,0,569497.8335609
569700,27844311.72105,9482386.125443,3243593.687353,0,0,0,1.657793086585,-0.4888580456338,32421449.39585,30628418.0642576,160953369.9927,0.005980925647995,0,0,0,5.069538431573,4.543029152378e-82,0,-0.9537880578157,-0.4899550376774,-13.59352372634,-2.920477276293,1.338548036159,-12.49491757511,16281.99588472,-3098.36079739,0,0,259751.700,2296,544,0,569597.8345944
569800,27844281.60859,9482372.811614,3243891.826434,0,0,0,1.657762870855,-0.4888176304083,32421139.55286,30628108.2214504,160951741.7577,0.005980925647381,0,0,0,5.069538431573,4.541989880503e-82,0,-0.9537665881216,-0.4899147164303,-13.59304935762,-2.920552258826,1.338542954015,-12.49459873444,16282.70290098,-3098.495338112,0,0,259751.800,2296,544,0,569697.8356279
569900,27844251.49313,9482359.497271,3244189.965016,0,0,0,1.657732641681,-0.4887772139586,32420829.69641,30627798.3651884,160950113.4521,0.005980925646767,0,0,0,5.069538431573,4.540950866734e-82,0,-0.9537451208703,-0.4898743940949,-13.59257497609,-2.920627248879,1.338537872097,-12.49427986592,16283.4099564,-3098.629886284,0,0,259751.900,2296,544,0,569797.8366615
570000,27844221.37467,9482346.182412,3244488.103099,0,0,0,1.657702399058,-0.4887367962848,32420519.82651,30627488.4954727,160948485.0757,0.005980925646152,0,0,0,5.069538431573,4.539912111044e-82,0,-0.9537236555664,-0.4898340702956,-13.59210057734,-2.920702267535,1.338532790406,-12.49396096516,16284.11690415,-3098.764413968,0,0,259752.000,2296,544,0,569897.8376951
570100,27844191.25322,9482332.867038,3244786.240683,0,0,0,1.657672142985,-0.488696377387,32420209.94316,30627178.6123043,160946856.6287,0.005980925645538,0,0,0,5.069538431573,4.538873613399e-82,0,-0.9537021920904,-0.4897937454063,-13.59162616577,-2.920777250867,1.338527708942,-12.49364203654,16284.82385189,-3098.898941651,0,0,259752.100,2296,544,0,569997.8387288
570200,27844161.12877,9482319.551149,3245084.377768,0,0,0,1.65764187346,-0.4886559572652,32419900.04635,30626868.7156842,160945228.111,0.005980925644924,0,0,0,5.069538431573,4.537835373767e-82,0,-0.9536807333581,-0.4897534191382,-13.59115173798,-2.920852233948,1.338522627704,-12.49332307667,16285.53065282,-3099.033441395,0,0,259752.200,2296,544,0,570097.8397625
570300,27844131.00133,9482306.234745,3245382.514354,0,0,0,1.65761159048,-0.4886155359196,32419590.1361,30626558.8056135,160943599.5226,0.005980925644309,0,0,0,5.069538431573,4.53679739212e-82,0,-0.9536592755792,-0.4897130916167,-13.59067729544,-2.920927207882,1.338517546693,-12.49300408701,16286.23747331,-3099.167944863,0,0,259752.300,2296,544,0,570197.8407962
570400,27844100.87089,9482292.917826,3245680.650441,0,0,0,1.657581294043,-0.4885751133503,32419280.21239,30626248.8820932,160941970.8635,0.005980925643695,0,0,0,5.069538431573,4.535759668422e-82,0,-0.9536378201675,-0.4896727630816,-13.59020284097,-2.921002173552,1.338512465909,-12.49268507038,16286.94428403,-3099.30244647,0,0,259752.400,2296,544,0,570297.84183
570500,27844070.73745,9482279.600392,3245978.786028,0,0,0,1.657550984147,-0.4885346895572,32418970.27524,30625938.9451244,160940342.1337,0.00598092564308,0,0,0,5.069538431573,4.534722202644e-82,0,-0.9536163672485,-0.4896324331073,-13.58972836958,-2.921077143446,1.338507385351,-12.49236602179,16287.6509577,-3099.436921999,0,0,259752.500,2296,544,0,570397.8428639
570600,27844040.60101,9482266.282444,3246276.921117,0,0,0,1.657520660788,-0.4884942645407,32418660.32464,30625628.9947081,160938713.3333,0.005980925642466,0,0,0,5.069538431573,4.533684994755e-82,0,-0.953594916905,-0.4895921021133,-13.58925388619,-2.921152146305,1.33850230502,-12.49204694615,16288.35765095,-3099.571401253,0,0,259752.600,2296,544,0,570497.8438977
570700,27844010.46158,9482252.96398,3246575.055706,0,0,0,1.657490323966,-0.4884538383007,32418350.36059,30625319.0308453,160937084.4622,0.005980925641852,0,0,0,5.069538431573,4.532648044721e-82,0,-0.9535734674565,-0.4895517695766,-13.58877938465,-2.921227121494,1.338497224917,-12.49172783731,16289.06427569,-3099.705867469,0,0,259752.700,2296,544,0,570597.8449317
570800,27843980.31915,9482239.645002,3246873.189796,0,0,0,1.657459973676,-0.4884134108373,32418040.3831,30625009.0535372,160935455.5204,0.005980925641237,0,0,0,5.069538431573,4.531611352512e-82,0,-0.9535520232524,-0.4895114361472,-13.5883048726,-2.921302088388,1.33849214504,-12.49140870292,16289.77078296,-3099.840311334,0,0,259752.800,2296,544,0,570697.8459656
570900,27843950.17373,9482226.325508,3247171.323386,0,0,0,1.657429609918,-0.4883729821506,32417730.39216,30624699.0627847,160933826.508,0.005980925640623,0,0,0,5.069538431573,4.530574918097e-82,0,-0.9535305801612,-0.4894711013552,-13.58783034453,-2.921377079101,1.33848706539,-12.49108953745,16290.47719236,-3099.974736571,0,0,259752.900,2296,544,0,570797.8469997
571000,27843920.02531,9482213.005501,3247469.456478,0,0,0,1.657399232688,-0.4883325522408,32417420.38778,30624389.0585888,160932197.425,0.005980925640009,0,0,0,5.069538431573,4.529538741443e-82,0,-0.9535091391119,-0.4894307650673,-13.58735579886,-2.921452040269,1.338481985968,-12.49077033932,16291.18367027,-3100.109174848,0,0,259753.000,2296,544,0,570897.8480337
571100,27843889.87389,9482199.684978,3247767.589069,0,0,0,1.657368841984,-0.4882921211079,32417110.36996,30624079.0409507,160930568.2713,0.005980925639394,0,0,0,5.069538431573,4.528502822519e-82,0,-0.953487700789,-0.4893904279317,-13.58688124321,-2.921527035852,1.338476906772,-12.49045111616,16291.89006987,-3100.243598223,0,0,259753.100,2296,544,0,570997.8490678
571200,27843859.71948,9482186.363941,3248065.721161,0,0,0,1.657338437804,-0.488251688752,32416800.3387,30623769.0098714,160928939.047,0.00598092563878,0,0,0,5.069538431573,4.527467161295e-82,0,-0.9534662636066,-0.4893500894003,-13.58640667114,-2.921602004052,1.338471827804,-12.49013186153,16292.59639117,-3100.378006697,0,0,259753.200,2296,544,0,571097.850102
571300,27843829.56207,9482173.042389,3248363.852754,0,0,0,1.657308020146,-0.4882112551732,32416490.29399,30623458.9653518,160927309.752,0.005980925638165,0,0,0,5.069538431573,4.526431757735e-82,0,-0.9534448300888,-0.4893097496918,-13.58593208523,-2.921676945971,1.338466749063,-12.48981257798,16293.30264395,-3100.512402132,0,0,259753.300,2296,544,0,571197.8511362
571400,27843799.40166,9482159.720323,3248661.983847,0,0,0,1.657277589006,-0.4881708203717,32416180.23585,30623148.9073931,160925680.3865,0.005980925637551,0,0,0,5.069538431573,4.525396611813e-82,0,-0.9534234004883,-0.4892694087843,-13.5854574852,-2.921751912489,1.338461670549,-12.48949326526,16294.00875969,-3100.646771491,0,0,259753.400,2296,544,0,571297.8521704
571500,27843769.23825,9482146.397742,3248960.114441,0,0,0,1.657247144384,-0.4881303843474,32415870.16427,30622838.8359963,160924050.9503,0.005980925636937,0,0,0,5.069538431573,4.524361723493e-82,0,-0.9534019715335,-0.4892290663319,-13.58498286701,-2.92182686656,1.338456592263,-12.4891739193,16294.71491459,-3100.7811483,0,0,259753.500,2296,544,0,571397.8532047
571600,27843739.07185,9482133.074647,3249258.244534,0,0,0,1.657216686275,-0.4880899471005,32415560.07925,30622528.7511624,160922421.4435,0.005980925636322,0,0,0,5.069538431573,4.523327092744e-82,0,-0.9533805455363,-0.4891887231541,-13.58450824028,-2.921901854743,1.338451514204,-12.48885454973,16295.42100097,-3100.91551207,0,0,259753.600,2296,544,0,571497.854239
571700,27843708.90246,9482119.751037,3249556.374128,0,0,0,1.657186214679,-0.4880495086311,32415249.9808,30622218.6528925,160920791.8661,0.005980925635708,0,0,0,5.069538431573,4.522292719536e-82,0,-0.9533591213553,-0.4891483783903,-13.58403359489,-2.921976832207,1.338446436372,-12.48853514644,16296.12715587,-3101.049888879,0,0,259753.700,2296,544,0,571597.8552734
571800,27843678.73006,9482106.426913,3249854.503223,0,0,0,1.657155729592,-0.4880090689393,32414939.86891,30621908.5411877,160919162.2181,0.005980925635094,0,0,0,5.069538431573,4.521258603835e-82,0,-0.9533376987185,-0.4891080326419,-13.58355893791,-2.922051783758,1.338441358768,-12.48821571648,16296.83303669,-3101.184213534,0,0,259753.800,2296,544,0,571697.8563078
571900,27843648.55467,9482093.102275,3250152.631817,0,0,0,1.657125231012,-0.4879686280252,32414629.74359,30621598.4160489,160917532.4995,0.005980925634479,0,0,0,5.069538431573,4.520224745613e-82,0,-0.9533162810695,-0.4890676855498,-13.58308426513,-2.922126743188,1.338436281392,-12.48789625564,16297.53892731,-3101.318540052,0,0,259753.900,2296,544,0,571797.8573423
572000,27843618.37628,9482079.777122,3250450.759911,0,0,0,1.657094718937,-0.4879281858888,32414319.60483,30621288.2774771,160915902.7103,0.005980925633865,0,0,0,5.069538431573,4.519191144832e-82,0,-0.9532948643338,-0.4890273369393,-13.58260957449,-2.922201690733,1.338431204243,-12.48757676186,16298.24486686,-3101.452875882,0,0,259754.000,2296,544,0,571897.8583768
572100,27843588.1949,9482066.451456,3250748.887506,0,0,0,1.657064193364,-0.4878877425303,32414009.45264,30620978.1254736,160914272.8505,0.00598092563325,0,0,0,5.069538431573,4.518157801465e-82,0,-0.9532734497574,-0.4889869873527,-13.58213487236,-2.922276653387,1.338426127322,-12.48725724151,16298.95068896,-3101.587189361,0,0,259754.100,2296,544,0,571997.8594114
572200,27843558.01052,9482053.125275,3251047.014601,0,0,0,1.657033654291,-0.4878472979498,32413699.28702,30620667.9600392,160912642.9201,0.005980925632636,0,0,0,5.069538431573,4.51712471548e-82,0,-0.95325203811,-0.4889466365475,-13.58166015589,-2.922351606591,1.338421050629,-12.48693769174,16299.65645233,-3101.721491665,0,0,259754.200,2296,544,0,572097.860446
572300,27843527.82314,9482039.79858,3251345.141196,0,0,0,1.657003101716,-0.4878068521473,32413389.10798,30620357.7811751,160911012.9192,0.005980925632022,0,0,0,5.069538431573,4.516091886845e-82,0,-0.9532306286115,-0.4889062845107,-13.58118542494,-2.922426549901,1.338415974163,-12.48661811239,16300.36216675,-3101.855784655,0,0,259754.300,2296,544,0,572197.8614806
572400,27843497.63277,9482026.47137,3251643.26729,0,0,0,1.656972535636,-0.487766405123,32413078.9155,30620047.5888822,160909382.8477,0.005980925631407,0,0,0,5.069538431573,4.515059315527e-82,0,-0.9532092201963,-0.4888659312869,-13.58071068002,-2.922501502487,1.338410897926,-12.48629850399,16301.06789097,-3101.990079507,0,0,259754.400,2296,544,0,572297.8625153
572500,27843467.4394,9482013.143647,3251941.392885,0,0,0,1.656941956048,-0.4877259568769,32412768.70959,30619737.3831617,160907752.7056,0.005980925630793,0,0,0,5.069538431573,4.514027001493e-82,0,-0.9531878171229,-0.488825576663,-13.58023591863,-2.922576461024,1.338405821916,-12.48597886403,16301.77343899,-3102.124340832,0,0,259754.500,2296,544,0,572397.86355
572600,27843437.24303,9481999.81541,3252239.517979,0,0,0,1.656911362951,-0.4876855074092,32412458.49026,30619427.1640145,160906122.493,0.005980925630179,0,0,0,5.069538431573,4.512994944715e-82,0,-0.9531664149033,-0.4887852209823,-13.5797611448,-2.922651431454,1.338400746134,-12.48565919654,16302.4789968,-3102.25860402,0,0,259754.600,2296,544,0,572497.8645848
572700,27843407.04367,9481986.486659,3252537.642573,0,0,0,1.656880756343,-0.4876450567199,32412148.25751,30619116.9314417,160904492.2098,0.005980925629564,0,0,0,5.069538431573,4.511963145158e-82,0,-0.9531450152194,-0.4887448640472,-13.57928635622,-2.922726376204,1.338395670581,-12.48533949919,16303.18452525,-3102.39286162,0,0,259754.700,2296,544,0,572597.8656196
572800,27843376.8413,9481973.157394,3252835.766668,0,0,0,1.656850136219,-0.4876046048091,32411838.01132,30618806.6854444,160902861.8561,0.00598092562895,0,0,0,5.069538431573,4.510931602791e-82,0,-0.9531236178306,-0.4887045058198,-13.57881155243,-2.92280131131,1.338390595255,-12.48501977154,16303.88994603,-3102.52709873,0,0,259754.800,2296,544,0,572697.8666545
572900,27843346.63595,9481959.827615,3253133.890261,0,0,0,1.65681950258,-0.487564151677,32411527.75172,30618496.4260236,160901231.4319,0.005980925628335,0,0,0,5.069538431573,4.509900317582e-82,0,-0.9531022216032,-0.4886641463103,-13.5783495881,-2.922876232471,1.338385520158,-12.48471286824,16304.59529829,-3102.661322802,0,0,259754.900,2296,544,0,572797.8676894
573000,27843316.42759,9481946.497323,3253432.013355,0,0,0,1.65678885542,-0.4875236973235,32411217.47869,30618186.1531803,160899600.9371,0.005980925627721,0,0,0,5.069538431573,4.508869289499e-82,0,-0.953080830536,-0.4886237857433,-13.57789325671,-2.922951171403,1.338380445289,-12.48441158278,16305.30058203,-3102.795533836,0,0,259755.000,2296,544,0,572897.8687244
573100,27843286.21624,9481933.166516,3253730.135948,0,0,0,1.65675819474,-0.4874832417489,32410907.19224,30617875.8669156,160897970.3717,0.005980925627107,0,0,0,5.069538431573,4.507838518511e-82,0,-0.9530594403495,-0.4885834238214,-13.57743691,-2.92302613616,1.338375370648,-12.4841102669,16306.00587556,-3102.929746732,0,0,259755.100,2296,544,0,572997.8697594
573200,27843256.0019,9481919.835196,3254028.25804,0,0,0,1.656727520535,-0.4874427849532,32410596.89237,30617565.5672305,160896339.7359,0.005980925626492,0,0,0,5.069538431573,4.506808004586e-82,0,-0.9530380526516,-0.4885430607602,-13.57698055041,-2.923101074027,1.338370296235,-12.48380892302,16306.71112015,-3103.063950315,0,0,259755.200,2296,544,0,573097.8707944
573300,27843225.78455,9481906.503362,3254326.379633,0,0,0,1.656696832804,-0.4874023269365,32410286.57908,30617255.2541261,160894709.0295,0.005980925625878,0,0,0,5.069538431573,4.505777747689e-82,0,-0.9530166672038,-0.4885026963917,-13.57652417604,-2.923176003136,1.338365222051,-12.48350754926,16307.41626686,-3103.198135272,0,0,259755.300,2296,544,0,573197.8718295
573400,27843195.56421,9481893.171015,3254624.500724,0,0,0,1.656666131544,-0.4873618676989,32409976.25238,30616944.9276034,160893078.2526,0.005980925625264,0,0,0,5.069538431573,4.504747747791e-82,0,-0.9529952841378,-0.4884623304621,-13.57606778402,-2.923250934557,1.338360148095,-12.48320614273,16308.12137441,-3103.332312778,0,0,259755.400,2296,544,0,573297.8728647
573500,27843165.34087,9481879.838154,3254922.621315,0,0,0,1.656635416754,-0.4873214072405,32409665.91225,30616634.5876635,160891447.4052,0.005980925624649,0,0,0,5.069538431573,4.503718004862e-82,0,-0.9529739027625,-0.4884219638559,-13.57561138435,-2.923325881792,1.338355074368,-12.48290471343,16308.82641344,-3103.466477245,0,0,259755.500,2296,544,0,573397.8738999
573600,27843135.11454,9481866.504779,3255220.741406,0,0,0,1.656604688429,-0.4872809455614,32409355.55871,30616324.2343074,160889816.4873,0.005980925624035,0,0,0,5.069538431573,4.502688518865e-82,0,-0.9529525258651,-0.4883815956866,-13.57515496701,-2.923400838775,1.338350000869,-12.48260325134,16309.53142311,-3103.600636125,0,0,259755.600,2296,544,0,573497.8749351
573700,27843104.88521,9481853.170891,3255518.860996,0,0,0,1.656573946569,-0.4872404826617,32409045.19176,30616013.8675361,160888185.4989,0.00598092562342,0,0,0,5.069538431573,4.501659289771e-82,0,-0.9529311504284,-0.4883412265993,-13.57469853929,-2.923475769395,1.338344927599,-12.48230176375,16310.23639363,-3103.734787554,0,0,259755.700,2296,544,0,573597.8759704
573800,27843074.65288,9481839.836489,3255816.980085,0,0,0,1.65654319117,-0.4872000185414,32408734.81139,30615703.4873507,160886554.4401,0.005980925622806,0,0,0,5.069538431573,4.500630317548e-82,0,-0.952909777016,-0.4883008560402,-13.57424209492,-2.923550672586,1.338339854557,-12.48200024439,16310.9412369,-3103.868914768,0,0,259755.800,2296,544,0,573697.8770057
573900,27843044.41756,9481826.501574,3256115.098674,0,0,0,1.656512422231,-0.4871595532007,32408424.41761,30615393.0937523,160884923.3107,0.005980925622192,0,0,0,5.069538431573,4.499601602162e-82,0,-0.952888405974,-0.4882604840702,-13.57378563461,-2.923625580749,1.338334781745,-12.48169869396,16311.64608996,-3104.003043845,0,0,259755.900,2296,544,0,573797.878041
574000,27843014.17923,9481813.166146,3256413.216761,0,0,0,1.656481639748,-0.4871190866397,32408114.01041,30615082.6867418,160883292.1108,0.005980925621577,0,0,0,5.069538431573,4.498573143584e-82,0,-0.9528670376335,-0.4882201113807,-13.57332916616,-2.923700519244,1.338329709161,-12.48139712026,16312.35088429,-3104.137161747,0,0,259756.000,2296,544,0,573897.8790764
574100,27842983.93792,9481799.830205,3256711.334348,0,0,0,1.65645084372,-0.4870786188584,32407803.58981,30614772.2663204,160881660.8405,0.005980925620963,0,0,0,5.069538431573,4.49754494178e-82,0,-0.9528456704864,-0.4881797371457,-13.57287268023,-2.923775470437,1.338324636805,-12.48109551395,16313.05563946,-3104.271272197,0,0,259756.100,2296,544,0,573997.8801119
574200,27842953.6936,9481786.49375,3257009.451434,0,0,0,1.656420034144,-0.487038149857,32407493.15579,30614461.832489,160880029.4997,0.005980925620349,0,0,0,5.069538431573,4.496516996717e-82,0,-0.9528243082358,-0.4881393618046,-13.5724161818,-2.923850410022,1.338319564679,-12.48079388001,16313.76030654,-3104.405365884,0,0,259756.200,2296,544,0,574097.8811474
574300,27842923.44629,9481773.156782,3257307.568019,0,0,0,1.656389211018,-0.4869976796356,32407182.70837,30614151.3852487,160878398.0885,0.005980925619734,0,0,0,5.069538431573,4.495489308364e-82,0,-0.9528029468145,-0.4880989848817,-13.57195966549,-2.92392532306,1.338314492782,-12.48049221305,16314.46488553,-3104.539442807,0,0,259756.300,2296,544,0,574197.8821829
574400,27842893.19598,9481759.8193,3257605.684104,0,0,0,1.656358374339,-0.4869572081941,32406872.24753,30613840.9246006,160876766.6067,0.00598092561912,0,0,0,5.069538431573,4.494461876689e-82,0,-0.9527815883506,-0.4880586073264,-13.57150314202,-2.924000222448,1.338309421113,-12.48019052379,16315.16946452,-3104.673519731,0,0,259756.400,2296,544,0,574297.8832185
574500,27842862.94268,9481746.481306,3257903.799687,0,0,0,1.656327524105,-0.4869167355329,32406561.77329,30613530.4505458,160875135.0546,0.005980925618505,0,0,0,5.069538431573,4.49343470166e-82,0,-0.9527602317074,-0.4880182279761,-13.57104659826,-2.924075155259,1.338304349674,-12.47988879911,16315.87398477,-3104.807585478,0,0,259756.500,2296,544,0,574397.8842541
574600,27842832.68638,9481733.142798,3258201.914769,0,0,0,1.656296660313,-0.4868762616518,32406251.28565,30613219.9630851,160873503.432,0.005980925617891,0,0,0,5.069538431573,4.492407783246e-82,0,-0.9527388767551,-0.4879778477618,-13.57059004473,-2.924150080989,1.338299278464,-12.4795870495,16316.5784463,-3104.941640049,0,0,259756.600,2296,544,0,574497.8852898
574700,27842802.42708,9481719.803778,3258500.02935,0,0,0,1.656265782961,-0.4868357865511,32405940.7846,30612909.4622198,160871871.7389,0.005980925617277,0,0,0,5.069538431573,4.491381121413e-82,0,-0.9527175265877,-0.4879374662153,-13.57013347614,-2.924224997008,1.338294207482,-12.47928526969,16317.28281973,-3105.075677857,0,0,259756.700,2296,544,0,574597.8863255
574800,27842772.16478,9481706.464244,3258798.14343,0,0,0,1.656234892047,-0.4867953102308,32405630.27015,30612598.9479508,160870239.9754,0.005980925616662,0,0,0,5.069538431573,4.490354716127e-82,0,-0.9526961774854,-0.4878970832988,-13.56967689206,-2.924299878236,1.338289136731,-12.47898345925,16317.98709528,-3105.209697038,0,0,259756.800,2296,544,0,574697.8873613
574900,27842741.89949,9481693.124198,3259096.257008,0,0,0,1.656203987568,-0.486754832691,32405319.74229,30612288.4202791,160868608.1415,0.005980925616048,0,0,0,5.069538431573,4.489328567359e-82,0,-0.952674830752,-0.4878566992449,-13.56922029512,-2.924374792114,1.338284066208,-12.47868162079,16318.69137083,-3105.343716219,0,0,259756.900,2296,544,0,574797.8883971
575000,27842711.6312,9481679.783638,3259394.370086,0,0,0,1.656173069522,-0.4867143539319,32405009.20103,30611977.8792059,160866976.2371,0.005980925615434,0,0,0,5.069538431573,4.488302675079e-82,0,-0.9526534864297,-0.4878163143322,-13.56876368847,-2.924449738622,1.338278995915,-12.47837975746,16319.39559744,-3105.477726087,0,0,259757.000,2296,544,0,574897.889433
575100,27842681.35992,9481666.442566,3259692.482662,0,0,0,1.656142137906,-0.4866738739534,32404698.64638,30611667.3247322,160865344.2623,0.005980925614819,0,0,0,5.069538431573,4.487277039247e-82,0,-0.9526321444467,-0.4877759276204,-13.56830706148,-2.924524671697,1.338273925851,-12.47807785864,16320.09982405,-3105.611735955,0,0,259757.100,2296,544,0,574997.8904689
575200,27842651.08563,9481653.100981,3259990.594737,0,0,0,1.656111192718,-0.4866333927557,32404388.07832,30611356.7568591,160863712.2172,0.005980925614205,0,0,0,5.069538431573,4.486251659836e-82,0,-0.9526108038049,-0.4877355399002,-13.56785042308,-2.924599578861,1.338268856016,-12.47777593327,16320.8039332,-3105.745723471,0,0,259757.200,2296,544,0,575097.8915048
575300,27842620.80836,9481639.758883,3260288.70631,0,0,0,1.656080233956,-0.4865929103389,32404077.49686,30611046.1755874,160862080.1016,0.00598092561359,0,0,0,5.069538431573,4.485226536816e-82,0,-0.9525894679481,-0.4876951510396,-13.5673937718,-2.924674454452,1.338263786411,-12.47747397983,16321.50802278,-3105.879707262,0,0,259757.300,2296,544,0,575197.8925408
575400,27842590.52808,9481626.416272,3260586.817382,0,0,0,1.656049261617,-0.4865524267032,32403766.90201,30610735.5809184,160860447.9156,0.005980925612976,0,0,0,5.069538431573,4.48420167015e-82,0,-0.9525681334363,-0.4876547607107,-13.56693710391,-2.92474936104,1.338258717036,-12.47717199463,16322.21195574,-3106.01366125,0,0,259757.400,2296,544,0,575297.8935768
575500,27842560.24481,9481613.073149,3260884.927953,0,0,0,1.656018275699,-0.4865119418485,32403456.29376,30610424.972853,160858815.6592,0.005980925612362,0,0,0,5.069538431573,4.483177059809e-82,0,-0.9525468011035,-0.487614369505,-13.56648042611,-2.924824259466,1.33825364789,-12.47686998435,16322.91595722,-3106.147628278,0,0,259757.500,2296,544,0,575397.8946129
575600,27842529.95854,9481599.729513,3261183.038022,0,0,0,1.655987276199,-0.4864714557749,32403145.67211,30610114.3513924,160857183.3324,0.005980925611747,0,0,0,5.069538431573,4.482152705758e-82,0,-0.9525254710841,-0.4875739767951,-13.5660237313,-2.924899188927,1.338248578974,-12.4765679419,16323.61983145,-3106.28157109,0,0,259757.600,2296,544,0,575497.895649
575700,27842499.66927,9481586.385365,3261481.147589,0,0,0,1.655956263115,-0.4864309684827,32402835.03708,30609803.7165375,160855550.9352,0.005980925611133,0,0,0,5.069538431573,4.481128607966e-82,0,-0.9525041438242,-0.4875335829439,-13.56556702359,-2.924974089973,1.338243510287,-12.47626587137,16324.32372525,-3106.415517628,0,0,259757.700,2296,544,0,575597.8966852
575800,27842469.37701,9481573.040704,3261779.256655,0,0,0,1.655925236445,-0.4863904799718,32402524.38864,30609493.0682894,160853918.4676,0.005980925610519,0,0,0,5.069538431573,4.4801047664e-82,0,-0.9524828174349,-0.4874931877413,-13.56511030059,-2.92504895624,1.338238441831,-12.47596377039,16325.02757012,-3106.549454853,0,0,259757.800,2296,544,0,575697.8977214
575900,27842439.08175,9481559.69553,3262077.365219,0,0,0,1.655894196185,-0.4863499902424,32402213.72682,30609182.4066491,160852285.9297,0.005980925609904,0,0,0,5.069538431573,4.47908118103e-82,0,-0.9524614960735,-0.4874527916212,-13.56465356723,-2.925123875,1.338233373604,-12.47566164386,16325.73126816,-3106.683364138,0,0,259757.900,2296,544,0,575797.8987577
576000,27842408.78349,9481546.349844,3262375.473282,0,0,0,1.655863142335,-0.4863094992945,32401903.0516,30608871.7316178,160850653.3214,0.00598092560929,0,0,0,5.069538431573,4.478057851821e-82,0,-0.9524401759506,-0.4874123939657,-13.5641968165,-2.925198784932,1.338228305607,-12.47535948479,16326.43495642,-3106.81727156,0,0,259758.000,2296,544,0,575897.899794
576100,27842378.48224,9481533.003646,3262673.580843,0,0,0,1.65583207489,-0.4862690071283,32401592.363,30608561.0431963,160849020.6427,0.005980925608675,0,0,0,5.069538431573,4.477034778743e-82,0,-0.9524188582162,-0.4873719952955,-13.56374005431,-2.925273705294,1.33822323784,-12.47505729907,16327.13858594,-3106.951167807,0,0,259758.100,2296,544,0,575997.9008303
576200,27842348.17799,9481519.656935,3262971.687902,0,0,0,1.65580099385,-0.4862285137438,32401281.661,30608250.3413859,160847387.8937,0.005980925608061,0,0,0,5.069538431573,4.47601196176e-82,0,-0.9523975427919,-0.487331595203,-13.56328327603,-2.925348600104,1.338218170303,-12.47475508209,16327.84221547,-3107.085064054,0,0,259758.200,2296,544,0,576097.9018667
576300,27842317.87074,9481506.309712,3263269.794459,0,0,0,1.655769899211,-0.4861880191412,32400970.94562,30607939.6261875,160845755.0743,0.005980925607447,0,0,0,5.069538431573,4.474989400844e-82,0,-0.9523762284865,-0.48729119403,-13.56282648553,-2.925423438608,1.338213102995,-12.4744528377,16328.54564923,-3107.218923047,0,0,259758.300,2296,544,0,576197.9029031
576400,27842287.5605,9481492.961976,3263567.900514,0,0,0,1.655738790971,-0.4861475233205,32400660.21685,30607628.8976021,160844122.1845,0.005980925606832,0,0,0,5.069538431573,4.473967095958e-82,0,-0.9523549195954,-0.4872507916733,-13.56236968165,-2.925498331283,1.338208035919,-12.47415056474,16329.2490732,-3107.352780178,0,0,259758.400,2296,544,0,576297.9039396
576500,27842257.24726,9481479.613729,3263866.006067,0,0,0,1.655707669127,-0.4861070262818,32400349.4747,30607318.1556309,160842489.2245,0.005980925606218,0,0,0,5.069538431573,4.472945047074e-82,0,-0.9523336114115,-0.4872103878933,-13.56191286168,-2.925573258775,1.338202969072,-12.4738482605,16329.95244823,-3107.486627996,0,0,259758.500,2296,544,0,576397.9049761
576600,27842226.93102,9481466.264969,3264164.111119,0,0,0,1.655676533678,-0.4860665280252,32400038.71916,30607007.4002748,160840856.194,0.005980925605604,0,0,0,5.069538431573,4.471923254155e-82,0,-0.952312305607,-0.4871699830315,-13.56145602948,-2.92564814754,1.338197902455,-12.47354592884,16330.65582326,-3107.620475814,0,0,259758.600,2296,544,0,576497.9060127
576700,27842196.61178,9481452.915697,3264462.215668,0,0,0,1.65564538462,-0.4860260285509,32399727.95023,30606696.631535,160839223.0933,0.005980925604989,0,0,0,5.069538431573,4.470901717175e-82,0,-0.9522910021699,-0.4871295769581,-13.56099918358,-2.925723054614,1.338192836069,-12.47324356828,16331.35915913,-3107.754316181,0,0,259758.700,2296,544,0,576597.9070493
576800,27842166.28955,9481439.565913,3264760.319715,0,0,0,1.655614221952,-0.4859855278588,32399417.16792,30606385.8494124,160837589.9222,0.005980925604375,0,0,0,5.069538431573,4.469880436095e-82,0,-0.9522697013292,-0.4870891696473,-13.56054232369,-2.925797903983,1.338187769913,-12.47294117853,16332.06237755,-3107.888134196,0,0,259758.800,2296,544,0,576697.908086
576900,27842135.96433,9481426.215617,3265058.423261,0,0,0,1.65558304567,-0.4859450259492,32399106.37224,30606075.0539081,160835956.6808,0.005980925603761,0,0,0,5.069538431573,4.468859410885e-82,0,-0.9522484017166,-0.4870487610899,-13.5600854497,-2.925872789186,1.338182703988,-12.47263875949,16332.76553724,-3108.021941036,0,0,259758.900,2296,544,0,576797.9091227
577000,27842105.6361,9481412.864808,3265356.526304,0,0,0,1.655551855773,-0.4859045228221,32398795.56317,30605764.2450231,160834323.3691,0.005980925603146,0,0,0,5.069538431573,4.467838641514e-82,0,-0.9522271067807,-0.4870083512224,-13.5596285609,-2.925947709045,1.338177638293,-12.47233631043,16333.4687165,-3108.155751601,0,0,259759.000,2296,544,0,576897.9101594
577100,27842075.30488,9481399.513488,3265654.628844,0,0,0,1.655520652259,-0.4858640184775,32398484.74072,30605453.4227586,160832689.9871,0.005980925602532,0,0,0,5.069538431573,4.466818127947e-82,0,-0.9522058133323,-0.4869679402709,-13.55917165985,-2.926022571082,1.338172572828,-12.47203383391,16334.17172937,-3108.289530501,0,0,259759.100,2296,544,0,576997.9111962
577200,27842044.97066,9481386.161656,3265952.730883,0,0,0,1.655489435123,-0.4858235129157,32398173.90489,30605142.5871155,160831056.5347,0.005980925601917,0,0,0,5.069538431573,4.465797870154e-82,0,-0.952184521832,-0.4869275280581,-13.55871474453,-2.926097451082,1.338167507594,-12.47173132792,16334.8747716,-3108.423314989,0,0,259759.200,2296,544,0,577097.912233
577300,27842014.63344,9481372.809312,3266250.832419,0,0,0,1.655458204365,-0.4857830061366,32397863.05569,30604831.7380949,160829423.0121,0.005980925601303,0,0,0,5.069538431573,4.464777868099e-82,0,-0.9521632330047,-0.4868871144887,-13.55825781388,-2.92617229408,1.33816244259,-12.47142879139,16335.57776488,-3108.557090163,0,0,259759.300,2296,544,0,577197.9132699
577400,27841984.29323,9481359.456457,3266548.933453,0,0,0,1.655426959982,-0.4857424981404,32397552.19311,30604520.8756979,160827789.4192,0.005980925600689,0,0,0,5.069538431573,4.463758121752e-82,0,-0.9521419450533,-0.4868466997177,-13.55780086964,-2.926247170928,1.338157377818,-12.47112622605,16336.28067008,-3108.690848574,0,0,259759.400,2296,544,0,577297.9143069
577500,27841953.95002,9481346.103089,3266847.033985,0,0,0,1.655395701971,-0.4857019889271,32397241.31715,30604209.9999254,160826155.756,0.005980925600074,0,0,0,5.069538431573,4.46273863108e-82,0,-0.9521206624556,-0.4868062838075,-13.55734391252,-2.926322082752,1.338152313276,-12.47082363262,16336.98353612,-3108.824599534,0,0,259759.500,2296,544,0,577397.9153438
577600,27841923.60382,9481332.74921,3267145.134014,0,0,0,1.65536443033,-0.485661478497,32396930.42782,30603899.1107786,160824522.0225,0.00598092559946,0,0,0,5.069538431573,4.461719396051e-82,0,-0.9520993809323,-0.4867658667009,-13.55688694187,-2.92639697697,1.338147248964,-12.47052101045,16337.68633364,-3108.958337456,0,0,259759.600,2296,544,0,577497.9163808
577700,27841893.25461,9481319.394819,3267443.233541,0,0,0,1.655333145057,-0.48562096685,32396619.52511,30603588.2082585,160822888.2187,0.005980925598846,0,0,0,5.069538431573,4.460700416632e-82,0,-0.9520781014758,-0.4867254482323,-13.55642995582,-2.926471847489,1.338142184884,-12.47021835766,16338.38911159,-3109.092071652,0,0,259759.700,2296,544,0,577597.9174179
577800,27841862.90241,9481306.039916,3267741.332565,0,0,0,1.655301846148,-0.4855804539862,32396308.60904,30603277.2923661,160821254.3447,0.005980925598231,0,0,0,5.069538431573,4.459681692788e-82,0,-0.9520568246479,-0.4866850284512,-13.55597295494,-2.926546683888,1.338137121034,-12.4699156748,16339.09178186,-3109.22578536,0,0,259759.800,2296,544,0,577697.918455
577900,27841832.54722,9481292.684502,3268039.431087,0,0,0,1.655270533603,-0.4855399399058,32395997.67959,30602966.3631024,160819620.4004,0.005980925597617,0,0,0,5.069538431573,4.458663224491e-82,0,-0.9520355502631,-0.4866446076887,-13.55551594296,-2.926621555133,1.338132057416,-12.46961296563,16339.79439341,-3109.359487891,0,0,259759.900,2296,544,0,577797.9194921
578000,27841802.18902,9481279.328576,3268337.529105,0,0,0,1.655239207417,-0.4854994246088,32395686.73677,30602655.4204687,160817986.3858,0.005980925597002,0,0,0,5.069538431573,4.457645011705e-82,0,-0.9520142771443,-0.486604185837,-13.55505891866,-2.926696439228,1.338126994028,-12.46931022891,16340.49699516,-3109.49318856,0,0,259760.000,2296,560,0,577897.9205293
578100,27841771.82783,9481265.972139,3268635.626622,0,0,0,1.655207867589,-0.4854589080954,32395375.78058,30602344.4644657,160816352.301,0.005980925596388,0,0,0,5.069538431573,4.456627054399e-82,0,-0.9519930090378,-0.4865637624619,-13.55460187714,-2.926771305912,1.338121930872,-12.46900745974,16341.19946967,-3109.626865014,0,0,259760.100,2296,560,0,577997.9215666
578200,27841741.46364,9481252.61519,3268933.723635,0,0,0,1.655176514117,-0.4854183903655,32395064.81103,30602033.4950947,160814718.1459,0.005980925595774,0,0,0,5.069538431573,4.455609352539e-82,0,-0.9519717419744,-0.4865233381058,-13.55414482453,-2.926846170364,1.338116867946,-12.46870466424,16341.90197355,-3109.760547057,0,0,259760.200,2296,560,0,578097.9226039
578300,27841711.09646,9481239.25773,3269231.820146,0,0,0,1.655145146997,-0.4853778714195,32394753.82811,30601722.5123567,160813083.9206,0.005980925595159,0,0,0,5.069538431573,4.454591906092e-82,0,-0.9519504769801,-0.4864829123251,-13.55368775581,-2.926920999105,1.338111805252,-12.4684018374,16342.60435017,-3109.894204885,0,0,259760.300,2296,560,0,578197.9236412
578400,27841680.72628,9481225.899759,3269529.916154,0,0,0,1.655113766228,-0.4853373512572,32394442.83182,30601411.5162527,160811449.625,0.005980925594545,0,0,0,5.069538431573,4.453574715027e-82,0,-0.9519292144368,-0.4864424852856,-13.55323067286,-2.926995881544,1.338106742789,-12.4680989811,16343.30668765,-3110.027855262,0,0,259760.400,2296,560,0,578297.9246786
578500,27841650.3531,9481212.541276,3269828.01166,0,0,0,1.655082371807,-0.4852968298788,32394131.82216,30601100.5067838,160809815.2592,0.005980925593931,0,0,0,5.069538431573,4.452557779311e-82,0,-0.9519079548185,-0.4864020572677,-13.55277357884,-2.927070778801,1.338101680557,-12.46779609849,16344.00902512,-3110.16150564,0,0,259760.500,2296,560,0,578397.925716
578600,27841619.97692,9481199.182282,3270126.106662,0,0,0,1.655050963731,-0.4852563072845,32393820.79915,30600789.483951,160808180.8232,0.005980925593316,0,0,0,5.069538431573,4.451541098909e-82,0,-0.9518866957676,-0.4863616275545,-13.55231646566,-2.927145638456,1.338096618557,-12.46749318147,16344.71129407,-3110.295142978,0,0,259760.600,2296,560,0,578497.9267534
578700,27841589.59775,9481185.822776,3270424.201161,0,0,0,1.655019541999,-0.4852157834742,32393509.76277,30600478.4477553,160806546.317,0.005980925592702,0,0,0,5.069538431573,4.450524673791e-82,0,-0.9518654419547,-0.486321197023,-13.55185934323,-2.927220494268,1.338091556788,-12.46719023995,16345.41355324,-3110.428778455,0,0,259760.700,2296,560,0,578597.9277909
578800,27841559.21558,9481172.46276,3270722.295158,0,0,0,1.654988106608,-0.4851752584481,32393198.71303,30600167.3981979,160804911.7405,0.005980925592087,0,0,0,5.069538431573,4.449508503924e-82,0,-0.9518441892841,-0.4862807651679,-13.55140220583,-2.927295297408,1.33808649525,-12.46688726823,16346.11557749,-3110.562369227,0,0,259760.800,2296,560,0,578697.9288285
578900,27841528.83041,9481159.102232,3271020.388651,0,0,0,1.654956657554,-0.4851347322064,32392887.64992,30599856.3352797,160803277.0939,0.005980925591473,0,0,0,5.069538431573,4.448492589273e-82,0,-0.9518229389617,-0.4862403322335,-13.55094505623,-2.927370173079,1.338081433944,-12.46658426905,16346.81769962,-3110.695978627,0,0,259760.900,2296,560,0,578797.9298661
579000,27841498.44225,9481145.741193,3271318.481641,0,0,0,1.654925194837,-0.485094204749,32392576.57346,30599545.2590018,160801642.377,0.005980925590859,0,0,0,5.069538431573,4.447476929807e-82,0,-0.9518016910355,-0.4861998977624,-13.55048788925,-2.927445041488,1.338076372869,-12.46628123724,16347.51974345,-3110.829573125,0,0,259761.000,2296,560,0,578897.9309037
579100,27841468.05109,9481132.379643,3271616.574129,0,0,0,1.654893718453,-0.485053676076,32392265.48364,30599234.1693653,160800007.5899,0.005980925590244,0,0,0,5.069538431573,4.446461525493e-82,0,-0.9517804441292,-0.4861594622504,-13.55003071051,-2.927519892202,1.338071312026,-12.46597817841,16348.22170897,-3110.963152722,0,0,259761.100,2296,560,0,578997.9319414
579200,27841437.65693,9481119.017582,3271914.666113,0,0,0,1.6548622284,-0.4850131461877,32391954.38046,30598923.0663712,160798372.7326,0.00598092558963,0,0,0,5.069538431573,4.445446376299e-82,0,-0.9517592023214,-0.486119025435,-13.54957351702,-2.927594764296,1.338066251415,-12.46567508959,16348.92367449,-3111.096732318,0,0,259761.200,2296,560,0,579097.9329791
579300,27841407.25978,9481105.65501,3272212.757594,0,0,0,1.654830724675,-0.484972615084,32391643.26393,30598611.9500205,160796737.8052,0.005980925589016,0,0,0,5.069538431573,4.444431482191e-82,0,-0.9517379617424,-0.4860785875708,-13.54911631169,-2.92766957609,1.338061191036,-12.46537197365,16349.62553234,-3111.230291426,0,0,259761.300,2296,560,0,579197.9340169
579400,27841376.85963,9481092.291928,3272510.848571,0,0,0,1.654799207276,-0.4849320827651,32391332.13404,30598300.8203144,160795102.8075,0.005980925588401,0,0,0,5.069538431573,4.443416843135e-82,0,-0.9517167236233,-0.4860381483345,-13.54865909083,-2.927744447845,1.338056130888,-12.46506882694,16350.32730209,-3111.36383377,0,0,259761.400,2296,560,0,579297.9350547
579500,27841346.45648,9481078.928334,3272808.939045,0,0,0,1.654767676202,-0.484891549231,32391020.99079,30597989.6772537,160793467.7397,0.005980925587787,0,0,0,5.069538431573,4.442402459102e-82,0,-0.9516954877129,-0.4859977080628,-13.54820185827,-2.927819305625,1.338051070972,-12.46476565325,16351.02912079,-3111.497385427,0,0,259761.500,2296,560,0,579397.9360926
579600,27841316.05034,9481065.564229,3273107.029016,0,0,0,1.654736131448,-0.4848510144819,32390709.83419,30597678.5208397,160791832.6017,0.005980925587172,0,0,0,5.069538431573,4.441388330054e-82,0,-0.9516742540571,-0.4859572662086,-13.54774460782,-2.927894150451,1.338046011288,-12.46446244641,16351.7307535,-3111.630901694,0,0,259761.600,2296,560,0,579497.9371305
579700,27841285.64119,9481052.199614,3273405.118484,0,0,0,1.654704573013,-0.4848104785178,32390398.66424,30597367.3510734,160790197.3936,0.005980925586558,0,0,0,5.069538431573,4.440374455962e-82,0,-0.9516530218616,-0.4859168233009,-13.54728734546,-2.927968972563,1.338040951836,-12.46415921238,16352.43246453,-3111.764432862,0,0,259761.700,2296,560,0,579597.9381684
579800,27841255.22906,9481038.834488,3273703.207448,0,0,0,1.654673000894,-0.4847699413388,32390087.48094,30597056.1679557,160788562.1152,0.005980925585944,0,0,0,5.069538431573,4.439360836792e-82,0,-0.9516317945983,-0.4858763791957,-13.54683006955,-2.928043778289,1.338035892616,-12.46385594955,16353.13395042,-3111.89792119,0,0,259761.800,2296,560,0,579697.9392064
579900,27841224.81392,9481025.468851,3274001.295909,0,0,0,1.65464141509,-0.4847294029451,32389776.28429,30596744.9714878,160786926.7668,0.005980925585329,0,0,0,5.069538431573,4.438347472511e-82,0,-0.9516105684554,-0.4858359341034,-13.54637278249,-2.928118642314,1.338030833628,-12.46355266027,16353.83550484,-3112.031422555,0,0,259761.900,2296,560,0,579797.9402445
580000,27841194.39579,9481012.102704,3274299.383866,0,0,0,1.654609815596,-0.4846888633367,32389465.07429,30596433.7616707,160785291.3481,0.005980925584715,0,0,0,5.069538431573,4.437334363086e-82,0,-0.9515893445507,-0.4857954873579,-13.54591547674,-2.928193493213,1.338025774872,-12.46324933704,16354.53698094,-3112.16490902,0,0,259762.000,2296,560,0,579897.9412826
580100,27841163.97466,9480998.736046,3274597.471319,0,0,0,1.654578202412,-0.4846483225137,32389153.85094,30596122.5385055,160783655.8594,0.005980925584101,0,0,0,5.069538431573,4.436321508485e-82,0,-0.9515681230815,-0.4857550396321,-13.5454581599,-2.928268351022,1.338020716348,-12.46294598744,16355.23838853,-3112.298382446,0,0,259762.100,2296,560,0,579997.9423207
580200,27841133.55053,9480985.368877,3274895.558269,0,0,0,1.654546575534,-0.4846077804762,32388842.61424,30595811.3019931,160782020.3005,0.005980925583486,0,0,0,5.069538431573,4.435308908673e-82,0,-0.9515469044285,-0.4857145907468,-13.54500082995,-2.928343186689,1.338015658057,-12.46264260944,16355.93978633,-3112.43185401,0,0,259762.200,2296,560,0,580097.9433589
580300,27841103.12341,9480972.001198,3275193.644715,0,0,0,1.65451493496,-0.4845672372243,32388531.3642,30595500.0521347,160780384.6714,0.005980925582872,0,0,0,5.069538431573,4.43429656362e-82,0,-0.9515256864378,-0.4856741405534,-13.54454348521,-2.92841798436,1.338010599998,-12.46233920138,16356.64109604,-3112.565308809,0,0,259762.300,2296,560,0,580197.9443971
580400,27841072.69328,9480958.633008,3275491.730658,0,0,0,1.654483280688,-0.4845266927581,32388220.10081,30595188.7889313,160778748.9722,0.005980925582258,0,0,0,5.069538431573,4.433284473289e-82,0,-0.9515044736619,-0.4856336889222,-13.54408612422,-2.928492840137,1.338005542171,-12.46203576177,16357.34232744,-3112.698748708,0,0,259762.400,2296,560,0,580297.9454353
580500,27841042.26017,9480945.264308,3275789.816097,0,0,0,1.654451612715,-0.4844861470778,32387908.82408,30594877.5123839,160777113.2029,0.005980925581643,0,0,0,5.069538431573,4.43227263765e-82,0,-0.9514832615503,-0.4855932363667,-13.54362875277,-2.928567663543,1.338000484576,-12.46173229642,16358.04353926,-3112.832184881,0,0,259762.500,2296,560,0,580397.9464736
580600,27841011.82405,9480931.895098,3276087.901032,0,0,0,1.654419931039,-0.4844456001833,32387597.53401,30594566.2224936,160775477.3635,0.005980925581029,0,0,0,5.069538431573,4.431261056669e-82,0,-0.9514620521154,-0.485552782381,-13.54317136516,-2.928642493486,1.337995427214,-12.46142879961,16358.74474129,-3112.965619192,0,0,259762.600,2296,560,0,580497.947512
580700,27840981.38494,9480918.525377,3276385.985463,0,0,0,1.654388235657,-0.4844050520747,32387286.23059,30594254.9192615,160773841.454,0.005980925580414,0,0,0,5.069538431573,4.430249730315e-82,0,-0.9514408452834,-0.4855123274007,-13.5427139663,-2.928717322009,1.337990370085,-12.46112527626,16359.44581608,-3113.099029288,0,0,259762.700,2296,560,0,580597.9485504
580800,27840950.94283,9480905.155146,3276684.06939,0,0,0,1.654356526567,-0.4843645027523,32386974.91383,30593943.6026886,160772205.4744,0.0059809255798,0,0,0,5.069538431573,4.429238658553e-82,0,-0.95141963956,-0.4854718711032,-13.54225655254,-2.928792112978,1.337985313188,-12.46082172273,16360.14684193,-3113.232430071,0,0,259762.800,2296,560,0,580697.9495888
580900,27840920.49772,9480891.784405,3276982.152813,0,0,0,1.654324803766,-0.484323952216,32386663.58374,30593632.272776,160770569.4246,0.005980925579186,0,0,0,5.069538431573,4.428227841348e-82,0,-0.9513984384936,-0.4854314134923,-13.54179912394,-2.928866980635,1.337980256523,-12.46051813904,16360.84782862,-3113.365823403,0,0,259762.900,2296,560,0,580797.9506273
581000,27840890.04962,9480878.413153,3277280.235733,0,0,0,1.654293067252,-0.484283400466,32386352.2403,30593320.9295245,160768933.3048,0.005980925578571,0,0,0,5.069538431573,4.42721727867e-82,0,-0.9513772389137,-0.4853909546034,-13.54134168089,-2.928941819167,1.337975200092,-12.46021452561,16361.54879573,-3113.49921301,0,0,259763.000,2296,560,0,580897.9516659
581100,27840859.59852,9480865.041392,3277578.318148,0,0,0,1.654261317023,-0.4842428475023,32386040.88353,30593009.5729355,160767297.1149,0.005980925577957,0,0,0,5.069538431573,4.426206970485e-82,0,-0.9513560415186,-0.4853504946232,-13.5408842255,-2.929016641551,1.337970143893,-12.45991088453,16362.24966497,-3113.632583991,0,0,259763.100,2296,560,0,580997.9527044
581200,27840829.14442,9480851.66912,3277876.400059,0,0,0,1.654229553076,-0.4842022933251,32385729.51342,30592698.2030098,160765660.8549,0.005980925577343,0,0,0,5.069538431573,4.425196916761e-82,0,-0.9513348465441,-0.4853100334333,-13.54042675643,-2.929091460614,1.337965087927,-12.45960721447,16362.95046568,-3113.765941933,0,0,259763.200,2296,560,0,581097.953743
581300,27840798.68733,9480838.296338,3278174.481466,0,0,0,1.654197775408,-0.4841617379344,32385418.12997,30592386.8197486,160764024.5248,0.005980925576728,0,0,0,5.069538431573,4.424187117463e-82,0,-0.9513136540809,-0.4852695709735,-13.539969273,-2.92916624631,1.337960032193,-12.45930351474,16363.65122725,-3113.899292424,0,0,259763.300,2296,560,0,581197.9547817
581400,27840768.22724,9480824.923046,3278472.562369,0,0,0,1.654165984017,-0.4841211813304,32385106.73319,30592075.4231529,160762388.1247,0.005980925576114,0,0,0,5.069538431573,4.423177572559e-82,0,-0.9512924629986,-0.4852291074127,-13.53951177713,-2.929241063863,1.337954976693,-12.45899978726,16364.35186156,-3114.032618701,0,0,259763.400,2296,560,0,581297.9558204
581500,27840737.76415,9480811.549244,3278770.642767,0,0,0,1.654134178901,-0.4840806235131,32384795.32308,30591764.0132238,160760751.6544,0.005980925575499,0,0,0,5.069538431573,4.422168282015e-82,0,-0.9512712763301,-0.4851886423696,-13.53905426449,-2.929315894975,1.337949921425,-12.4586960277,16365.05249588,-3114.165944979,0,0,259763.500,2296,560,0,581397.9568592
581600,27840707.29806,9480798.174932,3279068.722662,0,0,0,1.654102360057,-0.4840400644826,32384483.89963,30591452.5899622,160759115.1141,0.005980925574885,0,0,0,5.069538431573,4.421159245799e-82,0,-0.9512500911135,-0.4851481761598,-13.53859673867,-2.929390710757,1.337944866391,-12.45839223963,16365.7531204,-3114.299269393,0,0,259763.600,2296,560,0,581497.957898
581700,27840676.82898,9480784.800111,3279366.802052,0,0,0,1.654070527482,-0.483999504239,32384172.46286,30591141.1533693,160757478.5038,0.005980925574271,0,0,0,5.069538431573,4.420150463878e-82,0,-0.9512289083789,-0.4851077091307,-13.53813920358,-2.92946554458,1.33793981159,-12.45808842698,16366.45367641,-3114.432580769,0,0,259763.700,2296,560,0,581597.9589368
581800,27840646.3569,9480771.424779,3279664.880938,0,0,0,1.654038681175,-0.4839589427825,32383861.01275,30590829.7034461,160755841.8234,0.005980925573656,0,0,0,5.069538431573,4.419141936217e-82,0,-0.9512077273568,-0.4850672402303,-13.53768164733,-2.929540343222,1.337934757021,-12.45778457786,16367.15420306,-3114.565886557,0,0,259763.800,2296,560,0,581697.9599757
581900,27840615.88183,9480758.048938,3279962.959319,0,0,0,1.654006821133,-0.483918380113,32383549.54931,30590518.2401936,160754205.073,0.005980925573042,0,0,0,5.069538431573,4.418133662784e-82,0,-0.951186548593,-0.4850267705963,-13.53722408279,-2.929615152796,1.337929702686,-12.45748070512,16367.85455351,-3114.699158818,0,0,259763.900,2296,560,0,581797.9610146
582000,27840585.40375,9480744.672587,3280261.037196,0,0,0,1.653974947353,-0.4838778162308,32383238.07255,30590206.7636129,160752568.2525,0.005980925572428,0,0,0,5.069538431573,4.417125643547e-82,0,-0.9511653741069,-0.4849862997123,-13.53676650412,-2.929689974814,1.337924648584,-12.45717680292,16368.55491376,-3114.832432941,0,0,259764.000,2296,560,0,581897.9620536
582100,27840554.92268,9480731.295726,3280559.114568,0,0,0,1.653943059833,-0.4838372511359,32382926.58246,30589895.2737051,160750931.362,0.005980925571813,0,0,0,5.069538431573,4.41611787847e-82,0,-0.9511442008487,-0.4849458273853,-13.53630890913,-2.929764782724,1.337919594716,-12.45687286907,16369.25521527,-3114.965695888,0,0,259764.100,2296,560,0,581997.9630926
582200,27840524.43861,9480717.918355,3280857.191436,0,0,0,1.65391115857,-0.4837966848283,32382615.07904,30589583.7704712,160749294.4014,0.005980925571199,0,0,0,5.069538431573,4.415110367523e-82,0,-0.9511230299814,-0.484905354236,-13.53585130484,-2.929839566638,1.337914541081,-12.4565689106,16369.95553636,-3115.09896256,0,0,259764.200,2296,560,0,582097.9641317
582300,27840493.95155,9480704.540475,3281155.267799,0,0,0,1.653879243563,-0.4837561173082,32382303.56229,30589272.2539123,160747657.3709,0.005980925570585,0,0,0,5.069538431573,4.414103110671e-82,0,-0.9511018613035,-0.4848648793755,-13.53539368121,-2.929914358264,1.337909487679,-12.45626491745,16370.65573021,-3115.232205018,0,0,259764.300,2296,560,0,582197.9651708
582400,27840463.46149,9480691.162086,3281453.343658,0,0,0,1.653847314808,-0.4837155485757,32381992.03223,30588960.7240293,160746020.2703,0.00598092556997,0,0,0,5.069538431573,4.41309610788e-82,0,-0.9510806953904,-0.4848244035705,-13.5349360469,-2.929989161316,1.33790443451,-12.45596089828,16371.35591426,-3115.365445614,0,0,259764.400,2296,560,0,582297.9662099
582500,27840432.96843,9480677.783186,3281751.419012,0,0,0,1.653815372302,-0.4836749786309,32381680.48884,30588649.1808234,160744383.0997,0.005980925569356,0,0,0,5.069538431573,4.412089359116e-82,0,-0.9510595303733,-0.4847839261626,-13.53447839446,-2.930063975375,1.337899381576,-12.45565684565,16372.05603959,-3115.498675033,0,0,259764.500,2296,560,0,582397.9672491
582600,27840402.47237,9480664.403778,3282049.493861,0,0,0,1.653783416045,-0.4836344074738,32381368.93213,30588337.6242957,160742745.8591,0.005980925568741,0,0,0,5.069538431573,4.411082864348e-82,0,-0.9510383704389,-0.4847434479846,-13.53402073332,-2.930138797338,1.337894328874,-12.45535276898,16372.75606703,-3115.631885827,0,0,259764.600,2296,560,0,582497.9682884
582700,27840371.97332,9480651.02386,3282347.568205,0,0,0,1.653751446032,-0.4835938351046,32381057.36209,30588026.054447,160741108.5485,0.005980925568127,0,0,0,5.069538431573,4.410076623544e-82,0,-0.9510172115584,-0.4847029683714,-13.53356305595,-2.930213594984,1.337889276407,-12.45504866074,16373.45607489,-3115.765092894,0,0,259764.700,2296,560,0,582597.9693277
582800,27840341.47127,9480637.643432,3282645.642045,0,0,0,1.653719462262,-0.4835532615233,32380745.77874,30587714.4712786,160739471.1679,0.005980925567513,0,0,0,5.069538431573,4.409070636669e-82,0,-0.9509960552978,-0.4846624878143,-13.53310536791,-2.930288380545,1.337884224173,-12.45474452648,16374.15599467,-3115.898283198,0,0,259764.800,2296,560,0,582697.970367
582900,27840310.96622,9480624.262495,3282943.71538,0,0,0,1.653687464732,-0.4835126867301,32380434.18207,30587402.8747914,160737833.7173,0.005980925566898,0,0,0,5.069538431573,4.408064903687e-82,0,-0.9509749012419,-0.4846220057105,-13.53264766238,-2.930363176649,1.337879172172,-12.45444035938,16374.85588507,-3116.031467915,0,0,259764.900,2296,560,0,582797.9714064
583000,27840280.45818,9480610.881049,3283241.78821,0,0,0,1.65365545344,-0.483472110725,32380122.57208,30587091.2649866,160736196.1967,0.005980925566284,0,0,0,5.069538431573,4.407059424568e-82,0,-0.9509537496261,-0.4845815224437,-13.5321899437,-2.930437961005,1.337874120406,-12.45413616378,16375.55568739,-3116.164635867,0,0,259765.000,2296,560,0,582897.9724458
583100,27840249.94713,9480597.499094,3283539.860534,0,0,0,1.653623428383,-0.4834315335082,32379810.94877,30586779.6418651,160734558.6061,0.00598092556567,0,0,0,5.069538431573,4.406054199277e-82,0,-0.9509325992504,-0.4845410379583,-13.53173221124,-2.930512754834,1.337869068873,-12.45383193906,16376.25543097,-3116.297792643,0,0,259765.100,2296,560,0,582997.9734852
583200,27840219.43309,9480584.116629,3283837.932354,0,0,0,1.653591389559,-0.4833909550796,32379499.31215,30586468.0054281,160732920.9456,0.005980925565055,0,0,0,5.069538431573,4.405049227783e-82,0,-0.950911453922,-0.4845005525891,-13.5312744688,-2.930587568394,1.337864017574,-12.45352768898,16376.95516476,-3116.430947557,0,0,259765.200,2296,560,0,583097.9745247
583300,27840188.91606,9480570.733655,3284136.003669,0,0,0,1.653559336965,-0.4833503754395,32379187.66222,30586156.3556765,160731283.2151,0.005980925564441,0,0,0,5.069538431573,4.404044510051e-82,0,-0.9508903095242,-0.4844600655568,-13.53081670754,-2.930662323255,1.33785896651,-12.45322340475,16377.65476152,-3116.564076394,0,0,259765.300,2296,560,0,583197.9755643
583400,27840158.39602,9480557.350172,3284434.074479,0,0,0,1.653527270598,-0.4833097945879,32378875.99897,30585844.6926114,160729645.4147,0.005980925563827,0,0,0,5.069538431573,4.403040046047e-82,0,-0.9508691673641,-0.4844195775386,-13.53035893514,-2.930737132889,1.337853915679,-12.45291909401,16378.35437786,-3116.697208956,0,0,259765.400,2296,560,0,583297.9766039
583500,27840127.87299,9480543.96618,3284732.144784,0,0,0,1.653495190458,-0.4832692125249,32378564.32241,30585533.0162339,160728007.5442,0.005980925563212,0,0,0,5.069538431573,4.402035835736e-82,0,-0.9508480276793,-0.4843790880727,-13.52990114638,-2.930811932561,1.337848865082,-12.45261475154,16379.05396483,-3116.83033593,0,0,259765.500,2296,560,0,583397.9776435
583600,27840097.34697,9480530.581679,3285030.214583,0,0,0,1.65346309654,-0.4832286292507,32378252.63253,30585221.326545,160726369.6039,0.005980925562598,0,0,0,5.069538431573,4.40103187909e-82,0,-0.9508268896072,-0.4843385975411,-13.52944334556,-2.930886717468,1.337843814719,-12.45231038165,16379.75340498,-3116.963434964,0,0,259765.600,2296,560,0,583497.9786832
583700,27840066.81794,9480517.196669,3285328.283877,0,0,0,1.653430988842,-0.4831880447652,32377940.92935,30584909.6235459,160724731.5936,0.005980925561983,0,0,0,5.069538431573,4.400028176071e-82,0,-0.9508057559966,-0.4842981059204,-13.52898553243,-2.930961524389,1.337838764591,-12.45200598409,16380.45289406,-3117.096543312,0,0,259765.700,2296,560,0,583597.9797229
583800,27840036.28592,9480503.81115,3285626.352666,0,0,0,1.653398867362,-0.4831474590686,32377629.21286,30584597.9072374,160723093.5133,0.005980925561369,0,0,0,5.069538431573,4.399024726645e-82,0,-0.9507846237014,-0.4842576127324,-13.52852770158,-2.931036248707,1.337833714697,-12.45170155343,16381.15222654,-3117.229621857,0,0,259765.800,2296,560,0,583697.9807627
583900,27840005.7509,9480490.425122,3285924.42095,0,0,0,1.653366732098,-0.4831068721609,32377317.48306,30584286.1776207,160721455.3631,0.005980925560755,0,0,0,5.069538431573,4.398021530783e-82,0,-0.950763493712,-0.4842171187831,-13.52806986212,-2.931111030299,1.337828665037,-12.45139709879,16381.85152965,-3117.362694815,0,0,259765.900,2296,560,0,583797.9818025
584000,27839975.21289,9480477.038586,3286222.488728,0,0,0,1.653334583046,-0.4830662840424,32377005.73995,30583974.4346969,160719817.143,0.00598092556014,0,0,0,5.069538431573,4.397018588449e-82,0,-0.9507423660728,-0.484176623218,-13.52761200439,-2.931185820964,1.337823615611,-12.45109261051,16382.55081319,-3117.495764047,0,0,259766.000,2296,560,0,583897.9828424
584100,27839944.67187,9480463.65154,3286520.556001,0,0,0,1.653302420205,-0.483025694713,32376693.98353,30583662.6784669,160718178.8529,0.005980925559526,0,0,0,5.069538431573,4.396015899609e-82,0,-0.9507212408528,-0.4841361265456,-13.52715413415,-2.931260599735,1.33781856642,-12.45078809434,16383.25006736,-3117.628827691,0,0,259766.100,2296,560,0,583997.9838823
584200,27839914.12786,9480450.263986,3286818.622768,0,0,0,1.653270243572,-0.4829851041729,32376382.21381,30583350.9089319,160716540.493,0.005980925558912,0,0,0,5.069538431573,4.39501346423e-82,0,-0.9507001168968,-0.4840956287039,-13.52669625068,-2.931335421928,1.337813517464,-12.45048354956,16383.9493411,-3117.761895061,0,0,259766.200,2296,560,0,584097.9849223
584300,27839883.58085,9480436.875923,3287116.68903,0,0,0,1.653238053145,-0.4829445124221,32376070.43079,30583039.1260929,160714902.0631,0.005980925558297,0,0,0,5.069538431573,4.394011282279e-82,0,-0.9506789978321,-0.4840551295276,-13.52623835212,-2.931410159623,1.337808468741,-12.45017897431,16384.64833099,-3117.894908413,0,0,259766.300,2296,560,0,584197.9859623
584400,27839853.03085,9480423.487351,3287414.754787,0,0,0,1.65320584892,-0.4829039194608,32375758.63447,30582727.3299509,160713263.5633,0.005980925557683,0,0,0,5.069538431573,4.39300935372e-82,0,-0.9506578800695,-0.4840146292933,-13.5257804416,-2.93148493364,1.337803420254,-12.44987437172,16385.34735024,-3118.027927354,0,0,259766.400,2296,560,0,584297.9870023
584500,27839822.47785,9480410.098271,3287712.820037,0,0,0,1.653173630896,-0.482863325289,32375446.82484,30582415.520507,160711624.9936,0.005980925557068,0,0,0,5.069538431573,4.392007678523e-82,0,-0.9506367643177,-0.4839741277411,-13.52532251618,-2.931559719567,1.337798372001,-12.44956973884,16386.04639886,-3118.160951883,0,0,259766.500,2296,560,0,584397.9880424
584600,27839791.92185,9480396.708682,3288010.884783,0,0,0,1.65314139907,-0.4828227299069,32375135.00191,30582103.6977623,160709986.354,0.005980925556454,0,0,0,5.069538431573,4.391006256654e-82,0,-0.9506156512927,-0.4839336250652,-13.52486457806,-2.931634491558,1.337793323982,-12.44926507787,16386.74525171,-3118.293939158,0,0,259766.600,2296,560,0,584497.9890825
584700,27839761.36285,9480383.318584,3288308.949022,0,0,0,1.65310915344,-0.4827821333145,32374823.16568,30581791.8617178,160708347.6446,0.00598092555584,0,0,0,5.069538431573,4.390005088078e-82,0,-0.9505945405822,-0.4838931211707,-13.52440662616,-2.931709260077,1.337788276199,-12.44896038772,16387.44424159,-3118.426952511,0,0,259766.700,2296,560,0,584597.9901227
584800,27839730.80086,9480369.927979,3288607.012756,0,0,0,1.653076894003,-0.4827415355119,32374511.31615,30581480.0123745,160706708.8652,0.005980925555225,0,0,0,5.069538431573,4.38900417276e-82,0,-0.9505734313462,-0.4838526160941,-13.52394866089,-2.93178399052,1.33778322865,-12.44865566882,16388.14299656,-3118.55992116,0,0,259766.800,2296,560,0,584697.9911629
584900,27839700.23587,9480356.536864,3288905.075984,0,0,0,1.653044620756,-0.4827009364993,32374199.45333,30581168.1497335,160705070.016,0.005980925554611,0,0,0,5.069538431573,4.388003510669e-82,0,-0.9505523265576,-0.4838121095307,-13.52349067881,-2.931858756495,1.337778181336,-12.44835091771,16388.84175153,-3118.69288981,0,0,259766.900,2296,560,0,584797.9922032
585000,27839669.66788,9480343.145241,3289203.138706,0,0,0,1.653012333697,-0.4826603362766,32373887.57721,30580856.2737959,160703431.0969,0.005980925553997,0,0,0,5.069538431573,4.387003101772e-82,0,-0.9505312232037,-0.4837716020723,-13.52303268661,-2.931933536128,1.337773134257,-12.44804614108,16389.54040861,-3118.825839832,0,0,259767.000,2296,560,0,584897.9932435
585100,27839639.09689,9480329.75311,3289501.200922,0,0,0,1.652980032825,-0.482619734844,32373575.68779,30580544.3845628,160701792.1079,0.005980925553382,0,0,0,5.069538431573,4.386002946031e-82,0,-0.950510121898,-0.4837310930643,-13.5225746769,-2.932008321683,1.337768087413,-12.44774133153,16390.23911464,-3118.958799168,0,0,259767.100,2296,560,0,584997.9942838
585200,27839608.52291,9480316.360471,3289799.262632,0,0,0,1.652947718135,-0.4825791322017,32373263.78508,30580232.4820351,160700153.049,0.005980925552768,0,0,0,5.069538431573,4.385003043418e-82,0,-0.9504890233444,-0.4836905831006,-13.52211665637,-2.932083106034,1.337763040804,-12.44743649577,16390.93778151,-3119.091751054,0,0,259767.200,2296,560,0,585097.9953242
585300,27839577.94593,9480302.967323,3290097.323837,0,0,0,1.652915389626,-0.4825385283496,32372951.86907,30579920.5662139,160698513.9203,0.005980925552154,0,0,0,5.069538431573,4.384003393896e-82,0,-0.9504679257674,-0.4836500717475,-13.52165862014,-2.932157830634,1.33775799443,-12.44713162889,16391.63629178,-3119.224673137,0,0,259767.300,2296,560,0,585197.9963647
585400,27839547.36595,9480289.573667,3290395.384535,0,0,0,1.652883047295,-0.482497923288,32372639.93977,30579608.6371003,160696874.7218,0.005980925551539,0,0,0,5.069538431573,4.383003997432e-82,0,-0.9504468333953,-0.4836095592116,-13.52120057053,-2.932232587704,1.337752948291,-12.44682673323,16392.33473352,-3119.357582182,0,0,259767.400,2296,560,0,585297.9974051
585500,27839516.78298,9480276.179503,3290693.444727,0,0,0,1.65285069114,-0.4824573170168,32372327.99718,30579296.6946953,160695235.4534,0.005980925550925,0,0,0,5.069538431573,4.382004853992e-82,0,-0.9504257419,-0.4835690456352,-13.52074250916,-2.932307336137,1.337747902387,-12.4465218104,16393.03324378,-3119.490504265,0,0,259767.500,2296,560,0,585397.9984457
585600,27839486.19701,9480262.784831,3290991.504414,0,0,0,1.652818321158,-0.4824167095361,32372016.0413,30578984.739,160693596.1151,0.00598092555031,0,0,0,5.069538431573,4.381005963543e-82,0,-0.950404652514,-0.4835285306778,-13.52028443218,-2.932382115761,1.337742856719,-12.44621685654,16393.73160722,-3119.623398408,0,0,259767.600,2296,560,0,585497.9994862
585700,27839455.60804,9480249.38965,3291289.563594,0,0,0,1.652785937346,-0.4823761008462,32371704.07214,30578672.7700155,160691956.707,0.005980925549696,0,0,0,5.069538431573,4.380007326053e-82,0,-0.9503835659459,-0.4834880145284,-13.51982634172,-2.932456869468,1.337737811286,-12.44591187378,16394.42997066,-3119.756292552,0,0,259767.700,2296,560,0,585598.0005269
585800,27839425.01607,9480235.993962,3291587.622268,0,0,0,1.652753539703,-0.482335490947,32371392.08968,30578360.7877427,160690317.2291,0.005980925549082,0,0,0,5.069538431573,4.379008941484e-82,0,-0.9503624817383,-0.4834474973256,-13.51936823935,-2.932531584954,1.337732766088,-12.4456068637,16395.12822642,-3119.889166206,0,0,259767.800,2296,560,0,585698.0015675
585900,27839394.42111,9480222.597766,3291885.680435,0,0,0,1.652721128226,-0.4822948798386,32371080.09393,30578048.7921828,160688677.6814,0.005980925548467,0,0,0,5.069538431573,4.378010809804e-82,0,-0.950341398612,-0.4834069786138,-13.51891011992,-2.932606359381,1.337727721125,-12.44530182114,16395.82648219,-3120.02203986,0,0,259767.900,2296,560,0,585798.0026082
586000,27839363.82315,9480209.201061,3292183.738097,0,0,0,1.652688702912,-0.4822542675212,32370768.0849,30577736.7833368,160687038.0638,0.005980925547853,0,0,0,5.069538431573,4.377012930981e-82,0,-0.9503203204358,-0.4833664588999,-13.51845198916,-2.932681123582,1.337722676398,-12.44499675182,16396.52463028,-3120.154893026,0,0,259768.000,2296,560,0,585898.003649
586100,27839333.22219,9480195.803849,3292481.795252,0,0,0,1.652656263759,-0.4822136539949,32370456.06259,30577424.7612057,160685398.3765,0.005980925547239,0,0,0,5.069538431573,4.376015304981e-82,0,-0.9502992433907,-0.4833259378466,-13.51799384325,-2.932755895795,1.337717631907,-12.44469165193,16397.22273923,-3120.28773874,0,0,259768.100,2296,560,0,585998.0046898
586200,27839302.61824,9480182.406129,3292779.8519,0,0,0,1.652623810764,-0.4821730392596,32370144.02699,30577112.7257907,160683758.6193,0.005980925546624,0,0,0,5.069538431573,4.375017931769e-82,0,-0.9502781687569,-0.4832854155619,-13.51753568342,-2.932830643238,1.337712587651,-12.44438652269,16397.92080902,-3120.420577005,0,0,259768.200,2296,560,0,586098.0057306
586300,27839272.01129,9480169.007901,3293077.908042,0,0,0,1.652591343924,-0.4821324233156,32369831.97811,30576800.6770927,160682118.7923,0.00598092554601,0,0,0,5.069538431573,4.374020811312e-82,0,-0.9502570966324,-0.4832448921571,-13.51707751093,-2.932905351325,1.337707543631,-12.44408136536,16398.61871241,-3120.553383604,0,0,259768.300,2296,560,0,586198.0067715
586400,27839241.40134,9480155.609165,3293375.963678,0,0,0,1.652558863238,-0.482091806163,32369519.91594,30576488.6151128,160680478.8956,0.005980925545396,0,0,0,5.069538431573,4.373023943575e-82,0,-0.9502360269077,-0.4832043676969,-13.5166193265,-2.932980072411,1.337702499846,-12.44377618065,16399.31674304,-3120.686214417,0,0,259768.400,2296,560,0,586298.0078124
586500,27839210.78839,9480142.209922,3293674.018807,0,0,0,1.652526368703,-0.4820511878017,32369207.8405,30576176.5398521,160678838.929,0.005980925544781,0,0,0,5.069538431573,4.372027328525e-82,0,-0.9502149583413,-0.4831638416615,-13.51616112426,-2.933054828524,1.337697456297,-12.44347096271,16400.01456813,-3120.819006115,0,0,259768.500,2296,560,0,586398.0088534
586600,27839180.17245,9480128.810171,3293972.07343,0,0,0,1.652493860316,-0.4820105682319,32368895.75177,30575864.4513117,160677198.8926,0.005980925544167,0,0,0,5.069538431573,4.371030966128e-82,0,-0.9501938944305,-0.483123314467,-13.51570290892,-2.93312959365,1.337692412984,-12.44316571622,16400.71238342,-3120.951795951,0,0,259768.600,2296,560,0,586498.0098944
586700,27839149.5535,9480115.409912,3294270.127546,0,0,0,1.652461338074,-0.4819699474538,32368583.64977,30575552.3494925,160675558.7865,0.005980925543552,0,0,0,5.069538431573,4.370034856351e-82,0,-0.9501728320762,-0.483082786307,-13.51524468267,-2.93320435578,1.337687369907,-12.44286044337,16401.41015956,-3121.084578335,0,0,259768.700,2296,560,0,586598.0109355
586800,27839118.93157,9480102.009146,3294568.181156,0,0,0,1.652428801976,-0.4819293254673,32368271.53449,30575240.2343957,160673918.6106,0.005980925542938,0,0,0,5.069538431573,4.369038999159e-82,0,-0.9501517716829,-0.4830422568856,-13.51478644215,-2.933279057133,1.337682327066,-12.44255514082,16402.10786718,-3121.217347682,0,0,259768.800,2296,560,0,586698.0119766
586900,27839088.30663,9480088.607872,3294866.234258,0,0,0,1.652396252019,-0.4818887022726,32367959.40593,30574928.1060222,160672278.3649,0.005980925542324,0,0,0,5.069538431573,4.368043394519e-82,0,-0.9501307138779,-0.4830017258746,-13.51432818366,-2.933353793524,1.33767728446,-12.44224980485,16402.80552587,-3121.350107715,0,0,259768.900,2296,560,0,586798.0130177
587000,27839057.6787,9480075.206091,3295164.286854,0,0,0,1.6523636882,-0.4818480778698,32367647.2641,30574615.9643732,160670638.0495,0.005980925541709,0,0,0,5.069538431573,4.367048042396e-82,0,-0.9501096574143,-0.4829611938548,-13.51386991376,-2.933428543493,1.337672242091,-12.44194444203,16403.50310624,-3121.482852846,0,0,259769.000,2296,560,0,586898.0140589
587100,27839027.04777,9480061.803802,3295462.338944,0,0,0,1.652331110517,-0.481807452259,32367335.10899,30574303.8094497,160668997.6643,0.005980925541095,0,0,0,5.069538431573,4.366052942759e-82,0,-0.9500886055487,-0.4829206607926,-13.51341163208,-2.933503300049,1.337667199958,-12.44163905197,16404.20072577,-3121.615605429,0,0,259769.100,2296,560,0,586998.0151001
587200,27838996.41384,9480048.401005,3295760.390526,0,0,0,1.652298518967,-0.4817668254402,32367022.94061,30573991.6412527,160667357.2094,0.005980925540481,0,0,0,5.069538431573,4.365058095571e-82,0,-0.9500675549668,-0.4828801263162,-13.5129533344,-2.933578009072,1.337662158061,-12.44133363047,16404.89822784,-3121.74833566,0,0,259769.200,2296,560,0,587098.0161414
587300,27838965.77691,9480034.997702,3296058.441602,0,0,0,1.652265913548,-0.4817261974136,32366710.75896,30573679.4597834,160665716.6847,0.005980925539866,0,0,0,5.069538431573,4.364063500801e-82,0,-0.9500465068626,-0.4828395908948,-13.51249502605,-2.933652703278,1.3376571164,-12.44102818283,16405.59559288,-3121.881039813,0,0,259769.300,2296,560,0,587198.0171827
587400,27838935.13699,9480021.593891,3296356.49217,0,0,0,1.652233294257,-0.4816855681793,32366398.56403,30573367.2650427,160664076.0902,0.005980925539252,0,0,0,5.069538431573,4.363069158411e-82,0,-0.9500254610104,-0.4827990539037,-13.51203669994,-2.933727432592,1.337652074975,-12.44072270198,16406.29305579,-3122.013762593,0,0,259769.400,2296,560,0,587298.0182241
587500,27838904.49407,9480008.189573,3296654.542232,0,0,0,1.652200661092,-0.4816449377373,32366086.35584,30573055.0570317,160662435.4261,0.005980925538638,0,0,0,5.069538431573,4.36207506837e-82,0,-0.9500044174642,-0.482758515797,-13.51157836122,-2.933802174988,1.337647033786,-12.44041719306,16406.99037189,-3122.146457434,0,0,259769.500,2296,560,0,587398.0192655
587600,27838873.84815,9479994.784747,3296952.591786,0,0,0,1.65216801405,-0.4816043060877,32365774.13437,30572742.8357516,160660794.6922,0.005980925538023,0,0,0,5.069538431573,4.361081230645e-82,0,-0.9499833753223,-0.4827179766707,-13.51112001098,-2.933876946939,1.337641992834,-12.44011165715,16407.6876684,-3122.279148549,0,0,259769.600,2296,560,0,587498.020307
587700,27838843.19924,9479981.379415,3297250.640834,0,0,0,1.652135353129,-0.4815636732307,32365461.89964,30572430.6012032,160659153.8885,0.005980925537409,0,0,0,5.069538431573,4.360087645198e-82,0,-0.9499623380642,-0.4826774360826,-13.5106616442,-2.933951672832,1.337636952119,-12.43980608925,16408.38491598,-3122.411830351,0,0,259769.700,2296,560,0,587598.0213485
587800,27838812.54733,9479967.973575,3297548.689374,0,0,0,1.652102678326,-0.4815230391663,32365149.65164,30572118.3533877,160657513.0152,0.005980925536794,0,0,0,5.069538431573,4.359094311998e-82,0,-0.9499413018748,-0.4826368944413,-13.51020326552,-2.934026357942,1.337631911639,-12.43950049397,16409.08204609,-3122.544489801,0,0,259769.800,2296,560,0,587698.02239
587900,27838781.89242,9479954.567228,3297846.737408,0,0,0,1.652069989639,-0.4814824038946,32364837.39037,30571806.0923062,160655872.0721,0.00598092553618,0,0,0,5.069538431573,4.358101231011e-82,0,-0.9499202682388,-0.4825963516671,-13.50974487403,-2.934101081458,1.337626871397,-12.43919487042,16409.77911748,-3122.677138075,0,0,259769.900,2296,560,0,587798.0234316
588000,27838751.23451,9479941.160374,3298144.784934,0,0,0,1.652037287065,-0.4814417674157,32364525.11584,30571493.8179597,160654231.0594,0.005980925535566,0,0,0,5.069538431573,4.357108402203e-82,0,-0.9498992368242,-0.4825558074369,-13.50928646608,-2.934175792741,1.33762183139,-12.43888921492,16410.47618887,-3122.80978635,0,0,259770.000,2296,560,0,587898.0244733
588100,27838720.57361,9479927.753013,3298442.831952,0,0,0,1.652004570602,-0.4814011297298,32364212.82805,30571181.5303492,160652589.9769,0.005980925534951,0,0,0,5.069538431573,4.356115825539e-82,0,-0.9498782067056,-0.4825152620845,-13.50882804544,-2.934250533809,1.337616791621,-12.43858353127,16411.17324068,-3122.942430899,0,0,259770.100,2296,560,0,587998.0255149
588200,27838689.90971,9479914.345145,3298740.878464,0,0,0,1.651971840247,-0.4813604908368,32363900.52699,30570869.2294758,160650948.8247,0.005980925534337,0,0,0,5.069538431573,4.355123500986e-82,0,-0.9498571815038,-0.4824747153104,-13.50836960872,-2.934325252321,1.337611752088,-12.43827781606,16411.87014566,-3123.075047508,0,0,259770.200,2296,560,0,588098.0265567
588300,27838659.24281,9479900.936771,3299038.924468,0,0,0,1.651939095997,-0.4813198507369,32363588.21267,30570556.9153406,160649307.6029,0.005980925533723,0,0,0,5.069538431573,4.354131428509e-82,0,-0.9498361573584,-0.4824341674844,-13.50791116011,-2.934399931536,1.337606712792,-12.43797207348,16412.56698213,-3123.207651079,0,0,259770.300,2296,560,0,588198.0275984
588400,27838628.57291,9479887.527889,3299336.969965,0,0,0,1.651906337851,-0.4812792094303,32363275.88509,30570244.5879447,160647666.3113,0.005980925533108,0,0,0,5.069538431573,4.353139608076e-82,0,-0.9498151354833,-0.4823936184901,-13.5074526983,-2.934474669391,1.337601673733,-12.43766630221,16413.2638186,-3123.34025465,0,0,259770.400,2296,560,0,588298.0286402
588500,27838597.90002,9479874.118501,3299635.014954,0,0,0,1.651873565806,-0.4812385669169,32362963.54425,30569932.247289,160646024.9501,0.005980925532494,0,0,0,5.069538431573,4.35214803965e-82,0,-0.9497941161623,-0.4823530683729,-13.50699422378,-2.934549396229,1.33759663491,-12.43736050276,16413.96056697,-3123.472841457,0,0,259770.500,2296,560,0,588398.0296821
588600,27838567.22413,9479860.708605,3299933.059436,0,0,0,1.651840779859,-0.4811979231968,32362651.19015,30569619.8933746,160644383.5192,0.00598092553188,0,0,0,5.069538431573,4.351156723199e-82,0,-0.9497730993239,-0.4823125169433,-13.50653573443,-2.9346241296,1.337591596325,-12.43705467299,16414.65731534,-3123.605428264,0,0,259770.600,2296,560,0,588498.030724
588700,27838536.54524,9479847.298203,3300231.103411,0,0,0,1.651807980007,-0.4811572782703,32362338.8228,30569307.5262026,160642742.0186,0.005980925531265,0,0,0,5.069538431573,4.350165658688e-82,0,-0.9497520836687,-0.4822719643362,-13.50607723177,-2.934698842222,1.337586557976,-12.43674881441,16415.3539952,-3123.738002032,0,0,259770.700,2296,560,0,588598.0317659
588800,27838505.86336,9479833.887295,3300529.146878,0,0,0,1.651775166249,-0.4811166321373,32362026.44218,30568995.1457741,160641100.4484,0.005980925530651,0,0,0,5.069538431573,4.349174846083e-82,0,-0.9497310728205,-0.4822314105532,-13.50561871581,-2.934773514643,1.337581519864,-12.43644292704,16416.05052823,-3123.870547861,0,0,259770.800,2296,560,0,588698.0328079
588900,27838475.17847,9479820.475879,3300827.189837,0,0,0,1.651742338581,-0.4810759847979,32361714.04832,30568682.7520901,160639458.8085,0.005980925530036,0,0,0,5.069538431573,4.348184285352e-82,0,-0.9497100627107,-0.4821908553925,-13.50516018427,-2.93484820023,1.33757648199,-12.43613700861,16416.74714936,-3124.003110453,0,0,259770.900,2296,560,0,588798.03385
589000,27838444.49059,9479807.063957,3301125.232288,0,0,0,1.651709497001,-0.4810353362523,32361401.64119,30568370.3451516,160637817.099,0.005980925529422,0,0,0,5.069538431573,4.347193976457e-82,0,-0.9496890555966,-0.4821502992917,-13.5047016421,-2.93492291879,1.337571444352,-12.43583106404,16417.44363345,-3124.135646969,0,0,259771.000,2296,560,0,588898.034892
589100,27838413.79972,9479793.651529,3301423.274232,0,0,0,1.651676641507,-0.4809946865006,32361089.22082,30568057.9249598,160636175.3198,0.005980925528808,0,0,0,5.069538431573,4.346203919367e-82,0,-0.9496680506005,-0.4821097416305,-13.50424308229,-2.934997645402,1.337566406952,-12.43552508634,16418.14009796,-3124.268179759,0,0,259771.100,2296,560,0,588998.0359342
589200,27838383.10584,9479780.238594,3301721.315668,0,0,0,1.651643772096,-0.4809540355427,32360776.78719,30567745.4915156,160634533.4709,0.005980925528193,0,0,0,5.069538431573,4.345214114046e-82,0,-0.9496470480233,-0.4820691829558,-13.50378451103,-2.935072350288,1.337561369789,-12.43521908167,16418.83655269,-3124.400710687,0,0,259771.200,2296,560,0,589098.0369763
589300,27838352.40897,9479766.825152,3302019.356597,0,0,0,1.651610888765,-0.4809133833789,32360464.34031,30567433.0448202,160632891.5525,0.005980925527579,0,0,0,5.069538431573,4.344224560461e-82,0,-0.9496260467066,-0.4820286230916,-13.50332592631,-2.935147036251,1.337556332863,-12.43491304806,16419.53287038,-3124.533215538,0,0,259771.300,2296,560,0,589198.0380185
589400,27838321.7091,9479753.411205,3302317.397017,0,0,0,1.651577991513,-0.4808727300092,32360151.88018,30567120.5848745,160631249.5644,0.005980925526965,0,0,0,5.069538431573,4.343235258575e-82,0,-0.9496050501664,-0.4819880617588,-13.50286732499,-2.935221736177,1.337551296175,-12.43460698233,16420.22909018,-3124.665701762,0,0,259771.400,2296,560,0,589298.0390608
589500,27838291.00623,9479739.99675,3302615.43693,0,0,0,1.651545080336,-0.4808320754338,32359839.4068,30566808.1116797,160629607.5067,0.00598092552635,0,0,0,5.069538431573,4.342246208359e-82,0,-0.9495840547912,-0.481947499252,-13.50240871039,-2.935296448532,1.337546259724,-12.43430088781,16420.92534915,-3124.798195437,0,0,259771.500,2296,560,0,589398.0401031
589600,27838260.30037,9479726.58179,3302913.476334,0,0,0,1.651512155232,-0.4807914196526,32359526.92017,30566495.6252367,160627965.3793,0.005980925525736,0,0,0,5.069538431573,4.341257409776e-82,0,-0.9495630621186,-0.4819069358241,-13.50195008539,-2.935371168554,1.337541223511,-12.43399476738,16421.62149065,-3124.93066676,0,0,259771.600,2296,560,0,589498.0411454
589700,27838229.59151,9479713.166323,3303211.515231,0,0,0,1.651479216199,-0.4807507626658,32359214.4203,30566183.1255468,160626323.1824,0.005980925525122,0,0,0,5.069538431573,4.340268862792e-82,0,-0.9495420715879,-0.4818663711165,-13.50149144591,-2.935445843392,1.337536187535,-12.43368861696,16422.31769088,-3125.063149258,0,0,259771.700,2296,560,0,589598.0421878
589800,27838198.87965,9479699.75035,3303509.55362,0,0,0,1.651446263233,-0.4807101044735,32358901.90718,30565870.6126108,160624680.9158,0.005980925524507,0,0,0,5.069538431573,4.339280567372e-82,0,-0.9495210822889,-0.4818258051111,-13.50103279176,-2.935520500352,1.337531151796,-12.43338243635,16423.01370513,-3125.195596367,0,0,259771.800,2296,560,0,589698.0432303
589900,27838168.16479,9479686.33387,3303807.5915,0,0,0,1.651413296333,-0.4806694450758,32358589.38081,30565558.08643,160623038.5796,0.005980925523893,0,0,0,5.069538431573,4.338292523482e-82,0,-0.9495000979464,-0.4817852377875,-13.5005741227,-2.935595193968,1.337526116295,-12.43307622531,16423.70964108,-3125.328028575,0,0,259771.900,2296,560,0,589798.0442727
590000,27838137.44694,9479672.916885,3304105.628873,0,0,0,1.651380315496,-0.4806287844728,32358276.84121,30565245.5470052,160621396.1739,0.005980925523279,0,0,0,5.069538431573,4.337304731088e-82,0,-0.9494791146726,-0.4817446694029,-13.50011544165,-2.935669897441,1.337521081032,-12.43276998676,16424.40554766,-3125.460455194,0,0,259772.000,2296,560,0,589898.0453152
590100,27838106.72609,9479659.499393,3304403.665737,0,0,0,1.651347320719,-0.4805881226646,32357964.28835,30564932.9943376,160619753.6985,0.005980925522664,0,0,0,5.069538431573,4.336317190157e-82,0,-0.9494581338705,-0.4817040997161,-13.49965674588,-2.93574463146,1.337516046007,-12.43246371797,16425.10146403,-3125.592883676,0,0,259772.100,2296,560,0,589998.0463578
590200,27838076.00224,9479646.081396,3304701.702093,0,0,0,1.651314312,-0.4805474596512,32357651.72226,30564620.4284283,160618111.1536,0.00598092552205,0,0,0,5.069538431573,4.335329900653e-82,0,-0.9494371550013,-0.4816635287134,-13.49919803522,-2.935819321907,1.337511011219,-12.43215741877,16425.79732167,-3125.725300983,0,0,259772.200,2296,560,0,590098.0474004
590300,27838045.27539,9479632.662892,3304999.737941,0,0,0,1.651281289337,-0.4805067954328,32357339.14293,30564307.8492783,160616468.5391,0.005980925521435,0,0,0,5.069538431573,4.334342862541e-82,0,-0.949416179178,-0.4816229566396,-13.49873931246,-2.935893971039,1.33750597667,-12.43185109193,16426.49306185,-3125.857695937,0,0,259772.300,2296,560,0,590198.0484431
590400,27838014.54555,9479619.243883,3305297.773281,0,0,0,1.651248252726,-0.4804661300094,32357026.55035,30563995.2568886,160614825.855,0.005980925520821,0,0,0,5.069538431573,4.33335607579e-82,0,-0.9493952042508,-0.4815823834648,-13.49828057725,-2.935968656971,1.337500942358,-12.43154473711,16427.18874331,-3125.990079716,0,0,259772.400,2296,560,0,590298.0494858
590500,27837983.81271,9479605.824367,3305595.808112,0,0,0,1.651215202165,-0.4804254633811,32356713.94454,30563682.6512604,160613183.1013,0.005980925520207,0,0,0,5.069538431573,4.332369540363e-82,0,-0.9493742342249,-0.4815418088619,-13.49782182589,-2.936043332848,1.337495908284,-12.43123835061,16427.88443455,-3126.122465357,0,0,259772.500,2296,560,0,590398.0505285
590600,27837953.07687,9479592.404346,3305893.842435,0,0,0,1.651182137653,-0.4803847955482,32356401.32549,30563370.0323946,160611540.2781,0.005980925519592,0,0,0,5.069538431573,4.331383256228e-82,0,-0.9493532652736,-0.4815012333814,-13.49736306461,-2.93611803945,1.337490874448,-12.43093193865,16428.58004748,-3126.254836097,0,0,259772.600,2296,560,0,590498.0515713
590700,27837922.33803,9479578.983818,3306191.876249,0,0,0,1.651149059185,-0.4803441265105,32356088.6932,30563057.4002924,160609897.3853,0.005980925518978,0,0,0,5.069538431573,4.330397223348e-82,0,-0.949332298739,-0.4814606564087,-13.49690428646,-2.936192720096,1.33748584085,-12.43062549428,16429.27564084,-3126.387203112,0,0,259772.700,2296,560,0,590598.0526141
590800,27837891.5962,9479565.562785,3306489.909555,0,0,0,1.65111596676,-0.4803034562682,32355776.04768,30562744.7549547,160608254.423,0.005980925518364,0,0,0,5.069538431573,4.329411441689e-82,0,-0.9493113345934,-0.481420078086,-13.49644549304,-2.936267364325,1.337480807491,-12.43031901911,16429.97110695,-3126.519545913,0,0,259772.800,2296,560,0,590698.053657
590900,27837860.85137,9479552.141247,3306787.942352,0,0,0,1.651082860376,-0.4802627848215,32355463.38893,30562432.0963827,160606611.3911,0.005980925517749,0,0,0,5.069538431573,4.328425911218e-82,0,-0.9492903729673,-0.4813794988448,-13.49598668924,-2.936342063227,1.337475774369,-12.43001251801,16430.666622,-3126.651898026,0,0,259772.900,2296,560,0,590798.0546999
591000,27837830.10354,9479538.719202,3307085.974641,0,0,0,1.651049740029,-0.4802221121704,32355150.71694,30562119.4245774,160604968.2896,0.005980925517135,0,0,0,5.069538431573,4.3274406319e-82,0,-0.9492694124628,-0.4813389182568,-13.49552787022,-2.936416752389,1.337470741486,-12.42970598614,16431.36197065,-3126.784218475,0,0,259773.000,2296,560,0,590898.0557429
591100,27837799.35271,9479525.296652,3307384.006421,0,0,0,1.651016605717,-0.480181438315,32354838.03171,30561806.7395398,160603325.1187,0.005980925516521,0,0,0,5.069538431573,4.326455603702e-82,0,-0.9492484569189,-0.4812983363493,-13.49506903627,-2.93649145125,1.337465708841,-12.4293994238,16432.05730952,-3126.916537061,0,0,259773.100,2296,560,0,590998.0567859
591200,27837768.59889,9479511.873596,3307682.037693,0,0,0,1.650983457438,-0.4801407632553,32354525.33326,30561494.0412711,160601681.8782,0.005980925515906,0,0,0,5.069538431573,4.325470826587e-82,0,-0.9492275024787,-0.481257753371,-13.49461019022,-2.936566125448,1.337460676434,-12.42909283381,16432.75261902,-3127.04885006,0,0,259773.200,2296,560,0,591098.0578289
591300,27837737.84207,9479498.450035,3307980.068455,0,0,0,1.650950295189,-0.4801000869916,32354212.62158,30561181.3297722,160600038.5682,0.005980925515292,0,0,0,5.069538431573,4.324486300522e-82,0,-0.9492065503813,-0.4812171693913,-13.49415133284,-2.93664076264,1.337455644266,-12.42878621694,16433.44773275,-3127.181125805,0,0,259773.300,2296,560,0,591198.058872
591400,27837707.08225,9479485.025968,3308278.098709,0,0,0,1.650917118967,-0.4800594095238,32353899.89667,30560868.6050443,160598395.1886,0.005980925514677,0,0,0,5.069538431573,4.323502025473e-82,0,-0.9491856006695,-0.4811765837517,-13.4936924567,-2.936715412925,1.337450612336,-12.42847956574,16434.14295415,-3127.313422039,0,0,259773.400,2296,560,0,591298.0599152
591500,27837676.31943,9479471.601396,3308576.128455,0,0,0,1.65088392877,-0.4800187308521,32353587.15853,30560555.8670884,160596751.7396,0.005980925514063,0,0,0,5.069538431573,4.322518001404e-82,0,-0.9491646523464,-0.4811359972484,-13.49323357079,-2.936790093895,1.337445580645,-12.42817288922,16434.83803852,-3127.445692196,0,0,259773.500,2296,560,0,591398.0609583
591600,27837645.55362,9479458.176318,3308874.157691,0,0,0,1.650850724596,-0.4799780509766,32353274.40716,30560243.1159055,160595108.221,0.005980925513449,0,0,0,5.069538431573,4.321534228283e-82,0,-0.9491437087745,-0.4810954092726,-13.49277466824,-2.936864785219,1.337440549192,-12.4278661805,16435.53305437,-3127.577949315,0,0,259773.600,2296,560,0,591498.0620016
591700,27837614.78481,9479444.750735,3309172.186418,0,0,0,1.650817506441,-0.4799373698974,32352961.64257,30559930.3514968,160593464.633,0.005980925512834,0,0,0,5.069538431573,4.320550706074e-82,0,-0.9491227662778,-0.4810548202393,-13.49231575372,-2.936939450793,1.337435517978,-12.42755944425,16436.22808001,-3127.710208297,0,0,259773.700,2296,560,0,591598.0630448
591800,27837584.013,9479431.324647,3309470.214637,0,0,0,1.650784274304,-0.4798966876145,32352648.86475,30559617.5738633,160591820.9754,0.00598092551222,0,0,0,5.069538431573,4.319567434742e-82,0,-0.9491018260495,-0.4810142299793,-13.49185682534,-2.937014101528,1.337430487003,-12.42725267857,16436.92302734,-3127.842452377,0,0,259773.800,2296,560,0,591698.0640881
591900,27837553.2382,9479417.898053,3309768.242347,0,0,0,1.650751028182,-0.479856004128,32352336.07371,30559304.7830059,160590177.2484,0.005980925511606,0,0,0,5.069538431573,4.318584414252e-82,0,-0.9490808883669,-0.4809736383776,-13.49139788179,-2.93708876466,1.337425456266,-12.42694588216,16437.61790616,-3127.974683419,0,0,259773.900,2296,560,0,591798.0651315
592000,27837522.46039,9479404.470954,3310066.269547,0,0,0,1.650717768072,-0.4798153194381,32352023.26944,30558991.9789258,160588533.4518,0.005980925510991,0,0,0,5.069538431573,4.317601644572e-82,0,-0.9490599532793,-0.4809330456283,-13.49093892526,-2.937163439455,1.337420425768,-12.42663905719,16438.31270667,-3128.106899559,0,0,259774.000,2296,560,0,591898.0661749
592100,27837491.67959,9479391.04335,3310364.296238,0,0,0,1.650684493972,-0.4797746335448,32351710.45196,30558679.1616241,160586889.5858,0.005980925510377,0,0,0,5.069538431573,4.316619125668e-82,0,-0.9490390193338,-0.4808924517519,-13.49047995599,-2.937238124134,1.337415395509,-12.42633220392,16439.00749739,-3128.239113837,0,0,259774.100,2296,560,0,591998.0672184
592200,27837460.89579,9479377.615241,3310662.322421,0,0,0,1.650651205879,-0.4797339464482,32351397.62125,30558366.3311018,160585245.6503,0.005980925509763,0,0,0,5.069538431573,4.315636857502e-82,0,-0.9490180899371,-0.4808518565878,-13.49002097216,-2.937312763734,1.337410365489,-12.42602532051,16439.70226853,-3128.37132439,0,0,259774.200,2296,560,0,592098.0682618
592300,27837430.109,9479364.186626,3310960.348094,0,0,0,1.650617903791,-0.4796932581484,32351084.77732,30558053.48736,160583601.6453,0.005980925509148,0,0,0,5.069538431573,4.31465484004e-82,0,-0.9489971617268,-0.4808112603614,-13.48956197632,-2.937387385391,1.337405335708,-12.42571840951,16440.39687327,-3128.503503278,0,0,259774.300,2296,560,0,592198.0693054
592400,27837399.3192,9479350.757507,3311258.373258,0,0,0,1.650584587704,-0.4796525686456,32350771.92018,30557740.6303997,160581957.5709,0.005980925508534,0,0,0,5.069538431573,4.313673073252e-82,0,-0.9489762360603,-0.4807706626271,-13.48910296343,-2.937462040894,1.337400306166,-12.42541146588,16441.09149759,-3128.635685891,0,0,259774.400,2296,560,0,592298.070349
592500,27837368.52641,9479337.327882,3311556.397912,0,0,0,1.650551257618,-0.4796118779398,32350459.04982,30557427.7602219,160580313.427,0.00598092550792,0,0,0,5.069538431573,4.312691557097e-82,0,-0.9489553129998,-0.4807300641508,-13.48864394215,-2.937536709082,1.337395276863,-12.42510449828,16441.78607297,-3128.767859191,0,0,259774.500,2296,560,0,592398.0713926
592600,27837337.73062,9479323.897753,3311854.422058,0,0,0,1.650517913528,-0.479571186031,32350146.16624,30557114.8768279,160578669.2137,0.005980925507305,0,0,0,5.069538431573,4.311710291544e-82,0,-0.9489343906504,-0.4806894639891,-13.48818490182,-2.93761140461,1.337390247799,-12.42479749604,16442.4806092,-3128.90002504,0,0,259774.600,2296,560,0,592498.0724362
592700,27837306.93184,9479310.467118,3312152.445694,0,0,0,1.650484555433,-0.4795304929195,32349833.26945,30556801.9802185,160577024.9309,0.005980925506691,0,0,0,5.069538431573,4.310729276559e-82,0,-0.9489134736083,-0.480648862831,-13.48772585021,-2.937686057437,1.337385218974,-12.42449046694,16443.17506712,-3129.032175988,0,0,259774.700,2296,560,0,592598.07348
592800,27837276.13006,9479297.035979,3312450.46882,0,0,0,1.65045118333,-0.4794897986052,32349520.35944,30556489.0703949,160575380.5787,0.005980925506076,0,0,0,5.069538431573,4.309748512106e-82,0,-0.9488925575603,-0.4806082604927,-13.48726678527,-2.937760672967,1.337380190388,-12.42418340892,16443.86939779,-3129.164302722,0,0,259774.800,2296,560,0,592698.0745237
592900,27837245.32527,9479283.604335,3312748.491437,0,0,0,1.650417797216,-0.4794491030883,32349207.43622,30556176.1473581,160573736.1571,0.005980925505462,0,0,0,5.069538431573,4.308767998152e-82,0,-0.9488716440766,-0.4805676569432,-13.48680770663,-2.937835321954,1.337375162042,-12.4238763216,16444.56372846,-3129.296429455,0,0,259774.900,2296,560,0,592798.0755675
593000,27837214.5175,9479270.172186,3313046.513545,0,0,0,1.650384397089,-0.4794084063688,32348894.49978,30555863.2111092,160572091.666,0.005980925504848,0,0,0,5.069538431573,4.30778773466e-82,0,-0.9488507326346,-0.4805270520512,-13.48634861281,-2.93790998288,1.337370133935,-12.42356920352,16445.25797104,-3129.428539425,0,0,259775.000,2296,560,0,592898.0766113
593100,27837183.70672,9479256.739532,3313344.535143,0,0,0,1.650350982947,-0.479367708447,32348581.55014,30555550.2616492,160570447.1055,0.005980925504233,0,0,0,5.069538431573,4.306807721598e-82,0,-0.9488298239036,-0.4804864460563,-13.48588950653,-2.937984630577,1.337365106068,-12.42326205737,16445.95226256,-3129.560658708,0,0,259775.100,2296,560,0,592998.0776552
593200,27837152.89295,9479243.306374,3313642.556232,0,0,0,1.650317554786,-0.4793270093227,32348268.58729,30555237.2989792,160568802.4755,0.005980925503619,0,0,0,5.069538431573,4.305827958929e-82,0,-0.9488089164147,-0.4804458388537,-13.48543038659,-2.938059276145,1.33736007844,-12.42295488196,16446.64639746,-3129.692748189,0,0,259775.200,2296,560,0,593098.0786992
593300,27837122.07617,9479229.872711,3313940.576811,0,0,0,1.650284112604,-0.4792863089963,32347955.61122,30554924.3231003,160567157.7762,0.005980925503005,0,0,0,5.069538431573,4.304848446619e-82,0,-0.9487880137071,-0.480405230402,-13.48497125252,-2.93813388391,1.337355051051,-12.42264767683,16447.34046385,-3129.824824631,0,0,259775.300,2296,560,0,593198.0797431
593400,27837091.25641,9479216.438543,3314238.59688,0,0,0,1.650250656399,-0.4792456074676,32347642.62195,30554611.3340135,160565513.0074,0.00598092550239,0,0,0,5.069538431573,4.303869184634e-82,0,-0.9487671119444,-0.4803646206041,-13.48451210324,-2.938208545952,1.337350023902,-12.42234044087,16448.03451066,-3129.956897348,0,0,259775.400,2296,560,0,593298.0807872
593500,27837060.43364,9479203.003871,3314536.616439,0,0,0,1.650217186168,-0.4792049047369,32347329.61947,30554298.3317199,160563868.1693,0.005980925501776,0,0,0,5.069538431573,4.302890172938e-82,0,-0.9487462124218,-0.4803240097533,-13.48405294205,-2.938283197245,1.337344996993,-12.42203317741,16448.72850853,-3130.088960752,0,0,259775.500,2296,560,0,593398.0818312
593600,27837029.60787,9479189.568694,3314834.635489,0,0,0,1.650183701909,-0.4791642008042,32347016.60379,30553985.3162206,160562223.2617,0.005980925501162,0,0,0,5.069538431573,4.301911411498e-82,0,-0.9487253155448,-0.480283397603,-13.48359376616,-2.938357860001,1.337339970323,-12.42172588364,16449.42248683,-3130.22102043,0,0,259775.600,2296,560,0,593498.0828753
593700,27836998.77911,9479176.133013,3315132.654029,0,0,0,1.650150203619,-0.4791234956697,32346703.5749,30553672.2875165,160560578.2848,0.005980925500547,0,0,0,5.069538431573,4.300932900279e-82,0,-0.9487044214191,-0.480242784333,-13.48313457762,-2.938432474829,1.337334943893,-12.4214185616,16450.11636724,-3130.353061482,0,0,259775.700,2296,560,0,593598.0839195
593800,27836967.94735,9479162.696827,3315430.672059,0,0,0,1.650116691295,-0.4790827893333,32346390.53281,30553359.2456088,160558933.2384,0.005980925499933,0,0,0,5.069538431573,4.299954639245e-82,0,-0.9486835281517,-0.4802021698619,-13.4826753755,-2.938507098283,1.337329917703,-12.42111121037,16450.81018892,-3130.485091358,0,0,259775.800,2296,560,0,593698.0849637
593900,27836937.1126,9479149.260137,3315728.689579,0,0,0,1.650083164935,-0.4790420817953,32346077.47752,30553046.1904985,160557288.1227,0.005980925499318,0,0,0,5.069538431573,4.298976628363e-82,0,-0.9486626396302,-0.4801615540614,-13.48221615835,-2.938581713269,1.337324891753,-12.42080382849,16451.5039323,-3130.617106333,0,0,259775.900,2296,560,0,593798.0860079
594000,27836906.27484,9479135.822942,3316026.706589,0,0,0,1.650049624537,-0.4790013730556,32345764.40902,30552733.1221867,160555642.9377,0.005980925498704,0,0,0,5.069538431573,4.297998867597e-82,0,-0.94864175218,-0.4801209370399,-13.48175692739,-2.938656358248,1.337319866042,-12.42049641719,16452.19766588,-3130.749119446,0,0,259776.000,2296,576,0,593898.0870522
594100,27836875.43409,9479122.385244,3316324.72309,0,0,0,1.650016070097,-0.4789606631144,32345451.32732,30552420.0406745,160553997.6832,0.00598092549809,0,0,0,5.069538431573,4.297021356914e-82,0,-0.94862086756,-0.4800803189939,-13.48129768485,-2.938731012593,1.337314840572,-12.42018897868,16452.89128201,-3130.881110206,0,0,259776.100,2296,576,0,593998.0880965
594200,27836844.59034,9479108.947041,3316622.73908,0,0,0,1.649982501613,-0.4789199519719,32345138.23243,30552106.9459628,160552352.3594,0.005980925497475,0,0,0,5.069538431573,4.296044096277e-82,0,-0.9485999849696,-0.4800396996085,-13.48083842716,-2.938805622041,1.337309815341,-12.4198815094,16453.58494708,-3131.01311028,0,0,259776.200,2296,576,0,594098.0891409
594300,27836813.74359,9479095.508334,3316920.75456,0,0,0,1.649948919083,-0.4788792396279,32344825.12433,30551793.8380528,160550706.9662,0.005980925496861,0,0,0,5.069538431573,4.295067085651e-82,0,-0.948579103738,-0.4799990790582,-13.48037915631,-2.938880257303,1.337304790351,-12.41957401133,16454.27852406,-3131.14509359,0,0,259776.300,2296,576,0,594198.0901853
594400,27836782.89385,9479082.069122,3317218.76953,0,0,0,1.649915322505,-0.4788385260828,32344512.00304,30551480.7169456,160549061.5037,0.005980925496247,0,0,0,5.069538431573,4.294090325005e-82,0,-0.9485582273021,-0.4799584572011,-13.47991987068,-2.938954885336,1.337299765601,-12.41926648285,16454.97200315,-3131.277058274,0,0,259776.400,2296,576,0,594298.0912298
594500,27836752.04111,9479068.629407,3317516.78399,0,0,0,1.649881711874,-0.4787978113365,32344198.86855,30551167.5826421,160547415.9718,0.005980925495632,0,0,0,5.069538431573,4.2931138143e-82,0,-0.9485373520234,-0.4799178342479,-13.47946057265,-2.939029522113,1.33729474109,-12.41895892635,16455.66544309,-3131.409015507,0,0,259776.500,2296,576,0,594398.0922743
594600,27836721.18537,9479055.189187,3317814.797939,0,0,0,1.64984808719,-0.4787570953892,32343885.72087,30550854.4351434,160545770.3706,0.005980925495018,0,0,0,5.069538431573,4.292137553502e-82,0,-0.948516479144,-0.4798772099377,-13.47900125929,-2.939104169073,1.337289716821,-12.41865133888,16456.35883409,-3131.540963426,0,0,259776.600,2296,576,0,594498.0933188
594700,27836690.32663,9479041.748463,3318112.811378,0,0,0,1.649814448449,-0.4787163782409,32343572.55999,30550541.2744507,160544124.7001,0.005980925494404,0,0,0,5.069538431573,4.291161542578e-82,0,-0.9484956089296,-0.4798365848645,-13.47854193729,-2.939178751207,1.337284692791,-12.41834372714,16457.05217614,-3131.672902033,0,0,259776.700,2296,576,0,594598.0943634
594800,27836659.46489,9479028.307236,3318410.824307,0,0,0,1.64978079565,-0.4786756598917,32343259.38592,30550228.100565,160542478.9602,0.005980925493789,0,0,0,5.069538431573,4.290185781492e-82,0,-0.9484747407056,-0.4797959579138,-13.47808259407,-2.939253360125,1.337279669002,-12.41803607854,16457.74544968,-3131.804827601,0,0,259776.800,2296,576,0,594698.0954081
594900,27836628.60016,9479014.865504,3318708.836726,0,0,0,1.649747128788,-0.4786349403418,32342946.19866,30549914.9134873,160540833.151,0.005980925493175,0,0,0,5.069538431573,4.289210270209e-82,0,-0.9484538739886,-0.4797553300832,-13.4776232409,-2.939327981025,1.337274645453,-12.41772840434,16458.43860576,-3131.936730817,0,0,259776.900,2296,576,0,594798.0964527
595000,27836597.73243,9479001.423269,3319006.848634,0,0,0,1.649713447862,-0.4785942195912,32342632.99821,30549601.7132186,160539187.2725,0.005980925492561,0,0,0,5.069538431573,4.288235008697e-82,0,-0.9484330121401,-0.4797147012872,-13.47716387682,-2.939402610585,1.337269622144,-12.41742070359,16459.13181078,-3132.068643346,0,0,259777.000,2296,576,0,594898.0974975
595100,27836566.8617,9478987.98053,3319304.860032,0,0,0,1.64967975287,-0.47855349764,32342319.78457,30549288.4997601,160537541.3246,0.005980925491946,0,0,0,5.069538431573,4.287259996917e-82,0,-0.9484121510513,-0.4796740708523,-13.4767044942,-2.939477268942,1.337264599077,-12.41711296867,16459.82486898,-3132.200527936,0,0,259777.100,2296,576,0,594998.0985422
595200,27836535.98798,9478974.537287,3319602.870919,0,0,0,1.649646043808,-0.4785127744883,32342006.55774,30548975.2731129,160535895.3075,0.005980925491332,0,0,0,5.069538431573,4.286285234835e-82,0,-0.9483912926242,-0.4796334395596,-13.47624510189,-2.93955186373,1.337259576249,-12.41680520839,16460.51795654,-3132.332418114,0,0,259777.200,2296,576,0,595098.099587
595300,27836505.11125,9478961.09354,3319900.881296,0,0,0,1.649612320674,-0.4784720501362,32341693.31772,30548662.0332779,160534249.221,0.005980925490717,0,0,0,5.069538431573,4.285310722416e-82,0,-0.9483704366003,-0.4795928067505,-13.47578569243,-2.939626465155,1.337254553662,-12.41649741533,16461.21091686,-3132.464284077,0,0,259777.300,2296,576,0,595198.1006319
595400,27836474.23153,9478947.649289,3320198.891162,0,0,0,1.649578583466,-0.4784313245838,32341380.06451,30548348.7802562,160532603.0653,0.005980925490103,0,0,0,5.069538431573,4.284336459629e-82,0,-0.9483495829921,-0.479552172898,-13.47532627117,-2.939701077261,1.337249531316,-12.41618959481,16461.90380865,-3132.596137002,0,0,259777.400,2296,576,0,595298.1016768
595500,27836443.34881,9478934.204535,3320496.900517,0,0,0,1.64954483218,-0.4783905978312,32341066.79812,30548035.514049,160530956.8403,0.005980925489489,0,0,0,5.069538431573,4.283362446433e-82,0,-0.9483287306807,-0.479511537843,-13.47486683632,-2.939775701873,1.337244509211,-12.41588174504,16462.5966613,-3132.727982476,0,0,259777.500,2296,576,0,595398.1027217
595600,27836412.4631,9478920.759277,3320794.909362,0,0,0,1.649511066815,-0.4783498698785,32340753.51854,30547722.2346572,160529310.546,0.005980925488874,0,0,0,5.069538431573,4.282388682799e-82,0,-0.9483078830726,-0.4794709015435,-13.4744073874,-2.939850316104,1.337239487347,-12.41557386554,16463.28953352,-3132.859831676,0,0,259777.600,2296,576,0,595498.1037667
595700,27836381.57438,9478907.313516,3321092.917696,0,0,0,1.649477287368,-0.4783091407257,32340440.22578,30547408.9420819,160527664.1824,0.00598092548826,0,0,0,5.069538431573,4.281415168688e-82,0,-0.9482870361933,-0.4794302639721,-13.4739479241,-2.939924901929,1.337234465723,-12.415265956,16463.98231764,-3132.991664112,0,0,259777.700,2296,576,0,595598.1048118
595800,27836350.68267,9478893.867251,3321390.925519,0,0,0,1.649443493836,-0.4782684103731,32340126.91984,30547095.6363242,160526017.7495,0.005980925487646,0,0,0,5.069538431573,4.280441904067e-82,0,-0.9482661922939,-0.4793896254269,-13.47348844979,-2.939999496197,1.33722944434,-12.41495801979,16464.67501367,-3133.123479784,0,0,259777.800,2296,576,0,595698.1058568
595900,27836319.78796,9478880.420482,3321688.932832,0,0,0,1.649409686216,-0.4782276788205,32339813.60072,30546782.3173852,160524371.2474,0.005980925487031,0,0,0,5.069538431573,4.279468888899e-82,0,-0.9482453505484,-0.4793489853911,-13.47302895862,-2.940074103005,1.337224423198,-12.41465005106,16465.36766076,-3133.255286142,0,0,259777.900,2296,576,0,595798.106902
596000,27836288.89025,9478866.973211,3321986.939633,0,0,0,1.649375864507,-0.4781869460682,32339500.26842,30546468.9852658,160522724.676,0.005980925486417,0,0,0,5.069538431573,4.278496123152e-82,0,-0.9482245101599,-0.479308344266,-13.47256945514,-2.940148736071,1.337219402297,-12.41434205435,16466.06034701,-3133.387099952,0,0,259778.000,2296,576,0,595898.1079471
596100,27836257.98955,9478853.525435,3322284.945924,0,0,0,1.649342028705,-0.4781462121163,32339186.92293,30546155.6399673,160521078.0353,0.005980925485803,0,0,0,5.069538431573,4.277523606789e-82,0,-0.9482036744835,-0.4792677018203,-13.47210993672,-2.940223339874,1.337214381638,-12.41403402704,16466.75287664,-3133.518883958,0,0,259778.100,2296,576,0,595998.1089923
596200,27836227.08585,9478840.077157,3322582.951704,0,0,0,1.649308178809,-0.4781054769648,32338873.56427,30545842.2814905,160519431.3254,0.005980925485188,0,0,0,5.069538431573,4.276551339774e-82,0,-0.9481828400581,-0.4792270584291,-13.47165040762,-2.940297941063,1.337209361219,-12.41372597336,16467.44535733,-3133.650658652,0,0,259778.200,2296,576,0,596098.1100376
596300,27836196.17915,9478826.628375,3322880.956972,0,0,0,1.649274314814,-0.4780647406138,32338560.19243,30545528.9098367,160517784.5462,0.005980925484574,0,0,0,5.069538431573,4.275579322074e-82,0,-0.9481620081937,-0.4791864136734,-13.47119086309,-2.940372529008,1.337204341042,-12.41341788858,16468.13777929,-3133.78242217,0,0,259778.300,2296,576,0,596198.1110829
596400,27836165.26945,9478813.179089,3323178.96173,0,0,0,1.64924043672,-0.4780240030634,32338246.80742,30545215.5250068,160516137.6978,0.00598092548396,0,0,0,5.069538431573,4.274607553654e-82,0,-0.948141178452,-0.4791457676115,-13.47073130379,-2.940447109633,1.337199321105,-12.41310977336,16468.83015231,-3133.914176375,0,0,259778.400,2296,576,0,596298.1121282
596500,27836134.35675,9478799.729301,3323476.965976,0,0,0,1.649206544522,-0.4779832643138,32337933.40923,30544902.1270019,160514490.7802,0.005980925483345,0,0,0,5.069538431573,4.273636034478e-82,0,-0.9481203511415,-0.4791051204472,-13.47027173203,-2.940521716903,1.33719430141,-12.41280162999,16469.52252532,-3134.045930579,0,0,259778.500,2296,576,0,596398.1131736
596600,27836103.44106,9478786.279009,3323774.969712,0,0,0,1.64917263822,-0.4779425243649,32337619.99787,30544588.7158231,160512843.7933,0.005980925482731,0,0,0,5.069538431573,4.272664764512e-82,0,-0.9480995252958,-0.4790644721551,-13.46981214751,-2.940596312431,1.337189281957,-12.41249345819,16470.21471237,-3134.177649394,0,0,259778.600,2296,576,0,596498.114219
596700,27836072.52237,9478772.828215,3324072.972936,0,0,0,1.649138717809,-0.477901783217,32337306.57333,30544275.2914715,160511196.7373,0.005980925482117,0,0,0,5.069538431573,4.27169374372e-82,0,-0.948078703904,-0.4790238225232,-13.46935254785,-2.940670908262,1.337184262744,-12.41218525556,16470.90693856,-3134.309375659,0,0,259778.700,2296,576,0,596598.1152645
596800,27836041.60068,9478759.376917,3324370.975649,0,0,0,1.649104783288,-0.47786104087,32336993.13562,30543961.8539481,160509549.612,0.005980925481502,0,0,0,5.069538431573,4.270722972068e-82,0,-0.9480578839883,-0.4789831715968,-13.46889293355,-2.940745506279,1.337179243774,-12.4118770226,16471.59908645,-3134.441087022,0,0,259778.800,2296,576,0,596698.11631
596900,27836010.67599,9478745.925116,3324668.977851,0,0,0,1.649070834654,-0.4778202973241,32336679.68475,30543648.4032539,160507902.4174,0.005980925480888,0,0,0,5.069538431573,4.269752449518e-82,0,-0.9480370660679,-0.4789425196317,-13.46843330751,-2.940820097271,1.337174225044,-12.41156876222,16472.29121476,-3134.572794661,0,0,259778.900,2296,576,0,596798.1173556
597000,27835979.74831,9478732.472812,3324966.979541,0,0,0,1.649036871904,-0.4777795525794,32336366.2207,30543334.93939,160506255.1537,0.005980925480273,0,0,0,5.069538431573,4.268782176039e-82,0,-0.9480162510282,-0.4789018665938,-13.46797366933,-2.940894697837,1.337169206557,-12.41126047401,16472.98317667,-3134.704470634,0,0,259779.000,2296,576,0,596898.1184012
597100,27835948.81763,9478719.020005,3325264.98072,0,0,0,1.649002895036,-0.477738806636,32336052.74348,30543021.4623576,160504607.8208,0.005980925479659,0,0,0,5.069538431573,4.267812151593e-82,0,-0.947995436787,-0.4788612118975,-13.46751401241,-2.940969286336,1.33716418831,-12.41095215135,16473.67516795,-3134.836152196,0,0,259779.100,2296,576,0,596998.1194468
597200,27835917.88395,9478705.566696,3325562.981388,0,0,0,1.648968904047,-0.4776980594939,32335739.2531,30542707.9721576,160502960.4187,0.005980925479045,0,0,0,5.069538431573,4.266842376146e-82,0,-0.9479746263853,-0.4788205564723,-13.46705434725,-2.941043857808,1.337159170306,-12.41064380476,16474.36718859,-3134.967839345,0,0,259779.200,2296,576,0,597098.1204925
597300,27835886.94727,9478692.112883,3325860.981544,0,0,0,1.648934898935,-0.4776573111533,32335425.74955,30542394.4687912,160501312.9474,0.00598092547843,0,0,0,5.069538431573,4.265872849664e-82,0,-0.947953819409,-0.4787798996042,-13.46659466577,-2.941118430262,1.337154152543,-12.41033542615,16475.05901346,-3135.099489242,0,0,259779.300,2296,576,0,597198.1215382
597400,27835856.0076,9478678.658568,3326158.981188,0,0,0,1.648900879696,-0.4776165616142,32335112.23283,30542080.9522593,160499665.4069,0.005980925477816,0,0,0,5.069538431573,4.264903572109e-82,0,-0.9479330138271,-0.4787392416403,-13.4661349719,-2.941193014797,1.337149135022,-12.41002701946,16475.75082855,-3135.231137276,0,0,259779.400,2296,576,0,597298.122584
597500,27835825.06492,9478665.20375,3326456.980321,0,0,0,1.64886684633,-0.4775758108767,32334798.70295,30541767.4225631,160498017.7972,0.005980925477202,0,0,0,5.069538431573,4.263934543449e-82,0,-0.9479122105482,-0.4786985822537,-13.46567526195,-2.941267607684,1.337144117743,-12.40971858097,16476.44262406,-3135.362781584,0,0,259779.500,2296,576,0,597398.1236298
597600,27835794.11925,9478651.748429,3326754.978943,0,0,0,1.648832798832,-0.477535058941,32334485.15991,30541453.8797036,160496370.1184,0.005980925476587,0,0,0,5.069538431573,4.262965763648e-82,0,-0.9478914097077,-0.478657922053,-13.46521554279,-2.941342205329,1.337139100706,-12.40941011758,16477.13433148,-3135.494409129,0,0,259779.600,2296,576,0,597498.1246757
597700,27835763.17058,9478638.292605,3327052.977053,0,0,0,1.6487987372,-0.4774943058071,32334171.6037,30541140.3236818,160494722.3703,0.005980925475973,0,0,0,5.069538431573,4.261997232667e-82,0,-0.9478706098637,-0.4786172599542,-13.46475580217,-2.941416786952,1.337134083911,-12.40910161701,16477.82609762,-3135.62604785,0,0,259779.700,2296,576,0,597598.1257216
597800,27835732.21892,9478624.836279,3327350.974651,0,0,0,1.648764661432,-0.4774535514751,32333858.03433,30540826.7544989,160493074.5532,0.005980925475359,0,0,0,5.069538431573,4.261028950478e-82,0,-0.9478498150825,-0.4785765973199,-13.4642960555,-2.941491353484,1.337129067357,-12.40879309468,16478.5175897,-3135.757634416,0,0,259779.800,2296,576,0,597698.1267676
597900,27835701.26425,9478611.37945,3327648.971737,0,0,0,1.648730571525,-0.4774127959452,32333544.45181,30540513.1721559,160491426.6668,0.005980925474744,0,0,0,5.069538431573,4.260060917039e-82,0,-0.9478290214648,-0.4785359331801,-13.4638362918,-2.941565929817,1.337124051046,-12.40848453961,16479.20909156,-3135.889222845,0,0,259779.900,2296,576,0,597798.1278136
598000,27835670.30659,9478597.922119,3327946.968312,0,0,0,1.648696467477,-0.4773720392173,32333230.85612,30540199.5766539,160489778.7113,0.00598092547413,0,0,0,5.069538431573,4.259093132318e-82,0,-0.9478082299619,-0.478495267792,-13.463376514,-2.941640518636,1.337119034977,-12.40817595472,16479.90055427,-3136.020803824,0,0,259780.000,2296,576,0,597898.1288596
598100,27835639.34593,9478584.464285,3328244.964374,0,0,0,1.648662349285,-0.4773312812916,32332917.24728,30539885.9679939,160488130.6867,0.005980925473516,0,0,0,5.069538431573,4.25812559628e-82,0,-0.9477874412483,-0.4784546013477,-13.46291672425,-2.941715071702,1.33711401915,-12.40786734216,16480.59201698,-3136.152384803,0,0,259780.100,2296,576,0,597998.1299057
598200,27835608.38228,9478571.005949,3328542.959925,0,0,0,1.648628216945,-0.4772905221682,32332603.62527,30539572.3461769,160486482.5929,0.005980925472901,0,0,0,5.069538431573,4.25715830889e-82,0,-0.9477666547558,-0.4784139336767,-13.46245692063,-2.941789646457,1.337109003565,-12.40755870001,16481.2834699,-3136.283963919,0,0,259780.200,2296,576,0,598098.1309518
598300,27835577.41562,9478557.54711,3328840.954964,0,0,0,1.648594070457,-0.4772497618472,32332289.99012,30539258.7112042,160484834.43,0.005980925472287,0,0,0,5.069538431573,4.25619127011e-82,0,-0.9477458695522,-0.47837326466,-13.46199710179,-2.941864205604,1.337103988223,-12.40725002693,16481.97470748,-3136.415502056,0,0,259780.300,2296,576,0,598198.131998
598400,27835546.44597,9478544.087769,3329138.949491,0,0,0,1.648559909817,-0.4772090003286,32331976.34181,30538945.0630766,160483186.198,0.005980925471672,0,0,0,5.069538431573,4.255224479909e-82,0,-0.9477250891336,-0.4783325944978,-13.46153727001,-2.941938775421,1.337098973123,-12.40694132517,16482.66595485,-3136.547042057,0,0,259780.400,2296,576,0,598298.1330442
598500,27835515.47332,9478530.627926,3329436.943506,0,0,0,1.648525735023,-0.4771682376126,32331662.68034,30538631.4017954,160481537.8968,0.005980925471058,0,0,0,5.069538431573,4.254257938249e-82,0,-0.9477043098317,-0.4782919232519,-13.46107742597,-2.942013346915,1.337093958265,-12.40663259542,16483.35715328,-3136.678572744,0,0,259780.500,2296,576,0,598398.1340905
598600,27835484.49767,9478517.16758,3329734.937009,0,0,0,1.648491546071,-0.4771274736993,32331349.00572,30538317.7273615,160479889.5266,0.005980925470444,0,0,0,5.069538431573,4.253291645093e-82,0,-0.9476835326824,-0.4782512507211,-13.4606175674,-2.942087936667,1.33708894365,-12.40632383542,16484.04833213,-3136.810099706,0,0,259780.600,2296,576,0,598498.1351368
598700,27835453.51902,9478503.706732,3330032.93,0,0,0,1.64845734296,-0.4770867085887,32331035.31795,30538004.039776,160478241.0872,0.005980925469829,0,0,0,5.069538431573,4.252325600411e-82,0,-0.94766275848,-0.4782105770388,-13.46015769581,-2.942162503109,1.337083929277,-12.40601504667,16484.73944246,-3136.941613629,0,0,259780.700,2296,576,0,598598.1361831
598800,27835422.53738,9478490.245382,3330330.922479,0,0,0,1.648423125687,-0.4770459422809,32330721.61703,30537690.33904,160476592.5787,0.005980925469215,0,0,0,5.069538431573,4.251359804163e-82,0,-0.9476419852831,-0.4781699022581,-13.45969781181,-2.9422370563,1.337078915147,-12.40570622976,16485.43041575,-3137.073101476,0,0,259780.800,2296,576,0,598698.1372295
598900,27835391.55274,9478476.78353,3330628.914445,0,0,0,1.648388894249,-0.4770051747761,32330407.90296,30537376.6251545,160474944.0011,0.005980925468601,0,0,0,5.069538431573,4.250394256316e-82,0,-0.9476212165964,-0.4781292259237,-13.45923791024,-2.942311601587,1.337073901259,-12.40539737955,16486.12140863,-3137.204593047,0,0,259780.900,2296,576,0,598798.138276
599000,27835360.5651,9478463.321176,3330926.905899,0,0,0,1.648354648643,-0.4769644060743,32330094.17574,30537062.8981206,160473295.3544,0.005980925467986,0,0,0,5.069538431573,4.249428956834e-82,0,-0.9476004492369,-0.4780885486633,-13.4587779982,-2.942386150171,1.337068887614,-12.40508850313,16486.81233298,-3137.336071581,0,0,259781.000,2296,576,0,598898.1393224
599100,27835329.57446,9478449.85832,3331224.896841,0,0,0,1.648320388868,-0.4769236361756,32329780.43538,30536749.1579394,160471646.6386,0.005980925467372,0,0,0,5.069538431573,4.248463905683e-82,0,-0.9475796843478,-0.4780478700992,-13.45831807142,-2.942460731626,1.337063874212,-12.40477959622,16487.50318882,-3137.467537075,0,0,259781.100,2296,576,0,598998.140369
599200,27835298.58083,9478436.394961,3331522.887271,0,0,0,1.64828611492,-0.4768828650801,32329466.68187,30536435.4046119,160469997.8537,0.005980925466758,0,0,0,5.069538431573,4.247499102824e-82,0,-0.9475589218563,-0.4780071903289,-13.457858131,-2.942535291793,1.337058861053,-12.40447065994,16488.19404466,-3137.59900257,0,0,259781.200,2296,576,0,599098.1414155
599300,27835267.5842,9478422.931101,3331820.877188,0,0,0,1.648251826797,-0.4768420927879,32329152.91521,30536121.6381393,160468348.9998,0.005980925466143,0,0,0,5.069538431573,4.246534548225e-82,0,-0.947538161558,-0.477966509241,-13.45739817568,-2.94260985364,1.337053848136,-12.404161693,16488.88484176,-3137.730456889,0,0,259781.300,2296,576,0,599198.1424621
599400,27835236.58456,9478409.466739,3332118.866593,0,0,0,1.648217524496,-0.4768013192991,32328839.13541,30535807.8585225,160466700.0768,0.005980925465529,0,0,0,5.069538431573,4.24557024185e-82,0,-0.947517402952,-0.4779258273524,-13.45693821131,-2.942684408194,1.337048835463,-12.40385270127,16489.57552141,-3137.861888856,0,0,259781.400,2296,576,0,599298.1435088
599500,27835205.58194,9478396.001875,3332416.855485,0,0,0,1.648183208015,-0.4767605446138,32328525.34247,30535494.0657626,160465051.0847,0.005980925464915,0,0,0,5.069538431573,4.244606183663e-82,0,-0.9474966486339,-0.477885143698,-13.45647822698,-2.942758949288,1.337043823032,-12.40354367382,16490.26612276,-3137.993305922,0,0,259781.500,2296,576,0,599398.1445555
599600,27835174.57631,9478382.536509,3332714.843865,0,0,0,1.64814887735,-0.4767197687321,32328211.53638,30535180.2598607,160463402.0236,0.0059809254643,0,0,0,5.069538431573,4.24364237363e-82,0,-0.9474758958267,-0.4778444593342,-13.45601823462,-2.942833524361,1.337038810844,-12.40323462259,16490.95677304,-3138.124732301,0,0,259781.600,2296,576,0,599498.1456022
599700,27835143.56769,9478369.070642,3333012.831732,0,0,0,1.648114532501,-0.476678991654,32327897.71715,30534866.4408179,160461752.8934,0.005980925463686,0,0,0,5.069538431573,4.242678811713e-82,0,-0.9474551452664,-0.477803773456,-13.45555822515,-2.942908060006,1.337033798899,-12.40292553848,16491.64729608,-3138.256134465,0,0,259781.700,2296,576,0,599598.146649
599800,27835112.55606,9478355.604272,3333310.819087,0,0,0,1.648080173463,-0.4766382133797,32327583.88479,30534552.6086352,160460103.6941,0.005980925463072,0,0,0,5.069538431573,4.24171549788e-82,0,-0.947434397039,-0.4777630863185,-13.45509820143,-2.942982598721,1.337028787198,-12.40261642438,16492.33777996,-3138.387529179,0,0,259781.800,2296,576,0,599698.1476959
599900,27835081.54144,9478342.137401,3333608.805929,0,0,0,1.648045800234,-0.4765974339093,32327270.03928,30534238.7633137,160458454.4258,0.005980925462457,0,0,0,5.069538431573,4.240752432093e-82,0,-0.9474136516134,-0.477722398133,-13.45463816587,-2.943057146895,1.337023775739,-12.40230728266,16493.02817575,-3138.51890713,0,0,259781.900,2296,576,0,599798.1487427
600000,27835050.52383,9478328.670029,3333906.792258,0,0,0,1.648011412812,-0.4765566532428,32326956.18064,30533924.9048544,160456805.0885,0.005980925461843,0,0,0,5.069538431573,4.239789614317e-82,0,-0.9473929071212,-0.4776817088143,-13.45417811749,-2.943131680513,1.337018764524,-12.40199811237,16493.71852259,-3138.650275767,0,0,259782.000,2296,576,0,599898.1497897
