Elapsed Time (ms),ECEF X (m),ECEF Y (m),ECEF Z (m),ECEF Error X (m),ECEF Error Y (m),ECEF Error Z (m),Body Azimuth (rad),Body Elevation (rad),Range (m),PSR (m),ADR,Clock Correction (s),Clock Noise (m),Delta Af0 (s),Delta Af1 (s/s),Iono Correction (m),Tropo Correction (m),PSR Offset (m),Receiver Antenna Azimuth (rad),Receiver Antenna Elevation (rad),Receiver Antenna Gain (dBi),SV Antenna Azimuth (rad),SV Antenna Elevation (rad),Relative Power Level (incl. Receiver Antenna gain) (dB),Doppler Frequency (Hz),PSR Change Rate (m/s),Receiver Carrier Phase Offset (rad),Satellite Carrier Phase Offset (rad),GPS TOW,GPS Week Number,SBAS t0,Calibration offset (m),PSR satellite time (ms)
500,-23875743.40915,5057245.927986,16770990.03282,0,0,0,-0.9933991823156,-0.4232523440155,31933623.86501,30247923.5380426,158953816.0122,0.005622921203851,0,0,0,9.041879009545,1.409592954948e-81,0,2.513036847798,-0.4229761371516,-12.85511219211,-0.5979455500549,1.33095577765,-12.02148365414,-25433.08153444,4839.75449577,0,0,259182.500,2296,86368,0,399.1037875341
600,-23875905.47362,5057201.495302,16770772.74915,0,0,0,-0.9934265781661,-0.4233143149229,31934107.82881,30248407.50179,158956359.2635,0.005622921202577,0,0,0,9.041445496149,1.409409491524e-81,0,2.513022520538,-0.4230380147939,-12.85578344083,-0.5978940830769,1.330962605898,-12.02190251425,-25431.94268923,4839.537780732,0,0,259182.600,2296,86368,0,499.1021732048
700,-23876067.53635,5057157.064474,16770555.46291,0,0,0,-0.9934539811949,-0.4233762839502,31934591.77093,30248891.443863,158958902.4008,0.005622921201303,0,0,0,9.041011898138,1.409226001592e-81,0,2.513008190659,-0.4230998907962,-12.85645467176,-0.5978426225339,1.330969434867,-12.02232130816,-25430.80365805,4839.321030304,0,0,259182.700,2296,86368,0,599.1005589478
800,-23876229.59733,5057112.635501,16770338.1741,0,0,0,-0.9934813914029,-0.4234382510974,31935075.69138,30249375.3642594,158961445.4242,0.005622921200029,0,0,0,9.04057821553,1.409042485176e-81,0,2.512993858154,-0.4231617644618,-12.85712587734,-0.5977911857897,1.330976264557,-12.0227400283,-25429.66451919,4839.104259387,0,0,259182.800,2296,86368,0,699.0989447631
900,-23876391.65656,5057068.208386,16770120.8827,0,0,0,-0.9935088087905,-0.4235002163644,31935559.59015,30249859.2629768,158963988.3337,0.005622921198755,0,0,0,9.040144448343,1.408858942301e-81,0,2.512979524734,-0.4232236363144,-12.85779706325,-0.5977397291604,1.330983094967,-12.02315868036,-25428.52526287,4838.887466118,0,0,259182.900,2296,86368,0,799.0973306507
1000,-23876553.71405,5057023.783126,16769903.58874,0,0,0,-0.9935362333585,-0.4235621797512,31936043.46724,30250343.1397941,158966531.1304,0.005622921197482,0,0,0,9.039491572835,1.408675372987e-81,0,2.512965185017,-0.4232855061745,-12.85846822755,-0.5976882770343,1.330989926097,-12.02357726241,-25427.96130212,4838.780147955,0,0,259183.000,2296,86368,0,899.0957166114
1100,-23876715.76978,5056979.359722,16769686.2922,0,0,0,-0.9935636651075,-0.4236241412577,31936527.32264,30250826.9951472,158969073.812,0.005622921196208,0,0,0,9.039057634146,1.40849177726e-81,0,2.512950844331,-0.4233473743939,-12.85913937406,-0.5976367977043,1.330996757948,-12.02399577826,-25426.24629998,4838.453793898,0,0,259183.100,2296,86368,0,999.0941026437
1200,-23876877.82377,5056934.938174,16769468.99308,0,0,0,-0.9935911040382,-0.4236861008839,31937011.15636,30251310.8288148,158971616.3796,0.005622921194934,0,0,0,9.038623610936,1.408308155141e-81,0,2.512936500729,-0.4234092405942,-12.85981049865,-0.5975853269035,1.331003590518,-12.02441422382,-25425.10658361,4838.236913085,0,0,259183.200,2296,86368,0,1099.092488748
1300,-23877039.87602,5056890.518483,16769251.69139,0,0,0,-0.9936185501511,-0.4237480586297,31937494.96839,30251794.6407947,158974158.8333,0.00562292119366,0,0,0,9.038189503223,1.408124506653e-81,0,2.51292215481,-0.4234711050864,-12.86048160472,-0.5975338779976,1.331010423809,-12.02483260247,-25423.9669064,4838.020039722,0,0,259183.300,2296,86368,0,1199.090874925
1400,-23877201.92651,5056846.100647,16769034.38713,0,0,0,-0.9936460034469,-0.4238100144951,31937978.75874,30252278.4310847,158976701.173,0.005622921192386,0,0,0,9.037755311023,1.407940831821e-81,0,2.512907805958,-0.42353296743,-12.86115268748,-0.5974824087841,1.33101725782,-12.02525090943,-25422.82706278,4837.803134695,0,0,259183.400,2296,86368,0,1299.089261175
1500,-23877363.97526,5056801.684668,16768817.08029,0,0,0,-0.9936734639263,-0.42387196848,31938462.52739,30252762.1996825,158979243.3987,0.005622921191113,0,0,0,9.037321034355,1.407757130666e-81,0,2.512893456363,-0.4235948281615,-12.86182375275,-0.5974309464616,1.33102409255,-12.02566915053,-25421.68706256,4837.586199865,0,0,259183.500,2296,86368,0,1399.087647496
1600,-23877526.02226,5056757.270545,16768599.77087,0,0,0,-0.9937009315899,-0.4239339205843,31938946.27434,30253245.946586,158981785.5104,0.005622921189839,0,0,0,9.036886673237,1.407573403213e-81,0,2.512879100136,-0.4236566866345,-12.86249479353,-0.59737945637,1.331030928,-12.02608731877,-25420.54687635,4837.369229645,0,0,259183.600,2296,86368,0,1499.08603389
1700,-23877688.06752,5056712.858277,16768382.45889,0,0,0,-0.9937284064383,-0.4239958708081,31939429.9996,30253729.671793,158984327.5081,0.005622921188565,0,0,0,9.036452227684,1.407389649483e-81,0,2.512864743116,-0.4237185437287,-12.86316581934,-0.5973279716434,1.331037764169,-12.02650542369,-25419.40669994,4837.152261287,0,0,259183.700,2296,86368,0,1599.084420357
1800,-23877850.11102,5056668.447866,16768165.14432,0,0,0,-0.9937558884721,-0.4240578191512,31939913.70316,30254213.3753012,158986869.3917,0.005622921187291,0,0,0,9.036017697716,1.407205869501e-81,0,2.512850383477,-0.4237803986013,-12.86383682106,-0.5972765130319,1.331044601058,-12.02692345617,-25418.26638649,4836.935266852,0,0,259183.800,2296,86368,0,1699.082806895
1900,-23878012.15278,5056624.03931,16767947.82719,0,0,0,-0.9937833776921,-0.4241197656137,31940397.38502,30254697.0571084,158989411.1613,0.005622921186017,0,0,0,9.035583083349,1.407022063289e-81,0,2.512836021459,-0.4238422517949,-12.86450780456,-0.5972250306064,1.331051438665,-12.02734142208,-25417.12598495,4836.718255654,0,0,259183.900,2296,86368,0,1799.081193507
2000,-23878174.19279,5056579.632611,16767730.50748,0,0,0,-0.9938108740988,-0.4241817101954,31940881.04518,30255180.7169934,158991952.8181,0.005622921184744,0,0,0,9.034929314432,1.406838230871e-81,0,2.51282165787,-0.4239041030054,-12.86517876655,-0.5971735556837,1.331058276992,-12.02775931815,-25416.56102579,4836.610747501,0,0,259184.000,2296,86384,0,1899.079580191
2100,-23878336.23105,5056535.227767,16767513.18519,0,0,0,-0.993838377693,-0.4242436528963,31941364.68363,30255664.3553922,158994494.3596,0.00562292118347,0,0,0,9.034494528989,1.406654372269e-81,0,2.512807288536,-0.4239659522978,-12.86584970773,-0.5971220548296,1.331065116039,-12.02817714508,-25414.84469244,4836.284140125,0,0,259184.100,2296,86384,0,1999.077966947
2200,-23878498.26757,5056490.824779,16767295.86033,0,0,0,-0.9938658884751,-0.4243055937163,31941848.30037,30256147.9720834,158997035.787,0.005622921182196,0,0,0,9.034059659206,1.406470487507e-81,0,2.512792917792,-0.4240277997331,-12.86652062876,-0.5970705594767,1.331071955803,-12.02859490353,-25413.70396789,4836.067067459,0,0,259184.200,2296,86384,0,2099.076353775
2300,-23878660.30234,5056446.423647,16767078.5329,0,0,0,-0.9938934064459,-0.4243675326554,31942331.89541,30256631.5670648,158999577.1004,0.005622921180922,0,0,0,9.0336247051,1.406286576607e-81,0,2.512778544595,-0.4240896452268,-12.86719152873,-0.5970190868019,1.331078796287,-12.02901259261,-25412.5630965,4835.849966854,0,0,259184.300,2296,86384,0,2199.074740676
2400,-23878822.33536,5056402.024371,16766861.20289,0,0,0,-0.993920931606,-0.4244294697136,31942815.46873,30257115.1403342,159002118.2996,0.005622921179648,0,0,0,9.03318966669,1.406102639593e-81,0,2.512764168826,-0.4241514887066,-12.86786240686,-0.5969675946478,1.331085637489,-12.02943021153,-25411.42206851,4835.632836446,0,0,259184.400,2296,86384,0,2299.073127649
2500,-23878984.36663,5056357.626951,16766643.87031,0,0,0,-0.9939484639561,-0.4244914048908,31943299.02034,30257598.6918894,159004659.3848,0.005622921178375,0,0,0,9.032754543992,1.405918676488e-81,0,2.512749790178,-0.424213330456,-12.86853326621,-0.5969161085238,1.33109247941,-12.02984776337,-25410.28093285,4835.415685549,0,0,259184.500,2296,86384,0,2399.071514695
2600,-23879146.39615,5056313.231386,16766426.53515,0,0,0,-0.9939760034967,-0.4245533381869,31943782.55023,30258082.2217282,159007200.3558,0.005622921177101,0,0,0,9.032319337025,1.405734687315e-81,0,2.512735410408,-0.4242751706907,-12.86920410914,-0.5968645792959,1.33109932205,-12.03026525048,-25409.13963078,4835.198502988,0,0,259184.600,2296,86384,0,2499.069901813
2700,-23879308.42393,5056268.837678,16766209.19742,0,0,0,-0.9940035502286,-0.4246152696019,31944266.05841,30258565.7298484,159009741.2127,0.005622921175827,0,0,0,9.031884045805,1.405550672097e-81,0,2.512721024754,-0.4243370082668,-12.86987492322,-0.5968130865953,1.331106165407,-12.03068266046,-25407.99827977,4834.981311113,0,0,259184.700,2296,86384,0,2599.068289003
2800,-23879470.44996,5056224.445825,16765991.85712,0,0,0,-0.9940311041524,-0.4246771991357,31944749.54486,30259049.2162478,159012281.9554,0.005622921174553,0,0,0,9.031448670351,1.405366630856e-81,0,2.512706637811,-0.4243988444466,-12.87054572216,-0.5967616020099,1.331113009483,-12.03110000701,-25406.85680152,4834.764095023,0,0,259184.800,2296,86384,0,2699.066676266
2900,-23879632.47424,5056180.055827,16765774.51424,0,0,0,-0.9940586652687,-0.4247391267883,31945233.00959,30259532.6809242,159014822.584,0.005622921173279,0,0,0,9.031013210679,1.405182563617e-81,0,2.512692247818,-0.4244606789447,-12.87121650285,-0.5967100973792,1.331119854276,-12.03151728703,-25405.71513729,4834.546843544,0,0,259184.900,2296,86384,0,2799.065063602
3000,-23879794.49677,5056135.667686,16765557.16879,0,0,0,-0.9940862335782,-0.4248010525597,31945716.45259,30260016.1236563,159017363.0996,0.005622921172006,0,0,0,9.030358550877,1.404998470403e-81,0,2.512677855977,-0.4245225109056,-12.87188725602,-0.5966586009636,1.331126699788,-12.03193449126,-25405.14921888,4834.439152852,0,0,259185.000,2296,86384,0,2899.06345101
3100,-23879956.51755,5056091.2814,16765339.82076,0,0,0,-0.9941138090814,-0.4248629764497,31946199.87387,30260499.54488,159019903.4999,0.005622921170732,0,0,0,9.029922920555,1.404814351235e-81,0,2.512663462502,-0.4245843416371,-12.87255799585,-0.5966070755502,1.331133546017,-12.03235163389,-25403.43159348,4834.112299606,0,0,259185.100,2296,86384,0,2999.061838491
3200,-23880118.53659,5056046.89697,16765122.47016,0,0,0,-0.9941413917791,-0.4249248984584,31946683.27342,30260982.9443742,159022443.7859,0.005622921169458,0,0,0,9.029487206075,1.404630206138e-81,0,2.51264906341,-0.4246461700574,-12.87322871061,-0.596555555771,1.331140392965,-12.03276870318,-25402.28963561,4833.894992247,0,0,259185.200,2296,86384,0,3099.060226044
3300,-23880280.55388,5056002.514396,16764905.11699,0,0,0,-0.9941689816719,-0.4249868185856,31947166.65124,30261466.3221365,159024983.9578,0.005622921168184,0,0,0,9.029051407453,1.404446035135e-81,0,2.512634662977,-0.4247079965701,-12.87389940468,-0.5965040588013,1.331147240629,-12.03318570353,-25401.14747217,4833.677645773,0,0,259185.300,2296,86384,0,3199.058613669
3400,-23880442.56941,5055958.133677,16764687.76124,0,0,0,-0.9941965787604,-0.4250487368313,31947650.00732,30261949.6781648,159027524.0155,0.00562292116691,0,0,0,9.028615524708,1.404261838247e-81,0,2.512620259669,-0.4247698214891,-12.87457008145,-0.5964525427709,1.331154089011,-12.03360263835,-25400.00538705,4833.460314199,0,0,259185.400,2296,86384,0,3299.057001367
3500,-23880604.58321,5055913.754814,16764470.40292,0,0,0,-0.9942241830453,-0.4251106531955,31948133.34166,30262433.0124569,159030063.9589,0.005622921165637,0,0,0,9.028179557858,1.4040776155e-81,0,2.512605853707,-0.4248316445028,-12.87524073756,-0.5964010351449,1.331160938111,-12.03401950425,-25398.86309637,4833.24294351,0,0,259185.500,2296,86384,0,3399.055389137
3600,-23880766.59525,5055869.377806,16764253.04202,0,0,0,-0.9942517945272,-0.4251725676781,31948616.65427,30262916.3250105,159032603.7881,0.005622921164363,0,0,0,9.027743506919,1.403893366915e-81,0,2.51259144547,-0.4248934655008,-12.87591137181,-0.596349498159,1.331167787927,-12.03443630006,-25397.72073717,4833.025559783,0,0,259185.600,2296,86384,0,3499.05377698
3700,-23880928.60554,5055825.002654,16764035.67855,0,0,0,-0.9942794132068,-0.4252344802791,31949099.94514,30263399.6158234,159035143.503,0.005622921163089,0,0,0,9.027307371909,1.403709092516e-81,0,2.512577036164,-0.4249552844638,-12.87658198398,-0.5962979660136,1.331174638461,-12.03485302556,-25396.57820178,4832.808142528,0,0,259185.700,2296,86384,0,3599.052164895
3800,-23881090.61409,5055780.629357,16763818.31251,0,0,0,-0.9943070390847,-0.4252963909984,31949583.21426,30263882.8848936,159037683.1037,0.005622921161815,0,0,0,9.026871152846,1.403524792325e-81,0,2.51256262026,-0.4250171020774,-12.8772525815,-0.5962464587273,1.331181489712,-12.03526968821,-25395.43554894,4832.590702921,0,0,259185.800,2296,86384,0,3699.050552883
3900,-23881252.62089,5055736.257916,16763600.94389,0,0,0,-0.9943346721615,-0.4253582998359,31950066.46164,30264366.1322187,159040222.5901,0.005622921160541,0,0,0,9.026434849748,1.403340466367e-81,0,2.512548203494,-0.4250789171808,-12.8779231518,-0.5961949296237,1.331188341679,-12.03568627541,-25394.29284715,4832.373254001,0,0,259185.900,2296,86384,0,3799.048940944
4000,-23881414.62593,5055691.888331,16763383.5727,0,0,0,-0.9943623124379,-0.4254202067916,31950549.68728,30264849.3575774,159042761.9634,0.005622921159267,0,0,0,9.02577930159,1.403156114664e-81,0,2.512533784091,-0.4251407304986,-12.87859370273,-0.596143410112,1.331195194363,-12.03610279503,-25393.7257933,4832.265347242,0,0,259186.000,2296,86384,0,3899.047329077
4100,-23881576.62924,5055647.520601,16763166.19894,0,0,0,-0.9943899599146,-0.4254821118655,31951032.89116,30265332.5614058,159045301.2213,0.005622921157994,0,0,0,9.025342828268,1.402971737238e-81,0,2.512519362075,-0.4252025421938,-12.87926423606,-0.5960918620368,1.331202047764,-12.03651924885,-25392.00701289,4831.938274205,0,0,259186.100,2296,86384,0,3999.045717283
4200,-23881738.63079,5055603.154726,16762948.8226,0,0,0,-0.9944176145921,-0.4255440150575,31951516.07329,30265815.7434826,159047840.3648,0.00562292115672,0,0,0,9.024906270969,1.402787334113e-81,0,2.512504937148,-0.4252643516939,-12.87993474557,-0.5960403189431,1.331208901881,-12.03693563066,-25390.86389021,4831.720745191,0,0,259186.200,2296,86384,0,4099.044105561
4300,-23881900.63059,5055558.790707,16762731.44369,0,0,0,-0.9944452764712,-0.4256059163675,31951999.23367,30266298.9038055,159050379.394,0.005622921155446,0,0,0,9.024469629712,1.402602905313e-81,0,2.512490511395,-0.425326159446,-12.88060523612,-0.595988798373,1.331215756715,-12.03735194533,-25389.72066964,4831.503197551,0,0,259186.300,2296,86384,0,4199.042493912
4400,-23882062.62864,5055514.428544,16762514.06221,0,0,0,-0.9944729455525,-0.4256678157955,31952482.37229,30266782.0423724,159052918.3089,0.005622921154172,0,0,0,9.024032904512,1.40241845086e-81,0,2.512476079374,-0.425387965623,-12.88127570959,-0.5959372580853,1.331222612264,-12.03776819472,-25388.57738056,4831.285636872,0,0,259186.400,2296,86384,0,4299.040882335
4500,-23882224.62495,5055470.068235,16762296.67815,0,0,0,-0.9945006218365,-0.4257297133415,31952965.48915,30267265.159181,159055457.1095,0.005622921152898,0,0,0,9.023596095389,1.402233970777e-81,0,2.512461646175,-0.4254497695261,-12.88194615839,-0.5958857259383,1.33122946853,-12.03818437128,-25387.43382719,4831.068025902,0,0,259186.500,2296,86384,0,4399.039270831
4600,-23882386.61951,5055425.709783,16762079.29152,0,0,0,-0.9945283053241,-0.4257916090053,31953448.58426,30267748.2542292,159057995.7957,0.005622921151625,0,0,0,9.023159202359,1.402049465088e-81,0,2.512447210336,-0.4255115714445,-12.88261658565,-0.5958341659785,1.331236325512,-12.03860047813,-25386.29028361,4830.850416794,0,0,259186.600,2296,86384,0,4499.037659399
4700,-23882548.61232,5055381.353185,16761861.90231,0,0,0,-0.9945559960157,-0.425853502787,31953931.6576,30268231.3275147,159060534.3675,0.005622921150351,0,0,0,9.022722225441,1.401864933815e-81,0,2.512432771666,-0.4255733718826,-12.88328699686,-0.5957826086912,1.33124318321,-12.03901652077,-25385.14651491,4830.632764846,0,0,259186.700,2296,86384,0,4599.03604804
4800,-23882710.60337,5055336.998443,16761644.51053,0,0,0,-0.9945836939121,-0.4259153946865,31954414.70917,30268714.3790354,159063072.825,0.005622921149077,0,0,0,9.022285164651,1.40168037698e-81,0,2.51241833228,-0.4256351703068,-12.88395738623,-0.5957310788582,1.331250041623,-12.03943249341,-25384.00278535,4830.415120348,0,0,259186.800,2296,86384,0,4699.034436753
4900,-23882872.59269,5055292.645556,16761427.11618,0,0,0,-0.994611399014,-0.4259772847036,31954897.73898,30269197.408789,159065611.1681,0.005622921147803,0,0,0,9.021848020007,1.401495794609e-81,0,2.512403886802,-0.4256969667936,-12.88462775457,-0.5956795268862,1.331256900752,-12.03984839688,-25382.85882088,4830.197431147,0,0,259186.900,2296,86384,0,4799.03282554
5000,-23883034.58025,5055248.294524,16761209.71926,0,0,0,-0.9946391113218,-0.4260391728385,31955380.74702,30269680.4165542,159068149.3979,0.005622921146529,0,0,0,9.021191586025,1.401311186723e-81,0,2.512389439995,-0.4257587613746,-12.88529810224,-0.5956279839502,1.331263760597,-12.04026423153,-25382.29070011,4830.08932136,0,0,259187.000,2296,86384,0,4899.031214399
5100,-23883196.56606,5055203.945348,16760992.31976,0,0,0,-0.9946668308364,-0.426101059091,31955863.73329,30270163.4027671,159070687.5122,0.005622921145256,0,0,0,9.020754271586,1.401126553346e-81,0,2.512374990535,-0.4258205538711,-12.8859684273,-0.5955764103755,1.331270621157,-12.04067999543,-25380.57058849,4829.761995003,0,0,259187.100,2296,86384,0,4999.029603331
5200,-23883358.55012,5055159.598027,16760774.91769,0,0,0,-0.9946945575583,-0.426162943461,31956346.69778,30270646.3672064,159073225.5121,0.005622921143982,0,0,0,9.020316873352,1.400941894501e-81,0,2.512360538621,-0.4258823445713,-12.88663873288,-0.5955248435351,1.331277482432,-12.04109569172,-25379.4263891,4829.544261098,0,0,259187.200,2296,86384,0,5099.027992335
5300,-23883520.53244,5055115.252561,16760557.51304,0,0,0,-0.9947222914882,-0.4262248259485,31956829.6405,30271129.3098698,159075763.3975,0.005622921142708,0,0,0,9.019879391341,1.40075721021e-81,0,2.512346084001,-0.4259441337874,-12.88730902235,-0.5954732997216,1.331284344423,-12.04151132379,-25378.28204289,4829.326499254,0,0,259187.300,2296,86384,0,5199.026381411
5400,-23883682.513,5055070.908951,16760340.10582,0,0,0,-0.9947500326268,-0.4262867065535,31957312.56144,30271612.2307552,159078301.1685,0.005622921141434,0,0,0,9.019441825571,1.400572500497e-81,0,2.512331628308,-0.4260059207073,-12.88797928691,-0.5954217367392,1.331291207128,-12.04192688284,-25377.137589,4829.10871692,0,0,259187.400,2296,86384,0,5299.024770561
5500,-23883844.49182,5055026.567195,16760122.69603,0,0,0,-0.9947777809746,-0.426348585276,31957795.46061,30272095.1298603,159080838.825,0.00562292114016,0,0,0,9.019004176059,1.400387765385e-81,0,2.512317166233,-0.4260677058652,-12.88864953236,-0.5953701808033,1.331298070548,-12.04234237465,-25375.99289041,4828.89088802,0,0,259187.500,2296,86384,0,5399.023159783
5600,-23884006.46889,5054982.227295,16759905.28367,0,0,0,-0.9948055365324,-0.4264104621157,31958278.33798,30272578.007183,159083376.367,0.005622921138887,0,0,0,9.018566442822,1.400203004897e-81,0,2.512302703283,-0.4261294891301,-12.88931975728,-0.5953185960337,1.331304934683,-12.04275779784,-25374.84827012,4828.673074022,0,0,259187.600,2296,86384,0,5499.021549077
5700,-23884168.4442,5054937.88925,16759687.86873,0,0,0,-0.9948332993007,-0.4264723370728,31958761.19358,30273060.8627211,159085913.7946,0.005622921137613,0,0,0,9.018128625879,1.400018219055e-81,0,2.512288237628,-0.4261912705613,-12.8899899623,-0.5952670152194,1.331311799533,-12.04317315303,-25373.70334639,4828.455202281,0,0,259187.700,2296,86384,0,5599.019938444
5800,-23884330.41777,5054893.55306,16759470.45122,0,0,0,-0.9948610692803,-0.4265342101471,31959244.02738,30273543.6964724,159088451.1077,0.005622921136339,0,0,0,9.017690725246,1.399833407884e-81,0,2.512273769286,-0.4262530499322,-12.89066014497,-0.5952154612259,1.331318665097,-12.04358843778,-25372.55842267,4828.237330541,0,0,259187.800,2296,86384,0,5699.018327884
5900,-23884492.38959,5054849.218725,16759253.03114,0,0,0,-0.9948888464718,-0.4265960813386,31959726.8394,30274026.5084346,159090988.3063,0.005622921135065,0,0,0,9.017252740942,1.399648571405e-81,0,2.512259297997,-0.4263148277641,-12.89133031095,-0.5951638863548,1.331325531376,-12.04400365776,-25371.41340106,4828.019440174,0,0,259187.900,2296,86384,0,5799.016717397
6000,-23884654.35966,5054804.886245,16759035.60848,0,0,0,-0.9949166308758,-0.4266579506473,31960209.62963,30274509.2983863,159093525.3915,0.005622921133791,0,0,0,9.016595423675,1.399463709642e-81,0,2.512244825893,-0.4263766034456,-12.8920004536,-0.5951123207392,1.331332398369,-12.04441880633,-25370.84428189,4827.911140397,0,0,259188.000,2296,86384,0,5899.015106983
6100,-23884816.32798,5054760.555621,16758818.18325,0,0,0,-0.994944422493,-0.426719818073,31960692.39806,30274992.0667639,159096062.3611,0.005622921132518,0,0,0,9.016157270004,1.399278822619e-81,0,2.512230347777,-0.4264383769189,-12.89267057229,-0.5950607248067,1.331339266076,-12.04483388288,-25369.12287823,4827.583568171,0,0,259188.100,2296,86384,0,5999.013496641
6200,-23884978.29455,5054716.226851,16758600.75545,0,0,0,-0.994972221324,-0.4267816836158,31961175.1447,30275474.8133458,159098599.2161,0.005622921131244,0,0,0,9.015719032721,1.399093910358e-81,0,2.51221586844,-0.4265001488525,-12.89334067429,-0.5950091328654,1.331346134497,-12.04524889466,-25367.97749445,4827.365608886,0,0,259188.200,2296,86384,0,6099.011886372
6300,-23885140.25937,5054671.899936,16758383.32507,0,0,0,-0.9950000273695,-0.4268435472756,31961657.86954,30275957.5381299,159101135.9566,0.00562292112997,0,0,0,9.015280711843,1.398908972881e-81,0,2.512201385883,-0.4265619191162,-12.89401075816,-0.594957563223,1.331353003632,-12.04566384026,-25366.83189534,4827.147608623,0,0,259188.300,2296,86384,0,6199.010276175
6400,-23885302.22245,5054627.574877,16758165.89213,0,0,0,-0.9950278406301,-0.4269054090522,31962140.57258,30276440.241114,159103672.5825,0.005622921128696,0,0,0,9.014842307388,1.398724010214e-81,0,2.512186901237,-0.4266236871565,-12.89468081792,-0.5949059777757,1.331359873481,-12.0460787137,-25365.68628644,4826.929606497,0,0,259188.400,2296,86384,0,6299.008666052
6500,-23885464.18377,5054583.251672,16757948.45661,0,0,0,-0.9950556611066,-0.4269672689458,31962623.25382,30276922.9222959,159106209.0938,0.005622921127422,0,0,0,9.014403819374,1.398539022377e-81,0,2.512172415429,-0.4266854535558,-12.89535085988,-0.59485439873,1.331366744044,-12.04649352129,-25364.54049156,4826.711568981,0,0,259188.500,2296,86384,0,6399.007056
6600,-23885626.14334,5054538.930322,16757731.01851,0,0,0,-0.9950834887994,-0.4270291269562,31963105.91326,30277405.5816734,159108745.4906,0.005622921126149,0,0,0,9.013965247818,1.398354009395e-81,0,2.512157923763,-0.4267472178397,-12.89602087889,-0.5948027892177,1.33137361532,-12.0469082579,-25363.39463795,4826.49352029,0,0,259188.600,2296,86384,0,6499.005446022
6700,-23885788.10116,5054494.610828,16757513.57785,0,0,0,-0.9951113237093,-0.4270909830833,31963588.55088,30277888.2192443,159111281.7727,0.005622921124875,0,0,0,9.013526592738,1.398168971289e-81,0,2.512143430546,-0.4268089803324,-12.89669087846,-0.5947512041437,1.331380487309,-12.04732292704,-25362.24852006,4826.275421306,0,0,259188.700,2296,86384,0,6599.003836116
6800,-23885950.05724,5054450.293188,16757296.13461,0,0,0,-0.995139165837,-0.4271528373272,31964071.1667,30278370.8350063,159113817.9403,0.005622921123601,0,0,0,9.013087854151,1.397983908084e-81,0,2.512128934791,-0.4268707409211,-12.89736085739,-0.5946996081124,1.331387360012,-12.04773752751,-25361.10239238,4826.057320461,0,0,259188.800,2296,86384,0,6699.002226283
6900,-23886112.01156,5054405.977403,16757078.68879,0,0,0,-0.995167015183,-0.4272146896877,31964553.76071,30278853.4289575,159116353.9932,0.005622921122327,0,0,0,9.012649032075,1.397798819803e-81,0,2.512114436453,-0.4269324994586,-12.89803081406,-0.5946480105248,1.331394233428,-12.04815205771,-25359.95625491,4825.839217752,0,0,259188.900,2296,86384,0,6799.000616523
7000,-23886273.96414,5054361.663473,16756861.24041,0,0,0,-0.9951948717481,-0.4272765401649,31965036.33291,30279336.0008761,159118889.9327,0.005622921121053,0,0,0,9.011990834064,1.397613706468e-81,0,2.512099935562,-0.4269942565849,-12.89870075542,-0.5945964185977,1.331401107558,-12.04856652458,-25359.3861667,4825.730733573,0,0,259189.000,2296,86384,0,6898.999006837
7100,-23886435.91496,5054317.351397,16756643.78945,0,0,0,-0.9952227355328,-0.4273383887585,31965518.88329,30279818.5511986,159121425.7564,0.00562292111978,0,0,0,9.011551843051,1.397428568102e-81,0,2.512085433693,-0.42705601118,-12.89937066933,-0.5945447989114,1.3314079824,-12.048980916,-25357.6635395,4825.402928516,0,0,259189.100,2296,86384,0,6998.997397222
7200,-23886597.86403,5054273.041177,16756426.33592,0,0,0,-0.9952506065379,-0.4274002354687,31966001.41185,30280301.0797036,159123961.4654,0.005622921118506,0,0,0,9.011112768608,1.397243404729e-81,0,2.512070925326,-0.4271177641366,-12.90004056546,-0.5944931995131,1.331414857955,-12.04939524164,-25356.51693219,4825.184736401,0,0,259189.200,2296,86384,0,7098.99578768
7300,-23886759.81136,5054228.732811,16756208.87982,0,0,0,-0.995278484764,-0.4274620802954,31966483.91859,30280783.5863888,159126497.0598,0.005622921117232,0,0,0,9.010673610753,1.397058216372e-81,0,2.512056415833,-0.4271795154361,-12.90071044361,-0.5944415907366,1.331421734223,-12.04980950131,-25355.37030531,4824.96654056,0,0,259189.300,2296,86384,0,7198.994178211
7400,-23886921.75693,5054184.426301,16755991.42115,0,0,0,-0.9953063702117,-0.4275239232384,31966966.40351,30281266.071252,159129032.5395,0.005622921115958,0,0,0,9.010234369504,1.396873003052e-81,0,2.512041903702,-0.4272412648441,-12.90138030125,-0.5943899647163,1.331428611203,-12.05022369248,-25354.22344351,4824.748300016,0,0,259189.400,2296,86384,0,7298.992568815
7500,-23887083.70076,5054140.121645,16755773.9599,0,0,0,-0.9953342628817,-0.4275857642978,31967448.86661,30281748.5342911,159131567.9045,0.005622921114684,0,0,0,9.009795044878,1.396687764795e-81,0,2.512027389017,-0.4273030121815,-12.90205013642,-0.5943383788215,1.331435488896,-12.0506378132,-25353.07658171,4824.530059472,0,0,259189.500,2296,86384,0,7398.990959491
7600,-23887245.64283,5054095.818843,16755556.49608,0,0,0,-0.9953621627746,-0.4276476034734,31967931.30788,30282230.9755039,159134103.1548,0.005622921113411,0,0,0,9.009355636893,1.396502501622e-81,0,2.512012871635,-0.4273647576111,-12.9027199509,-0.5942867484951,1.331442367301,-12.05105186526,-25351.92952414,4824.311781675,0,0,259189.600,2296,86384,0,7498.989350241
7700,-23887407.58315,5054051.517897,16755339.02969,0,0,0,-0.9953900698912,-0.4277094407653,31968413.72732,30282713.3948881,159136638.2904,0.005622921112137,0,0,0,9.008916145567,1.396317213557e-81,0,2.511998353252,-0.4274265009629,-12.90338974283,-0.594235136971,1.331449246418,-12.05146584682,-25350.78241764,4824.093494564,0,0,259189.700,2296,86384,0,7598.987741063
7800,-23887569.52173,5054007.218805,16755121.56072,0,0,0,-0.995417984232,-0.4277712761734,31968896.12493,30283195.7924416,159139173.3112,0.005622921110863,0,0,0,9.008476570917,1.396131900622e-81,0,2.511983828442,-0.4274882429453,-12.90405951992,-0.5941835184003,1.331456126248,-12.05187976555,-25349.63513494,4823.875173926,0,0,259189.800,2296,86384,0,7698.986131958
7900,-23887731.45855,5053962.921568,16754904.08919,0,0,0,-0.9954459057977,-0.4278331096976,31969378.50071,30283678.1681621,159141708.2174,0.005622921109589,0,0,0,9.008036912962,1.395946562841e-81,0,2.511969302372,-0.427549982683,-12.90472927265,-0.5941318965907,1.331463006789,-12.05229361199,-25348.48768584,4823.656821623,0,0,259189.900,2296,86384,0,7798.984522926
8000,-23887893.39363,5053918.626185,16754686.61508,0,0,0,-0.995473834589,-0.4278949413378,31969860.85465,30284160.5218282,159144243.0099,0.005622921108315,0,0,0,9.007377836754,1.395761200236e-81,0,2.511954774142,-0.4276117205128,-12.90539900468,-0.5940802798353,1.331469888043,-12.05270738978,-25347.91648177,4823.548125103,0,0,259190.000,2296,86384,0,7898.982913967
8100,-23888055.32695,5053874.332657,16754469.1384,0,0,0,-0.9955017706064,-0.4279567710941,31970343.18676,30284642.8538764,159146777.6866,0.005622921107041,0,0,0,9.006938010291,1.395575812831e-81,0,2.51194024292,-0.4276734567715,-12.90606871967,-0.5940286363054,1.331476770008,-12.05312110259,-25346.19264083,4823.220089078,0,0,259190.100,2296,86384,0,7998.98130508
8200,-23888217.25852,5053830.040984,16754251.65914,0,0,0,-0.9955297138508,-0.4280185989663,31970825.49703,30285125.164085,159149312.2484,0.005622921105768,0,0,0,9.006498100581,1.395390400649e-81,0,2.511925711052,-0.4277351910036,-12.90673841268,-0.5939770142495,1.331483652685,-12.05353474549,-25345.04487851,4823.00167717,0,0,259190.200,2296,86384,0,8098.979696267
8300,-23888379.18834,5053785.751166,16754034.17732,0,0,0,-0.9955576643226,-0.4280804249545,31971307.78545,30285607.452452,159151846.6955,0.005622921104494,0,0,0,9.006058107642,1.395204963712e-81,0,2.511911172641,-0.4277969229655,-12.90740808106,-0.5939253816624,1.331490536073,-12.05394831582,-25343.89699873,4822.783242911,0,0,259190.300,2296,86384,0,8198.978087526
8400,-23888541.11642,5053741.463201,16753816.69292,0,0,0,-0.9955856220227,-0.4281422490585,31971790.05203,30286089.718975,159154381.0278,0.00562292110322,0,0,0,9.005618031492,1.395019502045e-81,0,2.511896633162,-0.4278586534384,-12.90807773329,-0.5938737490243,1.331497420173,-12.05436182209,-25342.74907,4822.564799339,0,0,259190.400,2296,86384,0,8298.976478858
8500,-23888703.04274,5053697.177092,16753599.20595,0,0,0,-0.9956135869515,-0.4282040712783,31972272.29677,30286571.963652,159156915.2454,0.005622921101946,0,0,0,9.005177872149,1.394834015668e-81,0,2.511882091062,-0.4279203819121,-12.90874736382,-0.5938221231016,1.331504304984,-12.05477525875,-25341.60098467,4822.346325964,0,0,259190.500,2296,86384,0,8398.974870263
8600,-23888864.96731,5053652.892837,16753381.71641,0,0,0,-0.9956415591099,-0.4282658916139,31972754.51965,30287054.1864808,159159449.348,0.005622921100672,0,0,0,9.004737629629,1.394648504608e-81,0,2.511867546318,-0.427982108508,-12.90941697399,-0.5937704839951,1.331511190506,-12.05518862714,-25340.45281124,4822.127835825,0,0,259190.600,2296,86384,0,8498.973261741
8700,-23889026.89013,5053608.610437,16753164.22429,0,0,0,-0.9956695384984,-0.4283277100652,31973236.72069,30287536.387459,159161983.3359,0.005622921099399,0,0,0,9.004297303952,1.394462968884e-81,0,2.51185299891,-0.428043833251,-12.91008656406,-0.5937188316452,1.331518076739,-12.05560192753,-25339.30450078,4821.909319609,0,0,259190.700,2296,86384,0,8598.971653291
8800,-23889188.8112,5053564.329891,16752946.72961,0,0,0,-0.9956975251177,-0.4283895266321,31973718.89987,30288018.5665847,159164517.209,0.005622921098125,0,0,0,9.003856895134,1.394277408521e-81,0,2.511838450651,-0.4281055559135,-12.91075613156,-0.5936671906068,1.331524963683,-12.05601515745,-25338.15613159,4821.690792218,0,0,259190.800,2296,86384,0,8698.970044915
8900,-23889350.73052,5053520.051199,16752729.23235,0,0,0,-0.9957255189684,-0.4284513413146,31974201.0572,30288500.7238555,159167050.9671,0.005622921096851,0,0,0,9.003416403194,1.394091823542e-81,0,2.511823895751,-0.4281672769584,-12.91142568151,-0.5936155440542,1.331531851338,-12.05642832194,-25337.00759599,4821.472233161,0,0,259190.900,2296,86384,0,8798.968436611
9000,-23889512.64809,5053475.774362,16752511.73252,0,0,0,-0.9957535200512,-0.4285131541126,31974683.19268,30288982.8590499,159169584.6116,0.005622921095577,0,0,0,9.002756451341,1.39390621397e-81,0,2.511809340097,-0.4282289960488,-12.91209521026,-0.593563905201,1.331538739703,-12.05684141735,-25336.43542288,4821.363352239,0,0,259191.000,2296,86384,0,8898.966828381
9100,-23889674.56391,5053431.499379,16752294.23011,0,0,0,-0.9957815283668,-0.4285749650261,31975165.30629,30289464.9726045,159172118.1401,0.005622921094303,0,0,0,9.002315791324,1.393720579828e-81,0,2.511794781761,-0.428290713123,-12.91276471714,-0.5935122536468,1.331545628779,-12.05725444301,-25334.71023116,4821.035059169,0,0,259191.100,2296,86384,0,8998.965220224
9200,-23889836.47797,5053387.226251,16752076.72514,0,0,0,-0.9958095439158,-0.428636774055,31975647.39804,30289947.0642977,159174651.5537,0.00562292109303,0,0,0,9.001875048244,1.393534921138e-81,0,2.511780220336,-0.4283524285875,-12.91343420656,-0.5934605917,1.331552518566,-12.05766740334,-25333.56138234,4820.816440508,0,0,259191.200,2296,86384,0,9098.963612139
9300,-23889998.39029,5053342.954977,16751859.21759,0,0,0,-0.9958375666989,-0.4286985811993,31976129.46793,30290429.1341273,159177184.8524,0.005622921091756,0,0,0,9.001434222118,1.393349237924e-81,0,2.511765658255,-0.4284141418577,-12.91410367217,-0.5934089353929,1.331559409063,-12.058080292,-25332.41240627,4820.597797632,0,0,259191.300,2296,86384,0,9198.962004127
9400,-23890160.30085,5053298.685558,16751641.70748,0,0,0,-0.9958655967167,-0.4287603864589,31976611.51595,30290911.1820911,159179718.0361,0.005622921090482,0,0,0,9.000993312964,1.393163530209e-81,0,2.511751089849,-0.4284758531274,-12.91477311608,-0.5933572782477,1.33156630027,-12.05849311111,-25331.26329317,4820.37912868,0,0,259191.400,2296,86384,0,9298.960396188
9500,-23890322.20967,5053254.417993,16751424.19479,0,0,0,-0.9958936339699,-0.4288221898338,31977093.54211,30291393.208187,159182251.105,0.005622921089208,0,0,0,9.0005523208,1.392977798016e-81,0,2.511736520365,-0.428537562864,-12.91544254336,-0.5933056272989,1.331573192187,-12.05890586574,-25330.11403324,4820.160431787,0,0,259191.500,2296,86384,0,9398.958788322
9600,-23890484.11673,5053210.152282,16751206.67953,0,0,0,-0.9959216784592,-0.4288839913239,31977575.54639,30291875.2124127,159184784.0589,0.005622921087934,0,0,0,9.000111245643,1.392792041367e-81,0,2.511721948212,-0.428599270541,-12.9161119483,-0.5932539650443,1.331580084814,-12.05931855018,-25328.96467544,4819.941716269,0,0,259191.600,2296,86384,0,9498.957180529
9700,-23890646.02205,5053165.888426,16750989.16169,0,0,0,-0.9959497301851,-0.4289457909292,31978057.52881,30292357.1947661,159187316.8979,0.005622921086661,0,0,0,8.999670087512,1.392606260286e-81,0,2.511707373158,-0.4286609765587,-12.91678133523,-0.5932022904971,1.33158697815,-12.05973116879,-25327.81519038,4819.722976536,0,0,259191.700,2296,86384,0,9598.955572809
9800,-23890807.92561,5053121.626424,16750771.64129,0,0,0,-0.9959777891484,-0.4290075886495,31978539.48934,30292839.1552449,159189849.622,0.005622921085387,0,0,0,8.999228846425,1.392420454796e-81,0,2.511692795655,-0.4287226802291,-12.91745069671,-0.5931506225014,1.331593872197,-12.06014371411,-25326.66566617,4819.504229352,0,0,259191.800,2296,86384,0,9698.953965162
9900,-23890969.82742,5053077.366276,16750554.11831,0,0,0,-0.9960058553497,-0.4290693844849,31979021.42801,30293321.0938471,159192382.2311,0.005622921084113,0,0,0,8.998787522398,1.39223462492e-81,0,2.511678217495,-0.428784382267,-12.91812004047,-0.5930989533259,1.331600766953,-12.0605561939,-25325.51607344,4819.28546913,0,0,259191.900,2296,86384,0,9798.952357588
10000,-23891131.72748,5053033.107982,16750336.59276,0,0,0,-0.9960339287897,-0.4291311784353,31979503.34479,30293803.0103509,159194914.7263,0.005622921082839,0,0,0,8.998126697458,1.392048770681e-81,0,2.511663632179,-0.4288460826711,-12.91878936651,-0.5930472894424,1.331607662419,-12.06096860814,-25324.94264744,4819.176349789,0,0,259192.000,2296,86384,0,9898.950750087
10100,-23891293.62579,5052988.851543,16750119.06464,0,0,0,-0.996062009469,-0.4291929705006,31979985.23969,30294284.905193,159197447.1055,0.005622921081565,0,0,0,8.997685205786,1.391862892101e-81,0,2.511649046495,-0.4289077805058,-12.91945866468,-0.5929956152814,1.331614558593,-12.06138094671,-25323.21624196,4818.847825751,0,0,259192.100,2296,86384,0,9998.949142659
10200,-23891455.52234,5052944.596957,16749901.53395,0,0,0,-0.9960900973883,-0.4292547606808,31980467.11271,30294766.7781519,159199979.3696,0.005622921080292,0,0,0,8.997243631234,1.391676989204e-81,0,2.511634457932,-0.4289694769698,-12.92012794798,-0.592943929489,1.331621455478,-12.0617932226,-25322.06622834,4818.628985435,0,0,259192.200,2296,86384,0,10098.9475353
10300,-23891617.41715,5052900.344226,16749684.00069,0,0,0,-0.9961181925483,-0.4293165489759,31980948.96384,30295248.6292253,159202511.5187,0.005622921079018,0,0,0,8.996801973821,1.391491062013e-81,0,2.511619866596,-0.4290311716064,-12.92079721145,-0.5928922499784,1.331628353071,-12.06220543088,-25320.91612663,4818.410128355,0,0,259192.300,2296,86384,0,10198.94592802
10400,-23891779.31021,5052856.093349,16749466.46485,0,0,0,-0.9961462949496,-0.4293783353857,31981430.79309,30295730.4584111,159205043.5528,0.005622921077744,0,0,0,8.996360233563,1.39130511055e-81,0,2.511605272837,-0.429092864254,-12.92146645335,-0.5928405695203,1.331635251373,-12.06261756978,-25319.7659466,4818.191256374,0,0,259192.400,2296,86384,0,10298.94432081
10500,-23891941.20151,5052811.844327,16749248.92645,0,0,0,-0.9961744045928,-0.4294401199103,31981912.60044,30296212.265707,159207575.4719,0.00562292107647,0,0,0,8.995918410479,1.391119134839e-81,0,2.511590677951,-0.4291545548047,-12.9221356725,-0.5927888938644,1.331642150384,-12.06302963816,-25318.61556103,4817.972345278,0,0,259192.500,2296,86384,0,10398.94271368
10600,-23892103.09106,5052767.597158,16749031.38547,0,0,0,-0.9962025214787,-0.4295019025495,31982394.38591,30296694.0511109,159210107.2759,0.005622921075196,0,0,0,8.995476504587,1.390933134903e-81,0,2.511576076685,-0.4292162436868,-12.92280487355,-0.5927372068917,1.331649050104,-12.06344164066,-25317.46503841,4817.753408104,0,0,259192.600,2296,86384,0,10498.94110661
10700,-23892264.97886,5052723.351843,16748813.84192,0,0,0,-0.9962306456078,-0.4295636833033,31982876.14948,30297175.8146206,159212638.9649,0.005622921073923,0,0,0,8.995034515904,1.390747110765e-81,0,2.511561474682,-0.4292779302462,-12.9234740494,-0.5926855087381,1.331655950532,-12.0638535702,-25316.31446686,4817.534461617,0,0,259192.700,2296,86384,0,10598.93949962
10800,-23892426.86491,5052679.108383,16748596.2958,0,0,0,-0.9962587769809,-0.4296254621717,31983357.89115,30297657.5562339,159215170.5388,0.005622921072649,0,0,0,8.994592444447,1.390561062447e-81,0,2.511546869598,-0.4293396153663,-12.92414320964,-0.5926338160288,1.331662851669,-12.06426543635,-25315.16375827,4817.315489054,0,0,259192.800,2296,86384,0,10698.93789271
10900,-23892588.74921,5052634.866776,16748378.74711,0,0,0,-0.9962869155987,-0.4296872391546,31983839.61093,30298139.2759487,159217701.9976,0.005622921071375,0,0,0,8.994150290236,1.390374989972e-81,0,2.511532261814,-0.4294012989361,-12.92481235307,-0.592582123298,1.331669753514,-12.06467723794,-25314.01301053,4817.096509039,0,0,259192.900,2296,86384,0,10798.93628586
11000,-23892750.63176,5052590.627024,16748161.19584,0,0,0,-0.9963150614616,-0.4297490142519,31984321.3088,30298620.9735432,159220233.3425,0.005622921070101,0,0,0,8.99348859477,1.390188893365e-81,0,2.511517653228,-0.4294629796139,-12.92548146512,-0.592530453696,1.331676656068,-12.0650889604,-25313.4386057,4816.987203434,0,0,259193.000,2296,86384,0,10898.93467909
11100,-23892912.51255,5052546.389126,16747943.64201,0,0,0,-0.9963432145705,-0.4298107874637,31984802.98477,30299102.6494543,159222764.5712,0.005622921068827,0,0,0,8.993046273345,1.390002772647e-81,0,2.51150303821,-0.4295246593859,-12.92615056734,-0.5924787386895,1.331683559329,-12.06550062529,-25311.71098648,4816.658448428,0,0,259193.100,2296,86384,0,10998.93307239
11200,-23893074.39159,5052502.153081,16747726.0856,0,0,0,-0.996371374926,-0.4298725587898,31985284.63884,30299584.3034602,159225295.6847,0.005622921067554,0,0,0,8.992603869226,1.389816627841e-81,0,2.511488422507,-0.4295863365925,-12.92681964173,-0.5924270277594,1.331690463299,-12.06591221461,-25310.55974932,4816.439375281,0,0,259193.200,2296,86384,0,11098.93146577
11300,-23893236.26889,5052457.918891,16747508.52663,0,0,0,-0.9963995425287,-0.4299343282302,31985766.271,30300065.9355588,159227826.6831,0.00562292106628,0,0,0,8.992161382428,1.389630458971e-81,0,2.511473803695,-0.4296480119634,-12.92748869621,-0.5923753268812,1.331697367976,-12.06632373629,-25309.40843386,4816.220287234,0,0,259193.300,2296,86384,0,11198.92985922
11400,-23893398.14443,5052413.686554,16747290.96508,0,0,0,-0.9964277173794,-0.4299960957848,31986247.88125,30300547.5457479,159230357.5664,0.005622921065006,0,0,0,8.991718812971,1.38944426606e-81,0,2.511459182184,-0.4297096857552,-12.92815773356,-0.5923236210643,1.331704273361,-12.06673519312,-25308.25704009,4816.001184285,0,0,259193.400,2296,86384,0,11298.92825274
11500,-23893560.01821,5052369.456072,16747073.40096,0,0,0,-0.9964558994786,-0.4300578614535,31986729.46959,30301029.1340254,159232888.3345,0.005622921063732,0,0,0,8.991276160871,1.38925804913e-81,0,2.511444558146,-0.4297713575904,-12.92882674969,-0.5922719359656,1.331711179454,-12.067146581,-25307.10552887,4815.782058984,0,0,259193.500,2296,86384,0,11398.92664633
11600,-23893721.89025,5052325.227443,16746855.83427,0,0,0,-0.996484088827,-0.4301196252365,31987211.03601,30301510.7003889,159235418.9875,0.005622921062458,0,0,0,8.990833426147,1.389071808205e-81,0,2.511429933195,-0.4298330274333,-12.9294957442,-0.5922202091823,1.331718086255,-12.06755789956,-25305.95389039,4815.562909469,0,0,259193.600,2296,86384,0,11498.92504
11700,-23893883.76053,5052281.000668,16746638.26501,0,0,0,-0.9965122854254,-0.4301813871334,31987692.58052,30301992.2448365,159237949.5253,0.005622921061185,0,0,0,8.990390608816,1.388885543306e-81,0,2.511415301825,-0.4298946952894,-12.93016471716,-0.5921684872744,1.331724993763,-12.06796914886,-25304.80209531,4815.343730152,0,0,259193.700,2296,86384,0,11598.92343374
11800,-23894045.62907,5052236.775747,16746420.69318,0,0,0,-0.9965404892743,-0.4302431471444,31988174.10311,30302473.7673658,159240479.948,0.005622921059911,0,0,0,8.989947708896,1.388699254459e-81,0,2.511400669384,-0.4299563613804,-12.93083367097,-0.5921167726488,1.331731901978,-12.06838033132,-25303.65021213,4815.12453407,0,0,259193.800,2296,86384,0,11698.92182756
11900,-23894207.49585,5052192.55268,16746203.11877,0,0,0,-0.9965687003744,-0.4303049052694,31988655.60378,30302955.2679747,159243010.2554,0.005622921058637,0,0,0,8.989504726406,1.388512941684e-81,0,2.511386034378,-0.4300180255844,-12.93150260431,-0.5920650556408,1.3317388109,-12.06879144561,-25302.49832894,4814.905337989,0,0,259193.900,2296,86384,0,11798.92022144
12000,-23894369.36088,5052148.331467,16745985.5418,0,0,0,-0.9965969187264,-0.4303666615083,31989137.08253,30303436.7464415,159245540.4488,0.005622921057363,0,0,0,8.988842162979,1.388326605006e-81,0,2.511371396685,-0.430079688057,-12.93217151887,-0.5920133622634,1.331745720529,-12.06920249344,-25301.92297465,4814.795851707,0,0,259194.000,2296,86384,0,11898.9186154
12100,-23894531.22415,5052104.112107,16745767.96225,0,0,0,-0.9966251443309,-0.430428415861,31989618.53935,30303918.203203,159248070.5258,0.005622921056089,0,0,0,8.988399013709,1.388140244447e-81,0,2.511356756337,-0.4301413483217,-12.93284040948,-0.5919616217612,1.331752630866,-12.06961346964,-25300.19403402,4814.466845244,0,0,259194.100,2296,86384,0,11998.91700944
12200,-23894693.08568,5052059.894602,16745550.38014,0,0,0,-0.9966533771887,-0.4304901683275,31990099.97424,30304399.6380376,159250600.4876,0.005622921054816,0,0,0,8.987955781928,1.38795386003e-81,0,2.51134211469,-0.4302030069981,-12.93350928286,-0.5919098887581,1.331759541909,-12.07002438093,-25299.04170057,4814.247563481,0,0,259194.200,2296,86384,0,12098.91540354
12300,-23894854.94545,5052015.67895,16745332.79545,0,0,0,-0.9966816173003,-0.4305519189077,31990581.38721,30304881.0509431,159253130.3341,0.005622921053542,0,0,0,8.987512467653,1.387767451779e-81,0,2.511327467088,-0.4302646635896,-12.93417813362,-0.591858161403,1.331766453658,-12.07043522195,-25297.8893084,4814.028270543,0,0,259194.300,2296,86384,0,12198.91379772
12400,-23895016.80347,5051971.465152,16745115.20819,0,0,0,-0.9967098646664,-0.4306136676017,31991062.77825,30305362.4419173,159255660.0654,0.005622921052268,0,0,0,8.987069070902,1.387581019716e-81,0,2.511312818189,-0.4303263182598,-12.93484696354,-0.5918064315515,1.331773366115,-12.07084599446,-25296.73676941,4813.808949664,0,0,259194.400,2296,86384,0,12298.91219197
12500,-23895178.65974,5051927.253207,16744897.61836,0,0,0,-0.9967381192878,-0.4306754144093,31991544.14735,30305843.8109579,159258189.6815,0.005622921050994,0,0,0,8.986625591694,1.387394563864e-81,0,2.511298166768,-0.4303879711046,-12.93551577366,-0.5917547257824,1.331780279277,-12.07125669952,-25295.58414232,4813.589612022,0,0,259194.500,2296,86384,0,12398.9105863
12600,-23895340.51425,5051883.043116,16744680.02596,0,0,0,-0.996766381165,-0.4307371593304,31992025.49452,30306325.1580629,159260719.1822,0.00562292104972,0,0,0,8.986182030046,1.387208084245e-81,0,2.511283512308,-0.4304496223571,-12.9361845665,-0.5917029747029,1.331787193146,-12.07166733966,-25294.43142714,4813.370257616,0,0,259194.600,2296,86384,0,12498.9089807
12700,-23895502.36702,5051838.834879,16744462.43099,0,0,0,-0.9967946502987,-0.4307989023651,31992506.81975,30306806.48323,159263248.5677,0.005622921048447,0,0,0,8.985738385975,1.387021580884e-81,0,2.511268857229,-0.4305112712552,-12.93685333381,-0.5916512286081,1.331794107722,-12.07207790662,-25293.2785064,4813.150864094,0,0,259194.700,2296,86384,0,12598.90737517
12800,-23895664.21803,5051794.628496,16744244.83345,0,0,0,-0.9968229266896,-0.4308606435133,31992988.12303,30307287.7864571,159265777.8379,0.005622921047173,0,0,0,8.985294659501,1.386835053804e-81,0,2.51125419567,-0.4305729181752,-12.93752207965,-0.5915994905443,1.331801023003,-12.07248840449,-25292.12541926,4812.931438908,0,0,259194.800,2296,86384,0,12698.90576972
12900,-23895826.06729,5051750.423966,16744027.23334,0,0,0,-0.9968512103384,-0.4309223827748,31993469.40438,30307769.067742,159268306.9928,0.005622921045899,0,0,0,8.98485085064,1.386648503025e-81,0,2.511239533137,-0.4306345639395,-12.93819081296,-0.5915477494879,1.33180793899,-12.07289884219,-25290.97231255,4812.712009996,0,0,259194.900,2296,86384,0,12798.90416433
13000,-23895987.9148,5051706.22129,16743809.63066,0,0,0,-0.9968795012457,-0.4309841201497,31993950.66378,30308250.3268629,159270836.0335,0.005622921044625,0,0,0,8.984187421823,1.386461928573e-81,0,2.511224867764,-0.4306962070065,-12.93885951701,-0.5914960301018,1.331814855683,-12.07330920302,-25290.39586197,4812.602315098,0,0,259195.000,2296,86384,0,12898.90255903
13100,-23896149.76055,5051662.020467,16743592.0254,0,0,0,-0.9969077994122,-0.431045855638,31994431.90124,30308731.5642568,159273364.9578,0.005622921043351,0,0,0,8.983743446617,1.386275330469e-81,0,2.511210199644,-0.4307578486405,-12.93952820551,-0.5914442674058,1.331821773082,-12.07371950069,-25288.6656978,4812.273075804,0,0,259195.100,2296,86384,0,12998.90095379
13200,-23896311.60455,5051617.821498,16743374.41758,0,0,0,-0.9969361048385,-0.4311075892395,31994913.11675,30309212.779702,159275893.7667,0.005622921042077,0,0,0,8.983299389083,1.386088708737e-81,0,2.51119552903,-0.4308194881754,-12.94019687124,-0.5913925088292,1.331828691186,-12.07412972798,-25287.51225828,4812.053583562,0,0,259195.200,2296,86384,0,13098.89934863
13300,-23896473.4468,5051573.624382,16743156.80719,0,0,0,-0.9969644175253,-0.4311693209541,31995394.3103,30309693.9731961,159278422.4602,0.005622921040804,0,0,0,8.982855249241,1.3859020634e-81,0,2.51118085752,-0.4308811259466,-12.94086551784,-0.591340759007,1.331835609996,-12.07453988853,-25286.35867194,4811.834063381,0,0,259195.300,2296,86384,0,13198.89774354
13400,-23896635.2873,5051529.42912,16742939.19422,0,0,0,-0.9969927374733,-0.4312310507819,31995875.48191,30310175.1447372,159280951.0384,0.00562292103953,0,0,0,8.982411027108,1.38571539448e-81,0,2.511166179392,-0.4309427617653,-12.94153414326,-0.5912890210588,1.331842529511,-12.07494998032,-25285.20493878,4811.61451526,0,0,259195.400,2296,86384,0,13298.89613853
13500,-23896797.12604,5051485.235712,16742721.57869,0,0,0,-0.9970210646832,-0.4312927787228,31996356.63156,30310656.294323,159283479.5012,0.005622921038256,0,0,0,8.981966722702,1.385528702001e-81,0,2.51115150031,-0.4310043960112,-12.94220275161,-0.5912372733274,1.331849449732,-12.07536000745,-25284.05106858,4811.394941062,0,0,259195.500,2296,86384,0,13398.89453358
13600,-23896958.96303,5051441.044157,16742503.96058,0,0,0,-0.9970493991556,-0.4313545047768,31996837.75925,30311137.4219514,159286007.8486,0.005622921036982,0,0,0,8.981522336041,1.385341985987e-81,0,2.511136818841,-0.431066027414,-12.94287132913,-0.5911854989871,1.331856370657,-12.07576995617,-25282.89719838,4811.175366864,0,0,259195.600,2296,86384,0,13498.89292871
13700,-23897120.79827,5051396.854455,16742286.3399,0,0,0,-0.9970777408911,-0.4314162289437,31997318.86498,30311618.5276201,159288536.0807,0.005622921035708,0,0,0,8.981077867143,1.385155246457e-81,0,2.511122134555,-0.4311276580275,-12.94353989808,-0.5911337284608,1.331863292288,-12.07617984874,-25281.7432303,4810.955774039,0,0,259195.700,2296,86384,0,13598.89132392
13800,-23897282.63176,5051352.666607,16742068.71666,0,0,0,-0.9971060898905,-0.4314779512235,31997799.94875,30312099.6113269,159291064.1973,0.005622921034435,0,0,0,8.980633316025,1.384968483438e-81,0,2.511107449107,-0.4311892863472,-12.94420844215,-0.5910819671096,1.331870214623,-12.07658966887,-25280.58903709,4810.736138374,0,0,259195.800,2296,86384,0,13698.8897192
13900,-23897444.46349,5051308.480613,16741851.09084,0,0,0,-0.9971344461544,-0.4315396716162,31998281.01055,30312580.6730698,159293592.1985,0.005622921033161,0,0,0,8.980188682705,1.38478169695e-81,0,2.511092757503,-0.4312509124424,-12.94487696209,-0.5910302179877,1.331877137663,-12.0769994173,-25279.43476557,4810.516487807,0,0,259195.900,2296,86384,0,13798.88811455
14000,-23897606.29347,5051264.296471,16741633.46245,0,0,0,-0.9971628096835,-0.4316013901217,31998762.05039,30313061.7126269,159296120.0854,0.005622921031887,0,0,0,8.979524391074,1.384594887018e-81,0,2.511078065,-0.4313125368315,-12.94554546352,-0.5909784579893,1.331884061408,-12.07740909968,-25278.85742426,4810.406623408,0,0,259196.000,2296,86384,0,13898.88650997
14100,-23897768.1217,5051220.114183,16741415.8315,0,0,0,-0.9971911804784,-0.43166310674,31999243.06826,30313542.7304352,159298647.8557,0.005622921030613,0,0,0,8.979079591844,1.384408053665e-81,0,2.511063369485,-0.4313741595494,-12.94621394682,-0.5909266706897,1.331890985857,-12.07781871637,-25277.12598762,4810.07714197,0,0,259196.100,2296,86384,0,13998.88490547
14200,-23897929.94817,5051175.933749,16741198.19797,0,0,0,-0.9972195585399,-0.4317248214709,31999724.06416,30314023.726273,159301175.5106,0.005622921029339,0,0,0,8.978634710472,1.384221196912e-81,0,2.511048671197,-0.4314357805784,-12.9468824118,-0.5908748872567,1.331897911011,-12.07822826721,-25275.97134414,4809.857420623,0,0,259196.200,2296,86384,0,14098.88330104
14300,-23898091.77289,5051131.755168,16740980.56187,0,0,0,-0.9972479438685,-0.4317865343145,32000205.03809,30314504.7001381,159303703.05,0.005622921028066,0,0,0,8.978189746976,1.384034316783e-81,0,2.511033970265,-0.4314973992322,-12.94755085101,-0.5908231134686,1.331904836869,-12.07863774474,-25274.81665173,4809.637689963,0,0,259196.300,2296,86384,0,14198.88169668
14400,-23898253.59586,5051087.57844,16740762.9232,0,0,0,-0.997276336465,-0.4318482452707,32000685.99005,30314985.6520283,159306230.4739,0.005622921026792,0,0,0,8.977744701375,1.383847413302e-81,0,2.511019268543,-0.4315590159362,-12.94821926907,-0.5907713539431,1.331911763431,-12.07904715359,-25273.66184186,4809.417936951,0,0,259196.400,2296,86384,0,14298.8800924
14500,-23898415.41708,5051043.403565,16740545.28197,0,0,0,-0.9973047363299,-0.4319099543395,32001166.92002,30315466.5819415,159308757.7823,0.005622921025518,0,0,0,8.977299573685,1.38366048649e-81,0,2.511004560339,-0.4316206309426,-12.94888766872,-0.5907195809749,1.331918690697,-12.07945649651,-25272.50687537,4809.198154137,0,0,259196.500,2296,86384,0,14398.87848819
14600,-23898577.23654,5050999.230543,16740327.63816,0,0,0,-0.9973331434641,-0.4319716615207,32001647.82802,30315947.4898754,159311284.9752,0.005622921024244,0,0,0,8.976854363926,1.383473536371e-81,0,2.510989851366,-0.4316822438786,-12.9495560459,-0.5906677827312,1.331925618667,-12.07986576945,-25271.35180122,4808.978350833,0,0,259196.600,2296,86384,0,14498.87688405
14700,-23898739.05425,5050955.059375,16740109.99178,0,0,0,-0.9973615578681,-0.4320333668143,32002128.71403,30316428.3758279,159313812.0527,0.00562292102297,0,0,0,8.976409072114,1.383286562968e-81,0,2.510975139169,-0.4317438550105,-12.95022440352,-0.5906159889083,1.331932547341,-12.08027497531,-25270.19651172,4808.758506551,0,0,259196.700,2296,86384,0,14598.87527999
14800,-23898900.87021,5050910.89006,16739892.34283,0,0,0,-0.9973899795427,-0.4320950702203,32002609.57807,30316909.2397968,159316339.0146,0.005622921021697,0,0,0,8.975963698267,1.383099566303e-81,0,2.510960424512,-0.4318054645244,-12.95089274358,-0.5905642024817,1.331939476718,-12.08068411612,-25269.04125159,4808.538667858,0,0,259196.800,2296,86384,0,14698.873676
14900,-23899062.68441,5050866.722599,16739674.69131,0,0,0,-0.9974184084884,-0.4321567717386,32003090.42011,30317390.0817799,159318865.8609,0.005622921020423,0,0,0,8.975518242405,1.3829125464e-81,0,2.510945707027,-0.4318670721113,-12.95156106274,-0.5905124308693,1.331946406799,-12.08109318853,-25267.88589357,4808.318810537,0,0,259196.900,2296,86384,0,14798.87207209
15000,-23899224.49686,5050822.55699,16739457.03722,0,0,0,-0.997446844706,-0.4322184713692,32003571.24017,30317870.9015555,159321392.5929,0.005622921019149,0,0,0,8.97485309054,1.382725503282e-81,0,2.510930988929,-0.4319286774416,-12.95222935742,-0.5904606461292,1.331953337583,-12.08150218897,-25267.30738745,4808.208724484,0,0,259197.000,2296,86384,0,14898.87046824
15100,-23899386.30756,5050778.393235,16739239.38057,0,0,0,-0.9974752881962,-0.432280169112,32004052.03824,30318351.6995606,159323919.2081,0.005622921017875,0,0,0,8.974407469203,1.382538436971e-81,0,2.510916264167,-0.4319902813878,-12.95289763709,-0.590408833448,1.331960269071,-12.08191112692,-25265.5746294,4807.878991589,0,0,259197.100,2296,86384,0,14998.86886447
15200,-23899548.1165,5050734.231333,16739021.72134,0,0,0,-0.9975037389595,-0.4323418649669,32004532.81432,30318832.4755735,159326445.7078,0.005622921016601,0,0,0,8.973961765909,1.38235134749e-81,0,2.510901538396,-0.4320518830666,-12.95356589215,-0.5903570278685,1.331967201262,-12.08231999279,-25264.41887985,4807.659059763,0,0,259197.200,2296,86384,0,15098.86726078
15300,-23899709.92369,5050690.071284,16738804.05954,0,0,0,-0.9975321969967,-0.432403558934,32005013.5684,30319313.2295918,159328972.0919,0.005622921015328,0,0,0,8.973515980676,1.382164234863e-81,0,2.510886810006,-0.4321134830169,-12.95423412847,-0.5903052471403,1.331974134156,-12.08272879244,-25263.26307157,4807.439116761,0,0,259197.300,2296,86384,0,15198.86565716
15400,-23899871.72913,5050645.913088,16738586.39517,0,0,0,-0.9975606623084,-0.432465251013,32005494.30049,30319793.9616135,159331498.3604,0.005622921014054,0,0,0,8.973070113523,1.381977099111e-81,0,2.510872079229,-0.4321750807357,-12.95490234058,-0.5902534450159,1.331981067752,-12.08313752042,-25262.10713605,4807.219149545,0,0,259197.400,2296,86384,0,15298.86405361
15500,-23900033.53281,5050601.756745,16738368.72823,0,0,0,-0.9975891348954,-0.4325269412041,32005975.01057,30320274.6716364,159334024.5133,0.00562292101278,0,0,0,8.972624164467,1.38178994026e-81,0,2.510857347217,-0.4322366768161,-12.95557053492,-0.5902016499076,1.331988002052,-12.08354618317,-25260.95102434,4806.999148801,0,0,259197.500,2296,86384,0,15398.86245013
15600,-23900195.33474,5050557.602255,16738151.05873,0,0,0,-0.9976176147582,-0.432588629507,32006455.69866,30320755.3596584,159336550.5506,0.005622921011506,0,0,0,8.972178133527,1.381602758329e-81,0,2.510842608698,-0.4322982712919,-12.95623871185,-0.5901498256619,1.331994937054,-12.08395478107,-25259.79475601,4806.779118255,0,0,259197.600,2296,86384,0,15498.86084673
15700,-23900357.13491,5050513.449618,16737933.38665,0,0,0,-0.9976461018976,-0.4326503159219,32006936.36474,30321236.0256772,159339076.4723,0.005622921010232,0,0,0,8.97173202072,1.381415553344e-81,0,2.51082786943,-0.4323598633433,-12.95690686248,-0.5900980068553,1.332001872759,-12.08436330522,-25258.63850727,4806.559091434,0,0,259197.700,2296,86384,0,15598.8592434
15800,-23900518.93333,5050469.298834,16737715.712,0,0,0,-0.9976745963142,-0.4327120004486,32007417.00882,30321716.6696907,159341602.2783,0.005622921008959,0,0,0,8.971285826064,1.381228325326e-81,0,2.510813127349,-0.4324214536881,-12.9575749946,-0.5900462150238,1.332008809166,-12.08477176342,-25257.48212148,4806.339038536,0,0,259197.800,2296,86384,0,15698.85764014
15900,-23900680.73,5050425.149904,16737498.03478,0,0,0,-0.9977030980087,-0.432773683087,32007897.63089,30322197.2916966,159344127.9687,0.005622921007685,0,0,0,8.970839549577,1.381041074299e-81,0,2.510798382387,-0.43248304223,-12.95824310716,-0.589994400801,1.332015746276,-12.08518015464,-25256.32553993,4806.118948385,0,0,259197.900,2296,86384,0,15798.85603696
16000,-23900842.52492,5050381.002826,16737280.355,0,0,0,-0.9977316069818,-0.4328353638371,32008378.23095,30322677.8914733,159346653.5446,0.005622921006411,0,0,0,8.970173540064,1.380853800286e-81,0,2.510783634986,-0.4325446287975,-12.9589111983,-0.5899425914177,1.332022684088,-12.08558847701,-25255.74602563,4806.008670479,0,0,259198.000,2296,86384,0,15898.85443385
16100,-23901004.31808,5050336.857601,16737062.67264,0,0,0,-0.9977601232341,-0.4328970426989,32008858.809,30323158.4694577,159349179.0036,0.005622921005137,0,0,0,8.969727098538,1.380666503308e-81,0,2.510768886039,-0.4326062139344,-12.95957927392,-0.5898907550649,1.332029622602,-12.08599673645,-25254.01213213,4805.678721517,0,0,259198.100,2296,86384,0,15998.85283082
16200,-23901166.10949,5050292.714229,16736844.98772,0,0,0,-0.9977886467663,-0.4329587196723,32009339.36504,30323639.0254282,159351704.347,0.005622921003863,0,0,0,8.969280575242,1.380479183391e-81,0,2.510754131305,-0.4326677963816,-12.96024732036,-0.5898389260387,1.332036561817,-12.0864049193,-25252.85518841,4805.458562449,0,0,259198.200,2296,86384,0,16098.85122785
16300,-23901327.89914,5050248.57271,16736627.30022,0,0,0,-0.9978171775791,-0.4330203947572,32009819.89905,30324119.5593824,159354229.5747,0.00562292100259,0,0,0,8.968833970193,1.380291840556e-81,0,2.510739375589,-0.4327293771078,-12.96091534814,-0.5897871064242,1.332043501735,-12.08681303608,-25251.69812724,4805.238381028,0,0,259198.300,2296,86384,0,16198.84962496
16400,-23901489.68704,5050204.433044,16736409.61016,0,0,0,-0.9978457156732,-0.4330820679536,32010300.41106,30324600.0713183,159356754.6866,0.005622921001316,0,0,0,8.968387283409,1.380104474826e-81,0,2.510724616657,-0.4327909562975,-12.96158335925,-0.5897352958338,1.332050442355,-12.08722108879,-25250.54106607,4805.018199608,0,0,259198.400,2296,86384,0,16298.84802215
16500,-23901651.47318,5050160.295231,16736191.91752,0,0,0,-0.9978742610492,-0.4331437392614,32010780.90104,30325080.5612337,159359279.6829,0.005622921000042,0,0,0,8.967940514908,1.379917086224e-81,0,2.510709855229,-0.4328525334328,-12.96225134806,-0.5896834740048,1.332057383676,-12.08762907182,-25249.38380913,4804.797980934,0,0,259198.500,2296,86384,0,16398.84641941
16600,-23901813.25758,5050116.15927,16735974.22232,0,0,0,-0.9979028137077,-0.4332054086806,32011261.36899,30325561.0291264,159361804.5634,0.005622920998768,0,0,0,8.967493664709,1.379729674772e-81,0,2.510695091205,-0.4329141087479,-12.96291931714,-0.5896316262233,1.332064325698,-12.08803698773,-25248.22649346,4804.577751085,0,0,259198.600,2296,86384,0,16498.84481674
16700,-23901975.04021,5050072.025163,16735756.52455,0,0,0,-0.9979313736496,-0.4332670762112,32011741.81493,30326041.4749942,159364329.3281,0.005622920997494,0,0,0,8.967046732828,1.379542240495e-81,0,2.510680326133,-0.4329756821727,-12.96358726571,-0.5895797855566,1.332071268422,-12.08844483575,-25247.06899181,4804.357485846,0,0,259198.700,2296,86384,0,16598.84321414
16800,-23902136.8211,5050027.892908,16735538.8242,0,0,0,-0.9979599408754,-0.4333287418529,32012222.23883,30326521.898835,159366853.9772,0.005622920996221,0,0,0,8.966599719284,1.379354783414e-81,0,2.510665554563,-0.4330372535205,-12.96425519175,-0.5895279689581,1.332078211847,-12.08885261387,-25245.91132377,4804.137188941,0,0,259198.800,2296,86384,0,16698.84161162
16900,-23902298.60023,5049983.762506,16735321.12129,0,0,0,-0.9979885153858,-0.4333904056059,32012702.64071,30327002.3006465,159369378.5104,0.005622920994947,0,0,0,8.966152624095,1.379167303553e-81,0,2.510650782042,-0.4330988234515,-12.96492310242,-0.5894761291086,1.332085155973,-12.08926032925,-25244.75363614,4803.916888312,0,0,259198.900,2296,86384,0,16798.84000918
17000,-23902460.3776,5049939.633957,16735103.41581,0,0,0,-0.9980170971815,-0.4334520674701,32013183.02055,30327482.680207,159371902.9291,0.005622920993673,0,0,0,8.965485759523,1.378979800935e-81,0,2.510636007023,-0.4331603908599,-12.96559098572,-0.5894242657145,1.3320921008,-12.08966796991,-25244.17307449,4803.806411102,0,0,259199.000,2296,86384,0,16898.8384068
17100,-23902622.15322,5049895.50726,16734885.70776,0,0,0,-0.9980456862632,-0.4335137274453,32013663.37837,30327963.0379537,159374427.2308,0.005622920992399,0,0,0,8.965038499733,1.378792275582e-81,0,2.510621229274,-0.4332219565528,-12.96625885041,-0.5893724371119,1.332099046328,-12.09007554461,-25242.4380064,4803.476238623,0,0,259199.100,2296,86384,0,16998.8368045
17200,-23902783.92709,5049851.382416,16734667.99714,0,0,0,-0.9980742826316,-0.4335753855316,32014143.71414,30328443.3736646,159376951.4167,0.005622920991125,0,0,0,8.964591158358,1.378604727517e-81,0,2.510606450528,-0.4332835204675,-12.96692669581,-0.5893205827472,1.332105992557,-12.09048305268,-25241.27992725,4803.255863488,0,0,259199.200,2296,86384,0,17098.83520227
17300,-23902945.6992,5049807.259425,16734450.28395,0,0,0,-0.9981028862872,-0.4336370417288,32014624.02788,30328923.6873377,159379475.4867,0.005622920989852,0,0,0,8.964143735416,1.378417156764e-81,0,2.510591665322,-0.4333450824379,-12.96759452013,-0.5892687551511,1.332112939487,-12.09089049231,-25240.12176979,4803.035473451,0,0,259199.300,2296,86384,0,17198.83360012
17400,-23903107.46956,5049763.138287,16734232.56819,0,0,0,-0.9981314972309,-0.433698696037,32015104.31958,30329403.9789706,159381999.441,0.005622920988578,0,0,0,8.963696230925,1.378229563344e-81,0,2.510576879423,-0.4334066423965,-12.96826232261,-0.5892169049293,1.332119887117,-12.09129786279,-25238.96363191,4802.81508714,0,0,259199.400,2296,86384,0,17298.83199804
17500,-23903269.23817,5049719.019001,16734014.84987,0,0,0,-0.9981601154632,-0.4337603484561,32015584.58924,30329884.2485614,159384523.2795,0.005622920987304,0,0,0,8.963248644903,1.378041947281e-81,0,2.510562090157,-0.4334682009075,-12.9689301094,-0.5891650424792,1.332126835447,-12.09170517025,-25237.80520037,4802.594644949,0,0,259199.500,2296,86384,0,17398.83039603
17600,-23903431.00502,5049674.901568,16733797.12897,0,0,0,-0.9981887409848,-0.4338219989859,32016064.83685,30330364.4961078,159387047.0021,0.00562292098603,0,0,0,8.962800977369,1.377854308598e-81,0,2.510547298621,-0.433529757138,-12.96959787144,-0.5891131881648,1.332133784478,-12.09211240564,-25236.64672969,4802.374195307,0,0,259199.600,2296,86384,0,17498.8287941
17700,-23903592.77011,5049630.785988,16733579.40551,0,0,0,-0.9982173737965,-0.4338836476266,32016545.06241,30330844.7216076,159389570.6088,0.005622920984756,0,0,0,8.962353228339,1.377666647317e-81,0,2.510532504306,-0.4335913113672,-12.97026561178,-0.5890613213497,1.332140734208,-12.09251957201,-25235.48815133,4802.153725177,0,0,259199.700,2296,86384,0,17598.82719224
17800,-23903754.53345,5049586.67226,16733361.67947,0,0,0,-0.9982460138989,-0.4339452943779,32017025.26593,30331324.9250587,159392094.0997,0.005622920983483,0,0,0,8.961905397833,1.377478963462e-81,0,2.510517708907,-0.4336528638725,-12.97093333341,-0.5890094794311,1.332147684639,-12.09292667237,-25234.32946531,4801.933234558,0,0,259199.800,2296,86384,0,17698.82559045
17900,-23903916.29504,5049542.560384,16733143.95087,0,0,0,-0.9982746612926,-0.4340069392399,32017505.4474,30331805.1064589,159394617.4747,0.005622920982209,0,0,0,8.961457485868,1.377291257056e-81,0,2.510502907135,-0.4337144145844,-12.97160103559,-0.5889576170568,1.33215463577,-12.09333370599,-25233.17059331,4801.712708548,0,0,259199.900,2296,86384,0,17798.82398874
18000,-23904078.05487,5049498.450362,16732926.2197,0,0,0,-0.9983033159784,-0.4340685822124,32017985.60681,30332285.2655863,159397140.7349,0.005622920980935,0,0,0,8.960789768831,1.37710352812e-81,0,2.510488104216,-0.4337759632047,-12.97226871508,-0.5889057429962,1.3321615876,-12.09374066961,-25232.58887664,4801.602011546,0,0,259200.000,2296,0,0,17898.8223871
18100,-23904239.81295,5049454.342191,16732708.48595,0,0,0,-0.9983319779569,-0.4341302232955,32018465.74417,30332765.4028782,159399663.8781,0.005622920979661,0,0,0,8.960341692702,1.376915776679e-81,0,2.510473298579,-0.4338375103297,-12.97293637835,-0.5888538748078,1.332168540131,-12.09414756973,-25230.85247734,4801.271585748,0,0,259200.100,2296,0,0,17998.82078554
18200,-23904401.56927,5049410.235874,16732490.74964,0,0,0,-0.9983606472288,-0.4341918624891,32018945.85947,30333245.5181127,159402186.9054,0.005622920978387,0,0,0,8.959893535175,1.376728002754e-81,0,2.510458490404,-0.4338990554761,-12.97360402015,-0.5888019969106,1.33217549336,-12.09455440111,-25229.69335085,4801.051011309,0,0,259200.200,2296,0,0,18098.81918404
18300,-23904563.32384,5049366.131408,16732273.01076,0,0,0,-0.9983893237947,-0.4342534997931,32019425.95271,30333725.6112876,159404709.8168,0.005622920977114,0,0,0,8.959445296267,1.37654020637e-81,0,2.510443681623,-0.4339605981553,-12.9742716352,-0.5887501443123,1.332182447289,-12.09496115845,-25228.53407752,4800.830408931,0,0,259200.300,2296,0,0,18198.81758262
18400,-23904725.07665,5049322.028796,16732055.26932,0,0,0,-0.9984180076555,-0.4343151352075,32019906.02389,30334205.6824009,159407232.6122,0.00562292097584,0,0,0,8.958996975997,1.376352387548e-81,0,2.510428865936,-0.4340221394103,-12.97493923479,-0.5886982708064,1.332189401918,-12.09536785308,-25227.3746378,4800.609774888,0,0,259200.400,2296,0,0,18298.81598128
18500,-23904886.82771,5049277.928035,16731837.5253,0,0,0,-0.9984466988116,-0.4343767687322,32020386.07301,30334685.7314502,159409755.2917,0.005622920974566,0,0,0,8.958548574382,1.376164546312e-81,0,2.510414049394,-0.4340836785811,-12.97560681177,-0.5886463832404,1.332196357246,-12.09577447783,-25226.21506104,4800.389114767,0,0,259200.500,2296,0,0,18398.81438001
18600,-23905048.57701,5049233.829127,16731619.77871,0,0,0,-0.9984753972639,-0.4344384003672,32020866.10006,30335165.7584335,159412277.8553,0.005622920973292,0,0,0,8.958100091441,1.375976682684e-81,0,2.510399230267,-0.4341452157896,-12.97627436746,-0.5885945042035,1.332203313272,-12.09618103405,-25225.05549407,4800.16845651,0,0,259200.600,2296,0,0,18498.81277881
18700,-23905210.32456,5049189.732072,16731402.02956,0,0,0,-0.9985041030129,-0.4345000301123,32021346.10504,30335645.7633485,159414800.3028,0.005622920972018,0,0,0,8.957651527191,1.375788796687e-81,0,2.510384408341,-0.4342067513489,-12.97694190527,-0.5885426153408,1.332210269998,-12.09658752513,-25223.89579986,4799.947774038,0,0,259200.700,2296,0,0,18598.81117769
18800,-23905372.07036,5049145.636869,16731184.27784,0,0,0,-0.9985328160595,-0.4345616579676,32021826.08795,30336125.7461931,159417322.6344,0.005622920970745,0,0,0,8.957202881651,1.375600888345e-81,0,2.510369583851,-0.434268284791,-12.9776094201,-0.5884907502932,1.332217227422,-12.096993946,-25222.73592945,4799.727058038,0,0,259200.800,2296,0,0,18698.80957664
18900,-23905533.81439,5049101.543518,16730966.52355,0,0,0,-0.9985615364041,-0.434623283933,32022306.04879,30336605.7069652,159419844.85,0.005622920969471,0,0,0,8.956754154838,1.375412957679e-81,0,2.510354757754,-0.4343298166735,-12.97827691802,-0.5884388639973,1.332224185545,-12.09740030272,-25221.57598074,4799.506327137,0,0,259200.900,2296,0,0,18798.80797566
19000,-23905695.55668,5049057.452019,16730748.76669,0,0,0,-0.9985902640476,-0.4346849080084,32022785.98755,30337085.6454428,159422366.9508,0.005622920968197,0,0,0,8.956085587937,1.375225004713e-81,0,2.510339926061,-0.4343913463473,-12.97894439198,-0.5883869639629,1.332231144367,-12.09780658825,-25220.99328524,4799.395443872,0,0,259201.000,2296,0,0,18898.80637476
19100,-23905857.29721,5049013.362373,16730531.00726,0,0,0,-0.9986189989906,-0.4347465301938,32023265.90424,30337565.5620633,159424888.9344,0.005622920966923,0,0,0,8.955636697399,1.37503702947e-81,0,2.51032509302,-0.4344528740359,-12.9796118444,-0.5883350714931,1.332238103887,-12.09821280502,-25219.2557603,4799.064803869,0,0,259201.100,2296,0,0,18998.80477393
19200,-23906019.03598,5048969.27458,16730313.24526,0,0,0,-0.9986477412337,-0.4348081504891,32023745.79885,30338045.4566048,159427410.8019,0.005622920965649,0,0,0,8.95518772565,1.374849031971e-81,0,2.510310257142,-0.434514400048,-12.98027927864,-0.5882831699661,1.332245064106,-12.0986189564,-25218.09535154,4798.843985423,0,0,259201.200,2296,0,0,19098.80317317
19300,-23906180.773,5048925.188638,16730095.48069,0,0,0,-0.9986764907777,-0.4348697688943,32024225.67138,30338525.329065,159429932.5534,0.005622920964376,0,0,0,8.954738672706,1.374661012242e-81,0,2.510295418897,-0.4345759242432,-12.98094669316,-0.5882312931759,1.332252025022,-12.09902504086,-25216.93497214,4798.623172566,0,0,259201.300,2296,0,0,19198.80157249
19400,-23906342.50826,5048881.104549,16729877.71356,0,0,0,-0.9987052476233,-0.4349313854093,32024705.52182,30339005.1794418,159432454.1889,0.005622920963102,0,0,0,8.954289538587,1.374472970304e-81,0,2.510280577492,-0.4346374464896,-12.98161408655,-0.5881793779123,1.332258986637,-12.09943105697,-25215.77448507,4798.40233922,0,0,259201.400,2296,0,0,19298.79997188
19500,-23906504.24177,5048837.022312,16729659.94386,0,0,0,-0.998734011771,-0.434993000034,32025185.35018,30339485.0077331,159434975.7083,0.005622920961828,0,0,0,8.95384032331,1.374284906179e-81,0,2.510265735071,-0.4346989669169,-12.9822814602,-0.5881274826743,1.33226594895,-12.09983700616,-25214.61381203,4798.181470484,0,0,259201.500,2296,0,0,19398.79837135
19600,-23906665.97352,5048792.941927,16729442.17158,0,0,0,-0.9987627832217,-0.4350546127685,32025665.15645,30339964.8139367,159437497.1117,0.005622920960554,0,0,0,8.953391026894,1.374096819891e-81,0,2.510250886505,-0.4347604853549,-12.98294881227,-0.5880755799384,1.332272911961,-12.10024288658,-25213.4530411,4797.960583121,0,0,259201.600,2296,0,0,19498.79677088
19700,-23906827.70352,5048748.863394,16729224.39674,0,0,0,-0.9987915619759,-0.4351162236125,32026144.94063,30340444.5980505,159440018.3989,0.00562292095928,0,0,0,8.952941649355,1.373908711463e-81,0,2.510236036596,-0.4348220016069,-12.98361614063,-0.5880236665013,1.332279875669,-12.1006486961,-25212.29211356,4797.739665955,0,0,259201.700,2296,0,0,19598.7951705
19800,-23906989.43176,5048704.786714,16729006.61934,0,0,0,-0.9988203480344,-0.4351778325662,32026624.70272,30340924.3600722,159442539.5701,0.005622920958006,0,0,0,8.952492190713,1.373720580918e-81,0,2.51022118418,-0.4348835163472,-12.98428345259,-0.587971776984,1.332286840075,-12.10105444205,-25211.13111751,4797.518735752,0,0,259201.800,2296,0,0,19698.79357018
19900,-23907151.15825,5048660.711885,16728788.83936,0,0,0,-0.9988491413978,-0.4352394396294,32027104.44272,30341404.0999997,159445060.6251,0.005622920956733,0,0,0,8.952042650986,1.373532428278e-81,0,2.51020632929,-0.4349450288154,-12.9849507399,-0.5879198489175,1.332293805178,-12.10146011619,-25209.97005293,4797.297792509,0,0,259201.900,2296,0,0,19798.79196994
20000,-23907312.88298,5048616.638909,16728571.05681,0,0,0,-0.9988779420668,-0.435301044802,32027584.16061,30341883.817611,159447581.5652,0.005622920955459,0,0,0,8.951373236823,1.373344253566e-81,0,2.510191473274,-0.4350065399052,-12.98561801226,-0.5878679412552,1.332300770979,-12.10186572821,-25209.38631009,4797.18670994,0,0,259202.000,2296,0,0,19898.79036978
20100,-23907474.60596,5048572.567785,16728353.2717,0,0,0,-0.9989067500422,-0.4353626480841,32028063.85641,30342363.5133437,159450102.388,0.005622920954185,0,0,0,8.95092353381,1.373156056806e-81,0,2.510176610823,-0.4350680486049,-12.98628525869,-0.5878160256538,1.332307737477,-12.10227126715,-25207.647405,4796.855807304,0,0,259202.100,2296,0,0,19998.78876968
20200,-23907636.32718,5048528.498513,16728135.48402,0,0,0,-0.9989355653245,-0.4354242494755,32028543.53011,30342843.1869756,159452623.0947,0.005622920952911,0,0,0,8.950473749772,1.372967838018e-81,0,2.510161747212,-0.4351295558616,-12.98695248947,-0.5877641003378,1.332314704672,-12.10267674328,-25206.48590975,4796.634782106,0,0,259202.200,2296,0,0,20098.78716967
20300,-23907798.04664,5048484.431093,16727917.69377,0,0,0,-0.9989643879145,-0.4354858489762,32029023.18171,30343322.8385048,159455143.6852,0.005622920951637,0,0,0,8.950023884727,1.372779597227e-81,0,2.51014688112,-0.4351910611174,-12.98761969854,-0.5877121991176,1.332321672564,-12.10308215057,-25205.32446343,4796.41376622,0,0,259202.300,2296,0,0,20198.78556972
20400,-23907959.76435,5048440.365525,16727699.90095,0,0,0,-0.9989932178128,-0.4355474465862,32029502.8112,30343802.4679289,159457664.1596,0.005622920950364,0,0,0,8.949573938693,1.372591334457e-81,0,2.510132012585,-0.4352525641353,-12.98828688334,-0.5876602584615,1.332328641153,-12.10348748645,-25204.16276262,4796.192701906,0,0,259202.400,2296,0,0,20298.78396985
20500,-23908121.48031,5048396.301809,16727482.10557,0,0,0,-0.9990220550201,-0.4356090423053,32029982.41859,30344282.0752458,159460184.5178,0.00562292094909,0,0,0,8.949123911689,1.372403049728e-81,0,2.510117140981,-0.4353140654804,-12.98895404998,-0.5876083399478,1.332335610439,-12.10389275705,-25203.00099329,4795.971624553,0,0,259202.500,2296,0,0,20398.78237005
20600,-23908283.19451,5048352.239946,16727264.30761,0,0,0,-0.9990508995372,-0.4356706361336,32030462.00387,30344761.6604534,159462704.7598,0.005622920947816,0,0,0,8.948673803731,1.372214743064e-81,0,2.510102268402,-0.4353755648659,-12.98962119538,-0.587556411458,1.332342580422,-12.10429795927,-25201.83916523,4795.750536025,0,0,259202.600,2296,0,0,20498.78077033
20700,-23908444.90695,5048308.179934,16727046.50709,0,0,0,-0.9990797513646,-0.4357322280709,32030941.56703,30345241.2235496,159465224.8856,0.005622920946542,0,0,0,8.94822361484,1.372026414488e-81,0,2.510087389246,-0.4354370624048,-12.99028832073,-0.5875044736314,1.332349551101,-12.10470309434,-25200.67710225,4795.529402792,0,0,259202.700,2296,0,0,20598.77917068
20800,-23908606.61763,5048264.121774,16726828.704,0,0,0,-0.9991086105031,-0.4357938181173,32031421.10808,30345720.7645321,159467744.8952,0.005622920945268,0,0,0,8.947773345031,1.371838064023e-81,0,2.510072509413,-0.4354985581441,-12.99095542657,-0.5874525602189,1.332356522476,-12.10510816278,-25199.51501969,4795.308265835,0,0,259202.800,2296,0,0,20698.7775711
20900,-23908768.32657,5048220.065466,16726610.89834,0,0,0,-0.9991374769534,-0.4358554062726,32031900.62702,30346200.2833988,159470264.7886,0.005622920943995,0,0,0,8.947322994325,1.371649691692e-81,0,2.510057626577,-0.4355600518491,-12.99162251034,-0.5874006087718,1.332363494548,-12.10551316205,-25198.35279031,4795.087100938,0,0,259202.900,2296,0,0,20798.7759716
21000,-23908930.03374,5048176.01101,16726393.09012,0,0,0,-0.9991663507161,-0.4359169925369,32032380.12383,30346679.7799277,159472784.5669,0.005622920942721,0,0,0,8.946652735509,1.371461297517e-81,0,2.510042741287,-0.4356215433948,-12.99228957068,-0.5873486758228,1.332370467316,-12.1059180908,-25197.76797077,4794.975813478,0,0,259203.000,2296,0,0,20898.77437217
21100,-23909091.73916,5048131.958405,16726175.27932,0,0,0,-0.9991952317919,-0.43597857691,32032859.59853,30347159.2545563,159475304.2278,0.005622920941447,0,0,0,8.946202221957,1.371272881521e-81,0,2.510027852921,-0.4356830336063,-12.99295661655,-0.5872967224112,1.332377440779,-12.10632295799,-25196.02793024,4794.644694775,0,0,259203.100,2296,0,0,20998.77277281
21200,-23909253.44282,5048087.907653,16725957.46596,0,0,0,-0.9992241201815,-0.4360401593918,32033339.05111,30347638.7070626,159477823.7725,0.005622920940173,0,0,0,8.945751627567,1.371084443727e-81,0,2.510012963659,-0.4357445217465,-12.99362363996,-0.5872447851215,1.332384414939,-12.10672775562,-25194.86539742,4794.423472136,0,0,259203.200,2296,0,0,21098.77117353
21300,-23909415.14473,5048043.858753,16725739.65003,0,0,0,-0.9992530158856,-0.4361017399825,32033818.48156,30348118.1374444,159480343.2009,0.005622920938899,0,0,0,8.945300952358,1.370895984157e-81,0,2.509998068074,-0.435806008079,-12.99429064375,-0.5871928607282,1.332391389795,-12.10713248657,-25193.70263948,4794.202206656,0,0,259203.300,2296,0,0,21198.76957433
21400,-23909576.84488,5047999.811704,16725521.83153,0,0,0,-0.9992819189049,-0.4361633186818,32034297.88988,30348597.5456997,159482862.513,0.005622920937626,0,0,0,8.944850196347,1.370707502836e-81,0,2.509983171293,-0.4358674922185,-12.99495762375,-0.5871408964012,1.332398365346,-12.10753714666,-25192.53978365,4793.98092255,0,0,259203.400,2296,0,0,21298.76797519
21500,-23909738.54328,5047955.766507,16725304.01047,0,0,0,-0.99931082924,-0.4362248954897,32034777.27608,30349076.9318262,159485381.7089,0.005622920936352,0,0,0,8.944399359553,1.370518999784e-81,0,2.509968271854,-0.4359289747656,-12.99562458648,-0.5870889526925,1.332405341593,-12.10794174241,-25191.37684952,4793.759623542,0,0,259203.500,2296,0,0,21398.76637613
21600,-23909900.23991,5047911.723162,16725086.18683,0,0,0,-0.9993397468917,-0.4362864704062,32035256.64014,30349556.2958218,159487900.7884,0.005622920935078,0,0,0,8.943948441993,1.370330475026e-81,0,2.509953369887,-0.4359904551274,-12.9962915255,-0.5870369992447,1.332412318535,-12.10834626739,-25190.21387623,4793.538317084,0,0,259203.600,2296,0,0,21498.76477715
21700,-23910061.9348,5047867.681669,16724868.36063,0,0,0,-0.9993686718606,-0.4363480434311,32035735.98207,30350035.6376843,159490419.7516,0.005622920933804,0,0,0,8.943497443686,1.370141928584e-81,0,2.509938467019,-0.436051933652,-12.99695844459,-0.5869850376079,1.332419296172,-12.1087507254,-25189.05071697,4793.316975236,0,0,259203.700,2296,0,0,21598.76317823
21800,-23910223.62792,5047823.642027,16724650.53186,0,0,0,-0.9993976041474,-0.4364096145646,32036215.30187,30350514.9574116,159492938.5985,0.00562292093253,0,0,0,8.943046364651,1.36995336048e-81,0,2.509923557426,-0.4361134103871,-12.99762534427,-0.5869330698897,1.332426274505,-12.10915511695,-25187.88732278,4793.095588684,0,0,259203.800,2296,0,0,21698.76157939
21900,-23910385.31929,5047779.604237,16724432.70053,0,0,0,-0.9994265437528,-0.4364711838064,32036694.59953,30350994.2550015,159495457.3291,0.005622920931257,0,0,0,8.942595204904,1.369764770739e-81,0,2.50990864721,-0.4361748848703,-12.99829221952,-0.5868811234554,1.332433253533,-12.10955943703,-25186.72400691,4792.874217033,0,0,259203.900,2296,0,0,21798.75998063
22000,-23910547.00891,5047735.568299,16724214.86662,0,0,0,-0.9994554906774,-0.4365327511566,32037173.87505,30351473.530232,159497975.9445,0.005622920929983,0,0,0,8.941924104049,1.369576159381e-81,0,2.509893733936,-0.4362363580063,-12.99895908015,-0.5868291671829,1.332440233256,-12.10996369547,-25186.13824769,4792.76275076,0,0,259204.000,2296,0,0,21898.75838194
22100,-23910708.69677,5047691.534213,16723997.03015,0,0,0,-0.9994844449221,-0.436594316615,32037653.12843,30351952.7835406,159500494.4424,0.005622920928709,0,0,0,8.941472781898,1.369387526431e-81,0,2.509878818391,-0.4362978288913,-12.99962591637,-0.5867772026851,1.332447213673,-12.11036788247,-25184.3969249,4792.43138805,0,0,259204.100,2296,0,0,21998.75678332
22200,-23910870.38287,5047647.501978,16723779.19111,0,0,0,-0.9995134064874,-0.4366558801817,32038132.35966,30352432.0147053,159503012.8239,0.005622920927435,0,0,0,8.941021379097,1.36919887191e-81,0,2.509863899836,-0.4363592979864,-13.00029273317,-0.5867252278368,1.332454194785,-12.11077200303,-25183.23328601,4792.209954932,0,0,259204.200,2296,0,0,22098.75518478
22300,-23911032.06721,5047603.471595,16723561.3495,0,0,0,-0.999542375374,-0.4367174418566,32038611.56875,30352911.223724,159505531.089,0.005622920926161,0,0,0,8.940569895664,1.369010195842e-81,0,2.509848980025,-0.4364207652758,-13.00095953038,-0.5866732613152,1.332461176592,-12.11117605699,-25182.06939262,4791.988473386,0,0,259204.300,2296,0,0,22198.75358631
22400,-23911193.7498,5047559.443064,16723343.50533,0,0,0,-0.9995713515827,-0.4367790016395,32039090.75569,30353390.4105946,159508049.2378,0.005622920924888,0,0,0,8.940118331616,1.36882149825e-81,0,2.509834054207,-0.4364822303111,-13.00162630314,-0.5866212893285,1.332468159093,-12.1115800395,-25180.90551882,4791.766995564,0,0,259204.400,2296,0,0,22298.75198791
22500,-23911355.43063,5047515.416384,16723125.65859,0,0,0,-0.999600335114,-0.4368405595305,32039569.92048,30353869.5753149,159510567.2701,0.005622920923614,0,0,0,8.939666686974,1.368632779156e-81,0,2.509819127179,-0.4365436939537,-13.0022930608,-0.5865693206231,1.332475142289,-12.1119839599,-25179.74147861,4791.545486078,0,0,259204.500,2296,0,0,22398.75038959
22600,-23911517.10971,5047471.391555,16722907.80928,0,0,0,-0.9996293259688,-0.4369021155295,32040049.06312,30354348.7178826,159513085.1861,0.00562292092234,0,0,0,8.939214961753,1.368444038583e-81,0,2.509804197252,-0.436605155593,-13.00295979672,-0.5865173443878,1.332482126179,-12.11238781158,-25178.57728179,4791.323946789,0,0,259204.600,2296,0,0,22498.74879135
22700,-23911678.78703,5047427.368579,16722689.9574,0,0,0,-0.9996583241476,-0.4369636696365,32040528.1836,30354827.8382957,159515602.9856,0.005622920921066,0,0,0,8.938763155973,1.368255276554e-81,0,2.509789264768,-0.4366666148824,-13.00362650714,-0.5864653571847,1.332489110763,-12.11279159078,-25177.41298709,4791.102388874,0,0,259204.700,2296,0,0,22598.74719317
22800,-23911840.46259,5047383.347453,16722472.10296,0,0,0,-0.9996873296512,-0.4370252218513,32041007.28192,30355306.936552,159518120.6686,0.005622920919792,0,0,0,8.938311269652,1.368066493091e-81,0,2.509774329553,-0.4367280727875,-13.00429320255,-0.5864133785442,1.332496096041,-12.11319530798,-25176.24864344,4790.880821645,0,0,259204.800,2296,0,0,22698.74559507
22900,-23912002.13639,5047339.32818,16722254.24595,0,0,0,-0.9997163424803,-0.437086772174,32041486.35809,30355786.0126493,159520638.2353,0.005622920918519,0,0,0,8.937859302808,1.367877688219e-81,0,2.509759393436,-0.4367895284292,-13.00495987341,-0.5863613952155,1.332503082012,-12.11359895366,-25175.0841334,4790.659222752,0,0,259204.900,2296,0,0,22798.74399705
23000,-23912163.80844,5047295.310757,16722036.38637,0,0,0,-0.9997453626355,-0.4371483206044,32041965.4121,30356265.0663656,159523155.6866,0.005622920917245,0,0,0,8.937187362533,1.367688861957e-81,0,2.509744450691,-0.4368509824804,-13.00562652702,-0.5863094140849,1.332510068678,-12.11400253512,-25174.49721916,4790.547536686,0,0,259205.000,2296,0,0,22898.7423991
23100,-23912325.47874,5047251.295187,16721818.52422,0,0,0,-0.9997743901176,-0.4372098671425,32042444.44394,30356744.0981386,159525673.0203,0.005622920915971,0,0,0,8.936735233726,1.367500014331e-81,0,2.509729506679,-0.436912434677,-13.0062931605,-0.5862574249747,1.332517056037,-12.1144060495,-25172.75467284,4790.215941146,0,0,259205.100,2296,0,0,22998.74080122
23200,-23912487.14727,5047207.281467,16721600.65951,0,0,0,-0.9998034249271,-0.4372714117883,32042923.45362,30357223.1077461,159528190.2376,0.005622920914697,0,0,0,8.936283024457,1.367311145363e-81,0,2.509714560322,-0.4369738846344,-13.0069597697,-0.586205425794,1.33252404409,-12.11480949264,-25171.58984957,4789.994282648,0,0,259205.200,2296,0,0,23098.73920341
23300,-23912648.81405,5047163.2696,16721382.79223,0,0,0,-0.9998324670649,-0.4373329545417,32043402.44113,30357702.0951861,159530707.3383,0.005622920913423,0,0,0,8.935830734744,1.367122255075e-81,0,2.509699611546,-0.4370353326591,-13.00762635792,-0.5861534344817,1.332531032836,-12.11521286787,-25170.42489905,4789.772599936,0,0,259205.300,2296,0,0,23198.73760568
23400,-23912810.47907,5047119.259583,16721164.92238,0,0,0,-0.9998615165316,-0.4373944954026,32043881.40647,30358181.0604563,159533224.3225,0.00562292091215,0,0,0,8.935378364604,1.36693334349e-81,0,2.50968466166,-0.4370967790247,-13.00829292816,-0.5861014391032,1.332538022275,-12.11561617816,-25169.25984086,4789.550896734,0,0,259205.400,2296,0,0,23298.73600803
23500,-23912972.14233,5047075.251418,16720947.04996,0,0,0,-0.9998905733278,-0.437456034371,32044360.34964,30358660.0035546,159535741.1903,0.005622920910876,0,0,0,8.934925914058,1.366744410631e-81,0,2.509669704866,-0.4371582234708,-13.00895947756,-0.5860494447018,1.332545012407,-12.1160194207,-25168.09451839,4789.329143241,0,0,259205.500,2296,0,0,23398.73441044
23600,-23913133.80384,5047031.245104,16720729.17498,0,0,0,-0.9999196374544,-0.4375175714469,32044839.27063,30359138.9244789,159538257.9415,0.005622920909602,0,0,0,8.934473383121,1.366555456521e-81,0,2.509654747282,-0.4372196661246,-13.00962600753,-0.5859974442684,1.332552003233,-12.11642259687,-25166.92927423,4789.107404649,0,0,259205.600,2296,0,0,23498.73281294
23700,-23913295.46359,5046987.240642,16720511.29743,0,0,0,-0.9999487089119,-0.4375791066301,32045318.16945,30359617.823227,159540774.5761,0.005622920908328,0,0,0,8.934020771814,1.366366481183e-81,0,2.509639787065,-0.4372811067746,-13.01029251576,-0.5859454329207,1.332558994751,-12.11682570438,-25165.76386366,4788.885634392,0,0,259205.700,2296,0,0,23598.7312155
23800,-23913457.12159,5046943.238031,16720293.41732,0,0,0,-0.999977787701,-0.4376406399206,32045797.04609,30360096.6997968,159543291.0942,0.005622920907054,0,0,0,8.933568080153,1.366177484638e-81,0,2.509624824491,-0.4373425453575,-13.01095900156,-0.5858934300197,1.332565986962,-12.11722874255,-25164.59837479,4788.663849235,0,0,259205.800,2296,0,0,23698.72961814
23900,-23913618.77782,5046899.237271,16720075.53463,0,0,0,-1.000006873823,-0.4377021713184,32046275.90055,30360575.5541861,159545807.4958,0.005622920905781,0,0,0,8.933115308157,1.365988466911e-81,0,2.509609858698,-0.4374039821396,-13.01162546783,-0.5858414217086,1.332572979866,-12.11763171429,-25163.43275867,4788.442039862,0,0,259205.900,2296,0,0,23798.72802086
24000,-23913780.4323,5046855.238363,16719857.64938,0,0,0,-1.000035967277,-0.4377637008233,32046754.73283,30361054.3861728,159548323.7819,0.005622920904507,0,0,0,8.932442531084,1.365799428023e-81,0,2.509594892084,-0.4374654172006,-13.01229191543,-0.5857894163071,1.332579973462,-12.11803462045,-25162.84489497,4788.33017312,0,0,259206.000,2296,0,0,23898.72642364
24100,-23913942.08502,5046811.241305,16719639.76157,0,0,0,-1.000065068065,-0.4378252284355,32047233.54292,30361533.1961946,159550839.9503,0.005622920903233,0,0,0,8.931989597568,1.365610367998e-81,0,2.509579919154,-0.4375268499272,-13.0129583377,-0.5857374023027,1.33258696775,-12.11843745439,-25161.10117406,4787.998354062,0,0,259206.100,2296,0,0,23998.72482651
24200,-23914103.73599,5046767.246099,16719421.87118,0,0,0,-1.000094176188,-0.4378867541547,32047712.33083,30362011.9840295,159553356.0022,0.005622920901959,0,0,0,8.931536583778,1.365421286858e-81,0,2.509564944854,-0.4375882812316,-13.01362474455,-0.5856853624721,1.332593962731,-12.11884022603,-25159.93520556,4787.776477635,0,0,259206.200,2296,0,0,24098.72322944
24300,-23914265.3852,5046723.252745,16719203.97823,0,0,0,-1.000123291646,-0.4379482779809,32048191.09655,30362490.7496752,159555871.9374,0.005622920900685,0,0,0,8.931083489732,1.365232184626e-81,0,2.509549968248,-0.4376497103952,-13.01429112817,-0.5856333649604,1.332600958404,-12.11924292755,-25158.76905109,4787.554565817,0,0,259206.300,2296,0,0,24198.72163245
24400,-23914427.03265,5046679.261241,16718986.08272,0,0,0,-1.000152414439,-0.4380097999141,32048669.84007,30362969.4931298,159558387.756,0.005622920899412,0,0,0,8.930630315449,1.365043061325e-81,0,2.509534988407,-0.4377111378303,-13.01495749304,-0.5855813434071,1.332607954769,-12.11964556346,-25157.6029064,4787.332655862,0,0,259206.400,2296,0,0,24298.72003553
24500,-23914588.67834,5046635.271589,16718768.18463,0,0,0,-1.000181544569,-0.4380713199542,32049148.56141,30363448.2143909,159560903.4579,0.005622920898138,0,0,0,8.930177060946,1.364853916977e-81,0,2.50952000788,-0.4377725635096,-13.01562383887,-0.5855293258808,1.332614951827,-12.12004813345,-25156.43659532,4787.110714242,0,0,259206.500,2296,0,0,24398.71843869
24600,-23914750.32227,5046591.283787,16718550.28398,0,0,0,-1.000210682037,-0.4381328381011,32049627.26054,30363926.9134564,159563419.0433,0.005622920896864,0,0,0,8.929723726243,1.364664751606e-81,0,2.509505020912,-0.4378339868879,-13.01629015973,-0.5854772992301,1.332621949575,-12.12045063161,-25155.27011783,4786.888740957,0,0,259206.600,2296,0,0,24498.71684192
24700,-23914911.96445,5046547.297837,16718332.38076,0,0,0,-1.000239826842,-0.4381943543549,32050105.93748,30364405.5903243,159565934.512,0.00562292089559,0,0,0,8.929270311356,1.364475565233e-81,0,2.509490033014,-0.4378954085233,-13.01695646169,-0.5854252468717,1.332628948016,-12.12085306402,-25154.10356204,4786.666752771,0,0,259206.700,2296,0,0,24598.71524523
24800,-23915073.60487,5046503.313738,16718114.47498,0,0,0,-1.000268978985,-0.4382558687153,32050584.59222,30364884.2449922,159568449.864,0.005622920894316,0,0,0,8.928816816304,1.364286357882e-81,0,2.509475042014,-0.4379568282434,-13.01762274287,-0.5853732367379,1.332635947148,-12.1212554288,-25152.93685942,4786.444736645,0,0,259206.800,2296,0,0,24698.71364861
24900,-23915235.24354,5046459.33149,16717896.56663,0,0,0,-1.000298138468,-0.4383173811825,32051063.22476,30365362.8774582,159570965.0993,0.005622920893043,0,0,0,8.928363241106,1.364097129575e-81,0,2.509460048522,-0.438018246296,-13.01828900596,-0.5853212037306,1.332642946971,-12.12165772866,-25151.77012744,4786.222714931,0,0,259206.900,2296,0,0,24798.71205206
25000,-23915396.88044,5046415.351094,16717678.65571,0,0,0,-1.000327305291,-0.4383788917563,32051541.83509,30365841.4875001,159573480.2192,0.005622920891769,0,0,0,8.927689629863,1.363907880337e-81,0,2.509445052342,-0.4380796620073,-13.01895524366,-0.5852691724107,1.332649947486,-12.12205995628,-25151.18120661,4786.110647023,0,0,259207.000,2296,0,0,24898.71045559
25100,-23915558.51559,5046371.372548,16717460.74222,0,0,0,-1.000356479455,-0.4384404004367,32052020.42322,30366320.0755555,159575995.2211,0.005622920890495,0,0,0,8.927235893588,1.363718610187e-81,0,2.509430055244,-0.4381410761527,-13.01962146436,-0.5852171350857,1.332656948692,-12.12246212008,-25149.43623279,4785.778589547,0,0,259207.100,2296,0,0,24998.70885919
25200,-23915720.14898,5046327.395853,16717242.82617,0,0,0,-1.00038566096,-0.4385019072235,32052498.98914,30366798.6414026,159578510.1064,0.005622920889221,0,0,0,8.926782077228,1.36352931915e-81,0,2.509415051496,-0.4382024880631,-13.02028766082,-0.5851650659713,1.332663950589,-12.12286421282,-25148.26906034,4785.556484014,0,0,259207.200,2296,0,0,25098.70726287
25300,-23915881.78061,5046283.421009,16717024.90756,0,0,0,-1.000414849807,-0.4385634121168,32052977.53285,30367277.185039,159581024.875,0.005622920887947,0,0,0,8.9263281808,1.363340007248e-81,0,2.509400046892,-0.4382638985761,-13.02095384212,-0.5851130482296,1.332670953177,-12.12326624359,-25147.10182916,4785.334367305,0,0,259207.300,2296,0,0,25198.70566662
25400,-23916043.41049,5046239.448017,16716806.98637,0,0,0,-1.000444045996,-0.4386249151166,32053456.05434,30367755.7064627,159583539.5268,0.005622920886674,0,0,0,8.925874204324,1.363150674505e-81,0,2.509385039475,-0.4383253067766,-13.02161999834,-0.5850610021611,1.332677956456,-12.12366820246,-25145.93454903,4785.112241283,0,0,259207.400,2296,0,0,25298.70407045
25500,-23916205.0386,5046195.476875,16716589.06262,0,0,0,-1.000473249529,-0.4386864162226,32053934.55362,30368234.2056715,159586054.0619,0.0056229208854,0,0,0,8.925420147816,1.362961320942e-81,0,2.509370029671,-0.4383867133332,-13.02228613672,-0.5850089592076,1.332684960426,-12.1240700967,-25144.7671123,4784.890085459,0,0,259207.500,2296,0,0,25398.70247434
25600,-23916366.66496,5046151.507584,16716371.1363,0,0,0,-1.000502460406,-0.4387479154349,32054413.03069,30368712.6826632,159588568.4802,0.005622920884126,0,0,0,8.924966011297,1.362771946583e-81,0,2.509355016815,-0.4384481176625,-13.02295225094,-0.5849569093234,1.332691965086,-12.12447191998,-25143.59952874,4784.667901695,0,0,259207.600,2296,0,0,25498.70087832
25700,-23916528.28956,5046107.540144,16716153.20742,0,0,0,-1.000531678628,-0.4388094127535,32054891.48553,30369191.1374357,159591082.7818,0.005622920882852,0,0,0,8.924511794783,1.362582551449e-81,0,2.509340002894,-0.4385095203549,-13.02361834741,-0.5849048323944,1.332698970436,-12.12487367871,-25142.43187666,4784.445704892,0,0,259207.700,2296,0,0,25598.69928236
25800,-23916689.91241,5046063.574555,16715935.27597,0,0,0,-1.000560904195,-0.4388709081782,32055369.91816,30369669.5699868,159593596.9666,0.005622920881578,0,0,0,8.924057498293,1.362393135565e-81,0,2.509324982712,-0.4385709213858,-13.02428442585,-0.5848527976085,1.332705976477,-12.12527537264,-25141.26414628,4784.223493189,0,0,259207.800,2296,0,0,25698.69768648
25900,-23916851.53349,5046019.610817,16715717.34195,0,0,0,-1.000590137109,-0.438932401709,32055848.32856,30370147.9803145,159596111.0346,0.005622920880305,0,0,0,8.923603121845,1.362203698952e-81,0,2.509309961372,-0.4386323201903,-13.02495048013,-0.584800727848,1.332712983209,-12.12567699565,-25140.09618097,4784.001236781,0,0,259207.900,2296,0,0,25798.69609068
26000,-23917013.15282,5045975.648929,16715499.40537,0,0,0,-1.00061937737,-0.4389938933458,32056326.71673,30370626.3681965,159598624.987,0.005622920879031,0,0,0,8.922928679064,1.362014241634e-81,0,2.509294937274,-0.4386937171812,-13.02561651475,-0.584748684351,1.33271999063,-12.1260785522,-25139.50624216,4783.888975158,0,0,259208.000,2296,0,0,25898.69449495
26100,-23917174.77039,5045931.688893,16715281.46622,0,0,0,-1.000648624978,-0.4390553830887,32056805.08268,30371104.7340707,159601138.8214,0.005622920877757,0,0,0,8.922474141984,1.361824763633e-81,0,2.509279910506,-0.4387551122676,-13.0262825287,-0.584696604988,1.332726998741,-12.12648004134,-25137.76012312,4783.556699753,0,0,259208.100,2296,0,0,25998.69289929
26200,-23917336.3862,5045887.730707,16715063.52451,0,0,0,-1.000677879934,-0.4391168709375,32057283.4264,30371583.077715,159603652.539,0.005622920876483,0,0,0,8.922019525007,1.361635264971e-81,0,2.509264882675,-0.4388165053279,-13.02694852068,-0.5846445330883,1.332734007542,-12.12688146175,-25136.59182502,4783.334380016,0,0,259208.200,2296,0,0,26098.69130371
26300,-23917498.00025,5045843.774372,16714845.58023,0,0,0,-1.000707142239,-0.4391783568921,32057761.74788,30372061.3991272,159606166.1397,0.005622920875209,0,0,0,8.921564828152,1.361445745672e-81,0,2.509249848715,-0.4388778965228,-13.02761449242,-0.5845924856328,1.332741017033,-12.12728281516,-25135.42351712,4783.112058416,0,0,259208.300,2296,0,0,26198.6897082
26400,-23917659.61255,5045799.819888,16714627.63338,0,0,0,-1.000736411894,-0.4392398409526,32058240.04713,30372539.6983051,159608679.6237,0.005622920873936,0,0,0,8.921110051436,1.361256205758e-81,0,2.50923481318,-0.4389392859919,-13.02828044543,-0.5845404156108,1.332748027214,-12.12768410312,-25134.2549841,4782.889693975,0,0,259208.400,2296,0,0,26298.68811277
26500,-23917821.22308,5045755.867255,16714409.68397,0,0,0,-1.000765688899,-0.4393013231188,32058718.32415,30373017.9752467,159611192.9907,0.005622920872662,0,0,0,8.920655194879,1.361066645252e-81,0,2.509219775401,-0.4390006732141,-13.02894637408,-0.5844883468405,1.332755038084,-12.12808531996,-25133.08640214,4782.667320222,0,0,259208.500,2296,0,0,26398.68651741
26600,-23917982.83186,5045711.916472,16714191.73199,0,0,0,-1.000794973256,-0.4393628033908,32059196.57892,30373496.2299498,159613706.2409,0.005622920871388,0,0,0,8.920200258499,1.360877064176e-81,0,2.509204734621,-0.4390620589368,-13.02961228645,-0.5844362561986,1.332762049643,-12.12848647381,-25131.9177125,4782.444925979,0,0,259208.600,2296,0,0,26498.68492212
26700,-23918144.43888,5045667.96754,16713973.77744,0,0,0,-1.000824264964,-0.4394242817684,32059674.81146,30373974.4624121,159616219.3743,0.005622920870114,0,0,0,8.919745242313,1.360687462554e-81,0,2.50918969153,-0.4391234423821,-13.03027817412,-0.5843841724645,1.332769061892,-12.12888755623,-25130.74893478,4782.222514972,0,0,259208.700,2296,0,0,26598.68332691
26800,-23918306.04414,5045624.020459,16713755.82033,0,0,0,-1.000853564024,-0.4394857582515,32060153.02175,30374452.6726316,159618732.3907,0.00562292086884,0,0,0,8.91929014634,1.360497840407e-81,0,2.509174646908,-0.4391848241859,-13.03094404399,-0.5843321132862,1.332776074829,-12.12928857413,-25129.57998086,4782.000070438,0,0,259208.800,2296,0,0,26698.68173177
26900,-23918467.64764,5045580.075228,16713537.86065,0,0,0,-1.000882870438,-0.4395472328402,32060631.2098,30374930.8606062,159621245.2903,0.005622920867567,0,0,0,8.918834970599,1.360308197759e-81,0,2.50915959587,-0.4392462040105,-13.03160989238,-0.5842800314796,1.332783088456,-12.12968952384,-25128.41091927,4781.777605414,0,0,259208.900,2296,0,0,26798.68013671
27000,-23918629.24939,5045536.131848,16713319.89841,0,0,0,-1.000912184206,-0.4396087055344,32061109.3756,30375409.0261136,159623758.0741,0.005622920866293,0,0,0,8.918159698918,1.360118534632e-81,0,2.509144544244,-0.4393075821201,-13.03227572217,-0.5842279493698,1.332790102772,-12.13009040825,-25127.81985481,4781.665129587,0,0,259209.000,2296,0,0,26898.67854172
27100,-23918790.84937,5045492.190319,16713101.9336,0,0,0,-1.000941505328,-0.4396701763339,32061587.51915,30375887.1695919,159626270.7398,0.005622920865019,0,0,0,8.917704362989,1.35992885105e-81,0,2.509129489571,-0.4393689581972,-13.03294152991,-0.5841758453884,1.332797117776,-12.13049122392,-25126.07255139,4781.332628801,0,0,259209.100,2296,0,0,26998.6769468
27200,-23918952.4476,5045448.25064,16712883.96622,0,0,0,-1.000970833805,-0.4397316452388,32062065.64045,30376365.2908187,159628783.2886,0.005622920863745,0,0,0,8.917248947353,1.359739147034e-81,0,2.509114432361,-0.4394303323586,-13.03360731687,-0.5841237486405,1.332804133469,-12.13089197211,-25124.90320594,4781.110109761,0,0,259209.200,2296,0,0,27098.67535196
27300,-23919114.04407,5045404.312812,16712665.99628,0,0,0,-1.001000169638,-0.4397931122491,32062543.7395,30376843.3897919,159631295.7204,0.005622920862471,0,0,0,8.916793452028,1.359549422607e-81,0,2.509099372358,-0.4394917045546,-13.03427308251,-0.5840716776457,1.332811149851,-12.1312926523,-25123.73373324,4780.887566507,0,0,259209.300,2296,0,0,27198.6737572
27400,-23919275.63878,5045360.376834,16712448.02377,0,0,0,-1.001029512828,-0.4398545773645,32063021.81629,30377321.4665095,159633808.0353,0.005622920861198,0,0,0,8.916337877032,1.359359677792e-81,0,2.509084311303,-0.4395530749064,-13.03493882814,-0.5840195829648,1.332818166921,-12.1316932658,-25122.56415288,4780.665002763,0,0,259209.400,2296,0,0,27298.6721625
27500,-23919437.23173,5045316.442707,16712230.0487,0,0,0,-1.001058863375,-0.4399160405852,32063499.87082,30377799.5209692,159636320.2333,0.005622920859924,0,0,0,8.915882222383,1.359169912612e-81,0,2.509069243748,-0.439614443322,-13.03560455277,-0.5839674903389,1.332825184679,-12.13209381164,-25121.39445505,4780.442416668,0,0,259209.500,2296,0,0,27398.67056789
27600,-23919598.82293,5045272.510431,16712012.07106,0,0,0,-1.00108822128,-0.4399775019109,32063977.9031,30378277.553169,159638832.3142,0.00562292085865,0,0,0,8.9154264881,1.358980127089e-81,0,2.509054175347,-0.4396758099454,-13.03627025796,-0.5839153737386,1.332832203126,-12.13249429136,-25120.22464955,4780.219810084,0,0,259209.600,2296,0,0,27498.66897334
27700,-23919760.41236,5045228.580005,16711794.09086,0,0,0,-1.001117586544,-0.4400389613417,32064455.91311,30378755.5631067,159641344.2782,0.005622920857376,0,0,0,8.914970674201,1.358790321247e-81,0,2.50903910406,-0.4397371746871,-13.03693594273,-0.5838632650864,1.33283922226,-12.13289470402,-25119.05474617,4779.997184873,0,0,259209.700,2296,0,0,27598.66737887
27800,-23919922.00004,5045184.651429,16711576.10809,0,0,0,-1.001146959168,-0.4401004188776,32064933.90086,30379233.55078,159643856.1252,0.005622920856102,0,0,0,8.914514780705,1.358600495107e-81,0,2.509024030136,-0.4397985370766,-13.03760160199,-0.5838111814859,1.332846242083,-12.13329504451,-25117.88472534,4779.77453731,0,0,259209.800,2296,0,0,27698.66578448
27900,-23920083.58595,5045140.724704,16711358.12275,0,0,0,-1.001176339151,-0.4401618745183,32065411.86634,30379711.516187,159646367.8551,0.005622920854829,0,0,0,8.91405880763,1.358410648692e-81,0,2.509008954832,-0.4398598982203,-13.03826724773,-0.5837590743109,1.332853262593,-12.13369532484,-25116.71452831,4779.55185622,0,0,259209.900,2296,0,0,27798.66419016
28000,-23920245.17011,5045096.799829,16711140.13485,0,0,0,-1.001205726496,-0.440223328264,32065889.80955,30380189.4591054,159648879.4692,0.005622920853555,0,0,0,8.913382709691,1.358220782026e-81,0,2.508993873306,-0.4399212572375,-13.03893287041,-0.5837069681801,1.332860283791,-12.13409553546,-25116.1224165,4779.439181089,0,0,259210.000,2296,0,0,27898.66259591
28100,-23920406.75251,5045052.876805,16710922.14438,0,0,0,-1.001235121201,-0.4402847801145,32066367.73049,30380667.3799732,159651390.9651,0.005622920852281,0,0,0,8.912926576873,1.35803089513e-81,0,2.508978790903,-0.4399826140512,-13.03959846918,-0.5836548397907,1.332867305676,-12.13449567555,-25114.37381124,4779.106432572,0,0,259210.100,2296,0,0,27998.66100174
28200,-23920568.33315,5045008.955631,16710704.15135,0,0,0,-1.001264523269,-0.4403462300697,32066845.62916,30381145.2785681,159653902.344,0.005622920851007,0,0,0,8.912470364538,1.357840988027e-81,0,2.508963705786,-0.4400439691246,-13.04026404907,-0.5836027190741,1.332874328249,-12.13489575014,-25113.20334014,4778.883699328,0,0,259210.200,2296,0,0,28098.65940764
28300,-23920729.91203,5044965.036308,16710486.15575,0,0,0,-1.0012939327,-0.4404076781297,32067323.50555,30381623.154888,159656413.6058,0.005622920849733,0,0,0,8.912014072703,1.357651060741e-81,0,2.508948617593,-0.4401053227777,-13.04092961356,-0.5835506226361,1.33288135151,-12.1352957627,-25112.03273201,4778.660940006,0,0,259210.300,2296,0,0,28198.65781362
28400,-23920891.48915,5044921.118834,16710268.15759,0,0,0,-1.001323349495,-0.4404691242943,32067801.35967,30382101.0089308,159658924.7505,0.00562292084846,0,0,0,8.911557701388,1.357461113293e-81,0,2.508933527204,-0.4401666740365,-13.04159515207,-0.5834985039115,1.332888375457,-12.13569570268,-25110.86208472,4778.438173234,0,0,259210.400,2296,0,0,28298.65621967
28500,-23921053.06451,5044877.203212,16710050.15686,0,0,0,-1.001352773654,-0.4405305685636,32068279.19151,30382578.8406943,159661435.7782,0.005622920847186,0,0,0,8.911101250609,1.357271145707e-81,0,2.508918435165,-0.4402280234287,-13.04226067033,-0.5834463859185,1.332895400092,-12.1360955758,-25109.69117315,4778.215356171,0,0,259210.500,2296,0,0,28398.65462579
28600,-23921214.63812,5044833.289439,16709832.15356,0,0,0,-1.001382205178,-0.4405920109373,32068757.00107,30383056.6501765,159663946.6888,0.005622920845912,0,0,0,8.910644720386,1.357081158003e-81,0,2.50890333692,-0.4402893711732,-13.04292617072,-0.5833942441913,1.332902425413,-12.13649538445,-25108.5201637,4777.992520481,0,0,259210.600,2296,0,0,28498.65303199
28700,-23921376.20996,5044789.377517,16709614.1477,0,0,0,-1.001411644068,-0.4406534514156,32069234.78834,30383534.4373751,159666457.4822,0.005622920844638,0,0,0,8.910188110736,1.356891150208e-81,0,2.508888238002,-0.4403507165843,-13.0435916458,-0.5833421100284,1.332909451421,-12.1368951212,-25107.34919339,4777.769692242,0,0,259210.700,2296,0,0,28598.65143826
28800,-23921537.78005,5044745.467445,16709396.13928,0,0,0,-1.001441090324,-0.4407148899983,32069712.55333,30384012.2022881,159668968.1586,0.005622920843364,0,0,0,8.909731421679,1.356701122341e-81,0,2.50887313608,-0.4404120605627,-13.04425710533,-0.5832900022659,1.332916478117,-12.13729479581,-25106.1779686,4777.546815574,0,0,259210.800,2296,0,0,28698.64984461
28900,-23921699.34837,5044701.559223,16709178.12829,0,0,0,-1.001470543947,-0.4407763266853,32070190.29603,30384489.9449132,159671478.7178,0.005622920842091,0,0,0,8.909274653232,1.356511074426e-81,0,2.508858031571,-0.4404734022562,-13.04492254008,-0.5832378715324,1.332923505498,-12.13769439907,-25105.00676338,4777.323942631,0,0,259210.900,2296,0,0,28798.64825103
29000,-23921860.91494,5044657.652851,16708960.11473,0,0,0,-1.001500004938,-0.4408377614766,32070668.01644,30384967.6650282,159673989.1611,0.005622920840817,0,0,0,8.908597731682,1.356321006486e-81,0,2.50884292583,-0.4405347422726,-13.04558795664,-0.5831857400837,1.332930533566,-12.13809393756,-25104.41356508,4777.211060748,0,0,259211.000,2296,0,0,28898.64665753
29100,-23922022.47975,5044613.74833,16708742.09861,0,0,0,-1.001529473297,-0.4408991943722,32071145.71456,30385445.3630713,159676499.4861,0.005622920839543,0,0,0,8.90814080394,1.356130918543e-81,0,2.508827814026,-0.4405960801329,-13.0462533498,-0.5831335869142,1.332937562321,-12.13849340609,-25102.66378522,4776.878088713,0,0,259211.100,2296,0,0,28998.6450641
29200,-23922184.04279,5044569.845659,16708524.07992,0,0,0,-1.001558949026,-0.440960625372,32071623.39038,30385923.0388201,159679009.6939,0.005622920838269,0,0,0,8.90768379687,1.35594081062e-81,0,2.508812701101,-0.440657416287,-13.04691872446,-0.5830814413754,1.332944591761,-12.13889280956,-25101.49227657,4776.655158028,0,0,259211.200,2296,0,0,29098.64347075
29300,-23922345.60408,5044525.944838,16708306.05867,0,0,0,-1.001588432125,-0.4410220544759,32072101.04391,30386400.6922725,159681519.7845,0.005622920836995,0,0,0,8.90722671049,1.355750682739e-81,0,2.508797585205,-0.4407187505831,-13.04758407896,-0.5830293146834,1.332951621888,-12.13929214632,-25100.32049384,4776.432175189,0,0,259211.300,2296,0,0,29198.64187747
29400,-23922507.16361,5044482.045867,16708088.03485,0,0,0,-1.001617922594,-0.4410834816839,32072578.67514,30386878.3234264,159684029.758,0.005622920835722,0,0,0,8.906769544819,1.355560534924e-81,0,2.508782466655,-0.4407800827136,-13.04824940997,-0.5829771766542,1.332958652701,-12.13969141304,-25099.14866217,4776.209183037,0,0,259211.400,2296,0,0,29298.64028426
29500,-23922668.72138,5044438.148746,16707870.00847,0,0,0,-1.001647420435,-0.4411449069959,32073056.28407,30387355.9322796,159686539.6142,0.005622920834448,0,0,0,8.906312299875,1.355370367196e-81,0,2.508767345366,-0.4408414132361,-13.04891472353,-0.5829250335846,1.3329656842,-12.14009061578,-25097.97678156,4775.986181572,0,0,259211.500,2296,0,0,29398.63869113
29600,-23922830.27739,5044394.253476,16707651.97952,0,0,0,-1.001676925648,-0.4412063304119,32073533.87069,30387833.5188301,159689049.3533,0.005622920833174,0,0,0,8.905854975677,1.355180179578e-81,0,2.508752222722,-0.4409027419041,-13.04958001698,-0.5828728678391,1.332972716384,-12.14048975186,-25096.80466604,4775.763135403,0,0,259211.600,2296,0,0,29498.63709807
29700,-23922991.83164,5044350.360055,16707433.94801,0,0,0,-1.001706438233,-0.4412677519317,32074011.43501,30388311.0830756,159691558.9752,0.0056229208319,0,0,0,8.905397572242,1.354989972094e-81,0,2.508737093983,-0.4409640684557,-13.05024528747,-0.5828207101197,1.332979749254,-12.14088881847,-25095.63249178,4775.540078059,0,0,259211.700,2296,0,0,29598.63550509
29800,-23923153.38413,5044306.468484,16707215.91393,0,0,0,-1.001735958192,-0.4413291715554,32074488.97703,30388788.625014,159694068.4798,0.005622920830626,0,0,0,8.904940089589,1.354799744765e-81,0,2.508721964008,-0.4410253932963,-13.05091053939,-0.5827685763918,1.33298678281,-12.14128781999,-25094.46013155,4775.316985324,0,0,259211.800,2296,0,0,29698.63391218
29900,-23923314.93486,5044262.578764,16706997.87729,0,0,0,-1.001765485525,-0.4413905892828,32074966.49673,30389266.1446432,159696577.8672,0.005622920829353,0,0,0,8.904482527738,1.354609497614e-81,0,2.508706831677,-0.4410867159082,-13.05157576714,-0.582716420619,1.33299381705,-12.14168675082,-25093.28773216,4775.093885139,0,0,259211.900,2296,0,0,29798.63231935
30000,-23923476.48383,5044218.690893,16706779.83808,0,0,0,-1.001795020233,-0.441452005114,32075443.99413,30389743.641741,159699087.1385,0.005622920828079,0,0,0,8.903804785228,1.354419230664e-81,0,2.508691696195,-0.4411480369836,-13.05224097823,-0.5826642587075,1.333000851977,-12.14208561848,-25092.69351587,4774.98080954,0,0,259212.000,2296,0,0,29898.63072659
30100,-23923638.03104,5044174.804873,16706561.79631,0,0,0,-1.001824562317,-0.4415134190489,32075921.46921,30390221.1167453,159701596.2914,0.005622920826805,0,0,0,8.903347064528,1.354228943938e-81,0,2.508676558219,-0.441209356281,-13.05290617002,-0.5826120866684,1.333007887588,-12.14248442035,-25090.94260058,4774.647621438,0,0,259212.100,2296,0,0,29998.6291339
30200,-23923799.5765,5044130.920702,16706343.75197,0,0,0,-1.001854111776,-0.4415748310873,32076398.92197,30390698.5694341,159704105.327,0.005622920825531,0,0,0,8.90288926469,1.354038637457e-81,0,2.508661418753,-0.4412706730638,-13.05357133454,-0.5825599173481,1.333014923884,-12.14288314845,-25089.76980967,4774.424446747,0,0,259212.200,2296,0,0,30098.62754129
30300,-23923961.12019,5044087.038381,16706125.70507,0,0,0,-1.001883668613,-0.4416362412293,32076876.35242,30391175.999805,159706614.2454,0.005622920824257,0,0,0,8.902431385733,1.353848311246e-81,0,2.508646273414,-0.4413319885352,-13.05423648483,-0.5825077713424,1.333021960865,-12.14328181583,-25088.59692086,4774.201253429,0,0,259212.300,2296,0,0,30198.62594876
30400,-23924122.66212,5044043.157911,16705907.65561,0,0,0,-1.001913232827,-0.4416976494748,32077353.76054,30391653.4078561,159709123.0464,0.005622920822984,0,0,0,8.901973427675,1.353657965325e-81,0,2.508631127047,-0.4413933016103,-13.05490160912,-0.5824556024761,1.333028998531,-12.14368041074,-25087.42402228,4773.978058249,0,0,259212.400,2296,0,0,30298.62435629
30500,-23924284.20229,5043999.27929,16705689.60357,0,0,0,-1.00194280442,-0.4417590558237,32077831.14635,30392130.7935851,159711631.7302,0.00562292082171,0,0,0,8.901515390534,1.353467599719e-81,0,2.508615977918,-0.4414546130563,-13.05556671574,-0.5824034347559,1.333036036882,-12.14407894151,-25086.25097686,4773.754835129,0,0,259212.500,2296,0,0,30398.62276391
30600,-23924445.7407,5043955.402519,16705471.54898,0,0,0,-1.001972383392,-0.441820460276,32078308.50983,30392608.15699,159714140.2966,0.005622920820436,0,0,0,8.901057274329,1.353277214449e-81,0,2.508600825832,-0.4415159226765,-13.05623180256,-0.5823512439826,1.333043075917,-12.144477406,-25085.07778463,4773.531584069,0,0,259212.600,2296,0,0,30498.62117159
30700,-23924607.27735,5043911.527598,16705253.49182,0,0,0,-1.002001969744,-0.4418818628316,32078785.85099,30393085.4980686,159716648.7457,0.005622920819162,0,0,0,8.900599079078,1.353086809538e-81,0,2.508585672728,-0.4415772305867,-13.05689687083,-0.5822990617033,1.333050115637,-12.14487580548,-25083.90444557,4773.30830507,0,0,259212.700,2296,0,0,30598.61957936
30800,-23924768.81225,5043867.654527,16705035.43209,0,0,0,-1.002031563476,-0.4419432634904,32079263.16981,30393562.8168187,159719157.0775,0.005622920817888,0,0,0,8.9001408048,1.352896385009e-81,0,2.50857051328,-0.4416385361524,-13.05756191366,-0.5822469030575,1.333057156041,-12.14527413308,-25082.73113587,4773.085031658,0,0,259212.800,2296,0,0,30698.61798719
30900,-23924930.34538,5043823.783305,16704817.3698,0,0,0,-1.002061164589,-0.4420046622524,32079740.46631,30394040.1132382,159721665.2919,0.005622920816615,0,0,0,8.899682451513,1.352705940884e-81,0,2.508555352932,-0.4416998397806,-13.05822693548,-0.5821947234017,1.333064197129,-12.1456723932,-25081.55761083,4772.861717269,0,0,259212.900,2296,0,0,30798.6163951
31000,-23925091.87675,5043779.913933,16704599.30494,0,0,0,-1.002090773084,-0.4420660591176,32080217.74047,30394517.3871049,159724173.3902,0.005622920815341,0,0,0,8.899003890699,1.352515477186e-81,0,2.508540189669,-0.4417611416376,-13.05889193808,-0.5821425413477,1.333071238901,-12.14607058768,-25080.96227868,4772.748429328,0,0,259213.000,2296,0,0,30898.61480309
31100,-23925253.40636,5043736.046412,16704381.23753,0,0,0,-1.002120388962,-0.4421274540858,32080694.9923,30394994.6388568,159726681.3699,0.005622920814067,0,0,0,8.898545379012,1.352324993937e-81,0,2.508525023996,-0.4418224415507,-13.05955691959,-0.5820903381581,1.333078281357,-12.14646871463,-25079.2101888,4772.415017709,0,0,259213.100,2296,0,0,30998.61321115
31200,-23925414.93421,5043692.180739,16704163.16754,0,0,0,-1.002150012223,-0.4421888471571,32081172.22179,30395471.8682718,159729189.2322,0.005622920812793,0,0,0,8.898086788377,1.352134491161e-81,0,2.508509854991,-0.4418837395118,-13.06022187993,-0.5820381440761,1.333085324497,-12.14686677398,-25078.03638969,4772.191651165,0,0,259213.200,2296,0,0,31098.61161928
31300,-23925576.4603,5043648.316917,16703945.09499,0,0,0,-1.002179642869,-0.4422502383313,32081649.42894,30395949.0753476,159731696.9771,0.005622920811519,0,0,0,8.897628118814,1.35194396888e-81,0,2.508494685105,-0.4419450358957,-13.06088682316,-0.5819859737918,1.33309236832,-12.1472647698,-25076.86238503,4771.968245506,0,0,259213.300,2296,0,0,31198.61002749
31400,-23925737.98463,5043604.454944,16703727.01988,0,0,0,-1.002209280898,-0.4423116276084,32082126.61376,30396426.2600822,159734204.6046,0.005622920810246,0,0,0,8.89716937034,1.351753427115e-81,0,2.508479508925,-0.4420063303478,-13.06155174543,-0.5819337808994,1.333099412827,-12.14766269825,-25075.68823354,4771.744811907,0,0,259213.400,2296,0,0,31298.60843577
31500,-23925899.5072,5043560.594821,16703508.9422,0,0,0,-1.002238926314,-0.4423730149883,32082603.77622,30396903.4224734,159736712.1148,0.005622920808972,0,0,0,8.896710542974,1.351562865891e-81,0,2.508464331502,-0.442067622641,-13.06221664428,-0.5818815865005,1.333106458018,-12.14806055687,-25074.51399396,4771.521361545,0,0,259213.500,2296,0,0,31398.60684413
31600,-23926061.02801,5043516.736548,16703290.86196,0,0,0,-1.002268579115,-0.4424344004711,32083080.91635,30397380.5625191,159739219.5074,0.005622920807698,0,0,0,8.896251636734,1.351372285228e-81,0,2.508449151479,-0.4421289131515,-13.0628815238,-0.5818293721636,1.333113503892,-12.14845834975,-25073.33967607,4771.297896281,0,0,259213.600,2296,0,0,31498.60525256
31700,-23926222.54706,5043472.880124,16703072.77915,0,0,0,-1.002298239304,-0.4424957840565,32083558.03412,30397857.6802171,159741726.7827,0.005622920806424,0,0,0,8.89579265164,1.351181685151e-81,0,2.508433968707,-0.4421902017759,-13.06354638285,-0.5817771641514,1.333120550449,-12.14885607577,-25072.16522115,4771.07440494,0,0,259213.700,2296,0,0,31598.60366107
31800,-23926384.06435,5043429.02555,16702854.69378,0,0,0,-1.00232790688,-0.4425571657446,32084035.12955,30398334.7755653,159744233.9405,0.00562292080515,0,0,0,8.895333587708,1.350991065681e-81,0,2.50841878338,-0.442251488658,-13.06421122301,-0.5817249820889,1.333127597689,-12.14925373651,-25070.99076623,4770.850913599,0,0,259213.800,2296,0,0,31698.60206965
31900,-23926545.57988,5043385.172826,16702636.60585,0,0,0,-1.002357581844,-0.4426185455353,32084512.20262,30398811.8485616,159746740.9808,0.005622920803877,0,0,0,8.894874444958,1.350800426842e-81,0,2.508403596639,-0.4423127732076,-13.06487603786,-0.5816727766079,1.333134645612,-12.14965132556,-25069.81608617,4770.627379417,0,0,259213.900,2296,0,0,31798.60047831
32000,-23926707.09364,5043341.321951,16702418.51535,0,0,0,-1.002387264197,-0.4426799234286,32084989.25334,30399288.8989837,159749247.9049,0.005622920802603,0,0,0,8.894195068503,1.350609768656e-81,0,2.508388403655,-0.442374056001,-13.06554083366,-0.5816205706961,1.333141694218,-12.15004884919,-25069.21968711,4770.513888448,0,0,259214.000,2296,0,0,31898.59888704
32100,-23926868.60565,5043297.472925,16702200.42228,0,0,0,-1.00241695394,-0.4427412994243,32085466.2817,30399765.9272698,159751754.7103,0.005622920801329,0,0,0,8.893735767802,1.350419091144e-81,0,2.508373209848,-0.4424353369124,-13.06620560904,-0.581568342172,1.333148743507,-12.15044630603,-25067.46640305,4770.180249587,0,0,259214.100,2296,0,0,31998.59729584
32200,-23927030.11589,5043253.62575,16701982.32665,0,0,0,-1.002446651073,-0.4428026735225,32085943.28771,30400242.9331975,159754261.3982,0.005622920800055,0,0,0,8.893276388344,1.35022839433e-81,0,2.508358013068,-0.4424966164173,-13.06687036916,-0.5815161231824,1.333155793478,-12.15084370125,-25066.29144893,4769.956663251,0,0,259214.200,2296,0,0,32098.59570472
32300,-23927191.62438,5043209.780423,16701764.22846,0,0,0,-1.002476355598,-0.442864045723,32086420.27135,30400719.9167648,159756767.9685,0.005622920798781,0,0,0,8.892816930149,1.350037678237e-81,0,2.508342813828,-0.4425578933617,-13.06753510151,-0.5814639280233,1.333162844132,-12.15124102234,-25065.11642629,4769.733063877,0,0,259214.300,2296,0,0,32198.59411368
32400,-23927353.1311,5043165.936947,16701546.1277,0,0,0,-1.002506067514,-0.4429254160258,32086897.23264,30401196.8779694,159759274.4214,0.005622920797508,0,0,0,8.892357393234,1.349846942887e-81,0,2.508327613225,-0.4426191685402,-13.06819981471,-0.5814117100422,1.333169895468,-12.15163827792,-25063.94116873,4769.509419799,0,0,259214.400,2296,0,0,32298.5925227
32500,-23927514.63607,5043122.095319,16701328.02438,0,0,0,-1.002535786822,-0.4429867844309,32087374.17155,30401673.8168094,159761780.7568,0.005622920796234,0,0,0,8.891897777618,1.349656188303e-81,0,2.508312406463,-0.4426804419215,-13.0688645084,-0.5813594910475,1.333176947486,-12.15203546767,-25062.76589159,4769.285771996,0,0,259214.500,2296,0,0,32398.59093181
32600,-23927676.13927,5043078.255541,16701109.9185,0,0,0,-1.002565513524,-0.4430481509382,32087851.0881,30402150.7332825,159764286.9746,0.00562292079496,0,0,0,8.891438083319,1.349465414506e-81,0,2.508297198339,-0.44274171366,-13.06952918428,-0.5813072518011,1.333184000186,-12.15243259325,-25061.59041868,4769.06208694,0,0,259214.600,2296,0,0,32498.58934099
32700,-23927837.64071,5043034.417613,16700891.81005,0,0,0,-1.00259524762,-0.4431095155476,32088327.98229,30402627.6273867,159766793.0749,0.005622920793686,0,0,0,8.890978310357,1.349274621521e-81,0,2.508281987694,-0.4428029830287,-13.07019383445,-0.5812550187261,1.333191053569,-12.15282964681,-25060.4148479,4768.838383257,0,0,259214.700,2296,0,0,32598.58775024
32800,-23927999.14039,5042990.581534,16700673.69904,0,0,0,-1.002624989111,-0.4431708782591,32088804.8541,30403104.4991197,159769299.0576,0.005622920792412,0,0,0,8.890518458748,1.349083809367e-81,0,2.508266774086,-0.4428642507858,-13.07085846713,-0.5812028118537,1.333198107633,-12.15322663655,-25059.23924775,4768.614673987,0,0,259214.800,2296,0,0,32698.58615957
32900,-23928160.63831,5042946.747304,16700455.58546,0,0,0,-1.002654737997,-0.4432322390725,32089281.70354,30403581.3484795,159771804.9227,0.005622920791139,0,0,0,8.890058528512,1.348892978071e-81,0,2.508251557917,-0.4429255162924,-13.0715230754,-0.5811505814631,1.333205162379,-12.15362355557,-25058.0634812,4768.390933052,0,0,259214.900,2296,0,0,32798.58456897
33000,-23928322.13447,5042902.914924,16700237.46932,0,0,0,-1.002684494279,-0.443293597988,32089758.5306,30404058.1752437,159774310.6714,0.005622920789865,0,0,0,8.88937833908,1.348702127652e-81,0,2.508236340474,-0.442986780302,-13.07218766744,-0.5810983497714,1.333212217807,-12.15402041204,-25057.46615225,4768.277265131,0,0,259215.000,2296,0,0,32898.58297844
33100,-23928483.62887,5042859.084393,16700019.35061,0,0,0,-1.002714257958,-0.4433549550053,32090235.33528,30404534.9798506,159776816.3014,0.005622920788591,0,0,0,8.888918251342,1.348511258134e-81,0,2.508221116903,-0.4430480423968,-13.0728522387,-0.5810460980129,1.333219273916,-12.15441720143,-25055.71159572,4767.943384126,0,0,259215.100,2296,0,0,32998.581388
33200,-23928645.1215,5042815.255711,16699801.22935,0,0,0,-1.002744029034,-0.4434163101244,32090712.11759,30405011.7620779,159779321.8137,0.005622920787317,0,0,0,8.88845808504,1.34832036954e-81,0,2.508205891959,-0.4431093020406,-13.07351678337,-0.5809938521314,1.333226330706,-12.15481391794,-25054.53544743,4767.719570547,0,0,259215.200,2296,0,0,33098.57979762
33300,-23928806.61238,5042771.428879,16699583.10551,0,0,0,-1.002773807508,-0.4434776633454,32091188.87751,30405488.5219234,159781827.2084,0.005622920786043,0,0,0,8.88799784019,1.348129461892e-81,0,2.508190664367,-0.4431705604901,-13.07418131509,-0.580941634011,1.333233388178,-12.1552105752,-25053.35921104,4767.495740205,0,0,259215.300,2296,0,0,33198.57820732
33400,-23928968.10149,5042727.603896,16699364.97912,0,0,0,-1.002803593382,-0.443539014668,32091665.61505,30405965.259385,159784332.4855,0.00562292078477,0,0,0,8.887537516812,1.347938535212e-81,0,2.508175434104,-0.4432318166462,-13.07484582192,-0.5808893901639,1.333240446331,-12.15560716131,-25052.18289634,4767.271894962,0,0,259215.400,2296,0,0,33298.5766171
33500,-23929129.58885,5042683.780762,16699146.85016,0,0,0,-1.002833386655,-0.4436003640923,32092142.33021,30406441.9744606,159786837.645,0.005622920783496,0,0,0,8.887077114925,1.347747589523e-81,0,2.508160201226,-0.4432930710067,-13.07551030928,-0.5808371457801,1.333247505165,-12.15600368165,-25051.00644461,4767.048023641,0,0,259215.500,2296,0,0,33398.57502695
33600,-23929291.07444,5042639.959478,16698928.71863,0,0,0,-1.002863187328,-0.4436617116182,32092619.02297,30406918.667148,159789342.6868,0.005622920782222,0,0,0,8.886616634546,1.347556624847e-81,0,2.508144967026,-0.4433543231857,-13.07617477298,-0.5807848799012,1.33325456468,-12.15640013206,-25049.829895,4766.824133694,0,0,259215.600,2296,0,0,33498.57343687
33700,-23929452.55827,5042596.140043,16698710.58454,0,0,0,-1.002892995403,-0.4437230572456,32093095.69335,30407395.3374451,159791847.611,0.005622920780948,0,0,0,8.886156075694,1.347365641208e-81,0,2.508129726513,-0.4434155738414,-13.07683922015,-0.5807326243303,1.333261624876,-12.15679651968,-25048.65315941,4766.600208357,0,0,259215.700,2296,0,0,33598.57184687
33800,-23929614.04034,5042552.322456,16698492.44789,0,0,0,-1.002922810879,-0.4437844009745,32093572.34133,30407871.9853499,159794352.4175,0.005622920779674,0,0,0,8.885695438387,1.347174638628e-81,0,2.508114485119,-0.4434768223917,-13.07750364448,-0.5806803921442,1.333268685752,-12.15719283821,-25047.47643361,4766.376284882,0,0,259215.800,2296,0,0,33698.57025694
33900,-23929775.52065,5042508.50672,16698274.30868,0,0,0,-1.002952633758,-0.4438457428048,32094048.96692,30408348.6108601,159796857.1063,0.005622920778401,0,0,0,8.885234722645,1.346983617128e-81,0,2.508099241102,-0.4435380690533,-13.07816804832,-0.5806281374794,1.333275747309,-12.15758909,-25046.29956099,4766.152333468,0,0,259215.900,2296,0,0,33798.56866709
34000,-23929936.99919,5042464.692832,16698056.1669,0,0,0,-1.00298246404,-0.4439070827365,32094525.57011,30408825.2137534,159799361.6786,0.005622920777127,0,0,0,8.884553722907,1.346792576731e-81,0,2.508083994048,-0.4435993138464,-13.07883243189,-0.5805758804446,1.333282809546,-12.15798527527,-25045.70121405,4766.038471833,0,0,259216.000,2296,16,0,33898.56707732
34100,-23930098.47598,5042420.880793,16697838.02256,0,0,0,-1.003012301726,-0.4439684207695,32095002.15091,30409301.7944682,159801866.132,0.005622920775853,0,0,0,8.884092850114,1.346601517461e-81,0,2.508068745778,-0.4436605570765,-13.07949679851,-0.5805236023902,1.333289872463,-12.15838139735,-25043.94547315,4765.704365447,0,0,259216.100,2296,16,0,33998.56548761
34200,-23930259.951,5042377.070604,16697619.87565,0,0,0,-1.003042146816,-0.4440297569037,32095478.7093,30409778.352782,159804370.4676,0.005622920774579,0,0,0,8.883631898947,1.34641043934e-81,0,2.508053491496,-0.4437217977521,-13.08016113741,-0.5804713342582,1.333296936061,-12.15877744549,-25042.76827751,4765.480352566,0,0,259216.200,2296,16,0,34098.56389799
34300,-23930421.42426,5042333.262263,16697401.72618,0,0,0,-1.003071999312,-0.4440910911391,32095955.24529,30410254.8886928,159806874.6856,0.005622920773305,0,0,0,8.883170869424,1.34621934239e-81,0,2.508038235997,-0.443783036866,-13.08082545938,-0.5804190890334,1.333304000339,-12.15917343046,-25041.59093505,4765.256311744,0,0,259216.300,2296,16,0,34198.56230843
34400,-23930582.89576,5042289.455772,16697183.57415,0,0,0,-1.003101859214,-0.4441524234756,32096431.75888,30410731.4021984,159809378.7858,0.005622920772032,0,0,0,8.882709761565,1.346028226634e-81,0,2.50802297764,-0.4438442741589,-13.08148976159,-0.5803668207569,1.333311065297,-12.15956934947,-25040.4134947,4765.032252297,0,0,259216.400,2296,16,0,34298.56071896
34500,-23930744.3655,5042245.651129,16696965.41955,0,0,0,-1.003131726523,-0.4442137539132,32096908.25005,30411207.8932967,159811882.7683,0.005622920770758,0,0,0,8.882248575387,1.345837092094e-81,0,2.508007716494,-0.4439055095376,-13.08215404303,-0.5803145522897,1.333318130934,-12.15996520149,-25039.23591732,4764.808166772,0,0,259216.500,2296,16,0,34398.55912955
34600,-23930905.83347,5042201.848336,16696747.26239,0,0,0,-1.003161601239,-0.4442750824517,32097384.71882,30411684.3619856,159814386.633,0.005622920769484,0,0,0,8.88178731091,1.345645938792e-81,0,2.507992452692,-0.4439667430936,-13.0828183047,-0.580262260752,1.333325197251,-12.16036098754,-25038.05831058,4764.58407566,0,0,259216.600,2296,16,0,34498.55754022
34700,-23931067.29969,5042158.047392,16696529.10267,0,0,0,-1.003191483363,-0.4443364090912,32097861.16518,30412160.8082629,159816890.3799,0.00562292076821,0,0,0,8.881325968152,1.345454766752e-81,0,2.507977187738,-0.4440279741788,-13.08348253957,-0.5802099970339,1.333332264248,-12.16075670059,-25036.88051786,4764.359949157,0,0,259216.700,2296,16,0,34598.55595097
34800,-23931228.76414,5042114.248297,16696310.94038,0,0,0,-1.003221372896,-0.4443977338316,32098337.58912,30412637.2321265,159819394.0091,0.005622920766936,0,0,0,8.88086454713,1.345263575995e-81,0,2.507961916447,-0.4440892039397,-13.08414676007,-0.5801577135643,1.333339331924,-12.16115235308,-25035.7025,4764.135779813,0,0,259216.800,2296,16,0,34698.55436179
34900,-23931390.22683,5042070.45105,16696092.77553,0,0,0,-1.003251269839,-0.4444590566728,32098813.99065,30413113.6335743,159821897.5204,0.005622920765663,0,0,0,8.880403047865,1.345072366545e-81,0,2.507946644053,-0.4441504315202,-13.08481095692,-0.5801054428878,1.33334640028,-12.16154793573,-25034.52454088,4763.911621645,0,0,259216.900,2296,16,0,34798.55277269
35000,-23931551.68776,5042026.655653,16695874.60812,0,0,0,-1.003281174192,-0.4445203776148,32099290.36976,30413590.012384,159824400.9151,0.005622920764389,0,0,0,8.879721240497,1.344881138424e-81,0,2.507931368896,-0.4442116572308,-13.08547513349,-0.5800531608788,1.333353469314,-12.16194345192,-25033.92504872,4763.79754208,0,0,259217.000,2296,16,0,34898.55118366
35100,-23931713.14693,5041982.862104,16695656.43814,0,0,0,-1.003311085957,-0.4445816966575,32099766.72645,30414066.3689939,159826904.1909,0.005622920763115,0,0,0,8.879259584631,1.344689891654e-81,0,2.507916091062,-0.4442728810838,-13.0861392899,-0.5800008586506,1.333360539028,-12.16233890179,-25032.16819195,4763.463223353,0,0,259217.100,2296,16,0,34998.5495947
35200,-23931874.60433,5041939.070405,16695438.2656,0,0,0,-1.003341005133,-0.4446430138008,32100243.06072,30414542.7031815,159829407.3488,0.005622920761841,0,0,0,8.878797850584,1.344498626256e-81,0,2.507900812333,-0.4443341032302,-13.0868034278,-0.5799485807143,1.333367609421,-12.16273428697,-25030.98987066,4763.238996267,0,0,259217.200,2296,16,0,35098.54800582
35300,-23932036.05997,5041895.280554,16695220.0905,0,0,0,-1.003370931721,-0.4447043290446,32100719.37256,30415019.0149448,159831910.3888,0.005622920760567,0,0,0,8.878336038373,1.344307342256e-81,0,2.507885526995,-0.4443953230285,-13.08746754023,-0.5798962951467,1.333374680493,-12.16312960053,-25029.81133403,4763.014728203,0,0,259217.300,2296,16,0,35198.54641702
35400,-23932197.51386,5041851.492552,16695001.91284,0,0,0,-1.003400865723,-0.4447656423891,32101195.66198,30415495.3042817,159834413.3111,0.005622920759294,0,0,0,8.877874148017,1.344116039674e-81,0,2.50787024061,-0.4444565413008,-13.08813163611,-0.5798440024341,1.333381752243,-12.16352485138,-25028.63276804,4762.790454552,0,0,259217.400,2296,16,0,35298.54482829
35500,-23932358.96597,5041807.706399,16694783.73261,0,0,0,-1.003430807139,-0.4448269538339,32101671.92896,30415971.5711901,159836916.1154,0.00562292075802,0,0,0,8.877412179535,1.343924718534e-81,0,2.507854951486,-0.4445177575373,-13.0887957099,-0.5797916987299,1.333388824672,-12.163920034,-25027.45406501,4762.566154823,0,0,259217.500,2296,16,0,35398.54323963
35600,-23932520.41633,5041763.922095,16694565.54981,0,0,0,-1.003460755969,-0.4448882633792,32102148.17352,30416447.8156678,159839418.8019,0.005622920756746,0,0,0,8.876950132945,1.343733378856e-81,0,2.507839659802,-0.4445789719921,-13.08945976436,-0.5797393919919,1.333395897779,-12.16431515116,-25026.27531304,4762.341845781,0,0,259217.600,2296,16,0,35498.54165105
35700,-23932681.86493,5041720.13964,16694347.36446,0,0,0,-1.003490712215,-0.4449495710248,32102624.39565,30416924.0377126,159841921.3705,0.005622920755472,0,0,0,8.876488008266,1.343542020666e-81,0,2.507824365132,-0.4446401843663,-13.09012379625,-0.5796871031787,1.333402971565,-12.16471019961,-25025.09651212,4762.117527425,0,0,259217.700,2296,16,0,35598.54006255
35800,-23932843.31176,5041676.359033,16694129.17654,0,0,0,-1.003520675877,-0.4450108767707,32103100.59534,30417400.2373226,159844423.8212,0.005622920754198,0,0,0,8.876025805516,1.343350643983e-81,0,2.507809069301,-0.4447013948629,-13.09078780777,-0.5796348049613,1.333410046029,-12.16510518157,-25023.91745671,4761.893160641,0,0,259217.800,2296,16,0,35698.53847412
35900,-23933004.75683,5041632.580275,16693910.98606,0,0,0,-1.003550646955,-0.4450721806168,32103576.77259,30417876.4144954,159846926.154,0.005622920752925,0,0,0,8.875563524714,1.343159248832e-81,0,2.507793767201,-0.4447626036157,-13.09145180038,-0.5795824992042,1.333417121171,-12.1655000985,-25022.73838173,4761.668790132,0,0,259217.900,2296,16,0,35798.53688576
36000,-23933166.20013,5041588.803366,16693692.79302,0,0,0,-1.003580625451,-0.4451334825631,32104052.9274,30418352.5690089,159849428.37,0.005622920751651,0,0,0,8.874880912395,1.342967835234e-81,0,2.507778464149,-0.4448238102554,-13.09211577006,-0.5795301915678,1.333424196991,-12.16589494638,-25022.13785201,4761.554513127,0,0,259218.000,2296,16,0,35898.53529748
36100,-23933327.64168,5041545.028305,16693474.59741,0,0,0,-1.003610611366,-0.4451947826095,32104529.05978,30418828.7013013,159851930.4669,0.005622920750377,0,0,0,8.874418475445,1.342776403213e-81,0,2.507763158304,-0.4448850149488,-13.09277971863,-0.579477862737,1.333431273489,-12.16628972705,-25020.37975213,4761.219957843,0,0,259218.100,2296,16,0,35998.53370927
36200,-23933489.08146,5041501.255094,16693256.39924,0,0,0,-1.003640604699,-0.4452560807559,32105005.16971,30419304.8111503,159854432.446,0.005622920749103,0,0,0,8.873955960505,1.342584952789e-81,0,2.507747849388,-0.4449462180389,-13.09344364981,-0.5794255613195,1.333438350665,-12.16671402893,-25019.20030519,4760.995516554,0,0,259218.200,2296,16,0,36098.53212114
36300,-23933650.51948,5041457.483731,16693038.19851,0,0,0,-1.003670605452,-0.4453173770023,32105481.25719,30419780.8985538,159856934.307,0.005622920747829,0,0,0,8.873493367594,1.342393483987e-81,0,2.50773253807,-0.4450074188237,-13.09410755598,-0.579373251572,1.333445428518,-12.16713945888,-25018.02079953,4760.771064088,0,0,259218.300,2296,16,0,36198.53053308
36400,-23933811.95574,5041413.714216,16692819.99521,0,0,0,-1.003700613625,-0.4453786713486,32105957.32223,30420256.9635095,159859436.0501,0.005622920746556,0,0,0,8.87303069673,1.342201996828e-81,0,2.507717225593,-0.4450686178221,-13.09477144277,-0.5793209333966,1.333452507049,-12.1675648263,-25016.84113725,4760.54658182,0,0,259218.400,2296,16,0,36298.5289451
36500,-23933973.39024,5041369.94655,16692601.78935,0,0,0,-1.00373062922,-0.4454399637948,32106433.36481,30420733.0060155,159861937.6752,0.005622920745282,0,0,0,8.872567947932,1.342010491335e-81,0,2.507701906138,-0.4451298151941,-13.09543531192,-0.5792686119895,1.333459586257,-12.16799013295,-25015.66122047,4760.322051123,0,0,259218.500,2296,16,0,36398.5273572
36600,-23934134.82297,5041326.180733,16692383.58093,0,0,0,-1.003760652236,-0.4455012543407,32106909.38495,30421209.0260696,159864439.1823,0.005622920744008,0,0,0,8.872105121218,1.34181896753e-81,0,2.507686586183,-0.4451910104701,-13.09609915833,-0.5792162899565,1.333466666143,-12.16841537373,-25014.48132327,4760.097524151,0,0,259218.600,2296,16,0,36498.52576936
36700,-23934296.25394,5041282.416764,16692165.36995,0,0,0,-1.003790682675,-0.4455625429865,32107385.38263,30421685.0236697,159866940.5715,0.005622920742734,0,0,0,8.871642216607,1.341627425436e-81,0,2.507671263544,-0.4452522036628,-13.09676298214,-0.5791639578298,1.333473746705,-12.1688405488,-25013.30132819,4759.872978553,0,0,259218.700,2296,16,0,36598.52418161
36800,-23934457.68315,5041238.654644,16691947.1564,0,0,0,-1.003820720537,-0.4456238297318,32107861.35786,30422160.9988135,159869441.8426,0.00562292074146,0,0,0,8.871179234118,1.341435865075e-81,0,2.507655938455,-0.4453133952161,-13.09742678817,-0.5791116353946,1.333480827945,-12.16926566296,-25012.12124501,4759.648416191,0,0,259218.800,2296,16,0,36698.52259392
36900,-23934619.11059,5041194.894373,16691728.94029,0,0,0,-1.003850765823,-0.4456851145769,32108337.31062,30422636.9514992,159871942.9957,0.005622920740187,0,0,0,8.870716173769,1.34124428647e-81,0,2.507640611534,-0.4453745846639,-13.09809057135,-0.5790593045698,1.333487909861,-12.16969071117,-25010.94095628,4759.423814714,0,0,259218.900,2296,16,0,36798.52100632
37000,-23934780.53627,5041151.13595,16691510.72162,0,0,0,-1.003880818534,-0.4457463975214,32108813.24093,30423112.8815041,159874444.032,0.005622920738913,0,0,0,8.870032759186,1.341052689642e-81,0,2.507625278496,-0.4454357724504,-13.09875433652,-0.5790069712009,1.333494992455,-12.17011569826,-25010.33933028,4759.309329093,0,0,259219.000,2296,16,0,36898.51941879
37100,-23934941.96019,5041107.379375,16691292.50038,0,0,0,-1.00391087867,-0.4458076785655,32109289.14877,30423588.7892668,159876944.949,0.005622920737639,0,0,0,8.869569543141,1.340861074616e-81,0,2.507609944267,-0.4454969585112,-13.09941808296,-0.5789546352717,1.333502075725,-12.17054062353,-25008.58015369,4758.974568918,0,0,259219.100,2296,16,0,36998.51783133
37200,-23935103.38235,5041063.624649,16691074.27659,0,0,0,-1.003940946232,-0.445868957709,32109765.03415,30424064.6745649,159879445.748,0.005622920736365,0,0,0,8.8691062493,1.340669441413e-81,0,2.507594607489,-0.4455581422575,-13.1000818043,-0.5789022918408,1.333509159671,-12.1709654806,-25007.39957131,4758.749911562,0,0,259219.200,2296,16,0,37098.51624395
37300,-23935264.80274,5041019.871771,16690856.05023,0,0,0,-1.003971021222,-0.4459302349519,32110240.89707,30424540.5373962,159881946.4289,0.005622920735091,0,0,0,8.86864287768,1.340477790054e-81,0,2.507579268196,-0.4456193242316,-13.10074550641,-0.5788499563143,1.333516244294,-12.17139027536,-25006.21887148,4758.525231853,0,0,259219.300,2296,16,0,37198.51465664
37400,-23935426.22137,5040976.120742,16690637.8213,0,0,0,-1.004001103638,-0.4459915102941,32110716.73751,30425016.3777586,159884446.9918,0.005622920733818,0,0,0,8.868179428299,1.340286120564e-81,0,2.507563925672,-0.4456805043478,-13.10140918837,-0.5787976122565,1.333523329593,-12.17181500689,-25005.0381227,4758.300542831,0,0,259219.400,2296,16,0,37298.51306941
37500,-23935587.63824,5040932.371561,16690419.58982,0,0,0,-1.004031193484,-0.4460527837356,32111192.55548,30425492.1956501,159886947.4365,0.005622920732544,0,0,0,8.867715901177,1.340094432964e-81,0,2.507548582363,-0.4457416822486,-13.10207284629,-0.5787452672184,1.333530415569,-12.17223967131,-25003.8572271,4758.07582587,0,0,259219.500,2296,16,0,37398.51148225
37600,-23935749.05334,5040888.624229,16690201.35577,0,0,0,-1.004061290758,-0.4461140552763,32111668.35098,30425967.9910684,159889447.7632,0.00562292073127,0,0,0,8.867252296332,1.339902727276e-81,0,2.507533232631,-0.4458028582296,-13.10273648339,-0.5786929180245,1.33353750222,-12.17266427184,-25002.67619446,4757.851082832,0,0,259219.600,2296,16,0,37498.50989517
37700,-23935910.46668,5040844.878745,16689983.11916,0,0,0,-1.004091395462,-0.4461753249161,32112144.12401,30426443.7640115,159891947.9718,0.005622920729996,0,0,0,8.866788613782,1.339711003524e-81,0,2.507517881999,-0.4458640326517,-13.10340010358,-0.5786405616752,1.333544589548,-12.1730888124,-25001.49511288,4757.62633048,0,0,259219.700,2296,16,0,37598.50830816
37800,-23936071.87826,5040801.135109,16689764.87999,0,0,0,-1.004121507596,-0.446236592655,32112619.87456,30426919.5144773,159894448.0622,0.005622920728722,0,0,0,8.866324853547,1.33951926173e-81,0,2.507502528127,-0.4459252048614,-13.10406369976,-0.578588214064,1.333551677551,-12.1735132859,-25000.31387469,4757.401548326,0,0,259219.800,2296,16,0,37698.50672122
37900,-23936233.28808,5040757.393322,16689546.63826,0,0,0,-1.004151627162,-0.4462978584929,32113095.60262,30427395.2424636,159896948.0345,0.005622920727449,0,0,0,8.865861015644,1.339327501915e-81,0,2.507487171588,-0.4459863756702,-13.10472728075,-0.5785358586792,1.33355876623,-12.17393770116,-24999.13249946,4757.176740095,0,0,259219.900,2296,16,0,37798.50513437
38000,-23936394.69613,5040713.653383,16689328.39396,0,0,0,-1.004181754159,-0.4463591224297,32113571.30821,30427870.947748,159899447.8899,0.005622920726175,0,0,0,8.865176801485,1.339135724102e-81,0,2.507471812328,-0.4460475441355,-13.10539083632,-0.5784834999376,1.333565855584,-12.17436204795,-24998.52989463,4757.062068209,0,0,259220.000,2296,16,0,37898.50354759
38100,-23936556.10242,5040669.915292,16689110.1471,0,0,0,-1.004211888589,-0.4464203844655,32114046.99131,30428346.630769,159901947.6259,0.005622920724901,0,0,0,8.864712808341,1.338943928315e-81,0,2.507456452018,-0.446108710888,-13.10605437331,-0.5784311384074,1.333572945614,-12.17478633312,-24996.76948472,4756.727073342,0,0,259220.100,2296,16,0,37998.50196088
38200,-23936717.50694,5040626.17905,16688891.89768,0,0,0,-1.004242030453,-0.4464816446001,32114522.65193,30428822.2913041,159904447.2438,0.005622920723627,0,0,0,8.864248737592,1.338752114575e-81,0,2.507441085268,-0.4461698755921,-13.10671788808,-0.5783787701514,1.333580036319,-12.17521055304,-24995.58775712,4756.502198055,0,0,259220.200,2296,16,0,38098.50037424
38300,-23936878.9097,5040582.444655,16688673.6457,0,0,0,-1.00427217975,-0.4465429028334,32114998.29006,30429297.9293514,159906946.7434,0.005622920722353,0,0,0,8.863784589258,1.338560282904e-81,0,2.507425717319,-0.4462310387499,-13.10738138607,-0.5783264097379,1.3335871277,-12.17563471317,-24994.40592184,4756.27730228,0,0,259220.300,2296,16,0,38198.49878769
38400,-23937040.3107,5040538.712109,16688455.39115,0,0,0,-1.004302336483,-0.4466041591655,32115473.9057,30429773.5449085,159909446.1249,0.00562292072108,0,0,0,8.863320363356,1.338368433326e-81,0,2.507410346994,-0.4462921993609,-13.10804485643,-0.5782740415398,1.333594219755,-12.17605880264,-24993.22407678,4756.052404642,0,0,259220.400,2296,16,0,38298.4972012
38500,-23937201.70994,5040494.981411,16688237.13404,0,0,0,-1.004332500651,-0.4466654135962,32115949.49885,30430249.1379735,159911945.3882,0.005622920719806,0,0,0,8.862856059905,1.338176565861e-81,0,2.507394973785,-0.4463533586827,-13.10870831281,-0.5782216705394,1.333601312485,-12.17648283512,-24992.04204573,4755.827471614,0,0,259220.500,2296,16,0,38398.4956148
38600,-23937363.10741,5040451.252562,16688018.87437,0,0,0,-1.004362672255,-0.4467266661256,32116425.0695,30430724.7085442,159914444.5333,0.005622920718532,0,0,0,8.862391678924,1.337984680534e-81,0,2.507379599031,-0.4464145159104,-13.10937174647,-0.5781692967291,1.333608405891,-12.17690680188,-24990.85981893,4755.602501333,0,0,259220.600,2296,16,0,38498.49402846
38700,-23937524.50312,5040407.52556,16687800.61214,0,0,0,-1.004392851296,-0.4467879167534,32116900.61766,30431200.2566184,159916943.5602,0.005622920717258,0,0,0,8.861927220431,1.337792777366e-81,0,2.507364218648,-0.4464756709367,-13.11003515626,-0.5781169150994,1.333615499971,-12.17733070175,-24989.67757254,4755.377527326,0,0,259220.700,2296,16,0,38598.49244221
38800,-23937685.89706,5040363.800407,16687582.34735,0,0,0,-1.004423037775,-0.4468491654797,32117376.14332,30431675.7821942,159919442.4689,0.005622920715984,0,0,0,8.861462684446,1.33760085638e-81,0,2.507348836808,-0.4465368242099,-13.11069854702,-0.5780645418885,1.333622594725,-12.17775453962,-24988.49526743,4755.152542144,0,0,259220.800,2296,16,0,38698.49085602
38900,-23937847.28924,5040320.077101,16687364.07999,0,0,0,-1.004453231693,-0.4469104123045,32117851.64647,30432151.2852693,159921941.2593,0.005622920714711,0,0,0,8.860998070987,1.337408917597e-81,0,2.507333452545,-0.4465979757412,-13.11136191889,-0.5780121526007,1.333629690154,-12.17817831559,-24987.31283507,4754.927532747,0,0,259220.900,2296,16,0,38798.48926992
39000,-23938008.67966,5040276.355644,16687145.81008,0,0,0,-1.004483433049,-0.4469716572275,32118327.12713,30432626.7656213,159924439.9326,0.005622920713437,0,0,0,8.860313059947,1.337216961041e-81,0,2.507318065182,-0.4466591252065,-13.11202526834,-0.5779597934937,1.333636786258,-12.17860202618,-24986.70913396,4754.812652245,0,0,259221.000,2296,16,0,38898.48768388
39100,-23938170.06831,5040232.636035,16686927.5376,0,0,0,-1.004513641846,-0.4470329002489,32118802.58528,30433102.2236888,159926938.4865,0.005622920712163,0,0,0,8.8598482917,1.337024986734e-81,0,2.507302674914,-0.4467202727803,-13.11268859728,-0.5779073914706,1.333643883036,-12.17902567326,-24984.94760818,4754.477445036,0,0,259221.100,2296,16,0,38998.48609793
39200,-23938331.4552,5040188.918274,16686709.26256,0,0,0,-1.004543858083,-0.4470941413685,32119278.02092,30433577.6592493,159929436.9221,0.005622920710889,0,0,0,8.859383446042,1.336832994698e-81,0,2.507287283466,-0.4467814186814,-13.11335190807,-0.5778549976745,1.333650980487,-12.17944925924,-24983.76483324,4754.252370447,0,0,259221.200,2296,16,0,39098.48451204
39300,-23938492.84033,5040145.202361,16686490.98495,0,0,0,-1.004574081761,-0.4471553805863,32119753.43406,30434053.0723007,159931935.2394,0.005622920709615,0,0,0,8.858918522991,1.336640984955e-81,0,2.507271886071,-0.4468425622259,-13.1140151933,-0.5778026109811,1.333658078613,-12.17987277668,-24982.58193104,4754.027271643,0,0,259221.300,2296,16,0,39198.48292624
39400,-23938654.22369,5040101.488296,16686272.70479,0,0,0,-1.004604312882,-0.4472166179022,32120228.82468,30434528.4628408,159934433.4385,0.005622920708342,0,0,0,8.858453522566,1.336448957529e-81,0,2.50725648725,-0.4469037043242,-13.11467846284,-0.5777502184325,1.333665177413,-12.18029623548,-24981.39891138,4753.802150488,0,0,259221.400,2296,16,0,39298.48134051
39500,-23938815.60529,5040057.776079,16686054.42206,0,0,0,-1.004634551445,-0.4472778533161,32120704.19279,30435003.8308677,159936931.5192,0.005622920707068,0,0,0,8.857988444785,1.33625691244e-81,0,2.507241085919,-0.4469648441975,-13.11534170824,-0.577697837867,1.333672276886,-12.18071962718,-24980.2157449,4753.577001393,0,0,259221.500,2296,16,0,39398.47975485
39600,-23938976.98513,5040014.065709,16685836.13677,0,0,0,-1.004664797452,-0.447339086828,32121179.53838,30435479.1763791,159939429.4816,0.005622920705794,0,0,0,8.857523289667,1.336064849713e-81,0,2.507225681463,-0.4470259823439,-13.11600493491,-0.5776454130686,1.333679377033,-12.18114295721,-24979.03249033,4753.351835534,0,0,259221.600,2296,16,0,39498.47816927
39700,-23939138.3632,5039970.357188,16685617.84892,0,0,0,-1.004695050903,-0.4474003184378,32121654.86146,30435954.4993729,159941927.3257,0.00562292070452,0,0,0,8.857058057232,1.335872769369e-81,0,2.507210276242,-0.447087118413,-13.11666813904,-0.5775930169764,1.333686477854,-12.18156622177,-24977.8491966,4753.126662225,0,0,259221.700,2296,16,0,39598.47658376
39800,-23939299.7395,5039926.650515,16685399.55851,0,0,0,-1.004725311799,-0.4474615481455,32122130.16202,30436429.799847,159944425.0514,0.005622920703246,0,0,0,8.856592747496,1.33568067143e-81,0,2.50719486464,-0.4471482527993,-13.11733132492,-0.5775406181572,1.333693579348,-12.18198942513,-24976.6656288,4752.901436761,0,0,259221.800,2296,16,0,39698.47499833
39900,-23939461.11405,5039882.94569,16685181.26554,0,0,0,-1.00475558014,-0.447522775951,32122605.44006,30436905.0777994,159946922.6588,0.005622920701973,0,0,0,8.85612736048,1.335488555918e-81,0,2.507179451641,-0.4472093852539,-13.11799448984,-0.5774882129599,1.333700681515,-12.18241256461,-24975.48208058,4752.676215023,0,0,259221.900,2296,16,0,39798.47341297
40000,-23939622.48682,5039839.242712,16684962.97,0,0,0,-1.004785855928,-0.4475840018543,32123080.69557,30437380.3330075,159949420.149,0.005622920700699,0,0,0,8.855441555258,1.335296422858e-81,0,2.507164036151,-0.4472705156561,-13.1186576325,-0.5774358191485,1.333707784355,-12.18283563891,-24974.87729297,4752.561127767,0,0,259222.000,2296,16,0,39898.47182769
40100,-23939783.85784,5039795.541582,16684744.6719,0,0,0,-1.004816139164,-0.4476452258552,32123555.92855,30437855.5659099,159951917.5197,0.005622920699425,0,0,0,8.85497601391,1.335104272269e-81,0,2.507148617789,-0.4473316439889,-13.11932075272,-0.5773833908027,1.333714887868,-12.18325864784,-24973.11456324,4752.225691453,0,0,259222.100,2296,16,0,39998.47024248
40200,-23939945.22709,5039751.8423,16684526.37125,0,0,0,-1.004846429847,-0.4477064479537,32124031.13901,30438330.7762842,159954414.7719,0.005622920698151,0,0,0,8.854510395344,1.334912104176e-81,0,2.507133197128,-0.4473927704468,-13.11998385259,-0.5773309725968,1.333721992054,-12.18368159352,-24971.93074094,4752.00041756,0,0,259222.200,2296,16,0,40098.46865735
40300,-23940106.59458,5039708.144867,16684308.06803,0,0,0,-1.004876727978,-0.4477676681498,32124506.32694,30438805.9641282,159956911.9058,0.005622920696877,0,0,0,8.854044699578,1.334719918599e-81,0,2.507117774548,-0.447453895236,-13.12064693436,-0.5772785611739,1.333729096913,-12.1841044782,-24970.74665437,4751.775093377,0,0,259222.300,2296,16,0,40198.4670723
40400,-23940267.9603,5039664.44928,16684089.76224,0,0,0,-1.004907033559,-0.4478288864434,32124981.49234,30439281.1294399,159959408.9213,0.005622920695604,0,0,0,8.853578926631,1.334527715563e-81,0,2.507102345834,-0.4475150180397,-13.12130999459,-0.5772261424477,1.333736202445,-12.18452729844,-24969.56248948,4751.549754292,0,0,259222.400,2296,16,0,40298.46548732
40500,-23940429.32426,5039620.755542,16683871.4539,0,0,0,-1.004937346591,-0.4478901028344,32125456.6352,30439756.2722172,159961905.8183,0.00562292069433,0,0,0,8.853113076523,1.334335495088e-81,0,2.507086916155,-0.4475761391577,-13.12197303653,-0.5771737373888,1.333743308649,-12.1849500575,-24968.37828545,4751.324407756,0,0,259222.500,2296,16,0,40398.46390241
40600,-23940590.68645,5039577.063651,16683653.143,0,0,0,-1.004967667073,-0.4479513173228,32125931.75552,30440231.3924578,159964402.5969,0.005622920693056,0,0,0,8.852647149271,1.334143257197e-81,0,2.507071483893,-0.4476372582251,-13.12263605623,-0.5771212956017,1.333750415526,-12.18537275143,-24967.19391501,4751.099029556,0,0,259222.600,2296,16,0,40498.46231758
40700,-23940752.04688,5039533.373608,16683434.82953,0,0,0,-1.004997995006,-0.4480125299085,32126406.85331,30440706.4901598,159966899.2571,0.005622920691782,0,0,0,8.852181144894,1.333951001914e-81,0,2.507056048892,-0.4476983750067,-13.12329905113,-0.5770688643956,1.333757523075,-12.18579537769,-24966.00947605,4750.873638317,0,0,259222.700,2296,16,0,40598.46073282
40800,-23940913.40554,5039489.685413,16683216.5135,0,0,0,-1.005028330392,-0.4480737405915,32126881.92855,30441181.5653209,159969395.7988,0.005622920690508,0,0,0,8.851715063412,1.333758729259e-81,0,2.507040610726,-0.4477594904031,-13.12396203101,-0.5770164416947,1.333764631296,-12.18621794604,-24964.82491964,4750.648224726,0,0,259222.800,2296,16,0,40698.45914814
40900,-23941074.76244,5039445.999065,16682998.19492,0,0,0,-1.00505867323,-0.4481349493717,32127356.98125,30441656.6179392,159971892.2221,0.005622920689235,0,0,0,8.851248904843,1.333566439256e-81,0,2.507025171495,-0.4478206035801,-13.12462498681,-0.5769640097655,1.333771740189,-12.18664044745,-24963.64027513,4750.422794372,0,0,259222.900,2296,16,0,40798.45756354
41000,-23941236.11758,5039402.314565,16682779.87377,0,0,0,-1.005089023523,-0.448196156249,32127832.01141,30442131.647792,159974388.528,0.005622920687961,0,0,0,8.850562308143,1.333374131925e-81,0,2.507009725987,-0.447881715041,-13.125287924,-0.576911592196,1.333778849754,-12.18706288739,-24963.03444018,4750.307507813,0,0,259223.000,2296,16,0,40898.45597901
41100,-23941397.47095,5039358.631913,16682561.55006,0,0,0,-1.00511938127,-0.4482573612233,32128307.01902,30442606.6553181,159976884.7143,0.005622920686687,0,0,0,8.850095995697,1.333181807291e-81,0,2.506994279492,-0.4479428244255,-13.12595083865,-0.5768591382487,1.333785959991,-12.18748526194,-24961.27053585,4749.971847981,0,0,259223.100,2296,16,0,40998.45439456
41200,-23941558.82256,5039314.951108,16682343.22378,0,0,0,-1.005149746472,-0.4483185642947,32128782.00408,30443081.640295,159979380.7821,0.005622920685413,0,0,0,8.849629606227,1.332989465376e-81,0,2.506978830157,-0.4480039321551,-13.12661373536,-0.5768066957583,1.333793070899,-12.18790757569,-24960.08558791,4749.746359885,0,0,259223.200,2296,16,0,41098.45281018
41300,-23941720.1724,5039271.272151,16682124.89495,0,0,0,-1.00518011913,-0.448379765463,32129256.96659,30443556.6027204,159981876.7314,0.005622920684139,0,0,0,8.849163139752,1.332797106201e-81,0,2.506963377985,-0.4480650376442,-13.12727660776,-0.5767542577515,1.33380018248,-12.1883298223,-24958.90039526,4749.520825222,0,0,259223.300,2296,16,0,41198.45122587
41400,-23941881.52048,5039227.595042,16681906.56356,0,0,0,-1.005210499244,-0.4484409647282,32129731.90655,30444031.5425924,159984372.5622,0.005622920682866,0,0,0,8.848696596289,1.332604729789e-81,0,2.506947924918,-0.4481261409321,-13.12793945629,-0.5767018315136,1.333807294731,-12.18875200219,-24957.71520261,4749.29529056,0,0,259223.400,2296,16,0,41298.44964164
41500,-23942042.86679,5039183.91978,16681688.2296,0,0,0,-1.005240886816,-0.4485021620903,32130206.82395,30444506.4599089,159986868.2744,0.005622920681592,0,0,0,8.848229975858,1.332412336162e-81,0,2.506932465337,-0.4481872430575,-13.1286022922,-0.5766493839719,1.333814407654,-12.18917412663,-24956.52979461,4749.069714919,0,0,259223.500,2296,16,0,41398.44805749
41600,-23942204.21134,5039140.246365,16681469.89308,0,0,0,-1.005271281846,-0.4485633575491,32130681.7188,30444981.3546676,159989363.8681,0.005622920680318,0,0,0,8.847763278478,1.332219925343e-81,0,2.50691700449,-0.4482483432284,-13.12926510691,-0.5765969169954,1.333821521248,-12.18959618705,-24955.34432789,4748.844128102,0,0,259223.600,2296,16,0,41498.44647341
41700,-23942365.55412,5039096.574799,16681251.55401,0,0,0,-1.005301684335,-0.4486245511046,32131156.59108,30445456.2268666,159991859.3433,0.005622920679044,0,0,0,8.847296504167,1.332027497354e-81,0,2.506901541009,-0.448309441002,-13.12992789561,-0.5765444611274,1.333828635513,-12.19001817864,-24954.15874371,4748.618518934,0,0,259223.700,2296,16,0,41598.44488941
41800,-23942526.89514,5039052.905079,16681033.21237,0,0,0,-1.005332094283,-0.4486857427567,32131631.4408,30445931.0765036,159994354.6999,0.00562292067777,0,0,0,8.846829652944,1.331835052217e-81,0,2.506886074531,-0.4483705372821,-13.13059066812,-0.5764920122435,1.333835750449,-12.19044011122,-24952.97302249,4748.392883688,0,0,259223.800,2296,16,0,41698.44330548
41900,-23942688.23439,5039009.237207,16680814.86817,0,0,0,-1.005362511692,-0.4487469325054,32132106.26796,30446405.9035766,159996849.9379,0.005622920676497,0,0,0,8.846362724828,1.331642589955e-81,0,2.50687060605,-0.4484316310914,-13.13125341382,-0.5764395729593,1.333842866056,-12.19086197419,-24951.78731106,4748.167250305,0,0,259223.900,2296,16,0,41798.44172163
42000,-23942849.57188,5038965.571183,16680596.52141,0,0,0,-1.005392936562,-0.4488081203506,32132581.07255,30446880.7078632,159999345.0585,0.005622920675223,0,0,0,8.84567533936,1.331450110589e-81,0,2.506855135242,-0.4484927238909,-13.13191614856,-0.576387111874,1.333849982334,-12.1912837834,-24951.18037003,4748.051753268,0,0,259224.000,2296,16,0,41898.44013785
42100,-23943010.9076,5038921.907006,16680378.17208,0,0,0,-1.005423368893,-0.4488693062923,32133055.85458,30447355.4898019,160001840.0593,0.005622920673949,0,0,0,8.845208257824,1.331257614142e-81,0,2.506839658869,-0.4485538141277,-13.13257885551,-0.576334633223,1.333857099282,-12.19170552202,-24949.41526175,4747.715864331,0,0,259224.100,2296,16,0,41998.43855415
42200,-23943172.24156,5038878.244676,16680159.8202,0,0,0,-1.005453808687,-0.4489304903304,32133530.61403,30447830.2491702,160004334.9416,0.005622920672675,0,0,0,8.844741099458,1.331065100637e-81,0,2.506824181384,-0.448614902511,-13.13324154234,-0.5762821641218,1.333864216901,-12.19212719775,-24948.22919795,4747.490163893,0,0,259224.200,2296,16,0,42098.43697052
42300,-23943333.57376,5038834.584194,16679941.46576,0,0,0,-1.005484255944,-0.4489916724648,32134005.35091,30448304.9859661,160006829.7052,0.005622920671401,0,0,0,8.844273864281,1.330872570096e-81,0,2.506808701239,-0.4486759889801,-13.13390420842,-0.5762297027672,1.33387133519,-12.19254880992,-24947.04296774,4747.26443179,0,0,259224.300,2296,16,0,42198.43538697
42400,-23943494.90419,5038790.925559,16679723.10875,0,0,0,-1.005514710665,-0.4490528526955,32134480.06522,30448779.7001874,160009324.3501,0.005622920670128,0,0,0,8.84380655231,1.330680022541e-81,0,2.50679321793,-0.4487370737825,-13.13456685641,-0.5761772498579,1.333878454149,-12.19297036124,-24945.85662986,4747.038679197,0,0,259224.400,2296,16,0,42298.43380349
42500,-23943656.23285,5038747.268771,16679504.74919,0,0,0,-1.005545172851,-0.4491140310224,32134954.75695,30449254.3918321,160011818.8765,0.005622920668854,0,0,0,8.843339163566,1.330487457994e-81,0,2.506777732062,-0.448798156504,-13.13522948183,-0.5761247770357,1.333885573779,-12.19339184721,-24944.6701941,4746.812907979,0,0,259224.500,2296,16,0,42398.43222009
42600,-23943817.55975,5038703.613831,16679286.38706,0,0,0,-1.005575642503,-0.4491752074454,32135429.4261,30449729.060898,160014313.2842,0.00562292066758,0,0,0,8.842871698067,1.330294876478e-81,0,2.506762244867,-0.4488592372038,-13.13589208532,-0.5760722847728,1.333892694078,-12.19381326849,-24943.48367024,4746.587119997,0,0,259224.600,2296,16,0,42498.43063677
42700,-23943978.88488,5038659.960738,16679068.02238,0,0,0,-1.00560611962,-0.4492363819646,32135904.07267,30450203.7073831,160016807.5732,0.005622920666306,0,0,0,8.842404155831,1.330102278014e-81,0,2.506746751417,-0.4489203160083,-13.13655466824,-0.5760198033931,1.333899815047,-12.19423462645,-24942.29698977,4746.361302212,0,0,259224.700,2296,16,0,42598.42905352
42800,-23944140.20825,5038616.309492,16678849.65513,0,0,0,-1.005636604204,-0.4492975545797,32136378.69666,30450678.3312851,160019301.7436,0.005622920665032,0,0,0,8.841936536877,1.329909662626e-81,0,2.506731256908,-0.4489813932601,-13.13721723433,-0.5759673293522,1.333906936686,-12.19465592481,-24941.11015269,4746.135454625,0,0,259224.800,2296,16,0,42698.42747034
42900,-23944301.52985,5038572.660094,16678631.28532,0,0,0,-1.005667096256,-0.4493587252908,32136853.29806,30451152.9326021,160021795.7952,0.005622920663759,0,0,0,8.841468841225,1.329717030335e-81,0,2.506715759711,-0.4490424682223,-13.13787977558,-0.5759148649437,1.333914058995,-12.19507715559,-24939.92325689,4745.909595862,0,0,259224.900,2296,16,0,42798.42588724
43000,-23944462.84969,5038529.012543,16678412.91295,0,0,0,-1.005697595776,-0.4494198940979,32137327.87688,30451627.5111114,160024289.7294,0.005622920662485,0,0,0,8.840780669702,1.329524381164e-81,0,2.506700259476,-0.449103541401,-13.13854229747,-0.5758623791426,1.333921181973,-12.19549832428,-24939.31536639,4745.793918148,0,0,259225.000,2296,16,0,42898.42430422
43100,-23944624.16776,5038485.366839,16678194.53803,0,0,0,-1.005728102766,-0.4494810610007,32137802.4331,30452102.0672519,160026783.5436,0.005622920661211,0,0,0,8.840312821087,1.329331715135e-81,0,2.506684758263,-0.4491646126929,-13.1392047989,-0.5758098740096,1.333928305621,-12.19591942977,-24937.54914225,4745.457816869,0,0,259225.100,2296,16,0,42998.42272127
43200,-23944785.48406,5038441.722982,16677976.16054,0,0,0,-1.005758617225,-0.4495422259994,32138276.96674,30452576.600801,160029277.2392,0.005622920659937,0,0,0,8.839844895836,1.329139032271e-81,0,2.506669250571,-0.4492256821728,-13.13986728068,-0.5757573796639,1.333935429937,-12.19634047287,-24936.36191364,4745.231894776,0,0,259225.200,2296,16,0,43098.4211384
43300,-23944946.7986,5038398.080972,16677757.78049,0,0,0,-1.005789139155,-0.4496033890937,32138751.47778,30453051.1117565,160031770.816,0.005622920658663,0,0,0,8.839376893969,1.328946332593e-81,0,2.506653741973,-0.4492867494861,-13.14052973895,-0.5757049102195,1.333942554923,-12.19676144975,-24935.17450884,4745.005939156,0,0,259225.300,2296,16,0,43198.4195556
43400,-23945108.11138,5038354.44081,16677539.39788,0,0,0,-1.005819668556,-0.4496645502837,32139225.96623,30453525.6001165,160034264.2741,0.00562292065739,0,0,0,8.838908815503,1.328753616123e-81,0,2.506638230401,-0.449347814986,-13.14119217755,-0.5756524156013,1.333949680578,-12.19718236424,-24933.98706489,4744.779976085,0,0,259225.400,2296,16,0,43298.41797288
43500,-23945269.42239,5038310.802494,16677321.0127,0,0,0,-1.005850205429,-0.4497257095693,32139700.43207,30454000.0658787,160036757.6134,0.005622920656116,0,0,0,8.838440660458,1.328560882885e-81,0,2.506622716267,-0.4494088786465,-13.14185459619,-0.5755999158624,1.333956806902,-12.19760321606,-24932.79949369,4744.553988799,0,0,259225.500,2296,16,0,43398.41639023
43600,-23945430.73163,5038267.166026,16677102.62497,0,0,0,-1.005880749775,-0.4497868669505,32140174.87532,30454474.509041,160039250.834,0.005622920654842,0,0,0,8.837972428852,1.3283681329e-81,0,2.506607199273,-0.4494699403988,-13.14251699414,-0.5755473997955,1.333963933895,-12.19802400449,-24931.61181482,4744.327981025,0,0,259225.600,2296,16,0,43498.41480766
43700,-23945592.03911,5038223.531405,16676884.23468,0,0,0,-1.005911301594,-0.4498480224271,32140649.29597,30454948.9296015,160041743.9358,0.005622920653568,0,0,0,8.837504120704,1.328175366191e-81,0,2.506591681068,-0.4495309998631,-13.14317936726,-0.5754948817523,1.333971061556,-12.19844472539,-24930.42396955,4744.101941586,0,0,259225.700,2296,16,0,43598.41322516
43800,-23945753.34482,5038179.898631,16676665.84183,0,0,0,-1.005941860888,-0.4499091759991,32141123.69401,30455423.3275579,160044236.9188,0.005622920652294,0,0,0,8.837035736033,1.32798258278e-81,0,2.506576156314,-0.449592058161,-13.14384172774,-0.5754424105858,1.333978189886,-12.19886539095,-24929.23607533,4743.875892833,0,0,259225.800,2296,16,0,43698.41164274
43900,-23945914.64877,5038136.267704,16676447.44642,0,0,0,-1.005972427656,-0.4499703276665,32141598.06945,30455897.7029082,160046729.783,0.005622920651021,0,0,0,8.836567274857,1.327789782689e-81,0,2.506560630717,-0.4496531140687,-13.14450406228,-0.5753899028952,1.333985318884,-12.19928598789,-24928.04805387,4743.649819866,0,0,259225.900,2296,16,0,43798.41006039
44000,-23946075.95095,5038092.638624,16676229.04844,0,0,0,-1.0060030019,-0.4500314774291,32142072.42228,30456372.0554298,160049222.5296,0.005622920649747,0,0,0,8.835878319998,1.32759696594e-81,0,2.506545102639,-0.4497141680919,-13.14516637638,-0.5753373914007,1.333992448551,-12.19970652171,-24927.43912583,4743.533944711,0,0,259226.000,2296,16,0,43898.40847812
44100,-23946237.25137,5038049.011391,16676010.64791,0,0,0,-1.006033583621,-0.450092625287,32142546.7525,30456846.3855615,160051715.1562,0.005622920648473,0,0,0,8.835409706318,1.327404132555e-81,0,2.506529571329,-0.4497752204252,-13.14582867215,-0.5752848614256,1.333999578885,-12.20012699453,-24925.67181519,4743.197636679,0,0,259226.100,2296,16,0,43998.40689593
44200,-23946398.55002,5038005.386005,16675792.24482,0,0,0,-1.006064172819,-0.45015377124,32143021.0601,30457320.6930807,160054207.6639,0.005622920647199,0,0,0,8.834941016198,1.327211282558e-81,0,2.506514038926,-0.4498362707661,-13.1464909463,-0.5752323417407,1.334006709888,-12.20054740306,-24924.48346093,4742.971500382,0,0,259226.200,2296,16,0,44098.40531381
44300,-23946559.8469,5037961.762466,16675573.83916,0,0,0,-1.006094769495,-0.4502149152881,32143495.34509,30457794.9779854,160056700.0528,0.005622920645925,0,0,0,8.834472249655,1.32701841597e-81,0,2.506498500421,-0.4498973191039,-13.14715319873,-0.5751798468191,1.334013841559,-12.2009677472,-24923.29502836,4742.745349184,0,0,259226.300,2296,16,0,44198.40373176
44400,-23946721.14202,5037918.140774,16675355.43095,0,0,0,-1.00612537365,-0.4502760574313,32143969.60747,30458269.2402734,160059192.3229,0.005622920644652,0,0,0,8.834003406709,1.326825532813e-81,0,2.50648296093,-0.4499583654496,-13.14781542954,-0.5751273256579,1.334020973897,-12.20138802708,-24922.10646854,4742.519173771,0,0,259226.400,2296,16,0,44298.4021498
44500,-23946882.43537,5037874.520928,16675137.02018,0,0,0,-1.006155985284,-0.4503371976694,32144443.84723,30458743.4799427,160061684.4741,0.005622920643378,0,0,0,8.833534487378,1.326632633109e-81,0,2.506467418089,-0.450019410036,-13.14847764127,-0.5750748018773,1.334028106903,-12.20180824522,-24920.91781085,4742.292979732,0,0,259226.500,2296,16,0,44398.4005679
44600,-23947043.72695,5037830.90293,16674918.60684,0,0,0,-1.006186604398,-0.4503983360025,32144918.06436,30459217.6969911,160064176.5065,0.005622920642104,0,0,0,8.833065491682,1.326439716882e-81,0,2.506451872797,-0.4500804526646,-13.14913983176,-0.5750222586499,1.334035240577,-12.20222839948,-24919.72905527,4742.066767067,0,0,259226.600,2296,16,0,44498.39898608
44700,-23947205.01677,5037787.286779,16674700.19095,0,0,0,-1.006217230993,-0.4504594724304,32145392.25887,30459691.8914166,160066668.4199,0.00562292064083,0,0,0,8.832596419638,1.326246784152e-81,0,2.506436324518,-0.4501414933357,-13.14980200102,-0.5749697270833,1.334042374918,-12.20264848986,-24918.54016265,4741.840528324,0,0,259226.700,2296,16,0,44598.39740434
44800,-23947366.30483,5037743.672474,16674481.7725,0,0,0,-1.006247865069,-0.450520606953,32145866.43076,30460166.063217,160069160.2145,0.005622920639556,0,0,0,8.832127271266,1.326053834943e-81,0,2.506420775295,-0.450202532006,-13.15046414857,-0.5749172196658,1.334049509926,-12.20306851591,-24917.35117215,4741.614270955,0,0,259226.800,2296,16,0,44698.39582268
44900,-23947527.59111,5037700.060016,16674263.35148,0,0,0,-1.006278506628,-0.4505817395705,32146340.58002,30460640.2123902,160071651.8901,0.005622920638283,0,0,0,8.831658046585,1.325860869276e-81,0,2.506405219469,-0.4502635690595,-13.15112627858,-0.574864686448,1.334056645602,-12.2034884818,-24916.16194673,4741.387968883,0,0,259226.900,2296,16,0,44798.39424108
45000,-23947688.87563,5037656.449405,16674044.92791,0,0,0,-1.00630915567,-0.4506428702825,32146814.70665,30461114.3387137,160074143.448,0.005622920637009,0,0,0,8.830968311112,1.325667887173e-81,0,2.506389662567,-0.450324604151,-13.15178838731,-0.5748121318812,1.334063781945,-12.20390838378,-24915.55190282,4741.271881387,0,0,259227.000,2296,16,0,44898.39265957
45100,-23947850.15839,5037612.840641,16673826.50178,0,0,0,-1.006339812196,-0.4507039990892,32147288.81065,30461588.4426263,160076634.8858,0.005622920635735,0,0,0,8.830498934386,1.325474888658e-81,0,2.506374103254,-0.4503856370151,-13.15245047188,-0.5747595936466,1.334070918954,-12.20432821899,-24913.78338823,4740.935344249,0,0,259227.100,2296,16,0,44998.39107813
45200,-23948011.43938,5037569.233724,16673608.07308,0,0,0,-1.006370476206,-0.4507651259904,32147762.89202,30462062.5239054,160079126.2047,0.005622920634461,0,0,0,8.830029481413,1.325281873752e-81,0,2.506358540852,-0.4504466681888,-13.1531125381,-0.5747070495573,1.334078056631,-12.20474799325,-24912.59396705,4740.709004924,0,0,259227.200,2296,16,0,45098.38949676
45300,-23948172.7186,5037525.628653,16673389.64183,0,0,0,-1.006401147702,-0.4508262509861,32148236.95075,30462536.5825489,160081617.4046,0.005622920633187,0,0,0,8.829559952214,1.325088842477e-81,0,2.506342975696,-0.4505076975847,-13.15377458505,-0.574654529354,1.334085194974,-12.20516770563,-24911.40441862,4740.482641384,0,0,259227.300,2296,16,0,45198.38791547
45400,-23948333.99605,5037482.025429,16673171.20802,0,0,0,-1.006431826684,-0.4508873740762,32148710.98684,30463010.6185548,160084108.4856,0.005622920631914,0,0,0,8.829090346806,1.324895794856e-81,0,2.506327409482,-0.4505687245502,-13.15443660563,-0.5746019831371,1.334092333984,-12.20558734904,-24910.21470379,4740.256246179,0,0,259227.400,2296,16,0,45298.38633426
45500,-23948495.27174,5037438.424052,16672952.77164,0,0,0,-1.006462513153,-0.4509484952607,32149185.0003,30463484.6319209,160086599.4476,0.00562292063064,0,0,0,8.828620665209,1.32470273091e-81,0,2.506311836758,-0.4506297501529,-13.15509861142,-0.5745494162012,1.33409947366,-12.20600693509,-24909.02492044,4740.029837936,0,0,259227.500,2296,16,0,45398.38475312
45600,-23948656.54567,5037394.824521,16672734.33271,0,0,0,-1.006493207109,-0.4510096145394,32149658.99111,30463958.6226452,160089090.2906,0.005622920629366,0,0,0,8.828150907441,1.324509650662e-81,0,2.506296263275,-0.4506907735109,-13.15576059286,-0.5744968644135,1.334106614003,-12.2064264542,-24907.83507836,4739.803418517,0,0,259227.600,2296,16,0,45498.38317206
45700,-23948817.81782,5037351.226837,16672515.89122,0,0,0,-1.006523908553,-0.4510707319124,32150132.95928,30464432.5907254,160091581.0146,0.005622920628092,0,0,0,8.827681073521,1.324316554135e-81,0,2.506280686846,-0.4507517952349,-13.15642255658,-0.574444307129,1.334113755012,-12.206845913,-24906.64514819,4739.576982334,0,0,259227.700,2296,16,0,45598.38159107
45800,-23948979.08821,5037307.631,16672297.44717,0,0,0,-1.006554617487,-0.4511318473796,32150606.9048,30464906.5361596,160094071.6196,0.005622920626818,0,0,0,8.827211163468,1.32412344135e-81,0,2.50626510764,-0.4508128147608,-13.15708449645,-0.5743917750497,1.334120896687,-12.20726530539,-24905.45502225,4739.350508898,0,0,259227.800,2296,16,0,45698.38001016
45900,-23949140.35683,5037264.037009,16672079.00055,0,0,0,-1.00658533391,-0.4511929609408,32151080.82768,30465380.4589456,160096562.1056,0.005622920625545,0,0,0,8.826741177302,1.323930312329e-81,0,2.506249527255,-0.4508738326237,-13.15774641829,-0.5743392168542,1.334128039028,-12.20768463718,-24904.26480822,4739.124018699,0,0,259227.900,2296,16,0,45798.37842932
46000,-23949301.62369,5037220.444865,16671860.55138,0,0,0,-1.006616057824,-0.4512540725961,32151554.7279,30465854.358861,160099052.4737,0.005622920624271,0,0,0,8.826050663943,1.323737167095e-81,0,2.506233940336,-0.4509348486084,-13.15840831975,-0.5742866344221,1.334135182035,-12.20810390603,-24903.65371696,4739.0077319,0,0,259228.000,2296,16,0,45898.37684856
46100,-23949462.88878,5037176.854567,16671642.09965,0,0,0,-1.006646789229,-0.4513151823454,32152028.60547,30466328.2363443,160101542.7216,0.005622920622997,0,0,0,8.825580526192,1.32354400567e-81,0,2.506218352367,-0.4509958626017,-13.1590701996,-0.5742340714036,1.334142325707,-12.20852311073,-24901.88399841,4738.670965657,0,0,259228.100,2296,16,0,45998.37526788
46200,-23949624.1521,5037133.266116,16671423.64536,0,0,0,-1.006677528126,-0.4513762901886,32152502.46039,30466802.0911733,160104032.8505,0.005622920621723,0,0,0,8.825110312389,1.323350828076e-81,0,2.506202761731,-0.4510568745489,-13.15973205726,-0.57418150196,1.334149470045,-12.20894225068,-24900.69351031,4738.444423303,0,0,259228.200,2296,16,0,46098.37368727
46300,-23949785.41366,5037089.679512,16671205.18851,0,0,0,-1.006708274515,-0.4514373961256,32152976.29265,30467275.9233456,160106522.8603,0.005622920620449,0,0,0,8.824640022555,1.323157634335e-81,0,2.506187168311,-0.4511178844877,-13.16039389313,-0.5741289558577,1.334156615049,-12.20936132631,-24899.50284602,4738.217847422,0,0,259228.300,2296,16,0,46198.37210673
46400,-23949946.67345,5037046.094754,16670986.7291,0,0,0,-1.006739028399,-0.4514985001564,32153450.10225,30467749.7328594,160109012.7511,0.005622920619176,0,0,0,8.824169656707,1.322964424469e-81,0,2.506171572155,-0.45117889281,-13.16105571147,-0.5740763851607,1.334163760718,-12.20978034186,-24898.31209363,4737.991254777,0,0,259228.400,2296,16,0,46298.37052628
46500,-23950107.93147,5037002.511843,16670768.26713,0,0,0,-1.006769789776,-0.451559602281,32153923.88919,30468223.5197123,160111502.5227,0.005622920617902,0,0,0,8.823699214866,1.322771198502e-81,0,2.506155974536,-0.4512398990188,-13.16171750688,-0.5740237918849,1.334170907052,-12.21019929197,-24897.12122378,4737.76463978,0,0,259228.500,2296,16,0,46398.36894589
46600,-23950269.18773,5036958.930778,16670549.8026,0,0,0,-1.006800558648,-0.4516207024992,32154397.65347,30468697.2839024,160113992.1753,0.005622920616628,0,0,0,8.823228697049,1.322577956453e-81,0,2.506140370638,-0.4513009035223,-13.16237928379,-0.5739712141675,1.334178054052,-12.21061818104,-24895.93011902,4737.53798008,0,0,259228.600,2296,16,0,46498.36736559
46700,-23950430.44222,5036915.351559,16670331.33552,0,0,0,-1.006831335016,-0.4516818008111,32154871.39509,30469171.0254276,160116481.7088,0.005622920615354,0,0,0,8.822758103276,1.322384698347e-81,0,2.506124765765,-0.4513619060213,-13.16304103895,-0.5739186326823,1.334185201716,-12.21103700586,-24894.73904362,4737.311325967,0,0,259228.700,2296,16,0,46598.36578535
46800,-23950591.69494,5036871.774187,16670112.86587,0,0,0,-1.006862118881,-0.4517428972164,32155345.11403,30469644.7442857,160118971.1231,0.00562292061408,0,0,0,8.822287433566,1.322191424205e-81,0,2.506109158078,-0.4514229067022,-13.1637027744,-0.5738660744973,1.334192350046,-12.21145576845,-24893.54787034,4737.084653229,0,0,259228.800,2296,16,0,46698.3642052
46900,-23950752.94589,5036828.198661,16669894.39366,0,0,0,-1.006892910243,-0.4518039917153,32155818.81031,30470118.4404746,160121460.4183,0.005622920612807,0,0,0,8.821816687938,1.32199813405e-81,0,2.506093547714,-0.4514839053293,-13.16436448756,-0.5738134899999,1.33419949904,-12.21187446625,-24892.35652087,4736.857946962,0,0,259228.900,2296,16,0,46798.36262512
47000,-23950914.19508,5036784.624982,16669675.9189,0,0,0,-1.006923709102,-0.4518650843076,32156292.48392,30470592.1137718,160123949.5956,0.005622920611533,0,0,0,8.821125399427,1.321804827902e-81,0,2.506077934257,-0.4515449017788,-13.1650261771,-0.5737608837583,1.334206648698,-12.21229309793,-24891.7443529,4736.741455272,0,0,259229.000,2296,16,0,46898.36104511
47100,-23951075.4425,5036741.053149,16669457.44157,0,0,0,-1.00695451546,-0.4519261749932,32156766.13485,30471065.7646162,160126438.6525,0.005622920610259,0,0,0,8.820654502674,1.321611505785e-81,0,2.506062319682,-0.4516058968216,-13.16568785138,-0.5737082939364,1.334213799022,-12.21271167185,-24889.97352828,4736.40447855,0,0,259229.100,2296,16,0,46998.35946519
47200,-23951236.68815,5036697.483162,16669238.96169,0,0,0,-1.006985329318,-0.4519872637721,32157239.76311,30471539.3927851,160128927.5903,0.005622920608985,0,0,0,8.820183530066,1.321418167722e-81,0,2.506046698978,-0.4516668896404,-13.16634950154,-0.5736556986008,1.334220950009,-12.21313017917,-24888.78191452,4736.177721992,0,0,259229.200,2296,16,0,47098.35788533
47300,-23951397.93204,5036653.915022,16669020.47925,0,0,0,-1.007016150676,-0.4520483506442,32157713.36869,30472012.9982765,160131416.4089,0.005622920607711,0,0,0,8.819712481621,1.321224813732e-81,0,2.506031077108,-0.4517278807415,-13.16701113306,-0.5736031283657,1.334228101661,-12.21354862537,-24887.590105,4735.950928181,0,0,259229.300,2296,16,0,47198.35630555
47400,-23951559.17416,5036610.348728,16668801.99424,0,0,0,-1.007046979535,-0.4521094356095,32158186.95159,30472486.5810883,160133905.1083,0.005622920606438,0,0,0,8.81924135736,1.32103144384e-81,0,2.506015452628,-0.4517888698197,-13.16767274263,-0.5735505142605,1.334235253978,-12.21396700715,-24886.39824654,4735.724125057,0,0,259229.400,2296,16,0,47298.35472585
47500,-23951720.41451,5036566.78428,16668583.50668,0,0,0,-1.007077815895,-0.452170518668,32158660.51181,30472960.1412184,160136393.6885,0.005622920605164,0,0,0,8.8187701573,1.320838058067e-81,0,2.505999825227,-0.4518498570045,-13.16833433167,-0.5734979113893,1.334242406958,-12.21438532593,-24885.20631956,4735.497308895,0,0,259229.500,2296,16,0,47398.35314622
47600,-23951881.65309,5036523.221679,16668365.01656,0,0,0,-1.007108659758,-0.4522315998194,32159134.04934,30473433.6786646,160138882.1496,0.00562292060389,0,0,0,8.818298881461,1.320644656436e-81,0,2.50598419647,-0.4519108422224,-13.16899589937,-0.5734453098645,1.334249560602,-12.21480358091,-24884.01426534,4735.270468518,0,0,259229.600,2296,16,0,47498.35156667
47700,-23952042.88991,5036479.660923,16668146.52388,0,0,0,-1.007139511124,-0.4522926790638,32159607.56419,30473907.1934249,160141370.4914,0.005622920602616,0,0,0,8.817827529862,1.320451238968e-81,0,2.505968561585,-0.4519718256701,-13.16965744787,-0.573392700654,1.33425671491,-12.21522177422,-24882.82207408,4735.043602064,0,0,259229.700,2296,16,0,47598.3499872
47800,-23952204.12496,5036436.102014,16667928.02864,0,0,0,-1.007170369994,-0.4523537564012,32160081.05636,30474380.6854973,160143858.714,0.005622920601342,0,0,0,8.817356102521,1.320257805684e-81,0,2.505952925244,-0.4520328072756,-13.17031897638,-0.5733401172604,1.334263869881,-12.21563990511,-24881.62975557,4734.816711396,0,0,259229.800,2296,16,0,47698.3484078
47900,-23952365.35824,5036392.544951,16667709.53085,0,0,0,-1.007201236369,-0.4524148318314,32160554.52583,30474854.1548795,160146346.8173,0.005622920600069,0,0,0,8.816884599458,1.32006435661e-81,0,2.50593728683,-0.4520937864558,-13.17098047858,-0.5732874911881,1.334271025517,-12.21605796724,-24880.4373979,4734.589813277,0,0,259229.900,2296,16,0,47798.34682848
48000,-23952526.58975,5036348.989735,16667491.03049,0,0,0,-1.007232110249,-0.4524759053543,32161027.97261,30475327.6013491,160148834.8026,0.005622920598795,0,0,0,8.816192538532,1.319870891765e-81,0,2.505921644897,-0.452154764179,-13.17164196498,-0.5732348759162,1.334278181815,-12.21647597113,-24879.82412387,4734.473111108,0,0,259230.000,2296,16,0,47898.34524923
48100,-23952687.8195,5036305.436364,16667272.52757,0,0,0,-1.007262991635,-0.4525369769701,32161501.39669,30475801.0253448,160151322.6674,0.005622920597521,0,0,0,8.815720884805,1.319677411171e-81,0,2.505906000287,-0.452215739962,-13.17230343033,-0.5731822599511,1.334285338777,-12.21689391153,-24878.0521638,4734.135918319,0,0,259230.100,2296,16,0,47998.34367006
48200,-23952849.04748,5036261.88484,16667054.0221,0,0,0,-1.007293880528,-0.4525980466784,32161974.79808,30476274.4266441,160153810.413,0.005622920596247,0,0,0,8.81524915542,1.319483914853e-81,0,2.505890354759,-0.4522767135428,-13.17296487179,-0.5731296400172,1.334292496402,-12.21731178563,-24876.85945376,4733.908953145,0,0,259230.200,2296,16,0,48098.34209096
48300,-23953010.27369,5036218.335161,16666835.51407,0,0,0,-1.007324776928,-0.4526591144794,32162448.17677,30476747.805245,160156298.0393,0.005622920594973,0,0,0,8.814777350394,1.319290402829e-81,0,2.505874702389,-0.4523376855741,-13.17362629644,-0.5730770443149,1.33429965469,-12.21772960049,-24875.66649902,4733.681941405,0,0,259230.300,2296,16,0,48198.34051194
48400,-23953171.49814,5036174.787329,16666617.00347,0,0,0,-1.007355680837,-0.4527201803729,32162921.53276,30477221.1611454,160158785.5463,0.0056229205937,0,0,0,8.814305469748,1.319096875125e-81,0,2.505859049453,-0.452398655217,-13.17428769518,-0.5730244037981,1.334306813641,-12.21814734704,-24874.47352469,4733.454925939,0,0,259230.400,2296,16,0,48298.33893299
48500,-23953332.72081,5036131.241343,16666398.49032,0,0,0,-1.007386592255,-0.4527812443589,32163394.86605,30477694.494343,160161272.934,0.005622920592426,0,0,0,8.813833513499,1.318903331761e-81,0,2.505843393307,-0.4524596237152,-13.17494908151,-0.5729717699515,1.334313973255,-12.21856503875,-24873.28040355,4733.227882534,0,0,259230.500,2296,16,0,48398.33735412
48600,-23953493.94172,5036087.697202,16666179.97461,0,0,0,-1.007417511183,-0.4528423064373,32163868.17663,30478167.8048359,160163760.2024,0.005622920591152,0,0,0,8.813361481667,1.318709772759e-81,0,2.505827734736,-0.4525205897519,-13.17561044113,-0.5729191480328,1.334321133532,-12.21898266137,-24872.08722367,4733.000827953,0,0,259230.600,2296,16,0,48498.33577533
48700,-23953655.16086,5036044.154908,16665961.45635,0,0,0,-1.007448437622,-0.452903366608,32164341.46451,30478641.092622,160166247.3515,0.005622920589878,0,0,0,8.812889374271,1.318516198142e-81,0,2.505812072956,-0.4525815539406,-13.17627178071,-0.5728665145656,1.334328294471,-12.21940022154,-24870.8939557,4732.773756608,0,0,259230.700,2296,16,0,48598.33419661
48800,-23953816.37823,5036000.61446,16665742.93552,0,0,0,-1.007479371572,-0.452964424871,32164814.72968,30479114.3576991,160168734.3812,0.005622920588604,0,0,0,8.812417191329,1.318322607932e-81,0,2.505796410414,-0.4526425160684,-13.17693309793,-0.5728139047434,1.334335456073,-12.21981771696,-24869.70048217,4732.546646148,0,0,259230.800,2296,16,0,48698.33261797
48900,-23953977.59384,5035957.075858,16665524.41213,0,0,0,-1.007510313034,-0.4530254812263,32165287.97213,30479587.6000652,160171221.2916,0.005622920587331,0,0,0,8.811944932862,1.31812900215e-81,0,2.505780741322,-0.4527034766556,-13.17759439843,-0.572761253057,1.334342618337,-12.22023515329,-24868.50699886,4732.319533825,0,0,259230.900,2296,16,0,48798.3310394
49000,-23954138.80768,5035913.539102,16665305.88619,0,0,0,-1.007541262009,-0.4530865356737,32165761.19188,30480060.8194977,160173708.0838,0.005622920586057,0,0,0,8.811252102263,1.31793538082e-81,0,2.505765071468,-0.4527644351434,-13.17825567616,-0.5727086119028,1.334349781263,-12.22065252447,-24867.89278515,4732.202652842,0,0,259231.000,2296,16,0,48898.32946091
49100,-23954300.01974,5035870.004191,16665087.35769,0,0,0,-1.007572218498,-0.4531475882132,32166234.38891,30480534.0164354,160176194.7554,0.005622920584783,0,0,0,8.810779693595,1.317741743962e-81,0,2.505749398451,-0.4528253915376,-13.17891693118,-0.5726559705737,1.334356944852,-12.22106983057,-24866.11966028,4731.865238398,0,0,259231.100,2296,16,0,48998.3278825
49200,-23954461.23005,5035826.471127,16664868.82663,0,0,0,-1.0076031825,-0.4532086388447,32166707.56322,30481007.1906559,160178681.3077,0.005622920583509,0,0,0,8.810307209463,1.3175480916e-81,0,2.505733722643,-0.4528863462346,-13.17957816779,-0.572603319899,1.334364109102,-12.22148707589,-24864.92579522,4731.638053432,0,0,259231.200,2296,16,0,49098.32630416
49300,-23954622.43858,5035782.939908,16664650.29301,0,0,0,-1.007634154019,-0.4532696875682,32167180.71481,30481480.342157,160181167.7406,0.005622920582235,0,0,0,8.809834649888,1.317354423754e-81,0,2.505718045785,-0.452947299235,-13.180239386,-0.5725507036083,1.334371274014,-12.22190426045,-24863.73191059,4731.410864741,0,0,259231.300,2296,16,0,49198.32472589
49400,-23954783.64534,5035739.410536,16664431.75683,0,0,0,-1.007665133052,-0.4533307343837,32167653.84368,30481953.4709365,160183654.0541,0.005622920580962,0,0,0,8.809362014889,1.317160740449e-81,0,2.505702362538,-0.4530082498393,-13.18090057821,-0.5724980378893,1.334378439588,-12.22232137666,-24862.5378302,4731.183638796,0,0,259231.400,2296,16,0,49298.32314771
49500,-23954944.85034,5035695.883009,16664213.21809,0,0,0,-1.007696119603,-0.4533917792909,32168126.94983,30482426.5769926,160186140.2481,0.005622920579688,0,0,0,8.808889304483,1.316967041704e-81,0,2.505686678114,-0.4530691988471,-13.1815617531,-0.5724453827965,1.334385605824,-12.2227384332,-24861.3436617,4730.956396088,0,0,259231.500,2296,16,0,49398.32156959
49600,-23955106.05357,5035652.357328,16663994.6768,0,0,0,-1.007727113671,-0.4534528222899,32168600.03325,30482899.6603229,160188626.3228,0.005622920578414,0,0,0,8.808416518691,1.316773327543e-81,0,2.505670990926,-0.453130145934,-13.18222290716,-0.5723927306756,1.334392772721,-12.22315542657,-24860.14934639,4730.72912544,0,0,259231.600,2296,16,0,49498.31999156
49700,-23955267.25503,5035608.833493,16663776.13294,0,0,0,-1.007758115257,-0.4535138633807,32169073.09394,30483372.7209255,160191112.278,0.00562292057714,0,0,0,8.807943657532,1.316579597987e-81,0,2.505655300974,-0.4531910906722,-13.18288403573,-0.5723400710697,1.334399940279,-12.22357235212,-24858.95502128,4730.50185293,0,0,259231.700,2296,16,0,49598.3184136
49800,-23955428.45472,5035565.311503,16663557.58653,0,0,0,-1.007789124362,-0.4535749025631,32169546.13191,30483845.7587982,160193598.1138,0.005622920575866,0,0,0,8.807470721023,1.316385853059e-81,0,2.505639608032,-0.453252034171,-13.18354515086,-0.5722874192754,1.334407108499,-12.2239892219,-24857.76047105,4730.274537578,0,0,259231.800,2296,16,0,49698.31683571
49900,-23955589.65264,5035521.79136,16663339.03756,0,0,0,-1.007820140986,-0.4536359398371,32170019.14714,30484318.773939,160196083.8301,0.005622920574593,0,0,0,8.806997709185,1.316192092781e-81,0,2.505623914166,-0.4533129752717,-13.18420623998,-0.5722347578996,1.33441427738,-12.22440602334,-24856.56589145,4730.047216639,0,0,259231.900,2296,16,0,49798.3152579
50000,-23955750.8488,5035478.273062,16663120.48603,0,0,0,-1.007851165131,-0.4536969752026,32170492.13964,30484791.7661253,160198569.4281,0.005622920573319,0,0,0,8.806304111661,1.315998317174e-81,0,2.505608213597,-0.4533739145739,-13.18486730959,-0.572182091527,1.334421446921,-12.22482276296,-24855.95043463,4729.9300991,0,0,259232.000,2296,32,0,49898.31368017
50100,-23955912.04318,5035434.756609,16662901.93195,0,0,0,-1.007882196797,-0.4537580086596,32170965.1094,30485264.735796,160201054.9055,0.005622920572045,0,0,0,8.805830950085,1.315804526261e-81,0,2.505592512189,-0.4534348521627,-13.18552836061,-0.5721294258889,1.334428617124,-12.22523944168,-24854.17623305,4729.592479765,0,0,259232.100,2296,32,0,49998.31210252
50200,-23956073.2358,5035391.242003,16662683.3753,0,0,0,-1.007913235985,-0.453819040208,32171438.05642,30485737.6827285,160203540.2633,0.005622920570771,0,0,0,8.805357713243,1.315610720064e-81,0,2.505576807752,-0.4534957876945,-13.18618938931,-0.5720767526872,1.334435787988,-12.22565605578,-24852.98129129,4729.365089908,0,0,259232.200,2296,32,0,50098.31052493
50300,-23956234.42665,5035347.729242,16662464.8161,0,0,0,-1.007944282695,-0.4538800698477,32171910.9807,30486210.6069206,160206025.5017,0.005622920569497,0,0,0,8.804884401154,1.315416898604e-81,0,2.505561100983,-0.4535567212446,-13.18685039652,-0.5720240892348,1.334442959512,-12.22607260608,-24851.78628101,4729.137687013,0,0,259232.300,2296,32,0,50198.30894743
50400,-23956395.61573,5035304.218327,16662246.25434,0,0,0,-1.007975336929,-0.4539410975787,32172383.88225,30486683.5083704,160208510.6206,0.005622920568224,0,0,0,8.804411013837,1.315223061905e-81,0,2.505545392562,-0.4536176528112,-13.18751138221,-0.5719714144515,1.334450131696,-12.22648909258,-24850.59101623,4728.910235688,0,0,259232.400,2296,32,0,50298.30737
50500,-23956556.80305,5035260.709257,16662027.69002,0,0,0,-1.008006398687,-0.4540021234009,32172856.76104,30487156.3870757,160210995.6199,0.00562292056695,0,0,0,8.803937551311,1.315029209988e-81,0,2.505529678104,-0.4536785826484,-13.18817234914,-0.571918733694,1.334457304541,-12.22690551803,-24849.39569272,4728.682773188,0,0,259232.500,2296,32,0,50398.30579265
50600,-23956717.98859,5035217.202033,16661809.12314,0,0,0,-1.00803746797,-0.4540631473143,32173329.61709,30487629.2430345,160213480.4997,0.005622920565676,0,0,0,8.803464013595,1.314835342875e-81,0,2.505513962473,-0.4537395105835,-13.18883329544,-0.5718660558949,1.334464478047,-12.22732188056,-24848.20038879,4728.455314413,0,0,259232.600,2296,32,0,50498.30421537
50700,-23956879.17237,5035173.696655,16661590.55371,0,0,0,-1.008068544779,-0.4541241693187,32173802.4504,30488102.0762447,160215965.26,0.005622920564402,0,0,0,8.802990400708,1.314641460588e-81,0,2.505498244413,-0.4538004362916,-13.18949648355,-0.5718133709169,1.334471652212,-12.22774044264,-24847.00495761,4728.227831423,0,0,259232.700,2296,32,0,50598.30263817
50800,-23957040.35437,5035130.193122,16661371.98171,0,0,0,-1.008099629114,-0.4541851894141,32174275.26095,30488574.8867041,160218449.9007,0.005622920563129,0,0,0,8.802516712669,1.314447563148e-81,0,2.505482523043,-0.4538613604971,-13.19016669792,-0.5717606938603,1.334478827038,-12.22816598871,-24845.80929152,4728.00030373,0,0,259232.800,2296,32,0,50698.30106104
50900,-23957201.53461,5035086.691435,16661153.40716,0,0,0,-1.008130720976,-0.4542462076005,32174748.04874,30489047.6744107,160220934.4219,0.005622920561855,0,0,0,8.802042949498,1.31425365058e-81,0,2.505466798885,-0.4539222824561,-13.19083688758,-0.571708007582,1.334486002523,-12.2285914678,-24844.61361563,4727.772774175,0,0,259232.900,2296,32,0,50798.29948399
51000,-23957362.71308,5035043.191593,16660934.83005,0,0,0,-1.008161820366,-0.4543072238778,32175220.81379,30489520.4391418,160223418.8246,0.005622920560581,0,0,0,8.801348587801,1.314059722902e-81,0,2.505451073531,-0.453983202808,-13.19150705955,-0.5716553139825,1.334493178668,-12.22901688695,-24843.99725829,4727.655485272,0,0,259233.000,2296,32,0,50898.29790702
51100,-23957523.88978,5034999.693597,16660716.25039,0,0,0,-1.008192927284,-0.454368238246,32175693.55608,30489993.1813365,160225903.1066,0.005622920559307,0,0,0,8.800874675355,1.31386578014e-81,0,2.505435341975,-0.4540441209287,-13.19217720699,-0.571602621612,1.334500355473,-12.22944223932,-24842.22186254,4727.317638695,0,0,259233.100,2296,32,0,50998.29633012
51200,-23957685.06471,5034956.197446,16660497.66816,0,0,0,-1.008224041732,-0.4544292507049,32176166.2756,30490465.9007722,160228387.269,0.005622920558033,0,0,0,8.800400687841,1.313671822313e-81,0,2.505419609195,-0.4541050374394,-13.19284733671,-0.5715499231336,1.334507532938,-12.22986753172,-24841.02584407,4727.090043947,0,0,259233.200,2296,32,0,51098.2947533
51300,-23957846.23787,5034912.703141,16660279.08338,0,0,0,-1.00825516371,-0.4544902612545,32176638.97237,30490938.5974466,160230871.3117,0.00562292055676,0,0,0,8.799926625276,1.313477849445e-81,0,2.505403873558,-0.4541659519075,-13.19351744396,-0.5714972344942,1.334514711061,-12.23029275942,-24839.82968856,4726.862423122,0,0,259233.300,2296,32,0,51198.29317655
51400,-23958007.40927,5034869.210681,16660060.49604,0,0,0,-1.008286293219,-0.4545512698947,32177111.64637,30491411.2713579,160233355.2349,0.005622920555486,0,0,0,8.79945248768,1.313283861557e-81,0,2.505388135216,-0.4542268642434,-13.19418752775,-0.5714445342239,1.334521889845,-12.23071792143,-24838.63339601,4726.63477622,0,0,259233.400,2296,32,0,51298.29159988
51500,-23958168.57889,5034825.720067,16659841.90614,0,0,0,-1.00831743026,-0.4546122766255,32177584.29761,30491883.9225038,160235839.0384,0.005622920554212,0,0,0,8.798978275073,1.313089858671e-81,0,2.505372393829,-0.4542877750851,-13.19485759511,-0.571391828636,1.334529069287,-12.23114302478,-24837.43710347,4726.407129318,0,0,259233.500,2296,32,0,51398.29002329
51600,-23958329.74675,5034782.231298,16659623.31368,0,0,0,-1.008348574833,-0.4546732814468,32178056.92608,30492356.5508822,160238322.7223,0.005622920552938,0,0,0,8.798503987473,1.31289584081e-81,0,2.505356651521,-0.4543486836482,-13.1955276374,-0.5713391231075,1.334536249388,-12.23156806085,-24836.24052706,4726.179428399,0,0,259233.600,2296,32,0,51498.28844677
51700,-23958490.91283,5034738.744374,16659404.71867,0,0,0,-1.00837972694,-0.4547342843586,32178529.53178,30492829.1564912,160240806.2865,0.005622920551664,0,0,0,8.798029624899,1.312701807995e-81,0,2.505340902569,-0.4544095904211,-13.19619766,-0.571286396058,1.334543430149,-12.231993035,-24835.04393108,4725.951723754,0,0,259233.700,2296,32,0,51598.28687032
51800,-23958652.07715,5034695.259296,16659186.1211,0,0,0,-1.00841088658,-0.4547952853607,32179002.11471,30493301.7393286,160243289.7311,0.005622920550391,0,0,0,8.79755518737,1.312507760248e-81,0,2.505325152763,-0.4544704954466,-13.19686766338,-0.5712337105282,1.334550611568,-12.23241794773,-24833.84719806,4725.723993033,0,0,259233.800,2296,32,0,51698.28529396
51900,-23958813.2397,5034651.776063,16658967.52097,0,0,0,-1.008442053755,-0.4548562844532,32179474.67487,30493774.2993923,160245773.056,0.005622920549117,0,0,0,8.797080674906,1.312313697592e-81,0,2.505309400076,-0.4545313982918,-13.19753764277,-0.5711809982416,1.334557793646,-12.23284279427,-24832.65039653,4725.496249273,0,0,259233.900,2296,32,0,51798.28371767
52000,-23958974.40048,5034608.294675,16658748.91828,0,0,0,-1.008473228465,-0.4549172816359,32179947.21225,30494246.8364597,160248256.2623,0.005622920547843,0,0,0,8.796385551793,1.312119620048e-81,0,2.505293645133,-0.4545922992125,-13.19820760099,-0.5711282786238,1.334564976382,-12.23326757744,-24832.03296248,4725.37875548,0,0,259234.000,2296,32,0,51898.28214145
52100,-23959135.55949,5034564.815132,16658530.31304,0,0,0,-1.008504410712,-0.4549782769088,32180419.72685,30494719.3509698,160250739.3478,0.005622920546569,0,0,0,8.795910890519,1.311925527637e-81,0,2.505277887917,-0.454653198613,-13.19887754248,-0.571075560684,1.334572159777,-12.2336923017,-24830.25641172,4725.040689111,0,0,259234.100,2296,32,0,51998.28056531
52200,-23959296.71673,5034521.337435,16658311.70524,0,0,0,-1.008535600495,-0.4550392702719,32180892.21868,30495191.8427,160253222.3136,0.005622920545295,0,0,0,8.795436154373,1.311731420383e-81,0,2.505262124973,-0.4547140959666,-13.19954746146,-0.5710228201313,1.334579343831,-12.23411696126,-24829.05929696,4724.812885746,0,0,259234.200,2296,32,0,52098.27898925
52300,-23959457.8722,5034477.861583,16658093.09488,0,0,0,-1.008566797817,-0.455100261725,32181364.68772,30495664.3116482,160255705.1597,0.005622920544022,0,0,0,8.794961343375,1.311537298308e-81,0,2.505246360826,-0.4547749912579,-13.20021735775,-0.5709701218923,1.334586528542,-12.23454155596,-24827.86200601,4724.585048854,0,0,259234.300,2296,32,0,52198.27741326
52400,-23959619.0259,5034434.387577,16657874.48196,0,0,0,-1.008598002676,-0.4551612512681,32181837.13397,30496136.7578123,160258187.886,0.005622920542748,0,0,0,8.794486457544,1.311343161433e-81,0,2.505230594423,-0.4548358843817,-13.2008872302,-0.5709173964642,1.334593713912,-12.23496608464,-24826.6646857,4724.357206374,0,0,259234.400,2296,32,0,52298.27583735
52500,-23959780.17783,5034390.915415,16657655.86648,0,0,0,-1.008629215075,-0.4552222389011,32182309.55745,30496609.1811902,160260670.4926,0.005622920541474,0,0,0,8.794011496898,1.311149009781e-81,0,2.505214824483,-0.4548967759,-13.20155708498,-0.570864664639,1.334600899939,-12.23539055349,-24825.46723813,4724.12933968,0,0,259234.500,2296,32,0,52398.27426152
52600,-23959941.32799,5034347.445099,16657437.24845,0,0,0,-1.008660435014,-0.455283224624,32182781.95813,30497081.5817798,160263152.9795,0.0056229205402,0,0,0,8.793536461456,1.310954843372e-81,0,2.505199052121,-0.4549576653795,-13.20222691734,-0.5708119200002,1.334608086625,-12.23581495776,-24824.26962417,4723.901441321,0,0,259234.600,2296,32,0,52498.27268576
52700,-23960102.47638,5034303.976628,16657218.62786,0,0,0,-1.008691662494,-0.4553442084367,32183254.33602,30497553.9595791,160265635.3465,0.005622920538926,0,0,0,8.793061351239,1.31076066223e-81,0,2.505183278213,-0.455018552974,-13.20289672896,-0.5707591798467,1.334615273968,-12.23623929914,-24823.07205915,4723.673552275,0,0,259234.700,2296,32,0,52598.27111008
52800,-23960263.62301,5034260.510002,16657000.00472,0,0,0,-1.008722897515,-0.4554051903392,32183726.69112,30498026.314586,160268117.5938,0.005622920537653,0,0,0,8.792586166264,1.310566466376e-81,0,2.505167498119,-0.4550794388756,-13.20356652196,-0.5707064681131,1.334622461968,-12.23666357975,-24821.87420049,4723.445607349,0,0,259234.800,2296,32,0,52698.26953447
52900,-23960424.76786,5034217.045221,16656781.37901,0,0,0,-1.008754140079,-0.4554661703313,32184199.02343,30498498.6467984,160270599.7214,0.005622920536379,0,0,0,8.792110906551,1.310372255831e-81,0,2.505151717065,-0.4551403226421,-13.20423629147,-0.5706537306847,1.334629650627,-12.23708779473,-24820.67634182,4723.217662424,0,0,259234.900,2296,32,0,52798.26795894
53000,-23960585.91095,5034173.582285,16656562.75075,0,0,0,-1.008785390185,-0.4555271484131,32184671.33294,30498970.9559937,160273081.7303,0.005622920535105,0,0,0,8.791415024783,1.310178030619e-81,0,2.505135932761,-0.4552012047289,-13.2049060425,-0.5706009850681,1.334636839942,-12.2375119491,-24820.05776254,4723.099950701,0,0,259235.000,2296,32,0,52898.26638349
53100,-23960747.05226,5034130.121194,16656344.11994,0,0,0,-1.008816647836,-0.4555881245844,32185143.61965,30499443.2426108,160275563.6182,0.005622920533831,0,0,0,8.790939616725,1.309983790761e-81,0,2.505120146252,-0.4552620843867,-13.20557576681,-0.5705482416212,1.334644029915,-12.23793603462,-24818.2801938,4722.761690617,0,0,259235.100,2296,32,0,52998.26480811
53200,-23960908.1918,5034086.661949,16656125.48656,0,0,0,-1.008847913031,-0.4556490988452,32185615.88356,30499915.5064272,160278045.3863,0.005622920532557,0,0,0,8.790464133994,1.309789536279e-81,0,2.505104356318,-0.4553229625106,-13.20624547425,-0.570495474875,1.334651220545,-12.23836006114,-24817.08196318,4722.533674911,0,0,259235.200,2296,32,0,53098.2632328
53300,-23961069.32958,5034043.204548,16655906.85063,0,0,0,-1.008879185771,-0.4557100711954,32186088.12466,30500387.7474407,160280527.0346,0.005622920531284,0,0,0,8.789988576608,1.309595267196e-81,0,2.505088565485,-0.4553838386594,-13.20691515995,-0.5704427471401,1.334658411832,-12.23878402382,-24815.883527,4722.305620089,0,0,259235.300,2296,32,0,53198.26165758
53400,-23961230.46558,5033999.748993,16655688.21214,0,0,0,-1.008910466057,-0.455771041635,32186560.34297,30500859.9656494,160283008.563,0.00562292053001,0,0,0,8.789512944586,1.309400983532e-81,0,2.505072767847,-0.4554447130528,-13.20758482635,-0.5703899997231,1.334665603776,-12.23920792507,-24814.68507125,4722.077561542,0,0,259235.400,2296,32,0,53298.26008243
53500,-23961391.59982,5033956.295282,16655469.57109,0,0,0,-1.00894175389,-0.4558320101639,32187032.53846,30501332.161051,160285489.9716,0.005622920528736,0,0,0,8.789037237947,1.309206685309e-81,0,2.505056969841,-0.4555055852375,-13.20825446845,-0.5703372424004,1.334672796376,-12.23963175993,-24813.48655677,4721.84949182,0,0,259235.500,2296,32,0,53398.25850735
53600,-23961552.73228,5033912.843416,16655250.92749,0,0,0,-1.00897304927,-0.455892976782,32187504.71115,30501804.3336436,160287971.2603,0.005622920527462,0,0,0,8.788561456711,1.309012372551e-81,0,2.505041168547,-0.4555664556647,-13.20892409122,-0.5702844848089,1.334679989634,-12.24005553335,-24812.28780737,4721.621377394,0,0,259235.600,2296,32,0,53498.25693236
53700,-23961713.86298,5033869.393395,16655032.28133,0,0,0,-1.009004352199,-0.4559539414893,32187976.86102,30502276.483425,160290452.4291,0.005622920526188,0,0,0,8.788085600896,1.308818045279e-81,0,2.505025364877,-0.455627324175,-13.2095936929,-0.5702317062829,1.334687183547,-12.24047924359,-24811.08907754,4721.393266693,0,0,259235.700,2296,32,0,53598.25535743
53800,-23961874.9919,5033825.94522,16654813.63261,0,0,0,-1.009035662677,-0.4560149042856,32188448.98809,30502748.6103932,160292933.4781,0.005622920524915,0,0,0,8.787609670522,1.308623703514e-81,0,2.505009559599,-0.4556881907083,-13.21026327283,-0.5701789684511,1.334694378117,-12.24090289,-24809.89017153,4721.165122464,0,0,259235.800,2296,32,0,53698.25378259
53900,-23962036.11906,5033782.498889,16654594.98133,0,0,0,-1.009066980705,-0.456075865171,32188921.09233,30503220.7145461,160295414.4072,0.005622920523641,0,0,0,8.787133665608,1.30842934728e-81,0,2.504993748129,-0.4557490551177,-13.21093282939,-0.5701262053034,1.334701573344,-12.24132647097,-24808.69112848,4720.936952159,0,0,259235.900,2296,32,0,53798.25220782
54000,-23962197.24444,5033739.054403,16654376.3275,0,0,0,-1.009098306284,-0.4561368241454,32189393.17376,30503692.795661,160297895.2175,0.005622920522367,0,0,0,8.786437027951,1.308234976596e-81,0,2.504977935293,-0.455809918145,-13.21160237076,-0.5700734325727,1.334708769226,-12.24174999465,-24808.07158016,4720.819056034,0,0,259236.000,2296,32,0,53898.25063312
54100,-23962358.36806,5033695.611762,16654157.67111,0,0,0,-1.009129639414,-0.4561977812087,32189865.23237,30504164.854177,160300375.9068,0.005622920521093,0,0,0,8.785960875158,1.308040591486e-81,0,2.504962120478,-0.4558707787714,-13.21227188571,-0.5700206466279,1.334715965765,-12.24217344986,-24806.29284662,4720.480574295,0,0,259236.100,2296,32,0,53998.24905851
54200,-23962519.4899,5033652.170965,16653939.01217,0,0,0,-1.009160980096,-0.4562587363609,32190337.26816,30504636.8898714,160302856.4761,0.005622920519819,0,0,0,8.78548464789,1.307846191971e-81,0,2.504946302065,-0.4559316376145,-13.21294138104,-0.5699678720043,1.334723162959,-12.24259684339,-24805.0935295,4720.252351835,0,0,259236.200,2296,32,0,54098.24748396
54300,-23962680.60998,5033608.732014,16653720.35067,0,0,0,-1.009192328331,-0.4563196896018,32190809.28113,30505108.9027423,160305336.9255,0.005622920518546,0,0,0,8.785008346164,1.307651778074e-81,0,2.504930480756,-0.4559924947244,-13.2136108573,-0.5699151221644,1.33473036081,-12.2430201758,-24803.89407534,4720.024103299,0,0,259236.300,2296,32,0,54198.2459095
54400,-23962841.72828,5033565.294907,16653501.68661,0,0,0,-1.009223684119,-0.4563806409314,32191281.27127,30505580.8927874,160307817.2549,0.005622920517272,0,0,0,8.784531970001,1.307457349816e-81,0,2.504914658567,-0.4560533498371,-13.2142803116,-0.5698623455366,1.334737559316,-12.24344344418,-24802.69467013,4719.795864075,0,0,259236.400,2296,32,0,54298.24433511
54500,-23963002.84482,5033521.859645,16653283.01999,0,0,0,-1.009255047462,-0.4564415903497,32191753.23858,30506052.8600047,160310297.4644,0.005622920515998,0,0,0,8.784055519419,1.307262907219e-81,0,2.504898829927,-0.456114202849,-13.21494974278,-0.5698095601272,1.334744758477,-12.24386664741,-24801.49493211,4719.567561522,0,0,259236.500,2296,32,0,54398.2427608
54600,-23963163.95958,5033478.426228,16653064.35082,0,0,0,-1.009286418361,-0.4565025378566,32192225.18306,30506524.8043922,160312777.5539,0.005622920514724,0,0,0,8.783578994438,1.307068450306e-81,0,2.504883000269,-0.456175054144,-13.21561915508,-0.5697567604842,1.334751958294,-12.24428978972,-24800.29514516,4719.339249656,0,0,259236.600,2296,32,0,54498.24118656
54700,-23963325.07257,5033434.994655,16652845.67909,0,0,0,-1.009317796815,-0.456563483452,32192697.10471,30506996.7259477,160315257.5234,0.00562292051345,0,0,0,8.783102395076,1.306873979097e-81,0,2.504867167831,-0.4562359031905,-13.21628854264,-0.5697039748547,1.334759158766,-12.24471286526,-24799.09532884,4719.110932201,0,0,259236.700,2296,32,0,54598.2396124
54800,-23963486.1838,5033391.564928,16652627.0048,0,0,0,-1.009349182826,-0.4566244271358,32193169.00353,30507468.6246692,160317737.3729,0.005622920512177,0,0,0,8.782625721353,1.306679493615e-81,0,2.50485133236,-0.4562967507376,-13.21695791371,-0.5696512097666,1.334766359894,-12.24513588228,-24797.89534612,4718.882583082,0,0,259236.800,2296,32,0,54698.23803831
54900,-23963647.29325,5033348.137044,16652408.32796,0,0,0,-1.009380576394,-0.4566853689081,32193640.87951,30507940.5005546,160320217.1025,0.005622920510903,0,0,0,8.782148973288,1.306484993882e-81,0,2.504835495856,-0.4563575962415,-13.2176272623,-0.5695984205083,1.334773561676,-12.2455588348,-24796.69526551,4718.654215336,0,0,259236.900,2296,32,0,54798.23646431
55000,-23963808.40093,5033304.711006,16652189.64856,0,0,0,-1.009411977521,-0.4567463087687,32194112.73265,30508412.3533812,160322696.7131,0.005622920509629,0,0,0,8.781451582514,1.30629047992e-81,0,2.504819652432,-0.456418439837,-13.2182965899,-0.5695456223576,1.334780764113,-12.24598172432,-24796.07453281,4718.536093831,0,0,259237.000,2296,32,0,54898.23489037
55100,-23963969.50684,5033261.286812,16651970.96661,0,0,0,-1.009443386206,-0.4568072467175,32194584.56295,30508884.1835882,160325176.2026,0.005622920508355,0,0,0,8.780974687038,1.306095951751e-81,0,2.504803808754,-0.4564792813559,-13.21896589465,-0.5694928094744,1.334787967206,-12.24640454898,-24794.29466383,4718.197396025,0,0,259237.100,2296,32,0,54998.23331652
55200,-23964130.61098,5033217.864463,16651752.28209,0,0,0,-1.009474802452,-0.4568681827546,32195056.37041,30509355.9909529,160327655.5721,0.005622920507081,0,0,0,8.780497717283,1.305901409396e-81,0,2.504787961686,-0.456540121186,-13.21963518082,-0.5694400096707,1.334795170952,-12.24682731307,-24793.09422106,4717.968959361,0,0,259237.200,2296,32,0,55098.23174274
55300,-23964291.71335,5033174.443958,16651533.59503,0,0,0,-1.009506226258,-0.4569291168797,32195528.15503,30509827.7754731,160330134.8215,0.005622920505808,0,0,0,8.780020673271,1.305706852877e-81,0,2.504772112368,-0.4566009588155,-13.22030444279,-0.569387233834,1.334802375354,-12.24725001096,-24791.89369998,4717.740507796,0,0,259237.300,2296,32,0,55198.23016903
55400,-23964452.81395,5033131.025299,16651314.9054,0,0,0,-1.009537657625,-0.456990049093,32195999.9168,30510299.5371468,160332613.9508,0.005622920504534,0,0,0,8.779543555019,1.305512282217e-81,0,2.504756259826,-0.4566617948467,-13.22097368717,-0.5693344314206,1.33480958041,-12.24767264927,-24790.69309081,4717.512039468,0,0,259237.400,2296,32,0,55298.22859541
55500,-23964613.91278,5033087.608483,16651096.21322,0,0,0,-1.009569096554,-0.4570509793943,32196471.65572,30510771.2759721,160335092.9601,0.00562292050326,0,0,0,8.779066362546,1.305317697437e-81,0,2.504740405792,-0.4567226287224,-13.22164290785,-0.569281621087,1.33481678612,-12.24809522188,-24789.49228588,4717.283533886,0,0,259237.500,2296,32,0,55398.22702186
55600,-23964775.00984,5033044.193512,16650877.51848,0,0,0,-1.009600543046,-0.4571119077835,32196943.37179,30511242.9919466,160337571.8493,0.005622920501986,0,0,0,8.778589095873,1.305123098558e-81,0,2.504724545841,-0.4567834607429,-13.22231210811,-0.5692287937007,1.334823992484,-12.24851773211,-24788.29148094,4717.055028304,0,0,259237.600,2296,32,0,55498.22544838
55700,-23964936.10512,5033000.780386,16650658.82119,0,0,0,-1.009631997102,-0.4571728342605,32197415.065,30511714.6850685,160340050.6184,0.005622920500712,0,0,0,8.778111755018,1.304928485604e-81,0,2.504708684544,-0.4568442908496,-13.22298128732,-0.5691759814823,1.334831199503,-12.24894017932,-24787.09051939,4716.826492921,0,0,259237.700,2296,32,0,55598.22387498
55800,-23965097.19864,5032957.369104,16650440.12134,0,0,0,-1.009663458722,-0.4572337588254,32197886.73537,30512186.3553356,160342529.2674,0.005622920499439,0,0,0,8.77763434,1.304733858596e-81,0,2.504692820814,-0.4569051190368,-13.22365044541,-0.5691231925933,1.334838407175,-12.24936256345,-24785.88944038,4716.597935185,0,0,259237.800,2296,32,0,55698.22230166
55900,-23965258.29038,5032913.959666,16650221.41893,0,0,0,-1.009694927907,-0.4572946814781,32198358.38287,30512658.0027458,160345007.7963,0.005622920498165,0,0,0,8.777156850838,1.304539217555e-81,0,2.504676953994,-0.4569659452798,-13.22431958211,-0.5690703752313,1.334845615502,-12.24978488423,-24784.68822434,4716.369351372,0,0,259237.900,2296,32,0,55798.22072841
56000,-23965419.38036,5032870.552074,16650002.71397,0,0,0,-1.009726404658,-0.4573556022184,32198830.00752,30513129.6270765,160347486.2062,0.005622920496891,0,0,0,8.776458709723,1.304344562504e-81,0,2.504661083997,-0.4570267700409,-13.22498870252,-0.5690175524662,1.334852824482,-12.25020714676,-24784.06657155,4716.251054779,0,0,259238.000,2296,32,0,55898.21915524
56100,-23965580.46856,5032827.146325,16649784.00645,0,0,0,-1.009757888976,-0.4574165210463,32199301.60931,30513601.2287668,160349964.4948,0.005622920495617,0,0,0,8.775981073618,1.304149893464e-81,0,2.504645213435,-0.4570875919398,-13.22565779144,-0.5689647132487,1.334860034115,-12.25062933585,-24782.28563564,4715.912153944,0,0,259238.100,2296,32,0,55998.21758215
56200,-23965741.55499,5032783.742421,16649565.29637,0,0,0,-1.009789380861,-0.4574774379618,32199773.18823,30514072.807594,160352442.6633,0.005622920494343,0,0,0,8.775503363433,1.303955210457e-81,0,2.50462933616,-0.4571484127347,-13.22632686821,-0.568911887505,1.334867244403,-12.25105147086,-24781.08410637,4715.683510527,0,0,259238.200,2296,32,0,56098.21600913
56300,-23965902.63965,5032740.340361,16649346.58374,0,0,0,-1.009820880315,-0.4575383529648,32200244.74429,30514544.363556,160354920.7116,0.00562292049307,0,0,0,8.775025579189,1.303760513506e-81,0,2.504613457713,-0.4572092313451,-13.22699592095,-0.5688590857246,1.334874455343,-12.2514735399,-24779.88246943,4715.454846621,0,0,259238.300,2296,32,0,56198.21443619
56400,-23966063.72254,5032696.940146,16649127.86855,0,0,0,-1.009852387337,-0.4575992660552,32200716.27748,30515015.8966508,160357398.6398,0.005622920491796,0,0,0,8.774547720904,1.303565802631e-81,0,2.504597576656,-0.4572700480289,-13.2276649525,-0.568806257232,1.334881666937,-12.25189554582,-24778.68078355,4715.226173401,0,0,259238.400,2296,32,0,56298.21286332
56500,-23966224.80366,5032653.541775,16648909.15081,0,0,0,-1.009883901929,-0.457660177233,32201187.7878,30515487.4068764,160359876.4478,0.005622920490522,0,0,0,8.774069788597,1.303371077855e-81,0,2.504581692598,-0.4573308628253,-13.22833396328,-0.568753419175,1.334888879184,-12.25231748905,-24777.47893127,4714.997468516,0,0,259238.500,2296,32,0,56398.21129054
56600,-23966385.88301,5032610.145248,16648690.43051,0,0,0,-1.009915424092,-0.457721086498,32201659.27525,30515958.8942305,160362354.1356,0.005622920489248,0,0,0,8.773591782288,1.3031763392e-81,0,2.504565807283,-0.4573916758126,-13.22900295416,-0.5687005671376,1.334896092083,-12.25273937047,-24776.27703984,4714.768756181,0,0,259238.600,2296,32,0,56498.20971782
56700,-23966546.96059,5032566.750566,16648471.70765,0,0,0,-1.009946953826,-0.4577819938503,32202130.73983,30516430.3587112,160364831.7031,0.005622920487974,0,0,0,8.773113701996,1.302981586687e-81,0,2.504549915424,-0.4574524867712,-13.22967192273,-0.568647729044,1.334903305636,-12.25316118766,-24775.07489391,4714.539995417,0,0,259238.700,2296,32,0,56598.20814519
56800,-23966708.03639,5032523.357727,16648252.98224,0,0,0,-1.009978491132,-0.4578428992898,32202602.18153,30516901.8003164,160367309.1505,0.005622920486701,0,0,0,8.77263554774,1.302786820339e-81,0,2.504534022783,-0.4575132959528,-13.23034087174,-0.568594914932,1.334910519842,-12.2535829434,-24773.87269904,4714.31122534,0,0,259238.800,2296,32,0,56698.20657263
56900,-23966869.11042,5032479.966734,16648034.25427,0,0,0,-1.01001003601,-0.4579038028163,32203073.60035,30517373.2190439,160369786.4777,0.005622920485427,0,0,0,8.77215731954,1.302592040176e-81,0,2.504518127256,-0.4575741028866,-13.23100979603,-0.5685420719109,1.3349177347,-12.25400463251,-24772.67047481,4714.082449675,0,0,259238.900,2296,32,0,56798.20500014
57000,-23967030.18269,5032436.577584,16647815.52375,0,0,0,-1.010041588462,-0.4579647044299,32203544.9963,30517844.6146712,160372263.6858,0.005622920484153,0,0,0,8.771458430864,1.302397246222e-81,0,2.504502229164,-0.4576349083136,-13.23167870374,-0.5684892214087,1.33492495021,-12.25442626316,-24772.04765721,4713.963931426,0,0,259239.000,2296,32,0,56898.20342774
57100,-23967191.25318,5032393.190278,16647596.79067,0,0,0,-1.010073148489,-0.4580256041305,32204016.36936,30518315.9876374,160374740.7725,0.005622920482879,0,0,0,8.770980056188,1.302202438497e-81,0,2.504486327596,-0.4576957113769,-13.23234758545,-0.5684363580321,1.334932166373,-12.25484782592,-24770.26548798,4713.624795899,0,0,259239.100,2296,32,0,56998.20185541
57200,-23967352.3219,5032349.804817,16647378.05503,0,0,0,-1.010104716091,-0.4580865019179,32204487.71954,30518787.3377197,160377217.7389,0.005622920481606,0,0,0,8.770501607632,1.302007617025e-81,0,2.504470425267,-0.4577565126753,-13.23301644775,-0.5683835056773,1.334939383188,-12.25526932738,-24769.06292116,4713.395955041,0,0,259239.200,2296,32,0,57098.20028315
57300,-23967513.38884,5032306.4212,16647159.31684,0,0,0,-1.010136291268,-0.4581473977922,32204959.04683,30519258.6649162,160379694.5851,0.005622920480332,0,0,0,8.770023085215,1.301812781825e-81,0,2.504454516579,-0.4578173120823,-13.23368528924,-0.5683306777327,1.334946600656,-12.25569076616,-24767.86028582,4713.167101145,0,0,259239.300,2296,32,0,57198.19871097
57400,-23967674.45402,5032263.039427,16646940.57609,0,0,0,-1.010167874022,-0.4582082917533,32205430.35124,30519729.9692247,160382171.3109,0.005622920479058,0,0,0,8.769544488956,1.301617932921e-81,0,2.50443860688,-0.4578781098452,-13.23435411264,-0.5682778089187,1.334953818775,-12.25611214499,-24766.65740577,4712.938200682,0,0,259239.400,2296,32,0,57298.19713887
57500,-23967835.51742,5032219.659499,16646721.83279,0,0,0,-1.010199464354,-0.458269183801,32205901.63275,30520201.2506432,160384647.9165,0.005622920477784,0,0,0,8.769065818875,1.301423070334e-81,0,2.50442269426,-0.4579389053535,-13.23502291124,-0.568224958512,1.334961037546,-12.25653345715,-24765.45451593,4712.709298357,0,0,259239.500,2296,32,0,57398.19556685
57600,-23967996.57906,5032176.281414,16646503.08693,0,0,0,-1.010231062264,-0.4583300739355,32206372.89137,30520672.5091696,160387124.4018,0.00562292047651,0,0,0,8.76858707499,1.301228194086e-81,0,2.504406778751,-0.4579996988051,-13.23569168721,-0.5681720803728,1.334968256969,-12.25695470484,-24764.25149885,4712.480371818,0,0,259239.600,2296,32,0,57498.1939949
57700,-23968157.63892,5032132.905173,16646284.33852,0,0,0,-1.010262667752,-0.4583909621565,32206844.1271,30521143.7448019,160389600.7668,0.005622920475237,0,0,0,8.768108257322,1.301033304198e-81,0,2.504390860172,-0.458060490682,-13.23636044587,-0.5681192158265,1.334975477044,-12.25737589335,-24763.04846219,4712.251441553,0,0,259239.700,2296,32,0,57598.19242302
57800,-23968318.69701,5032089.530777,16646065.58755,0,0,0,-1.010294280821,-0.458451848464,32207315.33994,30521614.9575379,160392077.0115,0.005622920473963,0,0,0,8.767629365888,1.300838400693e-81,0,2.504374940647,-0.4581212806677,-13.23702918371,-0.5680663761135,1.33498269777,-12.25779701921,-24761.84520039,4712.022468448,0,0,259239.800,2296,32,0,57698.19085123
57900,-23968479.75333,5032046.158224,16645846.83402,0,0,0,-1.01032590147,-0.4585127328579,32207786.52987,30522086.1473756,160394553.1359,0.005622920472689,0,0,0,8.767150400709,1.300643483592e-81,0,2.504359014796,-0.4581820684449,-13.23769789726,-0.5680135079954,1.334989919148,-12.25821807894,-24760.64178199,4711.79346554,0,0,259239.900,2296,32,0,57798.18927951
58000,-23968640.80787,5032002.787516,16645628.07794,0,0,0,-1.0103575297,-0.4585736153383,32208257.69691,30522557.3140923,160397029.141,0.005622920471415,0,0,0,8.766450767259,1.300448552917e-81,0,2.504343087755,-0.4582428543769,-13.23836659052,-0.567960631436,1.334997141177,-12.25863907654,-24760.01789747,4711.674744263,0,0,259240.000,2296,32,0,57898.18770786
58100,-23968801.86065,5031959.418651,16645409.3193,0,0,0,-1.010389165512,-0.4586344959049,32208728.84104,30523028.4581272,160399505.0247,0.005622920470141,0,0,0,8.765971656074,1.30025360869e-81,0,2.504327157685,-0.4583036385469,-13.23903526438,-0.5679077406316,1.335004363857,-12.25906001294,-24758.23471027,4711.335415021,0,0,259240.100,2296,32,0,57998.1861363
58200,-23968962.91165,5031916.051631,16645190.55811,0,0,0,-1.010420808907,-0.4586953745578,32209199.96227,30523499.5792575,160401980.788,0.005622920468868,0,0,0,8.765492471208,1.300058650933e-81,0,2.504311225027,-0.458364420954,-13.23970391886,-0.5678548629429,1.335011587188,-12.25948088812,-24757.03106673,4711.106369272,0,0,259240.200,2296,32,0,58098.18456481
58300,-23969123.96088,5031872.686454,16644971.79436,0,0,0,-1.010452459886,-0.4587562512969,32209671.06059,30523970.6774813,160404456.4309,0.005622920467594,0,0,0,8.765013212681,1.299863679667e-81,0,2.504295291135,-0.4584252007777,-13.24037254492,-0.5678020097641,1.33501881117,-12.25990169307,-24755.82729595,4710.877299309,0,0,259240.300,2296,32,0,58198.18299339
58400,-23969285.00834,5031829.323122,16644753.02806,0,0,0,-1.010484118449,-0.4588171261221,32210142.136,30524441.7527964,160406931.9534,0.00562292046632,0,0,0,8.764533880511,1.299668694914e-81,0,2.504279350548,-0.4584859792572,-13.24104115619,-0.5677491276721,1.335026035803,-12.26032244142,-24754.62330983,4710.648188367,0,0,259240.400,2296,32,0,58298.18142205
58500,-23969446.05402,5031785.961633,16644534.2592,0,0,0,-1.010515784597,-0.4588779990334,32210613.1885,30524912.8052008,160409407.3555,0.005622920465046,0,0,0,8.764054474718,1.299473696697e-81,0,2.504263409261,-0.4585467556916,-13.24170974496,-0.5676962380092,1.335033261087,-12.26074312548,-24753.41930413,4710.419073701,0,0,259240.500,2296,32,0,58398.17985079
58600,-23969607.09794,5031742.601988,16644315.48778,0,0,0,-1.010547458331,-0.4589388700306,32211084.21809,30525383.8346924,160411882.6372,0.005622920463772,0,0,0,8.763574995321,1.299278685036e-81,0,2.504247464761,-0.458607530428,-13.24237831505,-0.5676433345879,1.335040487021,-12.26116374906,-24752.2151614,4710.189932957,0,0,259240.600,2296,32,0,58498.17827961
58700,-23969768.14008,5031699.244187,16644096.71381,0,0,0,-1.010579139651,-0.4589997391138,32211555.22476,30525854.8412691,160414357.7986,0.005622920462499,0,0,0,8.763095442339,1.299083659954e-81,0,2.504231518122,-0.4586683025276,-13.24304685614,-0.5675904433406,1.335047713605,-12.26158430185,-24751.01095014,4709.960779175,0,0,259240.700,2296,32,0,58598.1767085
58800,-23969929.18045,5031655.88823,16643877.93729,0,0,0,-1.010610828559,-0.4590606062829,32212026.20852,30526325.824929,160416832.8394,0.005622920461225,0,0,0,8.762615815792,1.298888621472e-81,0,2.504215567781,-0.4587290733909,-13.24371538362,-0.567537576872,1.33505494084,-12.26200479925,-24749.80652355,4709.731584415,0,0,259240.800,2296,32,0,58698.17513746
58900,-23970090.21905,5031612.534117,16643659.15821,0,0,0,-1.010642525055,-0.4591214715377,32212497.16936,30526796.7856698,160419307.7599,0.005622920459951,0,0,0,8.762136115699,1.298693569612e-81,0,2.504199616775,-0.4587898418268,-13.2443838844,-0.5674846828777,1.335062168725,-12.26242522818,-24748.60211653,4709.50239338,0,0,259240.900,2296,32,0,58798.17356651
59000,-23970251.25587,5031569.181847,16643440.37657,0,0,0,-1.010674229141,-0.4591823348783,32212968.10728,30527267.723269,160421782.561,0.005622920458677,0,0,0,8.761435740264,1.298498504396e-81,0,2.504183659098,-0.4588506089853,-13.24505237113,-0.567431779513,1.33506939726,-12.26284560128,-24747.97718467,4709.3834728,0,0,259241.000,2296,32,0,58898.17199563
59100,-23970412.29093,5031525.831422,16643221.59238,0,0,0,-1.010705940816,-0.4592431963045,32213439.02227,30527738.6381656,160424257.2405,0.005622920457403,0,0,0,8.760955894635,1.298303425845e-81,0,2.5041677007,-0.4589113738766,-13.24572083292,-0.5673788619828,1.335076626446,-12.26326590768,-24746.1928816,4709.043931216,0,0,259241.100,2296,32,0,58998.17042483
59200,-23970573.32421,5031482.48284,16643002.80564,0,0,0,-1.010737660081,-0.4593040558163,32213909.91434,30528209.530137,160426731.7996,0.00562292045613,0,0,0,8.760475975525,1.298108333982e-81,0,2.504151739422,-0.4589721366928,-13.24638927188,-0.5673259598808,1.33508385628,-12.26368614949,-24744.98817114,4708.814682439,0,0,259241.200,2296,32,0,59098.1688541
59300,-23970734.35571,5031439.136101,16642784.01634,0,0,0,-1.010769386938,-0.4593649134137,32214380.78348,30528680.3991812,160429206.2382,0.005622920454856,0,0,0,8.759995982953,1.297913228828e-81,0,2.504135774883,-0.4590328978174,-13.24705769223,-0.5672730803591,1.335091086765,-12.26410633094,-24743.78327471,4708.585398272,0,0,259241.300,2296,32,0,59198.16728345
59400,-23970895.38545,5031395.791207,16642565.22448,0,0,0,-1.010801121387,-0.4594257690965,32214851.6297,30529151.2452961,160431680.5563,0.005622920453582,0,0,0,8.759515916938,1.297718110404e-81,0,2.504119807813,-0.4590936565629,-13.24772608641,-0.5672201715448,1.335098317899,-12.26452644447,-24742.5783587,4708.356110379,0,0,259241.400,2296,32,0,59298.16571288
59500,-23971056.41341,5031352.448156,16642346.43007,0,0,0,-1.010832863429,-0.4594866228647,32215322.45298,30529622.0684795,160434154.7538,0.005622920452308,0,0,0,8.759035777499,1.297522978734e-81,0,2.504103839461,-0.459154413717,-13.24839446308,-0.5671672560462,1.335105549683,-12.26494649876,-24741.37324693,4708.126785234,0,0,259241.500,2296,32,0,59398.16414238
59600,-23971217.43961,5031309.106949,16642127.6331,0,0,0,-1.010864613064,-0.4595474747182,32215793.25333,30530092.8687295,160436628.8309,0.005622920451034,0,0,0,8.758555564656,1.297327833837e-81,0,2.504087864648,-0.4592151692372,-13.24906282178,-0.5671143259023,1.335112782116,-12.26536649333,-24740.1680177,4707.897437736,0,0,259241.600,2296,32,0,59498.16257196
59700,-23971378.46402,5031265.767586,16641908.83358,0,0,0,-1.010896370294,-0.4596083246571,32216264.03074,30530563.646044,160439102.7874,0.005622920449761,0,0,0,8.758075278429,1.297132675737e-81,0,2.504071888732,-0.4592759228241,-13.24973115921,-0.5670614094736,1.335120015198,-12.26578642491,-24738.96268079,4707.66806975,0,0,259241.700,2296,32,0,59598.16100162
59800,-23971539.48667,5031222.430066,16641690.03151,0,0,0,-1.010928135119,-0.4596691726811,32216734.78522,30531034.4004209,160441576.6234,0.005622920448487,0,0,0,8.757594918836,1.296937504454e-81,0,2.504055910072,-0.4593366741525,-13.2503994718,-0.5670085175955,1.33512724893,-12.26620628993,-24737.75723622,4707.438681275,0,0,259241.800,2296,32,0,59698.15943135
59900,-23971700.50754,5031179.09439,16641471.22687,0,0,0,-1.01095990754,-0.4597300187902,32217205.51675,30531505.1318581,160444050.3389,0.005622920447213,0,0,0,8.757114485896,1.296742320011e-81,0,2.504039928651,-0.4593974233452,-13.25106776089,-0.566955596377,1.33513448331,-12.26662608974,-24736.55175249,4707.209285349,0,0,259241.900,2296,32,0,59798.15786116
60000,-23971861.52664,5031135.760557,16641252.41969,0,0,0,-1.010991687557,-0.4597908629845,32217676.22535,30531975.840133,160446523.9349,0.005622920445939,0,0,0,8.756413371272,1.296547122429e-81,0,2.5040239457,-0.4594581714532,-13.25173603805,-0.5669026667449,1.335141718339,-12.2670458359,-24735.9257635,4707.090163603,0,0,259242.000,2296,32,0,59898.15629104
60100,-23972022.54397,5031092.428568,16641033.60995,0,0,0,-1.011023475172,-0.4598517052637,32218146.911,30532446.5256847,160448997.4092,0.005622920444665,0,0,0,8.755932793268,1.29635191173e-81,0,2.504007956268,-0.4595189171885,-13.25240428911,-0.5668497238425,1.335148954017,-12.26746551426,-24734.14027605,4706.750396639,0,0,259242.100,2296,32,0,59998.154721
60200,-23972183.55953,5031049.098423,16640814.79765,0,0,0,-1.011055270386,-0.4599125456279,32218617.5737,30532917.1882905,160451470.763,0.005622920443392,0,0,0,8.755452141982,1.296156687936e-81,0,2.503991966271,-0.4595796606592,-13.25307251525,-0.5667967938241,1.335156190344,-12.26788512601,-24732.93443994,4706.520933658,0,0,259242.200,2296,32,0,60098.15315104
60300,-23972344.57331,5031005.770121,16640595.9828,0,0,0,-1.011087073198,-0.4599733840769,32219088.21346,30533387.8279485,160453943.9961,0.005622920442118,0,0,0,8.754971417434,1.295961451068e-81,0,2.503975973002,-0.4596404027085,-13.25374072576,-0.5667438889809,1.335163427319,-12.26830468043,-24731.72844723,4706.291440874,0,0,259242.300,2296,32,0,60198.15158116
60400,-23972505.58532,5030962.443662,16640377.1654,0,0,0,-1.011118883611,-0.4600342206108,32219558.83026,30533858.4446564,160456417.1087,0.005622920440844,0,0,0,8.754490619643,1.295766201148e-81,0,2.503959977425,-0.4597011424452,-13.25440891083,-0.5666909533099,1.335170664942,-12.26872416772,-24730.52234684,4706.061927602,0,0,259242.400,2296,32,0,60298.15001135
60500,-23972666.59555,5030919.119047,16640158.34544,0,0,0,-1.011150701624,-0.4600950552294,32220029.42412,30534329.0384123,160458890.1006,0.00562292043957,0,0,0,8.754009748628,1.295570938198e-81,0,2.50394397846,-0.4597618802527,-13.25507707467,-0.5666380116959,1.335177903214,-12.26914359212,-24729.3162073,4705.832406878,0,0,259242.500,2296,32,0,60398.14844162
60600,-23972827.60402,5030875.796276,16639939.52292,0,0,0,-1.011182527238,-0.4601558879327,32220499.99502,30534799.6092141,160461362.9719,0.005622920438296,0,0,0,8.75352880441,1.29537566224e-81,0,2.503927978353,-0.4598226165199,-13.25574522157,-0.5665850570149,1.335185142134,-12.26956295789,-24728.1098622,4705.60284704,0,0,259242.600,2296,32,0,60498.14687196
60700,-23972988.61071,5030832.475348,16639720.69785,0,0,0,-1.011214360454,-0.4602167187206,32220970.54297,30535270.1570598,160463835.7226,0.005622920437023,0,0,0,8.753047787007,1.295180373294e-81,0,2.503911972017,-0.4598833507379,-13.25641334593,-0.5665321138598,1.335192381702,-12.26998225946,-24726.90352689,4705.373289064,0,0,259242.700,2296,32,0,60598.14530238
60800,-23973149.61563,5030789.156263,16639501.87023,0,0,0,-1.011246201274,-0.460277547593,32221441.06795,30535740.6819471,160466308.3526,0.005622920435749,0,0,0,8.752566696438,1.294985071384e-81,0,2.503895964876,-0.4599440828049,-13.25708144663,-0.5664791958729,1.335199621917,-12.2704014957,-24725.69700561,4705.143695697,0,0,259242.800,2296,32,0,60698.14373288
60900,-23973310.61877,5030745.839022,16639283.04005,0,0,0,-1.011278049697,-0.4603383745499,32221911.56998,30536211.1838743,160468780.862,0.005622920434475,0,0,0,8.752085532723,1.294789756529e-81,0,2.503879954466,-0.4600048132255,-13.25774952921,-0.5664262484051,1.335206862781,-12.27082067218,-24724.49037666,4704.914081842,0,0,259242.900,2296,32,0,60798.14216346
61000,-23973471.62014,5030702.523624,16639064.20731,0,0,0,-1.011309905725,-0.4603991995913,32222382.04904,30536681.6626184,160471253.2518,0.005622920433201,0,0,0,8.75138368171,1.294594428754e-81,0,2.503863941196,-0.4600655415696,-13.25841758895,-0.5663732917425,1.335214104292,-12.27123978416,-24723.86333053,4704.794758931,0,0,259243.000,2296,32,0,60898.14059411
61100,-23973632.61974,5030659.21007,16638845.37203,0,0,0,-1.011341769357,-0.4604600227169,32222852.50514,30537152.1186187,160473725.5199,0.005622920431927,0,0,0,8.750902373401,1.294399088078e-81,0,2.503847926927,-0.4601262680436,-13.25908562812,-0.5663203227365,1.335221346451,-12.27165883393,-24722.07688383,4704.454809427,0,0,259243.100,2296,32,0,60998.13902484
61200,-23973793.61757,5030615.898358,16638626.53418,0,0,0,-1.011373640596,-0.4605208439269,32223322.93828,30537622.5516525,160476197.6672,0.005622920430654,0,0,0,8.750420992012,1.294203734524e-81,0,2.50383190635,-0.4601869923655,-13.25975364361,-0.5662673657014,1.335228589257,-12.27207781839,-24720.86994165,4704.225135967,0,0,259243.200,2296,32,0,61098.13745564
61300,-23973954.61362,5030572.58849,16638407.69379,0,0,0,-1.011405519442,-0.460581663221,32223793.34844,30538092.9617178,160478669.6939,0.00562292042938,0,0,0,8.74993953756,1.294008368113e-81,0,2.503815884481,-0.4602477152211,-13.26042164297,-0.5662144363193,1.33523583271,-12.27249674508,-24719.66286243,4703.99543643,0,0,259243.300,2296,32,0,61198.13588652
61400,-23974115.6079,5030529.280466,16638188.85084,0,0,0,-1.011437405896,-0.4606424805994,32224263.73563,30538563.3488125,160481141.5998,0.005622920428106,0,0,0,8.749458010066,1.293812988867e-81,0,2.503799859719,-0.4603084360288,-13.26108961981,-0.5661614767078,1.33524307681,-12.27291560763,-24718.45572449,4703.765725717,0,0,259243.400,2296,32,0,61298.13431748
61500,-23974276.6004,5030485.974284,16637970.00533,0,0,0,-1.011469299957,-0.4607032960618,32224734.09986,30539033.7129345,160483613.385,0.005622920426832,0,0,0,8.748976409549,1.293617596808e-81,0,2.50378383196,-0.4603691548958,-13.26175757529,-0.5661085066599,1.335250321558,-12.2733344072,-24717.24843972,4703.535987064,0,0,259243.500,2296,32,0,61398.13274851
61600,-23974437.59113,5030442.669947,16637751.15727,0,0,0,-1.011501201628,-0.4607641096082,32225204.4411,30539504.0540818,160486085.0495,0.005622920425558,0,0,0,8.748494736028,1.293422191957e-81,0,2.503767801646,-0.4604298715353,-13.26242550627,-0.5660555238214,1.335257566952,-12.27375314066,-24716.04112559,4703.306242824,0,0,259243.600,2296,32,0,61498.13117962
61700,-23974598.58009,5030399.367452,16637532.30666,0,0,0,-1.011533110909,-0.4608249212385,32225674.75937,30539974.3722523,160488556.5932,0.005622920424285,0,0,0,8.748012989523,1.293226774336e-81,0,2.503751770051,-0.4604905864431,-13.2630934182,-0.5660025547689,1.335264812994,-12.27417181347,-24714.83362548,4703.076463193,0,0,259243.700,2296,32,0,61598.12961081
61800,-23974759.56728,5030356.0668,16637313.45349,0,0,0,-1.011565027801,-0.4608857309528,32226145.05467,30540444.6674439,160491028.0162,0.005622920423011,0,0,0,8.747531170052,1.293031343966e-81,0,2.50373573183,-0.4605512994195,-13.26376130889,-0.5659496109773,1.335272059681,-12.27459042342,-24713.62591981,4702.846644446,0,0,259243.800,2296,32,0,61698.12804208
61900,-23974920.55269,5030312.767991,16637094.59776,0,0,0,-1.011596952304,-0.4609465387508,32226615.32698,30540914.9396546,160493499.3184,0.005622920421737,0,0,0,8.747049277636,1.29283590087e-81,0,2.503719692538,-0.4606120107148,-13.26442918108,-0.5658966380679,1.335279307016,-12.27500897329,-24712.41822394,4702.616827562,0,0,259243.900,2296,32,0,61798.12647342
62000,-23975081.53633,5030269.471026,16636875.73949,0,0,0,-1.01162888442,-0.4610073446327,32227085.5763,30541385.1886618,160495970.501,0.005622920420463,0,0,0,8.746346693039,1.292640445069e-81,0,2.503703650561,-0.4606727198136,-13.2650970291,-0.5658436535335,1.335286554997,-12.27542745741,-24711.79006195,4702.49729231,0,0,259244.000,2296,32,0,61898.12490483
62100,-23975242.51819,5030226.175904,16636656.87865,0,0,0,-1.011660824148,-0.4610681485982,32227555.80265,30541855.4149044,160498441.5616,0.00562292041919,0,0,0,8.745864656502,1.292444976585e-81,0,2.503687606186,-0.4607334267551,-13.2657648534,-0.5657906599414,1.335293803624,-12.27584587621,-24710.00253854,4702.157137915,0,0,259244.100,2296,32,0,61998.12333633
62200,-23975403.49828,5030182.882625,16636438.01527,0,0,0,-1.011692771491,-0.4611289506473,32228026.006,30542325.6181601,160500912.5015,0.005622920417916,0,0,0,8.745382547084,1.292249495438e-81,0,2.503671558043,-0.4607941322511,-13.26643266179,-0.5657376921404,1.335301052897,-12.27626423754,-24708.79447071,4701.927250251,0,0,259244.200,2296,32,0,62098.1217679
62300,-23975564.4766,5030139.591189,16636219.14933,0,0,0,-1.011724726448,-0.4611897507799,32228496.18637,30542795.7984265,160503383.3205,0.005622920416642,0,0,0,8.744900364805,1.292054001651e-81,0,2.50365550887,-0.4608548360031,-13.267100451,-0.5656847182538,1.335308302817,-12.27668253811,-24707.58629521,4701.697342098,0,0,259244.300,2296,32,0,62198.12019955
62400,-23975725.45314,5030096.301596,16636000.28083,0,0,0,-1.01175668902,-0.4612505489961,32228966.34375,30543265.9557018,160505854.0187,0.005622920415368,0,0,0,8.744418109684,1.291858495247e-81,0,2.503639453648,-0.460915537088,-13.26776821087,-0.5656317345119,1.335315553382,-12.27710076778,-24706.37810992,4701.467432082,0,0,259244.400,2296,32,0,62298.11863127
62500,-23975886.42791,5030053.013846,16635781.40979,0,0,0,-1.011788659209,-0.4613113452957,32229436.47813,30543736.0899838,160508324.5961,0.005622920414094,0,0,0,8.74393578174,1.291662976244e-81,0,2.503623397525,-0.4609762368006,-13.26843595564,-0.5655787376998,1.335322804593,-12.27751894079,-24705.16973865,4701.237486675,0,0,259244.500,2296,32,0,62398.11706307
62600,-23976047.40091,5030009.72794,16635562.53618,0,0,0,-1.011820637014,-0.4613721396786,32229906.58951,30544206.2012704,160510795.0527,0.005622920412821,0,0,0,8.743453380994,1.291467444667e-81,0,2.503607338364,-0.4610369344499,-13.26910367771,-0.5655257294818,1.33533005645,-12.27793704956,-24703.96128908,4701.007526368,0,0,259244.600,2296,32,0,62498.11549495
62700,-23976208.37213,5029966.443876,16635343.66003,0,0,0,-1.011852622438,-0.4614329321448,32230376.6779,30544676.2895597,160513265.3884,0.005622920411547,0,0,0,8.742970907463,1.291271900536e-81,0,2.503591276409,-0.4610976298351,-13.26977137488,-0.5654727509042,1.335337308952,-12.27835509187,-24702.75279057,4700.777556747,0,0,259244.700,2296,32,0,62598.1139269
62800,-23976369.34158,5029923.161655,16635124.78132,0,0,0,-1.01188461548,-0.4614937226942,32230846.7433,30545146.3548495,160515735.6032,0.005622920410273,0,0,0,8.742488361169,1.291076343874e-81,0,2.503575212949,-0.4611583238611,-13.27043905709,-0.5654197635003,1.3353445621,-12.27877307769,-24701.54414523,4700.547559187,0,0,259244.800,2296,32,0,62698.11235893
62900,-23976530.30925,5029879.881277,16634905.90005,0,0,0,-1.011916616141,-0.4615545113268,32231316.78568,30545616.3971378,160518205.6972,0.005622920408999,0,0,0,8.742005742129,1.2908807747e-81,0,2.503559143237,-0.4612190159208,-13.27110671767,-0.5653667621581,1.335351815894,-12.27919100035,-24700.33526497,4700.317516923,0,0,259244.900,2296,32,0,62798.11079104
63000,-23976691.27515,5029836.602742,16634687.01624,0,0,0,-1.011948624423,-0.4616152980425,32231786.80507,30546086.416202,160520675.6715,0.005622920407725,0,0,0,8.741302426758,1.290685193038e-81,0,2.503543072374,-0.4612797057936,-13.2717743542,-0.5653137546217,1.335359070332,-12.27960885742,-24699.70610458,4700.197791681,0,0,259245.000,2296,32,0,62898.10922323
63100,-23976852.23928,5029793.32605,16634468.12986,0,0,0,-1.011980640325,-0.4616760828412,32232256.80145,30546556.4124811,160523145.5236,0.005622920406452,0,0,0,8.74081966407,1.290489598909e-81,0,2.503526998911,-0.4613403936315,-13.27244196834,-0.5652607331604,1.335366325416,-12.28002665058,-24697.91739679,4699.857411906,0,0,259245.100,2296,32,0,62998.10765549
63200,-23977013.20163,5029750.051201,16634249.24094,0,0,0,-1.012012663849,-0.4617368657229,32232726.77482,30547026.3857526,160525615.2549,0.005622920405178,0,0,0,8.740336828703,1.290293992334e-81,0,2.503510922192,-0.4614010796622,-13.2731095626,-0.5652077427602,1.335373581144,-12.28044438235,-24696.70830119,4699.627328664,0,0,259245.200,2296,32,0,63098.10608783
63300,-23977174.16221,5029706.778195,16634030.34946,0,0,0,-1.012044694995,-0.4617976466874,32233196.72519,30547496.3360143,160528084.8653,0.005622920403904,0,0,0,8.739853920675,1.290098373336e-81,0,2.503494842658,-0.4614617640554,-13.27377713884,-0.5651547410671,1.335380837517,-12.2808620546,-24695.4991175,4699.397228658,0,0,259245.300,2296,32,0,63198.10452024
63400,-23977335.12101,5029663.507032,16633811.45543,0,0,0,-1.012076733765,-0.4618584257348,32233666.65254,30547966.2632642,160530554.3547,0.00562292040263,0,0,0,8.739370940006,1.289902741935e-81,0,2.503478761946,-0.4615224461131,-13.2744446894,-0.5651017291104,1.335388094536,-12.28127965965,-24694.28974783,4699.167093262,0,0,259245.400,2296,32,0,63298.10295273
63500,-23977496.07804,5029620.237711,16633592.55884,0,0,0,-1.012108780159,-0.4619192028649,32234136.55687,30548436.1675003,160533023.7233,0.005622920401356,0,0,0,8.738887886716,1.289707098153e-81,0,2.503462674804,-0.4615831266273,-13.27511222297,-0.565048705745,1.335395352198,-12.28169720623,-24693.08030965,4698.936944827,0,0,259245.500,2296,32,0,63398.1013853
63600,-23977657.0333,5029576.970234,16633373.6597,0,0,0,-1.012140834177,-0.4619799780777,32234606.43819,30548906.0487205,160535492.9708,0.005622920400083,0,0,0,8.738404760824,1.289511442012e-81,0,2.503446586841,-0.4616438050262,-13.27577973328,-0.5649956719326,1.335402610505,-12.28211468804,-24691.87073442,4698.706770316,0,0,259245.600,2296,32,0,63498.09981795
63700,-23977817.98678,5029533.704599,16633154.758,0,0,0,-1.012172895821,-0.4620407513731,32235076.2965,30549375.9069227,160537962.0974,0.005622920398809,0,0,0,8.737921562349,1.289315773533e-81,0,2.503430495663,-0.461704481789,-13.27644722558,-0.5649426672101,1.335409869457,-12.28253211037,-24690.66112005,4698.476588354,0,0,259245.700,2296,32,0,63598.09825067
63800,-23977978.93849,5029490.440807,16632935.85376,0,0,0,-1.012204965092,-0.4621015227511,32235546.13178,30549845.7421049,160540431.103,0.005622920397535,0,0,0,8.737438291311,1.289120092739e-81,0,2.503414402255,-0.4617651561062,-13.27711469098,-0.5648896531987,1.335417129053,-12.28294946432,-24689.45130991,4698.246369138,0,0,259245.800,2296,32,0,63698.09668347
63900,-23978139.88842,5029447.178857,16632716.94695,0,0,0,-1.01223704199,-0.4621622922115,32236015.94404,30550315.554265,160542899.9877,0.005622920396261,0,0,0,8.73695494773,1.28892439965e-81,0,2.503398305016,-0.4618258288733,-13.27778213933,-0.5648366278059,1.335424389293,-12.28336675975,-24688.24144103,4698.016138747,0,0,259245.900,2296,32,0,63798.09511634
64000,-23978300.83658,5029403.91875,16632498.0376,0,0,0,-1.012269126515,-0.4622230597544,32236485.73328,30550785.3431803,160545368.7525,0.005622920394987,0,0,0,8.736250904398,1.288728694288e-81,0,2.503382207416,-0.4618864994166,-13.27844956322,-0.5647835906506,1.335431650176,-12.28378398924,-24687.61119414,4697.896206751,0,0,259246.000,2296,32,0,63898.09354929
64100,-23978461.78296,5029360.660487,16632279.12569,0,0,0,-1.01230121867,-0.4622838253797,32236955.49949,30551255.1092902,160547837.3951,0.005622920393714,0,0,0,8.735767417642,1.288532976675e-81,0,2.503366102893,-0.4619471682112,-13.27911696787,-0.5647305447355,1.335438911704,-12.28420115804,-24685.82143901,4697.555627674,0,0,259246.100,2296,32,0,63998.09198232
64200,-23978622.72757,5029317.404065,16632060.21123,0,0,0,-1.012333318453,-0.4623445890872,32237425.24268,30551724.8523717,160550305.9168,0.00562292039244,0,0,0,8.735283858407,1.288337246832e-81,0,2.503349997696,-0.4620078351082,-13.27978435164,-0.564677526566,1.335446173876,-12.28461826451,-24684.61123734,4697.325333953,0,0,259246.200,2296,32,0,64098.09041543
64300,-23978783.67041,5029274.149487,16631841.29421,0,0,0,-1.012365425868,-0.4624053508769,32237894.96283,30552194.572423,160552774.3174,0.005622920391166,0,0,0,8.734800226713,1.288141504781e-81,0,2.503333889453,-0.4620685000801,-13.28045171424,-0.5646244999363,1.335453436691,-12.28503530835,-24683.400928,4697.095019743,0,0,259246.300,2296,32,0,64198.08884861
64400,-23978944.61147,5029230.896751,16631622.37464,0,0,0,-1.012397540913,-0.4624661107488,32238364.65995,30552664.2694419,160555242.597,0.005622920389892,0,0,0,8.73431652258,1.287945750544e-81,0,2.503317778213,-0.4621291633579,-13.28111905819,-0.564571459744,1.335460700149,-12.28545229212,-24682.19055013,4696.864692494,0,0,259246.400,2296,32,0,64298.08728187
64500,-23979105.55075,5029187.645858,16631403.45252,0,0,0,-1.01242966359,-0.4625268687028,32238834.33404,30553133.9434265,160557710.7555,0.005622920388618,0,0,0,8.733832746027,1.287749984141e-81,0,2.503301665979,-0.4621898241053,-13.28178637432,-0.5645184113254,1.335467964251,-12.28586920661,-24680.98009397,4696.634350345,0,0,259246.500,2296,32,0,64398.08571521
64600,-23979266.48826,5029144.396807,16631184.52784,0,0,0,-1.0124617939,-0.4625876247388,32239303.98509,30553603.5943746,160560178.793,0.005622920387345,0,0,0,8.733348897073,1.287554205595e-81,0,2.503285547177,-0.462250483461,-13.28245367513,-0.5644653664498,1.335475228997,-12.28628606436,-24679.76949098,4696.403980255,0,0,259246.600,2296,32,0,64498.08414862
64700,-23979427.424,5029101.149599,16630965.60061,0,0,0,-1.012493931844,-0.4626483788568,32239773.6131,30554073.2222841,160562646.7094,0.005622920386071,0,0,0,8.732864975737,1.287358414927e-81,0,2.503269427487,-0.4623111405118,-13.28312095059,-0.5644123184183,1.335482494385,-12.28670285534,-24678.55875095,4696.173584089,0,0,259246.700,2296,32,0,64598.08258211
64800,-23979588.35796,5029057.904233,16630746.67083,0,0,0,-1.012526077421,-0.4627091310566,32240243.21807,30554542.8271531,160565114.5047,0.005622920384797,0,0,0,8.73238098204,1.287162612159e-81,0,2.503253304785,-0.4623717959148,-13.28378820792,-0.5643592798999,1.335489760417,-12.28711958676,-24677.34788368,4695.943163708,0,0,259246.800,2296,32,0,64698.08101568
64900,-23979749.29015,5029014.66071,16630527.7385,0,0,0,-1.012558230634,-0.4627698813383,32240712.8,30555012.4089795,160567582.179,0.005622920383523,0,0,0,8.731896916,1.286966797312e-81,0,2.503237178884,-0.4624324493415,-13.28445544351,-0.5643062281123,1.335497027091,-12.28753625504,-24676.13696746,4695.712734014,0,0,259246.900,2296,32,0,64798.07944932
65000,-23979910.22056,5028971.41903,16630308.80361,0,0,0,-1.012590391482,-0.4628306297017,32241182.35888,30555481.9675406,160570049.7333,0.005622920382249,0,0,0,8.731192147527,1.286770970407e-81,0,2.503221050461,-0.462493100947,-13.28512265906,-0.5642531650249,1.335504294408,-12.28795286188,-24675.50565365,4695.59259899,0,0,259247.000,2296,32,0,64898.07788304
65100,-23980071.1492,5028928.179192,16630089.86617,0,0,0,-1.012622559967,-0.4628913761468,32241651.89472,30555951.5032756,160572517.1653,0.005622920380976,0,0,0,8.730707938788,1.286575131467e-81,0,2.503204920537,-0.4625537503292,-13.28578985016,-0.5642001069713,1.335511562368,-12.28836940286,-24673.71472392,4695.251796395,0,0,259247.100,2296,32,0,64998.07631684
65200,-23980232.07606,5028884.941196,16629870.92617,0,0,0,-1.01265473609,-0.4629521206735,32242121.40751,30556421.0159619,160574984.4762,0.005622920379702,0,0,0,8.730223657772,1.286379280513e-81,0,2.503188784614,-0.4626143978588,-13.28645702088,-0.564147047056,1.33551883097,-12.28878588206,-24672.50344554,4695.021297783,0,0,259247.200,2296,32,0,65098.07475071
65300,-23980393.00115,5028841.705043,16629651.98362,0,0,0,-1.012686919851,-0.4630128632818,32242590.89725,30556890.5055973,160577451.666,0.005622920378428,0,0,0,8.729739304498,1.286183417566e-81,0,2.503172647265,-0.46267504374,-13.28712417346,-0.5640939943964,1.335526100215,-12.28920230175,-24671.29203991,4694.790774956,0,0,259247.300,2296,32,0,65198.07318466
65400,-23980553.92446,5028798.470732,16629433.03852,0,0,0,-1.01271911125,-0.4630736039716,32243060.36393,30557359.9721798,160579918.7346,0.005622920377154,0,0,0,8.729254878986,1.285987542647e-81,0,2.503156507627,-0.4627356873963,-13.28779130157,-0.5640409278927,1.335533370102,-12.28961865557,-24670.08057556,4694.560240954,0,0,259247.400,2296,32,0,65298.07161869
65500,-23980714.846,5028755.238264,16629214.09086,0,0,0,-1.01275131029,-0.4631343427427,32243529.80756,30557829.4157074,160582385.6821,0.00562292037588,0,0,0,8.728770381256,1.285791655779e-81,0,2.503140364561,-0.4627963292967,-13.28845841036,-0.563987851452,1.335540640631,-12.29003494871,-24668.86899374,4694.3296846,0,0,259247.500,2296,32,0,65398.0700528
65600,-23980875.76576,5028712.007638,16628995.14066,0,0,0,-1.01278351697,-0.4631950795953,32243999.22813,30558298.836178,160584852.5084,0.005622920374607,0,0,0,8.728285811327,1.285595756983e-81,0,2.503124220251,-0.4628569692752,-13.28912549801,-0.5639347817038,1.335547911802,-12.29045117933,-24667.65728467,4694.099104032,0,0,259247.600,2296,32,0,65498.06848698
65700,-23981036.68374,5028668.778855,16628776.1879,0,0,0,-1.012815731291,-0.4632558145291,32244468.62565,30558768.2335896,160587319.2135,0.005622920373333,0,0,0,8.727801169218,1.285399846281e-81,0,2.503108069683,-0.4629176070613,-13.28979256154,-0.5638817079698,1.335555183616,-12.29086734448,-24666.44546794,4693.868502975,0,0,259247.700,2296,32,0,65598.06692124
65800,-23981197.59996,5028625.551913,16628557.23258,0,0,0,-1.012847953255,-0.4633165475441,32244938.0001,30559237.60794,160589785.7975,0.005622920372059,0,0,0,8.727316454948,1.285203923693e-81,0,2.50309191814,-0.4629782432244,-13.29045960722,-0.5638286417008,1.335562456071,-12.29128345041,-24665.23356311,4693.637885153,0,0,259247.800,2296,32,0,65698.06535557
65900,-23981358.51439,5028582.326814,16628338.27472,0,0,0,-1.012880182861,-0.4633772786402,32245407.35149,30559706.9592274,160592252.2602,0.005622920370785,0,0,0,8.726831668539,1.285007989241e-81,0,2.503075763685,-0.4630388775284,-13.29112663244,-0.5637755636476,1.335569729167,-12.29169949454,-24664.02155061,4693.407246843,0,0,259247.900,2296,32,0,65798.06378999
66000,-23981519.42705,5028539.103558,16628119.3143,0,0,0,-1.012912420111,-0.4634380078175,32245876.67982,30560176.2872289,160594718.603,0.005622920369511,0,0,0,8.726126177749,1.284812042948e-81,0,2.503059606529,-0.4630995094805,-13.29179363179,-0.5637224739733,1.335577002905,-12.29211547145,-24663.38912093,4693.286899477,0,0,259248.000,2296,48,0,65898.06222448
66100,-23981680.33794,5028495.882144,16627900.35132,0,0,0,-1.012944665006,-0.4634987350758,32246345.98507,30560645.5923839,160597184.8233,0.005622920368238,0,0,0,8.725641249115,1.284616084834e-81,0,2.503043446038,-0.4631601400451,-13.29246061588,-0.5636693904328,1.335584277285,-12.29253139176,-24661.59720259,4692.945908755,0,0,259248.100,2296,48,0,65998.06065904
66200,-23981841.24705,5028452.662572,16627681.3858,0,0,0,-1.012976917546,-0.463559460415,32246815.26726,30561114.8744695,160599650.9224,0.005622920366964,0,0,0,8.725156248406,1.28442011492e-81,0,2.503027284438,-0.463220768345,-13.29312757506,-0.5636163034303,1.335591552306,-12.29294724583,-24660.38490623,4692.715216428,0,0,259248.200,2296,48,0,66098.05909369
66300,-23982002.15439,5028409.444842,16627462.41772,0,0,0,-1.013009177732,-0.463620183835,32247284.52638,30561584.1334838,160602116.9003,0.00562292036569,0,0,0,8.724671175642,1.284224133229e-81,0,2.503011116773,-0.4632813948793,-13.29379451481,-0.5635632073817,1.335598827968,-12.29336303915,-24659.17240432,4692.484484985,0,0,259248.300,2296,48,0,66198.05752841
66400,-23982163.05995,5028366.228954,16627243.44709,0,0,0,-1.013041445565,-0.4636809053359,32247753.76243,30562053.3694248,160604582.7569,0.005622920364416,0,0,0,8.724186030841,1.284028139782e-81,0,2.502994947707,-0.4633420195103,-13.29446143362,-0.5635101317576,1.335606104272,-12.2937787702,-24657.95984367,4692.253742367,0,0,259248.400,2296,48,0,66298.0559632
66500,-23982323.96373,5028323.014909,16627024.4739,0,0,0,-1.013073721045,-0.4637416249176,32248222.97539,30562522.5822903,160607048.4922,0.005622920363143,0,0,0,8.723700814024,1.283832134601e-81,0,2.502978775938,-0.4634026419551,-13.29512832839,-0.5634570284091,1.335613381216,-12.2941944359,-24656.74719493,4692.022982985,0,0,259248.500,2296,48,0,66398.05439808
66600,-23982484.86574,5028279.802706,16626805.49817,0,0,0,-1.013106004174,-0.4638023425799,32248692.16529,30562991.7720783,160609514.1063,0.005622920361869,0,0,0,8.723215525209,1.283636117706e-81,0,2.502962601184,-0.4634632627018,-13.29579520447,-0.5634039316093,1.335620658801,-12.2946100416,-24655.53441895,4691.792199388,0,0,259248.600,2296,48,0,66498.05283303
66700,-23982645.76597,5028236.592344,16626586.51988,0,0,0,-1.013138294953,-0.4638630583228,32249161.3321,30563460.9387867,160611979.5991,0.005622920360595,0,0,0,8.722730164417,1.283440089119e-81,0,2.502946423417,-0.463523881425,-13.2964620583,-0.5633508315941,1.335627937027,-12.29502558375,-24654.32157444,4691.561402753,0,0,259248.700,2296,48,0,66598.05126806
66800,-23982806.66443,5028193.383825,16626367.53904,0,0,0,-1.013170593381,-0.4639237721463,32249630.47583,30563930.0824136,160614444.9706,0.005622920359321,0,0,0,8.722244731667,1.283244048862e-81,0,2.502930244297,-0.4635844982905,-13.29712889168,-0.5632977404343,1.335635215893,-12.29544106416,-24653.1085146,4691.33056514,0,0,259248.800,2296,48,0,66698.04970316
66900,-23982967.56111,5028150.177149,16626148.55564,0,0,0,-1.01320289946,-0.4639844840502,32250099.59647,30564399.2029569,160616910.2208,0.005622920358047,0,0,0,8.721759226979,1.283047996956e-81,0,2.50291405907,-0.4636451134034,-13.29779570579,-0.56324463384,1.3356424954,-12.295856484,-24651.89537645,4691.099712625,0,0,259248.900,2296,48,0,66798.04813835
67000,-23983128.45602,5028106.972314,16625929.5697,0,0,0,-1.013235213191,-0.4640451940346,32250568.69404,30564868.3001938,160619375.3508,0.005622920356774,0,0,0,8.721053016701,1.282851933424e-81,0,2.502897872795,-0.463705725981,-13.29846249201,-0.5631915327063,1.335649775547,-12.29627183466,-24651.26188964,4690.979164094,0,0,259249.000,2296,48,0,66898.04657361
67100,-23983289.34915,5028063.769321,16625710.5812,0,0,0,-1.013267534575,-0.4641059020993,32251037.76851,30565337.3745637,160621840.3584,0.0056229203555,0,0,0,8.720567370265,1.282655858285e-81,0,2.502881683952,-0.4637663370069,-13.29912926116,-0.5631384079424,1.335657056334,-12.29668712698,-24649.46887501,4690.637964755,0,0,259249.100,2296,48,0,66998.04500894
67200,-23983450.2405,5028020.56817,16625491.59015,0,0,0,-1.013299863611,-0.4641666082442,32251506.81989,30565806.4258437,160624305.2446,0.005622920354226,0,0,0,8.720081651956,1.282459771561e-81,0,2.502865491361,-0.463826946298,-13.29979601122,-0.5630852951545,1.335664337762,-12.29710235895,-24648.25541385,4690.407050774,0,0,259249.200,2296,48,0,67098.04344436
67300,-23983611.13008,5027977.368862,16625272.59654,0,0,0,-1.013332200302,-0.4642273124694,32251975.84819,30566275.454032,160626770.0095,0.005622920352952,0,0,0,8.719595861793,1.282263673275e-81,0,2.502849298048,-0.4638875535454,-13.3004627388,-0.5630321885216,1.335671619829,-12.29751752716,-24647.04184501,4690.176116303,0,0,259249.300,2296,48,0,67198.04187985
67400,-23983772.01789,5027934.171395,16625053.60038,0,0,0,-1.013364544647,-0.4642880147747,32252444.85338,30566744.4591264,160629234.653,0.005622920351678,0,0,0,8.719109999796,1.282067563447e-81,0,2.50283309839,-0.4639481587941,-13.30112944439,-0.5629790702335,1.335678902537,-12.29793263213,-24645.8282566,4689.945178106,0,0,259249.400,2296,48,0,67298.04031541
67500,-23983932.90391,5027890.97577,16624834.60168,0,0,0,-1.013396896648,-0.4643487151601,32252913.83549,30567213.4411248,160631699.1751,0.005622920350405,0,0,0,8.718624065985,1.281871442099e-81,0,2.502816897936,-0.4640087621343,-13.30179612899,-0.5629259572542,1.335686185884,-12.29834767485,-24644.61452137,4689.714211971,0,0,259249.500,2296,48,0,67398.03875106
67600,-23984093.78816,5027847.781988,16624615.60041,0,0,0,-1.013429256305,-0.4644094136254,32253382.79449,30567682.4000253,160634163.5759,0.005622920349131,0,0,0,8.718138060379,1.281675309253e-81,0,2.502800694176,-0.4640693637458,-13.30246279457,-0.5628728185171,1.33569346987,-12.29876265731,-24643.40071761,4689.483232796,0,0,259249.600,2296,48,0,67498.03718678
67700,-23984254.67064,5027804.590047,16624396.5966,0,0,0,-1.01346162362,-0.4644701101707,32253851.7304,30568151.3358259,160636627.8553,0.005622920347857,0,0,0,8.717651982998,1.281479164929e-81,0,2.502784487533,-0.4641299630702,-13.30312943499,-0.5628196909869,1.335700754496,-12.29917757337,-24642.18672788,4689.252218232,0,0,259249.700,2296,48,0,67598.03562258
67800,-23984415.55134,5027761.399948,16624177.59023,0,0,0,-1.013493998593,-0.4645308047959,32254320.6432,30568620.2485243,160639092.0132,0.005622920346583,0,0,0,8.717165833861,1.281283009149e-81,0,2.502768277806,-0.4641905608694,-13.30379605864,-0.5627665720346,1.335708039762,-12.29959243141,-24640.97267942,4689.021192491,0,0,259249.800,2296,48,0,67698.03405845
67900,-23984576.43026,5027718.211691,16623958.58132,0,0,0,-1.013526381224,-0.4645914975009,32254789.5329,30569089.1381186,160641556.0498,0.005622920345309,0,0,0,8.716679612988,1.281086841936e-81,0,2.502752067396,-0.464251156248,-13.30446265565,-0.5627134414633,1.335715325667,-12.30000722159,-24639.75854287,4688.790149987,0,0,259249.900,2296,48,0,67798.03249441
68000,-23984737.30741,5027675.025276,16623739.56984,0,0,0,-1.013558771515,-0.4646521882856,32255258.39949,30569558.0043862,160644019.9661,0.005622920344036,0,0,0,8.715972686057,1.280890663309e-81,0,2.502735850323,-0.4643117500381,-13.30512923519,-0.5626603141059,1.335722612211,-12.30042195308,-24639.12394019,4688.669389114,0,0,259250.000,2296,48,0,67898.03093044
68100,-23984898.18278,5027631.840703,16623520.55582,0,0,0,-1.013591169466,-0.4647128771499,32255727.24297,30570026.8477662,160646483.7598,0.005622920342762,0,0,0,8.715486323914,1.280694473291e-81,0,2.502719632081,-0.4643723419575,-13.30579579415,-0.562607160349,1.335729899394,-12.30083662277,-24637.32987822,4688.327990472,0,0,259250.100,2296,48,0,67998.02936654
68200,-23985059.05637,5027588.657971,16623301.53925,0,0,0,-1.013623575079,-0.4647735640939,32256196.06335,30570495.6680359,160648947.432,0.005622920341488,0,0,0,8.714999890099,1.280498271902e-81,0,2.502703411015,-0.464432931745,-13.30646232966,-0.5625540203852,1.335737187215,-12.3012512278,-24636.11535993,4688.096875325,0,0,259250.200,2296,48,0,68098.02780273
68300,-23985219.92819,5027545.477082,16623082.52012,0,0,0,-1.013655988353,-0.4648342491174,32256664.86061,30570964.4651934,160651410.9829,0.005622920340214,0,0,0,8.714513384634,1.280302059166e-81,0,2.502687187055,-0.4644935195734,-13.30712884362,-0.5625008887821,1.335744475676,-12.30166577007,-24634.9007829,4687.865749002,0,0,259250.300,2296,48,0,68198.02623899
68400,-23985380.79824,5027502.298034,16622863.49844,0,0,0,-1.01368840929,-0.4648949322203,32257133.63476,30571433.2392366,160653874.4122,0.00562292033894,0,0,0,8.714026807538,1.280105835101e-81,0,2.502670959985,-0.4645541059063,-13.30779534112,-0.5624477447171,1.335751764775,-12.30208025469,-24633.68606884,4687.634596601,0,0,259250.400,2296,48,0,68298.02467533
68500,-23985541.6665,5027459.120828,16622644.47421,0,0,0,-1.013720837891,-0.4649556134026,32257602.38579,30571901.9901633,160656337.7201,0.005622920337667,0,0,0,8.71354015883,1.279909599731e-81,0,2.502654731855,-0.4646146896682,-13.30846181035,-0.5623946053439,1.335759054513,-12.30249466984,-24632.47119816,4687.403414398,0,0,259250.500,2296,48,0,68398.02311174
68600,-23985702.53299,5027415.945463,16622425.44743,0,0,0,-1.013753274156,-0.4650162926643,32258071.1137,30572370.7179717,160658800.9064,0.005622920336393,0,0,0,8.71305343853,1.279713353077e-81,0,2.502638497465,-0.4646752717616,-13.30912826121,-0.5623414368119,1.335766344889,-12.30290902544,-24631.25622961,4687.172213569,0,0,259250.600,2296,48,0,68498.02154823
68700,-23985863.3977,5027372.77194,16622206.41809,0,0,0,-1.013785718087,-0.4650769700052,32258539.8185,30572839.4226596,160661263.9713,0.005622920335119,0,0,0,8.712566646657,1.279517095159e-81,0,2.502622261752,-0.4647358522393,-13.3097946943,-0.5622882848726,1.335773635904,-12.30332332209,-24630.04124147,4686.941009015,0,0,259250.700,2296,48,0,68598.0199848
68800,-23986024.26064,5027329.600259,16621987.3862,0,0,0,-1.013818169683,-0.4651376454253,32259008.50017,30573308.1042249,160663726.9147,0.005622920333845,0,0,0,8.712079783231,1.279320826e-81,0,2.502606023668,-0.4647964304067,-13.31046110198,-0.5622351388803,1.335780927556,-12.30373755215,-24628.82606736,4686.70976907,0,0,259250.800,2296,48,0,68698.01842145
68900,-23986185.1218,5027286.43042,16621768.35176,0,0,0,-1.013850628946,-0.4651983189245,32259477.15871,30573776.7626658,160666189.7365,0.005622920332571,0,0,0,8.711592848271,1.27912454562e-81,0,2.50258978177,-0.4648570069585,-13.31112749189,-0.5621819811466,1.335788219847,-12.30415172327,-24627.61078558,4686.478508636,0,0,259250.900,2296,48,0,68798.01685817
69000,-23986345.98118,5027243.262423,16621549.31477,0,0,0,-1.013883095877,-0.4652589905028,32259945.79413,30574245.3977594,160668652.438,0.005622920331298,0,0,0,8.710885207525,1.278928254041e-81,0,2.50257353922,-0.46491758126,-13.31179385704,-0.5621288267785,1.335795512775,-12.30456582848,-24626.97514535,4686.357550323,0,0,259251.000,2296,48,0,68898.01529498
69100,-23986506.83879,5027200.096267,16621330.27523,0,0,0,-1.013915570475,-0.4653196601601,32260414.40642,30574714.009945,160671115.0168,0.005622920330024,0,0,0,8.710398131773,1.278731951285e-81,0,2.502557290404,-0.4649781538208,-13.31246020304,-0.5620756464837,1.335802806342,-12.30497987338,-24625.18001646,4686.015948653,0,0,259251.100,2296,48,0,68998.01373185
69200,-23986667.69462,5027156.931952,16621111.23314,0,0,0,-1.013948052743,-0.4653803278962,32260882.99558,30575182.5989999,160673577.474,0.00562292032875,0,0,0,8.709910984553,1.278535637373e-81,0,2.502541040461,-0.465038724417,-13.31312652743,-0.5620224824151,1.335810100545,-12.30539385551,-24623.96444103,4685.78463234,0,0,259251.200,2296,48,0,69098.01216881
69300,-23986828.54868,5027113.769479,16620892.18849,0,0,0,-1.013980542681,-0.4654409937113,32261351.56161,30575651.1649221,160676039.8096,0.005622920327476,0,0,0,8.709423765885,1.278339312326e-81,0,2.502524787357,-0.4650992930248,-13.31379282994,-0.5619693224249,1.335817395387,-12.30580777463,-24622.74866005,4685.553276911,0,0,259251.300,2296,48,0,69198.01060584
69400,-23986989.40095,5027070.608848,16620673.14129,0,0,0,-1.01401304029,-0.4655016576051,32261820.1045,30576119.7077095,160678502.0237,0.005622920326202,0,0,0,8.708936475788,1.278142976166e-81,0,2.502508531484,-0.465159859698,-13.31445911118,-0.5619161691459,1.335824690866,-12.30622163133,-24621.53296716,4685.321938246,0,0,259251.400,2296,48,0,69298.00904295
69500,-23987150.25145,5027027.450058,16620454.09154,0,0,0,-1.014045545571,-0.4655623195776,32262288.62426,30576588.2273602,160680964.1162,0.005622920324929,0,0,0,8.708449114283,1.277946628913e-81,0,2.50249227273,-0.4652204245157,-13.315125372,-0.5618629844698,1.335831986982,-12.30663542649,-24620.31714702,4685.090575367,0,0,259251.500,2296,48,0,69398.00748014
69600,-23987311.10018,5026984.29311,16620235.03924,0,0,0,-1.014078058523,-0.4656229796287,32262757.12088,30577056.723872,160683426.0872,0.005622920323655,0,0,0,8.707961681389,1.27775027059e-81,0,2.50247601278,-0.4652809875275,-13.31579161295,-0.5618097914409,1.335839283736,-12.30704916065,-24619.10113112,4684.859175235,0,0,259251.600,2296,48,0,69498.0059174
69700,-23987471.94712,5026941.138003,16620015.98439,0,0,0,-1.014110579149,-0.4656836377584,32263225.59435,30577525.1972428,160685887.9365,0.005622920322381,0,0,0,8.707474177125,1.277553901217e-81,0,2.502459746188,-0.4653415487598,-13.31645783433,-0.5617566122691,1.335846581126,-12.30746283412,-24617.88499776,4684.627752751,0,0,259251.700,2296,48,0,69598.00435474
69800,-23987632.79229,5026897.984738,16619796.92698,0,0,0,-1.014143107449,-0.4657442939667,32263694.04469,30577993.6474708,160688349.6641,0.005622920321107,0,0,0,8.706986601511,1.277357520817e-81,0,2.502443478869,-0.4654021076,-13.31712402939,-0.5617034409992,1.335853879154,-12.30787644016,-24616.66876651,4684.396311641,0,0,259251.800,2296,48,0,69698.00279216
69900,-23987793.63568,5026854.833315,16619577.86702,0,0,0,-1.014175643423,-0.4658049482534,32264162.47188,30578462.0745538,160690811.2702,0.005622920319834,0,0,0,8.706498954566,1.27716112941e-81,0,2.502427208334,-0.4654626648423,-13.31779020688,-0.5616502715121,1.335861177818,-12.30828998751,-24615.45246675,4684.164857492,0,0,259251.900,2296,48,0,69798.00122966
70000,-23987954.4773,5026811.683732,16619358.80452,0,0,0,-1.014208187073,-0.4658656006184,32264630.87592,30578930.4782691,160693272.7558,0.00562292031856,0,0,0,8.705790602847,1.276964727018e-81,0,2.5024109352,-0.4655232198552,-13.31845635984,-0.5615970743385,1.335868477119,-12.30870346924,-24614.81576939,4684.043698013,0,0,259252.000,2296,48,0,69897.99966723
70100,-23988115.31714,5026768.535991,16619139.73946,0,0,0,-1.0142407384,-0.4659262510617,32265099.25681,30579398.8590561,160695734.1186,0.005622920317286,0,0,0,8.705302815589,1.276768313661e-81,0,2.502394660663,-0.4655837732964,-13.31912249551,-0.5615438668918,1.335875777056,-12.30911689259,-24613.01951485,4683.701882139,0,0,259252.100,2296,48,0,69997.99810488
70200,-23988276.1552,5026725.390092,16618920.67184,0,0,0,-1.014273297403,-0.4659868995833,32265567.61455,30579867.2166919,160698195.3597,0.005622920316012,0,0,0,8.704814957066,1.276571889362e-81,0,2.502378379593,-0.4656443244846,-13.31978860639,-0.5614906762355,1.33588307763,-12.30953025006,-24611.80279419,4683.470347896,0,0,259252.200,2296,48,0,70097.99654261
70300,-23988436.99148,5026682.246034,16618701.60168,0,0,0,-1.014305864085,-0.4660475461831,32266035.94914,30580335.5511746,160700656.4791,0.005622920314738,0,0,0,8.704327027298,1.276375454142e-81,0,2.502362097442,-0.4657048739819,-13.32045469868,-0.5614374904241,1.33589037884,-12.30994354784,-24610.58605396,4683.238809928,0,0,259252.300,2296,48,0,70197.99498041
70400,-23988597.82599,5026639.103817,16618482.52897,0,0,0,-1.014338438445,-0.4661081908609,32266504.26057,30580803.8625021,160703117.4769,0.005622920313465,0,0,0,8.703839026304,1.276179008022e-81,0,2.502345812386,-0.4657654214626,-13.32112076878,-0.5613843102118,1.335897680687,-12.31035678237,-24609.36919627,4683.007249609,0,0,259252.400,2296,48,0,70297.99341829
70500,-23988758.65872,5026595.963441,16618263.4537,0,0,0,-1.014371020485,-0.4661688336168,32266972.54885,30581272.1506724,160705578.353,0.005622920312191,0,0,0,8.703350954105,1.275982551023e-81,0,2.502329525075,-0.4658259669551,-13.32178681701,-0.561331100551,1.335904983169,-12.31076995395,-24608.15226027,4682.775674388,0,0,259252.500,2296,48,0,70397.99185625
70600,-23988919.48968,5026552.824907,16618044.37589,0,0,0,-1.014403610205,-0.4662294744506,32267440.81397,30581740.4156834,160708039.1073,0.005622920310917,0,0,0,8.70286281072,1.275786083167e-81,0,2.502313233871,-0.4658865105296,-13.32245284413,-0.5612778796485,1.335912286288,-12.31118306337,-24606.93509914,4682.544056326,0,0,259252.600,2296,48,0,70497.99029429
70700,-23989080.31885,5026509.688214,16617825.29552,0,0,0,-1.014436207606,-0.4662901133623,32267909.05592,30582208.6575331,160710499.74,0.005622920309643,0,0,0,8.702374596169,1.275589604475e-81,0,2.502296942082,-0.4659470522301,-13.32311885065,-0.5612246723625,1.335919590042,-12.31159611112,-24605.71797716,4682.312445715,0,0,259252.700,2296,48,0,70597.9887324
70800,-23989241.14625,5026466.553363,16617606.2126,0,0,0,-1.014468812689,-0.4663507503519,32268377.27472,30582676.8762195,160712960.2509,0.005622920308369,0,0,0,8.701886310471,1.275393114968e-81,0,2.502280643565,-0.466007592174,-13.32378483784,-0.5611714747261,1.335926894432,-12.31200909849,-24604.50064963,4682.080795988,0,0,259252.800,2296,48,0,70697.98717059
70900,-23989401.97187,5026423.420352,16617387.12713,0,0,0,-1.014501425455,-0.4664113854192,32268845.47034,30583145.0717405,160715420.6401,0.005622920307096,0,0,0,8.701397953646,1.275196614668e-81,0,2.502264344525,-0.4660681298749,-13.32445080035,-0.5611182806064,1.335934199458,-12.31242202013,-24603.28331232,4681.849144399,0,0,259252.900,2296,48,0,70797.98560886
71000,-23989562.79571,5026380.289183,16617168.03911,0,0,0,-1.014534045905,-0.4664720185642,32269313.64281,30583613.2438735,160717880.9087,0.005622920305822,0,0,0,8.700688893804,1.275000103596e-81,0,2.50224804216,-0.4661286656846,-13.32511674206,-0.5610650560659,1.335941505119,-12.31283487994,-24602.6454893,4681.727770716,0,0,259253.000,2296,48,0,70897.9840472
71100,-23989723.61778,5026337.159855,16616948.94853,0,0,0,-1.014566674039,-0.4665326497868,32269781.7921,30584081.3930577,160720341.0544,0.005622920304548,0,0,0,8.700200397144,1.274803581773e-81,0,2.502231736888,-0.4661891998365,-13.32578266553,-0.5610118062637,1.335948811416,-12.31324768047,-24600.84815805,4681.385749951,0,0,259253.100,2296,48,0,70997.98248563
71200,-23989884.43807,5026294.032368,16616729.85541,0,0,0,-1.014599309858,-0.4665932790869,32270249.91822,30584549.5190704,160722801.0784,0.005622920303274,0,0,0,8.699711829423,1.27460704922e-81,0,2.502215428642,-0.4662497318139,-13.32644856509,-0.5609586039943,1.335956118348,-12.31366041605,-24599.63055645,4681.15404807,0,0,259253.200,2296,48,0,71097.98092413
71300,-23990045.25658,5026250.906723,16616510.75973,0,0,0,-1.014631953363,-0.4666539064646,32270718.02116,30585017.6219096,160725260.9805,0.005622920302,0,0,0,8.699223190661,1.27441050596e-81,0,2.502199119294,-0.4663102619197,-13.32711444405,-0.5609054088982,1.335963425915,-12.31407309002,-24598.41270036,4680.922297761,0,0,259253.300,2296,48,0,71197.9793627
71400,-23990206.07331,5026207.782918,16616291.66151,0,0,0,-1.014664604555,-0.4667145319196,32271186.10093,30585485.7015732,160727720.7609,0.005622920300727,0,0,0,8.698734480878,1.274213952012e-81,0,2.50218280356,-0.4663707900331,-13.32778030109,-0.5608521835954,1.335970734116,-12.31448570106,-24597.19471701,4680.690523237,0,0,259253.400,2296,48,0,71297.97780136
71500,-23990366.88827,5026164.660955,16616072.56073,0,0,0,-1.014697263434,-0.466775155452,32271654.15752,30585953.7580592,160730180.4195,0.005622920299453,0,0,0,8.698245700092,1.2740173874e-81,0,2.50216648677,-0.4664313161752,-13.32844613645,-0.5607989481552,1.335978042953,-12.3148982494,-24595.97672388,4680.45874685,0,0,259253.500,2296,48,0,71397.97624009
71600,-23990527.70145,5026121.540833,16615853.4574,0,0,0,-1.014729930002,-0.4668357770617,32272122.19094,30586421.7913655,160732639.9562,0.005622920298179,0,0,0,8.697756848323,1.273820812142e-81,0,2.502150166907,-0.4664918407072,-13.3291119541,-0.5607457000964,1.335985352425,-12.31531073903,-24594.75858393,4680.226942524,0,0,259253.600,2296,48,0,71497.9746789
71700,-23990688.51285,5026078.422551,16615634.35152,0,0,0,-1.014762604259,-0.4668963967485,32272590.20117,30586889.8014902,160735099.3712,0.005622920296905,0,0,0,8.697267925592,1.273624226262e-81,0,2.502133844202,-0.4665523629396,-13.32977774645,-0.5606924657593,1.335992662531,-12.31572316236,-24593.54035588,4679.995121434,0,0,259253.700,2296,48,0,71597.97311778
71800,-23990849.32247,5026035.306111,16615415.24309,0,0,0,-1.014795286206,-0.4669570145126,32273058.18822,30587357.7884312,160737558.6643,0.005622920295631,0,0,0,8.696778931918,1.273427629779e-81,0,2.502117520261,-0.4666128835332,-13.33044352077,-0.5606392585718,1.335999973271,-12.31613552667,-24592.32195164,4679.763266817,0,0,259253.800,2296,48,0,71697.97155675
71900,-23991010.13032,5025992.191512,16615196.13211,0,0,0,-1.014827975844,-0.4670176303536,32273526.15208,30587825.7521864,160740017.8356,0.005622920294358,0,0,0,8.696289867321,1.273231022716e-81,0,2.502101189569,-0.4666734020457,-13.33110927219,-0.5605860207636,1.336007284646,-12.31654782711,-24591.10342994,4679.531389847,0,0,259253.900,2296,48,0,71797.96999579
72000,-23991170.93638,5025949.078754,16614977.01858,0,0,0,-1.014860673173,-0.4670782442717,32273994.09275,30588293.6925332,160742476.8862,0.005622920293084,0,0,0,8.695580102208,1.273034405094e-81,0,2.502084858125,-0.4667339190586,-13.33177500712,-0.5605327708997,1.336014596656,-12.31696007006,-24590.46459874,4679.409824312,0,0,259254.000,2296,48,0,71897.96843491
72100,-23991331.74067,5025905.967837,16614757.90249,0,0,0,-1.014893378195,-0.4671388562667,32274462.01024,30588761.6099108,160744935.8137,0.00562292029181,0,0,0,8.695090898256,1.272837776935e-81,0,2.502068523763,-0.4667944333835,-13.33244071248,-0.5604795111554,1.336021909299,-12.31737224248,-24588.66621035,4679.067602381,0,0,259254.100,2296,48,0,71997.9668741
72200,-23991492.54318,5025862.858761,16614538.78386,0,0,0,-1.01492609091,-0.4671994663386,32274929.90453,30589229.5040966,160747394.6194,0.005622920290536,0,0,0,8.694601623447,1.272641138257e-81,0,2.502052186815,-0.4668549462156,-13.33310640142,-0.5604262644683,1.336029222576,-12.3177843575,-24587.44743416,4678.835676983,0,0,259254.200,2296,48,0,72097.96531338
72300,-23991653.34392,5025819.751525,16614319.66267,0,0,0,-1.014958811319,-0.4672600744873,32275397.77563,30589697.3750884,160749853.3032,0.005622920289262,0,0,0,8.6941122778,1.272444489086e-81,0,2.502035846405,-0.4669154571234,-13.33377206919,-0.5603730429355,1.336036536488,-12.3181964104,-24586.22851114,4678.603723645,0,0,259254.300,2296,48,0,72197.96375273
72400,-23991814.14287,5025776.646131,16614100.53894,0,0,0,-1.014991539423,-0.4673206807127,32275865.62354,30590165.2228843,160752311.8651,0.005622920287989,0,0,0,8.693622861335,1.272247829439e-81,0,2.502019505052,-0.4669759658108,-13.33443771253,-0.5603197899377,1.336043851033,-12.31860839791,-24585.00948045,4678.371749818,0,0,259254.400,2296,48,0,72297.96219215
72500,-23991974.94005,5025733.542578,16613881.41265,0,0,0,-1.015024275222,-0.4673812850147,32276333.44824,30590633.0474824,160754770.3051,0.005622920286715,0,0,0,8.693133374073,1.272051159339e-81,0,2.502003157301,-0.4670364732304,-13.33510334193,-0.5602665274434,1.336051166211,-12.31902033053,-24583.79045955,4678.139777854,0,0,259254.500,2296,48,0,72397.96063166
72600,-23992135.73545,5025690.440865,16613662.28382,0,0,0,-1.015057018718,-0.4674418873933,32276801.24975,30591100.8488803,160757228.6232,0.005622920285441,0,0,0,8.692643816032,1.271854478809e-81,0,2.501986808613,-0.4670969779217,-13.33576894131,-0.5602132529281,1.336058482024,-12.31943219219,-24582.57119395,4677.907759324,0,0,259254.600,2296,48,0,72497.95907124
72700,-23992296.52907,5025647.340993,16613443.15243,0,0,0,-1.015089769911,-0.4675024878485,32277269.02805,30591568.6270763,160759686.8193,0.005622920284167,0,0,0,8.692154187231,1.271657787867e-81,0,2.501970456607,-0.4671574811956,-13.3364345251,-0.5601599945368,1.336065798469,-12.31984399733,-24581.35188919,4677.675733343,0,0,259254.700,2296,48,0,72597.9575109
72800,-23992457.32091,5025604.242962,16613224.01849,0,0,0,-1.015122528803,-0.4675630863801,32277736.78315,30592036.3820681,160762144.8936,0.005622920282893,0,0,0,8.691664487692,1.271461086536e-81,0,2.501954101865,-0.4672179824752,-13.33710008695,-0.5601067581053,1.336073115548,-12.32025573959,-24580.13241803,4677.443675697,0,0,259254.800,2296,48,0,72697.95595064
72900,-23992618.11098,5025561.146772,16613004.882,0,0,0,-1.015155295393,-0.4676236829881,32278204.51504,30592504.1138539,160764602.8458,0.00562292028162,0,0,0,8.691174717434,1.271264374837e-81,0,2.501937744389,-0.4672784814582,-13.33776562354,-0.560053493586,1.33608043326,-12.32066741567,-24578.91299581,4677.211627364,0,0,259254.900,2296,48,0,72797.95439045
73000,-23992778.89926,5025518.052423,16612785.74296,0,0,0,-1.015188069683,-0.4676842776724,32278672.22373,30592971.8222109,160767060.6773,0.005622920280346,0,0,0,8.690464249908,1.271067652791e-81,0,2.501921385583,-0.4673389788064,-13.33843114214,-0.5600002000193,1.336087751605,-12.32107903284,-24578.27305853,4677.08985135,0,0,259255.000,2296,48,0,72897.95283035
73100,-23992939.68577,5025474.959914,16612566.60137,0,0,0,-1.015220851673,-0.4677448704329,32279139.90921,30593439.5075784,160769518.3857,0.005622920279072,0,0,0,8.689974340776,1.27087092042e-81,0,2.501905020239,-0.4673994742419,-13.33909663971,-0.5599469288977,1.336095070584,-12.32149058806,-24576.47361302,4676.747428253,0,0,259255.100,2296,48,0,72997.95127032
73200,-23993100.4705,5025431.869247,16612347.45723,0,0,0,-1.015253641365,-0.4678054612696,32279607.57147,30593907.1697337,160771975.972,0.005622920277798,0,0,0,8.689484360991,1.270674177743e-81,0,2.501888653852,-0.4674599677921,-13.33976211653,-0.5598936579661,1.336102390194,-12.32190208164,-24575.25371117,4676.515288651,0,0,259255.200,2296,48,0,73097.94971036
73300,-23993261.25345,5025388.78042,16612128.31054,0,0,0,-1.015286438758,-0.4678660501824,32280075.21052,30594374.8086747,160774433.4364,0.005622920276525,0,0,0,8.688994310572,1.270477424785e-81,0,2.501872284722,-0.4675204590931,-13.34042756861,-0.5598404078008,1.336109710438,-12.32231350957,-24574.03378975,4676.283145323,0,0,259255.300,2296,48,0,73197.94815049
73400,-23993422.03463,5025345.693433,16611909.1613,0,0,0,-1.015319243855,-0.4679266371713,32280542.82635,30594842.4243995,160776890.7788,0.005622920275251,0,0,0,8.68850418954,1.270280661563e-81,0,2.501855912581,-0.4675809487823,-13.34109300296,-0.5597871294936,1.336117031314,-12.32272487888,-24572.81372151,4676.050974056,0,0,259255.400,2296,48,0,73297.94659069
73500,-23993582.81402,5025302.608287,16611690.00951,0,0,0,-1.015352056655,-0.4679872222361,32281010.41897,30595310.016906,160779347.9991,0.005622920273977,0,0,0,8.688013997914,1.270083888101e-81,0,2.501839538758,-0.4676414365326,-13.34175841597,-0.5597338217056,1.336124352823,-12.32313618596,-24571.59351623,4675.818776712,0,0,259255.500,2296,48,0,73397.94503097
73600,-23993743.59164,5025259.524982,16611470.85517,0,0,0,-1.01538487716,-0.4680478053768,32281477.98836,30595777.5861921,160781805.0975,0.005622920272703,0,0,0,8.687523735714,1.26988710442e-81,0,2.501823158907,-0.4677019222203,-13.3424238063,-0.5596805383121,1.336131674963,-12.32354742948,-24570.37316413,4675.586551428,0,0,259255.600,2296,48,0,73497.94347133
73700,-23993904.36747,5025216.443518,16611251.69827,0,0,0,-1.01541770537,-0.4681083865933,32281945.53453,30596245.1322559,160784262.0738,0.005622920271429,0,0,0,8.687033402959,1.269690310541e-81,0,2.501806777878,-0.4677624060797,-13.34308917652,-0.5596272527008,1.336138997736,-12.32395861201,-24569.15279245,4675.354322419,0,0,259255.700,2296,48,0,73597.94191176
73800,-23994065.14153,5025173.363894,16611032.53883,0,0,0,-1.015450541287,-0.4681689658856,32282413.05748,30596712.6550953,160786718.928,0.005622920270156,0,0,0,8.686542999669,1.269493506483e-81,0,2.501790394268,-0.4678228881946,-13.34375452754,-0.5595739915915,1.336146321142,-12.32436973448,-24567.93228373,4675.122067332,0,0,259255.800,2296,48,0,73697.94035227
73900,-23994225.91381,5025130.286111,16610813.37684,0,0,0,-1.01548338491,-0.4682295432536,32282880.5572,30597180.1547082,160789175.6602,0.005622920268882,0,0,0,8.686052525864,1.269296692271e-81,0,2.501774007705,-0.4678833676541,-13.34441984936,-0.5595206993976,1.336153645179,-12.32478078687,-24566.71169671,4674.889797345,0,0,259255.900,2296,48,0,73797.93879286
74000,-23994386.68431,5025087.210168,16610594.2123,0,0,0,-1.015516236241,-0.4682901186972,32283348.03369,30597647.6308721,160791632.2715,0.005622920267608,0,0,0,8.685341358788,1.269099867923e-81,0,2.501757617602,-0.4679438460042,-13.34508515896,-0.559467378535,1.336160969847,-12.32519178621,-24566.07067293,4674.767814577,0,0,259256.000,2296,48,0,73897.93723353
74100,-23994547.45304,5025044.136066,16610375.0452,0,0,0,-1.015549095281,-0.4683506922164,32283815.48696,30598115.0840261,160794088.7596,0.005622920266334,0,0,0,8.684850746592,1.268903033461e-81,0,2.50174122676,-0.4680043220176,-13.34575044287,-0.5594140816408,1.336168295148,-12.32560271898,-24564.27025838,4674.425207078,0,0,259256.100,2296,48,0,73997.93567427
74200,-23994708.21998,5025001.063805,16610155.87556,0,0,0,-1.01558196203,-0.468411263811,32284282.91699,30598582.5139476,160796545.1255,0.00562292026506,0,0,0,8.684360063947,1.268706188907e-81,0,2.501724829349,-0.4680647964815,-13.34641570973,-0.5593607829741,1.33617562108,-12.32601359387,-24563.04923088,4674.192853272,0,0,259256.200,2296,48,0,74097.93411509
74300,-23994868.98514,5024957.993384,16609936.70337,0,0,0,-1.015614836489,-0.4684718334811,32284750.32378,30599049.9206345,160799001.3694,0.005622920263787,0,0,0,8.683869310873,1.268509334282e-81,0,2.501708431122,-0.4681252685723,-13.34708095048,-0.5593075058504,1.336182947644,-12.32642440181,-24561.82818381,4673.96049574,0,0,259256.300,2296,48,0,74197.93255599
74400,-23995029.74853,5024914.924803,16609717.52862,0,0,0,-1.015647718659,-0.4685324012265,32285217.70734,30599517.3040849,160801457.4912,0.005622920262513,0,0,0,8.683378487389,1.268312469607e-81,0,2.50169202987,-0.4681857388752,-13.34774617156,-0.559254200076,1.336190274839,-12.32683514925,-24560.60707801,4673.728127033,0,0,259256.400,2296,48,0,74297.93099697
74500,-23995190.51014,5024871.858063,16609498.35133,0,0,0,-1.015680608541,-0.4685929670471,32285685.06766,30599984.6642966,160803913.4908,0.005622920261239,0,0,0,8.682887593517,1.268115594902e-81,0,2.501675625566,-0.4682462071912,-13.34841137079,-0.5592008648334,1.336197602665,-12.327245834,-24559.38579602,4673.495724797,0,0,259256.500,2296,48,0,74397.92943802
74600,-23995351.26997,5024828.793164,16609279.17149,0,0,0,-1.015713506136,-0.468653530943,32286152.40474,30600452.0012677,160806369.3684,0.005622920259965,0,0,0,8.682396629274,1.26791871019e-81,0,2.501659218442,-0.4683066736942,-13.34907655007,-0.5591475560363,1.336204931122,-12.32765645799,-24558.1645434,4673.26332815,0,0,259256.600,2296,48,0,74497.92787916
74700,-23995512.02802,5024785.730104,16609059.98909,0,0,0,-1.015746411444,-0.468714092914,32286619.71858,30600919.3149961,160808825.1237,0.005622920258691,0,0,0,8.681905594682,1.267721815491e-81,0,2.501642809988,-0.4683671380836,-13.3497417061,-0.5590942438282,1.33621226021,-12.32806701791,-24556.94309501,4673.03089425,0,0,259256.700,2296,48,0,74597.92632036
74800,-23995672.78429,5024742.668886,16608840.80415,0,0,0,-1.015779324467,-0.4687746529601,32287087.00917,30601386.6054798,160811280.757,0.005622920257418,0,0,0,8.681414489759,1.267524910827e-81,0,2.501626395104,-0.4684276007352,-13.35040684301,-0.5590409543147,1.336219589929,-12.32847751791,-24555.72150958,4672.798434272,0,0,259256.800,2296,48,0,74697.92476165
74900,-23995833.53878,5024699.609507,16608621.61666,0,0,0,-1.015812245204,-0.4688352110811,32287554.27652,30601853.8727168,160813736.268,0.005622920256144,0,0,0,8.680923314526,1.267327996218e-81,0,2.501609979094,-0.4684880614483,-13.3510719586,-0.5589876361484,1.336226920279,-12.32888795578,-24554.49981649,4672.565953806,0,0,259256.900,2296,48,0,74797.92320302
75000,-23995994.29149,5024656.551969,16608402.42661,0,0,0,-1.015845173657,-0.4688957672771,32288021.52062,30602321.1164844,160816191.6581,0.00562292025487,0,0,0,8.680211450768,1.267131071686e-81,0,2.501593560368,-0.4685485199733,-13.35173705012,-0.5589342896797,1.336234251259,-12.32929832879,-24553.85773558,4672.443769872,0,0,259257.000,2296,48,0,74897.92164446
75100,-23996155.04242,5024613.496271,16608183.23402,0,0,0,-1.015878109828,-0.468956321548,32288488.74147,30602788.3372218,160818646.9248,0.005622920253596,0,0,0,8.679720137626,1.266934137252e-81,0,2.501577138533,-0.4686089770716,-13.35240212594,-0.5588809648573,1.33624158287,-12.3297086453,-24552.05618559,4672.100946307,0,0,259257.100,2296,48,0,74997.92008598
75200,-23996315.79158,5024570.442414,16607964.03888,0,0,0,-1.015911053715,-0.4690168738936,32288955.93906,30603255.5347064,160821102.0693,0.005622920252322,0,0,0,8.67922875424,1.266737192937e-81,0,2.501560715312,-0.4686694316599,-13.35306717415,-0.5588276373101,1.336248915112,-12.33011889343,-24550.83416948,4671.868404374,0,0,259257.200,2296,48,0,75097.91852757
75300,-23996476.53895,5024527.390397,16607744.84118,0,0,0,-1.015944005321,-0.4690774243139,32289423.1134,30603722.7089362,160823557.0916,0.005622920251049,0,0,0,8.678737300629,1.266540238762e-81,0,2.501544285813,-0.4687298845013,-13.35373220314,-0.558774334418,1.336256247983,-12.33052908155,-24549.61206527,4671.635845676,0,0,259257.300,2296,48,0,75197.91696925
75400,-23996637.28455,5024484.34022,16607525.64094,0,0,0,-1.015976964646,-0.4691379728089,32289890.26448,30604189.8599091,160826011.9917,0.005622920249775,0,0,0,8.678245776815,1.266343274748e-81,0,2.501527855259,-0.4687903356415,-13.35439721342,-0.5587209869179,1.336263581485,-12.3309392102,-24548.38981425,4671.403259039,0,0,259257.400,2296,48,0,75297.915411
75500,-23996798.02836,5024441.291883,16607306.43815,0,0,0,-1.016009931691,-0.4691985193785,32290357.3923,30604656.9876231,160828466.7696,0.005622920248501,0,0,0,8.677754182816,1.266146300917e-81,0,2.50151142215,-0.4688507846499,-13.35506220025,-0.5586676424656,1.336270915616,-12.33134927462,-24547.16756322,4671.170672402,0,0,259257.500,2296,48,0,75397.91385283
75600,-23996958.7704,5024398.245387,16607087.23281,0,0,0,-1.016042906457,-0.4692590640226,32290824.49687,30605124.0920761,160830921.4252,0.005622920247227,0,0,0,8.677262518652,1.26594931729e-81,0,2.501494985356,-0.46891123196,-13.35572716839,-0.558614305269,1.336278250378,-12.3317592796,-24545.94504791,4670.938035473,0,0,259257.600,2296,48,0,75497.91229474
75700,-23997119.51065,5024355.20073,16606868.02492,0,0,0,-1.016075888944,-0.4693196067411,32291291.57817,30605591.1732662,160833375.9586,0.005622920245953,0,0,0,8.676770784343,1.265752323886e-81,0,2.5014785461,-0.4689716770951,-13.35639211261,-0.5585609674281,1.336285585769,-12.3321692199,-24544.72255217,4670.70540227,0,0,259257.700,2296,48,0,75597.91073672
75800,-23997280.24913,5024312.157914,16606648.81447,0,0,0,-1.016108879154,-0.469380147534,32291758.6362,30606058.2311913,160835830.3697,0.00562292024468,0,0,0,8.676278979909,1.265555320729e-81,0,2.501462105625,-0.4690321203743,-13.35705703641,-0.5585076490192,1.33629292179,-12.33257909904,-24543.49997813,4670.472754166,0,0,259257.800,2296,48,0,75697.90917879
75900,-23997440.98583,5024269.116939,16606429.60148,0,0,0,-1.016141877087,-0.4694406864012,32292225.67097,30606525.2658494,160838284.6586,0.005622920243406,0,0,0,8.675787105369,1.265358307839e-81,0,2.501445658782,-0.4690925618868,-13.35772194078,-0.5584542872927,1.33630025844,-12.332988918,-24542.27717896,4670.24006322,0,0,259257.900,2296,48,0,75797.90762093
76000,-23997601.72075,5024226.077803,16606210.38594,0,0,0,-1.016174882744,-0.4695012233426,32292692.68247,30606992.2770179,160840738.8264,0.005622920242132,0,0,0,8.6750745478,1.265161285236e-81,0,2.501429210797,-0.4691530010694,-13.35838681951,-0.558400928493,1.33630759572,-12.33339867059,-24541.63408008,4670.117685571,0,0,259258.000,2296,48,0,75897.90606314
76100,-23997762.45389,5024183.040507,16605991.16785,0,0,0,-1.016207896126,-0.4695617583582,32293159.6707,30607459.2651359,160843192.8706,0.005622920240858,0,0,0,8.674582535835,1.264964252942e-81,0,2.501412759865,-0.4692134388041,-13.35905168232,-0.5583475791195,1.336314933629,-12.33380836653,-24539.83138486,4669.774644077,0,0,259258.100,2296,48,0,75997.90450544
76200,-23997923.18525,5024140.005052,16605771.94722,0,0,0,-1.016240917234,-0.4696222914479,32293626.63565,30607926.2299808,160845646.7926,0.005622920239585,0,0,0,8.674090453831,1.264767210979e-81,0,2.501396305982,-0.4692738741098,-13.3597165184,-0.5582942260771,1.336322272167,-12.33421799503,-24538.60850738,4669.54193823,0,0,259258.200,2296,48,0,76097.90294781
76300,-23998083.91483,5024096.971436,16605552.72403,0,0,0,-1.016273946068,-0.4696828226116,32294093.57733,30608393.1715506,160848100.5923,0.005622920238311,0,0,0,8.673598301807,1.264570159367e-81,0,2.501379850773,-0.4693343077347,-13.360381336,-0.5582408961059,1.336329611334,-12.33462756431,-24537.38532647,4669.309174642,0,0,259258.300,2296,48,0,76197.90139026
76400,-23998244.64263,5024053.939661,16605333.49829,0,0,0,-1.016306982629,-0.4697433518492,32294560.49574,30608860.0898432,160850554.2697,0.005622920237037,0,0,0,8.673106079785,1.264373098127e-81,0,2.501363389307,-0.4693947393753,-13.36104613177,-0.5581875187279,1.33633695113,-12.33503707106,-24536.16197915,4669.076379389,0,0,259258.400,2296,48,0,76297.89983279
76500,-23998405.36865,5024010.909726,16605114.27,0,0,0,-1.016340026918,-0.4698038791607,32295027.39086,30609326.9848567,160853007.8247,0.005622920235763,0,0,0,8.672613787783,1.264176027281e-81,0,2.501346926478,-0.469455169285,-13.36171090849,-0.5581341488456,1.336344291555,-12.33544651806,-24534.93864163,4668.843585998,0,0,259258.500,2296,48,0,76397.8982754
76600,-23998566.09289,5023967.88163,16604895.03916,0,0,0,-1.016373078937,-0.469864404546,32295494.2627,30609793.856589,160855461.2574,0.005622920234489,0,0,0,8.672121425822,1.263978946849e-81,0,2.501330460775,-0.4695155972465,-13.36237566379,-0.5580807851957,1.336351632609,-12.33585590293,-24533.71510834,4668.610755354,0,0,259258.600,2296,48,0,76497.89671808
76700,-23998726.81535,5023924.855375,16604675.80578,0,0,0,-1.016406138685,-0.4699249280051,32295961.11126,30610260.7050381,160857914.5677,0.005622920233216,0,0,0,8.67162899392,1.263781856852e-81,0,2.501313992538,-0.4695760228513,-13.36304039316,-0.5580274188478,1.336358974291,-12.33626522118,-24532.49157505,4668.377924711,0,0,259258.700,2296,48,0,76597.89516084
76800,-23998887.53603,5023881.830959,16604456.56984,0,0,0,-1.016439206164,-0.4699854495378,32296427.93654,30610727.5302019,160860367.7557,0.005622920231942,0,0,0,8.671136492099,1.263584757312e-81,0,2.501297520756,-0.4696364471221,-13.36370510785,-0.5579740755527,1.336366316601,-12.33667448407,-24531.26788514,4668.145064265,0,0,259258.800,2296,48,0,76697.89360368
76900,-23999048.25493,5023838.808384,16604237.33136,0,0,0,-1.016472281374,-0.4700459691442,32296894.73852,30611194.3320784,160862820.8213,0.005622920230668,0,0,0,8.670643920378,1.26338764825e-81,0,2.501281048028,-0.4696968688761,-13.36436979486,-0.5579206849604,1.33637365954,-12.3370836786,-24530.04400926,4667.912168428,0,0,259258.900,2296,48,0,76797.8920466
77000,-23999208.97205,5023795.787648,16604018.09033,0,0,0,-1.016505364316,-0.4701064868241,32297361.51722,30611661.1104451,160865273.7657,0.005622920229394,0,0,0,8.669930671875,1.263190529686e-81,0,2.50126456905,-0.4697572889315,-13.36503446318,-0.5578673011797,1.336381003107,-12.33749281376,-24529.39976515,4667.78957285,0,0,259259.000,2296,48,0,76897.89048959
77100,-23999369.68739,5023752.768753,16603798.84674,0,0,0,-1.016538454991,-0.4701670025774,32297828.27263,30612127.865741,160867726.5865,0.00562292022812,0,0,0,8.669437963212,1.262993401643e-81,0,2.501248088614,-0.4698177070925,-13.36569911066,-0.5578139234969,1.336388347302,-12.33790188742,-24527.59604216,4667.446335778,0,0,259259.100,2296,48,0,76997.88893266
77200,-23999530.40095,5023709.751697,16603579.60061,0,0,0,-1.0165715534,-0.4702275164041,32298295.00474,30612594.5977436,160870179.2849,0.005622920226847,0,0,0,8.668945184716,1.26279626414e-81,0,2.501231605835,-0.4698781232667,-13.36636373629,-0.5577605434901,1.336395692125,-12.33831089855,-24526.37201946,4667.213412002,0,0,259259.200,2296,48,0,77097.88737581
77300,-23999691.11273,5023666.736481,16603360.35193,0,0,0,-1.016604659544,-0.4702880283042,32298761.71356,30613061.3064509,160872631.8609,0.005622920225573,0,0,0,8.668452336406,1.262599117198e-81,0,2.501215119512,-0.4699385376275,-13.36702834196,-0.5577071856706,1.336403037575,-12.33871984909,-24525.14771289,4666.980434209,0,0,259259.300,2296,48,0,77197.88581904
77400,-23999851.82273,5023623.723105,16603141.1007,0,0,0,-1.016637773424,-0.4703485382774,32299228.39908,30613527.9918607,160875084.3144,0.005622920224299,0,0,0,8.667959418302,1.26240196084e-81,0,2.501198630399,-0.469998949743,-13.36769292294,-0.5576537829139,1.336410383654,-12.33912873427,-24523.92335739,4666.747447103,0,0,259259.400,2296,48,0,77297.88426235
77500,-24000012.53095,5023580.711569,16602921.84692,0,0,0,-1.016670895039,-0.4704090463239,32299695.0613,30613994.6539712,160877536.6456,0.005622920223025,0,0,0,8.667466430424,1.262204795086e-81,0,2.501182140121,-0.4700593604713,-13.36835748865,-0.5576003864156,1.33641773036,-12.33953756355,-24522.6989921,4666.514458135,0,0,259259.500,2296,48,0,77397.88270573
77600,-24000173.23739,5023537.701872,16602702.59059,0,0,0,-1.016704024392,-0.4704695524435,32300161.70022,30614461.2927802,160879988.8542,0.005622920221751,0,0,0,8.666973372792,1.262007619956e-81,0,2.50116564394,-0.4701197688297,-13.3690220283,-0.5575469954353,1.336425077693,-12.33994632612,-24521.47443104,4666.281431913,0,0,259259.600,2296,48,0,77497.88114919
77700,-24000333.94205,5023494.694016,16602483.33171,0,0,0,-1.016737161482,-0.4705300566361,32300628.31584,30614927.9082857,160882440.9405,0.005622920220478,0,0,0,8.666480245426,1.261810435473e-81,0,2.501149146175,-0.4701801753442,-13.36968654766,-0.5574936020041,1.336432425654,-12.34035502777,-24520.24980146,4666.048392653,0,0,259259.700,2296,48,0,77597.87959273
77800,-24000494.64493,5023451.687999,16602264.07029,0,0,0,-1.016770306312,-0.4705905589017,32301094.90815,30615394.5004858,160884892.9042,0.005622920219204,0,0,0,8.665987048346,1.261613241656e-81,0,2.501132645408,-0.4702405801647,-13.37035104838,-0.5574402132376,1.336439774242,-12.34076367016,-24519.02503485,4665.815327317,0,0,259259.800,2296,48,0,77697.87803634
77900,-24000655.34603,5023408.683822,16602044.80631,0,0,0,-1.016803458881,-0.4706510592402,32301561.47716,30615861.0693784,160887344.7455,0.00562292021793,0,0,0,8.665493781571,1.261416038528e-81,0,2.50111614165,-0.4703009828735,-13.37101552588,-0.5573868149191,1.336447123457,-12.34117224871,-24517.80025845,4665.582260117,0,0,259259.900,2296,48,0,77797.87648004
78000,-24000816.04534,5023365.681484,16601825.53979,0,0,0,-1.01683661919,-0.4707115576515,32302028.02285,30616327.6147408,160889796.4654,0.005622920216656,0,0,0,8.664779845017,1.261218826108e-81,0,2.501099636899,-0.4703613834707,-13.37167998014,-0.5573334033193,1.336454473298,-12.34158076341,-24517.15492784,4665.459457785,0,0,259260.000,2296,48,0,77897.87492381
78100,-24000976.74288,5023322.680986,16601606.27072,0,0,0,-1.016869787241,-0.4707720541356,32302494.54523,30616794.1370124,160892248.0617,0.005622920215382,0,0,0,8.664286441786,1.261021604419e-81,0,2.501083125405,-0.4704217825628,-13.37234441785,-0.5572799987076,1.336461823767,-12.34198922095,-24515.35019666,4665.11602886,0,0,259260.100,2296,48,0,77997.87336766
78200,-24001137.43864,5023279.682328,16601386.99909,0,0,0,-1.016902963033,-0.4708325486923,32302961.0443,30617260.6359703,160894699.5354,0.005622920214109,0,0,0,8.663792968926,1.26082437348e-81,0,2.501066613098,-0.470482179209,-13.37300882865,-0.5572265922296,1.336469174863,-12.34239761098,-24514.1250483,4664.88289088,0,0,259260.200,2296,48,0,78097.87181159
78300,-24001298.13262,5023236.68551,16601167.72492,0,0,0,-1.016936146569,-0.4708930413217,32303427.52006,30617727.1116127,160897150.8867,0.005622920212835,0,0,0,8.663299426459,1.260627133314e-81,0,2.50105009756,-0.4705425746027,-13.37367322568,-0.5571731901149,1.336476526585,-12.34280594663,-24512.89968461,4664.649711922,0,0,259260.300,2296,48,0,78197.87025559
78400,-24001458.82481,5023193.690531,16600948.44821,0,0,0,-1.016969337848,-0.4709535320237,32303893.97249,30618193.5639374,160899602.1154,0.005622920211561,0,0,0,8.662805814403,1.260429883941e-81,0,2.501033579257,-0.470602967574,-13.37433759605,-0.5571197772666,1.336483878933,-12.34321421505,-24511.67428176,4664.416525513,0,0,259260.400,2296,48,0,78297.86869967
78500,-24001619.51523,5023150.697391,16600729.16894,0,0,0,-1.017002536872,-0.4710140207981,32304360.40161,30618659.9929425,160902053.2215,0.005622920210287,0,0,0,8.66231213278,1.260232625382e-81,0,2.501017058141,-0.4706633584717,-13.37500194361,-0.5570663528216,1.336491231908,-12.34362242007,-24510.44887891,4664.183339104,0,0,259260.500,2296,48,0,78397.86714383
78600,-24001780.20386,5023107.706092,16600509.88712,0,0,0,-1.017035743641,-0.4710745076449,32304826.80741,30619126.398626,160904504.2051,0.005622920209013,0,0,0,8.661818381608,1.260035357658e-81,0,2.501000535523,-0.4707237473601,-13.37566626907,-0.5570129338309,1.336498585509,-12.34403056242,-24509.2231922,4663.950098678,0,0,259260.600,2296,48,0,78497.86558807
78700,-24001940.89072,5023064.716632,16600290.60276,0,0,0,-1.017068958156,-0.471134992564,32305293.18988,30619592.7809858,160906955.0661,0.00562292020774,0,0,0,8.661324560908,1.25983808079e-81,0,2.500984006579,-0.470784134763,-13.37633057819,-0.5569595135848,1.336505939736,-12.34443864785,-24507.99746634,4663.716850802,0,0,259260.700,2296,48,0,78597.86403239
78800,-24002101.57579,5023021.729011,16600071.31584,0,0,0,-1.017102180418,-0.4711954755554,32305759.54902,30620059.1400199,160909405.8046,0.005622920206466,0,0,0,8.6608306707,1.259640794798e-81,0,2.500967476577,-0.4708445200532,-13.37699486407,-0.55690609927,1.336513294589,-12.34484666948,-24506.77158386,4663.483573124,0,0,259260.800,2296,48,0,78697.86247678
78900,-24002262.25908,5022978.74323,16599852.02638,0,0,0,-1.017135410428,-0.4712559566191,32306225.88484,30620525.4757263,160911856.4205,0.005622920205192,0,0,0,8.660336711003,1.259443499705e-81,0,2.500950943899,-0.4709049034575,-13.3776591292,-0.5568526726689,1.336520650068,-12.3452546298,-24505.5456916,4663.250293583,0,0,259260.900,2296,48,0,78797.86092125
79000,-24002422.94059,5022935.759288,16599632.73437,0,0,0,-1.017168648186,-0.4713164357548,32306692.19733,30620991.7878824,160914306.9149,0.005622920203918,0,0,0,8.659622089285,1.259246195531e-81,0,2.500934407788,-0.4709652848016,-13.37832337166,-0.5567992339608,1.336528006173,-12.3456625269,-24504.89923534,4663.127277046,0,0,259261.000,2296,48,0,78897.8593658
79100,-24002583.62032,5022892.777186,16599413.43981,0,0,0,-1.017201893694,-0.4713769129626,32307158.48649,30621458.0769274,160916757.2856,0.005622920202645,0,0,0,8.659127993617,1.259048882297e-81,0,2.500917868841,-0.4710256643704,-13.3789875946,-0.5567458035268,1.336535362903,-12.34607036393,-24503.09347639,4662.783652544,0,0,259261.100,2296,48,0,78997.85781043
79200,-24002744.29827,5022849.796923,16599194.1427,0,0,0,-1.017235146952,-0.4714373882423,32307624.75231,30621924.3426385,160919207.5336,0.005622920201371,0,0,0,8.658633828527,1.258851560023e-81,0,2.500901328999,-0.4710860419509,-13.37965179566,-0.556692369043,1.336542720259,-12.34647813855,-24501.867359,4662.550330162,0,0,259261.200,2296,48,0,79097.85625513
79300,-24002904.97444,5022806.8185,16598974.84305,0,0,0,-1.017268407962,-0.471497861594,32308090.9948,30622390.5850139,160921657.659,0.005622920200097,0,0,0,8.658139594036,1.258654228732e-81,0,2.500884782779,-0.4711464176279,-13.38031597579,-0.5566389399451,1.33655007824,-12.34688585169,-24500.64096753,4662.316955626,0,0,259261.300,2296,48,0,79197.85469992
79400,-24003065.64883,5022763.841916,16598755.54084,0,0,0,-1.017301676723,-0.4715583330176,32308557.21395,30622856.8040515,160924107.6618,0.005622920198823,0,0,0,8.657645290163,1.258456888443e-81,0,2.50086823531,-0.471206791047,-13.38098013107,-0.5565854996785,1.336557436847,-12.34729349947,-24499.41450755,4662.083568051,0,0,259261.400,2296,48,0,79297.85314478
79500,-24003226.32144,5022720.867172,16598536.23609,0,0,0,-1.017334953237,-0.4716188025129,32309023.40976,30623322.9997492,160926557.5419,0.005622920197549,0,0,0,8.657150916927,1.258259539178e-81,0,2.500851684647,-0.4712671630076,-13.38165290745,-0.5565320481267,1.336564796078,-12.34770972782,-24498.18790074,4661.850152537,0,0,259261.500,2296,48,0,79397.85158972
79600,-24003386.99226,5022677.894266,16598316.92879,0,0,0,-1.017368237504,-0.4716792700799,32309489.58223,30623789.1721051,160929007.2994,0.005622920196276,0,0,0,8.65665647435,1.258062180957e-81,0,2.500835131322,-0.4713275327208,-13.3823354696,-0.5564786021737,1.336572155935,-12.34813570142,-24496.9613233,4661.616742611,0,0,259261.600,2296,48,0,79497.85003473
79700,-24003547.66131,5022634.923201,16598097.61894,0,0,0,-1.017401529526,-0.4717397357185,32309955.73135,30624255.3211172,160931456.9342,0.005622920195002,0,0,0,8.65616196245,1.257864813802e-81,0,2.500818576372,-0.4713879008783,-13.38301801415,-0.5564251392245,1.336579516416,-12.34856161692,-24495.73456967,4661.383299157,0,0,259261.700,2296,48,0,79597.84847983
79800,-24003708.32857,5022591.953974,16597878.30654,0,0,0,-1.017434829303,-0.4718001994287,32310421.85713,30624721.4467834,160933906.4463,0.005622920193728,0,0,0,8.655667381248,1.257667437734e-81,0,2.500802015487,-0.4714482665188,-13.38370053024,-0.556371712885,1.336586877522,-12.34898746345,-24494.50763007,4661.149820313,0,0,259261.800,2296,48,0,79697.846925
79900,-24003868.99405,5022548.986587,16597658.99159,0,0,0,-1.017468136836,-0.4718606612104,32310887.95956,30625187.5491016,160936355.8357,0.005622920192454,0,0,0,8.655172730764,1.257470052774e-81,0,2.500785453119,-0.4715086306226,-13.38438302896,-0.5563182594679,1.336594239253,-12.34941325212,-24493.28065131,4660.916334018,0,0,259261.900,2296,48,0,79797.84537025
80000,-24004029.65776,5022506.021039,16597439.6741,0,0,0,-1.017501452126,-0.4719211210635,32311354.03864,30625653.6278494,160938805.1035,0.00562292019118,0,0,0,8.654457426774,1.257272658941e-81,0,2.500768887801,-0.4715689928627,-13.38506550661,-0.5562647810124,1.336601601608,-12.34983897922,-24492.63307918,4660.79310514,0,0,259262.000,2296,48,0,79897.84381558
80100,-24004190.31968,5022463.05733,16597220.35406,0,0,0,-1.017534775174,-0.4719815789879,32311820.09437,30626119.6834659,160941254.2475,0.005622920189907,0,0,0,8.653962640805,1.257075256258e-81,0,2.500752319849,-0.471629352769,-13.38574795787,-0.556211337093,1.336608964588,-12.35026463945,-24490.82637077,4660.449299961,0,0,259262.100,2296,48,0,79997.84226098
80200,-24004350.97981,5022420.095461,16597001.03147,0,0,0,-1.01756810598,-0.4720420349836,32312286.12675,30626585.7157284,160943703.2688,0.005622920188633,0,0,0,8.653467785621,1.256877844745e-81,0,2.50073574894,-0.4716897108904,-13.38643038896,-0.5561578589096,1.336616328192,-12.35069023903,-24489.59908858,4660.215755925,0,0,259262.200,2296,48,0,80097.84070647
80300,-24004511.63817,5022377.135431,16596781.70633,0,0,0,-1.017601444546,-0.4721024890505,32312752.13577,30627051.724635,160946152.1673,0.005622920187359,0,0,0,8.652972861242,1.256680424424e-81,0,2.500719176089,-0.4717500673843,-13.38711280164,-0.5561044192663,1.33662369242,-12.35111577972,-24488.37159104,4659.98217091,0,0,259262.300,2296,48,0,80197.83915203
80400,-24004672.29475,5022334.17724,16596562.37864,0,0,0,-1.017634790872,-0.4721629411886,32313218.12143,30627517.7101835,160948600.9431,0.005622920186085,0,0,0,8.652477867687,1.256482995314e-81,0,2.500702597382,-0.4718104217237,-13.38779518996,-0.5560509518527,1.336631057272,-12.35154125559,-24487.14408371,4659.748584032,0,0,259262.400,2296,48,0,80297.83759767
80500,-24004832.94954,5022291.220888,16596343.04841,0,0,0,-1.017668144958,-0.4722233913977,32313684.08373,30627983.6723721,160951049.5962,0.005622920184811,0,0,0,8.651982804977,1.256285557438e-81,0,2.500686017705,-0.4718707739953,-13.3884775549,-0.5559974735109,1.336638422748,-12.35196666763,-24485.91650787,4659.514984116,0,0,259262.500,2296,48,0,80397.83604339
80600,-24004993.60255,5022248.266375,16596123.71562,0,0,0,-1.017701506807,-0.4722838396778,32314150.02267,30628449.6111987,160953498.1264,0.005622920183538,0,0,0,8.651487673131,1.256088110815e-81,0,2.500669435031,-0.4719311244377,-13.38915989916,-0.5559439998021,1.336645788848,-12.35239201852,-24484.68872647,4659.281345084,0,0,259262.600,2296,48,0,80497.83448918
80700,-24005154.25378,5022205.313701,16595904.38029,0,0,0,-1.017734876418,-0.4723442860289,32314615.93825,30628915.5266612,160955946.5339,0.005622920182264,0,0,0,8.650992472169,1.255890655467e-81,0,2.500652849224,-0.47199147299,-13.38984222205,-0.5558905092641,1.336653155571,-12.3528173076,-24483.46084719,4659.047687426,0,0,259262.700,2296,48,0,80597.83293505
80800,-24005314.90323,5022162.362867,16595685.04242,0,0,0,-1.017768253793,-0.4724047304508,32315081.83046,30629381.4187577,160958394.8186,0.00562292018099,0,0,0,8.650497202112,1.255693191415e-81,0,2.500636262063,-0.4720518196053,-13.39052452304,-0.555837056757,1.336660522918,-12.35324253433,-24482.23289939,4658.81401673,0,0,259262.800,2296,48,0,80697.83138101
80900,-24005475.5509,5022119.413871,16595465.70199,0,0,0,-1.017801638932,-0.4724651729434,32315547.6993,30629847.2874862,160960842.9805,0.005622920179716,0,0,0,8.650001862979,1.25549571868e-81,0,2.500619668682,-0.4721121643732,-13.39120680314,-0.5557835765671,1.336667890889,-12.35366769974,-24481.00489286,4658.580334857,0,0,259262.900,2296,48,0,80797.82982703
81000,-24005636.19679,5022076.466715,16595246.35901,0,0,0,-1.017835031836,-0.4725256135068,32316013.54477,30630313.132624,160963291.0208,0.005622920178442,0,0,0,8.649285879613,1.255298237281e-81,0,2.500603074214,-0.4721725072783,-13.39188906218,-0.5557300838422,1.336675259483,-12.35409280366,-24480.35630276,4658.456912264,0,0,259263.000,2296,48,0,80897.82827314
81100,-24005796.84089,5022033.521398,16595027.01349,0,0,0,-1.017868432506,-0.4725860521408,32316479.36687,30630778.9546102,160965738.937,0.005622920177169,0,0,0,8.648790405482,1.255100747242e-81,0,2.50058647711,-0.4722328476522,-13.3925712926,-0.5556765985479,1.336682628699,-12.35451783854,-24478.54847848,4658.112894744,0,0,259263.100,2296,48,0,80997.82671933
81200,-24005957.48321,5021990.577919,16594807.66542,0,0,0,-1.017901840943,-0.4726464888454,32316945.1656,30631244.7532225,160968186.7305,0.005622920175895,0,0,0,8.648294862343,1.254903248582e-81,0,2.500569876522,-0.4722931867377,-13.39325350846,-0.5556230944335,1.336689998539,-12.35494281843,-24477.32015873,4657.879153267,0,0,259263.200,2296,48,0,81097.82516559
81300,-24006118.12375,5021947.63628,16594588.3148,0,0,0,-1.017935257147,-0.4727069236205,32317410.94095,30631710.5284585,160970634.4011,0.005622920174621,0,0,0,8.647799250216,1.254705741321e-81,0,2.500553272991,-0.4723535235507,-13.39393569862,-0.5555696264968,1.336697369002,-12.35536773222,-24476.09172152,4657.645389438,0,0,259263.300,2296,48,0,81197.82361193
81400,-24006278.76251,5021904.696479,16594368.96164,0,0,0,-1.01796868112,-0.472767356466,32317876.69292,30632176.2803165,160973081.9488,0.005622920173347,0,0,0,8.64730356912,1.254508225482e-81,0,2.50053666852,-0.4724138585523,-13.3946178683,-0.5555161316248,1.336704740088,-12.35579258512,-24474.86314727,4657.411599532,0,0,259263.400,2296,48,0,81297.82205835
81500,-24006439.39949,5021861.758518,16594149.60593,0,0,0,-1.018002112862,-0.4728277873818,32318342.42151,30632642.0087944,160975529.3737,0.005622920172073,0,0,0,8.646807819075,1.254310701084e-81,0,2.50052005743,-0.4724741918538,-13.39530001876,-0.555462627307,1.336712111796,-12.3562173784,-24473.63446535,4657.177789137,0,0,259263.500,2296,48,0,81397.82050485
81600,-24006600.03468,5021818.822395,16593930.24767,0,0,0,-1.018035552375,-0.472888216368,32318808.12672,30633107.71389,160977976.6757,0.0056229201708,0,0,0,8.646312000101,1.254113168149e-81,0,2.500503445168,-0.4725345231189,-13.39598214619,-0.5554091266389,1.336719484127,-12.35664210826,-24472.40569534,4656.943961978,0,0,259263.600,2296,48,0,81497.81895142
81700,-24006760.6681,5021775.888112,16593710.88686,0,0,0,-1.018068999658,-0.4729486434243,32319273.80855,30633573.3956015,160980423.8548,0.005622920169526,0,0,0,8.645816112219,1.253915626698e-81,0,2.500486830149,-0.4725948520277,-13.39666424698,-0.5553556097661,1.336726857081,-12.35706677109,-24471.17681766,4656.71011433,0,0,259263.700,2296,48,0,81597.81739808
81800,-24006921.29973,5021732.955667,16593491.5235,0,0,0,-1.018102454713,-0.4730090685508,32319739.46698,30634039.0539269,160982870.911,0.005622920168252,0,0,0,8.645320155447,1.25371807675e-81,0,2.500470212138,-0.4726551792833,-13.39734632909,-0.5553021275895,1.336734230656,-12.35749137485,-24469.94777357,4656.476235017,0,0,259263.800,2296,48,0,81697.81584481
81900,-24007081.92957,5021690.025061,16593272.1576,0,0,0,-1.018135917541,-0.4730694917474,32320205.10204,30634504.688864,160985317.8444,0.005622920166978,0,0,0,8.644824129807,1.253520518329e-81,0,2.500453590723,-0.4727155046354,-13.39802838966,-0.5552486212194,1.336741604854,-12.35791591672,-24468.71868055,4656.242346391,0,0,259263.900,2296,48,0,81797.81429162
82000,-24007242.55764,5021647.096294,16593052.78915,0,0,0,-1.018169388142,-0.4731299130139,32320670.7137,30634970.3001904,160987764.6559,0.005622920165705,0,0,0,8.644107469966,1.253322951453e-81,0,2.500436968381,-0.4727758281366,-13.39871042932,-0.5551951017294,1.336748979674,-12.35834039729,-24468.06901373,4656.118718907,0,0,259264.000,2296,64,0,81897.8127385
82100,-24007403.18393,5021604.169366,16592833.41815,0,0,0,-1.018202866517,-0.4731903323504,32321136.30197,30635435.8883451,160990211.3434,0.005622920164431,0,0,0,8.643611309817,1.253125376144e-81,0,2.50042033985,-0.4728361495598,-13.39939244548,-0.5551415713474,1.336756355116,-12.358764814,-24466.26012254,4655.774498358,0,0,259264.100,2296,64,0,81997.81118547
82200,-24007563.80843,5021561.244277,16592614.0446,0,0,0,-1.018236352667,-0.4732507497567,32321601.86684,30635901.4531056,160992657.908,0.005622920163157,0,0,0,8.643115080866,1.252927792423e-81,0,2.500403710004,-0.4728964691099,-13.40007444046,-0.5550880574669,1.33676373118,-12.35918916917,-24465.03072608,4655.54055199,0,0,259264.200,2296,64,0,82097.80963251
82300,-24007724.43115,5021518.321026,16592394.66851,0,0,0,-1.018269846594,-0.4733111652328,32322067.40832,30636366.9944698,160995104.3496,0.005622920161883,0,0,0,8.642618783133,1.252730200311e-81,0,2.500387077586,-0.4729567864496,-13.40075641044,-0.5550345621373,1.336771107865,-12.35961345901,-24463.80115343,4655.306572095,0,0,259264.300,2296,64,0,82197.80807963
82400,-24007885.05208,5021475.399614,16592175.28987,0,0,0,-1.018303348297,-0.4733715787787,32322532.9264,30636832.5124358,160997550.6682,0.005622920160609,0,0,0,8.642122416639,1.252532599827e-81,0,2.500370441725,-0.4730171020575,-13.40143836085,-0.5549810400076,1.336778485172,-12.36003768892,-24462.57153184,4655.072582886,0,0,259264.400,2296,64,0,82297.80652683
82500,-24008045.67124,5021432.480041,16591955.90868,0,0,0,-1.018336857778,-0.4734319903941,32322998.42108,30637298.0070016,160999996.8639,0.005622920159336,0,0,0,8.641625981403,1.252334990995e-81,0,2.500353804548,-0.473077416083,-13.40212029337,-0.554927508559,1.336785863101,-12.36046186059,-24461.341783,4654.838569462,0,0,259264.500,2296,64,0,82397.80497411
82600,-24008206.28861,5021389.562306,16591736.52494,0,0,0,-1.018370375037,-0.4734924000792,32323463.89236,30637763.4781651,161002442.9366,0.005622920158062,0,0,0,8.641129477446,1.252137373832e-81,0,2.500337161329,-0.4731377277337,-13.40280219904,-0.5548739638314,1.33679324165,-12.36088596509,-24460.11200479,4654.604550451,0,0,259264.600,2296,64,0,82497.80342147
82700,-24008366.9042,5021346.646411,16591517.13866,0,0,0,-1.018403900075,-0.4735528078337,32323929.34023,30638228.9259242,161004888.8863,0.005622920156788,0,0,0,8.640632904787,1.251939748363e-81,0,2.500320516937,-0.4731980373637,-13.40348408186,-0.5548204383825,1.336800620822,-12.36131000641,-24458.88200146,4654.370488599,0,0,259264.700,2296,64,0,82597.8018689
82800,-24008527.51801,5021303.732354,16591297.74983,0,0,0,-1.018437432894,-0.4736132136576,32324394.7647,30638694.3502771,161007334.713,0.005622920155514,0,0,0,8.640136263446,1.251742114605e-81,0,2.500303869514,-0.4732583453319,-13.40416594589,-0.5547669282088,1.336808000614,-12.36173398863,-24457.65194918,4654.136417434,0,0,259264.800,2296,64,0,82697.80031641
82900,-24008688.13004,5021260.820135,16591078.35845,0,0,0,-1.018470973493,-0.4736736175509,32324860.16576,30639159.7512217,161009780.4167,0.00562292015424,0,0,0,8.639639553443,1.251544472581e-81,0,2.500287219035,-0.4733186512149,-13.40484778634,-0.5547133932609,1.336815381027,-12.36215790695,-24456.4218186,4653.902331367,0,0,259264.900,2296,64,0,82797.798764
83000,-24008848.74028,5021217.909755,16590858.96453,0,0,0,-1.018504521874,-0.4737340195135,32325325.54341,30639625.1285354,161012225.9985,0.005622920152967,0,0,0,8.638922220034,1.251346822311e-81,0,2.500270565709,-0.4733789552392,-13.40552960578,-0.5546598478048,1.336822762061,-12.36258176396,-24455.77114359,4653.778512031,0,0,259265.000,2296,64,0,82897.79721167
83100,-24009009.34874,5021175.001214,16590639.56806,0,0,0,-1.018538078038,-0.4737944195453,32325790.89765,30640090.4826574,161014671.4561,0.005622920151693,0,0,0,8.638425376011,1.251149163817e-81,0,2.500253911121,-0.4734392573144,-13.40621140318,-0.5546062889357,1.336830143715,-12.36300555862,-24453.961254,4653.434101492,0,0,259265.100,2296,64,0,82997.79565941
83200,-24009169.95542,5021132.094511,16590420.16904,0,0,0,-1.018571641985,-0.4738548176463,32326256.22847,30640555.813365,161017116.7907,0.005622920150419,0,0,0,8.637928463394,1.250951497118e-81,0,2.500237250072,-0.4734995577456,-13.406893182,-0.554552748207,1.336837525991,-12.3634292944,-24452.73074167,4653.199942783,0,0,259265.200,2296,64,0,83097.79410724
83300,-24009330.56031,5021089.189647,16590200.76747,0,0,0,-1.018605213716,-0.4739152138163,32326721.53587,30641021.1206563,161019562.0023,0.005622920149145,0,0,0,8.637431482203,1.250753822235e-81,0,2.500220587999,-0.4735598557173,-13.40757493301,-0.5544992257885,1.336844908887,-12.36385296208,-24451.50019998,4652.965778485,0,0,259265.300,2296,64,0,83197.79255514
83400,-24009491.16342,5021046.286622,16589981.36336,0,0,0,-1.018638793233,-0.4739756080553,32327186.81986,30641486.4045292,161022007.0907,0.005622920147871,0,0,0,8.636934432458,1.25055613919e-81,0,2.500203922806,-0.4736201520906,-13.40825666594,-0.5544456759006,1.336852292403,-12.36427657141,-24450.26950168,4652.731584385,0,0,259265.400,2296,64,0,83297.79100312
83500,-24009651.76475,5021003.385435,16589761.9567,0,0,0,-1.018672380535,-0.4740360003632,32327652.08043,30641951.6649818,161024452.0561,0.005622920146598,0,0,0,8.636437314178,1.250358448004e-81,0,2.500187254782,-0.4736804461566,-13.40893837279,-0.5543921178451,1.336859676539,-12.36470011437,-24449.03871529,4652.497373521,0,0,259265.500,2296,64,0,83397.78945118
83600,-24009812.3643,5020960.486086,16589542.54749,0,0,0,-1.018705975624,-0.47409639074,32328117.31758,30642416.902012,161026896.8985,0.005622920145324,0,0,0,8.635940127384,1.250160748696e-81,0,2.500170583391,-0.4737407386987,-13.40962006241,-0.5543385461548,1.336867061296,-12.36512359983,-24447.80777228,4652.263132855,0,0,259265.600,2296,64,0,83497.78789931
83700,-24009972.96206,5020917.588576,16589323.13574,0,0,0,-1.018739578501,-0.4741567791856,32328582.5313,30642882.1156178,161029341.6177,0.00562292014405,0,0,0,8.635442872096,1.249963041288e-81,0,2.500153911066,-0.4738010292663,-13.4103017297,-0.5542849918233,1.336874446672,-12.36554702271,-24446.57678033,4652.028882876,0,0,259265.700,2296,64,0,83597.78634753
83800,-24010133.55804,5020874.692905,16589103.72144,0,0,0,-1.018773189166,-0.4742171656999,32329047.72159,30643347.3057973,161031786.2138,0.005622920142776,0,0,0,8.634945548334,1.2497653258e-81,0,2.500137232358,-0.4738613176905,-13.41098337276,-0.5542314544738,1.336881832669,-12.36597038108,-24445.34561219,4651.794599369,0,0,259265.800,2296,64,0,83697.78479582
83900,-24010294.15224,5020831.799071,16588884.30459,0,0,0,-1.018806807621,-0.4742775502828,32329512.88846,30643812.4725483,161034230.6868,0.005622920141502,0,0,0,8.634448156118,1.249567602254e-81,0,2.50012055287,-0.4739216043047,-13.41166499535,-0.5541778912961,1.336889219285,-12.36639367875,-24444.11438532,4651.560304686,0,0,259265.900,2296,64,0,83797.78324419
84000,-24010454.74466,5020788.907076,16588664.8852,0,0,0,-1.018840433865,-0.4743379329342,32329978.0319,30644277.6156484,161036675.0378,0.005622920140229,0,0,0,8.633730152051,1.249369870669e-81,0,2.500103870202,-0.4739818887161,-13.41234659304,-0.5541243192568,1.336896606521,-12.36681691126,-24443.46253573,4651.436261833,0,0,259266.000,2296,64,0,83897.78169264
84100,-24010615.33529,5020746.01692,16588445.46326,0,0,0,-1.018874067901,-0.4743983136542,32330443.1519,30644742.7355366,161039119.2646,0.005622920138955,0,0,0,8.633232626304,1.249172131067e-81,0,2.500087183968,-0.4740421715502,-13.4130281729,-0.5540707302392,1.336903994376,-12.36724008569,-24441.65162815,4651.091657579,0,0,259266.100,2296,64,0,83997.78014117
84200,-24010775.92414,5020703.128602,16588226.03877,0,0,0,-1.018907709728,-0.4744586924426,32330908.24847,30645207.8319905,161041563.3682,0.005622920137681,0,0,0,8.63273503217,1.248974383469e-81,0,2.500070496992,-0.4741024524123,-13.41370973046,-0.5540171653496,1.336911382851,-12.3676631976,-24440.42016636,4650.857318193,0,0,259266.200,2296,64,0,84097.77858977
84300,-24010936.5112,5020660.242122,16588006.61173,0,0,0,-1.018941359348,-0.4745190692993,32331373.3216,30645672.9050078,161044007.3486,0.005622920136407,0,0,0,8.63223736967,1.248776627894e-81,0,2.500053803546,-0.4741627312491,-13.41439126512,-0.5539636154482,1.336918771945,-12.36808624638,-24439.18844029,4650.622928515,0,0,259266.300,2296,64,0,84197.77703846
84400,-24011097.09648,5020617.357481,16587787.18215,0,0,0,-1.018975016761,-0.4745794442244,32331838.3713,30646137.9545868,161046451.2059,0.005622920135134,0,0,0,8.631739638824,1.248578864365e-81,0,2.500037109391,-0.47422300789,-13.41507277495,-0.5539100391514,1.336926161658,-12.36852882505,-24437.95676317,4650.388548151,0,0,259266.400,2296,64,0,84297.77548722
84500,-24011257.67998,5020574.474678,16587567.75002,0,0,0,-1.019008681969,-0.4746398172176,32332303.39755,30646602.9807253,161048894.94,0.00562292013386,0,0,0,8.631241839651,1.248381092901e-81,0,2.500020411686,-0.4742832830298,-13.41575426781,-0.5538564525211,1.33693355199,-12.36898837024,-24436.72490006,4650.154132396,0,0,259266.500,2296,64,0,84397.77393606
84600,-24011418.2617,5020531.593713,16587348.31535,0,0,0,-1.019042354971,-0.4747001882789,32332768.40036,30647067.9834214,161051338.5508,0.005622920132586,0,0,0,8.630743972171,1.248183313524e-81,0,2.500003710964,-0.4743435562601,-13.41643573909,-0.5538028545521,1.336940942941,-12.36944785669,-24435.4929195,4649.91969429,0,0,259266.600,2296,64,0,84497.77238498
84700,-24011578.84163,5020488.714586,16587128.87813,0,0,0,-1.01907603577,-0.4747605574084,32333233.37973,30647532.962673,161053782.0385,0.005622920131312,0,0,0,8.630246036406,1.247985526254e-81,0,2.499987007751,-0.4744038271327,-13.4171171837,-0.5537492731479,1.336948334511,-12.36990727935,-24434.26101724,4649.685271084,0,0,259266.700,2296,64,0,84597.77083397
84800,-24011739.41978,5020445.837298,16586909.43836,0,0,0,-1.019109724366,-0.4748209246058,32333698.33565,30647997.9184782,161056225.403,0.005622920130038,0,0,0,8.629748032374,1.247787731112e-81,0,2.499970303031,-0.4744640962302,-13.41779860824,-0.5536956943643,1.336955726699,-12.37036664481,-24433.02871366,4649.450771511,0,0,259266.800,2296,64,0,84697.76928305
84900,-24011899.99615,5020402.961848,16586689.99604,0,0,0,-1.019143420759,-0.4748812898711,32334163.26813,30648462.850835,161058668.6443,0.005622920128765,0,0,0,8.629249960095,1.247589928118e-81,0,2.499953591845,-0.474524363421,-13.41848001123,-0.5536421178138,1.336963119506,-12.37082595157,-24431.79646881,4649.216283113,0,0,259266.900,2296,64,0,84797.7677322
85000,-24012060.57073,5020360.088236,16586470.55118,0,0,0,-1.01917712495,-0.4749416532043,32334628.17715,30648927.7595207,161061111.7635,0.005622920127491,0,0,0,8.628531288286,1.247392117294e-81,0,2.499936879569,-0.4745846289408,-13.41916139532,-0.5535885182593,1.336970512932,-12.37128520233,-24431.1435523,4649.092037231,0,0,259267.000,2296,64,0,84897.76618143
85100,-24012221.14353,5020317.216462,16586251.10378,0,0,0,-1.019210836941,-0.4750020146052,32335093.06272,30649392.6449745,161063554.7583,0.005622920126217,0,0,0,8.628033082968,1.247194298659e-81,0,2.499920164283,-0.4746448922904,-13.41984275488,-0.553534905671,1.336977906975,-12.37174439144,-24429.33160716,4648.747235537,0,0,259267.100,2296,64,0,84997.76463074
85200,-24012381.71454,5020274.346527,16586031.65382,0,0,0,-1.019244556732,-0.4750623740739,32335557.92483,30649857.5069739,161065997.6298,0.005622920124943,0,0,0,8.627534809471,1.246996472235e-81,0,2.499903445889,-0.474705153532,-13.4205240906,-0.5534813106289,1.336985301637,-12.37220351959,-24428.09906867,4648.512691259,0,0,259267.200,2296,64,0,85097.76308013
85300,-24012542.28378,5020231.478429,16585812.20132,0,0,0,-1.019278284324,-0.4751227316101,32336022.76349,30650322.3455167,161068440.3781,0.005622920123669,0,0,0,8.627036467815,1.246798638043e-81,0,2.499886724622,-0.4747654129426,-13.42120540563,-0.5534277329664,1.336992696917,-12.37266258995,-24426.8663442,4648.278111592,0,0,259267.300,2296,64,0,85197.76152959
85400,-24012702.85122,5020188.61217,16585592.74627,0,0,0,-1.019312019718,-0.475183087214,32336487.57869,30650787.1606011,161070883.003,0.005622920122396,0,0,0,8.626538058021,1.246600796102e-81,0,2.499870002251,-0.4748256705056,-13.42188669976,-0.5533741293254,1.337000092815,-12.37312160231,-24425.63352184,4648.043513298,0,0,259267.400,2296,64,0,85297.75997914
85500,-24012863.41689,5020145.747748,16585373.28868,0,0,0,-1.019345762915,-0.4752434408853,32336952.37043,30651251.952225,161073325.5048,0.005622920121122,0,0,0,8.626039580108,1.246402946434e-81,0,2.499853273529,-0.4748859259082,-13.42256796946,-0.5533205149693,1.337007489331,-12.37358055315,-24424.4006016,4647.808896378,0,0,259267.500,2296,64,0,85397.75842876
85600,-24013023.98077,5020102.885165,16585153.82854,0,0,0,-1.019379513915,-0.475303792624,32337417.13871,30651716.7203863,161075767.8832,0.005622920119848,0,0,0,8.625541034097,1.24620508906e-81,0,2.499836543682,-0.474946179803,-13.42324922212,-0.5532668894576,1.337014886464,-12.37403944986,-24423.16761285,4647.574266419,0,0,259267.600,2296,64,0,85497.75687846
85700,-24013184.54287,5020060.02442,16584934.36586,0,0,0,-1.019413272719,-0.4753641424301,32337881.88353,30652181.4650832,161078210.1383,0.005622920118574,0,0,0,8.625042420008,1.246007223999e-81,0,2.499819810529,-0.4750064314806,-13.42393044971,-0.5532132800719,1.337022284215,-12.37449828442,-24421.9344479,4647.339602932,0,0,259267.700,2296,64,0,85597.75532824
85800,-24013345.10318,5020017.165513,16584714.90062,0,0,0,-1.019447039329,-0.4754244903035,32338346.60487,30652646.1863136,161080652.2701,0.0056229201173,0,0,0,8.624543737861,1.245809351273e-81,0,2.49980307467,-0.4750666810428,-13.42461165338,-0.5531596873471,1.337029682584,-12.37495705798,-24420.70121444,4647.104926407,0,0,259267.800,2296,64,0,85697.75377809
85900,-24013505.66171,5019974.308443,16584495.43285,0,0,0,-1.019480813744,-0.475484836244,32338811.30275,30653110.8840755,161083094.2785,0.005622920116027,0,0,0,8.624044987676,1.245611470903e-81,0,2.499786337564,-0.4751269289239,-13.42529283804,-0.5531060703316,1.337037081569,-12.37541577546,-24419.46799077,4646.870251745,0,0,259267.900,2296,64,0,85797.75222803
86000,-24013666.21846,5019931.453212,16584275.96252,0,0,0,-1.019514595967,-0.4755451802517,32339275.97716,30653575.5581464,161085536.1648,0.005622920114753,0,0,0,8.623325651045,1.245413582909e-81,0,2.499769594326,-0.4751871747057,-13.42597399897,-0.5530524434301,1.337044481172,-12.37587443214,-24418.81392902,4646.745787933,0,0,259268.000,2296,64,0,85897.75067804
86100,-24013826.77342,5019888.599819,16584056.48965,0,0,0,-1.019548385997,-0.4756055223264,32339740.6281,30654040.2089652,161087977.9266,0.005622920113479,0,0,0,8.622826768311,1.245215687312e-81,0,2.49975284959,-0.4752474185959,-13.42665513851,-0.5529988029457,1.337051881392,-12.37633303038,-24417.00096591,4646.400792524,0,0,259268.100,2296,64,0,85997.74912814
86200,-24013987.3266,5019845.748264,16583837.01423,0,0,0,-1.019582183836,-0.4756658624681,32340205.25556,30654504.8363096,161090419.565,0.005622920112205,0,0,0,8.622327817606,1.245017784131e-81,0,2.499736101488,-0.4753076609391,-13.42733626056,-0.5529451810774,1.337059282229,-12.37679157407,-24415.76734092,4646.166041493,0,0,259268.200,2296,64,0,86097.74757831
86300,-24014147.87799,5019802.898546,16583617.53627,0,0,0,-1.019615989484,-0.4757262006767,32340669.85954,30654969.4401775,161092861.0801,0.005622920110931,0,0,0,8.621828798952,1.244819873389e-81,0,2.499719350689,-0.4753679010019,-13.42801735683,-0.5528915759426,1.337066683683,-12.37725005492,-24414.53361804,4645.931271836,0,0,259268.300,2296,64,0,86197.74602855
86400,-24014308.4276,5019760.050666,16583398.05576,0,0,0,-1.019649802943,-0.4757865369521,32341134.44005,30655434.0205669,161095302.4717,0.005622920109658,0,0,0,8.621329712367,1.244621955106e-81,0,2.499702597365,-0.4754281390689,-13.42869843053,-0.5528379442551,1.337074085753,-12.37770847617,-24413.29980707,4645.696485415,0,0,259268.400,2296,64,0,86297.74447888
86500,-24014468.97543,5019717.204625,16583178.57271,0,0,0,-1.019683624212,-0.4758468712943,32341598.99708,30655898.5774757,161097743.74,0.005622920108384,0,0,0,8.620830557872,1.244424029302e-81,0,2.499685842594,-0.4754883749656,-13.4293794797,-0.5527843041915,1.33708148844,-12.37816683583,-24412.06588843,4645.461678505,0,0,259268.500,2296,64,0,86397.74292929
86600,-24014629.52147,5019674.360421,16582959.08711,0,0,0,-1.019717453294,-0.4759072037032,32342063.53062,30656363.110902,161100184.8849,0.00562292010711,0,0,0,8.620331335487,1.244226095998e-81,0,2.499669081191,-0.4755486093509,-13.43006051177,-0.5527306500364,1.337088891744,-12.37862514138,-24410.8317936,4645.226838067,0,0,259268.600,2296,64,0,86497.74137977
86700,-24014790.06573,5019631.518055,16582739.59896,0,0,0,-1.019751290188,-0.4759675341787,32342528.04068,30656827.6208438,161102625.9063,0.005622920105836,0,0,0,8.619832045232,1.244028155214e-81,0,2.499652318442,-0.4756088418591,-13.43074152263,-0.5526770137555,1.337096295663,-12.37908338868,-24409.59762046,4644.991982728,0,0,259268.700,2296,64,0,86597.73983033
86800,-24014950.6082,5019588.677526,16582520.10827,0,0,0,-1.019785134896,-0.4760278627207,32342992.52725,30657292.1072991,161105066.8044,0.005622920104563,0,0,0,8.619332687128,1.243830206971e-81,0,2.499635553041,-0.4756690720838,-13.43142250766,-0.5526233934322,1.337103700199,-12.37954157313,-24408.36332008,4644.757103175,0,0,259268.800,2296,64,0,86697.73828097
86900,-24015111.14889,5019545.838836,16582300.61503,0,0,0,-1.019818987418,-0.4760881893293,32343456.99034,30657756.5702659,161107507.579,0.005622920103289,0,0,0,8.618833261194,1.243632251291e-81,0,2.499618784833,-0.4757293003579,-13.43210347064,-0.552569749202,1.337111105352,-12.37999969852,-24407.12897076,4644.522214308,0,0,259268.900,2296,64,0,86797.73673169
87000,-24015271.6878,5019503.001983,16582081.11925,0,0,0,-1.019852847755,-0.4761485140042,32343921.42993,30658221.0095217,161109948.2313,0.005622920102015,0,0,0,8.618113262668,1.243434288193e-81,0,2.499602014832,-0.4757895268047,-13.43278441296,-0.5525160952532,1.33711851112,-12.38045776623,-24406.47386167,4644.397551194,0,0,259269.000,2296,64,0,86897.73518249
87100,-24015432.22492,5019460.166968,16581861.62092,0,0,0,-1.019886715909,-0.4762088367454,32344385.84603,30658685.4255054,161112388.7591,0.005622920100741,0,0,0,8.617613704677,1.243236317698e-81,0,2.499585238685,-0.4758497515525,-13.43346533607,-0.552462428401,1.337125917504,-12.38091577773,-24404.65985121,4644.052356482,0,0,259269.100,2296,64,0,86997.73363336
87200,-24015592.76025,5019417.333791,16581642.12004,0,0,0,-1.01992059188,-0.4762691575529,32344850.23864,30659149.8179946,161114829.1633,0.005622920099467,0,0,0,8.617114078924,1.243038339826e-81,0,2.499568461725,-0.4759099740054,-13.43414623324,-0.5524087775997,1.337133324503,-12.38137372628,-24403.4251593,4643.817402422,0,0,259269.200,2296,64,0,87097.73208431
87300,-24015753.29381,5019374.502451,16581422.61662,0,0,0,-1.019954475668,-0.4763294764266,32345314.60775,30659614.1869873,161117269.4441,0.005622920098194,0,0,0,8.61661438543,1.242840354599e-81,0,2.499551681753,-0.4759701946945,-13.43482711046,-0.5523551441041,1.337140732119,-12.3818316179,-24402.19033035,4643.582422286,0,0,259269.300,2296,64,0,87197.73053535
87400,-24015913.82557,5019331.672949,16581203.11065,0,0,0,-1.019988367276,-0.4763897933664,32345778.95336,30660078.5324815,161119709.6014,0.00562292009692,0,0,0,8.616114624215,1.242642362037e-81,0,2.499534898154,-0.4760304133633,-13.43550796484,-0.5523014862438,1.337148140349,-12.38228944968,-24400.9554133,4643.347425386,0,0,259269.400,2296,64,0,87297.72898646
87500,-24016074.35556,5019288.845285,16580983.60214,0,0,0,-1.020022266702,-0.4764501083722,32346243.27547,30660542.8544752,161122149.6352,0.005622920095646,0,0,0,8.615614795298,1.24244436216e-81,0,2.499518112017,-0.4760906301514,-13.43618879795,-0.5522478169254,1.337155549196,-12.38274722322,-24399.7203788,4643.112406135,0,0,259269.500,2296,64,0,87397.72743764
87600,-24016234.88375,5019246.019458,16580764.09108,0,0,0,-1.020056173949,-0.476510421444,32346707.57408,30661007.1529663,161124589.5455,0.005622920094372,0,0,0,8.6151148987,1.242246354989e-81,0,2.499501324646,-0.4761508449881,-13.436869609,-0.5521941363553,1.337162958657,-12.38320493772,-24398.48537366,4642.877392471,0,0,259269.600,2296,64,0,87497.72588891
87700,-24016395.41017,5019203.195469,16580544.57747,0,0,0,-1.020090089018,-0.4765707325817,32347171.84919,30661471.4279529,161127029.3322,0.005622920093098,0,0,0,8.61461493444,1.242048340545e-81,0,2.499484531042,-0.4762110579207,-13.43755039853,-0.5521404717173,1.337170368733,-12.38366259371,-24397.2501336,4642.642334104,0,0,259269.700,2296,64,0,87597.72434026
87800,-24016555.9348,5019160.373318,16580325.06132,0,0,0,-1.020124011908,-0.4766310417851,32347636.10078,30661935.6794331,161129468.9955,0.005622920091825,0,0,0,8.614114902541,1.241850318848e-81,0,2.499467736021,-0.4762712688647,-13.43823116557,-0.5520868252908,1.337177779425,-12.38412019025,-24396.01482503,4642.407262698,0,0,259269.800,2296,64,0,87697.72279168
87900,-24016716.45764,5019117.553004,16580105.54263,0,0,0,-1.020157942621,-0.4766913490544,32348100.32887,30662399.9074047,161131908.5352,0.005622920090551,0,0,0,8.61361480302,1.241652289919e-81,0,2.499450938045,-0.4763314779309,-13.43891191137,-0.552033152251,1.337185190731,-12.38457772861,-24394.77936963,4642.172163352,0,0,259269.900,2296,64,0,87797.72124318
88000,-24016876.9787,5019074.734528,16579886.02139,0,0,0,-1.020191881158,-0.4767516543893,32348564.53345,30662864.1116453,161134347.9525,0.005622920089277,0,0,0,8.612894145529,1.241454253778e-81,0,2.499434137122,-0.4763916851649,-13.43959263647,-0.5519794706221,1.337192602652,-12.38503520929,-24394.12324256,4642.047306523,0,0,259270.000,2296,64,0,87897.71969476
88100,-24017037.49798,5019031.917889,16579666.4976,0,0,0,-1.02022582752,-0.4768119577898,32349028.71452,30663328.2925939,161136787.2451,0.005622920088003,0,0,0,8.612393914444,1.241256210446e-81,0,2.499417333116,-0.4764518902016,-13.44027333672,-0.5519257758851,1.337200015188,-12.38549262817,-24392.30830222,4641.701934859,0,0,259270.100,2296,64,0,87997.71814642
88200,-24017198.01547,5018989.103087,16579446.97127,0,0,0,-1.020259781707,-0.4768722592558,32349492.87207,30663792.4500279,161139226.4142,0.005622920086729,0,0,0,8.611893615806,1.241058159944e-81,0,2.499400528083,-0.4765120932032,-13.44095401396,-0.5518720940908,1.337207428339,-12.3859499871,-24391.07257275,4641.46678336,0,0,259270.200,2296,64,0,88097.71659816
88300,-24017358.53117,5018946.290123,16579227.44239,0,0,0,-1.02029374372,-0.4769325587873,32349957.00611,30664256.5839455,161141665.4596,0.005622920085456,0,0,0,8.611393249636,1.240860102291e-81,0,2.499383716457,-0.4765722947429,-13.44163467467,-0.5518184378058,1.337214842103,-12.38640729257,-24389.83668667,4641.231602058,0,0,259270.300,2296,64,0,88197.71504998
88400,-24017519.04509,5018903.478997,16579007.91097,0,0,0,-1.020327713561,-0.4769928563842,32350421.11663,30664720.6943446,161144104.3815,0.005622920084182,0,0,0,8.610892815953,1.240662037509e-81,0,2.499366903548,-0.4766324942089,-13.44231531193,-0.5517647518573,1.337222256482,-12.38686453765,-24388.60069291,4640.996400267,0,0,259270.400,2296,64,0,88297.71350187
88500,-24017679.55723,5018860.669708,16578788.377,0,0,0,-1.020361691229,-0.4770531520463,32350885.20362,30665184.7812232,161146543.1798,0.005622920082908,0,0,0,8.610392314778,1.240463965619e-81,0,2.499350087857,-0.4766926914495,-13.44299592404,-0.5517110548801,1.337229671475,-12.38732172065,-24387.36467958,4640.761194751,0,0,259270.500,2296,64,0,88397.71195384
88600,-24017840.06758,5018817.862256,16578568.84049,0,0,0,-1.020395676727,-0.4771134457738,32351349.2671,30665648.8445793,161148981.8544,0.005622920081634,0,0,0,8.609891746131,1.24026588664e-81,0,2.499333269284,-0.4767528869468,-13.44367651643,-0.5516573488262,1.337237087082,-12.38777884701,-24386.12854879,4640.525966883,0,0,259270.600,2296,64,0,88497.71040589
88700,-24018000.57615,5018775.056642,16578349.30143,0,0,0,-1.020429670054,-0.4771737375663,32351813.30705,30666112.8844109,161151420.4055,0.00562292008036,0,0,0,8.609391110032,1.240067800593e-81,0,2.499316449163,-0.4768130803684,-13.44435708536,-0.5516036564272,1.337244503303,-12.38823591298,-24384.89224181,4640.290705487,0,0,259270.700,2296,64,0,88597.70885802
88800,-24018161.08293,5018732.252865,16578129.75983,0,0,0,-1.020463671211,-0.477234027424,32352277.32347,30666576.900716,161153858.8329,0.005622920079087,0,0,0,8.608890406501,1.239869707499e-81,0,2.499299622251,-0.4768732722048,-13.44503763636,-0.5515499817636,1.337251920138,-12.38869292412,-24383.65581738,4640.05542174,0,0,259270.800,2296,64,0,88697.70731023
88900,-24018321.58792,5018689.450926,16577910.21568,0,0,0,-1.0204976802,-0.4772943153466,32352741.31637,30667040.8934926,161156297.1366,0.005622920077813,0,0,0,8.608389635559,1.239671607378e-81,0,2.499282794993,-0.4769334616889,-13.44571816077,-0.5514962772437,1.337259337586,-12.38914987176,-24382.419344,4639.820128679,0,0,259270.900,2296,64,0,88797.70576252
89000,-24018482.09113,5018646.650823,16577690.66899,0,0,0,-1.020531697021,-0.4773546013343,32353205.28573,30667504.8625183,161158735.3179,0.005622920076539,0,0,0,8.607668322037,1.239473500251e-81,0,2.499265964719,-0.4769936493977,-13.4463986651,-0.5514425724577,1.337266755648,-12.38960676243,-24381.76203255,4639.69504647,0,0,259271.000,2296,64,0,88897.70421489
89100,-24018642.59256,5018603.852558,16577471.11975,0,0,0,-1.020565721675,-0.4774148853867,32353669.23157,30667968.808232,161161173.3743,0.005622920075265,0,0,0,8.607167420024,1.239275386139e-81,0,2.499249130783,-0.4770538350531,-13.44707914622,-0.5513888505727,1.337274174324,-12.39006359298,-24379.94599592,4639.34946619,0,0,259271.100,2296,64,0,88997.70266733
89200,-24018803.0922,5018561.056131,16577251.56796,0,0,0,-1.020599754164,-0.477475167504,32354133.15386,30668432.7304111,161163611.3071,0.005622920073992,0,0,0,8.606666450668,1.239077265061e-81,0,2.499232294539,-0.477114018799,-13.44775960575,-0.551335145538,1.337281593612,-12.39052036505,-24378.70926805,4639.1141247,0,0,259271.200,2296,64,0,89097.70111985
89300,-24018963.59005,5018518.26154,16577032.01363,0,0,0,-1.020633794487,-0.477535447686,32354597.05263,30668896.6290539,161166049.1162,0.005622920072718,0,0,0,8.606165413988,1.238879137039e-81,0,2.499215456808,-0.4771742004221,-13.44844004127,-0.5512814564369,1.337289013514,-12.39097707624,-24377.47241293,4638.878758997,0,0,259271.300,2296,64,0,89197.69957245
89400,-24019124.08612,5018475.468787,16576812.45676,0,0,0,-1.020667842645,-0.4775957259326,32355060.92785,30669360.5041581,161168486.8016,0.005622920071444,0,0,0,8.605664310005,1.238681002092e-81,0,2.499198612817,-0.4772343806561,-13.44912046109,-0.5512277430068,1.337296434029,-12.39143373485,-24376.23536204,4638.64335604,0,0,259271.400,2296,64,0,89297.69802513
89500,-24019284.58041,5018432.677871,16576592.89734,0,0,0,-1.02070189864,-0.4776560022439,32355524.77953,30669824.355722,161170924.3633,0.00562292007017,0,0,0,8.605163138739,1.238482860242e-81,0,2.4991817677,-0.4772945584656,-13.4498008535,-0.5511740191307,1.337303855157,-12.39189032917,-24374.99833073,4638.407956809,0,0,259271.500,2296,64,0,89397.69647789
89600,-24019445.07291,5018389.888793,16576373.33537,0,0,0,-1.020735962472,-0.4777162766196,32355988.60767,30670288.1837434,161173361.8013,0.005622920068896,0,0,0,8.60466190021,1.238284711509e-81,0,2.499164919229,-0.4773547344897,-13.45048122572,-0.5511202837554,1.337311276898,-12.39234686643,-24373.7610645,4638.172512874,0,0,259271.600,2296,64,0,89497.69493073
89700,-24019605.56362,5018347.101551,16576153.77087,0,0,0,-1.020770034143,-0.4777765490597,32356452.41227,30670751.9882203,161175799.1155,0.005622920067623,0,0,0,8.604160594439,1.238086555913e-81,0,2.499148067906,-0.4774149086767,-13.45116157718,-0.5510665651942,1.337318699251,-12.39280334606,-24372.52383743,4637.93707639,0,0,259271.700,2296,64,0,89597.69338364
89800,-24019766.05255,5018304.316146,16575934.20381,0,0,0,-1.020804113652,-0.4778368195642,32356916.19332,30671215.7691508,161178236.306,0.005622920066349,0,0,0,8.603659221446,1.237888393475e-81,0,2.499131213774,-0.4774750807285,-13.45184190449,-0.5510128627998,1.337326122217,-12.3932597647,-24371.28645374,4637.701610103,0,0,259271.800,2296,64,0,89697.69183663
89900,-24019926.53969,5018261.532579,16575714.63421,0,0,0,-1.020838201002,-0.477897088133,32357379.95082,30671679.5265329,161180673.3728,0.005622920065075,0,0,0,8.603157781251,1.237690224215e-81,0,2.499114358079,-0.4775352509985,-13.45252221165,-0.5509591350447,1.337333545795,-12.39371612634,-24370.0488645,4637.466104701,0,0,259271.900,2296,64,0,89797.69028971
90000,-24020087.02505,5018218.750849,16575495.06207,0,0,0,-1.020872296192,-0.477957354766,32357843.68477,30672143.2601441,161183110.3169,0.005622920063801,0,0,0,8.602435814639,1.237492048154e-81,0,2.499097496203,-0.4775954192816,-13.45320249635,-0.5509053983112,1.337340969985,-12.39417242866,-24369.39054486,4637.340830639,0,0,259272.000,2296,64,0,89897.68874286
90100,-24020247.50862,5018175.970956,16575275.48738,0,0,0,-1.020906399224,-0.4780176194632,32358307.39517,30672606.9704233,161185547.1362,0.005622920062527,0,0,0,8.601934243867,1.237293865313e-81,0,2.499080633054,-0.4776555854471,-13.45388275711,-0.550851649027,1.337348394788,-12.39462867021,-24367.57355877,4636.995069683,0,0,259272.100,2296,64,0,89997.68719609
90200,-24020407.9904,5018133.1929,16575055.91015,0,0,0,-1.020940510098,-0.4780778822244,32358771.08202,30673070.6571481,161187983.8316,0.005622920061254,0,0,0,8.601432605961,1.23709567571e-81,0,2.499063766818,-0.4777157502041,-13.45456300194,-0.5507979336537,1.337355820203,-12.39508485899,-24366.33573461,4636.759519577,0,0,259272.200,2296,64,0,90097.68564939
90300,-24020568.4704,5018090.416681,16574836.33037,0,0,0,-1.020974628815,-0.4781381430496,32359234.7453,30673534.3203166,161190420.4033,0.00562292005998,0,0,0,8.600930900942,1.236897479369e-81,0,2.49904689777,-0.4777759123767,-13.45524321755,-0.550744198582,1.33736324623,-12.39554098173,-24365.09771469,4636.523932219,0,0,259272.300,2296,64,0,90197.68410278
90400,-24020728.94862,5018047.642299,16574616.74805,0,0,0,-1.021008755377,-0.4781984019387,32359698.38503,30673997.9599266,161192856.8512,0.005622920058706,0,0,0,8.600429128829,1.236699276308e-81,0,2.499030027143,-0.4778360729811,-13.45592341544,-0.550690456919,1.337370672868,-12.39599704991,-24363.8596654,4636.288339272,0,0,259272.400,2296,64,0,90297.68255624
90500,-24020889.42505,5018004.869754,16574397.16318,0,0,0,-1.021042889783,-0.4782586588916,32360162.0012,30674461.5759762,161195293.1752,0.005622920057432,0,0,0,8.599927289643,1.236501066548e-81,0,2.499013150285,-0.4778962315038,-13.45660358978,-0.5506367057247,1.337378100119,-12.39645305774,-24362.62151822,4636.052727699,0,0,259272.500,2296,64,0,90397.68100979
90600,-24021049.89969,5017962.099045,16574177.57577,0,0,0,-1.021077032036,-0.4783189139083,32360625.59381,30674925.1684635,161197729.3755,0.005622920056158,0,0,0,8.599425383403,1.23630285011e-81,0,2.498996272313,-0.4779563881147,-13.45728374251,-0.550582943885,1.337385527981,-12.39690900714,-24361.38320465,4635.817084461,0,0,259272.600,2296,64,0,90497.67946341
90700,-24021210.37254,5017919.330174,16573957.98581,0,0,0,-1.021111182135,-0.4783791669887,32361089.16285,30675388.7373864,161200165.4519,0.005622920054885,0,0,0,8.598923410131,1.236104627014e-81,0,2.498979391697,-0.4780165426274,-13.45796387152,-0.5505292146132,1.337392956454,-12.39736489601,-24360.14484214,4635.58143191,0,0,259272.700,2296,64,0,90597.67791711
90800,-24021370.84362,5017876.56314,16573738.39331,0,0,0,-1.021145340082,-0.4784394181327,32361552.70833,30675852.2827429,161202601.4044,0.005622920053611,0,0,0,8.598421369847,1.23590639728e-81,0,2.498962507432,-0.4780766955292,-13.45864398231,-0.5504754681042,1.337400385539,-12.39782072986,-24358.90631322,4635.345747694,0,0,259272.800,2296,64,0,90697.67637089
90900,-24021531.3129,5017833.797943,16573518.79826,0,0,0,-1.021179505877,-0.4784996673403,32362016.23024,30676315.8045311,161205037.2331,0.005622920052337,0,0,0,8.59791926257,1.235708160929e-81,0,2.498945620653,-0.4781368462351,-13.45932406828,-0.5504217115361,1.337407815235,-12.39827650209,-24357.66776473,4635.110059753,0,0,259272.900,2296,64,0,90797.67482475
91000,-24021691.7804,5017791.034582,16573299.20067,0,0,0,-1.021213679521,-0.4785599146114,32362479.72858,30676779.3025285,161207472.9392,0.005622920051063,0,0,0,8.597196645813,1.235509917982e-81,0,2.498928732484,-0.4781969951124,-13.46000413357,-0.5503679479111,1.337415245542,-12.39873221686,-24357.00839775,4634.984586388,0,0,259273.000,2296,64,0,90897.67327868
91100,-24021852.24611,5017748.273059,16573079.60054,0,0,0,-1.021247861015,-0.4786201599458,32362943.20334,30677242.7771739,161209908.5201,0.005622920049789,0,0,0,8.596694408455,1.235311668458e-81,0,2.498911838368,-0.4782571416245,-13.46068417212,-0.5503141695625,1.337422676459,-12.3991878681,-24355.19040347,4634.638633579,0,0,259273.100,2296,64,0,90997.6717327
91200,-24022012.71004,5017705.513372,16572859.99786,0,0,0,-1.021282050361,-0.4786804033436,32363406.65454,30677706.2282451,161212343.9772,0.005622920048516,0,0,0,8.596192104173,1.235113412378e-81,0,2.498894942508,-0.4783172867918,-13.46136419546,-0.5502604272109,1.337430107988,-12.39964346735,-24353.95146344,4634.402871132,0,0,259273.200,2296,64,0,91097.67018679
91300,-24022173.17218,5017662.755522,16572640.39263,0,0,0,-1.021316247558,-0.4787406448046,32363870.08215,30678169.65574,161214779.3104,0.005622920047242,0,0,0,8.595689732987,1.234915149762e-81,0,2.49887804372,-0.4783774300498,-13.46204419722,-0.5502066651174,1.337437540128,-12.40009900825,-24352.71250385,4634.167104959,0,0,259273.300,2296,64,0,91197.66864096
91400,-24022333.63253,5017619.999509,16572420.78487,0,0,0,-1.021350452608,-0.4788008843288,32364333.48619,30678633.0596565,161217214.5197,0.005622920045968,0,0,0,8.595187294918,1.234716880633e-81,0,2.498861142051,-0.4784375709777,-13.46272417263,-0.5501528960983,1.337444972878,-12.40055448603,-24351.47350509,4633.931331336,0,0,259273.400,2296,64,0,91297.66709522
91500,-24022494.0911,5017577.245333,16572201.17455,0,0,0,-1.021384665511,-0.4788611219161,32364796.86664,30679096.4399928,161219649.6051,0.005622920044694,0,0,0,8.594684789985,1.234518605008e-81,0,2.498844238877,-0.4784977103102,-13.46340413,-0.5500991184511,1.337452406239,-12.40100990901,-24350.23432037,4633.695522323,0,0,259273.500,2296,64,0,91397.66554954
91600,-24022654.54788,5017534.492993,16571981.5617,0,0,0,-1.021418886269,-0.4789213575665,32365260.22352,30679559.7967468,161222084.5666,0.005622920043421,0,0,0,8.594182218209,1.234320322909e-81,0,2.498827329403,-0.4785578473362,-13.4640840613,-0.55004532779,1.337459840209,-12.40146526915,-24348.99493987,4633.459676057,0,0,259273.600,2296,64,0,91497.66400395
91700,-24022815.00288,5017491.742491,16571761.9463,0,0,0,-1.021453114882,-0.4789815912798,32365723.55681,30680023.1299165,161224519.4041,0.005622920042147,0,0,0,8.593679579611,1.234122034357e-81,0,2.498810419004,-0.4786179825272,-13.46476397185,-0.5499915710469,1.337467274791,-12.4019205718,-24347.75560832,4633.223839104,0,0,259273.700,2296,64,0,91597.66245844
91800,-24022975.45609,5017448.993824,16571542.32835,0,0,0,-1.021487351352,-0.479041823056,32366186.86651,30680486.4394999,161226954.1177,0.005622920040873,0,0,0,8.59317687421,1.233923739371e-81,0,2.498793505243,-0.4786781158375,-13.46544386113,-0.5499377948937,1.337474709982,-12.40237581643,-24346.51601248,4632.98795186,0,0,259273.800,2296,64,0,91697.66091301
91900,-24023135.90751,5017406.246995,16571322.70786,0,0,0,-1.021521595678,-0.4791020528949,32366650.15263,30680949.7254951,161229388.7073,0.005622920039599,0,0,0,8.592674102027,1.233725437972e-81,0,2.498776588348,-0.4787382474723,-13.46612373147,-0.5498840113801,1.337482145783,-12.40283100539,-24345.27641665,4632.752064615,0,0,259273.900,2296,64,0,91797.65936765
92000,-24023296.35715,5017363.502002,16571103.08483,0,0,0,-1.021555847862,-0.4791622807967,32367113.41516,30681412.9876796,161231823.1741,0.005622920038325,0,0,0,8.591950838075,1.233527130181e-81,0,2.498759668915,-0.4787983764379,-13.46680357163,-0.5498302206813,1.337489582194,-12.40328612742,-24344.61583592,4632.626360282,0,0,259274.000,2296,64,0,91897.65782237
92100,-24023456.805,5017320.758846,16570883.45925,0,0,0,-1.021590107904,-0.4792225067611,32367576.65409,30681876.2264923,161234257.5158,0.005622920037052,0,0,0,8.591447936306,1.233328816017e-81,0,2.498742748137,-0.4788585040122,-13.46748339607,-0.5497764148214,1.337497019215,-12.403741197,-24342.79686281,4632.280221209,0,0,259274.100,2296,64,0,91997.65627718
92200,-24023617.25106,5017278.017527,16570663.83113,0,0,0,-1.021624375806,-0.479282730788,32368039.86943,30682339.4417109,161236691.7335,0.005622920035778,0,0,0,8.590944967824,1.233130495501e-81,0,2.498725820737,-0.4789186295503,-13.46816319747,-0.5497226451706,1.337504456846,-12.40419620683,-24341.55687545,4632.044259459,0,0,259274.200,2296,64,0,92097.65473206
92300,-24023777.69534,5017235.278044,16570444.20047,0,0,0,-1.021658651569,-0.4793429528775,32368503.06117,30682802.6333331,161239125.8272,0.005622920034504,0,0,0,8.590441932649,1.232932168654e-81,0,2.498708892406,-0.4789787532466,-13.46884297806,-0.5496688543171,1.337511895086,-12.40465115912,-24340.31685871,4631.808292121,0,0,259274.300,2296,64,0,92197.65318701
92400,-24023938.13783,5017192.540397,16570224.56726,0,0,0,-1.021692935193,-0.4794031730295,32368966.22932,30683265.8013572,161241559.7968,0.00562292003323,0,0,0,8.5899388308,1.232733835496e-81,0,2.498691961002,-0.4790388749182,-13.46952273575,-0.549615059314,1.337519333935,-12.4051060518,-24339.07670495,4631.572298706,0,0,259274.400,2296,64,0,92297.65164205
92500,-24024098.57853,5017149.804588,16570004.9315,0,0,0,-1.021727226678,-0.4794633912438,32369429.37386,30683728.9457812,161243993.6425,0.005622920031956,0,0,0,8.589435662298,1.232535496047e-81,0,2.498675026388,-0.4790989945012,-13.47020246983,-0.5495612525101,1.337526773394,-12.40556088416,-24337.83642393,4631.336281076,0,0,259274.500,2296,64,0,92397.65009717
92600,-24024259.01745,5017107.070614,16569785.2932,0,0,0,-1.021761526027,-0.4795236075204,32369892.49481,30684192.0666029,161246427.3641,0.005622920030683,0,0,0,8.588932427164,1.232337150328e-81,0,2.498658088989,-0.479159112331,-13.47088218409,-0.5495074503863,1.337534213462,-12.40601566,-24336.59614292,4631.100263447,0,0,259274.600,2296,64,0,92497.64855236
92700,-24024419.45458,5017064.338478,16569565.65236,0,0,0,-1.02179583324,-0.4795838218592,32370355.59215,30684655.1638205,161248860.9617,0.005622920029409,0,0,0,8.588429125417,1.232138798358e-81,0,2.49864115016,-0.4792192281074,-13.47156187513,-0.5494536505608,1.337541654139,-12.40647037592,-24335.3556955,4630.864214152,0,0,259274.700,2296,64,0,92597.64700764
92800,-24024579.88992,5017021.608177,16569346.00898,0,0,0,-1.021830148317,-0.4796440342601,32370818.66588,30685118.237432,161251294.4353,0.005622920028135,0,0,0,8.587925757078,1.231940440159e-81,0,2.498624205469,-0.4792793420137,-13.47224154502,-0.5493998452695,1.337549095425,-12.40692503401,-24334.11515021,4630.628146231,0,0,259274.800,2296,64,0,92697.64546299
92900,-24024740.32348,5016978.879714,16569126.36305,0,0,0,-1.02186447126,-0.4797042447231,32371281.716,30685581.2874353,161253727.7848,0.005622920026861,0,0,0,8.587422322167,1.23174207575e-81,0,2.498607259105,-0.479339453808,-13.47292119104,-0.5493460356841,1.337556537319,-12.40737963153,-24332.87442872,4630.392044783,0,0,259274.900,2296,64,0,92797.64391842
93000,-24024900.75525,5016936.153086,16568906.71458,0,0,0,-1.021898802069,-0.4797644532482,32371744.74252,30686044.3136081,161256161.0113,0.005622920025587,0,0,0,8.586698413974,1.231543705153e-81,0,2.498590309819,-0.4793995639745,-13.47360081865,-0.5492922154459,1.337563979822,-12.40783417397,-24332.21282022,4630.266144872,0,0,259275.000,2296,64,0,92897.64237393
93100,-24025061.18523,5016893.428296,16568687.06356,0,0,0,-1.021933140746,-0.4798246598351,32372207.74542,30686507.3163893,161258594.1127,0.005622920024314,0,0,0,8.586194849974,1.231345328387e-81,0,2.498573357399,-0.4794596719235,-13.47428042119,-0.5492384005369,1.337571422934,-12.40828865467,-24330.39290744,4629.919826984,0,0,259275.100,2296,64,0,92997.64082952
93200,-24025221.61343,5016850.705341,16568467.41,0,0,0,-1.02196748729,-0.4798848644839,32372670.72471,30686970.2955563,161261027.0899,0.00562292002304,0,0,0,8.585691219472,1.231146945472e-81,0,2.498556403968,-0.479519777925,-13.47496000172,-0.5491845851498,1.337578866654,-12.40874307667,-24329.15192167,4629.683675244,0,0,259275.200,2296,64,0,93097.63928519
93300,-24025382.03984,5016807.984223,16568247.75389,0,0,0,-1.022001841704,-0.4799450671945,32373133.68038,30687433.2511072,161263459.943,0.005622920021766,0,0,0,8.585187522487,1.23094855643e-81,0,2.498539444181,-0.479579881963,-13.47563956004,-0.5491307665089,1.337586310982,-12.40919743981,-24327.91082823,4629.447503015,0,0,259275.300,2296,64,0,93197.63774094
93400,-24025542.46446,5016765.264941,16568028.09525,0,0,0,-1.022036203987,-0.4800052679667,32373596.61244,30687896.1830401,161265892.6721,0.005622920020492,0,0,0,8.584683759039,1.230750161279e-81,0,2.498522482791,-0.4796399844526,-13.47631910085,-0.5490769429551,1.337593755919,-12.40965174879,-24326.66965649,4629.211315885,0,0,259275.400,2296,64,0,93297.63619676
93500,-24025702.8873,5016722.547496,16567808.43405,0,0,0,-1.022070574142,-0.4800654668006,32374059.52087,30688359.091353,161268325.277,0.005622920019218,0,0,0,8.584179929148,1.230551760042e-81,0,2.498505518679,-0.4797000844673,-13.47699861368,-0.5490231096407,1.337601201463,-12.41010599313,-24325.4283477,4628.975102678,0,0,259275.500,2296,64,0,93397.63465267
93600,-24025863.30834,5016679.831887,16567588.77032,0,0,0,-1.022104952167,-0.480125663696,32374522.40568,30688821.9760439,161270757.7577,0.005622920017945,0,0,0,8.583676032836,1.230353352737e-81,0,2.498488551404,-0.4797601828316,-13.47767810786,-0.5489692798709,1.337608647616,-12.41056018217,-24324.1869704,4628.738876432,0,0,259275.600,2296,64,0,93497.63310865
93700,-24026023.7276,5016637.118114,16567369.10404,0,0,0,-1.022139338065,-0.4801858586529,32374985.26687,30689284.8371107,161273190.1143,0.005622920016671,0,0,0,8.583172070122,1.230154939385e-81,0,2.498471581243,-0.4798202789702,-13.47835757686,-0.5489154407676,1.337616094376,-12.4110143094,-24322.94540713,4628.502614796,0,0,259275.700,2296,64,0,93597.63156471
93800,-24026184.14508,5016594.406178,16567149.43522,0,0,0,-1.022173731837,-0.4802460516712,32375448.10444,30689747.6745515,161275622.3468,0.005622920015397,0,0,0,8.582668041026,1.229956520007e-81,0,2.49845460967,-0.479880373637,-13.47903702923,-0.5488616192339,1.337623541744,-12.41146838335,-24321.70383406,4628.266351297,0,0,259275.800,2296,64,0,93697.63002085
93900,-24026344.56076,5016551.696077,16566929.76385,0,0,0,-1.022208133482,-0.4803062427509,32375910.91837,30690210.4883644,161278054.4551,0.005622920014123,0,0,0,8.58216394557,1.229758094623e-81,0,2.498437631831,-0.4799404660105,-13.47971645567,-0.5488077807743,1.33763098972,-12.41192239475,-24320.46210438,4628.030057997,0,0,259275.900,2296,64,0,93797.62847707
94000,-24026504.97466,5016508.987813,16566710.08994,0,0,0,-1.022242543003,-0.4803664318918,32376373.70868,30690673.2783269,161280486.4404,0.00562292001285,0,0,0,8.581439396095,1.229559663253e-81,0,2.498420652908,-0.4800005567089,-13.48039586317,-0.548753933944,1.337638438303,-12.41237635058,-24319.7993996,4627.903949469,0,0,259276.000,2296,64,0,93897.62693337
94100,-24026665.38677,5016466.281386,16566490.41349,0,0,0,-1.022276960399,-0.4804266190938,32376836.47535,30691136.0448778,161282918.3003,0.005622920011576,0,0,0,8.580935172047,1.229361225917e-81,0,2.498403670661,-0.480060645224,-13.48107524598,-0.5487000905503,1.337645887493,-12.41283024511,-24317.97834159,4627.557413653,0,0,259276.100,2296,64,0,93997.62538975
94200,-24026825.7971,5016423.576794,16566270.73449,0,0,0,-1.022311385672,-0.480486804357,32377299.21839,30691598.7877948,161285350.0361,0.005622920010302,0,0,0,8.580430881707,1.229162782635e-81,0,2.498386685644,-0.4801207319723,-13.48175460882,-0.5486462480877,1.33765333729,-12.41328408304,-24316.73632805,4627.321066335,0,0,259276.200,2296,64,0,94097.6238462
94300,-24026986.20564,5016380.874039,16566051.05295,0,0,0,-1.022345818823,-0.4805469876812,32377761.93779,30692061.5070759,161287781.6476,0.005622920009028,0,0,0,8.579926525095,1.228964333429e-81,0,2.498369697785,-0.4801808164508,-13.48243394599,-0.5485924016008,1.337660787695,-12.41373785871,-24315.49428515,4627.084713429,0,0,259276.300,2296,64,0,94197.62230274
94400,-24027146.61239,5016338.173119,16565831.36887,0,0,0,-1.022380259852,-0.4806071690663,32378224.63356,30692524.2027191,161290213.1349,0.005622920007754,0,0,0,8.579422102232,1.228765878318e-81,0,2.498352708538,-0.4802408993615,-13.48311326544,-0.5485385403775,1.337668238706,-12.41419158004,-24314.25197797,4626.848310232,0,0,259276.400,2296,64,0,94297.62075935
94500,-24027307.01735,5016295.474036,16565611.68225,0,0,0,-1.02241470876,-0.4806673485124,32378687.30569,30692986.8747224,161292644.498,0.005622920006481,0,0,0,8.578917613137,1.228567417322e-81,0,2.498335712852,-0.4803009802341,-13.48379256185,-0.548484688771,1.337675690324,-12.41464524174,-24313.00969036,4626.61191076,0,0,259276.500,2296,64,0,94397.61921604
94600,-24027467.42052,5016252.776789,16565391.99308,0,0,0,-1.022449165549,-0.4807275260192,32379149.95417,30693449.5230839,161295075.7369,0.005622920005207,0,0,0,8.578413057831,1.228368950462e-81,0,2.498318716171,-0.4803610588515,-13.48447183275,-0.5484308311003,1.337683142549,-12.41509884135,-24311.76729508,4626.3754908,0,0,259276.600,2296,64,0,94497.61767281
94700,-24027627.82191,5016210.081378,16565172.30136,0,0,0,-1.022483630219,-0.4807877015868,32379612.57901,30693912.1478015,161297506.8515,0.005622920003933,0,0,0,8.577908436334,1.228170477758e-81,0,2.498301715979,-0.4804211360678,-13.48515108782,-0.548376974943,1.337690595381,-12.41555238852,-24310.5247334,4626.139039174,0,0,259276.700,2296,64,0,94597.61612966
94800,-24027788.22151,5016167.387803,16564952.60711,0,0,0,-1.02251810277,-0.480847875215,32380075.1802,30694374.7488733,161299937.8418,0.005622920002659,0,0,0,8.577403748667,1.227971999231e-81,0,2.49828471312,-0.4804812110704,-13.48583031785,-0.5483231149834,1.337698048819,-12.41600587409,-24309.28216193,4625.902585685,0,0,259276.800,2296,64,0,94697.61458659
94900,-24027948.61932,5016124.696064,16564732.91031,0,0,0,-1.022552583205,-0.4809080469038,32380537.75775,30694837.3262973,161302368.7079,0.005622920001385,0,0,0,8.57689899485,1.2277735149e-81,0,2.498267709101,-0.4805412838763,-13.48650952305,-0.5482692491586,1.337705502863,-12.41645929825,-24308.03943385,4625.666102394,0,0,259276.900,2296,64,0,94797.6130436
95000,-24028109.01534,5016082.006161,16564513.21097,0,0,0,-1.022587071522,-0.4809682166531,32381000.31165,30695299.8798511,161304799.4508,0.005622920000112,0,0,0,8.576173807057,1.227575024786e-81,0,2.498250698376,-0.4806013547778,-13.48718870672,-0.5482153918457,1.337712957513,-12.41691266431,-24307.37559363,4625.5397778,0,0,259277.000,2296,64,0,94897.61150069
95100,-24028269.40958,5016039.318094,16564293.50908,0,0,0,-1.022621567725,-0.4810283844629,32381462.84189,30695762.4099735,161307230.0683,0.005622919998838,0,0,0,8.575668925148,1.227376528908e-81,0,2.498233686553,-0.480661424135,-13.48786787293,-0.5481615029359,1.33772041277,-12.41736597634,-24305.55358616,4625.193061307,0,0,259277.100,2296,64,0,94997.60995785
95200,-24028429.80203,5015996.631864,16564073.80465,0,0,0,-1.022656071813,-0.481088550333,32381925.34849,30696224.9164422,161309660.5615,0.005622919997564,0,0,0,8.575163977157,1.227178027287e-81,0,2.498216671917,-0.4807214911147,-13.48854701226,-0.5481076330648,1.337727868632,-12.41781922493,-24304.31054485,4624.956518412,0,0,259277.200,2296,64,0,95097.6084151
95300,-24028590.19269,5015953.947469,16563854.09768,0,0,0,-1.022690583787,-0.4811487142634,32382387.83142,30696687.3992552,161312090.9304,0.00562291999629,0,0,0,8.574658963105,1.226979519944e-81,0,2.498199654001,-0.4807815562939,-13.48922613123,-0.5480537577673,1.337735325101,-12.41827241661,-24303.06736651,4624.719949439,0,0,259277.300,2296,64,0,95197.60687242
95400,-24028750.58156,5015911.264909,16563634.38817,0,0,0,-1.022725103648,-0.481208876254,32382850.2907,30697149.8584104,161314521.175,0.005622919995016,0,0,0,8.574153883013,1.226781006899e-81,0,2.498182632743,-0.480841619735,-13.48990523054,-0.5479998788432,1.337742782175,-12.4187255521,-24301.8240805,4624.483359978,0,0,259277.400,2296,64,0,95297.60532982
95500,-24028910.96865,5015868.584186,16563414.67611,0,0,0,-1.022759631397,-0.4812690363047,32383312.72632,30697612.2939059,161316951.2953,0.005622919993743,0,0,0,8.5736487369,1.226582488172e-81,0,2.498165610688,-0.4809016813744,-13.49058430949,-0.5479460065807,1.337750239854,-12.41917863067,-24300.58073576,4624.24675934,0,0,259277.500,2296,64,0,95397.6037873
95600,-24029071.35394,5015825.905299,16563194.96151,0,0,0,-1.022794167035,-0.4813291944155,32383775.13828,30698074.7057398,161319381.2911,0.005622919992469,0,0,0,8.573143524788,1.226383963782e-81,0,2.498148582144,-0.4809617405792,-13.49126336091,-0.5478921047531,1.33775769814,-12.41963164518,-24299.33721483,4624.010125175,0,0,259277.600,2296,64,0,95497.60224486
95700,-24029231.73745,5015783.228248,16562975.24436,0,0,0,-1.022828710563,-0.4813893505862,32384237.52657,30698537.0939099,161321811.1627,0.005622919991195,0,0,0,8.572638246697,1.226185433751e-81,0,2.498131552991,-0.4810217979968,-13.49194239213,-0.5478382204886,1.33776515703,-12.42008460295,-24298.09366453,4623.773485422,0,0,259277.700,2296,64,0,95597.6007025
95800,-24029392.11917,5015740.553032,16562755.52468,0,0,0,-1.022863261981,-0.4814495048169,32384699.8912,30698999.4584145,161324240.9099,0.005622919989921,0,0,0,8.572132902647,1.225986898098e-81,0,2.498114519639,-0.4810818537194,-13.49262140417,-0.5477843321077,1.337772616526,-12.42053750503,-24296.84991847,4623.536808416,0,0,259277.800,2296,64,0,95697.59916022
95900,-24029552.4991,5015697.879652,16562535.80245,0,0,0,-1.02289782129,-0.4815096571074,32385162.23216,30699461.7992515,161326670.5327,0.005622919988648,0,0,0,8.571627492658,1.225788356845e-81,0,2.498097484113,-0.4811419069332,-13.49330038786,-0.5477304382241,1.337780076627,-12.42099034223,-24295.60611368,4623.300120234,0,0,259277.900,2296,64,0,95797.59761802
96000,-24029712.87725,5015655.208108,16562316.07768,0,0,0,-1.022932388492,-0.4815698074577,32385624.54945,30699924.1161985,161329100.0323,0.005622919987374,0,0,0,8.570901669516,1.22558981001e-81,0,2.498080446928,-0.4812019588416,-13.49397935678,-0.5476765525989,1.337787537332,-12.42144312815,-24294.94125548,4623.173601925,0,0,259278.000,2296,64,0,95897.5960759
96100,-24029873.2536,5015612.5384,16562096.35036,0,0,0,-1.022966963587,-0.4816299558676,32386086.84307,30700386.4096943,161331529.4063,0.0056229199861,0,0,0,8.570396131934,1.225391257613e-81,0,2.498063403853,-0.4812620085057,-13.49465830033,-0.5476226361954,1.337794998643,-12.42189585219,-24293.11829855,4622.826704755,0,0,259278.100,2296,64,0,95997.59453385
96200,-24030033.62817,5015569.870528,16561876.6205,0,0,0,-1.023001546577,-0.4816901023372,32386549.11301,30700848.6795165,161333958.6559,0.005622919984826,0,0,0,8.569890528481,1.225192699676e-81,0,2.498046359225,-0.4813220560108,-13.49533721947,-0.5475687385397,1.337802460558,-12.42234851532,-24291.87418053,4622.589956969,0,0,259278.200,2296,64,0,96097.59299188
96300,-24030194.00095,5015527.204491,16561656.8881,0,0,0,-1.023036137461,-0.4817502468662,32387011.35928,30701310.9256633,161336387.7811,0.005622919983552,0,0,0,8.56938485918,1.224994136219e-81,0,2.49802931161,-0.481382101941,-13.49601612081,-0.5475148364211,1.337809923079,-12.42280112414,-24290.62993527,4622.353184968,0,0,259278.300,2296,64,0,96197.59145
96400,-24030354.37194,5015484.54029,16561437.15316,0,0,0,-1.02307073624,-0.4818103894548,32387473.58188,30701773.1481325,161338816.7819,0.005622919982279,0,0,0,8.568879124049,1.224795567261e-81,0,2.49801226088,-0.4814421458904,-13.49669499974,-0.547460927211,1.337817386203,-12.42325367407,-24289.38572916,4622.116420418,0,0,259278.400,2296,64,0,96297.58990819
96500,-24030514.74115,5015441.877925,16561217.41568,0,0,0,-1.023105342917,-0.4818705301027,32387935.78079,30702235.3469222,161341245.6583,0.005622919981005,0,0,0,8.56837332311,1.224596992824e-81,0,2.4979952073,-0.4815021875164,-13.49737385241,-0.5474070290292,1.337824849932,-12.42370616125,-24288.14134686,4621.87962234,0,0,259278.500,2296,64,0,96397.58836646
96600,-24030675.10856,5015399.217395,16560997.67565,0,0,0,-1.023139957491,-0.48193066881,32388397.95602,30702697.5220305,161343674.4102,0.005622919979731,0,0,0,8.567867456383,1.224398412925e-81,0,2.497978152455,-0.4815622273755,-13.4980526851,-0.5473530980484,1.337832314265,-12.42415859197,-24286.89680795,4621.64279446,0,0,259278.600,2296,64,0,96497.58682481
96700,-24030835.47419,5015356.558701,16560777.93308,0,0,0,-1.023174579963,-0.4819908055764,32388860.10757,30703159.6734553,161346103.0376,0.005622919978457,0,0,0,8.567361523888,1.224199827587e-81,0,2.497961090979,-0.4816222658039,-13.49873150162,-0.5472991869288,1.337839779202,-12.42461097004,-24285.65217116,4621.405947953,0,0,259278.700,2296,64,0,96597.58528324
96800,-24030995.83803,5015313.901843,16560558.18796,0,0,0,-1.023209210334,-0.4820509404021,32389322.23544,30703621.8011947,161348531.5406,0.005622919977183,0,0,0,8.566855525646,1.22400123683e-81,0,2.497944028453,-0.481682301627,-13.49941028868,-0.5472452708226,1.337847244744,-12.42506328218,-24284.40743648,4621.16908282,0,0,259278.800,2296,64,0,96697.58374175
96900,-24031156.20007,5015271.24682,16560338.44031,0,0,0,-1.023243848606,-0.4821110732868,32389784.33961,30704083.9052468,161350959.9191,0.00562291997591,0,0,0,8.566349461678,1.223802640673e-81,0,2.497926962874,-0.4817423357375,-13.50008905637,-0.5471913478066,1.337854710889,-12.4255155385,-24283.16263329,4620.932204649,0,0,259278.900,2296,64,0,96797.58220033
97000,-24031316.56034,5015228.593633,16560118.69011,0,0,0,-1.023278494779,-0.4821712042305,32390246.4201,30704545.9853891,161353388.1743,0.005622919974636,0,0,0,8.565623006161,1.223604039136e-81,0,2.497909894157,-0.4818023679918,-13.50076780308,-0.5471374347468,1.337862177638,-12.42596773736,-24282.4966005,4620.805462822,0,0,259279.000,2296,64,0,96897.580659
97100,-24031476.91881,5015185.942281,16559898.93737,0,0,0,-1.023313148853,-0.4822313332331,32390708.4769,30705008.0420604,161355816.3038,0.005622919973362,0,0,0,8.565116815099,1.22340543224e-81,0,2.497892822652,-0.4818623978272,-13.50144652244,-0.5470834905552,1.33786964499,-12.42641987243,-24280.67266474,4620.458379388,0,0,259279.100,2296,64,0,96997.57911774
97200,-24031637.27549,5015143.292765,16559679.18209,0,0,0,-1.02334781083,-0.4822914602946,32391170.51,30705470.0750384,161358244.3088,0.005622919972088,0,0,0,8.564610558378,1.223206820004e-81,0,2.497875749602,-0.481922426487,-13.50212522851,-0.547029565242,1.337877112946,-12.42687195776,-24279.42751896,4620.221436024,0,0,259279.200,2296,64,0,97097.57757657
97300,-24031797.63039,5015100.645084,16559459.42426,0,0,0,-1.023382480711,-0.4823515854149,32391632.5194,30705932.0843211,161360672.1893,0.005622919970814,0,0,0,8.56410423602,1.22300820245e-81,0,2.49785867058,-0.4819824523887,-13.50280390339,-0.5469756341472,1.337884581506,-12.42732397546,-24278.18221656,4619.984462857,0,0,259279.300,2296,64,0,97197.57603547
97400,-24031957.98349,5015057.999239,16559239.66389,0,0,0,-1.023417158496,-0.4824117085939,32392094.50511,30706394.0699065,161363099.9452,0.005622919969541,0,0,0,8.563597848045,1.222809579597e-81,0,2.497841590123,-0.4820424769313,-13.50348256291,-0.5469217163571,1.337892050668,-12.42777594136,-24276.93687501,4619.74748224,0,0,259279.400,2296,64,0,97297.57449445
97500,-24032118.33481,5015015.35523,16559019.90098,0,0,0,-1.023451844187,-0.4824718298315,32392556.46713,30706856.0317926,161365527.5767,0.005622919968267,0,0,0,8.563091394473,1.222610951464e-81,0,2.497824506435,-0.4821024992829,-13.50416119765,-0.5468677714161,1.337899520434,-12.42822784605,-24275.69142579,4619.510481134,0,0,259279.500,2296,64,0,97397.57295351
97600,-24032278.68434,5014972.713055,16558800.13553,0,0,0,-1.023486537783,-0.4825319491277,32393018.40543,30707317.9699776,161367955.0835,0.005622919966993,0,0,0,8.562584875325,1.222412318073e-81,0,2.497807419777,-0.4821625199785,-13.50483981367,-0.5468138133057,1.337906990803,-12.42867969559,-24274.4458689,4619.273459539,0,0,259279.600,2296,64,0,97497.57141265
97700,-24032439.03208,5014930.072717,16558580.36754,0,0,0,-1.023521239287,-0.4825920664824,32393480.32004,30707779.8844593,161370382.4658,0.005622919965719,0,0,0,8.562078290621,1.222213679444e-81,0,2.497790332161,-0.4822225382683,-13.50551840249,-0.5467598740432,1.337914461775,-12.42913148152,-24273.20026307,4619.03642863,0,0,259279.700,2296,64,0,97597.56987187
97800,-24032599.37803,5014887.434213,16558360.597,0,0,0,-1.023555948699,-0.4826521818954,32393942.21094,30708241.7752358,161372809.7236,0.005622919964446,0,0,0,8.561571640383,1.222015035596e-81,0,2.497773238181,-0.4822825549598,-13.50619697325,-0.5467059217168,1.33792193335,-12.42958321296,-24271.9544419,4618.799356744,0,0,259279.800,2296,64,0,97697.56833117
97900,-24032759.72219,5014844.797545,16558140.82392,0,0,0,-1.02359066602,-0.4827122953668,32394404.07814,30708703.6423052,161375236.8567,0.005622919963172,0,0,0,8.561064924629,1.22181638655e-81,0,2.497756142884,-0.4823425693014,-13.50687551743,-0.5466519962379,1.337929405527,-12.43003488142,-24270.70860115,4618.562281132,0,0,259279.900,2296,64,0,97797.56679055
98000,-24032920.06456,5014802.162713,16557921.0483,0,0,0,-1.02362539125,-0.4827724068965,32394865.92162,30709165.4854452,161377663.8665,0.005622919961898,0,0,0,8.560337839717,1.221617732325e-81,0,2.497739044176,-0.4824025824419,-13.50755404803,-0.5465980384576,1.337936878307,-12.43048649989,-24270.04150144,4618.435336277,0,0,259280.000,2296,80,0,97897.56525001
98100,-24033080.40515,5014759.529715,16557701.27014,0,0,0,-1.023660124391,-0.4828325164843,32395327.7414,30709627.3050944,161380090.7504,0.005622919960624,0,0,0,8.55983099737,1.221419072942e-81,0,2.497721942699,-0.4824625932298,-13.50823255203,-0.546544065697,1.337944351689,-12.43093805537,-24268.21660643,4618.088070303,0,0,259280.100,2296,80,0,97997.56370954
98200,-24033240.74394,5014716.898553,16557481.48943,0,0,0,-1.023694865443,-0.4828926241302,32395789.53746,30710089.1010305,161382517.5098,0.00562291995935,0,0,0,8.559324089577,1.221220408421e-81,0,2.497704838232,-0.4825226017975,-13.50891103093,-0.5464901119346,1.337951825673,-12.43138954936,-24266.97048182,4617.850940675,0,0,259280.200,2296,80,0,98097.56216916
98300,-24033401.08095,5014674.269227,16557261.70619,0,0,0,-1.023729614407,-0.4829527298342,32396251.3098,30710550.8732515,161384944.1445,0.005622919958077,0,0,0,8.558817116359,1.221021738782e-81,0,2.497687732535,-0.4825826087178,-13.5095894912,-0.5464361524744,1.33795930026,-12.43184098833,-24265.72418102,4617.613777518,0,0,259280.300,2296,80,0,98197.56062885
98400,-24033561.41616,5014631.641735,16557041.9204,0,0,0,-1.023764371285,-0.4830128335961,32396713.05843,30711012.6217556,161387370.6546,0.005622919956803,0,0,0,8.558310077736,1.220823064046e-81,0,2.497670620606,-0.4826426133694,-13.51026792582,-0.5463822068047,1.337966775449,-12.43229236527,-24264.47780192,4617.376599461,0,0,259280.400,2296,80,0,98297.55908862
98500,-24033721.74959,5014589.016079,16556822.13207,0,0,0,-1.023799136077,-0.4830729354159,32397174.78334,30711474.3465406,161389797.0401,0.005622919955529,0,0,0,8.557802973729,1.220624384231e-81,0,2.497653507071,-0.4827026163551,-13.51094634161,-0.5463282244269,1.337974251239,-12.43274368699,-24263.23128578,4617.139395326,0,0,259280.500,2296,80,0,98397.55754847
98600,-24033882.08123,5014546.392258,16556602.34119,0,0,0,-1.023833908784,-0.4831330352935,32397636.48453,30711936.0476047,161392223.3009,0.005622919954255,0,0,0,8.557295804358,1.220425699358e-81,0,2.497636390844,-0.4827626173571,-13.51162473497,-0.5462742479428,1.337981727632,-12.43319494992,-24261.98474027,4616.902185604,0,0,259280.600,2296,80,0,98497.5560084
98700,-24034042.41107,5014503.770273,16556382.54778,0,0,0,-1.023868689406,-0.4831931332288,32398098.162,30712397.7249458,161394649.437,0.005622919952981,0,0,0,8.556788569644,1.220227009448e-81,0,2.497619271271,-0.4828226163568,-13.51230310569,-0.546220280395,1.337989204626,-12.43364615385,-24260.73800879,4616.664940491,0,0,259280.700,2296,80,0,98597.55446842
98800,-24034202.73913,5014461.150122,16556162.75182,0,0,0,-1.023903477946,-0.4832532292217,32398559.81574,30712859.3785621,161397075.4484,0.005622919951708,0,0,0,8.556281269606,1.220028314519e-81,0,2.497602148447,-0.4828826134434,-13.51298145478,-0.5461663068681,1.337996682222,-12.43409729978,-24259.49116964,4616.42767489,0,0,259280.800,2296,80,0,98697.5529285
98900,-24034363.0654,5014418.531807,16555942.95332,0,0,0,-1.023938274402,-0.4833133232722,32399021.44576,30713321.0084514,161399501.3352,0.005622919950434,0,0,0,8.555773904267,1.219829614594e-81,0,2.497585024863,-0.4829426085904,-13.51365978194,-0.5461123475335,1.338004160419,-12.43454838743,-24258.24426197,4616.190396249,0,0,259280.900,2296,80,0,98797.55138867
99000,-24034523.38988,5014375.915326,16555723.15228,0,0,0,-1.023973078778,-0.4833734153803,32399483.05204,30713782.6143916,161401927.0985,0.00562291994916,0,0,0,8.555046192942,1.219630909691e-81,0,2.497567894673,-0.4830026019264,-13.51433808862,-0.5460583603771,1.338011639217,-12.43499941826,-24257.57606596,4616.063242778,0,0,259281.000,2296,80,0,98897.54984892
99100,-24034683.71257,5014333.300681,16555503.3487,0,0,0,-1.024007891072,-0.4834335055457,32399944.6346,30714244.1968212,161404352.7358,0.005622919947886,0,0,0,8.554538701511,1.21943219983e-81,0,2.497550763899,-0.4830625927639,-13.51501636705,-0.546004359731,1.338019118617,-12.4354503845,-24255.75016276,4615.715784952,0,0,259281.100,2296,80,0,98997.54830925
99200,-24034844.03348,5014290.687871,16555283.54258,0,0,0,-1.024042711287,-0.4834935937685,32400406.19342,30714705.7555181,161406778.2485,0.005622919946612,0,0,0,8.554031144846,1.219233485031e-81,0,2.497533628801,-0.4831225825052,-13.5156946331,-0.545950378887,1.338026598618,-12.435901302,-24254.50284399,4615.478428081,0,0,259281.200,2296,80,0,99097.54676965
99300,-24035004.35259,5014248.076896,16555063.73391,0,0,0,-1.024077539423,-0.4835536800485,32400867.72851,30715167.2904802,161409203.6364,0.005622919945339,0,0,0,8.553523522968,1.219034765315e-81,0,2.49751649156,-0.4831825699614,-13.5163728733,-0.5458964086221,1.338034079219,-12.43635215734,-24253.25557415,4615.241080523,0,0,259281.300,2296,80,0,99197.54523014
99400,-24035164.66991,5014205.467757,16554843.9227,0,0,0,-1.02411237548,-0.4836137643858,32401329.23986,30715628.8017055,161411628.8996,0.005622919944065,0,0,0,8.553015835898,1.218836040702e-81,0,2.497499352907,-0.4832425550939,-13.51705108723,-0.5458424169969,1.338041560422,-12.43680295008,-24252.0082358,4615.003719926,0,0,259281.400,2296,80,0,99297.5436907
99500,-24035324.98544,5014162.860452,16554624.10895,0,0,0,-1.024147219461,-0.4836738467802,32401790.72747,30716090.2891922,161414054.0381,0.005622919942791,0,0,0,8.552508083656,1.218637311211e-81,0,2.497482208092,-0.4833025385906,-13.51772928267,-0.5457884175619,1.338049042225,-12.437253688,-24250.76066252,4614.766314626,0,0,259281.500,2296,80,0,99397.54215135
99600,-24035485.29919,5014120.254982,16554404.29266,0,0,0,-1.024182071365,-0.4837339272316,32402252.19134,30716551.7529381,161416479.0517,0.005622919941517,0,0,0,8.552000266263,1.218438576863e-81,0,2.497465061649,-0.4833625200559,-13.51840745514,-0.5457344020034,1.338056524629,-12.43770436664,-24249.51303052,4614.52889815,0,0,259281.600,2296,80,0,99497.54061207
99700,-24035645.61114,5014077.651347,16554184.47383,0,0,0,-1.024216931194,-0.48379400574,32402713.63147,30717013.1929414,161418903.9407,0.005622919940244,0,0,0,8.551492383739,1.218239837677e-81,0,2.497447912237,-0.4834224997341,-13.5190856074,-0.5456804075023,1.338064007633,-12.43815498877,-24248.26529085,4614.291461185,0,0,259281.700,2296,80,0,99597.53907287
99800,-24035805.9213,5014035.049547,16553964.65246,0,0,0,-1.024251798948,-0.4838540823052,32403175.04786,30717474.6092,161421328.7048,0.00562291993897,0,0,0,8.550984436104,1.218041093674e-81,0,2.497430760095,-0.4834824772955,-13.51976373573,-0.5456264224905,1.338071491238,-12.43860555065,-24247.01757075,4614.054027945,0,0,259281.800,2296,80,0,99697.53753375
99900,-24035966.22968,5013992.449582,16553744.82854,0,0,0,-1.024286674628,-0.4839141569273,32403636.44049,30717936.0017121,161423753.3442,0.005622919937696,0,0,0,8.55047642338,1.217842344874e-81,0,2.49741360463,-0.4835424530766,-13.52044184393,-0.545572417735,1.338078975442,-12.43905605611,-24245.76965489,4613.816557452,0,0,259281.900,2296,80,0,99797.53599471
100000,-24036126.53626,5013949.851452,16553525.00209,0,0,0,-1.024321558236,-0.4839742296061,32404097.80938,30718397.3702554,161426177.8599,0.005622919936422,0,0,0,8.549748088632,1.217643591296e-81,0,2.497396447987,-0.4836024266094,-13.52111992672,-0.5455184037128,1.338086460247,-12.43950649986,-24245.10034303,4613.689191639,0,0,259282.000,2296,80,0,99897.53445575
100100,-24036286.84105,5013907.255157,16553305.17309,0,0,0,-1.024356449772,-0.4840343003416,32404559.15452,30718858.7152683,161428602.2496,0.005622919935148,0,0,0,8.549239950318,1.21744483296e-81,0,2.497379285075,-0.4836623981297,-13.52179798674,-0.5454643753837,1.338093945652,-12.43995688457,-24243.27343163,4613.341541961,0,0,259282.100,2296,80,0,99997.53291687
100200,-24036447.14406,5013864.660697,16553085.34155,0,0,0,-1.024391349236,-0.4840943691337,32405020.47591,30719320.0365288,161431026.5146,0.005622919933875,0,0,0,8.548731746984,1.217246069888e-81,0,2.497362120649,-0.4837223681304,-13.52247602959,-0.5454103661076,1.338101431657,-12.44040721581,-24242.02515361,4613.10400255,0,0,259282.200,2296,80,0,100097.5313781
100300,-24036607.44527,5013822.068071,16552865.50747,0,0,0,-1.024426256631,-0.4841544359823,32405481.77354,30719781.3340348,161433450.6547,0.005622919932601,0,0,0,8.54822347865,1.217047302097e-81,0,2.497344953211,-0.4837823363386,-13.52315405217,-0.545356365982,1.338108918261,-12.44085749051,-24240.77686579,4612.866461277,0,0,259282.300,2296,80,0,100197.5298393
100400,-24036767.7447,5013779.477281,16552645.67085,0,0,0,-1.024461171956,-0.4842145008873,32405943.04742,30720242.6077844,161435874.6699,0.005622919931327,0,0,0,8.547715145336,1.21684852961e-81,0,2.497327782694,-0.4838423020974,-13.52383204705,-0.5453023467678,1.338116405465,-12.44130770124,-24239.5283039,4612.62886785,0,0,259282.400,2296,80,0,100297.5283007
100500,-24036928.04233,5013736.888325,16552425.83168,0,0,0,-1.024496095213,-0.4842745638486,32406404.29754,30720703.8577755,161438298.5603,0.005622919930053,0,0,0,8.547206747063,1.216649752445e-81,0,2.497310609325,-0.4839022658454,-13.52451001921,-0.5452483193534,1.338123893269,-12.44175785298,-24238.27977138,4612.39128001,0,0,259282.500,2296,80,0,100397.5267621
100600,-24037088.33817,5013694.301204,16552205.98998,0,0,0,-1.024531026402,-0.4843346248663,32406865.52389,30721165.0840063,161440722.3259,0.005622919928779,0,0,0,8.546698283852,1.216450970622e-81,0,2.497293434607,-0.4839622279236,-13.52518797248,-0.5451942762922,1.338131381672,-12.44220794957,-24237.03113119,4612.153671682,0,0,259282.600,2296,80,0,100497.5252237
100700,-24037248.63223,5013651.715918,16551986.14573,0,0,0,-1.024565965525,-0.4843946839401,32407326.72649,30721626.2864747,161443145.9665,0.005622919927506,0,0,0,8.546189755723,1.216252184162e-81,0,2.497276253609,-0.4840221879511,-13.52586590256,-0.5451402531703,1.338138870674,-12.44265798673,-24235.78236375,4611.916039139,0,0,259282.700,2296,80,0,100597.5236852
100800,-24037408.92449,5013609.132466,16551766.29895,0,0,0,-1.024600912582,-0.4844547410701,32407787.90532,30722087.4651788,161445569.4823,0.005622919926232,0,0,0,8.545681162697,1.216053393084e-81,0,2.497259071685,-0.4840821457997,-13.52654380801,-0.5450862398906,1.338146360275,-12.443107963,-24234.53346906,4611.678382382,0,0,259282.800,2296,80,0,100697.5221469
100900,-24037569.21496,5013566.55085,16551546.44962,0,0,0,-1.024635867574,-0.4845147962562,32408249.06038,30722548.6201166,161447992.8732,0.005622919924958,0,0,0,8.545172504794,1.215854597408e-81,0,2.497241885944,-0.4841421019795,-13.5272216946,-0.5450322060439,1.338153850475,-12.44355788416,-24233.28442754,4611.440697685,0,0,259282.900,2296,80,0,100797.5206087
101000,-24037729.50365,5013523.971068,16551326.59775,0,0,0,-1.024670830502,-0.4845748494982,32408710.19168,30723009.751066,161450416.1404,0.005622919923684,0,0,0,8.544443549615,1.215655797155e-81,0,2.497224697517,-0.4842020563703,-13.52789956095,-0.5449781467975,1.338161341274,-12.44400774886,-24232.61404876,4611.313128844,0,0,259283.000,2296,80,0,100897.5190705
101100,-24037889.79054,5013481.39312,16551106.74334,0,0,0,-1.024705801366,-0.4846349007961,32409171.29921,30723470.8584653,161452839.2815,0.00562291992241,0,0,0,8.543934766625,1.215456992344e-81,0,2.497207507871,-0.4842620086815,-13.52857740379,-0.5449241077709,1.338168832672,-12.44445755381,-24230.78625642,4610.965311527,0,0,259283.100,2296,80,0,100997.5175324
101200,-24038050.07564,5013438.817008,16550886.88639,0,0,0,-1.024740780169,-0.4846949501498,32409632.38296,30723931.9420925,161455262.2976,0.005622919921137,0,0,0,8.543425918828,1.215258182995e-81,0,2.497190312179,-0.4843219588134,-13.529255222,-0.5448700705161,1.338176324669,-12.44490729789,-24229.53692126,4610.727570951,0,0,259283.200,2296,80,0,101097.5159944
101300,-24038210.35895,5013396.24273,16550667.02689,0,0,0,-1.02477576691,-0.4847549975593,32410093.44294,30724393.0019456,161457685.1889,0.005622919919863,0,0,0,8.542917006244,1.215059369128e-81,0,2.497173114857,-0.4843819073177,-13.52993302179,-0.5448160437649,1.338183817264,-12.44535698735,-24228.28755674,4610.489824787,0,0,259283.300,2296,80,0,101197.5144565
101400,-24038370.64047,5013353.670286,16550447.16486,0,0,0,-1.024810761591,-0.4848150430245,32410554.47915,30724854.0380225,161460107.9552,0.005622919918589,0,0,0,8.542408028894,1.214860550764e-81,0,2.49715591449,-0.4844418537367,-13.53061079802,-0.5447619958847,1.338191310457,-12.44580661702,-24227.03810412,4610.252061859,0,0,259283.400,2296,80,0,101297.5129186
101500,-24038530.9202,5013311.099678,16550227.30029,0,0,0,-1.024845764212,-0.4848750865452,32411015.49157,30725315.0503213,161462530.5965,0.005622919917315,0,0,0,8.541898986798,1.214661727921e-81,0,2.497138711129,-0.4845017980269,-13.53128855017,-0.5447079229479,1.338198804249,-12.44625618641,-24225.78853404,4610.014276579,0,0,259283.500,2296,80,0,101397.5113809
101600,-24038691.19815,5013268.530903,16550007.43317,0,0,0,-1.024880774774,-0.4849351281215,32411476.48022,30725776.0388401,161464953.1129,0.005622919916042,0,0,0,8.541389879977,1.21446290062e-81,0,2.497121504749,-0.48456174049,-13.53196628167,-0.5446538696292,1.338206298638,-12.44670569894,-24224.53886608,4609.776472673,0,0,259283.600,2296,80,0,101497.5098432
101700,-24038851.47429,5013225.963964,16549787.56351,0,0,0,-1.024915793279,-0.4849951677532,32411937.44508,30726237.0035769,161467375.5042,0.005622919914768,0,0,0,8.540880708451,1.214264068881e-81,0,2.497104296986,-0.4846216810777,-13.53264399196,-0.5445998175933,1.338213793626,-12.44715515406,-24223.28911002,4609.538652003,0,0,259283.700,2296,80,0,101597.5083056
101800,-24039011.74865,5013183.398859,16549567.69132,0,0,0,-1.024950819726,-0.4850552054403,32412398.38616,30726697.9445297,161469797.7707,0.005622919913494,0,0,0,8.540371472241,1.214065232723e-81,0,2.497087082918,-0.4846816199897,-13.53332168331,-0.5445457759567,1.338221289212,-12.44760455405,-24222.03916799,4609.300795943,0,0,259283.800,2296,80,0,101697.506768
101900,-24039172.02122,5013140.835588,16549347.81658,0,0,0,-1.024985854118,-0.4851152411826,32412859.30346,30727158.8616965,161472219.9121,0.00562291991222,0,0,0,8.539862171368,1.213866392167e-81,0,2.497069867607,-0.4847415563838,-13.53399934618,-0.5444917058174,1.338228785395,-12.44805388938,-24220.78916723,4609.062928706,0,0,259283.900,2296,80,0,101797.5052306
102000,-24039332.292,5013098.274152,16549127.9393,0,0,0,-1.025020896454,-0.4851752749802,32413320.19696,30727619.7548553,161474641.9296,0.005622919910946,0,0,0,8.539132598756,1.213667547233e-81,0,2.497052649407,-0.4848014911686,-13.53467699087,-0.5444376268782,1.338236282176,-12.44850317033,-24220.11767258,4608.935147524,0,0,259284.000,2296,80,0,101897.5036932
102100,-24039492.56099,5013055.71455,16548908.05948,0,0,0,-1.025055946736,-0.4852353068329,32413781.06668,30728080.6244443,161477063.821,0.005622919909673,0,0,0,8.5386231733,1.21346869794e-81,0,2.497035427632,-0.4848614237464,-13.5353546106,-0.5443835591343,1.338243779555,-12.44895239015,-24218.2888329,4608.587130904,0,0,259284.100,2296,80,0,101997.5021559
102200,-24039652.82818,5013013.156783,16548688.17712,0,0,0,-1.025091004964,-0.4852953367407,32414241.9126,30728541.4702416,161479485.5874,0.005622919908399,0,0,0,8.538113683249,1.213269844308e-81,0,2.49701820491,-0.4849213547558,-13.53603221259,-0.5443294939836,1.338251277531,-12.44940155607,-24217.03847976,4608.349196613,0,0,259284.200,2296,80,0,102097.5006187
102300,-24039813.09359,5012970.60085,16548468.29222,0,0,0,-1.02512607114,-0.4853553647034,32414702.73474,30729002.292245,161481907.2287,0.005622919907125,0,0,0,8.537604128626,1.213070986357e-81,0,2.497000975944,-0.4849812833736,-13.53670978755,-0.5442754383981,1.338258776104,-12.44985065878,-24215.78800916,4608.11123997,0,0,259284.300,2296,80,0,102197.4990815
102400,-24039973.3572,5012928.046752,16548248.40478,0,0,0,-1.025161145265,-0.4854153907211,32415163.53307,30729463.0904526,161484328.745,0.005622919905851,0,0,0,8.537094509449,1.212872124108e-81,0,2.496983745658,-0.4850412104996,-13.53738734564,-0.5442213622215,1.338266275274,-12.45029970846,-24214.53754835,4607.873285189,0,0,259284.400,2296,80,0,102297.4975445
102500,-24040133.61903,5012885.494487,16548028.5148,0,0,0,-1.025196227338,-0.4854754147936,32415624.30761,30729923.8648626,161486750.1362,0.005622919904577,0,0,0,8.53658482574,1.212673257579e-81,0,2.496966512451,-0.4851011351594,-13.53806487584,-0.5441672611869,1.338273775042,-12.45074869411,-24213.28689177,4607.635293156,0,0,259284.500,2296,80,0,102397.4960075
102600,-24040293.87906,5012842.944058,16547808.62227,0,0,0,-1.025231317362,-0.4855354369208,32416085.05835,30730384.6154728,161489171.4024,0.005622919903304,0,0,0,8.53607507752,1.212474386791e-81,0,2.49694927558,-0.4851610584441,-13.5387423905,-0.5441131711228,1.338281275406,-12.45119762806,-24212.03609816,4607.397275046,0,0,259284.600,2296,80,0,102497.4944706
102700,-24040454.1373,5012800.395463,16547588.72721,0,0,0,-1.025266415336,-0.4855954571027,32416545.78528,30730845.3422814,161491592.5435,0.00562291990203,0,0,0,8.535565264808,1.212275511764e-81,0,2.496932036238,-0.485220979369,-13.53941987848,-0.5440591006863,1.338288776367,-12.45164649919,-24210.7853437,4607.159264386,0,0,259284.700,2296,80,0,102597.4929338
102800,-24040614.39375,5012757.848701,16547368.82961,0,0,0,-1.025301521263,-0.4856554753392,32417006.48842,30731306.0452863,161494013.5594,0.005622919900756,0,0,0,8.535055387627,1.212076632517e-81,0,2.496914795577,-0.4852808985208,-13.54009734641,-0.5440050306258,1.338296277925,-12.45209531413,-24209.53439348,4606.921216473,0,0,259284.800,2296,80,0,102697.491397
102900,-24040774.64841,5012715.303775,16547148.92946,0,0,0,-1.025336635142,-0.4857154916303,32417467.16774,30731766.7244857,161496434.4503,0.005622919899482,0,0,0,8.534545445995,1.21187774907e-81,0,2.496897548762,-0.4853408154868,-13.54077478963,-0.5439509409123,1.33830378008,-12.45254406822,-24208.28336495,4606.683153659,0,0,259284.900,2296,80,0,102797.4898604
103000,-24040934.90128,5012672.760682,16546929.02678,0,0,0,-1.025371756975,-0.4857755059757,32417927.82326,30732227.3796573,161498855.2173,0.005622919898208,0,0,0,8.533815258953,1.211678861444e-81,0,2.496880300397,-0.485400730738,-13.54145221345,-0.5438968254681,1.33831128283,-12.4529927668,-24207.61077401,4606.55516386,0,0,259285.000,2296,80,0,102897.4883238
103100,-24041095.15236,5012630.219424,16546709.12155,0,0,0,-1.025406886763,-0.4858355183756,32418388.45497,30732688.0112397,161501275.8579,0.005622919896935,0,0,0,8.533305193243,1.211479969657e-81,0,2.496863048927,-0.4854606440949,-13.54212961586,-0.5438427291078,1.338318786178,-12.45344140784,-24205.78098487,4606.206966564,0,0,259285.100,2296,80,0,102997.4867873
103200,-24041255.40164,5012587.68,16546489.21379,0,0,0,-1.025442024505,-0.4858955288297,32418849.06287,30733148.6190105,161503696.3735,0.005622919895661,0,0,0,8.532795063153,1.211281073731e-81,0,2.496845794583,-0.4855205550632,-13.54280699127,-0.5437886360569,1.338326290121,-12.45388998576,-24204.52970185,4605.968855321,0,0,259285.200,2296,80,0,103097.4852509
103300,-24041415.64914,5012545.14241,16546269.30348,0,0,0,-1.025477170205,-0.4859555373381,32419309.64696,30733609.2029679,161506116.7639,0.005622919894387,0,0,0,8.532284868703,1.211082173684e-81,0,2.496828536826,-0.4855804647623,-13.54348435232,-0.5437345514006,1.33833379466,-12.45433851322,-24203.27820348,4605.730703101,0,0,259285.300,2296,80,0,103197.4837145
103400,-24041575.89484,5012502.606654,16546049.39064,0,0,0,-1.025512323861,-0.4860155439006,32419770.20723,30734069.76311,161508537.0291,0.005622919893113,0,0,0,8.531774609914,1.210883269537e-81,0,2.496811278244,-0.4856403719176,-13.54416168462,-0.5436804300095,1.338341299795,-12.45478697581,-24202.02672469,4605.492554605,0,0,259285.400,2296,80,0,103297.4821783
103500,-24041736.13875,5012460.072733,16545829.47525,0,0,0,-1.025547485475,-0.4860755485171,32420230.74368,30734530.2994346,161510957.1692,0.00562291989184,0,0,0,8.531264286806,1.210684361309e-81,0,2.496794012979,-0.4857002776001,-13.54483900026,-0.5436263187263,1.338348805527,-12.45523538565,-24200.77504034,4605.254366994,0,0,259285.500,2296,80,0,103397.4806421
103600,-24041896.38087,5012417.540646,16545609.55732,0,0,0,-1.025582655049,-0.4861355511876,32420691.25632,30734990.81194,161513377.1841,0.005622919890566,0,0,0,8.530753899401,1.21048544902e-81,0,2.496776746356,-0.4857601810901,-13.54551629111,-0.5435722085,1.338356311853,-12.45568373461,-24199.52325812,4605.016160756,0,0,259285.600,2296,80,0,103497.479106
103700,-24042056.6212,5012375.010392,16545389.63686,0,0,0,-1.025617832582,-0.4861955519121,32421151.74513,30735451.3006241,161515797.0738,0.005622919889292,0,0,0,8.530243447719,1.210286532691e-81,0,2.49675947713,-0.4858200823329,-13.54619355655,-0.5435181008901,1.338363818776,-12.45613202208,-24198.27144652,4604.777948931,0,0,259285.700,2296,80,0,103597.47757
103800,-24042216.85974,5012332.481973,16545169.71385,0,0,0,-1.025653018076,-0.4862555506903,32421612.21012,30735911.7654849,161518216.8384,0.005622919888018,0,0,0,8.52973293178,1.21008761234e-81,0,2.496742204132,-0.4858799820685,-13.54687080496,-0.5434640011386,1.338371326293,-12.45658025641,-24197.01940001,4604.539692402,0,0,259285.800,2296,80,0,103697.476034
103900,-24042377.09649,5012289.955388,16544949.7883,0,0,0,-1.025688211531,-0.4863155475224,32422072.65128,30736372.2065205,161520636.4777,0.005622919886744,0,0,0,8.529222351605,1.209888687987e-81,0,2.496724930437,-0.4859398795471,-13.54754802784,-0.5434098666581,1.338378834407,-12.45702842916,-24195.7673535,4604.301435873,0,0,259285.900,2296,80,0,103797.4744982
104000,-24042537.33144,5012247.430637,16544729.86022,0,0,0,-1.02572341295,-0.4863755424081,32422533.06862,30736832.6235088,161523055.993,0.005622919885471,0,0,0,8.528491553141,1.209689759653e-81,0,2.496707650224,-0.4859997753204,-13.54822523145,-0.54335574052,1.338386343115,-12.45747654655,-24195.09360756,4604.173226282,0,0,259286.000,2296,80,0,103897.4729624
104100,-24042697.5646,5012204.90772,16544509.92959,0,0,0,-1.025758622331,-0.4864355353473,32422993.46213,30737293.0168882,161525475.3819,0.005622919884197,0,0,0,8.527980849394,1.209490827357e-81,0,2.496690368869,-0.4860596690488,-13.54890241193,-0.5433016166641,1.338393852418,-12.45792460476,-24193.26289832,4603.824853897,0,0,259286.100,2296,80,0,103997.4714267
104200,-24042857.79597,5012162.386637,16544289.99642,0,0,0,-1.025793839677,-0.4864955263402,32423453.8318,30737753.3864364,161527894.6456,0.005622919882923,0,0,0,8.527470081479,1.209291891119e-81,0,2.496673084205,-0.4861195607344,-13.54957956932,-0.5432474950207,1.338401362317,-12.4583726038,-24192.01050922,4603.586532176,0,0,259286.200,2296,80,0,104097.469891
104300,-24043018.02555,5012119.867388,16544070.06071,0,0,0,-1.025829064988,-0.4865555153864,32423914.17765,30738213.7321517,161530313.784,0.005622919881649,0,0,0,8.52695924942,1.209092950958e-81,0,2.496655796507,-0.486179450506,-13.55025670506,-0.5431933814072,1.33840887281,-12.45882054516,-24190.75795372,4603.348178789,0,0,259286.300,2296,80,0,104197.4683555
104400,-24043178.25334,5012077.349973,16543850.12247,0,0,0,-1.025864298265,-0.486615502486,32424374.49966,30738674.0540319,161532732.7972,0.005622919880375,0,0,0,8.526448353235,1.208894006896e-81,0,2.496638506177,-0.4862393383504,-13.55093381902,-0.5431392320391,1.338416383898,-12.45926842867,-24189.50548631,4603.109842166,0,0,259286.400,2296,80,0,104297.46682
104500,-24043338.47934,5012034.834392,16543630.18168,0,0,0,-1.025899539509,-0.4866754876389,32424834.79783,30739134.3520752,161535151.6851,0.005622919879102,0,0,0,8.525937392946,1.20869505895e-81,0,2.496621214418,-0.4862992242386,-13.55161091086,-0.5430850920659,1.33842389558,-12.45971625402,-24188.25283293,4602.871470153,0,0,259286.500,2296,80,0,104397.4652846
104600,-24043498.70354,5011992.320645,16543410.23835,0,0,0,-1.025934788721,-0.4867354708451,32425295.07216,30739594.6262795,161537570.4477,0.005622919877828,0,0,0,8.525426368574,1.208496107142e-81,0,2.496603916425,-0.4863591079611,-13.55228797821,-0.5430309538002,1.338431407857,-12.46016401885,-24186.99998378,4602.633060887,0,0,259286.600,2296,80,0,104497.4637493
104700,-24043658.92595,5011949.808732,16543190.29248,0,0,0,-1.025970045902,-0.4867954521043,32425755.32266,30740054.876643,161539989.0851,0.005622919876554,0,0,0,8.524915280138,1.20829715149e-81,0,2.496586616622,-0.4864189901108,-13.55296502778,-0.5429768181233,1.338438920728,-12.46061172987,-24185.74705633,4602.39463672,0,0,259286.700,2296,80,0,104597.4622141
104800,-24043819.14657,5011907.298652,16542970.34408,0,0,0,-1.026005311052,-0.4868554314166,32426215.54931,30740515.1031637,161542407.5972,0.00562291987528,0,0,0,8.524404127661,1.208098192015e-81,0,2.496569313884,-0.4864788702814,-13.55364205498,-0.5429226905603,1.338446434194,-12.46105938247,-24184.49413866,4602.156214416,0,0,259286.800,2296,80,0,104697.4606789
104900,-24043979.3654,5011864.790406,16542750.39313,0,0,0,-1.026040584173,-0.4869154087819,32426675.75211,30740975.3058395,161544825.9839,0.005622919874006,0,0,0,8.523892911162,1.207899228735e-81,0,2.49655200845,-0.4865387480745,-13.55431905529,-0.5428685270901,1.338453948253,-12.46150697218,-24183.24110353,4601.91776976,0,0,259286.900,2296,80,0,104797.4591439
105000,-24044139.58244,5011822.283995,16542530.43964,0,0,0,-1.026075865265,-0.4869753842001,32427135.93107,30741435.4844485,161547244.2465,0.005622919872733,0,0,0,8.523161504289,1.207700261673e-81,0,2.496534699548,-0.4865986246516,-13.55499604186,-0.5428143727152,1.338461462907,-12.46195451212,-24182.56629067,4601.789357141,0,0,259287.000,2296,80,0,104897.4576089
105100,-24044299.79768,5011779.779417,16542310.48362,0,0,0,-1.026111154329,-0.4870353576712,32427596.08618,30741895.6394289,161549662.3826,0.005622919871459,0,0,0,8.522650164722,1.207501290846e-81,0,2.496517390069,-0.4866584983393,-13.55567299575,-0.5427602211077,1.338468978154,-12.46240198339,-24180.73455366,4601.440789178,0,0,259287.100,2296,80,0,104997.456074
105200,-24044460.01114,5011737.276673,16542090.52505,0,0,0,-1.026146451367,-0.4870953291949,32428056.21744,30742355.7705587,161552080.3934,0.005622919870185,0,0,0,8.522138761204,1.207302316274e-81,0,2.49650007333,-0.4867183709738,-13.55634993774,-0.5427060708491,1.338476493996,-12.46284940674,-24179.481127,4601.202270016,0,0,259287.200,2296,80,0,105097.4545391
105300,-24044620.2228,5011694.775762,16541870.56395,0,0,0,-1.026181756379,-0.4871552987714,32428516.32485,30742815.8778358,161554498.2789,0.005622919868911,0,0,0,8.521627293755,1.207103337978e-81,0,2.496482755636,-0.486778241141,-13.55702685183,-0.5426519291165,1.33848401043,-12.46329676619,-24178.22762204,4600.963735953,0,0,259287.300,2296,80,0,105197.4530044
105400,-24044780.43267,5011652.276686,16541650.6003,0,0,0,-1.026217069366,-0.4872152664004,32428976.4084,30743275.9612583,161556916.0389,0.005622919867638,0,0,0,8.521115762395,1.206904355976e-81,0,2.496465434842,-0.4868381095087,-13.55770374558,-0.5425977511404,1.338491527459,-12.46374406931,-24176.97399962,4600.725179538,0,0,259287.400,2296,80,0,105297.4514697
105500,-24044940.64074,5011609.779443,16541430.63412,0,0,0,-1.026252390328,-0.4872752320819,32429436.46809,30743736.0208243,161559333.6737,0.005622919866364,0,0,0,8.520604167146,1.20670537029e-81,0,2.496448111003,-0.4868979757739,-13.55838061555,-0.5425435825161,1.33849904508,-12.46419131266,-24175.72026953,4600.486602634,0,0,259287.500,2296,80,0,105397.4499351
105600,-24045100.84702,5011567.284034,16541210.66539,0,0,0,-1.026287719268,-0.4873351958159,32429896.50393,30744196.0565318,161561751.183,0.00562291986509,0,0,0,8.520092508027,1.206506380938e-81,0,2.496430785947,-0.486957840068,-13.55905746324,-0.5424894161236,1.338506563295,-12.46463849775,-24174.46648071,4600.248014554,0,0,259287.600,2296,80,0,105497.4484006
105700,-24045261.05152,5011524.790458,16540990.69413,0,0,0,-1.026323056185,-0.4873951576023,32430356.51591,30744656.0683789,161564168.5669,0.005622919863816,0,0,0,8.51958078506,1.20630738794e-81,0,2.496413454612,-0.4870177025621,-13.55973429058,-0.5424352531377,1.338514082103,-12.46508562651,-24173.21256464,4600.00940226,0,0,259287.700,2296,80,0,105597.4468662
105800,-24045421.25422,5011482.298716,16540770.72032,0,0,0,-1.02635840108,-0.4874551174409,32430816.50402,30745116.0563635,161566585.8255,0.005622919862542,0,0,0,8.519068998265,1.206108391315e-81,0,2.496396121963,-0.4870775632838,-13.56041109788,-0.5423810793556,1.338521601504,-12.46553269925,-24171.95851153,4599.770763889,0,0,259287.800,2296,80,0,105697.4453318
105900,-24045581.45512,5011439.808808,16540550.74398,0,0,0,-1.026393753955,-0.4875150753317,32431276.46827,30745576.0204838,161569002.9586,0.005622919861269,0,0,0,8.518557147664,1.205909391085e-81,0,2.496378785838,-0.4871374218551,-13.56108788086,-0.5423269042041,1.338529121498,-12.46597971172,-24170.70427245,4599.532090127,0,0,259287.900,2296,80,0,105797.4437975
106000,-24045741.65424,5011397.320733,16540330.7651,0,0,0,-1.026429114811,-0.4875750312747,32431736.40866,30746035.9605177,161571419.9675,0.005622919859995,0,0,0,8.517825135399,1.205710387267e-81,0,2.496361447168,-0.4871972781808,-13.56176463846,-0.5422727220052,1.338536642085,-12.46642666284,-24170.02839266,4599.40347448,0,0,259288.000,2296,80,0,105897.4422633
106100,-24045901.85156,5011354.834492,16540110.78368,0,0,0,-1.026464483648,-0.4876349852697,32432196.32517,30746495.8769034,161573836.8498,0.005622919858721,0,0,0,8.517313162237,1.205511379883e-81,0,2.49634410541,-0.4872571329163,-13.56244137807,-0.5422185406774,1.338544163264,-12.46687356002,-24168.19585301,4599.05475378,0,0,259288.100,2296,80,0,105997.4407292
106200,-24046062.04709,5011312.350085,16539890.79972,0,0,0,-1.026499860466,-0.4876949373167,32432656.21782,30746955.7694189,161576253.6067,0.005622919857447,0,0,0,8.516801125338,1.205312368951e-81,0,2.496326762463,-0.4873169856578,-13.56311809514,-0.5421643645841,1.338551685036,-12.46732039871,-24166.94140838,4598.816040903,0,0,259288.200,2296,80,0,106097.4391952
106300,-24046222.24082,5011269.867511,16539670.81322,0,0,0,-1.026535245268,-0.4877548874156,32433116.08659,30747415.6380622,161578670.2381,0.005622919856173,0,0,0,8.516289024722,1.205113354491e-81,0,2.496309412739,-0.4873768366033,-13.56379479191,-0.5421101753489,1.3385592074,-12.46776718115,-24165.68687565,4598.577311262,0,0,259288.300,2296,80,0,106197.4376612
106400,-24046382.43277,5011227.38677,16539450.82418,0,0,0,-1.026570638054,-0.4878148355663,32433575.93149,30747875.4828314,161581086.7441,0.0056229198549,0,0,0,8.515776860411,1.204914336523e-81,0,2.496292062132,-0.4874366850818,-13.56447146078,-0.5420559871104,1.338566730356,-12.46821389975,-24164.43217652,4598.338549957,0,0,259288.400,2296,80,0,106297.4361274
106500,-24046542.62292,5011184.907863,16539230.8326,0,0,0,-1.026606038824,-0.4878747817687,32434035.75252,30748335.3037244,161583503.1245,0.005622919853626,0,0,0,8.515264632425,1.204715315066e-81,0,2.49627470786,-0.4874965322528,-13.56514811487,-0.5420017895079,1.338574253905,-12.46866056764,-24163.17755569,4598.099803552,0,0,259288.500,2296,80,0,106397.4345936
106600,-24046702.81128,5011142.43079,16539010.83848,0,0,0,-1.02664144758,-0.4879347260228,32434495.54966,30748795.1007395,161585919.3795,0.005622919852352,0,0,0,8.514752340784,1.204516290142e-81,0,2.496257351165,-0.4875563768619,-13.56582473999,-0.5419475948558,1.338581778045,-12.46910717064,-24161.92269016,4597.861010581,0,0,259288.600,2296,80,0,106497.4330598
106700,-24046862.99784,5011099.95555,16538790.84182,0,0,0,-1.026676864323,-0.4879946683285,32434955.32293,30749254.8738745,161588335.5091,0.005622919851078,0,0,0,8.51423998551,1.204317261768e-81,0,2.496239993028,-0.4876162197377,-13.56650134552,-0.5418934031318,1.338589302778,-12.46955371812,-24160.66775611,4597.622204572,0,0,259288.700,2296,80,0,106597.4315262
106800,-24047023.18262,5011057.482144,16538570.84263,0,0,0,-1.026712289054,-0.4880546086857,32435415.07231,30749714.6231276,161590751.5131,0.005622919849804,0,0,0,8.513727566623,1.204118229964e-81,0,2.496222628339,-0.4876760607514,-13.56717792999,-0.541839201622,1.338596828102,-12.47000020863,-24159.41265566,4597.383366898,0,0,259288.800,2296,80,0,106697.4299926
106900,-24047183.3656,5011015.01057,16538350.84089,0,0,0,-1.026747721772,-0.4881145470943,32435874.79781,30750174.3484968,161593167.3916,0.005622919848531,0,0,0,8.513215084144,1.203919194751e-81,0,2.496205262295,-0.4877358998289,-13.56785449257,-0.5417849978437,1.338604354018,-12.47044664134,-24158.15750627,4597.14451991,0,0,259288.900,2296,80,0,106797.4284592
107000,-24047343.54679,5010972.540831,16538130.83661,0,0,0,-1.02678316248,-0.4881744835542,32436334.49942,30750634.04976,161595583.1457,0.005622919847257,0,0,0,8.51248246951,1.203720156148e-81,0,2.496187893418,-0.4877957370391,-13.56853103404,-0.5417307872576,1.338611880525,-12.47089301702,-24157.4805302,4597.015695646,0,0,259289.000,2296,80,0,106897.4269258
107100,-24047503.72618,5010930.072924,16537910.8298,0,0,0,-1.026818611178,-0.4882344180655,32436794.17715,30751093.7273555,161597998.7732,0.005622919845983,0,0,0,8.511969864978,1.203521114174e-81,0,2.496170521474,-0.4878555718882,-13.56920754881,-0.5416765783913,1.338619407624,-12.47133933012,-24155.64691384,4596.666770056,0,0,259289.100,2296,80,0,106997.4253924
107200,-24047663.90378,5010887.606851,16537690.82045,0,0,0,-1.026854067868,-0.4882943506279,32437253.83099,30751553.3810612,161600414.2751,0.005622919844709,0,0,0,8.511457196925,1.203322068849e-81,0,2.496153145936,-0.4879154051867,-13.56988404605,-0.5416223719586,1.338626935314,-12.47178558979,-24154.39138271,4596.427850425,0,0,259289.200,2296,80,0,107097.4238592
107300,-24047824.07959,5010845.142612,16537470.80856,0,0,0,-1.026889532549,-0.4883542812414,32437713.46093,30752013.0108753,161602829.6515,0.005622919843436,0,0,0,8.51094446537,1.203123020193e-81,0,2.496135769509,-0.4879752366676,-13.57056052274,-0.5415681554668,1.338634463595,-12.47223179301,-24153.13587115,4596.18893452,0,0,259289.300,2296,80,0,107197.422326
107400,-24047984.25361,5010802.680205,16537250.79413,0,0,0,-1.026925005223,-0.488414209906,32438173.06698,30752472.6167956,161605244.9023,0.005622919842162,0,0,0,8.510431670334,1.202923968226e-81,0,2.496118386995,-0.4880350654154,-13.57123696853,-0.541513930208,1.338641992467,-12.47267792946,-24151.88012468,4595.949973911,0,0,259289.400,2296,80,0,107297.420793
107500,-24048144.42583,5010760.219632,16537030.77716,0,0,0,-1.026960485891,-0.4884741366215,32438632.64914,30752932.1988204,161607660.0275,0.005622919840888,0,0,0,8.509918811838,1.202724912966e-81,0,2.496101003042,-0.4880948928462,-13.57191339943,-0.5414597125858,1.338649521931,-12.47312401514,-24150.62438799,4595.711015165,0,0,259289.500,2296,80,0,107397.41926
107600,-24048304.59626,5010717.760892,16536810.75765,0,0,0,-1.026995974554,-0.488534061388,32439092.2074,30753391.7569475,161610075.0272,0.005622919839614,0,0,0,8.509405889903,1.202525854434e-81,0,2.496083615805,-0.4881547181981,-13.57258980682,-0.5414054893907,1.338657051985,-12.47357004144,-24149.36845554,4595.472019166,0,0,259289.600,2296,80,0,107497.417727
107700,-24048464.7649,5010675.303986,16536590.7356,0,0,0,-1.027031471212,-0.4885939842052,32439551.74176,30753851.2911751,161612489.9012,0.00562291983834,0,0,0,8.50889290455,1.20232679265e-81,0,2.49606622567,-0.4882145414234,-13.57326619017,-0.5413512515248,1.338664582629,-12.47401600783,-24148.11250351,4595.233019441,0,0,259289.700,2296,80,0,107597.4161942
107800,-24048624.93174,5010632.848912,16536370.71101,0,0,0,-1.027066975866,-0.4886539050731,32440011.25221,30754310.8015013,161614904.6497,0.005622919837067,0,0,0,8.5083798558,1.202127727632e-81,0,2.496048832283,-0.4882743629785,-13.57394255464,-0.5412970391343,1.338672113864,-12.47446191947,-24146.85647318,4594.994004816,0,0,259289.800,2296,80,0,107697.4146614
107900,-24048785.09679,5010590.395672,16536150.68389,0,0,0,-1.027102488518,-0.4887138239917,32440470.73877,30754770.287924,161617319.2725,0.005622919835793,0,0,0,8.507866743672,1.2019286594e-81,0,2.496031437962,-0.4883341824833,-13.57461889592,-0.5412428066234,1.33867964569,-12.47490777208,-24145.60032538,4594.754967839,0,0,259289.900,2296,80,0,107797.4131288
108000,-24048945.26005,5010547.944265,16535930.65422,0,0,0,-1.027138009169,-0.4887737409609,32440930.20142,30755229.7502213,161619733.7709,0.005622919834519,0,0,0,8.507133529695,1.201729587975e-81,0,2.496014037157,-0.4883939998456,-13.57529521298,-0.5411885681892,1.338687178106,-12.47535356461,-24144.92215514,4594.625916332,0,0,259290.000,2296,80,0,107897.4115962
108100,-24049105.42151,5010505.494691,16535710.62202,0,0,0,-1.027173537818,-0.4888336559805,32441389.64016,30755689.1888313,161622148.1425,0.005622919833245,0,0,0,8.506620296023,1.201530513375e-81,0,2.495996635137,-0.4884538154549,-13.57597151023,-0.5411343225535,1.338694711112,-12.47579930148,-24143.08761869,4594.276815653,0,0,259290.100,2296,80,0,107997.4100636
108200,-24049265.58118,5010463.046951,16535490.58728,0,0,0,-1.027209074467,-0.4888935690506,32441849.05499,30756148.6035321,161624562.3884,0.005622919831971,0,0,0,8.506106999045,1.20133143562e-81,0,2.495979229733,-0.4885136289915,-13.57664778403,-0.5410800779457,1.338702244708,-12.47624497908,-24141.83118703,4594.037724659,0,0,259290.200,2296,80,0,108097.4085312
108300,-24049425.73906,5010420.601043,16535270.55,0,0,0,-1.027244619118,-0.488953480171,32442308.44591,30756607.9943216,161626976.5087,0.005622919830698,0,0,0,8.50559363878,1.20113235473e-81,0,2.495961821442,-0.4885734406761,-13.5773240369,-0.541025850661,1.338709778894,-12.4766905999,-24140.57464771,4593.798613176,0,0,259290.300,2296,80,0,108197.4069988
108400,-24049585.89514,5010378.156969,16535050.51018,0,0,0,-1.02728017177,-0.4890133893417,32442767.81292,30757067.3611979,161629390.5033,0.005622919829424,0,0,0,8.505080215251,1.200933270725e-81,0,2.495944412086,-0.4886332501263,-13.5780002645,-0.5409716044726,1.33871731367,-12.47713615964,-24139.31796156,4593.559473753,0,0,259290.400,2296,80,0,108297.4054665
108500,-24049746.04943,5010335.714727,16534830.46782,0,0,0,-1.027315732425,-0.4890732965625,32443227.15601,30757526.7041591,161631804.3723,0.00562291982815,0,0,0,8.504566728476,1.200734183623e-81,0,2.495926995823,-0.488693058002,-13.57867687191,-0.5409173520212,1.338724849036,-12.47758206335,-24138.06113838,4593.320308253,0,0,259290.500,2296,80,0,108397.4039343
108600,-24049906.20193,5010293.274319,16534610.42293,0,0,0,-1.027351301084,-0.4891332018334,32443686.47519,30757986.0232032,161634218.1155,0.005622919826876,0,0,0,8.504053178478,1.200535093445e-81,0,2.495909578359,-0.4887528640168,-13.57938047373,-0.5408630993521,1.338732384991,-12.47805492567,-24136.8042271,4593.08112599,0,0,259290.600,2296,80,0,108497.4024022
108700,-24050066.35263,5010250.835743,16534390.37549,0,0,0,-1.027386877747,-0.4891931051544,32444145.77044,30758445.3183283,161636631.7331,0.005622919825603,0,0,0,8.503539565277,1.20033600021e-81,0,2.49589215806,-0.4888126675588,-13.58008404646,-0.5408088335843,1.338739921536,-12.47852772307,-24135.54726688,4592.841934413,0,0,259290.700,2296,80,0,108597.4008702
108800,-24050226.50154,5010208.399001,16534170.32552,0,0,0,-1.027422462416,-0.4892530065253,32444605.04178,30758904.5895325,161639045.225,0.005622919824329,0,0,0,8.503025888895,1.200136903937e-81,0,2.495874734596,-0.4888724696973,-13.58078760267,-0.5407545908423,1.33874745867,-12.47900046817,-24134.29012068,4592.602707446,0,0,259290.800,2296,80,0,108697.3993382
108900,-24050386.64865,5010165.964091,16533950.27301,0,0,0,-1.027458055091,-0.4893129059461,32445064.28919,30759363.8368137,161641458.5911,0.005622919823055,0,0,0,8.50251214935,1.199937804646e-81,0,2.495857307799,-0.4889322695352,-13.58149113182,-0.540700330727,1.338754996393,-12.47947315039,-24133.03292554,4592.363471165,0,0,259290.900,2296,80,0,108797.3978063
109000,-24050546.79398,5010123.531015,16533730.21796,0,0,0,-1.027493655774,-0.4893728034166,32445523.51268,30759823.05995,161643871.8327,0.005622919821781,0,0,0,8.501778339063,1.199738702357e-81,0,2.495839880318,-0.4889920671816,-13.58219463519,-0.540646063593,1.338762534705,-12.47994577104,-24132.35369817,4592.234218493,0,0,259291.000,2296,80,0,108897.3962745
109100,-24050706.9375,5010081.099771,16533510.16037,0,0,0,-1.027529264464,-0.4894326989369,32445982.71224,30760282.2593795,161646284.9474,0.005622919820507,0,0,0,8.501264478484,1.199539597089e-81,0,2.495822445919,-0.4890518633143,-13.58289812075,-0.5405917967294,1.338770073606,-12.48041833809,-24130.51819268,4591.884933412,0,0,259291.100,2296,80,0,108997.3947428
109200,-24050867.07924,5010038.670361,16533290.10025,0,0,0,-1.027564881164,-0.4894925925067,32446441.88787,30760741.4348802,161648697.9363,0.005622919819234,0,0,0,8.500750554813,1.199340488862e-81,0,2.495805010704,-0.4891116572267,-13.58360158019,-0.5405375172299,1.338777613096,-12.48089084324,-24129.26070389,4591.645641252,0,0,259291.200,2296,80,0,109097.3932112
109300,-24051027.21918,5009996.242783,16533070.03758,0,0,0,-1.027600505873,-0.4895524841262,32446901.03958,30761200.5864502,161651110.7995,0.00562291981796,0,0,0,8.500236568073,1.199141377695e-81,0,2.495787571972,-0.4891714493435,-13.5843050185,-0.5404832604541,1.338785153175,-12.48136329149,-24128.00302913,4591.406313702,0,0,259291.300,2296,80,0,109197.3916796
109400,-24051187.35732,5009953.817038,16532849.97238,0,0,0,-1.027636138594,-0.4896123737951,32447360.16735,30761659.7140875,161653523.5369,0.005622919816686,0,0,0,8.499722518282,1.198942263608e-81,0,2.495770130546,-0.489231239249,-13.5850084308,-0.5404289856024,1.338792693842,-12.48183567795,-24126.74525648,4591.166967526,0,0,259291.400,2296,80,0,109297.3901481
109500,-24051347.49368,5009911.393126,16532629.90464,0,0,0,-1.027671779326,-0.4896722615134,32447819.27118,30762118.8177903,161655936.1486,0.005622919815412,0,0,0,8.499208405463,1.19874314662e-81,0,2.495752685706,-0.4892910276875,-13.58571182584,-0.5403747047083,1.338800235098,-12.48230801138,-24125.48755235,4590.927634388,0,0,259291.500,2296,80,0,109397.3886167
109600,-24051507.62824,5009868.971047,16532409.83436,0,0,0,-1.027707428071,-0.489732147281,32448278.35108,30762577.8975564,161658348.6344,0.005622919814138,0,0,0,8.498694229637,1.198544026751e-81,0,2.495735240121,-0.4893508139529,-13.58641519531,-0.5403204234118,1.338807776942,-12.48278028348,-24124.22963288,4590.688260272,0,0,259291.600,2296,80,0,109497.3870854
109700,-24051667.761,5009826.550801,16532189.76154,0,0,0,-1.02774308483,-0.4897920310978,32448737.40704,30763036.9533841,161660760.9945,0.005622919812865,0,0,0,8.498179990823,1.19834490402e-81,0,2.495717787655,-0.4894105980877,-13.58711853972,-0.5402661296723,1.338815319375,-12.48325249477,-24122.97156659,4590.448858216,0,0,259291.700,2296,80,0,109597.3855541
109800,-24051827.89197,5009784.132387,16531969.68618,0,0,0,-1.027778749603,-0.4898519129638,32449196.43906,30763495.9852713,161663173.2288,0.005622919811591,0,0,0,8.497665689042,1.198145778447e-81,0,2.495700334238,-0.4894703801631,-13.5878218599,-0.5402118590581,1.338822862395,-12.48372464607,-24121.71347093,4590.209450573,0,0,259291.800,2296,80,0,109697.384023
109900,-24051988.02115,5009741.715806,16531749.60829,0,0,0,-1.027814422391,-0.4899117928789,32449655.44714,30763954.9932161,161665585.3372,0.005622919810317,0,0,0,8.497151324317,1.197946650051e-81,0,2.495682877408,-0.4895301607442,-13.58852516249,-0.5401575691607,1.338830406003,-12.48419674406,-24120.4552676,4589.97002244,0,0,259291.900,2296,80,0,109797.3824919
110000,-24052148.14853,5009699.301058,16531529.52786,0,0,0,-1.027850103196,-0.489971670843,32450114.43127,30764413.9769965,161667997.321,0.005622919809043,0,0,0,8.496416920756,1.197747518852e-81,0,2.495665417597,-0.4895899390752,-13.58922843862,-0.5401032740483,1.3388379502,-12.48466877983,-24119.77499288,4589.840570465,0,0,259292.000,2296,80,0,109897.3809609
110100,-24052308.27412,5009656.888142,16531309.44489,0,0,0,-1.027885792018,-0.490031546856,32450573.39146,30764872.9370507,161670409.1777,0.005622919807769,0,0,0,8.495902435505,1.197548384869e-81,0,2.495647956521,-0.4896497154492,-13.58993169172,-0.5400489621099,1.338845494984,-12.48514075684,-24117.93858687,4589.49111402,0,0,259292.100,2296,80,0,109997.3794299
110200,-24052468.39791,5009614.47706,16531089.35938,0,0,0,-1.027921488858,-0.4900914209178,32451032.3277,30765331.8731567,161672820.9087,0.005622919806496,0,0,0,8.495387887379,1.197349248121e-81,0,2.49563048871,-0.4897094901651,-13.59063492532,-0.5399946713176,1.338853040355,-12.48561267862,-24116.67996264,4589.251605794,0,0,259292.200,2296,80,0,110097.3778991
110300,-24052628.51991,5009572.06781,16530869.27133,0,0,0,-1.027957193717,-0.4901512930285,32451491.23998,30765790.7853124,161675232.5137,0.005622919805222,0,0,0,8.494873276399,1.197150108629e-81,0,2.49561302015,-0.489769262224,-13.59133812766,-0.5399403844158,1.338860586314,-12.48608453342,-24115.42131884,4589.012093842,0,0,259292.300,2296,80,0,110197.3763683
110400,-24052788.64012,5009529.660392,16530649.18075,0,0,0,-1.027992906596,-0.4902111631877,32451950.12832,30766249.673516,161677643.9929,0.005622919803948,0,0,0,8.494358602586,1.196950966412e-81,0,2.495595548208,-0.4898290329885,-13.59204131477,-0.5398860818246,1.338868132861,-12.48655633727,-24114.1626261,4588.772572577,0,0,259292.400,2296,80,0,110297.3748377
110500,-24052948.75853,5009487.254808,16530429.08763,0,0,0,-1.028028627496,-0.4902710313956,32452408.9927,30766708.5377656,161680055.3462,0.005622919802674,0,0,0,8.493843865959,1.196751821488e-81,0,2.495578073138,-0.4898888013503,-13.59274447361,-0.5398317720115,1.338875679995,-12.48702807715,-24112.90369844,4588.533006608,0,0,259292.500,2296,80,0,110397.373307
110600,-24053108.87514,5009444.851055,16530208.99197,0,0,0,-1.028064356418,-0.4903308976521,32452867.83313,30767167.3780591,161682466.5737,0.005622919801401,0,0,0,8.493329066541,1.196552673879e-81,0,2.49556059523,-0.4899485682538,-13.59344761529,-0.5397774446726,1.338883227716,-12.48749976417,-24111.64479035,4588.293444365,0,0,259292.600,2296,80,0,110497.3717765
110700,-24053268.98997,5009402.449136,16529988.89377,0,0,0,-1.028100093362,-0.4903907619569,32453326.6496,30767626.1943946,161684877.6752,0.005622919800127,0,0,0,8.492814204352,1.196353523602e-81,0,2.495543115699,-0.4900083329252,-13.59415073072,-0.5397231401901,1.338890776023,-12.48797138922,-24110.38577459,4588.053861633,0,0,259292.700,2296,80,0,110597.3702461
110800,-24053429.10299,5009360.049049,16529768.79303,0,0,0,-1.02813583833,-0.4904506243102,32453785.44211,30768084.9867703,161687288.6508,0.005622919798853,0,0,0,8.492299279413,1.196154370677e-81,0,2.495525630295,-0.4900680957867,-13.59485382485,-0.5396688396618,1.338898324918,-12.48844295729,-24109.12659244,4587.814247236,0,0,259292.800,2296,80,0,110697.3687157
110900,-24053589.21423,5009317.650794,16529548.68976,0,0,0,-1.028171591322,-0.4905104847117,32454244.21065,30768543.7551841,161689699.5005,0.005622919797579,0,0,0,8.491784291744,1.195955215125e-81,0,2.495508143343,-0.4901278562095,-13.59555689029,-0.5396145224662,1.338905874399,-12.48891446097,-24107.86730261,4587.574612349,0,0,259292.900,2296,80,0,110797.3671854
111000,-24053749.32367,5009275.254372,16529328.58395,0,0,0,-1.02820735234,-0.4905703431615,32454702.95524,30769002.4994142,161692110.2254,0.005622919796305,0,0,0,8.491049297951,1.195756056963e-81,0,2.495490652904,-0.4901876150649,-13.5962599373,-0.5395601975255,1.338913424468,-12.48938591054,-24107.1858533,4587.444936857,0,0,259293.000,2296,80,0,110897.3656552
111100,-24053909.43131,5009232.859783,16529108.4756,0,0,0,-1.028243121384,-0.4906301996593,32455161.67585,30769461.2198984,161694520.8233,0.005622919795032,0,0,0,8.490534190268,1.195556896213e-81,0,2.495473159756,-0.490247371983,-13.59696296151,-0.5395058573854,1.338920975122,-12.48985730163,-24105.34857613,4587.095314637,0,0,259293.100,2296,80,0,110997.3641251
111200,-24054069.53716,5009190.467026,16528888.36471,0,0,0,-1.028278898455,-0.4906900542053,32455620.3725,30769919.916415,161696931.2951,0.005622919793758,0,0,0,8.490019019927,1.195357732892e-81,0,2.495455665288,-0.4903071270804,-13.5976659643,-0.5394515383373,1.338928526363,-12.49032863563,-24104.08899266,4586.855623871,0,0,259293.200,2296,80,0,111097.362595
111300,-24054229.64121,5009148.076101,16528668.25129,0,0,0,-1.028314683554,-0.4907499067991,32456079.04518,30770378.5889619,161699341.6411,0.005622919792484,0,0,0,8.489503786947,1.195158567021e-81,0,2.49543816497,-0.490366879652,-13.59836893737,-0.5393972234562,1.33893607819,-12.49079990425,-24102.82935045,4586.615921929,0,0,259293.300,2296,80,0,111197.3610651
111400,-24054389.74347,5009105.687009,16528448.13533,0,0,0,-1.028350476682,-0.4908097574409,32456537.69389,30770837.2375373,161701751.861,0.00562291979121,0,0,0,8.488988491351,1.194959398619e-81,0,2.495420662637,-0.4904266305826,-13.59907189114,-0.5393428912264,1.338943630604,-12.49127111791,-24101.56955163,4586.376190186,0,0,259293.400,2296,80,0,111297.3595352
111500,-24054549.84394,5009063.299749,16528228.01683,0,0,0,-1.02838627784,-0.4908696061306,32456996.31863,30771295.8621392,161704161.955,0.005622919789936,0,0,0,8.488473133158,1.194760227706e-81,0,2.495403157368,-0.4904863797849,-13.59977482457,-0.5392885422065,1.338951183603,-12.49174227557,-24100.3096843,4586.136445403,0,0,259293.500,2296,80,0,111397.3580054
111600,-24054709.94261,5009020.914322,16528007.89579,0,0,0,-1.028422087029,-0.4909294528679,32457454.91939,30771754.4627656,161706571.9229,0.005622919788663,0,0,0,8.487957712389,1.1945610543e-81,0,2.495385649041,-0.4905461267571,-13.60047773177,-0.5392341976095,1.338958737188,-12.49221337135,-24099.04975823,4585.896689445,0,0,259293.600,2296,80,0,111497.3564756
111700,-24054870.03949,5008978.530727,16527787.77222,0,0,0,-1.028457904249,-0.4909892976529,32457913.49617,30772213.0394147,161708981.7649,0.005622919787389,0,0,0,8.487442229066,1.194361878422e-81,0,2.495368137721,-0.4906058719485,-13.60118061802,-0.5391798647543,1.338966291359,-12.49268441053,-24097.78978323,4585.656924173,0,0,259293.700,2296,80,0,111597.354946
111800,-24055030.13457,5008936.148964,16527567.64611,0,0,0,-1.028493729503,-0.4910491404855,32458372.04897,30772671.5920843,161711391.4809,0.005622919786115,0,0,0,8.486926683209,1.19416270009e-81,0,2.495350625189,-0.4906656149394,-13.60188347838,-0.539125535226,1.338973846116,-12.49315538819,-24096.52954394,4585.41710861,0,0,259293.800,2296,80,0,111697.3534164
111900,-24055190.22785,5008893.769034,16527347.51746,0,0,0,-1.028529562789,-0.4911089813656,32458830.5778,30773130.1207727,161713801.0708,0.005622919784841,0,0,0,8.48641107484,1.193963519324e-81,0,2.495333106062,-0.4907253562052,-13.60258631845,-0.5390711889716,1.338981401458,-12.49362630992,-24095.2692655,4585.177285597,0,0,259293.900,2296,80,0,111797.3518869
112000,-24055350.31934,5008851.390936,16527127.38627,0,0,0,-1.028565404111,-0.4911688202931,32459289.08264,30773588.625258,161716210.5359,0.005622919783568,0,0,0,8.485675493861,1.193764336143e-81,0,2.49531558569,-0.4907850952171,-13.60328913199,-0.5390168356456,1.338988957386,-12.4940971695,-24094.58677863,4585.047412664,0,0,259294.000,2296,80,0,111897.3503575
112100,-24055510.40904,5008809.01467,16526907.25255,0,0,0,-1.028601253467,-0.4912286572679,32459747.56349,30774047.105978,161718619.8737,0.005622919782294,0,0,0,8.485159765989,1.193565150568e-81,0,2.495298062191,-0.4908448323642,-13.6039919236,-0.5389624673532,1.338996513899,-12.49456797152,-24092.7484639,4584.697593004,0,0,259294.100,2296,80,0,111997.3488282
112200,-24055670.49694,5008766.640237,16526687.11629,0,0,0,-1.02863711086,-0.49128849229,32460206.02036,30774505.562711,161721029.0856,0.00562291978102,0,0,0,8.484643975675,1.193365962616e-81,0,2.495280535102,-0.4909045682755,-13.60469470067,-0.5389081133656,1.339004070997,-12.49503872339,-24091.48774499,4584.457686171,0,0,259294.200,2296,80,0,112097.347299
112300,-24055830.58304,5008724.267636,16526466.97749,0,0,0,-1.02867297629,-0.4913483253593,32460664.45323,30774963.9954549,161723438.1713,0.005622919779746,0,0,0,8.48412812294,1.193166772307e-81,0,2.495263005736,-0.4909643014906,-13.60539744602,-0.5388537749671,1.33901162868,-12.49550940792,-24090.22715332,4584.217803553,0,0,259294.300,2296,80,0,112197.3457698
112400,-24055990.66735,5008681.896867,16526246.83615,0,0,0,-1.028708849758,-0.4914081564757,32461122.86212,30775422.4042078,161725847.131,0.005622919778472,0,0,0,8.483612207803,1.192967579662e-81,0,2.495245474695,-0.4910240328648,-13.60610016972,-0.5387994143326,1.339019186948,-12.49598003519,-24088.96634631,4583.977879956,0,0,259294.400,2296,80,0,112297.3442407
112500,-24056150.74987,5008639.52793,16526026.69228,0,0,0,-1.028744731265,-0.4914679856391,32461581.24701,30775880.7889677,161728255.9646,0.005622919777199,0,0,0,8.483096230288,1.192768384699e-81,0,2.495227937791,-0.4910837620436,-13.60680286758,-0.5387450482151,1.339026745801,-12.49645060104,-24087.70547079,4583.737943321,0,0,259294.500,2296,80,0,112397.3427117
112600,-24056310.83059,5008597.160825,16525806.54587,0,0,0,-1.028780620812,-0.4915278128494,32462039.60791,30776339.1497328,161730664.6721,0.005622919775925,0,0,0,8.482580190413,1.192569187437e-81,0,2.495210398963,-0.4911434896111,-13.60750554649,-0.5386906649737,1.339034305238,-12.49692111233,-24086.44446801,4583.497982472,0,0,259294.600,2296,80,0,112497.3411828
112700,-24056470.90951,5008554.795553,16525586.39692,0,0,0,-1.0288165184,-0.4915876381066,32462497.94482,30776797.4865011,161733073.2535,0.005622919774651,0,0,0,8.482064088201,1.192369987896e-81,0,2.495192857368,-0.4912032147533,-13.60820819686,-0.5386363009936,1.33904186526,-12.4973915595,-24085.18336736,4583.258002996,0,0,259294.700,2296,80,0,112597.3396539
112800,-24056630.98664,5008512.432112,16525366.24543,0,0,0,-1.028852424029,-0.4916474614106,32462956.25772,30777255.7992707,161735481.7088,0.005622919773377,0,0,0,8.481547923672,1.192170786096e-81,0,2.495175312544,-0.4912629383485,-13.60891082904,-0.5385819430051,1.339049425867,-12.49786195289,-24083.92224712,4583.018019795,0,0,259294.800,2296,80,0,112697.3381252
112900,-24056791.06198,5008470.070504,16525146.09141,0,0,0,-1.028888337701,-0.4917072827613,32463414.54662,30777714.0880395,161737890.0379,0.005622919772103,0,0,0,8.481031696847,1.191971582054e-81,0,2.495157766655,-0.4913226601023,-13.60961343955,-0.5385275681278,1.339056987058,-12.49833228904,-24082.66094091,4582.778001204,0,0,259294.900,2296,80,0,112797.3365965
113000,-24056951.13552,5008427.710728,16524925.93485,0,0,0,-1.028924259417,-0.4917671021586,32463872.81152,30778172.3525859,161740298.2421,0.00562291977083,0,0,0,8.480295531734,1.191772375792e-81,0,2.495140214048,-0.4913823798915,-13.61031602695,-0.5384731872309,1.339064548833,-12.4988025665,-24081.97730882,4582.647910342,0,0,259295.000,2296,80,0,112897.3350679
113100,-24057111.20726,5008385.352783,16524705.77576,0,0,0,-1.028960189177,-0.4918269196025,32464331.05242,30778630.5933476,161742706.319,0.005622919769556,0,0,0,8.479779185918,1.191573167328e-81,0,2.495122660323,-0.4914420974749,-13.6110185884,-0.5384187890549,1.339072111192,-12.49927278244,-24080.138074,4582.297915593,0,0,259295.100,2296,80,0,112997.3335393
113200,-24057271.27721,5008342.996671,16524485.61413,0,0,0,-1.028996126983,-0.4918867350928,32464789.26931,30779088.8101028,161745114.2697,0.005622919768282,0,0,0,8.479262777878,1.191373956682e-81,0,2.49510510354,-0.491501812959,-13.61172112515,-0.5383644133759,1.339079674134,-12.49974293813,-24078.87643499,4582.057833672,0,0,259295.200,2296,80,0,113097.3320109
113300,-24057431.34536,5008300.642391,16524265.44996,0,0,0,-1.029032072835,-0.4919465486296,32465247.46219,30779547.0028495,161747522.0943,0.005622919767008,0,0,0,8.478746307633,1.191174743872e-81,0,2.495087543451,-0.4915615268895,-13.61242364362,-0.5383100399766,1.339087237661,-12.50021303998,-24077.61481555,4581.817755476,0,0,259295.300,2296,80,0,113197.3304825
113400,-24057591.41171,5008258.289943,16524045.28325,0,0,0,-1.029068026734,-0.4920063602126,32465705.63106,30780005.1715859,161749929.7927,0.005622919765734,0,0,0,8.478229775204,1.190975528918e-81,0,2.495069980367,-0.4916212387086,-13.61312613725,-0.5382556508077,1.339094801772,-12.50068308144,-24076.35302972,4581.577645615,0,0,259295.400,2296,80,0,113297.3289542
113500,-24057751.47627,5008215.939327,16523825.114,0,0,0,-1.029103988681,-0.4920661698419,32466163.77592,30780463.3163099,161752337.3649,0.005622919764461,0,0,0,8.477713180613,1.19077631184e-81,0,2.495052416274,-0.491680948151,-13.61382860292,-0.5382012552007,1.339102366466,-12.5011530594,-24075.09110685,4581.337509677,0,0,259295.500,2296,80,0,113397.327426
113600,-24057911.53904,5008173.590542,16523604.94222,0,0,0,-1.029139958677,-0.4921259775173,32466621.89677,30780921.4370197,161754744.8109,0.005622919763187,0,0,0,8.47719652388,1.190577092656e-81,0,2.495034845508,-0.4917406560631,-13.61453105059,-0.5381468421475,1.339109931743,-12.50162298381,-24073.82913503,4581.097364426,0,0,259295.600,2296,80,0,113497.3258979
113700,-24058071.60001,5008131.24359,16523384.76791,0,0,0,-1.029175936724,-0.4921857832387,32467079.99359,30781379.5337133,161757152.1307,0.005622919761913,0,0,0,8.476679805026,1.190377871387e-81,0,2.495017273512,-0.4918003619916,-13.61523347492,-0.5380924526934,1.339117497604,-12.50209284936,-24072.56703597,4580.85719496,0,0,259295.700,2296,80,0,113597.3243699
113800,-24058231.65918,5008088.89847,16523164.59105,0,0,0,-1.029211922821,-0.4922455870062,32467538.0664,30781837.6063888,161759559.3243,0.005622919760639,0,0,0,8.476163024073,1.190178648051e-81,0,2.494999698184,-0.4918600660331,-13.61593587705,-0.5380380640694,1.339125064048,-12.50256265717,-24071.30479988,4580.616999418,0,0,259295.800,2296,80,0,113697.3228419
113900,-24058391.71656,5008046.555181,16522944.41166,0,0,0,-1.02924791697,-0.4923053888196,32467996.1152,30782295.6550443,161761966.3916,0.005622919759366,0,0,0,8.475646181041,1.189979422667e-81,0,2.4949821197,-0.4919197680675,-13.61663825557,-0.5379836606514,1.339132631075,-12.50303240585,-24070.0424659,4580.376785249,0,0,259295.900,2296,80,0,113797.321314
114000,-24058551.77214,5008004.213724,16522724.22973,0,0,0,-1.029283919171,-0.4923651886788,32468454.13996,30782753.6794578,161764373.3339,0.005622919758092,0,0,0,8.47490943485,1.189780195255e-81,0,2.494964538329,-0.4919794682808,-13.61734061266,-0.5379292517067,1.339140198685,-12.50350209759,-24069.3577473,4580.246487632,0,0,259296.000,2296,96,0,113897.3197862
114100,-24058711.82593,5007961.8741,16522504.04527,0,0,0,-1.029319929426,-0.4924249865837,32468912.14071,30783211.6800673,161766780.1488,0.005622919756818,0,0,0,8.474392473341,1.189580965835e-81,0,2.49494695604,-0.4920391660675,-13.6180429412,-0.5378748249755,1.339147766877,-12.50397172527,-24067.51755324,4579.896310344,0,0,259296.100,2296,96,0,113997.3182585
114200,-24058871.87792,5007919.536307,16522283.85827,0,0,0,-1.029355947736,-0.4924847825343,32469370.11743,30783669.6566509,161769186.8374,0.005622919755544,0,0,0,8.473875449823,1.189381734425e-81,0,2.494929367275,-0.4920988621691,-13.61874524993,-0.5378204197594,1.339155335653,-12.50444129762,-24066.2549354,4579.656042159,0,0,259296.200,2296,96,0,114097.3167308
114300,-24059031.92811,5007877.200345,16522063.66873,0,0,0,-1.029391974101,-0.4925445765305,32469828.07012,30784127.6092067,161771593.3998,0.00562291975427,0,0,0,8.473358364319,1.189182501044e-81,0,2.494911776385,-0.4921585565426,-13.61944753831,-0.5377660185439,1.339162905011,-12.50491081414,-24064.99213158,4579.415738583,0,0,259296.300,2296,96,0,114197.3152033
114400,-24059191.97651,5007834.866216,16521843.47666,0,0,0,-1.029428008523,-0.4926043685722,32470285.99878,30784585.5377327,161773999.8359,0.005622919752997,0,0,0,8.472841216848,1.188983265712e-81,0,2.494894183014,-0.4922182488628,-13.62014980255,-0.5377115992018,1.339170474952,-12.50538027101,-24063.72931798,4579.175433144,0,0,259296.400,2296,96,0,114297.3136758
114500,-24059352.02311,5007792.533918,16521623.28205,0,0,0,-1.029464051002,-0.4926641586593,32470743.90341,30785043.4422271,161776406.1457,0.005622919751723,0,0,0,8.472324007432,1.188784028449e-81,0,2.494876586554,-0.4922779386243,-13.62085203668,-0.5376571750688,1.339178045474,-12.50584966229,-24062.46647501,4578.935122117,0,0,259296.500,2296,96,0,114397.3121484
114600,-24059512.06792,5007750.203452,16521403.0849,0,0,0,-1.029500101539,-0.4927239467918,32471201.784,30785501.3226878,161778812.3292,0.005622919750449,0,0,0,8.471806736091,1.188584789273e-81,0,2.49485898922,-0.492337626951,-13.62155425393,-0.5376027328237,1.33918561658,-12.5063190012,-24061.20349501,4578.694785014,0,0,259296.600,2296,96,0,114497.3106211
114700,-24059672.11093,5007707.874818,16521182.88521,0,0,0,-1.029536160135,-0.4927837329696,32471659.64057,30785959.179113,161781218.3864,0.005622919749175,0,0,0,8.471289402847,1.188385548203e-81,0,2.494841384775,-0.4923973132469,-13.62225644729,-0.5375483144568,1.339193188267,-12.50678828074,-24059.94033881,4578.454414383,0,0,259296.700,2296,96,0,114597.3090938
114800,-24059832.15214,5007665.548015,16520962.68299,0,0,0,-1.029572226791,-0.4928435171925,32472117.47309,30786417.0115007,161783624.3172,0.005622919747901,0,0,0,8.470772007721,1.188186305259e-81,0,2.494823779034,-0.4924569978713,-13.62295862098,-0.5374938977781,1.339200760536,-12.50725750515,-24058.6771141,4578.214030713,0,0,259296.800,2296,96,0,114697.3075667
114900,-24059992.19156,5007623.223044,16520742.47824,0,0,0,-1.029608301508,-0.4929032994606,32472575.28157,30786874.819849,161786030.1218,0.005622919746628,0,0,0,8.470254550734,1.187987060461e-81,0,2.494806170416,-0.4925166799916,-13.62366076521,-0.5374394656997,1.339208333387,-12.50772666463,-24057.41383066,4577.973635867,0,0,259296.900,2296,96,0,114797.3060396
115000,-24060152.22918,5007580.899905,16520522.27094,0,0,0,-1.029644384287,-0.4929630797737,32473033.06602,30787332.6039361,161788435.8011,0.005622919745354,0,0,0,8.469517226526,1.187787813826e-81,0,2.494788558655,-0.4925763606082,-13.62436289176,-0.5373850261964,1.33921590682,-12.50819577096,-24056.72796684,4577.843120322,0,0,259297.000,2296,96,0,114897.3045126
115100,-24060312.265,5007538.578598,16520302.06111,0,0,0,-1.029680475129,-0.4930228581317,32473490.82641,30787790.3641997,161790841.353,0.00562291974408,0,0,0,8.468999651576,1.187588565376e-81,0,2.494770944176,-0.4926360389381,-13.6250649914,-0.5373305719927,1.339223480834,-12.50866481493,-24054.88694077,4577.492784709,0,0,259297.100,2296,96,0,114997.3029856
115200,-24060472.29903,5007496.259121,16520081.84875,0,0,0,-1.029716574034,-0.4930826345346,32473948.56277,30788248.1004182,161793246.7785,0.005622919742806,0,0,0,8.468482014834,1.187389315128e-81,0,2.494753327989,-0.4926957153114,-13.62576706802,-0.5372761378323,1.33923105543,-12.50913380044,-24053.62327559,4577.25231722,0,0,259297.200,2296,96,0,115097.3014588
115300,-24060632.33127,5007453.941477,16519861.63385,0,0,0,-1.029752681004,-0.4931424089823,32474406.27508,30788705.8125894,161795652.0776,0.005622919741533,0,0,0,8.467964316324,1.187190063102e-81,0,2.494735705479,-0.4927553897209,-13.62646912154,-0.5372217069001,1.339238630607,-12.50960272739,-24052.35947337,4577.011823654,0,0,259297.300,2296,96,0,115197.299932
115400,-24060792.3617,5007411.625664,16519641.41641,0,0,0,-1.02978879604,-0.4932021814746,32474863.96333,30789163.5007116,161798057.2504,0.005622919740259,0,0,0,8.467446556064,1.186990809317e-81,0,2.494718081735,-0.4928150623461,-13.62717115406,-0.5371672592367,1.339246206365,-12.51007159791,-24051.09572009,4576.771339402,0,0,259297.400,2296,96,0,115297.2984053
115500,-24060952.39034,5007369.311682,16519421.19643,0,0,0,-1.029824919142,-0.4932619520117,32475321.62754,30789621.1647827,161800462.2968,0.005622919738985,0,0,0,8.466928734077,1.186791553792e-81,0,2.494700454675,-0.4928747329646,-13.62787316298,-0.5371128069015,1.339253782705,-12.51054040939,-24049.83176126,4576.530816033,0,0,259297.500,2296,96,0,115397.2968787
115600,-24061112.41718,5007326.999533,16519200.97392,0,0,0,-1.029861050311,-0.4933217205932,32475779.2677,30790078.8048009,161802867.2167,0.005622919737711,0,0,0,8.466410850383,1.186592296547e-81,0,2.49468282442,-0.4929344016504,-13.62857514916,-0.5370583363566,1.339261359626,-12.51100916271,-24048.56763603,4576.290261,0,0,259297.600,2296,96,0,115497.2953522
115700,-24061272.44223,5007284.689214,16518980.74888,0,0,0,-1.029897189549,-0.4933814872193,32476236.88379,30790536.4207642,161805272.0103,0.005622919736437,0,0,0,8.465892905004,1.1863930376e-81,0,2.494665191278,-0.4929940685573,-13.62927711441,-0.5370038879584,1.339268937127,-12.51147785968,-24047.30355974,4576.049715281,0,0,259297.700,2296,96,0,115597.2938258
115800,-24061432.46548,5007242.380727,16518760.52129,0,0,0,-1.029933336856,-0.4934412518897,32476694.47584,30790994.0126706,161807676.6774,0.005622919735164,0,0,0,8.46537489796,1.186193776972e-81,0,2.494647557012,-0.4930537330588,-13.62997905137,-0.5369494435918,1.339276515209,-12.51194649293,-24046.03929748,4575.80913417,0,0,259297.800,2296,96,0,115697.2922994
115900,-24061592.48693,5007200.074072,16518540.29117,0,0,0,-1.029969492233,-0.4935010146044,32477152.04382,30791451.5805183,161810081.2182,0.00562291973389,0,0,0,8.464856829273,1.18599451468e-81,0,2.494629916333,-0.493113395895,-13.63068096873,-0.5368949820933,1.339284093872,-12.51241507117,-24044.77492754,4575.568532571,0,0,259297.900,2296,96,0,115797.2907731
116000,-24061752.50659,5007157.769248,16518320.05852,0,0,0,-1.030005655682,-0.4935607753633,32477609.58774,30791909.1240855,161812485.6336,0.005622919732616,0,0,0,8.464118930114,1.185795250745e-81,0,2.4946122739,-0.4931730565909,-13.63138286091,-0.5368405150317,1.339291673115,-12.51288358884,-24044.08787934,4575.437791646,0,0,259298.000,2296,96,0,115897.2892469
116100,-24061912.52445,5007115.466255,16518099.82333,0,0,0,-1.030041827202,-0.4936205341664,32478067.1076,30792366.6438099,161814889.9214,0.005622919731342,0,0,0,8.463600743978,1.185595985185e-81,0,2.494594628758,-0.4932327155523,-13.63208473269,-0.5367860309037,1.339299252939,-12.51335205069,-24042.24589401,4575.087273493,0,0,259298.100,2296,96,0,115997.2877208
116200,-24062072.54051,5007073.165093,16517879.5856,0,0,0,-1.030078006795,-0.4936802910136,32478524.6034,30792824.1394698,161817294.0828,0.005622919730068,0,0,0,8.463082496269,1.18539671802e-81,0,2.494576980429,-0.4932923723312,-13.63278657878,-0.5367315673533,1.339306833343,-12.51382045148,-24040.98129895,4574.846629053,0,0,259298.200,2296,96,0,116097.2861948
116300,-24062232.55477,5007030.865763,16517659.34534,0,0,0,-1.030114194462,-0.4937400459047,32478982.07513,30793281.6110631,161819698.1177,0.005622919728795,0,0,0,8.462564187009,1.185197449268e-81,0,2.494559331043,-0.4933520272233,-13.63348840269,-0.5366770937492,1.339314414327,-12.51428879468,-24039.71652769,4574.605951086,0,0,259298.300,2296,96,0,116197.2846688
116400,-24062392.56724,5006988.568265,16517439.10254,0,0,0,-1.030150390203,-0.4937997988398,32479439.52279,30793739.058588,161822102.0261,0.005622919727521,0,0,0,8.462045816218,1.184998178949e-81,0,2.494541675108,-0.4934116801081,-13.63419020297,-0.5366226325,1.339321995891,-12.51475707888,-24038.45170749,4574.365263805,0,0,259298.400,2296,96,0,116297.2831429
116500,-24062552.57791,5006946.272598,16517218.8572,0,0,0,-1.030186594021,-0.4938595498187,32479896.94638,30794196.4820426,161824505.808,0.005622919726247,0,0,0,8.461527383917,1.184798907082e-81,0,2.494524017588,-0.493471331096,-13.63489198094,-0.5365681501311,1.339329578035,-12.51522530538,-24037.18673068,4574.124546722,0,0,259298.500,2296,96,0,116397.2816171
116600,-24062712.58679,5006903.978761,16516998.60933,0,0,0,-1.030222805914,-0.4939192988413,32480354.3459,30794653.881425,161826909.4634,0.005622919724973,0,0,0,8.461008890128,1.184599633686e-81,0,2.494506356999,-0.4935309803914,-13.635593739,-0.5365136511216,1.339337160758,-12.51569347661,-24035.92177345,4573.883833364,0,0,259298.600,2296,96,0,116497.2800914
116700,-24062872.59387,5006861.686757,16516778.35892,0,0,0,-1.030259025886,-0.4939790459076,32480811.72135,30795111.2567331,161829312.9924,0.005622919723699,0,0,0,8.460490334871,1.184400358781e-81,0,2.494488693608,-0.4935906270871,-13.63629546647,-0.5364591743385,1.339344744062,-12.51616158188,-24034.65661066,4573.64308089,0,0,259298.700,2296,96,0,116597.2785658
116800,-24063032.59915,5006819.396583,16516558.10598,0,0,0,-1.030295253936,-0.4940387910174,32481269.07272,30795568.607965,161831716.3948,0.005622919722426,0,0,0,8.459971718167,1.184201082385e-81,0,2.494471026726,-0.4936502723788,-13.63699717743,-0.5364047003316,1.339352327945,-12.51662963527,-24033.39141851,4573.402322829,0,0,259298.800,2296,96,0,116697.2770402
116900,-24063192.60263,5006777.108241,16516337.8505,0,0,0,-1.030331490065,-0.4940985341708,32481726.40001,30796025.9351189,161834119.6706,0.005622919721152,0,0,0,8.459453040038,1.184001804517e-81,0,2.494453358927,-0.4937099153197,-13.63769886072,-0.5363502091706,1.339359912407,-12.51709762565,-24032.1260208,4573.161525652,0,0,259298.900,2296,96,0,116797.2755147
117000,-24063352.60432,5006734.82173,16516117.59249,0,0,0,-1.030367734274,-0.4941582753676,32482183.70322,30796483.2379731,161836522.8211,0.005622919719878,0,0,0,8.458714568999,1.183802525197e-81,0,2.494435684515,-0.4937695566627,-13.63840052522,-0.5362957134061,1.339367497448,-12.51756556188,-24031.43790568,4573.030581698,0,0,259299.000,2296,96,0,116897.2739893
117100,-24063512.60421,5006692.53705,16515897.33194,0,0,0,-1.030403986565,-0.4942180146077,32482640.98235,30796940.5169651,161838925.8439,0.005622919718604,0,0,0,8.458195773937,1.183603244443e-81,0,2.494418008796,-0.4938291959814,-13.63910216591,-0.5362411986634,1.339375083069,-12.51803343895,-24029.59500026,4572.679888457,0,0,259299.100,2296,96,0,116997.272464
117200,-24063672.6023,5006650.254201,16515677.06885,0,0,0,-1.030440246938,-0.4942777518911,32483098.23739,30797397.7718732,161841328.7401,0.005622919717331,0,0,0,8.457676917521,1.183403962276e-81,0,2.494400329812,-0.4938888331209,-13.63980378095,-0.536186709184,1.339382669269,-12.51850125505,-24028.32932848,4572.439039126,0,0,259299.200,2296,96,0,117097.2709388
117300,-24063832.5986,5006607.973183,16515456.80323,0,0,0,-1.030476515394,-0.4943374872176,32483555.46835,30797855.0026956,161843731.5097,0.005622919716057,0,0,0,8.457157999771,1.183204678713e-81,0,2.494382647943,-0.4939484682237,-13.64050537204,-0.5361322189427,1.339390256047,-12.51896901185,-24027.06353925,4572.198167443,0,0,259299.300,2296,96,0,117197.2694136
117400,-24063992.59309,5006565.693997,16515236.53508,0,0,0,-1.030512791934,-0.4943972205873,32484012.67522,30798312.2094302,161846134.1528,0.005622919714783,0,0,0,8.456639020708,1.183005393774e-81,0,2.49436496468,-0.4940081015304,-13.64120694199,-0.5360777145462,1.339397843405,-12.51943671219,-24025.79767171,4571.957280859,0,0,259299.400,2296,96,0,117297.2678885
117500,-24064152.58579,5006523.416641,16515016.26438,0,0,0,-1.030549076558,-0.4944569519999,32484469.858,30798769.3920752,161848536.6693,0.005622919713509,0,0,0,8.456119980354,1.182806107478e-81,0,2.494347274995,-0.4940677330673,-13.64190849113,-0.5360232043197,1.339405431341,-12.51990435639,-24024.53167692,4571.716370061,0,0,259299.500,2296,96,0,117397.2663635
117600,-24064312.5767,5006481.141117,16514795.99116,0,0,0,-1.030585369269,-0.4945166814555,32484927.0167,30799226.5506286,161850939.0591,0.005622919712235,0,0,0,8.45560087873,1.182606819845e-81,0,2.494329584344,-0.4941273622953,-13.6426100131,-0.5359686765172,1.339413019855,-12.52037193811,-24023.26565276,4571.475453675,0,0,259299.600,2296,96,0,117497.2648386
117700,-24064472.5658,5006438.867424,16514575.71539,0,0,0,-1.030621670066,-0.494576408954,32485384.15129,30799683.6850885,161853341.3224,0.005622919710962,0,0,0,8.455081715857,1.182407530893e-81,0,2.494311889886,-0.4941869898567,-13.64331151546,-0.5359141705115,1.339420608948,-12.52083946491,-24021.99940348,4571.234494448,0,0,259299.700,2296,96,0,117597.2633138
117800,-24064632.55311,5006396.595561,16514355.43709,0,0,0,-1.030657978951,-0.4946361344952,32485841.26179,30800140.795453,161855743.459,0.005622919709688,0,0,0,8.454562491755,1.18220824064e-81,0,2.494294192707,-0.4942466153588,-13.6440129936,-0.53585966613,1.33942819862,-12.52130693218,-24020.7331444,4570.993533358,0,0,259299.800,2296,96,0,117697.261789
117900,-24064792.53862,5006354.32553,16514135.15626,0,0,0,-1.030694295925,-0.4946958580792,32486298.3482,30800597.8817201,161858145.469,0.005622919708414,0,0,0,8.454043206446,1.182008949108e-81,0,2.494276492654,-0.494306238631,-13.6447144455,-0.5358051476428,1.339435788869,-12.52177433791,-24019.46684618,4570.752564818,0,0,259299.900,2296,96,0,117797.2602644
118000,-24064952.52233,5006312.05733,16513914.87289,0,0,0,-1.030730620988,-0.4947555797057,32486755.4105,30801054.9436683,161860547.3535,0.00562291970714,0,0,0,8.453304166602,1.181809656314e-81,0,2.494258791165,-0.4943658604332,-13.64541588011,-0.5357506223879,1.339443379697,-12.52224169106,-24018.77764456,4570.62141411,0,0,259300.000,2296,96,0,117897.2587398
118100,-24065112.50425,5006269.79096,16513694.58699,0,0,0,-1.030766954142,-0.4948152993748,32487212.44871,30801511.9817349,161862949.1103,0.005622919705866,0,0,0,8.452784764877,1.181610362277e-81,0,2.494241083301,-0.4944254798931,-13.64611728716,-0.5356960802072,1.339450971102,-12.52270898136,-24016.93382883,4570.270547643,0,0,259300.100,2296,96,0,117997.2572153
118200,-24065272.48437,5006227.526422,16513474.29855,0,0,0,-1.030803295387,-0.4948750170863,32487669.46281,30801968.9956984,161865350.7403,0.005622919704593,0,0,0,8.452265302015,1.181411067016e-81,0,2.494223373814,-0.4944850975642,-13.64681867316,-0.5356415780536,1.339458563085,-12.52317621533,-24015.66713907,4570.029504597,0,0,259300.200,2296,96,0,118097.2556908
118300,-24065432.46269,5006185.263714,16513254.00757,0,0,0,-1.030839644724,-0.4949347328402,32488126.45281,30802425.9855568,161867752.2437,0.005622919703319,0,0,0,8.451745778039,1.181211770552e-81,0,2.494205661369,-0.4945447132078,-13.64752003532,-0.5355870401584,1.339466155646,-12.52364339018,-24014.40037101,4569.78844665,0,0,259300.300,2296,96,0,118197.2541665
118400,-24065592.43921,5006143.002838,16513033.71406,0,0,0,-1.030876002154,-0.4949944466364,32488583.41869,30802882.9513083,161870153.6204,0.005622919702045,0,0,0,8.451226192968,1.181012472902e-81,0,2.494187945994,-0.4946043267845,-13.64822137315,-0.5355325082713,1.339473748785,-12.52411050543,-24013.13349528,4569.547368214,0,0,259300.400,2296,96,0,118297.2526422
118500,-24065752.41393,5006100.743792,16512813.41801,0,0,0,-1.030912367679,-0.4950541584748,32489040.36048,30803339.8929509,161872554.8704,0.005622919700771,0,0,0,8.450706546825,1.180813174085e-81,0,2.49417022722,-0.4946639385135,-13.64892268925,-0.5354779686497,1.339481342501,-12.52457756368,-24011.86655102,4569.306276739,0,0,259300.500,2296,96,0,118397.251118
118600,-24065912.38686,5006058.486577,16512593.11943,0,0,0,-1.030948741299,-0.4951138683553,32489497.27814,30803796.8104826,161874955.9937,0.005622919699498,0,0,0,8.450186839631,1.180613874121e-81,0,2.494152507499,-0.4947235482606,-13.64962398203,-0.5354234117411,1.339488936794,-12.52504456335,-24010.5994991,4569.065164775,0,0,259300.600,2296,96,0,118497.2495939
118700,-24066072.35799,5006016.231193,16512372.81832,0,0,0,-1.030985123015,-0.4951735762779,32489954.1717,30804253.7039015,161877356.9903,0.005622919698224,0,0,0,8.449667071405,1.180414573029e-81,0,2.494134780856,-0.4947831563038,-13.65032525477,-0.5353688942398,1.339496531664,-12.52551150772,-24009.33222205,4568.82400997,0,0,259300.700,2296,96,0,118597.2480699
118800,-24066232.32732,5005973.97764,16512152.51467,0,0,0,-1.031021512828,-0.4952332822424,32490411.04114,30804710.5732057,161879757.8601,0.00562291969695,0,0,0,8.44914724217,1.180215270827e-81,0,2.494117053347,-0.4948427619454,-13.65102649925,-0.535314344383,1.339504127112,-12.52597838859,-24008.06499394,4568.582864478,0,0,259300.800,2296,96,0,118697.2465459
118900,-24066392.29485,5005931.725917,16511932.20848,0,0,0,-1.031057910738,-0.4952929862488,32490867.88647,30805167.4183933,161882158.6032,0.005622919695676,0,0,0,8.448627351947,1.180015967536e-81,0,2.494099322278,-0.4949023657475,-13.65172772209,-0.5352597954003,1.339511723136,-12.52644521257,-24006.79752112,4568.341672421,0,0,259300.900,2296,96,0,118797.245022
119000,-24066552.26059,5005889.476025,16511711.89976,0,0,0,-1.031094316748,-0.495352688297,32491324.70768,30805624.2392428,161884559.2208,0.005622919694402,0,0,0,8.447887746378,1.179816663173e-81,0,2.494081588407,-0.4949619676162,-13.65242892219,-0.5352052423152,1.339519319737,-12.52691197857,-24006.10726237,4568.210320547,0,0,259301.000,2296,96,0,118897.2434982
119100,-24066712.22453,5005847.227964,16511491.5885,0,0,0,-1.031130730857,-0.4954123883869,32491781.50476,30806081.0361914,161886959.7104,0.005622919693129,0,0,0,8.447367740255,1.179617357758e-81,0,2.494063853314,-0.4950215674967,-13.65313009889,-0.5351506708408,1.339526916915,-12.52737868594,-24004.26257548,4567.859288305,0,0,259301.100,2296,96,0,118997.2419745
119200,-24066872.18667,5005804.981734,16511271.27471,0,0,0,-1.031167153067,-0.4954720865185,32492238.27773,30806537.8090176,161889360.0733,0.005622919691855,0,0,0,8.446847673215,1.179418051309e-81,0,2.494046111728,-0.4950811654554,-13.65383125299,-0.53509613967,1.33953451467,-12.52784533548,-24002.99479923,4567.618038505,0,0,259301.200,2296,96,0,119097.2404509
119300,-24067032.14701,5005762.737334,16511050.95838,0,0,0,-1.031203583378,-0.4955317826916,32492695.02657,30806994.5577195,161891760.3094,0.005622919690581,0,0,0,8.446327545279,1.179218743846e-81,0,2.494028368813,-0.4951407614512,-13.65453238399,-0.5350415739117,1.339542113001,-12.5283119267,-24001.72699361,4567.376783118,0,0,259301.300,2296,96,0,119197.2389273
119400,-24067192.10555,5005720.494766,16510830.63952,0,0,0,-1.031240021792,-0.4955914769062,32493151.75128,30807451.2822951,161894160.4187,0.005622919689307,0,0,0,8.445807356467,1.179019435387e-81,0,2.494010622308,-0.4952003554857,-13.65523349192,-0.5349870108953,1.339549711908,-12.52877845963,-24000.45908032,4567.135507241,0,0,259301.400,2296,96,0,119297.2374039
119500,-24067352.06229,5005678.254027,16510610.31813,0,0,0,-1.031276468309,-0.4956511691622,32493608.45187,30807907.9827426,161896560.4012,0.005622919688033,0,0,0,8.445287106802,1.178820125953e-81,0,2.49399287332,-0.4952599476077,-13.65593457734,-0.5349324432759,1.339557311392,-12.52924493485,-23999.19114745,4566.894227639,0,0,259301.500,2296,96,0,119397.2358805
119600,-24067512.01724,5005636.01512,16510389.9942,0,0,0,-1.031312922931,-0.4957108594596,32494065.12832,30808364.65906,161898960.2569,0.00562291968676,0,0,0,8.444766796304,1.178620815561e-81,0,2.493975121064,-0.4953195377833,-13.65663563987,-0.5348778573821,1.339564911451,-12.52971135197,-23997.92308734,4566.652923822,0,0,259301.600,2296,96,0,119497.2343572
119700,-24067671.97039,5005593.778043,16510169.66773,0,0,0,-1.031349385658,-0.4957705477981,32494521.78065,30808821.3112454,161901359.9858,0.005622919685486,0,0,0,8.444246424995,1.178421504231e-81,0,2.493957367858,-0.4953791257103,-13.65733667595,-0.5348233105637,1.339572512087,-12.53017770743,-23996.65491955,4566.411599517,0,0,259301.700,2296,96,0,119597.232834
119800,-24067831.92174,5005551.542796,16509949.33873,0,0,0,-1.031385856492,-0.4958302341778,32494978.40884,30809277.9392968,161903759.5879,0.005622919684212,0,0,0,8.443725992895,1.17822219198e-81,0,2.493939607681,-0.4954387118983,-13.65803769156,-0.5347687305426,1.339580113298,-12.53064400724,-23995.38661473,4566.170249134,0,0,259301.800,2296,96,0,119697.2313108
119900,-24067991.87129,5005509.30938,16509729.0072,0,0,0,-1.031422335432,-0.4958899185986,32495435.01289,30809734.5432124,161906159.0631,0.005622919682938,0,0,0,8.443205500026,1.17802287883e-81,0,2.493921846151,-0.4954982963422,-13.65873868666,-0.5347141537377,1.339587715085,-12.53111025134,-23994.11819245,4565.9288764,0,0,259301.900,2296,96,0,119797.2297877
120000,-24068151.81904,5005467.077795,16509508.67313,0,0,0,-1.031458822481,-0.4959496010603,32495891.59281,30810191.1227706,161908558.4127,0.005622919681665,0,0,0,8.442465331817,1.177823564798e-81,0,2.493904081845,-0.4955578782758,-13.65943965222,-0.5346595721418,1.339595317448,-12.53157643073,-23993.42678847,4565.797306597,0,0,259302.000,2296,96,0,119897.2282648
120100,-24068311.765,5005424.84804,16509288.33652,0,0,0,-1.031495317639,-0.496009281563,32496348.14858,30810647.6784087,161910957.6342,0.005622919680391,0,0,0,8.441944723566,1.177624249903e-81,0,2.493886314311,-0.4956174588085,-13.66014060131,-0.5346049711306,1.339602920386,-12.53204255845,-23991.5811717,4565.446097404,0,0,259302.100,2296,96,0,119997.2267418
120200,-24068471.70915,5005382.620116,16509067.99738,0,0,0,-1.031531820906,-0.4960689601065,32496804.68022,30811104.2099052,161913356.7289,0.005622919679117,0,0,0,8.441424054617,1.177424934165e-81,0,2.493868543675,-0.495677037063,-13.66084152359,-0.5345504113519,1.3396105239,-12.53250862421,-23990.31248514,4565.204674378,0,0,259302.200,2296,96,0,120097.225219
120300,-24068631.65151,5005340.394022,16508847.65571,0,0,0,-1.031568332285,-0.4961286366907,32497261.18771,30811560.7172581,161915755.6967,0.005622919677843,0,0,0,8.44090332499,1.177225617601e-81,0,2.493850771659,-0.4957366135852,-13.66154242549,-0.534495815641,1.339618127988,-12.53297463441,-23989.04365175,4564.963223413,0,0,259302.300,2296,96,0,120197.2236963
120400,-24068791.59207,5005298.169758,16508627.3115,0,0,0,-1.031604851775,-0.4961883113156,32497717.67106,30812017.2004656,161918154.5376,0.005622919676569,0,0,0,8.440382534708,1.177026300233e-81,0,2.493832993249,-0.4957961878098,-13.66224330036,-0.5344412244231,1.339625732652,-12.53344058243,-23987.77472048,4564.721753821,0,0,259302.400,2296,96,0,120297.2221736
120500,-24068951.53083,5005255.947326,16508406.96476,0,0,0,-1.031641379379,-0.4962479839811,32498174.13026,30812473.6595256,161920553.2517,0.005622919675296,0,0,0,8.439861683792,1.176826982077e-81,0,2.493815213368,-0.495855760042,-13.66294415179,-0.53438662689,1.339633337891,-12.53390647185,-23986.50574027,4564.480274916,0,0,259302.500,2296,96,0,120397.220651
120600,-24069111.46779,5005213.726723,16508186.61548,0,0,0,-1.031677915096,-0.496307654687,32498630.56531,30812930.0944364,161922951.8388,0.005622919674022,0,0,0,8.439340772261,1.176627663153e-81,0,2.493797430374,-0.4959153307265,-13.66364498501,-0.5343320297077,1.339640943705,-12.53437230791,-23985.23663281,4564.238771796,0,0,259302.600,2296,96,0,120497.2191285
120700,-24069271.40295,5005171.507951,16507966.26367,0,0,0,-1.031714458927,-0.4963673234334,32499086.97621,30813386.5051959,161925350.299,0.005622919672748,0,0,0,8.438819800139,1.17642834348e-81,0,2.493779644354,-0.4959748991818,-13.664345792,-0.5342774368258,1.339648550093,-12.5348380826,-23983.96744705,4563.997253776,0,0,259302.700,2296,96,0,120597.2176061
120800,-24069431.33632,5005129.291009,16507745.90932,0,0,0,-1.031751010874,-0.4964269902201,32499543.36295,30813842.8918022,161927748.6323,0.005622919671474,0,0,0,8.438298767445,1.176229023077e-81,0,2.493761857154,-0.4960344657203,-13.66504657645,-0.5342228281206,1.339656157056,-12.53530379961,-23982.69814383,4563.755713403,0,0,259302.800,2296,96,0,120697.2160838
120900,-24069591.26788,5005087.075898,16507525.55244,0,0,0,-1.031787570938,-0.4964866550471,32499999.72554,30814299.2542535,161930146.8386,0.0056229196702,0,0,0,8.437777674201,1.176029701963e-81,0,2.49374406359,-0.4960940303216,-13.6657473381,-0.534168221751,1.339663764594,-12.53576945869,-23981.42872314,4563.514150679,0,0,259302.900,2296,96,0,120797.2145615
121000,-24069751.19765,5005044.862616,16507305.19302,0,0,0,-1.031824139119,-0.4965463179143,32500456.06398,30814755.5923282,161932544.9192,0.005622919668927,0,0,0,8.437036946444,1.175830380156e-81,0,2.493726268628,-0.4961535928906,-13.66644807585,-0.5341136090835,1.339671372705,-12.53623505873,-23980.73613478,4563.382355496,0,0,259303.000,2296,96,0,120897.2130393
121100,-24069911.12562,5005002.651166,16507084.83108,0,0,0,-1.031860715418,-0.4966059788215,32500912.37825,30815211.9064636,161934942.8716,0.005622919667653,0,0,0,8.436515738337,1.175631057676e-81,0,2.493708470076,-0.4962131533416,-13.66714878867,-0.5340589941954,1.339678981392,-12.53670059873,-23978.88951961,4563.030956313,0,0,259303.100,2296,96,0,120997.2115172
121200,-24070071.05179,5004960.441545,16506864.46659,0,0,0,-1.031897299837,-0.4966656377687,32501368.66836,30815668.1964381,161937340.6971,0.005622919666379,0,0,0,8.435994469751,1.175431734541e-81,0,2.493690668817,-0.496272712049,-13.66784948099,-0.5340043903172,1.339686590652,-12.53716608311,-23977.61991295,4562.789358199,0,0,259303.200,2296,96,0,121097.2099952
121300,-24070230.97616,5004918.233755,16506644.09957,0,0,0,-1.031933892376,-0.4967252947559,32501824.93432,30816124.4622499,161939738.3956,0.005622919665105,0,0,0,8.435473140708,1.175232410771e-81,0,2.493672864392,-0.4963322689404,-13.66855015194,-0.5339497667462,1.339694200486,-12.53763151101,-23976.35010074,4562.547720969,0,0,259303.300,2296,96,0,121197.2084733
121400,-24070390.89873,5004876.027795,16506423.73002,0,0,0,-1.031970493036,-0.4967849497829,32502281.1761,30816580.703897,161942135.9671,0.005622919663832,0,0,0,8.434951751229,1.175033086383e-81,0,2.49365505893,-0.496391823524,-13.66925079573,-0.5338951455209,1.339701810894,-12.53809687665,-23975.08024937,4562.306076288,0,0,259303.400,2296,96,0,121297.2069514
121500,-24070550.8195,5004833.823665,16506203.35794,0,0,0,-1.032007101819,-0.4968446028497,32502737.39372,30817036.9213775,161944533.4116,0.005622919662558,0,0,0,8.434430301334,1.174833761398e-81,0,2.493637246898,-0.4964513763625,-13.669951419,-0.5338405194735,1.339709421876,-12.53856218666,-23973.81019245,4562.064392492,0,0,259303.500,2296,96,0,121397.2054296
121600,-24070710.73847,5004791.621365,16505982.98331,0,0,0,-1.032043718724,-0.4969042539562,32503193.58717,30817493.1146895,161946930.7291,0.005622919661284,0,0,0,8.433908791046,1.174634435834e-81,0,2.493619433211,-0.49651092709,-13.67065201743,-0.533785893432,1.339717033432,-12.53902743675,-23972.54012574,4561.822706833,0,0,259303.600,2296,96,0,121497.2039079
121700,-24070870.65564,5004749.420895,16505762.60616,0,0,0,-1.032080343753,-0.4969639031022,32503649.75645,30817949.283831,161949327.9196,0.00562291966001,0,0,0,8.433387220384,1.174435109709e-81,0,2.493601616457,-0.496570476211,-13.67135259697,-0.5337312721443,1.339724645561,-12.53949263284,-23971.26991221,4561.580993235,0,0,259303.700,2296,96,0,121597.2023863
121800,-24071030.57102,5004707.222256,16505542.22647,0,0,0,-1.032116976908,-0.4970235502878,32504105.90156,30818405.4288003,161951724.9831,0.005622919658736,0,0,0,8.432865589372,1.174235783043e-81,0,2.493583796988,-0.4966300229654,-13.67205314866,-0.5336766288182,1.339732258263,-12.53995776601,-23969.99957143,4561.339255422,0,0,259303.800,2296,96,0,121697.2008648
121900,-24071190.48459,5004665.025447,16505321.84425,0,0,0,-1.032153618188,-0.4970831955128,32504562.0225,30818861.5495952,161954121.9196,0.005622919657463,0,0,0,8.432343898029,1.174036455854e-81,0,2.493565976057,-0.4966895677734,-13.67275367745,-0.5336219966554,1.339739871539,-12.54042284121,-23968.72925022,4561.097521335,0,0,259303.900,2296,96,0,121797.1993433
122000,-24071350.39637,5004622.830468,16505101.45949,0,0,0,-1.032190267595,-0.4971428387772,32505018.11926,30819317.6459944,161956518.7301,0.005622919656189,0,0,0,8.431602613817,1.173837128162e-81,0,2.49354814852,-0.4967491106607,-13.67345418364,-0.533567356648,1.339747485387,-12.54088785873,-23968.03552643,4560.965510085,0,0,259304.000,2296,96,0,121897.1978219
122100,-24071510.30635,5004580.637319,16504881.0722,0,0,0,-1.032226925129,-0.4972024800808,32505474.19184,30819773.718435,161958915.4124,0.005622919654915,0,0,0,8.43108080813,1.173637799984e-81,0,2.493530319603,-0.4968086515768,-13.67415466665,-0.5335127162795,1.339755099809,-12.541352818,-23966.18810862,4560.613958165,0,0,259304.100,2296,96,0,121997.1963007
122200,-24071670.21452,5004538.446,16504660.68238,0,0,0,-1.032263590793,-0.4972621194236,32505930.24024,30820229.7666957,161961311.9677,0.005622919653641,0,0,0,8.430558942184,1.173438471341e-81,0,2.493512487615,-0.4968681904798,-13.67485512597,-0.5334580796101,1.339762714804,-12.54181771853,-23964.91736652,4560.372143984,0,0,259304.200,2296,96,0,122097.1947794
122300,-24071830.1209,5004496.256511,16504440.29002,0,0,0,-1.032300264586,-0.4973217568056,32506386.26446,30820685.7907743,161963708.3959,0.005622919652367,0,0,0,8.430037016001,1.17323914225e-81,0,2.493494652226,-0.4969277275478,-13.6755555637,-0.5334034262259,1.339770330371,-12.54228256241,-23963.64647759,4560.130301863,0,0,259304.300,2296,96,0,122197.1932583
122400,-24071990.02548,5004454.068852,16504219.89512,0,0,0,-1.032336946509,-0.4973813922265,32506842.26449,30821141.7906692,161966104.697,0.005622919651094,0,0,0,8.429515029601,1.173039812731e-81,0,2.49347681423,-0.4969872623705,-13.67625597501,-0.5333487753353,1.339777946511,-12.54274734483,-23962.37558867,4559.888459742,0,0,259304.400,2296,96,0,122297.1917373
122500,-24072149.92826,5004411.883023,16503999.4977,0,0,0,-1.032373636564,-0.4974410256864,32507298.24034,30821597.7663782,161968500.871,0.00562291964982,0,0,0,8.428992983005,1.172840482802e-81,0,2.49345897479,-0.4970467955361,-13.67695636684,-0.5332941202542,1.339785563224,-12.5432120727,-23961.10459208,4559.646597132,0,0,259304.500,2296,96,0,122397.1902163
122600,-24072309.82924,5004369.699024,16503779.09774,0,0,0,-1.032410334752,-0.4975006571851,32507754.192,30822053.7178995,161970896.9179,0.005622919648546,0,0,0,8.428470876236,1.172641152483e-81,0,2.493441128872,-0.4971063267096,-13.67765673522,-0.5332394651549,1.339793180509,-12.54367674211,-23959.83345845,4559.404708445,0,0,259304.600,2296,96,0,122497.1886954
122700,-24072469.72842,5004327.516855,16503558.69524,0,0,0,-1.032447041073,-0.4975602867227,32508210.11947,30822509.6452313,161973292.8377,0.005622919647272,0,0,0,8.427948709314,1.172441821791e-81,0,2.493423281362,-0.4971658560175,-13.67835708166,-0.5331848140748,1.339800798366,-12.54414135453,-23958.56219757,4559.162795544,0,0,259304.700,2296,96,0,122597.1871746
122800,-24072629.6258,5004285.336515,16503338.29021,0,0,0,-1.032483755528,-0.4976199142989,32508666.02276,30822965.5483715,161975688.6304,0.005622919645999,0,0,0,8.427426482261,1.172242490746e-81,0,2.493405430988,-0.4972253832313,-13.67905740346,-0.5331301475354,1.339808416796,-12.54460590729,-23957.2908486,4558.920865878,0,0,259304.800,2296,96,0,122697.1856539
122900,-24072789.52138,5004243.158006,16503117.88265,0,0,0,-1.032520478118,-0.4976795399137,32509121.90184,30823421.4273182,161978084.2959,0.005622919644725,0,0,0,8.426904195097,1.172043159367e-81,0,2.493387577598,-0.4972849083709,-13.67975770086,-0.5330754811394,1.339816035797,-12.54507040063,-23956.01950942,4558.678938076,0,0,259304.900,2296,96,0,122797.1841332
123000,-24072949.41516,5004200.981327,16502897.47256,0,0,0,-1.032557208845,-0.4977391635671,32509577.75673,30823877.2818502,161980479.8354,0.005622919643451,0,0,0,8.42616235753,1.171843827672e-81,0,2.493369721169,-0.4973444316636,-13.68045797652,-0.533020829814,1.339823655371,-12.54553483722,-23955.32471869,4558.546723798,0,0,259305.000,2296,96,0,122897.1826126
123100,-24073109.30714,5004158.806477,16502677.05993,0,0,0,-1.032593947708,-0.4977987852589,32510033.58743,30824333.1124043,161982875.2467,0.005622919642177,0,0,0,8.425639956543,1.17164449568e-81,0,2.493351863251,-0.4974039529086,-13.6811582281,-0.5329661408655,1.339831275516,-12.54599921471,-23953.47638079,4558.194996789,0,0,259305.100,2296,96,0,122997.1810922
123200,-24073269.19732,5004116.633458,16502456.64477,0,0,0,-1.03263069471,-0.4978584049891,32510489.39392,30824788.9187593,161985270.5307,0.005622919640903,0,0,0,8.425117495516,1.17144516341e-81,0,2.493333998794,-0.4974634724261,-13.68185845936,-0.5329114774224,1.339838896233,-12.54646353687,-23952.20465986,4557.952996343,0,0,259305.200,2296,96,0,123097.1795717
123300,-24073429.0857,5004074.462268,16502236.22707,0,0,0,-1.032667449851,-0.4979180227576,32510945.17622,30825244.7009131,161987665.6876,0.00562291963963,0,0,0,8.424594974472,1.171245830881e-81,0,2.493316133196,-0.4975229893661,-13.68255866029,-0.5328567929266,1.339846517521,-12.54692779371,-23950.93285084,4557.710979134,0,0,259305.300,2296,96,0,123197.1780514
123400,-24073588.97228,5004032.292908,16502015.80684,0,0,0,-1.032704213131,-0.4979776385642,32511400.93431,30825700.458864,161990060.7173,0.005622919638356,0,0,0,8.424072393432,1.171046498111e-81,0,2.493298264351,-0.4975825048652,-13.68325884427,-0.5328021141895,1.339854139381,-12.5473919986,-23949.66096352,4557.468947023,0,0,259305.400,2296,96,0,123297.1765312
123500,-24073748.85707,5003990.125377,16501795.38408,0,0,0,-1.032740984553,-0.498037252409,32511856.6682,30826156.1926099,161992455.6198,0.005622919637082,0,0,0,8.423549752416,1.17084716512e-81,0,2.493280392487,-0.4976420180635,-13.68395900118,-0.5327474468518,1.339861761812,-12.54785614144,-23948.38892937,4557.226886973,0,0,259305.500,2296,96,0,123397.175011
123600,-24073908.74005,5003947.959677,16501574.95878,0,0,0,-1.032777764117,-0.4980968642918,32512312.37788,30826611.9021489,161994850.395,0.005622919635808,0,0,0,8.423027051447,1.170647831925e-81,0,2.493262519056,-0.4977015300917,-13.68465914433,-0.5326927450691,1.339869384815,-12.54832023552,-23947.11685606,4556.984819472,0,0,259305.600,2296,96,0,123497.1734909
123700,-24074068.62123,5003905.795806,16501354.53095,0,0,0,-1.032814551823,-0.4981564742126,32512768.06335,30827067.5874792,161997245.0431,0.005622919634534,0,0,0,8.422504290545,1.170448498545e-81,0,2.493244639218,-0.4977610392609,-13.68535925384,-0.5326380654641,1.339877008388,-12.548784261,-23945.84456742,4556.742710993,0,0,259305.700,2296,96,0,123597.1719709
123800,-24074228.50061,5003863.633765,16501134.10059,0,0,0,-1.032851347673,-0.4982160821712,32513223.72461,30827523.2485989,161999639.564,0.005622919633261,0,0,0,8.421981469732,1.170249165001e-81,0,2.493226758284,-0.4978205467268,-13.68605934331,-0.5325833678338,1.339884632532,-12.54924823147,-23944.57226898,4556.500600651,0,0,259305.800,2296,96,0,123697.170451
123900,-24074388.37819,5003821.473554,16500913.66769,0,0,0,-1.032888151667,-0.4982756881677,32513679.36166,30827978.8855059,162002033.9576,0.005622919631987,0,0,0,8.421458589028,1.170049831309e-81,0,2.49320887377,-0.4978800524023,-13.68675941171,-0.5325286730082,1.339892257247,-12.5497121459,-23943.29982373,4556.258462369,0,0,259305.900,2296,96,0,123797.1689312
124000,-24074548.25397,5003779.315172,16500693.23226,0,0,0,-1.032924963807,-0.4983352922018,32514134.97449,30828434.497979,162004428.2251,0.005622919630713,0,0,0,8.420716201212,1.16985049749e-81,0,2.493190986476,-0.4979395557887,-13.68745945319,-0.5324739929131,1.339899882533,-12.55017599845,-23942.60391714,4556.12603575,0,0,259306.000,2296,96,0,123897.1674114
124100,-24074708.12796,5003737.15862,16500472.79429,0,0,0,-1.032961784094,-0.4983948942736,32514590.56311,30828890.0864551,162006822.3642,0.005622919629439,0,0,0,8.420193207206,1.16965116356e-81,0,2.493173095824,-0.4979990575491,-13.68815947554,-0.5324192759199,1.33990750839,-12.55063979691,-23940.75468851,4555.77413924,0,0,259306.100,2296,96,0,123997.1658917
124200,-24074868.00014,5003695.003897,16500252.3538,0,0,0,-1.032998612528,-0.4984544943829,32515046.12751,30829345.6507129,162009216.376,0.005622919628166,0,0,0,8.419670153381,1.169451829541e-81,0,2.493155204489,-0.4980585568163,-13.68885946855,-0.5323645804913,1.339915134816,-12.55110353109,-23939.48193981,4555.531943217,0,0,259306.200,2296,96,0,124097.1643721
124300,-24075027.87052,5003652.851004,16500031.91077,0,0,0,-1.033035449111,-0.4985140925296,32515501.66769,30829801.1907504,162011610.2605,0.005622919626892,0,0,0,8.41914703976,1.169252495449e-81,0,2.493137306466,-0.4981180545205,-13.68955944318,-0.5323098682449,1.339922761813,-12.55156721194,-23938.20907366,4555.289724842,0,0,259306.300,2296,96,0,124197.1628526
124400,-24075187.7391,5003610.699941,16499811.4652,0,0,0,-1.033072293843,-0.4985736887138,32515957.18364,30830256.7065658,162014004.0178,0.005622919625618,0,0,0,8.418623866362,1.169053161304e-81,0,2.493119406244,-0.4981775504945,-13.69025939745,-0.5322551600454,1.339930389381,-12.5520308375,-23936.93606068,4555.047478527,0,0,259306.400,2296,96,0,124297.1613332
124500,-24075347.60588,5003568.550707,16499591.01711,0,0,0,-1.033109146725,-0.4986332829352,32516412.67538,30830712.1981572,162016397.6478,0.005622919624344,0,0,0,8.41810063321,1.168853827124e-81,0,2.493101503647,-0.4982370441091,-13.69095932397,-0.5322004624345,1.339938017518,-12.55249440036,-23935.66307707,4554.8052378,0,0,259306.500,2296,96,0,124397.1598138
124600,-24075507.47086,5003526.403303,16499370.56648,0,0,0,-1.033146007759,-0.4986928751938,32516868.14288,30831167.6655225,162018791.1504,0.00562291962307,0,0,0,8.417577340325,1.168654492929e-81,0,2.493083597815,-0.4982965360241,-13.69165923049,-0.5321457317963,1.339945646225,-12.55295790831,-23934.39002494,4554.562984034,0,0,259306.600,2296,96,0,124497.1582945
124700,-24075667.33404,5003484.257728,16499150.11331,0,0,0,-1.033182876945,-0.4987524654896,32517323.58616,30831623.10866,162021184.5258,0.005622919621797,0,0,0,8.417053987728,1.168455158736e-81,0,2.493065689302,-0.4983560256755,-13.69235911038,-0.5320910227145,1.339953275503,-12.5534213547,-23933.11682599,4554.320702329,0,0,259306.700,2296,96,0,124597.1567753
124800,-24075827.19542,5003442.113983,16498929.65762,0,0,0,-1.033219754284,-0.4988120538224,32517779.00521,30832078.5275676,162023577.7738,0.005622919620523,0,0,0,8.41653057544,1.168255824565e-81,0,2.493047779139,-0.4984155134178,-13.69305896781,-0.532036295852,1.339960905349,-12.55388474371,-23931.84343127,4554.078383371,0,0,259306.800,2296,96,0,124697.1552562
124900,-24075987.055,5003399.972067,16498709.19939,0,0,0,-1.033256639777,-0.4988716401922,32518234.40003,30832533.9222436,162025970.8945,0.005622919619249,0,0,0,8.416007103482,1.168056490434e-81,0,2.493029862284,-0.4984749994084,-13.69375880462,-0.5319815895845,1.339968535766,-12.55434807721,-23930.57004634,4553.836066276,0,0,259306.900,2296,96,0,124797.1537372
125000,-24076146.91277,5003357.831981,16498488.73863,0,0,0,-1.033293533425,-0.4989312245988,32518689.77061,30832989.2924665,162028363.8889,0.005622919617975,0,0,0,8.415264168525,1.167857156361e-81,0,2.493011944306,-0.4985344831001,-13.6944586144,-0.5319268612884,1.339976166752,-12.55481134876,-23929.87302389,4553.703427315,0,0,259307.000,2296,96,0,124897.1522182
125100,-24076306.76875,5003315.693724,16498268.27533,0,0,0,-1.033330435229,-0.4989908070423,32519145.11696,30833444.6386733,162030756.7549,0.005622919616701,0,0,0,8.414740583786,1.167657822367e-81,0,2.492994023185,-0.4985939649636,-13.69515840266,-0.5318721161994,1.339983798307,-12.5552745639,-23928.0229241,4553.35136503,0,0,259307.100,2296,96,0,124997.1506994
125200,-24076466.62293,5003273.557296,16498047.8095,0,0,0,-1.03336734519,-0.4990503875224,32519600.43907,30833899.9606427,162033149.4935,0.005622919615428,0,0,0,8.41421693945,1.167458488468e-81,0,2.492976098816,-0.4986534451143,-13.69585817078,-0.5318173774753,1.339991430431,-12.55573772399,-23926.74913785,4553.108971566,0,0,259307.200,2296,96,0,125097.1491806
125300,-24076626.4753,5003231.422698,16497827.34114,0,0,0,-1.033404263309,-0.4991099660392,32520055.73694,30834355.2583727,162035542.1047,0.005622919614154,0,0,0,8.413693235537,1.167259154684e-81,0,2.492958173088,-0.4987129229792,-13.696557912,-0.5317626499878,1.339999063125,-12.55620082231,-23925.47534181,4552.866576239,0,0,259307.300,2296,96,0,125197.1476619
125400,-24076786.32588,5003189.289929,16497606.87025,0,0,0,-1.033441189587,-0.4991695425925,32520511.01057,30834810.5318614,162037934.5886,0.00562291961288,0,0,0,8.41316947207,1.167059821034e-81,0,2.492940240945,-0.4987723991224,-13.69725763297,-0.5317079300016,1.340006696387,-12.55666386549,-23924.20140873,4552.624154836,0,0,259307.400,2296,96,0,125297.1461432
125500,-24076946.17465,5003147.15899,16497386.39682,0,0,0,-1.033478124024,-0.4992291171823,32520966.25996,30835265.781107,162040326.945,0.005622919611606,0,0,0,8.412645649068,1.166860487536e-81,0,2.492922307528,-0.498831873141,-13.69795732894,-0.531653188095,1.340014330218,-12.5571268488,-23922.92737778,4552.381714806,0,0,259307.500,2296,96,0,125397.1446247
125600,-24077106.02163,5003105.029879,16497165.92086,0,0,0,-1.033515066622,-0.4992886898085,32521421.4851,30835721.0061074,162042719.174,0.005622919610333,0,0,0,8.412121766554,1.166661154208e-81,0,2.492904370965,-0.4988913451984,-13.69865700184,-0.5315984274768,1.340021964618,-12.55758977416,-23921.65328809,4552.1392636,0,0,259307.600,2296,96,0,125497.1431062
125700,-24077265.8668,5003062.902598,16496945.44237,0,0,0,-1.033552017382,-0.499348260471,32521876.686,30836176.2068609,162045111.2757,0.005622919609059,0,0,0,8.411597824549,1.16646182107e-81,0,2.492886431173,-0.4989508150795,-13.69935664914,-0.5315436881695,1.340029599587,-12.55805263905,-23920.37899285,4551.896773279,0,0,259307.700,2296,96,0,125597.1415878
125800,-24077425.71017,5003020.777147,16496724.96135,0,0,0,-1.033588976305,-0.4994078291696,32522331.86265,30836631.3833655,162047503.2498,0.005622919607785,0,0,0,8.411073823074,1.16626248814e-81,0,2.492868488294,-0.4990102831733,-13.70005627541,-0.531488932551,1.340037235124,-12.55851544806,-23919.10468782,4551.654281095,0,0,259307.800,2296,96,0,125697.1400695
125900,-24077585.55174,5002978.653524,16496504.47779,0,0,0,-1.033625943391,-0.4994673959045,32522787.01504,30837086.5356193,162049895.0966,0.005622919606511,0,0,0,8.41054976215,1.166063155436e-81,0,2.492850544168,-0.499069749307,-13.70075587862,-0.5314341927258,1.34004487123,-12.55897819915,-23917.83014788,4551.411744207,0,0,259307.900,2296,96,0,125797.1385513
126000,-24077745.39151,5002936.531731,16496283.9917,0,0,0,-1.033662918641,-0.4995269606753,32523242.14319,30837541.6634009,162052286.817,0.005622919605237,0,0,0,8.409806283167,1.165863822978e-81,0,2.492832593777,-0.499129213592,-13.70145546008,-0.531379438675,1.340052507903,-12.55944089365,-23917.13203894,4551.278898492,0,0,259308.000,2296,96,0,125897.1370332
126100,-24077905.22948,5002894.411767,16496063.50307,0,0,0,-1.033699902057,-0.4995865234822,32523697.24707,30837996.7671473,162054678.4089,0.005622919603964,0,0,0,8.409282109984,1.165664490784e-81,0,2.49281464157,-0.4991886757879,-13.70215501696,-0.531324663579,1.340060145145,-12.55990352872,-23915.28101904,4550.926661119,0,0,259308.100,2296,96,0,125997.1355151
126200,-24078065.06565,5002852.293632,16495843.01192,0,0,0,-1.03373689364,-0.4996460843249,32524152.32671,30838451.8466372,162057069.8732,0.00562291960269,0,0,0,8.408757877426,1.165465158871e-81,0,2.492796686308,-0.4992481361904,-13.70285455274,-0.5312699109521,1.340067782955,-12.56036610786,-23914.00629312,4550.684088841,0,0,259308.200,2296,96,0,126097.1339971
126300,-24078224.90002,5002810.177327,16495622.51823,0,0,0,-1.03377389339,-0.4997056432034,32524607.38208,30838906.9018686,162059461.2101,0.005622919601416,0,0,0,8.408233585511,1.165265827261e-81,0,2.49277872796,-0.4993075944618,-13.70355406345,-0.5312151384342,1.340075421332,-12.56082862709,-23912.73143016,4550.441490486,0,0,259308.300,2296,96,0,126197.1324792
126400,-24078384.73258,5002768.06285,16495402.02201,0,0,0,-1.033810901308,-0.4997652001176,32525062.41319,30839361.9328397,162061852.4195,0.005622919600142,0,0,0,8.407709234263,1.165066495969e-81,0,2.492760767183,-0.4993670507185,-13.70425355046,-0.5311603895967,1.340083060278,-12.5612910878,-23911.45653784,4550.198886544,0,0,259308.400,2296,96,0,126297.1309614
126500,-24078544.56335,5002725.950203,16495181.52326,0,0,0,-1.033847917395,-0.4998247550674,32525517.42004,30839816.9395485,162064243.5014,0.005622919598868,0,0,0,8.407184823703,1.164867165016e-81,0,2.492742804528,-0.4994265050069,-13.70495301431,-0.5311056169943,1.340090699791,-12.56175349053,-23910.18151827,4549.956258386,0,0,259308.500,2296,96,0,126397.1294437
126600,-24078704.39231,5002683.839385,16494961.02197,0,0,0,-1.033884941653,-0.4998843080528,32525972.40263,30840271.9219931,162066634.4558,0.005622919597595,0,0,0,8.40666035385,1.16466783442e-81,0,2.492724835411,-0.4994859573506,-13.70565245529,-0.5310508265902,1.340098339871,-12.56221583556,-23908.90636166,4549.713604152,0,0,259308.600,2296,96,0,126497.127926
126700,-24078864.21947,5002641.730395,16494740.51815,0,0,0,-1.033921974082,-0.4999438590737,32526427.36095,30840726.8801717,162069025.2827,0.005622919596321,0,0,0,8.406135824728,1.164468504199e-81,0,2.492706864802,-0.4995454076529,-13.70635187224,-0.5309960592596,1.340105980519,-12.56267812176,-23907.63117569,4549.47094433,0,0,259308.700,2296,96,0,126597.1264084
126800,-24079024.04483,5002599.623235,16494520.0118,0,0,0,-1.033959014682,-0.50000340813,32526882.29501,30841181.8140823,162071415.9821,0.005622919595047,0,0,0,8.405611236358,1.164269174372e-81,0,2.492688891307,-0.4996048560986,-13.70705126736,-0.5309412708372,1.340113621734,-12.56314035132,-23906.35582331,4549.228252843,0,0,259308.800,2296,96,0,126697.1248909
126900,-24079183.86839,5002557.517904,16494299.50292,0,0,0,-1.033996063456,-0.5000629552215,32527337.20479,30841636.723723,162073806.5539,0.005622919593773,0,0,0,8.40508658876,1.164069844957e-81,0,2.492670914536,-0.499664302463,-13.70775063799,-0.5308865069453,1.340121263516,-12.5636025216,-23905.08043179,4548.985553905,0,0,259308.900,2296,96,0,126797.1233735
127000,-24079343.69015,5002515.414402,16494078.9915,0,0,0,-1.034033120404,-0.5001225003483,32527792.0903,30842091.6088725,162076196.9993,0.0056229195925,0,0,0,8.404342568869,1.163870515974e-81,0,2.492652936489,-0.4997237469546,-13.70844998658,-0.5308317215939,1.340128905865,-12.56406463505,-23904.38115804,4548.852486536,0,0,259309.000,2296,96,0,126897.1218562
127100,-24079503.51011,5002473.312728,16493858.47756,0,0,0,-1.034070185527,-0.5001820435102,32528246.95154,30842546.4699677,162078587.316,0.005622919591226,0,0,0,8.403817809535,1.16367118744e-81,0,2.492634951906,-0.4997831895961,-13.70914931341,-0.5307769161772,1.340136548781,-12.56452669195,-23902.52925721,4548.500081524,0,0,259309.100,2296,96,0,126997.1203389
127200,-24079663.32826,5002431.212884,16493637.96108,0,0,0,-1.034107258826,-0.5002415847071,32528701.7885,30843001.3067873,162080977.5051,0.005622919589952,0,0,0,8.403292991047,1.163471859375e-81,0,2.492616965886,-0.4998426301242,-13.70984861538,-0.5307221351702,1.340144192264,-12.5649886892,-23901.25352309,4548.257317394,0,0,259309.200,2296,96,0,127097.1188218
127300,-24079823.14462,5002389.114869,16493417.44206,0,0,0,-1.034144340302,-0.500301123939,32529156.60119,30843456.1193294,162083367.5667,0.005622919588678,0,0,0,8.402768113424,1.163272531796e-81,0,2.492598977014,-0.4999020684643,-13.7105478916,-0.5306673512613,1.340151836313,-12.56545062593,-23899.97770088,4548.0145365,0,0,259309.300,2296,96,0,127197.1173047
127400,-24079982.95917,5002347.018682,16493196.92052,0,0,0,-1.034181429955,-0.5003606612058,32529611.38959,30843910.907592,162085757.5007,0.005622919587404,0,0,0,8.402243176689,1.163073204722e-81,0,2.492580984505,-0.499961505164,-13.71124714853,-0.530612554084,1.340159480929,-12.5659125086,-23898.70170248,4547.771722078,0,0,259309.400,2296,96,0,127297.1157877
127500,-24080142.77192,5002304.924325,16492976.39644,0,0,0,-1.034218527787,-0.5004201965074,32530066.15372,30844365.6715734,162088147.307,0.005622919586131,0,0,0,8.401718180862,1.162873878172e-81,0,2.492562989211,-0.5000209396748,-13.7119463797,-0.5305577526374,1.340167126112,-12.56637433074,-23897.4256943,4547.528905794,0,0,259309.500,2296,96,0,127397.1142707
127600,-24080302.58287,5002262.831796,16492755.86983,0,0,0,-1.034255633799,-0.5004797298437,32530520.89356,30844820.4112715,162090536.9858,0.005622919584857,0,0,0,8.401193125966,1.162674552165e-81,0,2.492544992601,-0.5000803725157,-13.71264559123,-0.5305029329253,1.34017477186,-12.56683609849,-23896.14953929,4547.28606157,0,0,259309.600,2296,96,0,127497.1127539
127700,-24080462.39202,5002220.741096,16492535.34069,0,0,0,-1.034292747992,-0.5005392612146,32530975.60912,30845275.1266844,162092926.5369,0.005622919583583,0,0,0,8.400668012021,1.162475226718e-81,0,2.492526989753,-0.5001398031455,-13.71334477674,-0.5304481365163,1.340182418175,-12.56729780546,-23894.87327661,4547.043196857,0,0,259309.700,2296,96,0,127597.1112371
127800,-24080622.19936,5002178.652225,16492314.80902,0,0,0,-1.034329870366,-0.50059879062,32531430.30038,30845729.8178103,162095315.9604,0.005622919582309,0,0,0,8.40014283905,1.162275901851e-81,0,2.492508985195,-0.500199231633,-13.71404393706,-0.5303933378348,1.340190065056,-12.56775945248,-23893.59688668,4546.80030793,0,0,259309.800,2296,96,0,127697.1097204
127900,-24080782.00491,5002136.565183,16492094.27482,0,0,0,-1.034367000923,-0.50065831806,32531884.96736,30846184.4846473,162097705.2563,0.005622919581035,0,0,0,8.399617607072,1.162076577581e-81,0,2.492490977368,-0.5002586586344,-13.71474307988,-0.5303385258468,1.340197712502,-12.56822104728,-23892.3204576,4546.557411551,0,0,259309.900,2296,96,0,127797.1082038
128000,-24080941.80865,5002094.47997,16491873.73808,0,0,0,-1.034404139664,-0.5007178435343,32532339.61005,30846639.1269741,162100094.4257,0.005622919579762,0,0,0,8.398873049398,1.161877253928e-81,0,2.492472966616,-0.500318083308,-13.71544219532,-0.5302837095188,1.340205360515,-12.56868257995,-23891.62011693,4546.424141154,0,0,259310.000,2296,96,0,127897.1066873
128100,-24081101.61059,5002052.396585,16491653.19881,0,0,0,-1.034441286588,-0.5007773670429,32532794.22845,30847093.7452275,162102483.4663,0.005622919578488,0,0,0,8.398347706209,1.161677930909e-81,0,2.49245495486,-0.5003775060847,-13.71614128845,-0.530228875358,1.340213009093,-12.56914405558,-23889.76738409,4546.071577817,0,0,259310.100,2296,96,0,127997.1051709
128200,-24081261.41072,5002010.315029,16491432.65701,0,0,0,-1.034478441699,-0.5008368885857,32533248.82255,30847548.3391862,162104872.3792,0.005622919577214,0,0,0,8.397822304086,1.161478608544e-81,0,2.492436936326,-0.5004369267844,-13.71684035714,-0.5301740661782,1.340220658236,-12.56960547204,-23888.49057327,4545.828608796,0,0,259310.200,2296,96,0,128097.1036545
128300,-24081421.20906,5001968.235302,16491212.11268,0,0,0,-1.034515604995,-0.5008964081626,32533703.39236,30848002.9088484,162107261.1644,0.00562291957594,0,0,0,8.397296843051,1.161279286851e-81,0,2.492418916496,-0.5004963455731,-13.71753940335,-0.5301192513667,1.340228307945,-12.57006683131,-23887.2137135,4545.585630462,0,0,259310.300,2296,96,0,128197.1021382
128400,-24081581.00559,5001926.157403,16490991.56581,0,0,0,-1.03455277648,-0.5009559257736,32534157.93787,30848457.4542121,162109649.8219,0.005622919574667,0,0,0,8.396771323126,1.161079965848e-81,0,2.492400893589,-0.5005557621963,-13.71823842408,-0.5300644255456,1.340235958219,-12.57052813038,-23885.93685374,4545.342652127,0,0,259310.400,2296,96,0,128297.100622
128500,-24081740.80033,5001884.081333,16490771.01642,0,0,0,-1.034589956152,-0.5010154414186,32534612.45907,30848911.9752754,162112038.3518,0.005622919573393,0,0,0,8.39624574433,1.160880645554e-81,0,2.492382867318,-0.5006151773061,-13.71893742701,-0.5300095930871,1.340243609059,-12.57098937693,-23884.65985693,4545.099647716,0,0,259310.500,2296,96,0,128397.0991059
128600,-24081900.59326,5001842.007092,16490550.46449,0,0,0,-1.034627144014,-0.5010749550974,32535066.95598,30849366.4720365,162114426.7539,0.005622919572119,0,0,0,8.395720106687,1.160681325987e-81,0,2.492364838058,-0.5006745902885,-13.7196364049,-0.5299547445426,1.340251260463,-12.57145056376,-23883.38276225,4544.856624678,0,0,259310.600,2296,96,0,128497.0975899
128700,-24082060.38438,5001799.93468,16490329.91003,0,0,0,-1.034664340065,-0.50113446681,32535521.42858,30849820.9444933,162116815.0283,0.005622919570845,0,0,0,8.395194410217,1.160482007166e-81,0,2.492346807487,-0.500734001147,-13.72033535782,-0.5298999195061,1.340258912432,-12.5719116909,-23882.10549138,4544.613568112,0,0,259310.700,2296,96,0,128597.0960739
128800,-24082220.17371,5001757.864096,16490109.35304,0,0,0,-1.034701544308,-0.5011939765563,32535975.87687,30850275.3926442,162119203.175,0.005622919569571,0,0,0,8.394668654942,1.160282689109e-81,0,2.4923287702,-0.5007934104366,-13.72103429227,-0.5298450897238,1.340266564967,-12.57237276488,-23880.8281422,4544.370496646,0,0,259310.800,2296,96,0,128697.094558
128900,-24082379.96123,5001715.79534,16489888.79351,0,0,0,-1.034738756744,-0.5012534843363,32536430.30086,30850729.816487,162121591.1939,0.005622919568298,0,0,0,8.394142840883,1.160083371834e-81,0,2.492310731642,-0.5008528173013,-13.72173319819,-0.5297902484737,1.340274218065,-12.57283377566,-23879.55063641,4544.127395377,0,0,259310.900,2296,96,0,128797.0930422
129000,-24082539.74695,5001673.728413,16489668.23146,0,0,0,-1.034775977372,-0.5013129901498,32536884.70054,30851184.2158008,162123979.0862,0.005622919567024,0,0,0,8.393397748554,1.15988405536e-81,0,2.492292689702,-0.5009122222463,-13.72243208153,-0.5297353869122,1.340281871729,-12.57329472916,-23878.84917009,4543.993910775,0,0,259311.000,2296,96,0,128897.0915265
129100,-24082699.53087,5001631.663315,16489447.66687,0,0,0,-1.034813206194,-0.5013724939967,32537339.0759,30851638.5910219,162126366.8497,0.00562291956575,0,0,0,8.392871823809,1.159684739707e-81,0,2.492274645068,-0.5009716254171,-13.723130944,-0.5296805401377,1.340289525956,-12.57375562712,-23876.99544864,4543.641159311,0,0,259311.100,2296,96,0,128997.0900109
129200,-24082859.31299,5001589.600045,16489227.09975,0,0,0,-1.034850443212,-0.501431995877,32537793.42695,30852092.9419295,162128754.4853,0.005622919564476,0,0,0,8.392345840351,1.159485424891e-81,0,2.492256597303,-0.5010310264199,-13.72382978096,-0.5296256991795,1.340297180748,-12.5742164649,-23875.71774708,4543.398020789,0,0,259311.200,2296,96,0,129097.0884953
129300,-24083019.0933,5001547.538604,16489006.5301,0,0,0,-1.034887688425,-0.5014914957906,32538247.75369,30852547.2685214,162131141.9932,0.005622919563202,0,0,0,8.391819798204,1.159286110931e-81,0,2.492238548115,-0.5010904257221,-13.72452859792,-0.5295708556468,1.340304836105,-12.57467724802,-23874.43992806,4543.154859915,0,0,259311.300,2296,96,0,129197.0869799
129400,-24083178.87182,5001505.478991,16488785.95792,0,0,0,-1.034924941835,-0.5015509937374,32538702.05611,30853001.5707958,162133529.3733,0.005622919561929,0,0,0,8.391293697388,1.159086797846e-81,0,2.492220492586,-0.5011498227208,-13.72522738777,-0.5295160009854,1.340312492025,-12.57513796937,-23873.16196223,4542.911671102,0,0,259311.400,2296,96,0,129297.0854645
129500,-24083338.64852,5001463.421207,16488565.38321,0,0,0,-1.034962203443,-0.5016104897173,32539156.33421,30853455.8487509,162135916.6256,0.005622919560655,0,0,0,8.390767537924,1.158887485654e-81,0,2.492202435374,-0.5012092176088,-13.72592615279,-0.5294611221503,1.340320148509,-12.57559863123,-23871.88386914,4542.668458074,0,0,259311.500,2296,96,0,129397.0839492
129600,-24083498.42343,5001421.365251,16488344.80596,0,0,0,-1.03499947325,-0.5016699837303,32539610.58799,30853910.1023847,162138303.7501,0.005622919559381,0,0,0,8.390241319834,1.158688174374e-81,0,2.492184375044,-0.5012686109359,-13.72662489945,-0.5294062612178,1.340327805557,-12.57605924009,-23870.60580542,4542.425250635,0,0,259311.600,2296,96,0,129497.0824339
129700,-24083658.19654,5001379.311123,16488124.22619,0,0,0,-1.035036751257,-0.5017294757762,32540064.81744,30854364.3316952,162140690.7468,0.005622919558107,0,0,0,8.38971504314,1.158488864024e-81,0,2.492166311841,-0.50132800233,-13.72732362337,-0.529351406097,1.340335463169,-12.57651979156,-23869.3275655,4542.182009667,0,0,259311.700,2296,96,0,129597.0809188
129800,-24083817.96784,5001337.258824,16487903.64388,0,0,0,-1.035074037464,-0.5017889658549,32540519.02257,30854818.5366807,162143077.6156,0.005622919556834,0,0,0,8.389188707863,1.158289554622e-81,0,2.492148247476,-0.5013873914482,-13.72802232051,-0.5292965467966,1.340343121344,-12.57698028162,-23868.04925708,4541.938755661,0,0,259311.800,2296,96,0,129697.0794037
129900,-24083977.73734,5001295.208353,16487683.05904,0,0,0,-1.035111331873,-0.5018484539665,32540973.20337,30855272.7173393,162145464.3566,0.00562291955556,0,0,0,8.388662314024,1.158090246187e-81,0,2.492130176074,-0.5014467788989,-13.72872099803,-0.5292416771002,1.340350780082,-12.57744071743,-23866.77076267,4541.695466265,0,0,259311.900,2296,96,0,129797.0778887
130000,-24084137.50503,5001253.159711,16487462.47167,0,0,0,-1.035148634485,-0.5019079401107,32541427.35985,30855726.8734497,162147850.9709,0.005622919554286,0,0,0,8.387916690174,1.157890938737e-81,0,2.492112103792,-0.5015061639001,-13.72941964674,-0.5291867708943,1.340358439384,-12.57790108979,-23866.0680924,4541.561752558,0,0,259312.000,2296,112,0,129897.0763738
130100,-24084297.27093,5001211.112897,16487241.88177,0,0,0,-1.035185945301,-0.5019674242876,32541881.49199,30856181.0054486,162150237.4562,0.005622919553012,0,0,0,8.387390186174,1.157691632291e-81,0,2.492094027769,-0.5015655475078,-13.73011827905,-0.5291319087205,1.34036609925,-12.57836141115,-23864.21366619,4541.208866984,0,0,259312.100,2296,112,0,129997.074859
130200,-24084457.03502,5001169.067911,16487021.28934,0,0,0,-1.035223264321,-0.502026906497,32542335.5998,30856635.1131148,162152623.8136,0.005622919551738,0,0,0,8.386863623684,1.157492326867e-81,0,2.492075949321,-0.5016249287453,-13.73081688348,-0.5290770397563,1.340373759678,-12.57882167,-23862.93491729,4540.965529159,0,0,259312.200,2296,112,0,130097.0733443
130300,-24084616.7973,5001127.024753,16486800.69438,0,0,0,-1.035260591546,-0.5020863867388,32542789.68328,30857089.1964464,162155010.0432,0.005622919550465,0,0,0,8.386337002727,1.157293022483e-81,0,2.492057867293,-0.5016843078487,-13.7315154628,-0.5290221650437,1.340381420669,-12.57928186914,-23861.65609008,4540.722176433,0,0,259312.300,2296,112,0,130197.0718296
130400,-24084776.55779,5001084.983424,16486580.09688,0,0,0,-1.035297926978,-0.502145865013,32543243.74242,30857543.2554415,162157396.1448,0.005622919549191,0,0,0,8.385810323323,1.157093719157e-81,0,2.492039783992,-0.5017436856143,-13.73221402638,-0.5289672793035,1.340389082223,-12.57974201793,-23860.37722372,4540.478816256,0,0,259312.400,2296,112,0,130297.070315
130500,-24084936.31647,5001042.943923,16486359.49686,0,0,0,-1.035335270618,-0.5022053413195,32543697.77722,30857997.2900983,162159782.1186,0.005622919547917,0,0,0,8.385283585495,1.156894416909e-81,0,2.492021694354,-0.5018030608812,-13.73291256057,-0.5289123742241,1.34039674434,-12.58020210274,-23859.09818117,4540.235422552,0,0,259312.500,2296,112,0,130397.0688005
130600,-24085096.07335,5001000.90625,16486138.8943,0,0,0,-1.035372622466,-0.5022648156582,32544151.78768,30858451.3004148,162162167.9645,0.005622919546643,0,0,0,8.384756789262,1.156695115756e-81,0,2.492003603004,-0.5018624345149,-13.73361107554,-0.5288574820892,1.340404407019,-12.58066213373,-23857.81896243,4539.99199532,0,0,259312.600,2296,112,0,130497.0672861
130700,-24085255.82843,5000958.870405,16485918.28921,0,0,0,-1.035409982523,-0.502324288029,32544605.7738,30858905.2863891,162164553.6824,0.005622919545369,0,0,0,8.384229934648,1.156495815717e-81,0,2.491985508355,-0.5019218061518,-13.73430956702,-0.5288025975849,1.34041207026,-12.58112210665,-23856.53970454,4539.748560637,0,0,259312.700,2296,112,0,130597.0657718
130800,-24085415.5817,5000916.836388,16485697.68159,0,0,0,-1.035447350791,-0.5023837584318,32545059.73558,30859359.2480193,162166939.2724,0.005622919544096,0,0,0,8.383703021673,1.15629651681e-81,0,2.491967411095,-0.5019811754152,-13.73500803057,-0.5287477085577,1.340419734065,-12.58162020598,-23855.26033898,4539.505105466,0,0,259312.800,2296,112,0,130697.0642575
130900,-24085575.33317,5000874.8042,16485477.07144,0,0,0,-1.03548472727,-0.5024432268665,32545513.67301,30859813.1853036,162169324.7345,0.005622919542822,0,0,0,8.383176050359,1.156097219053e-81,0,2.491949310715,-0.5020405429348,-13.73570647362,-0.5286928099341,1.340427398431,-12.58212267505,-23853.98094405,4539.261644706,0,0,259312.900,2296,112,0,130797.0627434
131000,-24085735.08284,5000832.77384,16485256.45876,0,0,0,-1.035522111962,-0.5025026933331,32545967.58609,30860267.0980209,162171710.0697,0.005622919541548,0,0,0,8.382429898126,1.155897922465e-81,0,2.491931208967,-0.5020999085933,-13.73640489476,-0.5286378888025,1.340435063359,-12.58262509077,-23853.27723622,4539.127733558,0,0,259313.000,2296,112,0,130897.0612293
131100,-24085894.8307,5000790.745307,16485035.84355,0,0,0,-1.035559504866,-0.5025621578314,32546421.47482,30860720.9866075,162174095.2759,0.005622919540274,0,0,0,8.381902817177,1.155698627064e-81,0,2.491913100361,-0.5021592720665,-13.7371032902,-0.5285829829447,1.340442728849,-12.58312744934,-23851.42174309,4538.774644956,0,0,259313.100,2296,112,0,130997.0597153
131200,-24086054.57676,5000748.718603,16484815.22581,0,0,0,-1.035596905985,-0.5026216203615,32546875.3392,30861174.8508425,162176480.3541,0.005622919539001,0,0,0,8.381375677962,1.155499332869e-81,0,2.491894990833,-0.5022186333882,-13.73780166032,-0.5285280831197,1.340450394901,-12.58362975117,-23850.14199579,4538.531117141,0,0,259313.200,2296,112,0,131097.0582013
131300,-24086214.32102,5000706.693727,16484594.60553,0,0,0,-1.035634315319,-0.5026810809231,32547329.17923,30861628.690724,162178865.3043,0.005622919537727,0,0,0,8.380848480501,1.155300039897e-81,0,2.491876877668,-0.5022779931078,-13.73850001159,-0.5284731792576,1.340458061515,-12.58413200272,-23848.86218976,4538.287578151,0,0,259313.300,2296,112,0,131197.0566875
131400,-24086374.06347,5000664.670679,16484373.98273,0,0,0,-1.035671732869,-0.5027405395163,32547782.9949,30862082.5062499,162181250.1265,0.005622919536453,0,0,0,8.380321224816,1.155100748167e-81,0,2.491858761975,-0.5023373508355,-13.73919833944,-0.5284182457003,1.340465728691,-12.58463419941,-23847.58226626,4538.044016808,0,0,259313.400,2296,112,0,131297.0551737
131500,-24086533.80412,5000622.649459,16484153.35739,0,0,0,-1.035709158636,-0.5027999961409,32548236.78621,30862536.2974185,162183634.8208,0.005622919535179,0,0,0,8.379793910929,1.154901457698e-81,0,2.491840644689,-0.502396706624,-13.73989664446,-0.528363326852,1.340473396427,-12.58513634187,-23846.30228404,4537.80044429,0,0,259313.500,2296,112,0,131397.05366
131600,-24086693.54297,5000580.630067,16483932.72952,0,0,0,-1.035746592621,-0.5028594507968,32548690.55317,30862990.0642279,162186019.387,0.005622919533905,0,0,0,8.379266538861,1.154702168507e-81,0,2.491822520741,-0.5024560603936,-13.74059492574,-0.5283084071337,1.340481064726,-12.58563842916,-23845.02213542,4537.556840107,0,0,259313.600,2296,112,0,131497.0521464
131700,-24086853.28002,5000538.612503,16483712.09913,0,0,0,-1.035784034826,-0.502918903484,32549144.29576,30863443.8066762,162188403.8252,0.005622919532632,0,0,0,8.378739108634,1.154502880613e-81,0,2.491804395411,-0.5025154120961,-13.74129318269,-0.5282534926129,1.340488733585,-12.58614046072,-23843.74187912,4537.313215435,0,0,259313.700,2296,112,0,131597.0506329
131800,-24087013.01526,5000496.596767,16483491.4662,0,0,0,-1.03582148525,-0.5029783542023,32549598.01399,30863897.5247614,162190788.1354,0.005622919531358,0,0,0,8.378211620269,1.154303594034e-81,0,2.491786267064,-0.5025747616302,-13.74199141414,-0.5281985753175,1.340496403006,-12.58664243536,-23842.46158368,4537.069583312,0,0,259313.800,2296,112,0,131697.0491195
131900,-24087172.74869,5000454.582858,16483270.83074,0,0,0,-1.035858943895,-0.5030378029518,32550051.70786,30864351.2184817,162193172.3175,0.005622919530084,0,0,0,8.377684073787,1.154104308789e-81,0,2.49176813547,-0.5026341095629,-13.74268962675,-0.5281436286468,1.340504072987,-12.58714435977,-23841.18117077,4536.825928837,0,0,259313.900,2296,112,0,131797.0476061
132000,-24087332.48033,5000412.570778,16483050.19275,0,0,0,-1.035896410762,-0.5030972497323,32550505.37736,30864804.8876161,162195556.3727,0.00562291952881,0,0,0,8.376937396315,1.153905024895e-81,0,2.49175000088,-0.5026934552479,-13.74338781291,-0.5280886955563,1.340511743529,-12.58764622633,-23840.47630792,4536.691797897,0,0,259314.000,2296,112,0,131897.0460928
132100,-24087492.21016,5000370.560525,16482829.55223,0,0,0,-1.035933885852,-0.5031566945436,32550959.02249,30865258.5326009,162197940.2988,0.005622919527536,0,0,0,8.376409740726,1.153705742371e-81,0,2.491731864908,-0.5027527991745,-13.74408597838,-0.5280337577244,1.340519414632,-12.58814804082,-23838.62007089,4536.338567734,0,0,259314.100,2296,112,0,131997.0445796
132200,-24087651.93818,5000328.552101,16482608.90918,0,0,0,-1.035971369166,-0.5032161373859,32551412.64325,30865712.153215,162200324.0967,0.005622919526263,0,0,0,8.375882027093,1.153506461236e-81,0,2.491713722281,-0.5028121410591,-13.74478411983,-0.5279788303663,1.340527086296,-12.5886497999,-23837.33928603,4536.094842479,0,0,259314.200,2296,112,0,132097.0430665
132300,-24087811.66441,5000286.545504,16482388.2636,0,0,0,-1.036008860705,-0.5032755782588,32551866.23964,30866165.7494567,162202707.7666,0.005622919524989,0,0,0,8.375354255438,1.153307181507e-81,0,2.491695578322,-0.502871480998,-13.7454822384,-0.527923896134,1.34053475852,-12.5891515047,-23836.05842286,4535.851102322,0,0,259314.300,2296,112,0,132197.0415535
132400,-24087971.38883,5000244.540735,16482167.61549,0,0,0,-1.036046360469,-0.5033350171625,32552319.81165,30866619.3213239,162205091.3084,0.005622919523715,0,0,0,8.374826425782,1.153107903203e-81,0,2.491677431182,-0.5029308187378,-13.74618033108,-0.5278689325064,1.340542431305,-12.58965315226,-23834.77745202,4535.607341677,0,0,259314.400,2296,112,0,132297.0400405
132500,-24088131.11144,5000202.537794,16481946.96485,0,0,0,-1.036083868461,-0.5033944540967,32552773.35929,30867072.8688148,162207474.7221,0.005622919522441,0,0,0,8.374298538147,1.152908626342e-81,0,2.491659281095,-0.5029901545597,-13.74687840121,-0.5278139857214,1.34055010465,-12.59015474588,-23833.49652034,4535.363588482,0,0,259314.500,2296,112,0,132397.0385277
132600,-24088290.83225,5000160.53668,16481726.31168,0,0,0,-1.03612138468,-0.5034538890614,32553226.88254,30867526.3919276,162209858.0077,0.005622919521168,0,0,0,8.373770592554,1.152709350942e-81,0,2.491641129256,-0.5030494888556,-13.74757645338,-0.5277590361443,1.340557778554,-12.59065629019,-23832.21537331,4535.119794309,0,0,259314.600,2296,112,0,132497.0370149
132700,-24088450.55126,5000118.537395,16481505.65597,0,0,0,-1.036158909127,-0.5035133220565,32553680.38142,30867979.8906602,162212241.1652,0.005622919519894,0,0,0,8.373242589025,1.152510077022e-81,0,2.4916229717,-0.5031088205861,-13.74827447537,-0.5277040911309,1.340565453019,-12.59115777295,-23830.93407946,4534.875972196,0,0,259314.700,2296,112,0,132597.0355022
132800,-24088610.26846,5000076.539937,16481284.99774,0,0,0,-1.036196441804,-0.503572753082,32554133.85592,30868433.365011,162214624.1945,0.00562291951862,0,0,0,8.372714527581,1.152310804599e-81,0,2.491604811831,-0.503168150802,-13.74897247955,-0.5276491432672,1.340573128044,-12.59165920654,-23829.65270731,4534.632135183,0,0,259314.800,2296,112,0,132697.0339895
132900,-24088769.98386,5000034.544306,16481064.33698,0,0,0,-1.036233982712,-0.5036321821377,32554587.30603,30868886.8149778,162217007.0957,0.005622919517346,0,0,0,8.372186408243,1.152111533692e-81,0,2.491586649333,-0.5032274785301,-13.74967045445,-0.5275941663631,1.340580803629,-12.5921605795,-23828.371296,4534.388290718,0,0,259314.900,2296,112,0,132797.032477
133000,-24088929.69746,4999992.550504,16480843.67368,0,0,0,-1.036271531852,-0.5036916092235,32555040.73176,30869340.2403398,162219389.8699,0.005622919516072,0,0,0,8.371439208679,1.15191226432e-81,0,2.491568483523,-0.5032868048292,-13.75036841254,-0.5275392036873,1.340588479773,-12.59266190431,-23827.66534665,4534.253953025,0,0,259315.000,2296,112,0,132897.0309645
133100,-24089089.40925,4999950.558529,16480623.00786,0,0,0,-1.036309089224,-0.5037510343394,32555494.1331,30869793.6415333,162221772.5148,0.005622919514799,0,0,0,8.370910980763,1.151712996499e-81,0,2.491550315108,-0.5033461288907,-13.75106634431,-0.5274842380586,1.340596156476,-12.59316317146,-23825.80819931,4533.900549635,0,0,259315.100,2296,112,0,132997.0294522
133200,-24089249.11924,4999908.568381,16480402.3395,0,0,0,-1.036346654829,-0.5038104574853,32555947.51005,30870247.0183371,162224155.0316,0.005622919513525,0,0,0,8.370382695025,1.15151373025e-81,0,2.491532145035,-0.5034054507109,-13.75176424971,-0.5274292790827,1.340603833739,-12.59366438089,-23824.52649435,4533.656649292,0,0,259315.200,2296,112,0,133097.0279398
133300,-24089408.82742,4999866.580062,16480181.66862,0,0,0,-1.036384228669,-0.5038698786611,32556400.86261,30870700.3707496,162226537.4201,0.005622919512251,0,0,0,8.369854351489,1.151314465589e-81,0,2.491513968118,-0.5034647708511,-13.75246213534,-0.5273743163082,1.340611511561,-12.59416553924,-23823.24462299,4533.412717283,0,0,259315.300,2296,112,0,133197.0264276
133400,-24089568.5338,4999824.593569,16479960.9952,0,0,0,-1.036421810745,-0.5039292978668,32556854.19077,30871153.6987687,162228919.6805,0.005622919510977,0,0,0,8.369325950175,1.151115202534e-81,0,2.491495789955,-0.5035240892769,-13.75316000081,-0.5273193255179,1.340619189943,-12.59466664608,-23821.96281036,4533.16879645,0,0,259315.400,2296,112,0,133297.0249155
133500,-24089728.23838,4999782.608905,16479740.31926,0,0,0,-1.036459401056,-0.5039887151021,32557307.49455,30871607.0023926,162231301.8127,0.005622919509703,0,0,0,8.368797491104,1.150915941105e-81,0,2.491477608642,-0.5035834054386,-13.75385783964,-0.5272643470584,1.340626868883,-12.59516769497,-23820.68076282,4532.924830914,0,0,259315.500,2296,112,0,133397.0234034
133600,-24089887.94115,4999740.626068,16479519.64079,0,0,0,-1.036496999606,-0.5040481303671,32557760.77392,30872060.2816194,162233683.8167,0.00562291950843,0,0,0,8.3682689743,1.15071668132e-81,0,2.491459424617,-0.5036427193855,-13.75455565241,-0.5272093667257,1.340634548382,-12.59566868648,-23819.39865654,4532.680854201,0,0,259315.600,2296,112,0,133497.0218915
133700,-24090047.64212,4999698.645058,16479298.95978,0,0,0,-1.036534606393,-0.5041075436617,32558214.02889,30872513.5364472,162236065.6924,0.005622919507156,0,0,0,8.367740399782,1.150517423196e-81,0,2.491441236954,-0.5037020317914,-13.75525344705,-0.5271543945253,1.34064222844,-12.59616962855,-23818.11648175,4532.436864451,0,0,259315.700,2296,112,0,133597.0203796
133800,-24090207.34128,4999656.665876,16479078.27625,0,0,0,-1.03657222142,-0.5041669549857,32558667.25947,30872966.7668741,162238447.4399,0.005622919505882,0,0,0,8.367211767574,1.150318166751e-81,0,2.491423048201,-0.5037613419445,-13.75595121519,-0.5270993979329,1.340649909057,-12.59667051281,-23816.83409161,4532.192833722,0,0,259315.800,2296,112,0,133697.0188677
133900,-24090367.03864,4999614.688522,16478857.59018,0,0,0,-1.036609844688,-0.5042263643391,32559120.46564,30873419.9728983,162240829.0592,0.005622919504608,0,0,0,8.366683077695,1.150118912004e-81,0,2.491404852737,-0.5038206503143,-13.75664896235,-0.5270444075702,1.340657590232,-12.59717134479,-23815.55169169,4531.94880113,0,0,259315.900,2296,112,0,133797.017356
134000,-24090526.73419,4999572.712995,16478636.90159,0,0,0,-1.036647476196,-0.5042857717218,32559573.6474,30873873.1542987,162243210.5514,0.005622919503335,0,0,0,8.365935359192,1.149919658974e-81,0,2.491386656071,-0.50387995637,-13.75734668228,-0.5269894165851,1.340665271966,-12.59767211824,-23814.84453838,4531.814234331,0,0,259316.000,2296,112,0,133897.0158444
134100,-24090686.42794,4999530.739295,16478416.21046,0,0,0,-1.036685115947,-0.5043451771337,32560026.80476,30874326.3115116,162245591.9142,0.005622919502061,0,0,0,8.365406561263,1.149720407677e-81,0,2.491368455541,-0.5039392611233,-13.75804438689,-0.5269344200154,1.340672954258,-12.59817284508,-23812.98650031,4531.460661441,0,0,259316.100,2296,112,0,133997.0143328
134200,-24090846.11989,4999488.767423,16478195.51681,0,0,0,-1.036722763941,-0.5044045805748,32560479.93772,30874779.4443161,162247973.1487,0.005622919500787,0,0,0,8.364877705736,1.149521158132e-81,0,2.491350252655,-0.5039985632754,-13.7587420609,-0.5268794326114,1.340680637107,-12.59867351003,-23811.70375779,4531.216563657,0,0,259316.200,2296,112,0,134097.0128213
134300,-24091005.81003,4999446.797378,16477974.82062,0,0,0,-1.036760420179,-0.5044639820449,32560933.04626,30875232.5527102,162250354.255,0.005622919499513,0,0,0,8.364348792634,1.149321910359e-81,0,2.491332048309,-0.5040578634317,-13.75943971143,-0.5268244230274,1.340688320515,-12.59917412022,-23810.42097613,4530.972458422,0,0,259316.300,2296,112,0,134197.0113099
134400,-24091165.49836,4999404.82916,16477754.12191,0,0,0,-1.036798084663,-0.504523381544,32561386.13039,30875685.636692,162252735.2329,0.005622919498239,0,0,0,8.363819821978,1.149122664373e-81,0,2.491313837784,-0.5041171619463,-13.76013734265,-0.5267694183308,1.340696004481,-12.59967467982,-23809.13801827,4530.72831966,0,0,259316.400,2296,112,0,134297.0097986
134500,-24091325.18489,4999362.86277,16477533.42066,0,0,0,-1.036835757392,-0.5045827790719,32561839.1901,30876138.6962598,162255116.0826,0.005622919496966,0,0,0,8.36329079379,1.148923420195e-81,0,2.491295625163,-0.5041764581677,-13.76083494688,-0.5267144105734,1.340703689005,-12.60017518116,-23807.85503105,4530.48417531,0,0,259316.500,2296,112,0,134397.0082873
134600,-24091484.86962,4999320.898207,16477312.71689,0,0,0,-1.036873438369,-0.5046421746287,32562292.2254,30876591.7314115,162257496.8039,0.005622919495692,0,0,0,8.362761708091,1.148724177841e-81,0,2.491277409445,-0.5042357527088,-13.76153253135,-0.5266594013194,1.340711374086,-12.60067563147,-23806.57188722,4530.240001157,0,0,259316.600,2296,112,0,134497.0067762
134700,-24091644.55254,4999278.935472,16477092.01058,0,0,0,-1.036911127593,-0.5047015682141,32562745.23628,30877044.7421454,162259877.397,0.005622919494418,0,0,0,8.362232564902,1.148524937329e-81,0,2.491259191099,-0.5042950450461,-13.76223008989,-0.5266043987687,1.340719059725,-12.60117602458,-23805.28867487,4529.995813966,0,0,259316.700,2296,112,0,134597.0052651
134800,-24091804.23366,4999236.974563,16476871.30175,0,0,0,-1.036948825067,-0.5047609598281,32563198.22274,30877497.7284595,162262257.8617,0.005622919493144,0,0,0,8.361703364247,1.148325698679e-81,0,2.491240969627,-0.5043543354095,-13.76292762521,-0.5265493715306,1.340726745921,-12.60167636322,-23804.00536463,4529.751608148,0,0,259316.800,2296,112,0,134697.0037541
134900,-24091963.91297,4999195.015482,16476650.59039,0,0,0,-1.036986530791,-0.5048203494707,32563651.18478,30877950.6903518,162264638.198,0.00562291949187,0,0,0,8.361174106145,1.148126461908e-81,0,2.491222746496,-0.5044136240766,-13.76362514057,-0.5264943529158,1.340734432675,-12.60217665065,-23802.72201525,4529.50739488,0,0,259316.900,2296,112,0,134797.0022432
135000,-24092123.59048,4999153.058229,16476429.87649,0,0,0,-1.037024244766,-0.5048797371418,32564104.1224,30878403.6276017,162267018.4072,0.005622919490597,0,0,0,8.360425871861,1.147927227034e-81,0,2.491204516797,-0.504472910564,-13.76432263029,-0.5264393303648,1.340742119986,-12.60267688118,-23802.0137363,4529.372613877,0,0,259317.000,2296,112,0,134897.0007323
135100,-24092283.26618,4999111.102802,16476209.16007,0,0,0,-1.037061966993,-0.5049391228412,32564557.03559,30878856.5406451,162269398.4869,0.005622919489323,0,0,0,8.359896506238,1.147727994076e-81,0,2.491186285901,-0.5045321950836,-13.76502009685,-0.5263843063092,1.340749807853,-12.60317705732,-23800.15493473,4529.018895701,0,0,259317.100,2296,112,0,134996.9992216
135200,-24092442.94008,4999069.149203,16475988.44112,0,0,0,-1.037099697472,-0.5049985065688,32565009.92435,30879309.4292612,162271778.4382,0.005622919488049,0,0,0,8.359367083241,1.147528763051e-81,0,2.491168051616,-0.504591477591,-13.76571753975,-0.5263292876054,1.340757496278,-12.60367717855,-23798.87119382,4528.774607927,0,0,259317.200,2296,112,0,135096.9977109
135300,-24092602.61217,4999027.19743,16475767.71964,0,0,0,-1.037137436206,-0.5050578883247,32565462.78869,30879762.293448,162274158.2611,0.005622919486775,0,0,0,8.358837602893,1.147329533977e-81,0,2.491149814332,-0.5046507582193,-13.76641496054,-0.5262742476335,1.340765185259,-12.60417724644,-23797.58742354,4528.530314565,0,0,259317.300,2296,112,0,135196.9962003
135400,-24092762.28246,4998985.247485,16475546.99563,0,0,0,-1.037175183194,-0.5051172681087,32565915.62859,30880215.1332037,162276537.9557,0.005622919485502,0,0,0,8.358308065214,1.147130306873e-81,0,2.491131573908,-0.5047100369039,-13.76711235846,-0.5262192140892,1.340772874797,-12.60467726023,-23796.30354558,4528.286000714,0,0,259317.400,2296,112,0,135296.9946898
135500,-24092921.95094,4998943.299368,16475326.26909,0,0,0,-1.037212938439,-0.5051766459206,32566368.44406,30880667.9485265,162278917.5218,0.005622919484228,0,0,0,8.357778470228,1.146931081757e-81,0,2.491113332181,-0.5047693132167,-13.76780972847,-0.5261641756017,1.340780564892,-12.6051772149,-23795.01948165,4528.041651472,0,0,259317.500,2296,112,0,135396.9931794
135600,-24093081.61762,4998901.353077,16475105.54002,0,0,0,-1.03725070194,-0.5052360217605,32566821.2351,30881120.7394143,162281296.9596,0.005622919482954,0,0,0,8.357248817954,1.146731858646e-81,0,2.491095083889,-0.5048285879328,-13.76850707971,-0.5261091356065,1.340788255543,-12.60567711956,-23793.73537857,4527.797294781,0,0,259317.600,2296,112,0,135496.991669
135700,-24093241.2825,4998859.408613,16474884.80842,0,0,0,-1.037288473699,-0.5052953956283,32567274.0017,30881573.5058654,162283676.2689,0.00562291948168,0,0,0,8.356719108415,1.146532637559e-81,0,2.491076833985,-0.5048878607467,-13.76920440856,-0.5260540849403,1.340795946751,-12.60617697063,-23792.45116782,4527.5529176,0,0,259317.700,2296,112,0,135596.9901588
135800,-24093400.94556,4998817.465976,16474664.07429,0,0,0,-1.037326253717,-0.5053547675238,32567726.74386,30882026.2478778,162286055.4498,0.005622919480406,0,0,0,8.356189341633,1.146333418514e-81,0,2.491058581003,-0.5049471312869,-13.76990171066,-0.5259990458194,1.340803638514,-12.60667676373,-23791.16682003,4527.308514342,0,0,259317.800,2296,112,0,135696.9886486
135900,-24093560.60683,4998775.525166,16474443.33763,0,0,0,-1.037364041994,-0.505414137447,32568179.46158,30882478.9654497,162288434.5023,0.005622919479133,0,0,0,8.355659517629,1.146134201528e-81,0,2.49104032497,-0.5050064000323,-13.77059899165,-0.5259439973163,1.340811330834,-12.60717650452,-23789.88243309,4527.064103633,0,0,259317.900,2296,112,0,135796.9871385
136000,-24093720.26628,4998733.586184,16474222.59844,0,0,0,-1.037401838533,-0.5054735053978,32568632.15485,30882931.6583602,162290813.4274,0.005622919477859,0,0,0,8.354910770727,1.145934986621e-81,0,2.49102206751,-0.5050656668362,-13.7712962498,-0.5258889470021,1.340819023709,-12.60767619127,-23789.17302848,4526.929108426,0,0,259318.000,2296,112,0,135896.9856284
136100,-24093879.92393,4998691.649028,16474001.85673,0,0,0,-1.037439643333,-0.5055328713761,32569084.82369,30883384.3270453,162293192.223,0.005622919476585,0,0,0,8.354380839732,1.145735773809e-81,0,2.491003803863,-0.5051249315429,-13.77199348327,-0.5258338914229,1.340826717141,-12.60817582216,-23787.31336555,4526.575226337,0,0,259318.100,2296,112,0,135996.9841185
136200,-24094039.57978,4998649.713699,16473781.11248,0,0,0,-1.037477456396,-0.5055922353818,32569537.46807,30883836.9712843,162295570.8901,0.005622919475311,0,0,0,8.353850851587,1.145536563111e-81,0,2.490985538245,-0.505184194395,-13.77269069493,-0.5257788271192,1.340834411128,-12.60867540003,-23786.02851856,4526.330728084,0,0,259318.200,2296,112,0,136096.9826086
136300,-24094199.23382,4998607.780198,16473560.36571,0,0,0,-1.037515277722,-0.5056515974148,32569990.08801,30884289.5910752,162297949.4287,0.005622919474038,0,0,0,8.353320806315,1.145337354546e-81,0,2.490967269761,-0.505243455177,-13.77338788223,-0.5257237730441,1.34084210567,-12.60917492236,-23784.74377924,4526.08625032,0,0,259318.300,2296,112,0,136196.9810989
136400,-24094358.88606,4998565.848523,16473339.6164,0,0,0,-1.037553107313,-0.5057109574751,32570442.6835,30884742.186416,162300327.8389,0.005622919472764,0,0,0,8.352790703938,1.14513814813e-81,0,2.490948998333,-0.5053027139088,-13.77408504541,-0.5256687092017,1.340849800768,-12.6096743894,-23783.45893225,4525.841752067,0,0,259318.400,2296,112,0,136296.9795892
136500,-24094518.53649,4998523.918675,16473118.86457,0,0,0,-1.03759094517,-0.5057703155625,32570895.25454,30885194.7573051,162302706.1205,0.00562291947149,0,0,0,8.352260544476,1.144938943882e-81,0,2.49093072384,-0.5053619706443,-13.7747821851,-0.5256136417126,1.340857496421,-12.61017380177,-23782.17394822,4525.597227737,0,0,259318.500,2296,112,0,136396.9780796
136600,-24094678.18511,4998481.990654,16472898.11021,0,0,0,-1.037628791293,-0.505829671677,32571347.80112,30885647.3037404,162305084.2736,0.005622919470216,0,0,0,8.351730327951,1.144739741821e-81,0,2.490912447638,-0.5054212255889,-13.77547930373,-0.5255585728852,1.34086519263,-12.61067316191,-23780.88889568,4525.352690369,0,0,259318.600,2296,112,0,136496.97657
136700,-24094837.83193,4998440.06446,16472677.35332,0,0,0,-1.037666645684,-0.5058890258185,32571800.32325,30886099.82572,162307462.2983,0.005622919468942,0,0,0,8.351200054386,1.144540541963e-81,0,2.490894164981,-0.5054804785335,-13.77617639882,-0.5255034931338,1.340872889394,-12.61117246735,-23779.60359843,4525.108106434,0,0,259318.700,2296,112,0,136596.9750606
136800,-24094997.47695,4998398.140092,16472456.5939,0,0,0,-1.037704508344,-0.5059483779868,32572252.82092,30886552.3232422,162309840.1944,0.005622919467669,0,0,0,8.350669723801,1.144341344327e-81,0,2.49087588076,-0.5055397294412,-13.77687346996,-0.5254484239302,1.340880586712,-12.61167171767,-23778.3183697,4524.863535538,0,0,259318.800,2296,112,0,136696.9735512
136900,-24095157.12015,4998356.217552,16472235.83195,0,0,0,-1.037742379273,-0.506007728182,32572705.29413,30887004.7963051,162312217.9619,0.005622919466395,0,0,0,8.350139336219,1.144142148932e-81,0,2.490857593751,-0.5055989782191,-13.77757051603,-0.5253933457283,1.340888284585,-12.61217091177,-23777.03301372,4524.618940428,0,0,259318.900,2296,112,0,136796.9720419
137000,-24095316.76156,4998314.296838,16472015.06747,0,0,0,-1.037780258473,-0.5060670764039,32573157.74288,30887457.2446878,162314595.6021,0.005622919465121,0,0,0,8.349390079867,1.143942955794e-81,0,2.490839303304,-0.5056582251925,-13.77826754088,-0.5253382648984,1.340895983014,-12.6126700535,-23776.3224541,4524.483725429,0,0,259319.000,2296,112,0,136896.9705327
137100,-24095476.40115,4998272.377951,16471794.30046,0,0,0,-1.037818145944,-0.5061264226525,32573610.16717,30887909.6688261,162316973.1126,0.005622919463847,0,0,0,8.348859585824,1.143743764932e-81,0,2.490821011679,-0.5057174700345,-13.77896454065,-0.5252831796398,1.340903681996,-12.613169139,-23774.46199832,4524.129692465,0,0,259319.100,2296,112,0,136996.9690236
137200,-24095636.03894,4998230.460891,16471573.53092,0,0,0,-1.037856041687,-0.5061857669276,32574062.56699,30888362.0684995,162319350.4945,0.005622919462573,0,0,0,8.348329034857,1.143544576364e-81,0,2.490802713356,-0.5057767130943,-13.77966151945,-0.5252280840439,1.340911381533,-12.6136681724,-23773.17620187,4523.885013536,0,0,259319.200,2296,112,0,137096.9675145
137300,-24095795.67493,4998188.545657,16471352.75886,0,0,0,-1.037893945704,-0.5062451092292,32574514.94235,30888814.4437059,162321727.7478,0.0056229194613,0,0,0,8.347798426988,1.143345390108e-81,0,2.490784413708,-0.5058359541324,-13.78035847447,-0.5251730007327,1.340919081625,-12.61416715088,-23771.89047393,4523.640347645,0,0,259319.300,2296,112,0,137196.9660056
137400,-24095955.30911,4998146.63225,16471131.98427,0,0,0,-1.037931857996,-0.5063044495571,32574967.29323,30889266.7944435,162324104.8726,0.005622919460026,0,0,0,8.347267762237,1.143146206182e-81,0,2.490766110747,-0.5058951930041,-13.78105540401,-0.5251179068357,1.34092678227,-12.61466607274,-23770.6044915,4523.395633325,0,0,259319.400,2296,112,0,137296.9644967
137500,-24096114.94148,4998104.72067,16470911.20714,0,0,0,-1.037969778563,-0.5063637879114,32575419.61965,30889719.1207105,162326481.8687,0.005622919458752,0,0,0,8.346737040626,1.142947024603e-81,0,2.490747804742,-0.5059544300177,-13.78175231168,-0.5250628099307,1.34093448347,-12.61516494161,-23769.31851886,4523.150920868,0,0,259319.500,2296,112,0,137396.9629879
137600,-24096274.57205,4998062.810917,16470690.42749,0,0,0,-1.038007707406,-0.5064231242919,32575871.92159,30890171.4225049,162328858.7363,0.005622919457478,0,0,0,8.346206262177,1.14274784539e-81,0,2.490729495781,-0.5060136651085,-13.78244919673,-0.5250077109636,1.340942185224,-12.61566375674,-23768.03251685,4522.906202823,0,0,259319.600,2296,112,0,137496.9614792
137700,-24096434.20081,4998020.90299,16470469.64531,0,0,0,-1.038045644527,-0.5064824586984,32576324.19906,30890623.6998248,162331235.4752,0.005622919456205,0,0,0,8.345675426913,1.142548668561e-81,0,2.490711185508,-0.5060728982932,-13.78314605935,-0.5249526002233,1.340949887531,-12.61616251833,-23766.74627014,4522.661438212,0,0,259319.700,2296,112,0,137596.9599706
137800,-24096593.82777,4997978.99689,16470248.8606,0,0,0,-1.038083589926,-0.5065417911311,32576776.45205,30891075.9526684,162333612.0855,0.005622919454931,0,0,0,8.345144534853,1.142349494134e-81,0,2.490692868415,-0.5061321293009,-13.78384289637,-0.5248975022421,1.340957590392,-12.6166612232,-23765.45997449,4522.416664287,0,0,259319.800,2296,112,0,137696.958462
137900,-24096753.45292,4997937.092616,16470028.07337,0,0,0,-1.038121543605,-0.5066011215896,32577228.68057,30891528.1810338,162335988.5672,0.005622919453657,0,0,0,8.344613586021,1.142150322126e-81,0,2.490674549759,-0.5061913583404,-13.78456774712,-0.5248423949221,1.340965293807,-12.6171879107,-23764.17351243,4522.171858698,0,0,259319.900,2296,112,0,137796.9569535
138000,-24096913.07626,4997895.190169,16469807.2836,0,0,0,-1.038159505563,-0.506660450074,32577680.8846,30891980.3847003,162338364.9214,0.005622919452383,0,0,0,8.34386382339,1.141951152555e-81,0,2.49065622806,-0.5062505858157,-13.78530073975,-0.5247872830828,1.340972997775,-12.61772270897,-23763.46184674,4522.03643322,0,0,259320.000,2296,112,0,137896.9554451
138100,-24097072.6978,4997853.289548,16469586.4913,0,0,0,-1.038197475804,-0.5067197765842,32578133.06416,30892432.5641037,162340741.1458,0.005622919451109,0,0,0,8.343332768629,1.14175198544e-81,0,2.490637903511,-0.5063098106123,-13.78603369922,-0.524732150427,1.340980702297,-12.61825744299,-23761.60055896,4521.682241932,0,0,259320.100,2296,112,0,137996.9539368
138200,-24097232.31753,4997811.390754,16469365.69648,0,0,0,-1.038235454326,-0.5067791011201,32578585.21922,30892884.7190231,162343117.2415,0.005622919449836,0,0,0,8.342801657169,1.141552820798e-81,0,2.490619575746,-0.5063690338728,-13.78676663968,-0.5246770434578,1.340988407372,-12.61879212691,-23760.31386198,4521.437391639,0,0,259320.200,2296,112,0,138096.9524286
138300,-24097391.93545,4997769.493787,16469144.89913,0,0,0,-1.038273441132,-0.5068384236816,32579037.34981,30893336.8494569,162345493.2085,0.005622919448562,0,0,0,8.34227048903,1.141353658647e-81,0,2.490601246664,-0.5064282550407,-13.78749955424,-0.5246219277081,1.340996113,-12.61932675385,-23759.02706713,4521.19252272,0,0,259320.300,2296,112,0,138196.9509205
138400,-24097551.55157,4997727.598646,16468924.09925,0,0,0,-1.038311436222,-0.5068977442686,32579489.4559,30893788.9554031,162347869.0469,0.005622919447288,0,0,0,8.341739264235,1.141154499006e-81,0,2.490582910966,-0.5064874741884,-13.7882324438,-0.5245668045149,1.341003819181,-12.6198613247,-23757.7401646,4520.947633311,0,0,259320.400,2296,112,0,138296.9494124
138500,-24097711.16588,4997685.705331,16468703.29684,0,0,0,-1.038349439597,-0.506957062881,32579941.53751,30894241.0368597,162350244.7566,0.005622919446014,0,0,0,8.341207982806,1.140955341891e-81,0,2.490564574016,-0.5065466912289,-13.78896530729,-0.5245116776639,1.341011525914,-12.6203958384,-23756.45328165,4520.702747628,0,0,259320.500,2296,112,0,138396.9479044
138600,-24097870.77839,4997643.813843,16468482.4919,0,0,0,-1.038387451258,-0.5070163795188,32580393.59462,30894693.093825,162352620.3376,0.00562291944474,0,0,0,8.340676644763,1.140756187321e-81,0,2.49054623338,-0.5066059067361,-13.78969815179,-0.5244565316558,1.341019233201,-12.62093030205,-23755.16624209,4520.457832143,0,0,259320.600,2296,112,0,138496.9463965
138700,-24098030.38909,4997601.924181,16468261.68444,0,0,0,-1.038425471207,-0.5070756941818,32580845.62724,30895145.126297,162354995.7898,0.005622919443467,0,0,0,8.340145250129,1.140557035315e-81,0,2.490527890095,-0.506665119888,-13.79043096715,-0.5244014079763,1.34102694104,-12.62146470549,-23753.87903613,4520.212884992,0,0,259320.700,2296,112,0,138596.9448887
138800,-24098189.99798,4997560.036346,16468040.87445,0,0,0,-1.038463499444,-0.50713500687,32581297.63537,30895597.134274,162357371.1133,0.005622919442193,0,0,0,8.339613798926,1.140357885888e-81,0,2.490509544999,-0.5067243312014,-13.79116375976,-0.5243462816994,1.341034649432,-12.62199905511,-23752.5918008,4519.967932254,0,0,259320.800,2296,112,0,138696.943381
138900,-24098349.60507,4997518.150337,16467820.06192,0,0,0,-1.03850153597,-0.5071943175833,32581749.619,30896049.1177538,162359746.3082,0.005622919440919,0,0,0,8.339082291174,1.14015873906e-81,0,2.490491193694,-0.5067835403026,-13.79189652498,-0.5242911259606,1.341042358376,-12.62253334629,-23751.30435013,4519.722938538,0,0,259320.900,2296,112,0,138796.9418733
139000,-24098509.21035,4997476.266154,16467599.24687,0,0,0,-1.038539580786,-0.5072536263216,32582201.57813,30896501.0765162,162362121.3754,0.005622919439645,0,0,0,8.338332025441,1.139959594848e-81,0,2.49047284092,-0.5068427476975,-13.79262926909,-0.5242360005904,1.341050067872,-12.62306758531,-23750.59155879,4519.587298855,0,0,259321.000,2296,112,0,138896.9403657
139100,-24098668.81382,4997434.383798,16467378.42929,0,0,0,-1.038577633894,-0.5073129330848,32582653.51276,30896953.0109964,162364496.3127,0.005622919438372,0,0,0,8.337800412294,1.139760453271e-81,0,2.490454484568,-0.5069019531824,-13.79336198957,-0.5241808376461,1.34105777792,-12.62360176964,-23748.72930196,4519.232923165,0,0,259321.100,2296,112,0,138996.9388582
139200,-24098828.41549,4997392.503268,16467157.60919,0,0,0,-1.038615695293,-0.5073722378728,32583105.42289,30897404.920974,162366871.1212,0.005622919437098,0,0,0,8.337268742672,1.139561314346e-81,0,2.490436125546,-0.5069611564564,-13.79409468268,-0.5241256981471,1.34106548852,-12.62413589556,-23747.44162616,4518.987886608,0,0,259321.200,2296,112,0,139096.9373508
139300,-24098988.01535,4997350.624564,16466936.78655,0,0,0,-1.038653764986,-0.5074315406855,32583557.30851,30897856.8064471,162369245.801,0.005622919435824,0,0,0,8.336737016597,1.139362178091e-81,0,2.49041776346,-0.507020357811,-13.79482735203,-0.5240705561021,1.341073199672,-12.6246699667,-23746.15389164,4518.742838874,0,0,259321.300,2296,112,0,139196.9358435
139400,-24099147.6134,4997308.747687,16466715.96139,0,0,0,-1.038691842973,-0.5074908415229,32584009.16963,30898308.6674138,162371620.352,0.00562291943455,0,0,0,8.336205234091,1.139163044523e-81,0,2.490399399957,-0.5070795570455,-13.79555999515,-0.5240154027809,1.341080911376,-12.62520398056,-23744.86600049,4518.497761339,0,0,259321.400,2296,112,0,139296.9343363
139500,-24099307.20965,4997266.872636,16466495.1337,0,0,0,-1.038729929255,-0.5075501403848,32584461.00624,30898760.5038722,162373994.7742,0.005622919433276,0,0,0,8.335673395175,1.138963913661e-81,0,2.490381029725,-0.5071387546649,-13.79629261828,-0.5239602472737,1.341088623632,-12.62573794341,-23743.57805062,4518.252672628,0,0,259321.500,2296,112,0,139396.9328291
139600,-24099466.80409,4997224.999411,16466274.30348,0,0,0,-1.038768023832,-0.5076094372712,32584912.81834,30899212.3158205,162376369.0676,0.005622919432003,0,0,0,8.335141499872,1.138764785522e-81,0,2.490362657846,-0.5071979500397,-13.79702521363,-0.5239050695089,1.341096336439,-12.62627184746,-23742.28993435,4518.007552251,0,0,259321.600,2296,112,0,139496.931322
139700,-24099626.39672,4997183.128012,16466053.47073,0,0,0,-1.038806126708,-0.507668732182,32585364.60592,30899664.1032567,162378743.2322,0.005622919430729,0,0,0,8.334609548202,1.138565660125e-81,0,2.490344282982,-0.5072571436866,-13.7977577876,-0.5238499158095,1.341104049797,-12.62680569911,-23741.00183766,4517.7624356,0,0,259321.700,2296,112,0,139596.929815
139800,-24099785.98755,4997141.258439,16465832.63546,0,0,0,-1.038844237881,-0.5077280251171,32585816.36899,30900115.8661791,162381117.268,0.005622919429455,0,0,0,8.334077540189,1.138366537487e-81,0,2.490325905542,-0.5073163347238,-13.79849032927,-0.5237947592307,1.341111763707,-12.62733948744,-23739.71355498,4517.517283559,0,0,259321.800,2296,112,0,139696.9283081
139900,-24099945.57657,4997099.390693,16465611.79765,0,0,0,-1.038882357353,-0.5077873160764,32586268.10755,30900567.6045856,162383491.1749,0.005622919428181,0,0,0,8.333545475852,1.138167417625e-81,0,2.49030752438,-0.5073755244582,-13.79922285481,-0.5237395897526,1.341119478168,-12.62787322865,-23738.425194,4517.272116616,0,0,259321.900,2296,112,0,139796.9268013
140000,-24100105.16378,4997057.524773,16465390.95732,0,0,0,-1.038920485125,-0.5078466050598,32586719.82159,30901019.3182558,162385864.9542,0.005622919426908,0,0,0,8.332794710199,1.137968300558e-81,0,2.490289141898,-0.5074347121707,-13.79995535534,-0.5236844180036,1.341127193179,-12.62840691382,-23737.7112868,4517.136264592,0,0,259322.000,2296,112,0,139896.9252945
140100,-24100264.74919,4997015.660678,16465170.11446,0,0,0,-1.038958621198,-0.5079058920672,32587171.51111,30901471.0076252,162388238.6034,0.005622919425634,0,0,0,8.332262541,1.137769186304e-81,0,2.490270753205,-0.5074938974783,-13.8006878261,-0.5236292260225,1.341134908742,-12.62894053824,-23735.8481784,4516.781726852,0,0,259322.100,2296,112,0,139996.9237878
140200,-24100424.33279,4996973.79841,16464949.26908,0,0,0,-1.038996765573,-0.5079651770987,32587623.17611,30901922.6724731,162390612.1238,0.00562291942436,0,0,0,8.331730315552,1.13757007488e-81,0,2.490252362556,-0.5075530810779,-13.80142027572,-0.52357405614,1.341142624855,-12.62947411053,-23734.55959229,4516.536517069,0,0,259322.200,2296,112,0,140096.9222812
140300,-24100583.91458,4996931.937968,16464728.42116,0,0,0,-1.039034918252,-0.5080244601539,32588074.81658,30902374.3127978,162392985.5153,0.005622919423086,0,0,0,8.331198033877,1.137370966304e-81,0,2.490233969144,-0.5076122623794,-13.8021526969,-0.5235188852019,1.34115034152,-12.63000762339,-23733.27083978,4516.29127562,0,0,259322.300,2296,112,0,140196.9207747
140400,-24100743.49456,4996890.079352,16464507.57072,0,0,0,-1.039073079234,-0.508083741233,32588526.43253,30902825.9285973,162395358.778,0.005622919421812,0,0,0,8.330665695995,1.137171860594e-81,0,2.4902155723,-0.5076714422376,-13.80288510022,-0.5234636994163,1.341158058734,-12.6305410874,-23731.98199918,4516.046017408,0,0,259322.400,2296,112,0,140296.9192683
140500,-24100903.07274,4996848.222562,16464286.71775,0,0,0,-1.039111248521,-0.5081430203357,32588978.02396,30903277.5198697,162397731.9117,0.005622919420539,0,0,0,8.33013330193,1.136972757767e-81,0,2.490197174135,-0.5077306196558,-13.80361747334,-0.5234085150698,1.341165776499,-12.63107449024,-23730.69309985,4515.80074802,0,0,259322.500,2296,112,0,140396.917762
140600,-24101062.64911,4996806.367598,16464065.86225,0,0,0,-1.039149426114,-0.508202297462,32589429.59085,30903729.0866133,162400104.9166,0.005622919419265,0,0,0,8.329600851702,1.136773657842e-81,0,2.490178769562,-0.5077897953762,-13.80434982545,-0.5233533078661,1.341173494814,-12.63160784109,-23729.40400475,4515.55544138,0,0,259322.600,2296,112,0,140496.9162557
140700,-24101222.22367,4996764.51446,16463845.00422,0,0,0,-1.039187612014,-0.5082615726119,32589881.13321,30904180.628826,162402477.7925,0.005622919417991,0,0,0,8.329068345334,1.136574560836e-81,0,2.490160363559,-0.5078489688567,-13.80508214984,-0.5232981236979,1.34118121368,-12.63214113325,-23728.11484113,4515.3101217,0,0,259322.700,2296,112,0,140596.9147495
140800,-24101381.79643,4996722.663148,16463624.14367,0,0,0,-1.039225806222,-0.5083208457851,32590332.65104,30904632.1465061,162404850.5395,0.005622919416717,0,0,0,8.328535782848,1.136375466767e-81,0,2.490141954086,-0.507908140554,-13.80581445216,-0.5232429346269,1.341188933095,-12.63267437238,-23726.82554048,4515.064775944,0,0,259322.800,2296,112,0,140696.9132434
140900,-24101541.36738,4996680.813661,16463403.28059,0,0,0,-1.039264008739,-0.5083801169817,32590784.14434,30905083.6396517,162407223.1576,0.005622919415443,0,0,0,8.328003164264,1.136176375652e-81,0,2.490123541723,-0.5079673101525,-13.80654672851,-0.5231877365216,1.34119665306,-12.63320755458,-23725.53619089,4514.819420874,0,0,259322.900,2296,112,0,140796.9117374
141000,-24101700.93652,4996638.966001,16463182.41498,0,0,0,-1.039302219566,-0.5084393862016,32591235.6131,30905535.1080423,162409595.6479,0.00562291941417,0,0,0,8.327251901877,1.135977287509e-81,0,2.490105126103,-0.5080264779512,-13.80727898258,-0.5231325344702,1.341204373575,-12.63374068355,-23724.82117761,4514.683358371,0,0,259323.000,2296,112,0,140896.9102315
141100,-24101860.50385,4996597.120167,16462961.54684,0,0,0,-1.039340438704,-0.5084986534446,32591687.05732,30905986.5521131,162411968.0081,0.005622919412896,0,0,0,8.326719178965,1.135778202358e-81,0,2.490086709527,-0.5080856435635,-13.80801120959,-0.5230773127693,1.34121209464,-12.63427375451,-23722.95725678,4514.328666031,0,0,259323.100,2296,112,0,140996.9087256
141200,-24102020.06938,4996555.276158,16462740.67618,0,0,0,-1.039378666154,-0.5085579187107,32592138.477,30906437.9716438,162414340.2394,0.005622919411622,0,0,0,8.326186400029,1.135579120213e-81,0,2.490068285763,-0.5081448072543,-13.80874341283,-0.5230221131372,1.341219816254,-12.63480677075,-23721.66753523,4514.083240181,0,0,259323.200,2296,112,0,141096.9072198
141300,-24102179.63309,4996513.433975,16462519.80299,0,0,0,-1.039416901917,-0.5086171819998,32592589.87214,30906889.3666325,162416712.3416,0.005622919410348,0,0,0,8.325653565092,1.135380041095e-81,0,2.490049860974,-0.5082039686847,-13.80947558809,-0.5229669112696,1.341227538418,-12.63533972808,-23720.37782347,4513.837816194,0,0,259323.300,2296,112,0,141196.9057141
141400,-24102339.195,4996471.593618,16462298.92727,0,0,0,-1.039455145993,-0.5086764433118,32593041.24274,30907340.7370773,162419084.3149,0.005622919409075,0,0,0,8.325120674175,1.135180965019e-81,0,2.490031432843,-0.5082631285875,-13.81020774444,-0.5229116969248,1.341235261131,-12.63587263556,-23719.08801383,4513.59237358,0,0,259323.400,2296,112,0,141296.9042085
141500,-24102498.75511,4996429.755087,16462078.04902,0,0,0,-1.039493398385,-0.5087357026466,32593492.58879,30907792.0829763,162421456.1592,0.005622919407801,0,0,0,8.324587727299,1.134981892005e-81,0,2.490013001681,-0.5083222863862,-13.81093987475,-0.5228564801063,1.341242984393,-12.63640548608,-23717.79810631,4513.346912339,0,0,259323.500,2296,112,0,141396.902703
141600,-24102658.3134,4996387.918382,16461857.16825,0,0,0,-1.039531659092,-0.5087949600041,32593943.91029,30908243.4043276,162423827.8746,0.005622919406527,0,0,0,8.324054724487,1.13478282207e-81,0,2.489994567533,-0.5083814420526,-13.81167197868,-0.5228012440107,1.341250708204,-12.63693827928,-23716.50809111,4513.10143061,0,0,259323.600,2296,112,0,141496.9011975
141700,-24102817.86989,4996346.083502,16461636.28495,0,0,0,-1.039569928116,-0.5088542153842,32594395.20724,30908694.7011294,162426199.4609,0.005622919405253,0,0,0,8.323521665761,1.134583755231e-81,0,2.489976131643,-0.5084405959949,-13.81240406126,-0.5227460294945,1.341258432564,-12.63747102023,-23715.21792909,4512.855920941,0,0,259323.700,2296,112,0,141596.8996922
141800,-24102977.42457,4996304.250449,16461415.39912,0,0,0,-1.039608205458,-0.5089134687869,32594846.47965,30909145.9733799,162428570.9181,0.005622919403979,0,0,0,8.322988551141,1.134384691505e-81,0,2.48995768928,-0.508499747857,-13.81313611811,-0.5226908099488,1.341266157473,-12.63800370451,-23713.92773771,4512.610405684,0,0,259323.800,2296,112,0,141696.8981869
141900,-24103136.97744,4996262.41922,16461194.51077,0,0,0,-1.039646491119,-0.5089727202121,32595297.72749,30909597.221077,162430942.2464,0.005622919402706,0,0,0,8.322455380651,1.134185630912e-81,0,2.489939245531,-0.5085588977147,-13.81386815014,-0.5226355816826,1.34127388293,-12.63853633309,-23712.63746802,4512.364875525,0,0,259323.900,2296,112,0,141796.8966817
142000,-24103296.52851,4996220.589818,16460973.61988,0,0,0,-1.0396847851,-0.5090319696596,32595748.95079,30910048.4440005,162433313.4468,0.005622919401432,0,0,0,8.321703624723,1.133986573469e-81,0,2.489920798986,-0.5086180453046,-13.81460015411,-0.5225803505808,1.341281608936,-12.63906890269,-23711.92120184,4512.228574604,0,0,259324.000,2296,112,0,141896.8951766
142100,-24103456.07777,4996178.762241,16460752.72647,0,0,0,-1.039723087402,-0.5090912171295,32596200.14952,30910499.6425856,162435684.5169,0.005622919400158,0,0,0,8.321170350439,1.133787519192e-81,0,2.489902348782,-0.5086771911811,-13.81533213688,-0.5225250987662,1.34128933549,-12.63960142018,-23710.05649795,4511.873733252,0,0,259324.100,2296,112,0,141996.8936715
142200,-24103615.62521,4996136.93649,16460531.83054,0,0,0,-1.039761398025,-0.5091504626215,32596651.3237,30910950.8166117,162438055.4581,0.005622919398884,0,0,0,8.320637020357,1.133588468101e-81,0,2.48988389742,-0.5087363350772,-13.81606409513,-0.5224698678273,1.341297062593,-12.64013388227,-23708.76589546,4511.628139764,0,0,259324.200,2296,112,0,142096.8921666
142300,-24103775.17085,4996095.112564,16460310.93207,0,0,0,-1.039799716971,-0.5092097061356,32597102.47332,30911401.9660771,162440426.2701,0.00562291939761,0,0,0,8.3201036345,1.133389420211e-81,0,2.489865439387,-0.5087954770651,-13.81679602977,-0.5224146356859,1.341304790244,-12.64066628986,-23707.47512657,4511.382514611,0,0,259324.300,2296,112,0,142196.8906617
142400,-24103934.71469,4996053.290464,16460090.03108,0,0,0,-1.039838044241,-0.5092689476718,32597553.59837,30911853.0909799,162442796.9531,0.005622919396337,0,0,0,8.31957019289,1.133190375543e-81,0,2.489846979756,-0.5088546167712,-13.81752793618,-0.5223593913819,1.341312518443,-12.64119863833,-23706.18435768,4511.136889458,0,0,259324.400,2296,112,0,142296.8891569
142500,-24104094.25671,4996011.47019,16459869.12756,0,0,0,-1.039876379836,-0.5093281872299,32598004.69886,30912304.1913182,162445167.507,0.005622919395063,0,0,0,8.319036695547,1.132991334111e-81,0,2.489828516958,-0.5089137549131,-13.81825982322,-0.5223041461088,1.34132024719,-12.64173093655,-23704.89338323,4510.891225189,0,0,259324.500,2296,112,0,142396.8876522
142600,-24104253.79693,4995969.651741,16459648.22152,0,0,0,-1.039914723757,-0.5093874248098,32598455.77479,30912755.2670901,162447537.9317,0.005622919393789,0,0,0,8.318503142494,1.132792295936e-81,0,2.489810051238,-0.5089728908547,-13.81899168303,-0.5222488793838,1.341327976484,-12.64226317667,-23703.60235006,4510.645549744,0,0,259324.600,2296,112,0,142496.8861476
142700,-24104413.33534,4995927.835118,16459427.31294,0,0,0,-1.039953076005,-0.5094466604115,32598906.82614,30913206.3182938,162449908.2274,0.005622919392515,0,0,0,8.317969533752,1.132593261034e-81,0,2.489791582196,-0.5090320247851,-13.81972351795,-0.5221936329538,1.341335706327,-12.64279536103,-23702.31122879,4510.399857536,0,0,259324.700,2296,112,0,142596.884643
142800,-24104572.87194,4995886.02032,16459206.40184,0,0,0,-1.03999143658,-0.5095058940349,32599357.85293,30913657.3449274,162452278.394,0.005622919391242,0,0,0,8.317435869344,1.132394229422e-81,0,2.489773112198,-0.5090911566119,-13.82045532684,-0.5221383853396,1.341343436717,-12.64332748849,-23701.02005858,4510.154156014,0,0,259324.800,2296,112,0,142696.8831386
142900,-24104732.40673,4995844.207348,16458985.48822,0,0,0,-1.040029805484,-0.5095651256798,32599808.85514,30914108.346989,162454648.4314,0.005622919389968,0,0,0,8.316902149291,1.132195201119e-81,0,2.489754635265,-0.5091502864607,-13.82118711125,-0.5220831254313,1.341351167654,-12.64385956061,-23699.72865345,4509.908409789,0,0,259324.900,2296,112,0,142796.8816342
143000,-24104891.93972,4995802.396201,16458764.57206,0,0,0,-1.040068182718,-0.5096243553463,32600259.83278,30914559.3242583,162457018.3409,0.005622919388694,0,0,0,8.316149903017,1.131996176142e-81,0,2.489736156933,-0.5092094144264,-13.82191887235,-0.5220278628057,1.341358899138,-12.64439157857,-23699.01129099,4509.771900252,0,0,259325.000,2296,112,0,142896.8801299
143100,-24105051.47089,4995760.586879,16458543.65338,0,0,0,-1.040106568283,-0.5096835830341,32600710.78584,30915010.2771703,162459388.12,0.00562291938742,0,0,0,8.315616079706,1.131797154508e-81,0,2.489717675411,-0.5092685407092,-13.82265061263,-0.5219725825245,1.34136663117,-12.64492354485,-23697.14582361,4509.416913614,0,0,259325.100,2296,112,0,142996.8786257
143200,-24105211.00026,4995718.779383,16458322.73217,0,0,0,-1.04014496218,-0.5097428087433,32601161.71433,30915461.2055048,162461757.77,0.005622919386146,0,0,0,8.315082200824,1.131598136236e-81,0,2.489699190987,-0.5093276644649,-13.82338232163,-0.521917321271,1.341374363749,-12.64545544901,-23695.85423251,4509.171131998,0,0,259325.200,2296,112,0,143096.8771216
143300,-24105370.52782,4995676.973713,16458101.80844,0,0,0,-1.040183364409,-0.5098020324737,32601612.61824,30915912.1092598,162464127.2909,0.005622919384873,0,0,0,8.314548266393,1.131399121342e-81,0,2.489680704996,-0.5093867866578,-13.82411401129,-0.5218620588113,1.341382096875,-12.64598730299,-23694.56249458,4508.925322443,0,0,259325.300,2296,112,0,143196.8756175
143400,-24105530.05357,4995635.169867,16457880.88218,0,0,0,-1.040221774972,-0.5098612542252,32602063.49756,30916362.9884336,162466496.6825,0.005622919383599,0,0,0,8.314014276434,1.131200109845e-81,0,2.489662212427,-0.5094459066906,-13.82484567421,-0.5218067839986,1.341389830548,-12.6465190994,-23693.2707077,4508.679503575,0,0,259325.400,2296,112,0,143296.8741135
143500,-24105689.57751,4995593.367847,16457659.95339,0,0,0,-1.04026019387,-0.5099204739978,32602514.35231,30916813.8430241,162468865.945,0.005622919382325,0,0,0,8.31348023097,1.131001101763e-81,0,2.489643718422,-0.5095050246531,-13.82557731152,-0.5217515084228,1.341397564767,-12.64705083936,-23691.97884253,4508.433669806,0,0,259325.500,2296,112,0,143396.8726096
143600,-24105849.09965,4995551.567653,16457439.02208,0,0,0,-1.040298621104,-0.5099796917914,32602965.18246,30917264.6730296,162471235.0783,0.005622919381051,0,0,0,8.312946130022,1.130802097112e-81,0,2.489625221344,-0.5095641406247,-13.82630892419,-0.521696209667,1.341405299533,-12.64758252385,-23690.68686968,4508.187815547,0,0,259325.600,2296,112,0,143496.8711058
143700,-24106008.61997,4995509.769284,16457218.08824,0,0,0,-1.040337056674,-0.5100389076058,32603415.98804,30917715.4784482,162473604.0824,0.005622919379778,0,0,0,8.312411973612,1.13060309591e-81,0,2.489606720874,-0.5096232548851,-13.82704051567,-0.5216409184713,1.341413034845,-12.64811415634,-23689.39469128,4507.941922173,0,0,259325.700,2296,112,0,143596.8696021
143800,-24106168.13849,4995467.97274,16456997.15187,0,0,0,-1.040375500583,-0.5100981214411,32603866.76902,30918166.259278,162475972.9572,0.005622919378504,0,0,0,8.311877761762,1.130404098174e-81,0,2.489588217334,-0.5096823670392,-13.82777208109,-0.5215856559545,1.341420770704,-12.64864573196,-23688.1025716,4507.696039975,0,0,259325.800,2296,112,0,143696.8680985
143900,-24106327.6552,4995426.178021,16456776.21297,0,0,0,-1.04041395283,-0.510157333297,32604317.52541,30918617.0155171,162478341.7029,0.00562291937723,0,0,0,8.311343494494,1.130205103924e-81,0,2.489569712526,-0.509741477,-13.82850361937,-0.5215303669539,1.341428507108,-12.64917724961,-23686.81029532,4507.450127974,0,0,259325.900,2296,112,0,143796.8665949
144000,-24106487.1701,4995384.385127,16456555.27155,0,0,0,-1.040452413417,-0.5102165431735,32604768.25721,30919067.7469452,162480710.3204,0.005622919375956,0,0,0,8.310590761075,1.130006113175e-81,0,2.489551200866,-0.5098005852958,-13.82923513704,-0.5214750777436,1.341436244059,-12.64970871586,-23686.0917289,4507.313389331,0,0,259326.000,2296,112,0,143896.8650914
144100,-24106646.68319,4995342.594059,16456334.32761,0,0,0,-1.040490882344,-0.5102757510706,32605218.96441,30919518.4539975,162483078.8076,0.005622919374682,0,0,0,8.310056391085,1.129807125946e-81,0,2.489532688038,-0.5098596914504,-13.82996662821,-0.5214197646334,1.341443981556,-12.6502401248,-23684.22543931,4506.958246231,0,0,259326.100,2296,112,0,143996.863588
144200,-24106806.19447,4995300.804816,16456113.38113,0,0,0,-1.040529359614,-0.5103349569881,32605669.64702,30919969.1364534,162485447.1655,0.005622919373409,0,0,0,8.309521965751,1.129608142254e-81,0,2.489514171786,-0.5099187957886,-13.83069809691,-0.521364472154,1.341451719599,-12.65077148047,-23682.93278128,4506.712261587,0,0,259326.200,2296,112,0,144096.8620847
144300,-24106965.70394,4995259.017398,16455892.43213,0,0,0,-1.040567845226,-0.510394160926,32606120.30503,30920419.7943113,162487815.3942,0.005622919372135,0,0,0,8.308987485095,1.129409162117e-81,0,2.489495652667,-0.5099778976389,-13.83142953481,-0.5213091794316,1.341459458187,-12.65130277455,-23681.64006453,4506.466265768,0,0,259326.300,2296,112,0,144196.8605815
144400,-24107125.21161,4995217.231806,16455671.4806,0,0,0,-1.040606339182,-0.5104533628841,32606570.93844,30920870.4275691,162490183.4935,0.005622919370861,0,0,0,8.308452949137,1.129210185551e-81,0,2.48947712999,-0.5100369981818,-13.83216095653,-0.52125387424,1.341467197321,-12.65183402167,-23680.34733798,4506.220268086,0,0,259326.400,2296,112,0,144296.8590783
144500,-24107284.71746,4995175.448038,16455450.52655,0,0,0,-1.040644841483,-0.5105125628624,32607021.54725,30921321.0362251,162492551.4636,0.005622919369587,0,0,0,8.307918357901,1.129011212575e-81,0,2.48945860658,-0.5100960960569,-13.83289234523,-0.5211985680448,1.341474937001,-12.65236520499,-23679.05444504,4505.974238738,0,0,259326.500,2296,112,0,144396.8575753
144600,-24107444.22151,4995133.666095,16455229.56997,0,0,0,-1.040683352129,-0.5105717608607,32607472.13146,30921771.6202773,162494919.3044,0.005622919368313,0,0,0,8.307383711408,1.128812243207e-81,0,2.489440075876,-0.5101551923465,-13.83362371432,-0.5211432413251,1.341482677226,-12.65289633792,-23677.76138569,4505.728177726,0,0,259326.600,2296,112,0,144496.8560723
144700,-24107603.72375,4995091.885978,16455008.61087,0,0,0,-1.040721871123,-0.5106309568791,32607922.69106,30922222.179724,162497287.0159,0.00562291936704,0,0,0,8.306849009679,1.128613277464e-81,0,2.489421544411,-0.5102142863817,-13.8343550555,-0.5210879339519,1.341490417996,-12.65342741217,-23676.46829698,4505.482111126,0,0,259326.700,2296,112,0,144596.8545694
144800,-24107763.22418,4995050.107686,16454787.64923,0,0,0,-1.040760398464,-0.5106901509173,32608373.22605,30922672.7145633,162499654.5981,0.005622919365766,0,0,0,8.306314252738,1.128414315362e-81,0,2.489403009102,-0.5102733789056,-13.83508637798,-0.5210326249722,1.341498159311,-12.65395843695,-23675.17514954,4505.23603335,0,0,259326.800,2296,112,0,144696.8530665
144900,-24107922.7228,4995008.331218,16454566.68507,0,0,0,-1.040798934154,-0.5107493429754,32608823.73643,30923123.2247932,162502022.0509,0.005622919364492,0,0,0,8.305779440605,1.128215356921e-81,0,2.489384471383,-0.5103324689823,-13.83581767017,-0.5209773062347,1.341505901171,-12.65448940068,-23673.88194337,4504.989944398,0,0,259326.900,2296,112,0,144796.8515638
145000,-24108082.21961,4994966.556576,16454345.71839,0,0,0,-1.040837478193,-0.5108085330532,32609274.2222,30923573.7101935,162504389.3756,0.005622919363218,0,0,0,8.305026223247,1.128016402157e-81,0,2.489365931931,-0.5103915571128,-13.83654893828,-0.5209219854701,1.341513643576,-12.65502030957,-23673.16226109,4504.852993414,0,0,259327.000,2296,112,0,144896.8500612
145100,-24108241.71461,4994924.783759,16454124.74918,0,0,0,-1.040876030584,-0.5108677211507,32609724.68336,30924024.1711992,162506756.5698,0.005622919361945,0,0,0,8.30449130893,1.127817451087e-81,0,2.489347385701,-0.510450643461,-13.83728018433,-0.5208666421554,1.341521386525,-12.65555116565,-23671.29509056,4504.497682676,0,0,259327.100,2296,112,0,144996.8485586
145200,-24108401.2078,4994883.012766,16453903.77744,0,0,0,-1.040914591326,-0.5109269072677,32610175.1199,30924474.60759,162509123.6346,0.005622919360671,0,0,0,8.303956339495,1.12761850373e-81,0,2.489328838084,-0.5105097278286,-13.83801140587,-0.5208113214956,1.341529130019,-12.65608196647,-23670.00156137,4504.251532257,0,0,259327.200,2296,112,0,145096.8470561
145300,-24108560.69919,4994841.243599,16453682.80318,0,0,0,-1.040953160421,-0.5109860914041,32610625.53183,30924925.019364,162511490.5701,0.005622919359397,0,0,0,8.303421314965,1.127419560103e-81,0,2.489310287671,-0.5105688100297,-13.83874260059,-0.5207559965995,1.341536874058,-12.65661270974,-23668.70786579,4504.005350173,0,0,259327.300,2296,112,0,145196.8455537
145400,-24108720.18876,4994799.476256,16453461.82639,0,0,0,-1.04099173787,-0.51104527356,32611075.91914,30925375.4065194,162513857.3762,0.005622919358123,0,0,0,8.302886235361,1.127220620223e-81,0,2.489291733621,-0.5106278904227,-13.83947377294,-0.5207006606365,1.341544618641,-12.65714339989,-23667.41413105,4503.759160638,0,0,259327.400,2296,112,0,145296.8440513
145500,-24108879.67652,4994757.710739,16453240.84707,0,0,0,-1.041030323674,-0.5111044537351,32611526.28183,30925825.7690543,162516224.0529,0.005622919356849,0,0,0,8.302351100705,1.127021684107e-81,0,2.489273176633,-0.5106869688137,-13.84020492052,-0.5206453249662,1.341552363768,-12.65767403454,-23666.12031801,4503.512956202,0,0,259327.500,2296,112,0,145396.8425491
145600,-24109039.16248,4994715.947046,16453019.86523,0,0,0,-1.041068917833,-0.5111636319294,32611976.61989,30926276.1069668,162518590.6002,0.005622919355576,0,0,0,8.30181591102,1.126822751773e-81,0,2.489254617853,-0.5107460453845,-13.84093604556,-0.5205899668438,1.34156010944,-12.65820461593,-23664.82635814,4503.266723827,0,0,259327.600,2296,112,0,145496.8410469
145700,-24109198.64663,4994674.185178,16452798.88086,0,0,0,-1.04110752035,-0.5112228081428,32612426.93334,30926726.4202551,162520957.0182,0.005622919354302,0,0,0,8.301280666326,1.12662382324e-81,0,2.489236053118,-0.510805119667,-13.84166714229,-0.5205346299669,1.341567855655,-12.65873513828,-23663.53226124,4503.020465374,0,0,259327.700,2296,112,0,145596.8395448
145800,-24109358.12896,4994632.425135,16452577.89397,0,0,0,-1.041146131224,-0.5112819823752,32612877.22215,30927176.7089173,162523323.3067,0.005622919353028,0,0,0,8.300745366646,1.126424898524e-81,0,2.489217486519,-0.5108641918684,-13.84239821326,-0.5204792923895,1.341575602414,-12.65926560415,-23662.23813497,4502.774201334,0,0,259327.800,2296,112,0,145696.8380428
145900,-24109517.60949,4994590.666917,16452356.90455,0,0,0,-1.041184750457,-0.5113411546266,32613327.48634,30927626.9729515,162525689.4658,0.005622919351754,0,0,0,8.300210012003,1.126225977642e-81,0,2.489198916816,-0.5109232621797,-13.84312926084,-0.5204239413206,1.341583349717,-12.65979601592,-23660.94385209,4502.527907491,0,0,259327.900,2296,112,0,145796.8365409
146000,-24109677.08821,4994548.910524,16452135.9126,0,0,0,-1.04122337805,-0.5114003248968,32613777.7259,30928077.2121377,162528055.4966,0.005622919350481,0,0,0,8.299456313917,1.126027060612e-81,0,2.489180344007,-0.5109823306,-13.84386028501,-0.5203685910718,1.341591097564,-12.66032637358,-23660.22308331,4502.390749753,0,0,259328.000,2296,128,0,145896.8350391
146100,-24109836.56512,4994507.155955,16451914.91813,0,0,0,-1.041262014003,-0.5114594931857,32614227.94082,30928527.4269104,162530421.3968,0.005622919349207,0,0,0,8.298920857627,1.125828147452e-81,0,2.489161768056,-0.5110413971107,-13.84459128556,-0.5203132161714,1.341598845954,-12.6608566769,-23658.35508078,4502.03528069,0,0,259328.100,2296,128,0,145996.8335373
146200,-24109996.04021,4994465.403211,16451693.92114,0,0,0,-1.041300658319,-0.5115186594934,32614678.13112,30928977.6170496,162532787.1676,0.005622919347933,0,0,0,8.298385346447,1.125629238179e-81,0,2.489143190754,-0.5111004614931,-13.84532225976,-0.5202578819965,1.341606594887,-12.66138692319,-23657.06049446,4501.788929105,0,0,259328.200,2296,128,0,146096.8320357
146300,-24110155.5135,4994423.652292,16451472.92161,0,0,0,-1.041339310997,-0.5115778238195,32615128.29677,30929427.7825534,162535152.8089,0.005622919346659,0,0,0,8.297849780398,1.125430332809e-81,0,2.48912460682,-0.5111595237428,-13.84605320757,-0.5202025107482,1.341614344364,-12.66191711239,-23655.76577111,4501.542551443,0,0,259328.300,2296,128,0,146196.8305341
146400,-24110314.98498,4994381.903198,16451251.91956,0,0,0,-1.041377972039,-0.5116369861642,32615578.43779,30929877.92342,162537518.3208,0.005622919345385,0,0,0,8.297314159503,1.125231431362e-81,0,2.489106020923,-0.5112185845529,-13.84678413756,-0.5201471447657,1.341622094383,-12.66244725309,-23654.4710184,4501.296168193,0,0,259328.400,2296,128,0,146296.8290326
146500,-24110474.45465,4994340.155928,16451030.91499,0,0,0,-1.041416641446,-0.5116961465273,32616028.55418,30930328.0396474,162539883.7031,0.005622919344112,0,0,0,8.296778483784,1.125032533854e-81,0,2.489087432691,-0.5112776427352,-13.84751503503,-0.5200917787094,1.341629844946,-12.66297733058,-23653.17627547,4501.049786806,0,0,259328.500,2296,128,0,146396.8275311
146600,-24110633.92251,4994298.410483,16450809.90789,0,0,0,-1.041455319219,-0.5117553049087,32616478.64592,30930778.1312338,162542248.956,0.005622919342838,0,0,0,8.296242753262,1.124833640302e-81,0,2.489068841025,-0.5113366993313,-13.84824591288,-0.5200363902793,1.341637596052,-12.66350735776,-23651.88136614,4500.803373754,0,0,259328.600,2296,128,0,146496.8260298
146700,-24110793.38856,4994256.666863,16450588.89826,0,0,0,-1.041494005359,-0.5118144613082,32616928.71301,30931228.1981774,162544614.0794,0.005622919341564,0,0,0,8.295706967959,1.124634750724e-81,0,2.489050247888,-0.5113957539128,-13.84897676578,-0.5199810401907,1.3416453477,-12.66403732934,-23650.58632956,4500.556936488,0,0,259328.700,2296,128,0,146596.8245285
146800,-24110952.8528,4994214.925067,16450367.88611,0,0,0,-1.041532699866,-0.511873615726,32617378.75547,30931678.2404763,162546979.0733,0.00562291934029,0,0,0,8.295171127898,1.124435865138e-81,0,2.489031648223,-0.511454806211,-13.84970759044,-0.5199256539323,1.341653099891,-12.66456724199,-23649.29114616,4500.310471281,0,0,259328.800,2296,128,0,146696.8230273
146900,-24111112.31523,4994173.185096,16450146.87143,0,0,0,-1.041571402743,-0.5119327681617,32617828.77327,30932128.2581286,162549343.9376,0.005622919339016,0,0,0,8.294635233101,1.12423698356e-81,0,2.48901304703,-0.5115138568775,-13.85043839489,-0.5198702737827,1.341660852624,-12.66509710378,-23647.99595298,4500.064004213,0,0,259328.900,2296,128,0,146796.8215263
147000,-24111271.77585,4994131.446949,16449925.85423,0,0,0,-1.041610113989,-0.5119919186154,32618278.76643,30932578.2509142,162551708.6736,0.005622919337743,0,0,0,8.293881057503,1.124038106009e-81,0,2.48899444269,-0.5115729054148,-13.851169173,-0.5198148920992,1.3416686059,-12.66562690857,-23647.27401939,4499.92662482,0,0,259329.000,2296,128,0,146896.8200252
147100,-24111431.23466,4994089.710627,16449704.8345,0,0,0,-1.041648833606,-0.512051067087,32618728.73494,30933028.2192678,162554073.2789,0.005622919336469,0,0,0,8.293345061598,1.123839232501e-81,0,2.488975835305,-0.5116319517137,-13.8518999234,-0.5197594832557,1.341676359718,-12.66615665499,-23645.40522401,4499.571004882,0,0,259329.100,2296,128,0,146996.8185243
147200,-24111590.69166,4994047.97613,16449483.81225,0,0,0,-1.041687561596,-0.5121102135763,32619178.67879,30933478.1629693,162556437.7547,0.005622919335195,0,0,0,8.29280901103,1.123640363054e-81,0,2.488957224516,-0.5116909962496,-13.85263065199,-0.5197041208049,1.341684114078,-12.66668634896,-23644.10973717,4499.324481934,0,0,259329.200,2296,128,0,147096.8170235
147300,-24111750.14685,4994006.243457,16449262.78747,0,0,0,-1.041726297958,-0.5121693580833,32619628.598,30933928.0820167,162558802.1008,0.005622919333921,0,0,0,8.292272905821,1.123441497685e-81,0,2.48893861236,-0.5117500390279,-13.85336135882,-0.519648720286,1.341691868981,-12.66721599052,-23642.8141133,4499.077932909,0,0,259329.300,2296,128,0,147196.8155227
147400,-24111909.60023,4993964.512608,16449041.76017,0,0,0,-1.041765042694,-0.512228500608,32620078.49254,30934377.9764083,162561166.3175,0.005622919332648,0,0,0,8.291736745994,1.123242636412e-81,0,2.488919993609,-0.5118090796797,-13.85409203934,-0.5195933247813,1.341699624425,-12.66774557513,-23641.51841112,4498.831368983,0,0,259329.400,2296,128,0,147296.814022
147500,-24112069.0518,4993922.783584,16448820.73034,0,0,0,-1.041803795805,-0.5122876411501,32620528.36243,30934827.8461422,162563530.4045,0.005622919331374,0,0,0,8.29120053157,1.123043779252e-81,0,2.488901373274,-0.5118681181188,-13.85482269247,-0.5195379280924,1.341707380411,-12.66827510172,-23640.22250339,4498.584765941,0,0,259329.500,2296,128,0,147396.8125214
147600,-24112228.50156,4993881.056384,16448599.69798,0,0,0,-1.041842557292,-0.5123467797096,32620978.20766,30935277.6912165,162565894.362,0.0056229193301,0,0,0,8.290664262571,1.122844926222e-81,0,2.48888274999,-0.5119271546451,-13.85555332193,-0.5194825090614,1.341715136938,-12.66880457401,-23638.92662502,4498.338168487,0,0,259329.600,2296,128,0,147496.8110209
147700,-24112387.94951,4993839.331009,16448378.6631,0,0,0,-1.041881327156,-0.5124059162864,32621428.02823,30935727.5116293,162568258.1898,0.005622919328826,0,0,0,8.29012793902,1.12264607734e-81,0,2.488864123568,-0.5119861891644,-13.85628392655,-0.5194271276688,1.341722894007,-12.66933399084,-23637.63056068,4498.091535643,0,0,259329.700,2296,128,0,147596.8095204
147800,-24112547.39565,4993797.607458,16448157.62569,0,0,0,-1.041920105397,-0.5124650508805,32621877.82413,30936177.3073788,162570621.8881,0.005622919327552,0,0,0,8.289591560937,1.122447232623e-81,0,2.488845495834,-0.5120452216723,-13.85701450628,-0.5193717074437,1.341730651618,-12.66986335216,-23636.33446697,4497.844897211,0,0,259329.800,2296,128,0,147696.8080201
147900,-24112706.83998,4993755.885732,16447936.58576,0,0,0,-1.041958892018,-0.5125241834917,32622327.59537,30936627.0784632,162572985.4567,0.005622919326279,0,0,0,8.289055128346,1.122248392088e-81,0,2.488826861284,-0.5121042525517,-13.85774506585,-0.5193163007568,1.341738409769,-12.6703926627,-23635.03829496,4497.598243877,0,0,259329.900,2296,128,0,147796.8065198
148000,-24112866.2825,4993714.16583,16447715.54331,0,0,0,-1.041997687019,-0.51258331412,32622777.34194,30937076.8246624,162575348.8969,0.005622919325005,0,0,0,8.288300478456,1.122049555753e-81,0,2.488808225073,-0.5121632809251,-13.85847559441,-0.5192608882944,1.341746168462,-12.67092191163,-23634.31510848,4497.460626066,0,0,259330.000,2296,128,0,147896.8050196
148100,-24113025.72321,4993672.447752,16447494.49833,0,0,0,-1.042036490401,-0.5126424427653,32623227.06384,30937526.5464108,162577712.2063,0.005622919323731,0,0,0,8.287763945297,1.121850723635e-81,0,2.488789586052,-0.512222307384,-13.85920609928,-0.5192054546869,1.341753927696,-12.67145110626,-23632.44554961,4497.104860842,0,0,259330.100,2296,128,0,147996.8035195
148200,-24113185.1621,4993630.731498,16447273.45082,0,0,0,-1.042075302165,-0.5127015694274,32623676.76108,30937976.2434886,162580075.386,0.005622919322457,0,0,0,8.287227357703,1.121651895751e-81,0,2.488770943767,-0.512281332036,-13.85993658178,-0.519150056475,1.341761687471,-12.67198024792,-23631.14904479,4496.858144179,0,0,259330.200,2296,128,0,148096.8020195
148300,-24113344.59919,4993589.017069,16447052.40079,0,0,0,-1.042114122312,-0.5127606941063,32624126.43364,30938425.9158938,162582438.4361,0.005622919321184,0,0,0,8.286690715696,1.121453072118e-81,0,2.488752298374,-0.5123403550065,-13.86066704348,-0.5190946252438,1.341769447786,-12.67250933818,-23629.85251061,4496.611421928,0,0,259330.300,2296,128,0,148196.8005195
148400,-24113504.03447,4993547.304464,16446831.34823,0,0,0,-1.042152950842,-0.5128198168019,32624576.08152,30938875.5636245,162584801.3565,0.00562291931991,0,0,0,8.286154019299,1.121254252755e-81,0,2.488733651614,-0.512399375634,-13.86139747618,-0.5190391998728,1.341777208642,-12.67303836886,-23628.55578066,4496.364662424,0,0,259330.400,2296,128,0,148296.7990197
148500,-24113663.46793,4993505.593684,16446610.29315,0,0,0,-1.042191787758,-0.5128789375141,32625025.70473,30939325.1866789,162587164.1472,0.005622919318636,0,0,0,8.285617268532,1.121055437677e-81,0,2.48871499824,-0.5124583942366,-13.86212788381,-0.5189837723248,1.341784970039,-12.67356734389,-23627.25897241,4496.117888018,0,0,259330.500,2296,128,0,148396.7975199
148600,-24113822.89959,4993463.884727,16446389.23554,0,0,0,-1.04223063306,-0.5129380562428,32625475.30326,30939774.7850552,162589526.8083,0.005622919317362,0,0,0,8.285080463419,1.120856626904e-81,0,2.488696343307,-0.5125174108807,-13.86285826721,-0.5189283400854,1.341792731976,-12.6740962641,-23625.96211522,4495.8711043,0,0,259330.600,2296,128,0,148496.7960202
148700,-24113982.32943,4993422.177595,16446168.17541,0,0,0,-1.042269486749,-0.512997172988,32625924.87711,30940224.3587514,162591889.3396,0.005622919316088,0,0,0,8.284543603982,1.120657820451e-81,0,2.48867768502,-0.5125764257394,-13.86358862852,-0.5188729112178,1.341800494453,-12.67462513164,-23624.6651112,4495.624292642,0,0,259330.700,2296,128,0,148596.7945206
148800,-24114141.75747,4993380.472287,16445947.11275,0,0,0,-1.042308348827,-0.5130562877495,32626374.42628,30940673.9077658,162594251.7413,0.005622919314815,0,0,0,8.284006690241,1.120459018336e-81,0,2.488659024011,-0.5126354383857,-13.86431896244,-0.5188174637865,1.341808257471,-12.67515394124,-23623.36805824,4495.377471671,0,0,259330.800,2296,128,0,148696.793021
148900,-24114301.18369,4993338.768803,16445726.04757,0,0,0,-1.042347219293,-0.5131154005273,32626823.95077,30941123.4320964,162596614.0132,0.005622919313541,0,0,0,8.28346972222,1.120260220576e-81,0,2.488640359457,-0.5126944491235,-13.86504927275,-0.5187620221472,1.341816021028,-12.67568269664,-23622.0709074,4495.130632073,0,0,259330.900,2296,128,0,148796.7915216
149000,-24114460.6081,4993297.067143,16445504.97986,0,0,0,-1.042386098149,-0.5131745113212,32627273.45057,30941572.9315234,162598976.1566,0.005622919312267,0,0,0,8.282714601263,1.120061427189e-81,0,2.488621693272,-0.5127534581446,-13.8657795618,-0.5187065804778,1.341823785126,-12.67621140025,-23621.34668336,4494.992816821,0,0,259331.000,2296,128,0,148896.7900222
149100,-24114620.03071,4993255.367307,16445283.90963,0,0,0,-1.042424985397,-0.5132336201311,32627722.92568,30942022.406481,162601338.1691,0.005622919310993,0,0,0,8.282177533214,1.119862638191e-81,0,2.488603021093,-0.512812464515,-13.86650981806,-0.5186511315632,1.341831549763,-12.67674004049,-23619.47621419,4494.636878371,0,0,259331.100,2296,128,0,148996.7885229
149200,-24114779.4515,4993213.669296,16445062.83687,0,0,0,-1.042463881036,-0.5132927269571,32628172.37611,30942471.8567494,162603700.0518,0.005622919309719,0,0,0,8.281640410959,1.119663853601e-81,0,2.488584347064,-0.5128714691653,-13.86724005302,-0.5185956886732,1.34183931494,-12.67726862889,-23618.17867181,4494.389964268,0,0,259331.200,2296,128,0,149096.7870237
149300,-24114938.87048,4993171.973108,16444841.76159,0,0,0,-1.042502785069,-0.5133518317989,32628621.80184,30942921.2823266,162606061.8048,0.005622919308446,0,0,0,8.281103234519,1.119465073435e-81,0,2.488565669774,-0.5129304720938,-13.86797026668,-0.5185402268262,1.341847080656,-12.67779716544,-23616.88109029,4494.143042713,0,0,259331.300,2296,128,0,149196.7855246
149400,-24115098.28765,4993130.278744,16444620.68379,0,0,0,-1.042541697496,-0.5134109346566,32629071.20288,30943370.6832107,162608423.4281,0.005622919307172,0,0,0,8.280566003916,1.119266297711e-81,0,2.488546989798,-0.51298947289,-13.86870045395,-0.5184847699813,1.341854846912,-12.67832564506,-23615.58345982,4493.896111846,0,0,259331.400,2296,128,0,149296.7840256
149500,-24115257.703,4993088.586205,16444399.60346,0,0,0,-1.042580618318,-0.5134700355299,32629520.57922,30943820.0594,162610784.9215,0.005622919305898,0,0,0,8.280028719173,1.119067526446e-81,0,2.488528308034,-0.5130484716615,-13.86943061616,-0.5184293117384,1.341862613707,-12.67885406909,-23614.28570211,4493.649156764,0,0,259331.500,2296,128,0,149396.7825266
149600,-24115417.11655,4993046.895489,16444178.5206,0,0,0,-1.042619547536,-0.5135291344189,32629969.93087,30944269.4108927,162613146.2852,0.005622919304624,0,0,0,8.279491380312,1.118868759656e-81,0,2.48850961967,-0.5131074682754,-13.87016075167,-0.5183738495477,1.341870381041,-12.67938243589,-23612.98775842,4493.402166292,0,0,259331.600,2296,128,0,149496.7810277
149700,-24115576.52829,4993005.206598,16443957.43522,0,0,0,-1.042658485152,-0.5135882313234,32630419.25782,30944718.7376867,162615507.5191,0.005622919303351,0,0,0,8.278953987354,1.118669997359e-81,0,2.488490929923,-0.5131664632779,-13.87089086723,-0.5183183884586,1.341878148915,-12.67991075222,-23611.68976578,4493.155166507,0,0,259331.700,2296,128,0,149596.7795289
149800,-24115735.93821,4992963.51953,16443736.34732,0,0,0,-1.042697431166,-0.5136473262433,32630868.56007,30945168.0397803,162617868.6232,0.005622919302077,0,0,0,8.278416540322,1.118471239574e-81,0,2.488472237039,-0.5132254558579,-13.87162095282,-0.5182629119269,1.341885917327,-12.68043900804,-23610.39184167,4492.90817976,0,0,259331.800,2296,128,0,149696.7780302
149900,-24115895.34633,4992921.834287,16443515.25689,0,0,0,-1.042736385579,-0.5137064191786,32631317.83762,30945617.3171717,162620229.5975,0.005622919300803,0,0,0,8.277879039237,1.118272486316e-81,0,2.488453540936,-0.5132844466549,-13.87235101634,-0.5182074401067,1.341893686278,-12.68096721129,-23609.09366306,4492.661144584,0,0,259331.900,2296,128,0,149796.7765316
150000,-24116054.75263,4992880.150867,16443294.16393,0,0,0,-1.042775348392,-0.5137655101291,32631767.09046,30946066.5696409,162622590.4431,0.005622919299529,0,0,0,8.277123450444,1.118073737602e-81,0,2.488434841751,-0.5133434357113,-13.87308105831,-0.5181519671504,1.341901455768,-12.68149536248,-23608.36833295,4492.523118854,0,0,259332.000,2296,128,0,149896.775033
150100,-24116214.15712,4992838.469271,16443073.06845,0,0,0,-1.042814319607,-0.5138245990949,32632216.3186,30946515.7976222,162624951.1577,0.005622919298255,0,0,0,8.276585849872,1.117874993451e-81,0,2.488416140899,-0.5134024224923,-13.87381107213,-0.5180964887254,1.341909225796,-12.68202345501,-23606.49705135,4492.167025805,0,0,259332.100,2296,128,0,149996.7735346
150200,-24116373.5598,4992796.789499,16442851.97045,0,0,0,-1.042853299224,-0.5138836860756,32632665.52203,30946965.0008956,162627311.7425,0.005622919296982,0,0,0,8.276048195323,1.117676253879e-81,0,2.488397433813,-0.5134614071755,-13.87454105999,-0.5180410136322,1.341916996363,-12.68255149108,-23605.19858888,4491.919936612,0,0,259332.200,2296,128,0,150096.7720362
150300,-24116532.96067,4992755.111551,16442630.86992,0,0,0,-1.042892287244,-0.5139427710714,32633114.70074,30947414.1794593,162629672.1974,0.005622919295708,0,0,0,8.275510486818,1.117477518904e-81,0,2.488378725098,-0.5135203899496,-13.87527102421,-0.5179855209183,1.341924767468,-12.68307947302,-23603.90005789,4491.672834381,0,0,259332.300,2296,128,0,150196.7705379
150400,-24116692.35973,4992713.435426,16442409.76687,0,0,0,-1.042931283668,-0.5140018540821,32633563.85475,30947863.3333116,162632032.5225,0.005622919294434,0,0,0,8.274972724379,1.117278788542e-81,0,2.488360012981,-0.5135793710202,-13.87600096736,-0.5179300339589,1.341932539111,-12.68360740339,-23602.6014486,4491.42571725,0,0,259332.400,2296,128,0,150296.7690397
150500,-24116851.75697,4992671.761126,16442188.6613,0,0,0,-1.042970288498,-0.5140609351076,32634012.98405,30948312.4624504,162634392.7177,0.00562291929316,0,0,0,8.274434908028,1.11708006281e-81,0,2.488341297847,-0.5136383498845,-13.8767308832,-0.5178745459168,1.341940311292,-12.68413527597,-23601.30270227,4491.178574041,0,0,259332.500,2296,128,0,150396.7675416
150600,-24117011.15241,4992630.088649,16441967.5532,0,0,0,-1.043009301735,-0.5141200141478,32634462.08863,30948761.566874,162636752.783,0.005622919291887,0,0,0,8.273897037788,1.116881341727e-81,0,2.488322579723,-0.5136973267721,-13.87746077458,-0.5178190522613,1.341948084011,-12.6846630936,-23600.00391679,4490.931423381,0,0,259332.600,2296,128,0,150496.7660435
150700,-24117170.54603,4992588.417996,16441746.44257,0,0,0,-1.043048323378,-0.5141790912026,32634911.16849,30949210.6465805,162639112.7185,0.005622919290613,0,0,0,8.273359113679,1.116682625309e-81,0,2.488303859887,-0.5137563014996,-13.87819063922,-0.5177635612095,1.341955857268,-12.68519085403,-23598.70491596,4490.684231743,0,0,259332.700,2296,128,0,150596.7645455
150800,-24117329.93784,4992546.749167,16441525.32942,0,0,0,-1.04308735343,-0.514238166272,32635360.22363,30949659.701568,162641472.524,0.005622919289339,0,0,0,8.272821135725,1.116483913573e-81,0,2.488285133471,-0.5138152745159,-13.87892048269,-0.517708053008,1.341963631063,-12.6857185628,-23597.40591514,4490.437040105,0,0,259332.800,2296,128,0,150696.7630476
150900,-24117489.32784,4992505.082161,16441304.21375,0,0,0,-1.043126391892,-0.5142972393558,32635809.25406,30950108.7318348,162643832.1996,0.005622919288065,0,0,0,8.272283103948,1.116285206537e-81,0,2.488266405545,-0.5138742451473,-13.87965029664,-0.5176525507853,1.341971405395,-12.6862462116,-23596.10673813,4490.18981494,0,0,259332.900,2296,128,0,150796.7615498
151000,-24117648.71603,4992463.416979,16441083.09555,0,0,0,-1.043165438764,-0.514356310454,32636258.25976,30950557.7371609,162646191.7465,0.005622919286791,0,0,0,8.271527050551,1.116086504217e-81,0,2.48824767469,-0.5139332141583,-13.88038009054,-0.5175970654458,1.341979180265,-12.68677380988,-23595.380253,4490.051569417,0,0,259333.000,2296,128,0,150896.7600521
151100,-24117808.1024,4992421.753621,16440861.97483,0,0,0,-1.043204494047,-0.5144153795664,32636707.24073,30951006.7179805,162648551.1623,0.005622919285518,0,0,0,8.270988919829,1.11588780663e-81,0,2.488228940369,-0.5139921810682,-13.88110985843,-0.5175415396385,1.341986955672,-12.6873013517,-23593.50819812,4489.695329219,0,0,259333.100,2296,128,0,150996.7585545
151200,-24117967.48697,4992380.092086,16440640.85158,0,0,0,-1.043243557743,-0.514474446693,32637156.19698,30951455.6740738,162650910.4481,0.005622919284244,0,0,0,8.270450735357,1.115689113795e-81,0,2.488210204911,-0.5140511460489,-13.88183960245,-0.5174860327657,1.341994731616,-12.68782883919,-23592.2087764,4489.448057488,0,0,259333.200,2296,128,0,151096.7570569
151300,-24118126.86972,4992338.432376,16440419.72581,0,0,0,-1.043282629852,-0.5145335118337,32637605.1285,30951904.6054389,162653269.604,0.00562291928297,0,0,0,8.269912497159,1.115490425728e-81,0,2.488191462591,-0.5141101088669,-13.88256931971,-0.5174305098276,1.342002508098,-12.68835626947,-23590.9091785,4489.200752228,0,0,259333.300,2296,128,0,151196.7555595
151400,-24118286.25066,4992296.774488,16440198.59752,0,0,0,-1.043321710376,-0.5145925749884,32638054.03529,30952353.5120739,162655628.63,0.005622919281696,0,0,0,8.269374205255,1.115291742445e-81,0,2.488172718786,-0.5141690699433,-13.88329901541,-0.5173749923227,1.342010285116,-12.68888364776,-23589.60952186,4488.953435794,0,0,259333.400,2296,128,0,151296.7540621
151500,-24118445.62979,4992255.118424,16439977.4667,0,0,0,-1.043360799316,-0.514651636157,32638502.91735,30952802.393977,162657987.526,0.005622919280422,0,0,0,8.268835859668,1.115093063965e-81,0,2.488153971997,-0.5142280290753,-13.88402868704,-0.5173194910094,1.342018062671,-12.68941097154,-23588.3099631,4488.706137985,0,0,259333.500,2296,128,0,151396.7525648
151600,-24118605.00711,4992213.464184,16439756.33336,0,0,0,-1.043399896672,-0.5147106953394,32638951.77468,30953251.2511464,162660346.292,0.005622919279149,0,0,0,8.268297460421,1.114894390304e-81,0,2.488135222286,-0.5142869859376,-13.88475833059,-0.5172639493757,1.342025840762,-12.68993823681,-23587.01016943,4488.458795473,0,0,259333.600,2296,128,0,151496.7510675
151700,-24118764.38261,4992171.811767,16439535.19749,0,0,0,-1.043439002446,-0.5147697525355,32639400.60727,30953700.0835802,162662704.928,0.005622919277875,0,0,0,8.267759007534,1.11469572148e-81,0,2.488116469187,-0.514345940797,-13.88548794935,-0.5172084273048,1.342033619391,-12.69046544686,-23585.71021914,4488.211423159,0,0,259333.700,2296,128,0,151596.7495704
151800,-24118923.75631,4992130.161174,16439314.0591,0,0,0,-1.043478116638,-0.5148288077453,32639849.41512,30954148.8912765,162665063.434,0.005622919276601,0,0,0,8.267220501031,1.114497057508e-81,0,2.488097714309,-0.5144048937615,-13.88621754466,-0.5171528887316,1.342041398555,-12.69099260303,-23584.41021013,4487.964039668,0,0,259333.800,2296,128,0,151696.7480733
151900,-24119083.12819,4992088.512404,16439092.91819,0,0,0,-1.04351723925,-0.5148878609686,32640298.19824,30954597.6742336,162667421.81,0.005622919275327,0,0,0,8.266681940934,1.114298398408e-81,0,2.488078953219,-0.5144638444964,-13.88694711237,-0.5170973551744,1.342049178257,-12.6915197012,-23583.11010323,4487.716637552,0,0,259333.900,2296,128,0,151796.7465763
152000,-24119242.49826,4992046.865458,16438871.77475,0,0,0,-1.043556370282,-0.5149469122054,32640746.95661,30955046.4322316,162669780.0572,0.005622919274054,0,0,0,8.265925426175,1.114099744195e-81,0,2.488060190471,-0.5145227935939,-13.88767665982,-0.5170418407716,1.342056958494,-12.69204674869,-23582.38247288,4487.578174099,0,0,259334.000,2296,128,0,151896.7450795
152100,-24119401.86652,4992005.220335,16438650.62879,0,0,0,-1.043595509737,-0.5150059614555,32641195.69024,30955495.1657045,162672138.1731,0.00562291927278,0,0,0,8.265386767675,1.113901094887e-81,0,2.488041424769,-0.5145817403064,-13.88840617776,-0.5169862820611,1.342064739267,-12.69257373626,-23580.50963494,4487.22178489,0,0,259334.100,2296,128,0,151996.7435826
152200,-24119561.23296,4991963.577036,16438429.48031,0,0,0,-1.043634657614,-0.5150650087189,32641644.39912,30955943.8744326,162674496.1591,0.005622919271506,0,0,0,8.264848055655,1.1137024505e-81,0,2.488022655662,-0.5146406855368,-13.88913567735,-0.5169307456353,1.342072520577,-12.69310067508,-23579.20926376,4486.974332482,0,0,259334.200,2296,128,0,152096.7420859
152300,-24119720.59759,4991921.93556,16438208.3293,0,0,0,-1.043673813914,-0.5151240539954,32642093.08326,30956392.558414,162676854.015,0.005622919270232,0,0,0,8.264309290138,1.113503811053e-81,0,2.488003883351,-0.5146996284239,-13.88986514794,-0.516875192422,1.342080302422,-12.69362755451,-23577.90876533,4486.726855859,0,0,259334.300,2296,128,0,152196.7405893
152400,-24119879.96041,4991880.295907,16437987.17576,0,0,0,-1.04371297864,-0.5151830972851,32642541.74265,30956841.2176468,162679211.7408,0.005622919268958,0,0,0,8.263770471144,1.113305176561e-81,0,2.487985109568,-0.5147585695829,-13.89059459714,-0.5168196431261,1.342088084803,-12.69415438215,-23576.60820817,4486.479368061,0,0,259334.400,2296,128,0,152296.7390927
152500,-24120039.32142,4991838.658078,16437766.01971,0,0,0,-1.043752151791,-0.5152421385877,32642990.37729,30957289.8521293,162681569.3366,0.005622919267685,0,0,0,8.263231598697,1.113106547042e-81,0,2.487966329299,-0.5148175083455,-13.89132401669,-0.516764110665,1.342095867719,-12.69468114976,-23575.30750419,4486.231852323,0,0,259334.500,2296,128,0,152396.7375962
152600,-24120198.68062,4991797.022072,16437544.86113,0,0,0,-1.043791333369,-0.5153011779033,32643438.98718,30957738.4618596,162683926.8023,0.005622919266411,0,0,0,8.262692672818,1.112907922513e-81,0,2.487947547148,-0.5148764456715,-13.89205341846,-0.5167085267781,1.342103651171,-12.6952078692,-23574.00661423,4485.984301195,0,0,259334.600,2296,128,0,152496.7360998
152700,-24120358.038,4991755.387889,16437323.70002,0,0,0,-1.043830523375,-0.5153602152316,32643887.57231,30958187.0468357,162686284.1379,0.005622919265137,0,0,0,8.262153693529,1.112709302992e-81,0,2.487928762304,-0.5149353805939,-13.89278279048,-0.5166529870055,1.342111435158,-12.69573452851,-23572.705783,4485.736761242,0,0,259334.700,2296,128,0,152596.7346035
152800,-24120517.39357,4991713.75553,16437102.5364,0,0,0,-1.04386972181,-0.5154192505727,32644336.13269,30958635.607056,162688641.3435,0.005622919263863,0,0,0,8.261614660854,1.112510688494e-81,0,2.487909974286,-0.5149943135537,-13.89351213821,-0.516597416154,1.342119219681,-12.69626113317,-23571.40482452,4485.489197075,0,0,259334.800,2296,128,0,152696.7331073
152900,-24120676.74733,4991672.124994,16436881.37024,0,0,0,-1.043908928674,-0.5154782839265,32644784.66831,30959084.1425184,162690998.4189,0.00562291926259,0,0,0,8.261075574813,1.112312079037e-81,0,2.487891184853,-0.5150532445616,-13.89424146179,-0.5165418717202,1.342127004738,-12.6967876833,-23570.10375837,4485.241612419,0,0,259334.900,2296,128,0,152796.7316111
153000,-24120836.09928,4991630.496281,16436660.20157,0,0,0,-1.04394814397,-0.5155373152927,32645233.17917,30959532.6530035,162693355.3654,0.005622919261316,0,0,0,8.260318601936,1.112113474638e-81,0,2.487872388456,-0.515112173695,-13.89497076216,-0.5164863075991,1.342134790331,-12.69731417987,-23569.37488491,4485.102912411,0,0,259335.000,2296,128,0,152896.730115
153100,-24120995.44941,4991588.869391,16436439.03037,0,0,0,-1.043987367697,-0.5155963446714,32645681.66527,30959981.1389449,162695712.1806,0.005622919260042,0,0,0,8.259779418036,1.111914875315e-81,0,2.487853590631,-0.5151711008103,-13.89570003756,-0.5164307195698,1.342142576458,-12.6978406211,-23567.50126391,4484.74637419,0,0,259335.100,2296,128,0,152996.728619
153200,-24121154.79773,4991547.244324,16436217.85665,0,0,0,-1.044026599857,-0.5156553720625,32646130.1266,30960429.600123,162698068.8656,0.005622919258768,0,0,0,8.259240180845,1.111716281083e-81,0,2.487834789941,-0.5152300257289,-13.89642928578,-0.516375150254,1.34215036312,-12.6983670048,-23566.19996285,4484.49874483,0,0,259335.200,2296,128,0,153096.7271231
153300,-24121314.14424,4991505.621081,16435996.68041,0,0,0,-1.044065840452,-0.5157143974659,32646578.56317,30960878.0365359,162700425.4206,0.005622919257494,0,0,0,8.258700890387,1.111517691961e-81,0,2.487815986021,-0.5152889487412,-13.8971585104,-0.5163195542859,1.342158150317,-12.69889333456,-23564.89841707,4484.251068905,0,0,259335.300,2296,128,0,153196.7256273
153400,-24121473.48894,4991463.999661,16435775.50164,0,0,0,-1.044105089481,-0.5157734208814,32647026.97498,30961326.4481819,162702781.8453,0.005622919256221,0,0,0,8.258161546681,1.111319107965e-81,0,2.487797178835,-0.5153478698936,-13.89788771201,-0.516264005006,1.342165938048,-12.69941961095,-23563.59695939,4484.003409743,0,0,259335.400,2296,128,0,153296.7241316
153500,-24121632.83182,4991422.380064,16435554.32035,0,0,0,-1.044144346947,-0.515832442309,32647475.36201,30961774.835059,162705138.1399,0.005622919254947,0,0,0,8.257622149752,1.111120529112e-81,0,2.487778370117,-0.5154067889349,-13.89861688749,-0.5162084239801,1.342173726314,-12.69994583089,-23562.29528637,4483.755709603,0,0,259335.500,2296,128,0,153396.7226359
153600,-24121792.17289,4991380.76229,16435333.13653,0,0,0,-1.044183612849,-0.5158914617486,32647923.72428,30962223.1971654,162707494.3044,0.005622919253673,0,0,0,8.257082699621,1.110921955419e-81,0,2.487759554897,-0.5154657059553,-13.89934603795,-0.516152822018,1.342181515113,-12.70047199547,-23560.99363293,4483.508013189,0,0,259335.600,2296,128,0,153496.7211403
153700,-24121951.51215,4991339.146339,16435111.95019,0,0,0,-1.04422288719,-0.5159504792001,32648372.06177,30962671.5344993,162709850.3386,0.005622919252399,0,0,0,8.25654319631,1.110723386903e-81,0,2.487740738064,-0.515524621038,-13.90007516444,-0.5160972386213,1.342189304447,-12.70099810576,-23559.69170541,4483.26026462,0,0,259335.700,2296,128,0,153596.7196448
153800,-24122110.8496,4991297.532211,16434890.76133,0,0,0,-1.044262169969,-0.5160094946634,32648820.37449,30963119.8470588,162712206.2427,0.005622919251126,0,0,0,8.256003639841,1.110524823581e-81,0,2.487721918349,-0.5155835339587,-13.90080426417,-0.5160416395606,1.342197094315,-12.70152415896,-23558.38979747,4483.012519777,0,0,259335.800,2296,128,0,153696.7181494
153900,-24122270.18523,4991255.919907,16434669.56995,0,0,0,-1.044301461189,-0.5160685081385,32649268.66243,30963568.134842,162714562.0166,0.005622919249852,0,0,0,8.255464030236,1.11032626547e-81,0,2.487703095115,-0.5156424452183,-13.90153334334,-0.515986062396,1.342204884717,-12.70205016128,-23557.08778186,4482.764754444,0,0,259335.900,2296,128,0,153796.7166541
154000,-24122429.51905,4991214.309425,16434448.37604,0,0,0,-1.04434076085,-0.5161275196252,32649716.92559,30964016.3976295,162716917.6614,0.005622919248578,0,0,0,8.25470660249,1.110127712587e-81,0,2.487684270228,-0.5157013544964,-13.90226239799,-0.5159304668354,1.342212675652,-12.70257610877,-23556.35780233,4482.625843957,0,0,259336.000,2296,128,0,153896.7151589
154100,-24122588.85105,4991172.700766,16434227.17961,0,0,0,-1.044380068953,-0.5161865291234,32650165.16397,30964464.6358548,162719273.1748,0.005622919247304,0,0,0,8.25416689557,1.109929164948e-81,0,2.487665439165,-0.5157602613788,-13.902991423,-0.5158748485671,1.342220467121,-12.7031019963,-23554.48337869,4482.269152999,0,0,259336.100,2296,128,0,153996.7136637
154200,-24122748.18125,4991131.09393,16434005.98065,0,0,0,-1.0444193855,-0.516245536633,32650613.37757,30964912.8492983,162721628.5581,0.00562291924603,0,0,0,8.25362713559,1.109730622572e-81,0,2.48764660638,-0.5158191667028,-13.90372042871,-0.5158192491328,1.342228259124,-12.70362783424,-23553.18103028,4482.021324337,0,0,259336.200,2296,128,0,154096.7121686
154300,-24122907.50963,4991089.488918,16433784.77918,0,0,0,-1.04445871049,-0.5163045421541,32651061.56639,30965361.0379583,162723983.811,0.005622919244757,0,0,0,8.253087322571,1.109532085475e-81,0,2.487627770528,-0.5158780695887,-13.90444940425,-0.5157636343714,1.34223605166,-12.70415361171,-23551.87853504,4481.773467734,0,0,259336.300,2296,128,0,154196.7106736
154400,-24123066.83619,4991047.885728,16433563.57517,0,0,0,-1.044498043926,-0.5163635456863,32651509.73042,30965809.2018328,162726338.9338,0.005622919243483,0,0,0,8.252547456536,1.109333553673e-81,0,2.48760893139,-0.5159369706527,-13.90517835724,-0.5157080417997,1.342243844729,-12.70467933634,-23550.57603002,4481.52560927,0,0,259336.400,2296,128,0,154296.7091787
154500,-24123226.16095,4991006.284361,16433342.36865,0,0,0,-1.044537385809,-0.5164225472298,32651957.86967,30966257.34092,162728693.9262,0.005622919242209,0,0,0,8.252007537506,1.109135027183e-81,0,2.487590089242,-0.5159958697289,-13.90590728564,-0.515652431151,1.342251638331,-12.70520500608,-23549.27344669,4481.277735904,0,0,259336.500,2296,128,0,154396.7076839
154600,-24123385.48389,4990964.684817,16433121.15961,0,0,0,-1.044576736138,-0.5164815467843,32652405.98413,30966705.4552181,162731048.7884,0.005622919240935,0,0,0,8.251467565504,1.108936506024e-81,0,2.487571245672,-0.5160547669192,-13.90663619069,-0.5155967977965,1.342259432466,-12.70573062219,-23547.97068717,4481.02982901,0,0,259336.600,2296,128,0,154496.7061891
154700,-24123544.80502,4990923.087096,16432899.94804,0,0,0,-1.044616094916,-0.5165405443499,32652854.07379,30967153.5447252,162733403.5204,0.005622919239661,0,0,0,8.250927540553,1.10873799021e-81,0,2.487552395185,-0.5161136620996,-13.90736507087,-0.5155411833832,1.342267227134,-12.70625618315,-23546.66774168,4480.781886727,0,0,259336.700,2296,128,0,154596.7046945
154800,-24123704.12433,4990881.491197,16432678.73394,0,0,0,-1.044655462144,-0.5165995399263,32653302.13866,30967601.6094395,162735758.122,0.005622919238388,0,0,0,8.250387462673,1.108539479761e-81,0,2.48753354333,-0.5161725552165,-13.90809392551,-0.5154855530265,1.342275022335,-12.7067816883,-23545.36483534,4480.533951893,0,0,259336.800,2296,128,0,154696.7031999
154900,-24123863.44183,4990839.897122,16432457.51733,0,0,0,-1.044694837822,-0.5166585335135,32653750.17874,30968049.6493592,162738112.5934,0.005622919237114,0,0,0,8.249847331888,1.108340974691e-81,0,2.487514688464,-0.5162314462052,-13.90882275381,-0.5154299439784,1.342282818069,-12.70730713685,-23544.0619192,4480.286015198,0,0,259336.900,2296,128,0,154796.7017054
155000,-24124022.75752,4990798.304869,16432236.29819,0,0,0,-1.044734221951,-0.5167175251115,32654198.19402,30968497.6642646,162740466.9355,0.00562291923584,0,0,0,8.249089452526,1.108142475019e-81,0,2.487495830329,-0.516290335649,-13.90955156299,-0.5153743188194,1.342290614335,-12.70783253601,-23543.33085317,4480.146897957,0,0,259337.000,2296,128,0,154896.700211
155100,-24124182.07139,4990756.714439,16432015.07653,0,0,0,-1.044773614533,-0.5167765147201,32654646.18451,30968945.6545895,162742821.1463,0.005622919234566,0,0,0,8.248549224971,1.10794398076e-81,0,2.487476969061,-0.5163492226494,-13.91028034194,-0.5153186692647,1.342298411133,-12.70835787467,-23541.45561711,4479.790052399,0,0,259337.100,2296,128,0,154996.6987166
155200,-24124341.38345,4990715.125831,16431793.85235,0,0,0,-1.044813015568,-0.5168355023392,32655094.15019,30969393.6201141,162745175.2267,0.005622919233293,0,0,0,8.248008944585,1.107745491932e-81,0,2.487458106166,-0.5164081077725,-13.91100909765,-0.5152630391118,1.342306208464,-12.70888315985,-23540.15233881,4479.542046785,0,0,259337.200,2296,128,0,155096.6972224
155300,-24124500.6937,4990673.539047,16431572.62564,0,0,0,-1.044852425058,-0.5168944879687,32655542.09107,30969841.5608368,162747529.1767,0.005622919232019,0,0,0,8.24746861139,1.107547008553e-81,0,2.487439236692,-0.5164669910098,-13.91173783002,-0.5152074108166,1.342314006326,-12.70940839144,-23538.84896263,4479.294022545,0,0,259337.300,2296,128,0,155196.6957282
155400,-24124660.00214,4990631.954085,16431351.39641,0,0,0,-1.044891843004,-0.5169534716086,32655990.00715,30970289.4767556,162749882.9965,0.005622919230745,0,0,0,8.24692822541,1.107348530638e-81,0,2.487420365906,-0.5165258722143,-13.91246653723,-0.5151517696497,1.342321804721,-12.70993356762,-23537.54548857,4479.045979679,0,0,259337.400,2296,128,0,155296.6942341
155500,-24124819.30876,4990590.370946,16431130.16466,0,0,0,-1.044931269406,-0.5170124532588,32656437.89842,30970737.3678686,162752236.6858,0.005622919229471,0,0,0,8.246387786665,1.107150058204e-81,0,2.487401491733,-0.5165847512395,-13.91319521748,-0.515096129724,1.342329603648,-12.7104586866,-23536.24190684,4478.797916323,0,0,259337.500,2296,128,0,155396.6927401
155600,-24124978.61356,4990548.78963,16430908.93038,0,0,0,-1.044970704266,-0.5170714329191,32656885.76488,30971185.2341742,162754590.2448,0.005622919228197,0,0,0,8.245847295178,1.10695159127e-81,0,2.487382614517,-0.5166436283419,-13.91392387392,-0.5150404646683,1.342337403106,-12.71098375154,-23534.93822722,4478.549834341,0,0,259337.600,2296,128,0,155496.6912462
155700,-24125137.91656,4990507.210136,16430687.69359,0,0,0,-1.045010147584,-0.5171304105895,32657333.60654,30971633.0756703,162756943.6734,0.005622919226924,0,0,0,8.245306750971,1.10675312985e-81,0,2.487363735761,-0.5167025034929,-13.91465250622,-0.514984818059,1.342345203096,-12.71150876211,-23533.63444972,4478.301733732,0,0,259337.700,2296,128,0,155596.6897524
155800,-24125297.21773,4990465.632464,16430466.45427,0,0,0,-1.045049599363,-0.5171893862699,32657781.42338,30972080.8923553,162759296.9717,0.00562291922565,0,0,0,8.244766154067,1.106554673962e-81,0,2.487344850345,-0.5167613768125,-13.91538111585,-0.5149291752365,1.342353003618,-12.71203371979,-23532.33055477,4478.053610772,0,0,259337.800,2296,128,0,155696.6882586
155900,-24125456.5171,4990424.056616,16430245.21243,0,0,0,-1.045089059602,-0.5172483599602,32658229.21541,30972528.6842271,162761650.1395,0.005622919224376,0,0,0,8.244225504487,1.106356223623e-81,0,2.487325963183,-0.5168202479688,-13.91610969871,-0.514873519209,1.342360804671,-12.71255862047,-23531.02652277,4477.805461735,0,0,259337.900,2296,128,0,155796.6867649
156000,-24125615.81465,4990382.48259,16430023.96806,0,0,0,-1.045128528302,-0.5173073316603,32658676.98263,30972976.4510665,162764003.1781,0.005622919223102,0,0,0,8.243467176768,1.10615777885e-81,0,2.487307073105,-0.5168791170814,-13.91683825628,-0.5148178620789,1.342368606255,-12.71308346565,-23530.29429194,4477.666122839,0,0,259338.000,2296,128,0,155896.6852713
156100,-24125775.11039,4990340.910386,16429802.72117,0,0,0,-1.045168005466,-0.51736630137,32659124.72503,30973424.1933067,162766356.0852,0.005622919221829,0,0,0,8.242926430965,1.10595933966e-81,0,2.487288179764,-0.5169379843872,-13.91756679148,-0.514762182091,1.34237640837,-12.71360825826,-23528.41825324,4477.309124544,0,0,259338.100,2296,128,0,155996.6837778
156200,-24125934.40431,4990299.340005,16429581.47176,0,0,0,-1.045207491094,-0.5174252690894,32659572.44261,30973871.9107284,162768708.8618,0.005622919220555,0,0,0,8.24238563256,1.105760906069e-81,0,2.487269283739,-0.5169968493423,-13.9182952976,-0.5147065196845,1.342384211016,-12.71413299157,-23527.11399611,4477.060932666,0,0,259338.200,2296,128,0,156096.6822844
156300,-24126093.69643,4990257.771447,16429360.21983,0,0,0,-1.045246985186,-0.5174842348183,32660020.13537,30974319.6033296,162771061.508,0.005622919219281,0,0,0,8.241844781578,1.105562478094e-81,0,2.487250385784,-0.5170557127181,-13.91902378416,-0.5146508618877,1.342392014194,-12.71465767513,-23525.80964111,4476.812722161,0,0,259338.300,2296,128,0,156196.6807911
156400,-24126252.98672,4990216.204711,16429138.96538,0,0,0,-1.045286487745,-0.5175431985567,32660467.80331,30974767.2711086,162773414.0237,0.005622919218007,0,0,0,8.241303878039,1.105364055752e-81,0,2.487231480876,-0.517114573874,-13.91975224326,-0.5145951901584,1.342399817902,-12.71518230103,-23524.50512949,4476.564481854,0,0,259338.400,2296,128,0,156296.6792978
156500,-24126412.2752,4990174.639797,16428917.7084,0,0,0,-1.04532599877,-0.5176021603044,32660915.44642,30975214.9140635,162775766.409,0.005622919216733,0,0,0,8.240762921967,1.105165639061e-81,0,2.487212575038,-0.5171734329066,-13.92048067608,-0.5145395181061,1.34240762214,-12.71570687046,-23523.20054935,4476.316228509,0,0,259338.500,2296,128,0,156396.6778046
156600,-24126571.56187,4990133.076706,16428696.4489,0,0,0,-1.045365518263,-0.5176611200613,32661363.06471,30975662.5321924,162778118.6638,0.00562291921546,0,0,0,8.240221913383,1.104967228035e-81,0,2.487193665694,-0.5172322903753,-13.92120908954,-0.5144838226106,1.342415426909,-12.71623139035,-23521.89594964,4476.067971438,0,0,259338.600,2296,128,0,156496.6763115
156700,-24126730.84673,4990091.515437,16428475.18688,0,0,0,-1.045405046226,-0.5177200778274,32661810.65817,30976110.1254936,162780470.7882,0.005622919214186,0,0,0,8.239680852311,1.104768822693e-81,0,2.48717475368,-0.5172911454195,-13.921937473,-0.5144281395025,1.342423232209,-12.71675585006,-23520.59114438,4475.819675252,0,0,259338.700,2296,128,0,156596.6748185
156800,-24126890.12977,4990049.955991,16428253.92234,0,0,0,-1.045444582659,-0.5177790336025,32662258.2268,30976557.6939652,162782822.7821,0.005622919212912,0,0,0,8.239139738771,1.104570423052e-81,0,2.487155838014,-0.5173499987218,-13.9226658349,-0.5143724717427,1.342431038039,-12.71728025803,-23519.28638805,4475.571388379,0,0,259338.800,2296,128,0,156696.6733256
156900,-24127049.41099,4990008.398367,16428032.65527,0,0,0,-1.045484127562,-0.5178379873866,32662705.7706,30977005.2376053,162785174.6455,0.005622919211638,0,0,0,8.238598572786,1.104372029127e-81,0,2.487136920966,-0.5174088497855,-13.92339416909,-0.5143167834023,1.342438844399,-12.71780460813,-23517.98142617,4475.32306239,0,0,259338.900,2296,128,0,156796.6718328
157000,-24127208.69041,4989966.842566,16427811.38568,0,0,0,-1.045523680938,-0.5178969391796,32663153.28957,30977452.7561946,162787526.3795,0.005622919210365,0,0,0,8.237839799974,1.104173640936e-81,0,2.487117997021,-0.5174676992168,-13.92412248309,-0.5142610795804,1.342446651289,-12.71832890786,-23517.24805989,4475.183507428,0,0,259339.000,2296,128,0,156896.67034
157100,-24127367.968,4989925.288586,16427590.11357,0,0,0,-1.045563242787,-0.5179558889814,32663600.7837,30977900.2501663,162789877.9819,0.005622919209091,0,0,0,8.237298538312,1.103975258496e-81,0,2.487099072058,-0.5175265461754,-13.92485076648,-0.5142053850675,1.342454458709,-12.71885314683,-23515.37127729,4474.826367572,0,0,259339.100,2296,128,0,156996.6688473
157200,-24127527.24379,4989883.736429,16427368.83894,0,0,0,-1.04560281311,-0.5180148367919,32664048.25299,30978347.7193011,162792229.4537,0.005622919207817,0,0,0,8.236757224279,1.103776881823e-81,0,2.487080143585,-0.5175853915353,-13.92557903008,-0.5141496926433,1.342462266658,-12.71937733586,-23514.06603155,4474.577987567,0,0,259339.200,2296,128,0,157096.6673547
157300,-24127686.51776,4989842.186095,16427147.56179,0,0,0,-1.045642391909,-0.518073782611,32664495.69745,30978795.1635971,162794580.7951,0.005622919206543,0,0,0,8.2362158579,1.103578510934e-81,0,2.487061212091,-0.5176442345353,-13.92630726448,-0.5140940026753,1.342470075138,-12.71990146553,-23512.76073687,4474.329598248,0,0,259339.300,2296,128,0,157196.6658622
157400,-24127845.78991,4989800.637582,16426926.28211,0,0,0,-1.045681979184,-0.5181327264386,32664943.11706,30979242.5830525,162796932.0059,0.005622919205269,0,0,0,8.235674439195,1.103380145846e-81,0,2.487042278963,-0.517703075973,-13.92703547955,-0.5140382893227,1.342477884147,-12.72042554572,-23511.45529537,4474.08118099,0,0,259339.400,2296,128,0,157296.6643698
157500,-24128005.06025,4989759.090892,16426704.99991,0,0,0,-1.045721574936,-0.5181916682746,32665390.51183,30979689.9776654,162799283.0861,0.005622919203996,0,0,0,8.235132968187,1.103181786575e-81,0,2.487023339483,-0.517761915151,-13.92776366664,-0.5139825804064,1.342485693685,-12.72094956781,-23510.14977556,4473.83274883,0,0,259339.500,2296,128,0,157396.6628774
157600,-24128164.32878,4989717.546024,16426483.71519,0,0,0,-1.045761179167,-0.5182506081189,32665837.88176,30980137.347434,162801634.0358,0.005622919202722,0,0,0,8.234591444898,1.102983433139e-81,0,2.487004397943,-0.5178207521928,-13.92849182731,-0.5139268712125,1.342493503753,-12.72147353333,-23508.8441285,4473.584292457,0,0,259339.600,2296,128,0,157496.6613852
157700,-24128323.59549,4989676.002978,16426262.42795,0,0,0,-1.045800791877,-0.5183095459714,32666285.22684,30980584.6923564,162803984.8549,0.005622919201448,0,0,0,8.234049869351,1.102785085554e-81,0,2.486985453644,-0.517879587485,-13.92921996632,-0.5138711626345,1.342501314349,-12.72199744706,-23507.5383542,4473.335811868,0,0,259339.700,2296,128,0,157596.659893
157800,-24128482.86039,4989634.461755,16426041.13819,0,0,0,-1.045840413067,-0.5183684818321,32666732.54708,30981032.0124309,162806335.5435,0.005622919200174,0,0,0,8.233508241568,1.102586743836e-81,0,2.486966506009,-0.5179384207727,-13.92994808052,-0.5138154581397,1.342509125475,-12.72252130585,-23506.23254074,4473.08732383,0,0,259339.800,2296,128,0,157696.6584009
157900,-24128642.12347,4989592.922353,16425819.8459,0,0,0,-1.045880042739,-0.5184274157009,32667179.84246,30981479.3076556,162808686.1015,0.0056229191989,0,0,0,8.232966561571,1.102388408002e-81,0,2.486947555386,-0.5179972519916,-13.93067616911,-0.5137597388752,1.34251693713,-12.72304510893,-23504.92665876,4472.838822752,0,0,259339.900,2296,128,0,157796.6569089
158000,-24128801.38474,4989551.384774,16425598.55109,0,0,0,-1.045919680894,-0.5184863475776,32667627.113,30981926.5778111,162811036.53,0.005622919197627,0,0,0,8.232207346934,1.10219007807e-81,0,2.4869286033,-0.5180560811355,-13.93140423203,-0.5137040041321,1.342524749313,-12.72356885621,-23504.19210811,4472.69904241,0,0,259340.000,2296,128,0,157896.6554169
158100,-24128960.64419,4989509.849017,16425377.25376,0,0,0,-1.045959327532,-0.5185452774621,32668074.35868,30982373.8233307,162813386.8267,0.005622919196353,0,0,0,8.231665571807,1.101991754056e-81,0,2.486909644207,-0.5181149084299,-13.93213227206,-0.5136482799131,1.342532562025,-12.72409255049,-23502.31452286,4472.341749817,0,0,259340.100,2296,128,0,157996.6539251
158200,-24129119.90183,4989468.315082,16425155.95391,0,0,0,-1.045998982655,-0.5186042053545,32668521.5795,30982821.0439949,162815736.9929,0.005622919195079,0,0,0,8.23112374454,1.101793435976e-81,0,2.486890683783,-0.5181737336621,-13.93286028657,-0.5135925549702,1.342540375266,-12.72461618914,-23501.00835702,4472.093194723,0,0,259340.200,2296,128,0,158096.6524333
158300,-24129279.15765,4989426.782969,16424934.65154,0,0,0,-1.046038646264,-0.5186631312545,32668968.77547,30983268.239802,162818087.0284,0.005622919193805,0,0,0,8.230581865157,1.101595123848e-81,0,2.486871720555,-0.5182325565516,-13.93358827208,-0.5135368363664,1.342548189035,-12.7251397687,-23499.70208352,4471.84461914,0,0,259340.300,2296,128,0,158196.6509416
158400,-24129438.41166,4989385.252678,16424713.34664,0,0,0,-1.046078318359,-0.5187220551621,32669415.94657,30983715.4107502,162820436.9333,0.005622919192532,0,0,0,8.23003993368,1.101396817686e-81,0,2.486852753922,-0.5182913779302,-13.9343162389,-0.5134811009332,1.342556003333,-12.72566329946,-23498.39567298,4471.59601748,0,0,259340.400,2296,128,0,158296.64945
158500,-24129597.66385,4989343.724209,16424492.03923,0,0,0,-1.046117998942,-0.5187809770772,32669863.09282,30984162.5568375,162822786.7075,0.005622919191258,0,0,0,8.229497950131,1.10119851751e-81,0,2.486833785375,-0.518350197354,-13.93504418152,-0.5134253506496,1.342563818158,-12.72618677594,-23497.08916455,4471.347397193,0,0,259340.500,2296,128,0,158396.6479585
158600,-24129756.91423,4989302.197562,16424270.72929,0,0,0,-1.046157688014,-0.5188398969996,32670310.21421,30984609.6780621,162825136.3511,0.005622919189984,0,0,0,8.228955914532,1.101000223336e-81,0,2.486814810733,-0.5184090144407,-13.93577209522,-0.5133696098497,1.342571633512,-12.72671019341,-23495.78258761,4471.098763868,0,0,259340.600,2296,128,0,158496.6464671
158700,-24129916.1628,4989260.672736,16424049.41683,0,0,0,-1.046197385575,-0.5188988149294,32670757.31073,30985056.7744223,162827485.8641,0.00562291918871,0,0,0,8.228413826907,1.100801935179e-81,0,2.486795834597,-0.5184678295486,-13.93649998443,-0.5133138697514,1.342579449393,-12.72723355631,-23494.47594215,4470.850117505,0,0,259340.700,2296,128,0,158596.6449757
158800,-24130075.40955,4989219.149733,16423828.10185,0,0,0,-1.046237091628,-0.5189577308664,32671204.38238,30985503.8459162,162829835.2463,0.005622919187436,0,0,0,8.227871687276,1.100603653056e-81,0,2.486776854842,-0.5185266430243,-13.93722785344,-0.513258135067,1.342587265803,-12.72775686893,-23493.16916944,4470.601446927,0,0,259340.800,2296,128,0,158696.6434845
158900,-24130234.65448,4989177.628552,16423606.78435,0,0,0,-1.046276806172,-0.5190166448106,32671651.42917,30985950.8925419,162832184.4979,0.005622919186163,0,0,0,8.227329495662,1.100405376985e-81,0,2.486757872152,-0.5185854541661,-13.93795569357,-0.5132023848929,1.34259508274,-12.7282801226,-23491.86231843,4470.352761447,0,0,259340.900,2296,128,0,158796.6419933
159000,-24130393.8976,4989136.109193,16423385.46432,0,0,0,-1.04631652921,-0.5190755567617,32672098.45108,30986397.9140803,162834533.6199,0.005622919184889,0,0,0,8.226569842474,1.100207106982e-81,0,2.486738886047,-0.5186442634714,-13.93868351097,-0.5131466198088,1.342602900204,-12.72880332348,-23491.12662254,4470.212763175,0,0,259341.000,2296,128,0,158896.6405022
159100,-24130553.1389,4989094.591655,16423164.14178,0,0,0,-1.046356260741,-0.5191344667198,32672545.44813,30986844.9109642,162836882.6101,0.005622919183615,0,0,0,8.226027556277,1.100008843063e-81,0,2.4867198987,-0.5187030705576,-13.9394113009,-0.5130908639782,1.342610718196,-12.72932646683,-23489.24830318,4469.855330884,0,0,259341.100,2296,128,0,158996.6390111
159200,-24130712.37839,4989053.07594,16422942.81671,0,0,0,-1.046396000767,-0.5191933746847,32672992.4203,30987291.8829745,162839231.4696,0.005622919182341,0,0,0,8.225485218173,1.099810585245e-81,0,2.486700904789,-0.518761875607,-13.94013906563,-0.5130351081772,1.342618536716,-12.72984955491,-23487.94109,4469.606576487,0,0,259341.200,2296,128,0,159096.6375202
159300,-24130871.61607,4989011.562046,16422721.48912,0,0,0,-1.04643574929,-0.5192522806564,32673439.36759,30987738.8301094,162841580.1983,0.005622919181068,0,0,0,8.224942828185,1.099612333545e-81,0,2.486681908897,-0.5188206789896,-13.94086680973,-0.5129793571951,1.342626355762,-12.73037259232,-23486.63381809,4469.357810915,0,0,259341.300,2296,128,0,159196.6360293
159400,-24131030.85193,4988970.049974,16422500.15901,0,0,0,-1.04647550631,-0.5193111846347,32673886.29001,30988185.7523669,162843928.7963,0.005622919179794,0,0,0,8.224400386333,1.09941408798e-81,0,2.486662910147,-0.5188794803869,-13.94159452926,-0.5129235745655,1.342634175336,-12.73089557511,-23485.3264483,4469.109026715,0,0,259341.400,2296,128,0,159296.6345386
159500,-24131190.08597,4988928.539724,16422278.82638,0,0,0,-1.046515271828,-0.5193700866196,32674333.18755,30988632.6497453,162846277.2636,0.00562291917852,0,0,0,8.22385789264,1.099215848565e-81,0,2.486643908116,-0.5189382795661,-13.94232222133,-0.5128678108102,1.342641995436,-12.73141850041,-23484.0190002,4468.860227615,0,0,259341.500,2296,128,0,159396.6330479
159600,-24131349.3182,4988887.031296,16422057.49123,0,0,0,-1.046555045845,-0.519428986611,32674780.06021,30989079.5222427,162848625.6001,0.005622919177246,0,0,0,8.22331534713,1.099017615318e-81,0,2.486624903211,-0.5189970767064,-13.94304988818,-0.5128120397236,1.342649816063,-12.73194137044,-23482.71150316,4468.611419201,0,0,259341.600,2296,128,0,159496.6315573
159700,-24131508.54861,4988845.524689,16421836.15355,0,0,0,-1.046594828362,-0.5194878846087,32675226.90798,30989526.3698573,162850973.8059,0.005622919175972,0,0,0,8.222772749824,1.098819388256e-81,0,2.48660589643,-0.5190558719194,-13.94377753117,-0.5127562678298,1.342657637217,-12.73246418658,-23481.40381036,4468.362573534,0,0,259341.700,2296,128,0,159596.6300668
159800,-24131667.77721,4988804.019904,16421614.81336,0,0,0,-1.046634619381,-0.5195467806128,32675673.73088,30989973.1925873,162853321.8809,0.005622919174699,0,0,0,8.222230100744,1.098621167394e-81,0,2.486586882907,-0.519114665349,-13.94450515209,-0.5127005017863,1.342665458898,-12.73298695063,-23480.09602946,4468.113711104,0,0,259341.800,2296,128,0,159696.6285763
159900,-24131827.00399,4988762.516941,16421393.47064,0,0,0,-1.046674418902,-0.519605674623,32676120.52888,30990419.9904308,162855669.8251,0.005622919173425,0,0,0,8.221687399913,1.098422952749e-81,0,2.486567868273,-0.5191734563683,-13.94523274319,-0.5126447036216,1.342673281105,-12.73350965483,-23478.78820941,4467.864841223,0,0,259341.900,2296,128,0,159796.627086
160000,-24131986.22896,4988721.0158,16421172.1254,0,0,0,-1.046714226927,-0.5196645666393,32676567.302,30990866.7631687,162858017.6397,0.005622919172151,0,0,0,8.220927311451,1.098224744339e-81,0,2.486548850481,-0.5192322457637,-13.94596031418,-0.5125889240683,1.342681103838,-12.73403230891,-23478.05134872,4467.724621296,0,0,259342.000,2296,128,0,159896.6255957
160100,-24132145.45211,4988679.51648,16420950.77765,0,0,0,-1.046754043456,-0.5197234566616,32677014.05022,30991313.5112338,162860365.3223,0.005622919170877,0,0,0,8.220384516585,1.098026542179e-81,0,2.486529829438,-0.519291032799,-13.94668785597,-0.5125331376333,1.342688927098,-12.73455490377,-23476.17234417,4467.36705862,0,0,259342.100,2296,128,0,159996.6241055
160200,-24132304.67344,4988638.018982,16420729.42737,0,0,0,-1.04679386849,-0.5197823446899,32677460.77356,30991760.2344069,162862712.8741,0.005622919169604,0,0,0,8.219841670044,1.097828346286e-81,0,2.486510806694,-0.5193498181813,-13.9474153773,-0.5124773515569,1.342696750883,-12.73507744817,-23474.86416195,4467.118119821,0,0,259342.200,2296,128,0,160096.6226154
160300,-24132463.89296,4988596.523305,16420508.07457,0,0,0,-1.046833702031,-0.5198412307239,32677907.472,30992206.9326863,162865060.2951,0.00562291916833,0,0,0,8.21929877185,1.097630156677e-81,0,2.486491777387,-0.5194086012868,-13.94814287045,-0.5124215683303,1.342704575195,-12.73559993439,-23473.55601889,4466.869188473,0,0,259342.300,2296,128,0,160196.6211254
160400,-24132623.11067,4988555.02945,16420286.71924,0,0,0,-1.04687354408,-0.5199001147637,32678354.14554,30992653.6060701,162867407.5853,0.005622919167056,0,0,0,8.218755822024,1.097431973368e-81,0,2.486472746463,-0.519467382638,-13.94887034189,-0.5123657546897,1.342712400032,-12.7361223689,-23472.24767027,4466.620218009,0,0,259342.400,2296,128,0,160296.6196354
160500,-24132782.32655,4988513.537417,16420065.3614,0,0,0,-1.046913394637,-0.5199589968091,32678800.79419,30993100.2545564,162869754.7447,0.005622919165782,0,0,0,8.21821282059,1.097233796376e-81,0,2.486453712376,-0.5195261621207,-13.94959779021,-0.512309959193,1.342720225395,-12.7366447503,-23470.93927271,4466.371238232,0,0,259342.500,2296,128,0,160396.6181456
160600,-24132941.54063,4988472.047205,16419844.00104,0,0,0,-1.046953253704,-0.5200178768601,32679247.41794,30993546.8781435,162872101.7732,0.005622919164508,0,0,0,8.217669767569,1.097035625718e-81,0,2.486434675291,-0.5195849390498,-13.95032520692,-0.5122541573134,1.342728051284,-12.7371670701,-23469.63075769,4466.122236103,0,0,259342.600,2296,128,0,160496.6166558
160700,-24133100.75288,4988430.558814,16419622.63815,0,0,0,-1.046993121282,-0.5200767549165,32679694.01678,30993993.4768295,162874448.6708,0.005622919163235,0,0,0,8.217126662984,1.096837461409e-81,0,2.486415635006,-0.5196437140365,-13.9510525996,-0.5121983548102,1.342735877698,-12.73768933589,-23468.322135,4465.873213485,0,0,259342.700,2296,128,0,160596.6151661
160800,-24133259.96333,4988389.072246,16419401.27275,0,0,0,-1.047032997372,-0.5201356309782,32680140.59073,30994440.0506125,162876795.4376,0.005622919161961,0,0,0,8.216583506857,1.096639303467e-81,0,2.486396593042,-0.5197024871934,-13.95177996962,-0.5121425509212,1.342743704637,-12.73821154905,-23467.01346337,4465.624181554,0,0,259342.800,2296,128,0,160696.6136765
160900,-24133419.17195,4988347.587498,16419179.90482,0,0,0,-1.047072881974,-0.5201945050453,32680587.13977,30994886.5994908,162879142.0735,0.005622919160687,0,0,0,8.216040299211,1.096441151907e-81,0,2.486377544305,-0.5197612586488,-13.9525073186,-0.5120867277215,1.342751532102,-12.73873371118,-23465.70463513,4465.37511982,0,0,259342.900,2296,128,0,160796.612187
161000,-24133578.37876,4988306.104572,16418958.53437,0,0,0,-1.047112775091,-0.5202533771174,32681033.6639,30995333.1232452,162881488.5796,0.005622919159413,0,0,0,8.215279778757,1.096243006747e-81,0,2.486358494191,-0.5198200278834,-13.95323464008,-0.5120309170771,1.342759360092,-12.73925581586,-23464.96659006,4465.234674513,0,0,259343.000,2296,128,0,160896.6106975
161100,-24133737.58375,4988264.623468,16418737.16141,0,0,0,-1.047152676722,-0.5203122471947,32681480.16313,30995779.6223085,162883834.9538,0.005622919158139,0,0,0,8.214736477626,1.096044868003e-81,0,2.486339440635,-0.5198787953239,-13.95396193937,-0.5119751000797,1.342767188606,-12.73977786837,-23463.08668499,4464.876940474,0,0,259343.100,2296,128,0,160996.6092082
161200,-24133896.78693,4988223.144185,16418515.78592,0,0,0,-1.047192586869,-0.5203711152769,32681926.63744,30996226.0964616,162886181.197,0.005622919156866,0,0,0,8.214193125051,1.095846735692e-81,0,2.486320384337,-0.519937560289,-13.95468920802,-0.5119192815642,1.342775017646,-12.7402998603,-23461.77760226,4464.627830312,0,0,259343.200,2296,128,0,161096.6077189
161300,-24134055.98829,4988181.666723,16418294.40791,0,0,0,-1.047232505534,-0.520429981364,32682373.08684,30996672.5457026,162888527.3093,0.005622919155592,0,0,0,8.213649721055,1.095648609829e-81,0,2.486301325017,-0.5199963235857,-13.95541645602,-0.5118634678438,1.34278284721,-12.74082180162,-23460.46848036,4464.378712699,0,0,259343.300,2296,128,0,161196.6062297
161400,-24134215.18784,4988140.191083,16418073.02738,0,0,0,-1.047272432716,-0.5204888454559,32682819.51133,30997118.9700296,162890873.2907,0.005622919154318,0,0,0,8.213106265659,1.095450490433e-81,0,2.486282263396,-0.5200550848836,-13.95614367928,-0.5118076226007,1.342790677299,-12.74134368826,-23459.15915292,4464.12955597,0,0,259343.400,2296,128,0,161296.6047406
161500,-24134374.38557,4988098.717264,16417851.64433,0,0,0,-1.047312368418,-0.5205477075525,32683265.9109,30997565.369441,162893219.1411,0.005622919153044,0,0,0,8.212562758887,1.095252377518e-81,0,2.486263195721,-0.5201138440663,-13.95687087637,-0.5117517901909,1.342798507912,-12.74186551877,-23457.84977653,4463.880389929,0,0,259343.500,2296,128,0,161396.6032515
161600,-24134533.58148,4988057.245266,16417630.25876,0,0,0,-1.04735231264,-0.5206065676538,32683712.28556,30998011.7439349,162895564.8606,0.005622919151771,0,0,0,8.21201920076,1.095054271101e-81,0,2.486244126389,-0.5201726011532,-13.95759804752,-0.511695964486,1.34280633905,-12.74238729342,-23456.54032184,4463.631208986,0,0,259343.600,2296,128,0,161496.6017626
161700,-24134692.77558,4988015.77509,16417408.87067,0,0,0,-1.047392265383,-0.5206654257595,32684158.6353,30998458.0935093,162897910.4492,0.005622919150497,0,0,0,8.211475591301,1.0948561712e-81,0,2.48622505409,-0.5202313562451,-13.95832519397,-0.5116401293836,1.342814170711,-12.74290901344,-23455.23073011,4463.382001966,0,0,259343.700,2296,128,0,161596.6002737
161800,-24134851.96786,4987974.306735,16417187.48005,0,0,0,-1.047432226648,-0.5207242818696,32684604.96011,30998904.4181626,162900255.9068,0.005622919149223,0,0,0,8.210931930533,1.09465807783e-81,0,2.486205978419,-0.5202901094938,-13.95905231762,-0.5115842837496,1.342822002897,-12.74343068072,-23453.92111881,4463.132791221,0,0,259343.800,2296,128,0,161696.598785
161900,-24135011.15832,4987932.840201,16416966.08692,0,0,0,-1.047472196437,-0.5207831359841,32685051.26,30999350.7178928,162902601.2334,0.005622919147949,0,0,0,8.210388218477,1.094459991007e-81,0,2.486186901085,-0.5203488607216,-13.95977941626,-0.5115284413411,1.342829835607,-12.74395229307,-23452.61137047,4462.883554399,0,0,259343.900,2296,128,0,161796.5972963
162000,-24135170.34697,4987891.375488,16416744.69127,0,0,0,-1.04751217475,-0.5208419881028,32685497.53497,30999796.992481,162904946.4302,0.005622919146675,0,0,0,8.209627269319,1.09426191075e-81,0,2.486167817245,-0.520407609998,-13.96050649074,-0.5114725994607,1.342837668841,-12.74447385135,-23451.8722389,4462.742902339,0,0,259344.000,2296,144,0,161896.5958076
162100,-24135329.5338,4987849.912597,16416523.29309,0,0,0,-1.047552161588,-0.5209008382256,32685943.78501,31000243.2423598,162907291.4949,0.005622919145402,0,0,0,8.209083464329,1.094063837073e-81,0,2.48614873171,-0.5204663571699,-13.96123353919,-0.5114167504535,1.342845502598,-12.74499535367,-23449.99163887,4462.385036051,0,0,259344.100,2296,144,0,161996.5943191
162200,-24135488.71882,4987808.451527,16416301.8924,0,0,0,-1.047592156953,-0.5209596863525,32686390.01012,31000689.46731,162909636.4285,0.005622919144128,0,0,0,8.208539608127,1.093865769993e-81,0,2.486129643323,-0.520525102164,-13.96196056068,-0.5113609002618,1.342853336879,-12.74551679913,-23448.68152836,4462.135730311,0,0,259344.200,2296,144,0,162096.5928307
162300,-24135647.90202,4987766.992278,16416080.48918,0,0,0,-1.047632160846,-0.5210185324833,32686836.21031,31001135.6673299,162911981.2312,0.005622919142854,0,0,0,8.207995700735,1.093667709527e-81,0,2.486110551402,-0.5205838455513,-13.96268756228,-0.5113050395659,1.342861171684,-12.74603819481,-23447.37140807,4461.886422709,0,0,259344.300,2296,144,0,162196.5913423
162400,-24135807.0834,4987725.53485,16415859.08345,0,0,0,-1.047672173267,-0.521077376618,32687282.38556,31001581.8424176,162914325.9028,0.00562291914158,0,0,0,8.207451742177,1.093469655691e-81,0,2.486091456321,-0.5206425868268,-13.96341453775,-0.5112491801857,1.342869007011,-12.74655953445,-23446.06120947,4461.637100205,0,0,259344.400,2296,144,0,162296.589854
162500,-24135966.26297,4987684.079243,16415637.67519,0,0,0,-1.047712194218,-0.5211362187564,32687728.53587,31002027.9925714,162916670.4434,0.005622919140307,0,0,0,8.206907732474,1.093271608501e-81,0,2.48607235978,-0.5207013260782,-13.96414148817,-0.511193323466,1.342876842862,-12.74708081915,-23444.75089341,4461.387755349,0,0,259344.500,2296,144,0,162396.5883658
162600,-24136125.44072,4987642.625457,16415416.26442,0,0,0,-1.0477522237,-0.5211950588985,32688174.66125,31002474.1177893,162919014.853,0.005622919139033,0,0,0,8.206363671649,1.093073567975e-81,0,2.486053256798,-0.5207600630439,-13.9648684103,-0.5111374592571,1.342884679237,-12.74760204567,-23443.44042074,4461.138380691,0,0,259344.600,2296,144,0,162496.5868777
162700,-24136284.61665,4987601.173493,16415194.85112,0,0,0,-1.047792261713,-0.5212538970442,32688620.76169,31002920.2180697,162921359.1315,0.005622919137759,0,0,0,8.205819559725,1.092875534128e-81,0,2.486034151771,-0.5208187981798,-13.96559530978,-0.5110815926645,1.342892516134,-12.74812321966,-23442.12982082,4460.888981819,0,0,259344.700,2296,144,0,162596.5853897
162800,-24136443.79077,4987559.723349,16414973.43531,0,0,0,-1.04783230826,-0.5213127331934,32689066.8372,31003366.2934106,162923703.2789,0.005622919136485,0,0,0,8.205275396723,1.092677506976e-81,0,2.486015043874,-0.5208775312544,-13.96632218376,-0.5110257166364,1.342900353554,-12.74864433827,-23440.81926005,4460.639590397,0,0,259344.800,2296,144,0,162696.5839017
162900,-24136602.96306,4987518.275027,16414752.01697,0,0,0,-1.04787236334,-0.5213715673459,32689512.88776,31003812.3438102,162926047.2953,0.005622919135211,0,0,0,8.204731182666,1.092479486537e-81,0,2.485995932864,-0.5209362626701,-13.9670490372,-0.51096984249,1.342908191496,-12.74916540647,-23439.50854267,4460.390169173,0,0,259344.900,2296,144,0,162796.5824139
163000,-24136762.13355,4987476.828525,16414530.59612,0,0,0,-1.047912426955,-0.5214303995018,32689958.91338,31004258.3690496,162928391.1818,0.005622919133938,0,0,0,8.203969808096,1.092281472827e-81,0,2.485976820567,-0.5209949915327,-13.96777585905,-0.510913969872,1.342916029962,-12.74968641321,-23438.76818757,4460.249284282,0,0,259345.000,2296,144,0,162896.5809261
163100,-24136921.30221,4987435.383845,16414309.17274,0,0,0,-1.047952499106,-0.5214892296608,32690404.91405,31004704.3695612,162930734.936,0.005622919132664,0,0,0,8.203425501656,1.092083465861e-81,0,2.485957701008,-0.5210537188811,-13.96850266216,-0.5108580888888,1.342923868949,-12.75020737134,-23436.88671638,4459.89125222,0,0,259345.100,2296,144,0,162996.5794384
163200,-24137080.46906,4987393.940985,16414087.74684,0,0,0,-1.047992579794,-0.521548057823,32690850.88978,31005150.3451261,162933078.5591,0.00562291913139,0,0,0,8.202881144237,1.091885465657e-81,0,2.485938580245,-0.5211124440894,-13.96922943878,-0.5108022064287,1.34293170846,-12.75072827313,-23435.57574451,4459.641782567,0,0,259345.200,2296,144,0,163096.5779508
163300,-24137239.63409,4987352.499947,16413866.31843,0,0,0,-1.04803266902,-0.5216068839881,32691296.84056,31005596.2957424,162935422.0512,0.005622919130116,0,0,0,8.20233673586,1.09168747223e-81,0,2.485919456226,-0.521171167106,-13.96995618828,-0.5107463153441,1.342939548492,-12.75124911794,-23434.26470412,4459.392299876,0,0,259345.300,2296,144,0,163196.5764633
163400,-24137398.79731,4987311.060729,16413644.88749,0,0,0,-1.048072766786,-0.5216657081562,32691742.76639,31006042.2214083,162937765.4121,0.005622919128843,0,0,0,8.201792276549,1.091489485598e-81,0,2.485900329386,-0.5212298883382,-13.9706829157,-0.5106904247017,1.342947389046,-12.75176991082,-23432.95350711,4459.142787382,0,0,259345.400,2296,144,0,163296.5749758
163500,-24137557.95871,4987269.623332,16413423.45403,0,0,0,-1.048112873092,-0.5217245303271,32692188.66726,31006488.122122,162940108.6419,0.005622919127569,0,0,0,8.201247766327,1.091291505776e-81,0,2.485881198994,-0.5212886075408,-13.97140961799,-0.5106345370462,1.342955230123,-12.75229064874,-23431.64225138,4458.893263713,0,0,259345.500,2296,144,0,163396.5734884
163600,-24137717.11829,4987228.187756,16413202.01806,0,0,0,-1.048152987939,-0.5217833505007,32692634.54319,31006933.9978817,162942451.7405,0.005622919126295,0,0,0,8.200703205215,1.09109353278e-81,0,2.485862066826,-0.5213473248351,-13.97213629667,-0.510578640808,1.342963071721,-12.75281133321,-23430.33084882,4458.643712103,0,0,259345.600,2296,144,0,163496.5720012
163700,-24137876.27605,4987186.754001,16412980.57956,0,0,0,-1.048193111328,-0.5218421686769,32693080.39415,31007379.8486856,162944794.708,0.005622919125021,0,0,0,8.200158593235,1.090895566628e-81,0,2.485842928348,-0.5214060401135,-13.9728629504,-0.5105227263174,1.342970913841,-12.75333196289,-23429.01940711,4458.394153044,0,0,259345.700,2296,144,0,163596.570514
163800,-24138035.432,4987145.322067,16412759.13855,0,0,0,-1.048233243261,-0.5219009848557,32693526.22016,31007825.6745317,162947137.5444,0.005622919123747,0,0,0,8.199613930412,1.090697607336e-81,0,2.485823788412,-0.5214647530141,-13.97358957471,-0.5104668350845,1.342978756483,-12.75385253332,-23427.70783815,4458.14456977,0,0,259345.800,2296,144,0,163696.5690268
163900,-24138194.58613,4987103.891954,16412537.69501,0,0,0,-1.048273383738,-0.5219597990369,32693972.02121,31008271.4754184,162949480.2496,0.005622919122474,0,0,0,8.199069216766,1.090499654919e-81,0,2.485804645192,-0.5215234641422,-13.97431617708,-0.5104109303142,1.342986599646,-12.75437305198,-23426.39614195,4457.894962281,0,0,259345.900,2296,144,0,163796.5675398
164000,-24138353.73844,4987062.463661,16412316.24895,0,0,0,-1.04831353276,-0.5220186112205,32694417.7973,31008717.2511267,162951822.8248,0.0056229191212,0,0,0,8.198307420082,1.090301709395e-81,0,2.485785498746,-0.5215821729621,-13.97504275088,-0.5103550267716,1.342994443331,-12.75489351226,-23425.65462205,4457.753855735,0,0,259346.000,2296,144,0,163896.5660529
164100,-24138512.88894,4987021.037189,16412094.80038,0,0,0,-1.04835369033,-0.5220774214064,32694863.54842,31009163.0020889,162954165.2676,0.005622919119926,0,0,0,8.197762614604,1.090103770779e-81,0,2.485766348903,-0.5216408802671,-13.97576930593,-0.5102991150737,1.343002287536,-12.75541392398,-23423.77251462,4457.3957026,0,0,259346.100,2296,144,0,163996.564566
164200,-24138672.03762,4986979.612538,16411873.34928,0,0,0,-1.048393856446,-0.5221362295944,32695309.27458,31009608.7280861,162956507.5793,0.005622919118652,0,0,0,8.19721775838,1.089905839088e-81,0,2.48574719756,-0.5216995855567,-13.97649583604,-0.5102431846933,1.343010132263,-12.75593428095,-23422.46057371,4457.146048546,0,0,259346.200,2296,144,0,164096.5630792
164300,-24138831.18448,4986938.189708,16411651.89567,0,0,0,-1.048434031112,-0.5221950357844,32695754.97578,31010054.4291167,162958849.7597,0.005622919117379,0,0,0,8.196672851432,1.089707914337e-81,0,2.485728039631,-0.5217582887888,-13.97722234069,-0.5101872780103,1.343017977511,-12.75645458265,-23421.14849576,4456.896368414,0,0,259346.300,2296,144,0,164196.5615925
164400,-24138990.32952,4986896.768698,16411430.43953,0,0,0,-1.048474214327,-0.5222538399765,32696200.652,31010500.1051785,162961191.8089,0.005622919116105,0,0,0,8.196127893782,1.089509996545e-81,0,2.485708880074,-0.5218169896749,-13.9779488163,-0.510131358107,1.34302582328,-12.75697482552,-23419.83628078,4456.646662205,0,0,259346.400,2296,144,0,164296.5601059
164500,-24139149.47275,4986855.349509,16411208.98088,0,0,0,-1.048514406093,-0.5223126421704,32696646.30326,31010945.75627,162963533.727,0.005622919114831,0,0,0,8.195582885454,1.089312085726e-81,0,2.485689717589,-0.5218756887223,-13.97867526916,-0.5100754384035,1.343033669569,-12.75749501584,-23418.52406579,4456.396955997,0,0,259346.500,2296,144,0,164396.5586194
164600,-24139308.61416,4986813.93214,16410987.51971,0,0,0,-1.048554606411,-0.5223714423661,32697091.92954,31011391.3823892,162965875.5138,0.005622919113557,0,0,0,8.195037826468,1.089114181898e-81,0,2.485670551661,-0.5219343860752,-13.97940170105,-0.510019510852,1.34304151638,-12.7580151554,-23417.21173335,4456.147227436,0,0,259346.600,2296,144,0,164496.5571329
164700,-24139467.75375,4986772.516593,16410766.05601,0,0,0,-1.048594815282,-0.5224302405635,32697537.53085,31011836.9835343,162968217.1693,0.005622919112283,0,0,0,8.194492716849,1.088916285075e-81,0,2.485651384602,-0.5219930811143,-13.9801281043,-0.5099635646277,1.34304936371,-12.75853523654,-23415.89925408,4455.897470936,0,0,259346.700,2296,144,0,164596.5556466
164800,-24139626.89153,4986731.102866,16410544.5898,0,0,0,-1.048635032707,-0.5224890367624,32697983.10718,31012282.5597036,162970558.6936,0.00562291911101,0,0,0,8.193947556618,1.088718395275e-81,0,2.485632210602,-0.5220517740488,-13.98085448151,-0.5099076417317,1.343057211561,-12.75905526186,-23414.58674545,4455.647708848,0,0,259346.800,2296,144,0,164696.5541603
164900,-24139786.02748,4986689.690959,16410323.12107,0,0,0,-1.048675258687,-0.5225478309629,32698428.65854,31012728.1108952,162972900.0867,0.005622919109736,0,0,0,8.193402345798,1.088520512515e-81,0,2.485613034911,-0.5221104651992,-13.98158083663,-0.5098517055814,1.343065059933,-12.75957523532,-23413.27402148,4455.397905782,0,0,259346.900,2296,144,0,164796.5526741
165000,-24139945.16162,4986648.280873,16410101.64982,0,0,0,-1.048715493223,-0.5226066231648,32698874.18491,31013173.6368903,162975241.3496,0.005622919108462,0,0,0,8.192640130301,1.088322636809e-81,0,2.485593855974,-0.5221691543868,-13.98230716747,-0.5097957701043,1.343072908824,-12.76009515472,-23412.5313955,4455.256588757,0,0,259347.000,2296,144,0,164896.551188
165100,-24140104.29394,4986606.872608,16409880.17605,0,0,0,-1.048755736316,-0.522665413368,32699319.68631,31013619.138121,162977582.4801,0.005622919107188,0,0,0,8.192094828202,1.088124768174e-81,0,2.485574674422,-0.5222278414932,-13.98303347255,-0.5097398283427,1.343080758235,-12.7606150186,-23410.64858332,4454.898301512,0,0,259347.100,2296,144,0,164996.5497019
165200,-24140263.42445,4986565.466163,16409658.69975,0,0,0,-1.048795987968,-0.5227242015724,32699765.16272,31014064.6143686,162979923.4793,0.005622919105914,0,0,0,8.19154947559,1.087926906627e-81,0,2.485555489286,-0.5222865264764,-13.98375975135,-0.5096838656553,1.343088608167,-12.76113482645,-23409.33566358,4454.648461193,0,0,259347.200,2296,144,0,165096.548216
165300,-24140422.55313,4986524.061538,16409437.22094,0,0,0,-1.048836248179,-0.522782987778,32700210.61414,31014510.0656312,162982264.3472,0.005622919104641,0,0,0,8.191004072486,1.087729052185e-81,0,2.485536302689,-0.5223452093186,-13.98448600365,-0.5096279280676,1.343096458618,-12.76165457804,-23408.02263617,4454.398600385,0,0,259347.300,2296,144,0,165196.5467301
165400,-24140581.68,4986482.658734,16409215.73962,0,0,0,-1.04887651695,-0.5228417719845,32700656.04058,31014955.491907,162984605.0838,0.005622919103367,0,0,0,8.190458618915,1.087531204862e-81,0,2.485517109338,-0.5224038906278,-13.98521223698,-0.5095719766151,1.343104309588,-12.76217428091,-23406.70961855,4454.148741439,0,0,259347.400,2296,144,0,165296.5452443
165500,-24140740.80505,4986441.257751,16408994.25577,0,0,0,-1.048916794282,-0.522900554192,32701101.44203,31015400.8931942,162986945.6891,0.005622919102093,0,0,0,8.189913114897,1.087333364676e-81,0,2.485497914396,-0.5224625699429,-13.98593844564,-0.5095160254031,1.343112161079,-12.76269392936,-23405.39638559,4453.898841515,0,0,259347.500,2296,144,0,165396.5437586
165600,-24140899.92828,4986399.858588,16408772.7694,0,0,0,-1.048957080177,-0.5229593344004,32701546.81849,31015846.269491,162989286.1631,0.005622919100819,0,0,0,8.189367560457,1.087135531642e-81,0,2.485478716359,-0.5225212467839,-13.98666462367,-0.5094600667565,1.343120013088,-12.76321351745,-23404.0830939,4453.648930416,0,0,259347.600,2296,144,0,165496.542273
165700,-24141059.0497,4986358.461245,16408551.28051,0,0,0,-1.048997374636,-0.5230181126095,32701992.16996,31016291.6207956,162991626.5057,0.005622919099546,0,0,0,8.188821955615,1.086937705777e-81,0,2.485459514932,-0.5225799220663,-13.98739078242,-0.5094040894774,1.343127865617,-12.76373305652,-23402.76969453,4453.398998827,0,0,259347.700,2296,144,0,165596.5407875
165800,-24141218.16929,4986317.065723,16408329.78911,0,0,0,-1.049037677659,-0.5230768888192,32702437.49644,31016736.9471061,162993966.717,0.005622919098272,0,0,0,8.188276300395,1.086739887098e-81,0,2.485440310634,-0.5226385946697,-13.98811690801,-0.5093481357031,1.343135718665,-12.7642525327,-23401.45619729,4453.149048612,0,0,259347.800,2296,144,0,165696.539302
165900,-24141377.28707,4986275.672021,16408108.29518,0,0,0,-1.049077989248,-0.5231356630295,32702882.79791,31017182.2484206,162996306.7969,0.005622919096998,0,0,0,8.187730594819,1.08654207562e-81,0,2.485421104391,-0.5226972659239,-13.9888430169,-0.509292167617,1.343143572232,-12.76477196246,-23400.14263152,4452.899085358,0,0,259347.900,2296,144,0,165796.5378167
166000,-24141536.40303,4986234.280139,16407886.79874,0,0,0,-1.049118309404,-0.5231944352402,32703328.0744,31017627.5245207,162998646.7467,0.005622919095724,0,0,0,8.186967963816,1.086344271359e-81,0,2.485401891385,-0.522755935093,-13.98956909999,-0.5092362021075,1.343151426318,-12.7652913367,-23399.39867434,4452.757515013,0,0,259348.000,2296,144,0,165896.5363314
166100,-24141695.51718,4986192.890078,16407665.29977,0,0,0,-1.049158638127,-0.5232532054513,32703773.32588,31018072.7758381,163000986.5639,0.00562291909445,0,0,0,8.186422167514,1.086146474332e-81,0,2.485382677287,-0.5228146021318,-13.99029515671,-0.5091802106954,1.343159280922,-12.76581065485,-23397.51511825,4452.399086207,0,0,259348.100,2296,144,0,165996.5348462
166200,-24141854.6295,4986151.501837,16407443.79829,0,0,0,-1.049198975419,-0.5233119736626,32704218.55236,31018518.0021542,163003326.2497,0.005622919093177,0,0,0,8.185876320933,1.085948684554e-81,0,2.485363459822,-0.5228732669482,-13.99102118593,-0.5091242333926,1.343167136046,-12.7663299158,-23396.20121969,4452.149059623,0,0,259348.200,2296,144,0,166096.5333611
166300,-24142013.74001,4986110.115416,16407222.29429,0,0,0,-1.049239321282,-0.5233707398742,32704663.75383,31018963.2034671,163005665.8041,0.005622919091903,0,0,0,8.185330424094,1.085750902043e-81,0,2.485344239392,-0.522931929963,-13.99174719285,-0.50906825544,1.343174991687,-12.76684912474,-23394.88727218,4451.899023727,0,0,259348.300,2296,144,0,166196.5318761
166400,-24142172.8487,4986068.730816,16407000.78777,0,0,0,-1.049279675715,-0.5234295040858,32705108.93031,31019408.3797751,163008005.2271,0.005622919090629,0,0,0,8.18478447702,1.085553126814e-81,0,2.485325017166,-0.5229905910364,-13.99247317575,-0.5090122805124,1.343182847848,-12.76736827995,-23393.57322679,4451.648969203,0,0,259348.400,2296,144,0,166296.5303911
166500,-24142331.95557,4986027.348036,16406779.27873,0,0,0,-1.04932003872,-0.5234882662974,32705554.08177,31019853.5310763,163010344.5187,0.005622919089355,0,0,0,8.184238479734,1.085355358883e-81,0,2.485305788101,-0.5230492499674,-13.99319913213,-0.5089562991815,1.343190704526,-12.76788737896,-23392.25898563,4451.398877427,0,0,259348.500,2296,144,0,166396.5289062
166600,-24142491.06062,4985985.967076,16406557.76717,0,0,0,-1.049360410299,-0.5235470265089,32705999.20823,31020298.657369,163012683.6789,0.005622919088082,0,0,0,8.183692432258,1.085157598268e-81,0,2.485286557875,-0.5231079070439,-13.99392506556,-0.5089002917409,1.343198561723,-12.76840642533,-23390.94477384,4451.148791239,0,0,259348.600,2296,144,0,166496.5274215
166700,-24142650.16385,4985944.587936,16406336.25309,0,0,0,-1.049400790451,-0.5236057847202,32706444.30967,31020743.7586512,163015022.7077,0.005622919086808,0,0,0,8.183146334615,1.084959844982e-81,0,2.485267324206,-0.5231665618797,-13.99465097126,-0.5088442987881,1.343206419437,-12.76892541428,-23389.6304446,4450.898682699,0,0,259348.700,2296,144,0,166596.5259368
166800,-24142809.26527,4985903.210616,16406114.7365,0,0,0,-1.049441179179,-0.5236645409311,32706889.38611,31021188.8349212,163017361.605,0.005622919085534,0,0,0,8.182600186828,1.084762099044e-81,0,2.485248087614,-0.5232252150945,-13.9953768569,-0.5087883146403,1.34321427767,-12.76944435349,-23388.31602725,4450.648557395,0,0,259348.800,2296,144,0,166696.5244521
166900,-24142968.36486,4985861.835116,16405893.21738,0,0,0,-1.049481576483,-0.5237232951417,32707334.43753,31021633.8861772,163019700.3709,0.00562291908426,0,0,0,8.182053988918,1.084564360469e-81,0,2.485228847476,-0.5232838659477,-13.99610271332,-0.5087323151149,1.34322213642,-12.7699632338,-23387.00151203,4450.398413464,0,0,259348.900,2296,144,0,166796.5229676
167000,-24143127.46264,4985820.461437,16405671.69575,0,0,0,-1.049521982365,-0.5237820473518,32707779.46393,31022078.9122005,163022039.0065,0.005622919082986,0,0,0,8.181290945719,1.084366629273e-81,0,2.485209606315,-0.523342514622,-13.99682854276,-0.5086763087097,1.343229995688,-12.77048205747,-23386.25646835,4450.256636366,0,0,259349.000,2296,144,0,166896.5214832
167100,-24143286.5586,4985779.089578,16405450.1716,0,0,0,-1.049562396825,-0.5238407975613,32708224.46532,31022523.913423,163024377.5094,0.005622919081713,0,0,0,8.180744657637,1.084168905472e-81,0,2.485190358093,-0.5234011616625,-13.99755435199,-0.5086202945511,1.343237855474,-12.77100083126,-23384.37214877,4449.898062274,0,0,259349.100,2296,144,0,166996.5199988
167200,-24143445.65274,4985737.719538,16405228.64492,0,0,0,-1.049602819865,-0.5238995457701,32708669.44169,31022968.889626,163026715.8809,0.005622919080439,0,0,0,8.180198319509,1.083971189083e-81,0,2.485171107991,-0.5234598068357,-13.99828013811,-0.5085642863416,1.343245715777,-12.77151955228,-23383.05731053,4449.647856876,0,0,259349.200,2296,144,0,167096.5185145
167300,-24143604.74506,4985696.351319,16405007.11573,0,0,0,-1.049643251485,-0.5239582919782,32709114.39303,31023413.8408077,163029054.1209,0.005622919079165,0,0,0,8.179651931357,1.083773480121e-81,0,2.485151855104,-0.5235184496509,-13.99900589504,-0.5085082862107,1.343253576597,-12.77203821446,-23381.74237441,4449.397632852,0,0,259349.300,2296,144,0,167196.5170303
167400,-24143763.83557,4985654.98492,16404785.58403,0,0,0,-1.049683691687,-0.5240170361853,32709559.31936,31023858.7669663,163031392.2294,0.005622919077891,0,0,0,8.179105493205,1.083575778604e-81,0,2.485132599024,-0.5235770904295,-13.99973162677,-0.5084522722182,1.343261437934,-12.77255682178,-23380.42738935,4449.147399515,0,0,259349.400,2296,144,0,167296.5155462
167500,-24143922.92425,4985613.620341,16404564.0498,0,0,0,-1.049724140471,-0.5240757783915,32710004.22066,31024303.6681,163033730.2063,0.005622919076618,0,0,0,8.178559005073,1.083378084545e-81,0,2.485113339539,-0.5236357295094,-14.00048168646,-0.5083962585005,1.343269299788,-12.77309972743,-23379.11227704,4448.897141963,0,0,259349.500,2296,144,0,167396.5140622
167600,-24144082.01112,4985572.257582,16404342.51305,0,0,0,-1.04976459784,-0.5241345185966,32710449.09693,31024748.544207,163036068.0518,0.005622919075344,0,0,0,8.178012466986,1.083180397963e-81,0,2.485094078346,-0.5236943665402,-14.00124600784,-0.508340219293,1.34327716216,-12.77365686511,-23377.79707664,4448.646867648,0,0,259349.600,2296,144,0,167496.5125782
167700,-24144241.09617,4985530.896642,16404120.97379,0,0,0,-1.049805063793,-0.5241932568006,32710893.94817,31025193.3952854,163038405.7657,0.00562291907407,0,0,0,8.177465878966,1.082982718873e-81,0,2.485074810685,-0.5237530013998,-14.00201030091,-0.5082841951069,1.343285025048,-12.77421394486,-23376.48171962,4448.39656353,0,0,259349.700,2296,144,0,167596.5110944
167800,-24144400.1794,4985489.537523,16403899.43201,0,0,0,-1.049845538332,-0.5242519930033,32711338.77438,31025638.2213335,163040743.3481,0.005622919072796,0,0,0,8.176919241035,1.082785047291e-81,0,2.485055541426,-0.5238116344356,-14.00277457021,-0.5082281803465,1.343292888452,-12.7747709712,-23375.1663626,4448.146259412,0,0,259349.800,2296,144,0,167696.5096106
167900,-24144559.26081,4985448.180224,16403677.88771,0,0,0,-1.049886021459,-0.5243107272047,32711783.57556,31026083.0223494,163043080.799,0.005622919071522,0,0,0,8.176372553215,1.082587383233e-81,0,2.485036269166,-0.5238702650723,-14.00353880824,-0.5081721486515,1.343300752374,-12.77532793665,-23373.85080982,4447.895918041,0,0,259349.900,2296,144,0,167796.5081269
168000,-24144718.3404,4985406.824744,16403456.34089,0,0,0,-1.049926513173,-0.5243694594046,32712228.35171,31026527.7981146,163045418.1195,0.005622919070249,0,0,0,8.175609101137,1.082389726715e-81,0,2.485016993872,-0.5239288939806,-14.00430302374,-0.508116119359,1.343308616811,-12.77588484995,-23373.10472858,4447.753943503,0,0,259350.000,2296,144,0,167896.5066433
168100,-24144877.41817,4985365.471085,16403234.79155,0,0,0,-1.049967013476,-0.524428189603,32712673.10282,31026972.5490607,163047755.3072,0.005622919068975,0,0,0,8.1750623237,1.082192077754e-81,0,2.484997716349,-0.5239875208173,-14.00506721223,-0.5080600649897,1.343316481765,-12.77644170663,-23371.21952807,4447.395201772,0,0,259350.100,2296,144,0,167996.5051597
168200,-24145036.49412,4985324.119245,16403013.23969,0,0,0,-1.05000752237,-0.5244869177997,32713117.82889,31027417.2749693,163050092.3634,0.005622919067701,0,0,0,8.174515496451,1.081994436365e-81,0,2.484978432845,-0.5240461456285,-14.00583137432,-0.5080040248145,1.343324347235,-12.7769985073,-23369.90373058,4447.144813836,0,0,259350.200,2296,144,0,168096.5036763
168300,-24145195.56826,4985282.769225,16402791.68532,0,0,0,-1.050048039855,-0.5245456439947,32713562.52993,31027861.9758384,163052429.288,0.005622919066427,0,0,0,8.173968619413,1.081796802565e-81,0,2.484959147252,-0.5241047686703,-14.00659551335,-0.5079479940732,1.343332213222,-12.77755525529,-23368.5879233,4446.894424036,0,0,259350.300,2296,144,0,168196.5021929
168400,-24145354.64057,4985241.421025,16402570.12842,0,0,0,-1.050088565933,-0.5246043681879,32714007.20592,31028306.6516664,163054766.081,0.005622919065154,0,0,0,8.173421692608,1.081599176369e-81,0,2.484939858606,-0.5241633895738,-14.00735962451,-0.507891946944,1.343340079724,-12.77811194582,-23367.27190068,4446.643993258,0,0,259350.400,2296,144,0,168296.5007097
168500,-24145513.71107,4985200.074644,16402348.56901,0,0,0,-1.050129100604,-0.5246630903791,32714451.85687,31028751.3024512,163057102.7423,0.00562291906388,0,0,0,8.172874716058,1.081401557793e-81,0,2.484920567049,-0.5242220085547,-14.00812371061,-0.5078359016692,1.343347946742,-12.77866858169,-23365.95588785,4446.393564343,0,0,259350.500,2296,144,0,168396.4992265
168600,-24145672.77975,4985158.730084,16402127.00708,0,0,0,-1.050169643869,-0.5247218105683,32714896.48278,31029195.9281913,163059439.2721,0.005622919062606,0,0,0,8.172327689787,1.081203946855e-81,0,2.484901272222,-0.5242806250753,-14.00888776464,-0.5077798319082,1.343355814275,-12.7792251559,-23364.63971841,4446.143105626,0,0,259350.600,2296,144,0,168496.4977434
168700,-24145831.84661,4985117.387343,16401905.44264,0,0,0,-1.05021019573,-0.5247805287554,32715341.08364,31029640.5288846,163061775.6703,0.005622919061332,0,0,0,8.171780613816,1.081006343569e-81,0,2.484881975552,-0.5243392398762,-14.00965179625,-0.50772377531,1.343363682324,-12.7797816781,-23363.32346087,4445.892630145,0,0,259350.700,2296,144,0,168596.4962603
168800,-24145990.91164,4985076.046422,16401683.87567,0,0,0,-1.050250756188,-0.5248392449403,32715785.65945,31030085.1045295,163064111.9368,0.005622919060058,0,0,0,8.171233488169,1.080808747951e-81,0,2.484862672349,-0.5243978527814,-14.01041580315,-0.5076677294673,1.343371550889,-12.78033814602,-23362.00716418,4445.642147213,0,0,259350.800,2296,144,0,168696.4947774
168900,-24146149.97486,4985034.70732,16401462.30619,0,0,0,-1.050291325243,-0.5248979591229,32716230.21021,31030529.6551242,163066448.0717,0.005622919058785,0,0,0,8.170686312868,1.080611160018e-81,0,2.484843367869,-0.5244564633789,-14.01117977997,-0.507611666665,1.343379419968,-12.78089455428,-23360.69075982,4445.391643792,0,0,259350.900,2296,144,0,168796.4932945
169000,-24146309.03626,4984993.370038,16401240.73418,0,0,0,-1.050331902897,-0.5249566713031,32716674.73591,31030974.1804501,163068784.0761,0.005622919057511,0,0,0,8.169922455231,1.080413579786e-81,0,2.484824059676,-0.5245150724609,-14.01194373703,-0.5075556055785,1.343387289563,-12.78145091322,-23359.94338653,4445.249423385,0,0,259351.000,2296,144,0,168896.4918117
169100,-24146468.09585,4984952.034576,16401019.15966,0,0,0,-1.050372489151,-0.5250153814808,32717119.23657,31031418.6809388,163071119.9477,0.005622919056237,0,0,0,8.169375190868,1.080216007271e-81,0,2.484804748555,-0.5245736789736,-14.01270766061,-0.5074995205582,1.343395159673,-12.7820072091,-23358.05759872,4444.890569896,0,0,259351.100,2296,144,0,168996.490329
169200,-24146627.15361,4984910.700934,16400797.58262,0,0,0,-1.050413084006,-0.5250740896559,32717563.71217,31031863.1563717,163073455.6876,0.005622919054963,0,0,0,8.168827876927,1.080018442488e-81,0,2.484785435603,-0.5246322841001,-14.01347156612,-0.5074434479738,1.343403030298,-12.78256345735,-23356.7408224,4444.639995694,0,0,259351.200,2296,144,0,169096.4888464
169300,-24146786.20955,4984869.369111,16400576.00307,0,0,0,-1.050453687463,-0.5251327958283,32718008.16271,31032307.6067472,163075791.2958,0.00562291905369,0,0,0,8.168280513432,1.079820885454e-81,0,2.484766116242,-0.5246908868248,-14.01423544032,-0.5073873850119,1.343410901438,-12.78311964474,-23355.42398736,4444.389410317,0,0,259351.300,2296,144,0,169196.4873639
169400,-24146945.26367,4984828.039107,16400354.42099,0,0,0,-1.050494299523,-0.5251914999979,32718452.58819,31032752.0320633,163078126.7724,0.005622919052416,0,0,0,8.167733100403,1.079623336185e-81,0,2.484746795089,-0.5247494874077,-14.0149992866,-0.5073313069533,1.343418773093,-12.78367577465,-23354.10702506,4444.138800725,0,0,259351.400,2296,144,0,169296.4858815
169500,-24147104.31598,4984786.710923,16400132.8364,0,0,0,-1.050534920188,-0.5252502021646,32718896.98861,31033196.4323183,163080462.1173,0.005622919051142,0,0,0,8.167185637865,1.079425794697e-81,0,2.484727471136,-0.5248080860474,-14.01576310755,-0.5072752315049,1.343426645261,-12.7842318497,-23352.79006277,4443.888191134,0,0,259351.500,2296,144,0,169396.4843991
169600,-24147263.36646,4984745.384559,16399911.24929,0,0,0,-1.050575549457,-0.5253089023284,32719341.36397,31033640.8075104,163082797.3304,0.005622919049868,0,0,0,8.166638125839,1.079228261005e-81,0,2.484708143504,-0.5248666828541,-14.01652690462,-0.5072191293144,1.343434517945,-12.78478787131,-23351.4729145,4443.637546152,0,0,259351.600,2296,144,0,169496.4829168
169700,-24147422.41512,4984704.060014,16399689.65966,0,0,0,-1.050616187333,-0.525367600489,32719785.71426,31034085.1576377,163085132.4118,0.005622919048594,0,0,0,8.166090564349,1.079030735126e-81,0,2.484688813253,-0.524925277491,-14.01729067339,-0.5071630416076,1.343442391143,-12.7853438351,-23350.15575644,4443.386899307,0,0,259351.700,2296,144,0,169596.4814346
169800,-24147581.46197,4984662.737289,16399468.06752,0,0,0,-1.050656833817,-0.5254262966465,32720230.03949,31034529.4826984,163087467.3615,0.005622919047321,0,0,0,8.165542953416,1.078833217075e-81,0,2.484669480681,-0.5249838702902,-14.01805441822,-0.5071069627445,1.343450264854,-12.7858997454,-23348.83837325,4443.136209622,0,0,259351.800,2296,144,0,169696.4799525
169900,-24147740.50699,4984621.416383,16399246.47286,0,0,0,-1.050697488908,-0.5254849908008,32720674.33964,31034973.7826908,163089802.1795,0.005622919046047,0,0,0,8.164995293064,1.078635706869e-81,0,2.484650141836,-0.5250424610667,-14.01881813667,-0.507050868644,1.34345813908,-12.78645559982,-23347.52098028,4442.885518074,0,0,259351.900,2296,144,0,169796.4784705
170000,-24147899.5502,4984580.097297,16399024.87567,0,0,0,-1.05073815261,-0.5255436829516,32721118.61473,31035418.0573965,163092136.8669,0.005622919044773,0,0,0,8.164231033195,1.078438204523e-81,0,2.484630801401,-0.5251010498035,-14.01958182855,-0.5069947770333,1.34346601382,-12.78701139813,-23346.77250092,4442.743087187,0,0,259352.000,2296,144,0,169896.4769886
170100,-24148058.59158,4984538.78003,16398803.27598,0,0,0,-1.050778824922,-0.5256023730991,32721562.86475,31035862.3072467,163094471.4214,0.005622919043499,0,0,0,8.163683284337,1.078240710054e-81,0,2.484611458006,-0.5251596365212,-14.0203454941,-0.5069386599374,1.343473889074,-12.7875671406,-23344.88594962,4442.384088412,0,0,259352.100,2296,144,0,169996.4755067
170200,-24148217.63115,4984497.464582,16398581.67376,0,0,0,-1.050819505845,-0.5256610612429,32722007.08969,31036306.5320232,163096805.8441,0.005622919042226,0,0,0,8.163135486137,1.078043223477e-81,0,2.484592111092,-0.5252182213584,-14.02110913514,-0.5068825554435,1.343481764841,-12.78812282905,-23343.56829236,4442.133346573,0,0,259352.200,2296,144,0,170096.4740249
170300,-24148376.66889,4984456.150954,16398360.06902,0,0,0,-1.050860195382,-0.5257197473831,32722451.28956,31036750.7317241,163099140.135,0.005622919040952,0,0,0,8.162587638616,1.077845744808e-81,0,2.484572761092,-0.5252768039017,-14.02187274628,-0.506826461664,1.343489641122,-12.78867845809,-23342.25054701,4441.882587969,0,0,259352.300,2296,144,0,170196.4725432
170400,-24148535.70482,4984414.839145,16398138.46177,0,0,0,-1.050900893532,-0.5257784315196,32722895.46435,31037194.9063475,163101474.2942,0.005622919039678,0,0,0,8.162039741797,1.077648274064e-81,0,2.484553409381,-0.5253353843184,-14.0226363297,-0.5067703423433,1.343497517917,-12.78923402991,-23340.93268419,4441.631807014,0,0,259352.400,2296,144,0,170296.4710616
170500,-24148694.73893,4984373.529156,16397916.852,0,0,0,-1.050941600298,-0.5258371136522,32723339.61406,31037639.0558918,163103808.3215,0.005622919038404,0,0,0,8.161491795703,1.07745081126e-81,0,2.484534051176,-0.5253939629876,-14.02339989034,-0.5067142440241,1.343505395224,-12.78978954946,-23339.61474307,4441.381011158,0,0,259352.500,2296,144,0,170396.4695801
170600,-24148853.77121,4984332.220986,16397695.23972,0,0,0,-1.050982315679,-0.5258957937808,32723783.73869,31038083.1803551,163106142.2171,0.00562291903713,0,0,0,8.160943800357,1.077253356412e-81,0,2.484514691221,-0.5254525396986,-14.02416342546,-0.5066581105855,1.343513273045,-12.79034501399,-23338.29663555,4441.130183637,0,0,259352.600,2296,144,0,170496.4680987
170700,-24149012.80168,4984290.914635,16397473.62491,0,0,0,-1.051023039677,-0.5259544719055,32724227.83823,31038527.2797355,163108475.9809,0.005622919035857,0,0,0,8.16039575578,1.077055909536e-81,0,2.48449532819,-0.5255111142146,-14.02492693196,-0.506601990654,1.343521151379,-12.79090042042,-23336.97848888,4440.879348665,0,0,259352.700,2296,144,0,170596.4666173
170800,-24149171.83032,4984249.610103,16397252.00759,0,0,0,-1.051063772294,-0.526013148026,32724671.9127,31038971.3540314,163110809.6128,0.005622919034583,0,0,0,8.159847661996,1.076858470647e-81,0,2.484475961733,-0.5255696870905,-14.02569041709,-0.5065458809283,1.343529030226,-12.79145577599,-23335.6602639,4440.628498793,0,0,259352.800,2296,144,0,170696.465136
170900,-24149330.85715,4984208.307391,16397030.38775,0,0,0,-1.05110451353,-0.5260718221422,32725115.96207,31039415.4032407,163113143.1129,0.005622919033309,0,0,0,8.159299519028,1.076661039763e-81,0,2.484456593889,-0.5256282575566,-14.02645387081,-0.5064897551035,1.343536909586,-12.79201107068,-23334.34194104,4440.377630293,0,0,259352.900,2296,144,0,170796.4636549
171000,-24149489.88216,4984167.006498,16396808.76539,0,0,0,-1.051145263386,-0.5261304942542,32725559.98636,31039859.4271454,163115476.4823,0.005622919032035,0,0,0,8.158534860255,1.076463616898e-81,0,2.484437219379,-0.5256868261722,-14.0272173004,-0.5064336322931,1.343544789458,-12.79256631177,-23333.59224793,4440.234968439,0,0,259353.000,2296,144,0,170896.4621738
171100,-24149648.90534,4984125.707424,16396587.14052,0,0,0,-1.051186021864,-0.5261891643617,32726003.98556,31040303.4261765,163117809.7187,0.005622919030762,0,0,0,8.157986629338,1.076266202069e-81,0,2.484417843159,-0.5257453926634,-14.02798070231,-0.5063774741722,1.343552669843,-12.79312149571,-23331.70486463,4439.875811338,0,0,259353.100,2296,144,0,170996.4606927
171200,-24149807.92671,4984084.410169,16396365.51313,0,0,0,-1.051226788964,-0.5262478324647,32726447.95966,31040747.4001159,163120142.8233,0.005622919029488,0,0,0,8.157438349313,1.076068795291e-81,0,2.484398463595,-0.5258039572946,-14.02874407997,-0.5063213456649,1.343560550741,-12.79367662594,-23330.38621876,4439.624881372,0,0,259353.200,2296,144,0,171096.4592118
171300,-24149966.94625,4984043.114733,16396143.88322,0,0,0,-1.051267564688,-0.5263064985631,32726891.90867,31041191.3489615,163122475.796,0.005622919028214,0,0,0,8.156890020203,1.07587139658e-81,0,2.48437908109,-0.5258625200313,-14.02950743293,-0.5062652215002,1.34356843215,-12.79423170202,-23329.06751415,4439.373940229,0,0,259353.300,2296,144,0,171196.4577309
171400,-24150125.96398,4984001.821117,16395922.25079,0,0,0,-1.051308349036,-0.5263651626567,32727335.83259,31041635.2727117,163124808.6368,0.00562291902694,0,0,0,8.15634164203,1.075674005952e-81,0,2.484359695428,-0.5259210805958,-14.03027075758,-0.506209079776,1.343576314072,-12.79478672033,-23327.74871167,4439.122980461,0,0,259353.400,2296,144,0,171296.4562502
171500,-24150284.97988,4983960.529319,16395700.61585,0,0,0,-1.05134914201,-0.5264238247456,32727779.73141,31042079.1713646,163127141.3457,0.005622919025666,0,0,0,8.155793214816,1.075476623424e-81,0,2.484340308046,-0.5259796387355,-14.03103405063,-0.5061529408013,1.343584196506,-12.79534167759,-23326.42980151,4438.872000203,0,0,259353.500,2296,144,0,171396.4547695
171600,-24150443.99396,4983919.239341,16395478.97839,0,0,0,-1.051389943611,-0.5264824848296,32728223.60513,31042523.0449185,163129473.9228,0.005622919024393,0,0,0,8.155244738585,1.07527924901e-81,0,2.484320913921,-0.5260381955867,-14.03179732688,-0.5060967753914,1.343592079452,-12.79589658861,-23325.11075432,4438.620993868,0,0,259353.600,2296,144,0,171496.4532889
171700,-24150603.00623,4983877.951182,16395257.33841,0,0,0,-1.05143075384,-0.5265411429085,32728667.45375,31042966.8933715,163131806.3679,0.005622919023119,0,0,0,8.154696213359,1.075081882727e-81,0,2.48430151834,-0.5260967500755,-14.03256057233,-0.5060406243981,1.34359996291,-12.7964514394,-23323.79174628,4438.369994983,0,0,259353.700,2296,144,0,171596.4518084
171800,-24150762.01667,4983836.664842,16395035.69591,0,0,0,-1.051471572698,-0.5265997989824,32729111.27727,31043410.7167218,163134138.6811,0.005622919021845,0,0,0,8.154147639161,1.074884524591e-81,0,2.484282119752,-0.5261553025555,-14.0333237916,-0.5059844822743,1.343607846879,-12.79700623458,-23322.47251311,4438.118953258,0,0,259353.800,2296,144,0,171696.4503279
171900,-24150921.02529,4983795.38032,16394814.0509,0,0,0,-1.051512400185,-0.526658453051,32729555.07568,31043854.5149677,163136470.8624,0.005622919020571,0,0,0,8.153599016013,1.074687174617e-81,0,2.484262717633,-0.5262138530945,-14.03408698558,-0.5059283250393,1.34361573136,-12.79756097503,-23321.15324078,4437.867904082,0,0,259353.900,2296,144,0,171796.4488476
172000,-24151080.03209,4983754.097618,16394592.40337,0,0,0,-1.051553236304,-0.5267171051144,32729998.84899,31044298.2878909,163138802.9129,0.005622919019297,0,0,0,8.152833961673,1.074489832821e-81,0,2.484243312263,-0.5262724016168,-14.03485015326,-0.505872170319,1.343623616353,-12.79811565977,-23320.40237308,4437.72501871,0,0,259354.000,2296,144,0,171896.4473673
172100,-24151239.03708,4983712.816735,16394370.75333,0,0,0,-1.051594081056,-0.5267757551723,32730442.59719,31044742.0359224,163141134.8303,0.005622919018024,0,0,0,8.152285251135,1.074292499218e-81,0,2.484223905377,-0.5263309480825,-14.03561329414,-0.5058159892975,1.343631501857,-12.79867028829,-23318.51445143,4437.365759164,0,0,259354.100,2296,144,0,171996.4458871
172200,-24151398.04024,4983671.537671,16394149.10076,0,0,0,-1.05163493444,-0.5268344032248,32730886.32027,31045185.7588441,163143466.6158,0.00562291901675,0,0,0,8.151736491724,1.074095173826e-81,0,2.484204491863,-0.5263894924932,-14.03637640823,-0.5057598207026,1.343639387872,-12.79922486061,-23317.19478757,4437.114635482,0,0,259354.200,2296,144,0,172096.444407
172300,-24151557.04158,4983630.260425,16393927.44568,0,0,0,-1.051675796459,-0.5268930492717,32731330.01825,31045629.456654,163145798.2693,0.005622919015476,0,0,0,8.151187683463,1.07389785666e-81,0,2.484185076965,-0.5264480349548,-14.03713949691,-0.5057036638563,1.343647274398,-12.79977937811,-23315.87516287,4436.863519251,0,0,259354.300,2296,144,0,172196.442927
172400,-24151716.0411,4983588.984999,16393705.78809,0,0,0,-1.051716667114,-0.526951693313,32731773.69111,31046073.1293505,163148129.7908,0.005622919014202,0,0,0,8.150638826374,1.073700547734e-81,0,2.484165658585,-0.5265065752206,-14.03790255697,-0.5056474899401,1.343655161435,-12.80033383759,-23314.55537177,4436.612371355,0,0,259354.400,2296,144,0,172296.4414471
172500,-24151875.03879,4983547.711391,16393484.12797,0,0,0,-1.051757546405,-0.5270103353484,32732217.33886,31046516.7769318,163150461.1803,0.005622919012929,0,0,0,8.15008992048,1.073503247066e-81,0,2.484146237041,-0.5265651138641,-14.03866559589,-0.5055913257937,1.343663048983,-12.80088824653,-23313.23557088,4436.361221597,0,0,259354.500,2296,144,0,172396.4399672
172600,-24152034.03467,4983506.439603,16393262.46534,0,0,0,-1.051798434333,-0.527068975378,32732660.96149,31046960.3993959,163152792.4379,0.005622919011655,0,0,0,8.149540965804,1.073305954671e-81,0,2.484126813941,-0.5266236499199,-14.03942860107,-0.5055351232001,1.343670937042,-12.80144259235,-23311.9155938,4436.11003831,0,0,259354.600,2296,144,0,172496.4384875
172700,-24152193.02873,4983465.169633,16393040.80019,0,0,0,-1.051839330901,-0.5271276134016,32733104.55901,31047403.9967411,163155123.5634,0.005622919010381,0,0,0,8.148991962369,1.073108670565e-81,0,2.484107384086,-0.5266821845427,-14.04019158758,-0.505478939659,1.343678825611,-12.8019968901,-23310.59550905,4435.858834535,0,0,259354.700,2296,144,0,172596.4370078
172800,-24152352.02096,4983423.901482,16392819.13253,0,0,0,-1.051880236108,-0.5271862494191,32733548.1314,31047847.5689657,163157454.557,0.005622919009107,0,0,0,8.148442910196,1.072911394763e-81,0,2.484087952566,-0.5267407170596,-14.04095454664,-0.5054227663032,1.34368671469,-12.80255113102,-23309.27535579,4435.607617721,0,0,259354.800,2296,144,0,172696.4355282
172900,-24152511.01138,4983382.63515,16392597.46235,0,0,0,-1.051921149956,-0.5272448834305,32733991.67867,31048291.1160677,163159785.4185,0.005622919007833,0,0,0,8.14789380931,1.072714127281e-81,0,2.484068517937,-0.526799247345,-14.04171747661,-0.5053665772703,1.34369460428,-12.80310531347,-23307.95511442,4435.356384143,0,0,259354.900,2296,144,0,172796.4340487
173000,-24152669.99997,4983341.370636,16392375.78965,0,0,0,-1.051962072446,-0.5273035154356,32734435.20081,31048734.6378292,163162116.1491,0.00562291900656,0,0,0,8.147128362742,1.072516868136e-81,0,2.484049080133,-0.5268577756318,-14.04248038052,-0.5053103907632,1.343702494381,-12.8036594405,-23307.20311129,4435.213282704,0,0,259355.000,2296,144,0,172896.4325692
173100,-24152828.98675,4983300.107941,16392154.11443,0,0,0,-1.052003003579,-0.5273621454343,32734878.69783,31049178.1346808,163164446.7466,0.005622919005286,0,0,0,8.146579175024,1.072319617342e-81,0,2.484029638985,-0.5269163023252,-14.04324326367,-0.5052541780898,1.343710384991,-12.8042135174,-23305.31434784,4434.853862971,0,0,259355.100,2296,144,0,172996.4310899
173200,-24152987.9717,4983258.847065,16391932.4367,0,0,0,-1.052043943357,-0.5274207734266,32735322.16972,31049621.6064047,163166777.212,0.005622919004012,0,0,0,8.146029938668,1.072122374915e-81,0,2.484010196194,-0.5269748264211,-14.04400611296,-0.5051979784325,1.343718276111,-12.80476753107,-23303.99374431,4434.602560475,0,0,259355.200,2296,144,0,173096.4296106
173300,-24153146.95483,4983217.588008,16391710.75646,0,0,0,-1.052084891779,-0.5274793994124,32735765.61648,31050065.0529988,163169107.5454,0.005622919002738,0,0,0,8.145480653698,1.071925140873e-81,0,2.483990746915,-0.5270333488305,-14.04476894027,-0.5051417898344,1.343726167741,-12.8053214934,-23302.67317994,4434.35126543,0,0,259355.300,2296,144,0,173196.4281314
173400,-24153305.93614,4983176.33077,16391489.07369,0,0,0,-1.052125848848,-0.5275380233915,32736209.03811,31050508.4744614,163171437.7466,0.005622919001465,0,0,0,8.144931320136,1.071727915229e-81,0,2.48397129612,-0.5270918689476,-14.0455317377,-0.5050855845044,1.343734059881,-12.80587539651,-23301.35248832,4434.099946171,0,0,259355.400,2296,144,0,173296.4266524
173500,-24153464.91563,4983135.07535,16391267.38841,0,0,0,-1.052166814565,-0.5275966453638,32736652.43461,31050951.8707907,163173767.8159,0.005622919000191,0,0,0,8.144381938005,1.071530697999e-81,0,2.483951842191,-0.5271503873637,-14.04629451295,-0.5050293817157,1.343741952531,-12.80642924809,-23300.03168902,4433.848606423,0,0,259355.500,2296,144,0,173396.4251733
173600,-24153623.89329,4983093.821748,16391045.70061,0,0,0,-1.052207788929,-0.5276552653293,32737095.80597,31051395.2419849,163176097.753,0.005622918998917,0,0,0,8.143832507327,1.0713334892e-81,0,2.483932384939,-0.527208903695,-14.04705726103,-0.5049731538491,1.343749845689,-12.80698304316,-23298.71081142,4433.597251773,0,0,259355.600,2296,144,0,173496.4236944
173700,-24153782.86914,4983052.569966,16390824.0103,0,0,0,-1.052248771944,-0.5277138832878,32737539.1522,31051838.5880422,163178427.558,0.005622918997643,0,0,0,8.143283028125,1.071136288848e-81,0,2.483912926016,-0.5272674175411,-14.04781997672,-0.5049169377755,1.343757739358,-12.80753677649,-23297.38980658,4433.345872909,0,0,259355.700,2296,144,0,173596.4222156
173800,-24153941.84316,4983011.320001,16390602.31747,0,0,0,-1.052289763609,-0.5277724992394,32737982.47328,31052281.9089609,163180757.2309,0.005622918996369,0,0,0,8.142733500422,1.070939096957e-81,0,2.483893460428,-0.5273259299558,-14.04858267375,-0.5048607329903,1.343765633535,-12.80809046183,-23296.06872342,4433.094479144,0,0,259355.800,2296,144,0,173696.4207368
173900,-24154100.81537,4982970.071856,16390380.62212,0,0,0,-1.052330763926,-0.5278311131837,32738425.76923,31052725.2047391,163183086.7718,0.005622918995096,0,0,0,8.142183924241,1.070741913544e-81,0,2.483873993234,-0.5273844402686,-14.04934534338,-0.5048045115246,1.343773528222,-12.80864409045,-23294.74754239,4432.843066752,0,0,259355.900,2296,144,0,173796.4192581
174000,-24154259.78575,4982928.825529,16390158.92426,0,0,0,-1.052371772896,-0.5278897251209,32738869.04003,31053168.4751588,163185416.1816,0.005622918993822,0,0,0,8.141418088789,1.070544738624e-81,0,2.483854522973,-0.5274429482933,-14.05010798318,-0.5047482939587,1.343781423417,-12.80919765993,-23293.99439403,4432.699747384,0,0,259356.000,2296,144,0,173896.4177795
174100,-24154418.75431,4982887.58102,16389937.22388,0,0,0,-1.05241279052,-0.5279483350507,32739312.28569,31053611.7206506,163187745.4581,0.005622918992548,0,0,0,8.140868426336,1.070347572213e-81,0,2.483835049322,-0.5275014545851,-14.0508706004,-0.5046920500053,1.343789319122,-12.80975117749,-23292.1049454,4432.340197265,0,0,259356.100,2296,144,0,173996.416301
174200,-24154577.72105,4982846.338331,16389715.52098,0,0,0,-1.052453816798,-0.5280069429731,32739755.50621,31054054.9409965,163190074.6026,0.005622918991274,0,0,0,8.14031871548,1.070150414327e-81,0,2.483815572234,-0.5275599591272,-14.05163319481,-0.5046358351386,1.343797215335,-12.81030464294,-23290.78349029,4432.088732719,0,0,259356.200,2296,144,0,174096.4148226
174300,-24154736.68596,4982805.097459,16389493.81557,0,0,0,-1.052494851733,-0.5280655488879,32740198.70157,31054498.1361948,163192403.6148,0.005622918990001,0,0,0,8.139768956246,1.069953264981e-81,0,2.483796093767,-0.5276184610904,-14.05239575561,-0.5045795970153,1.343805112056,-12.81085804546,-23289.46190794,4431.837243959,0,0,259356.300,2296,144,0,174196.4133443
174400,-24154895.64906,4982763.858406,16389272.10764,0,0,0,-1.052535895325,-0.5281241527951,32740641.87179,31054941.3062435,163194732.4949,0.005622918988727,0,0,0,8.139219148656,1.069756124191e-81,0,2.48377660884,-0.5276769611347,-14.05315829139,-0.5045233593723,1.343813009287,-12.81141139367,-23288.14024728,4431.585740298,0,0,259356.400,2296,144,0,174296.411866
174500,-24155054.61033,4982722.621171,16389050.39719,0,0,0,-1.052576947576,-0.5281827546947,32741085.01686,31055384.4511411,163197061.2429,0.005622918987453,0,0,0,8.138669292733,1.069558991972e-81,0,2.483757121572,-0.5277354596037,-14.05392080664,-0.5044671159849,1.343820907025,-12.81196469205,-23286.81843979,4431.334208697,0,0,259356.500,2296,144,0,174396.4103878
174600,-24155213.56978,4982681.385755,16388828.68423,0,0,0,-1.052618008486,-0.5282413545863,32741528.13677,31055827.5708855,163199389.8586,0.005622918986179,0,0,0,8.138119388499,1.069361868341e-81,0,2.483737631826,-0.5277939554753,-14.05468328803,-0.504410865629,1.343828805272,-12.81251792728,-23285.49657358,4431.08266592,0,0,259356.600,2296,144,0,174496.4089098
174700,-24155372.52741,4982640.152158,16388606.96875,0,0,0,-1.052659078056,-0.5282999524701,32741971.23153,31056270.6654751,163201718.3422,0.005622918984905,0,0,0,8.137569435977,1.069164753313e-81,0,2.483718138816,-0.5278524496499,-14.05544574731,-0.5043546345493,1.343836704027,-12.8130711111,-23284.17463885,4430.831110105,0,0,259356.700,2296,144,0,174596.4074318
174800,-24155531.48322,4982598.920378,16388385.25076,0,0,0,-1.052700156288,-0.5283585483459,32742414.30113,31056713.734908,163204046.6935,0.005622918983632,0,0,0,8.13701943519,1.068967646903e-81,0,2.483698642482,-0.5279109416234,-14.05620817789,-0.5042983817358,1.343844603289,-12.81362423695,-23282.85264539,4430.579543114,0,0,259356.800,2296,144,0,174696.4059538
174900,-24155690.43721,4982557.690417,16388163.53025,0,0,0,-1.052741243183,-0.5284171422135,32742857.34557,31057156.7791824,163206374.9127,0.005622918982358,0,0,0,8.136469386161,1.068770549128e-81,0,2.483679143844,-0.5279694319372,-14.05697058684,-0.5042421280884,1.34385250306,-12.81417731189,-23281.53043658,4430.327935144,0,0,259356.900,2296,144,0,174796.404476
175000,-24155849.38938,4982516.462274,16387941.80723,0,0,0,-1.052782338741,-0.528475734073,32743300.36485,31057599.7980805,163208703.0008,0.005622918981084,0,0,0,8.135703165175,1.068573460002e-81,0,2.483659639278,-0.5280279199775,-14.05773296615,-0.5041858787693,1.343860403339,-12.81473032792,-23280.77610384,4430.184390396,0,0,259357.000,2296,144,0,174896.4029982
175100,-24156008.33972,4982475.23595,16387720.08168,0,0,0,-1.052823442964,-0.5285343239241,32743743.35897,31058042.7920326,163211030.9555,0.00562291897981,0,0,0,8.135153030433,1.068376379542e-81,0,2.483640133074,-0.5280864059916,-14.05849531905,-0.5041296028184,1.343868304125,-12.81528328827,-23278.88596025,4429.82470803,0,0,259357.100,2296,144,0,174996.4015206
175200,-24156167.28824,4982434.011444,16387498.35363,0,0,0,-1.052864555853,-0.5285929117668,32744186.32793,31058485.7608209,163213358.778,0.005622918978537,0,0,0,8.134602847526,1.068179307763e-81,0,2.483620623941,-0.5281448900038,-14.05925764586,-0.5040733451443,1.343876205418,-12.81583619326,-23277.56352631,4429.573057219,0,0,259357.200,2296,144,0,175096.400043
175300,-24156326.23494,4982392.788756,16387276.62305,0,0,0,-1.05290567741,-0.528651497601,32744629.27172,31058928.7044436,163215686.4682,0.005622918977263,0,0,0,8.134052616476,1.067982244681e-81,0,2.483601110886,-0.5282033722531,-14.06001994969,-0.5040170857499,1.343884107219,-12.81638904602,-23276.24103365,4429.321395233,0,0,259357.300,2296,144,0,175196.3985655
175400,-24156485.17982,4982351.567886,16387054.88996,0,0,0,-1.052946807634,-0.5287100814266,32745072.19034,31059371.6228988,163218014.0262,0.005622918975989,0,0,0,8.133502337307,1.067785190311e-81,0,2.483581596634,-0.528261852041,-14.06078222144,-0.5039608169701,1.343892009527,-12.81694183744,-23274.9184431,4429.069714621,0,0,259357.400,2296,144,0,175296.3970881
175500,-24156644.12287,4982310.348835,16386833.15436,0,0,0,-1.052987946527,-0.5287686632436,32745515.0838,31059814.5161848,163220341.4519,0.005622918974715,0,0,0,8.13295201004,1.067588144669e-81,0,2.483562075691,-0.5283203301562,-14.06154447138,-0.5039045524344,1.343899912342,-12.81749457781,-23273.59577425,4428.818019107,0,0,259357.500,2296,144,0,175396.3956107
175600,-24156803.0641,4982269.131601,16386611.41624,0,0,0,-1.053029094091,-0.5288272430517,32745957.95208,31060257.3842998,163222668.7453,0.005622918973441,0,0,0,8.132401634699,1.067391107771e-81,0,2.483542553167,-0.52837880579,-14.06230668897,-0.5038482592473,1.343907815664,-12.81807371828,-23272.27297815,4428.566299379,0,0,259357.600,2296,144,0,175496.3941335
175700,-24156962.00352,4982227.916186,16386389.6756,0,0,0,-1.053070250327,-0.5288858208509,32746400.79519,31060700.2272419,163224995.9065,0.005622918972168,0,0,0,8.131851211307,1.067194079631e-81,0,2.483523027218,-0.5284372801541,-14.06306889002,-0.5037919966406,1.343915719493,-12.81867508538,-23270.95011354,4428.314566612,0,0,259357.700,2296,144,0,175596.3926563
175800,-24157120.9411,4982186.702589,16386167.93245,0,0,0,-1.053111415234,-0.5289443966412,32746843.61313,31061143.0450094,163227322.9353,0.005622918970894,0,0,0,8.131300739885,1.066997060266e-81,0,2.483503498199,-0.5284957519992,-14.06383105823,-0.5037357114031,1.343923623829,-12.81927639353,-23269.62717061,4428.062818944,0,0,259357.800,2296,144,0,175696.3911792
175900,-24157279.87687,4982145.490811,16385946.18678,0,0,0,-1.053152588816,-0.5290029704223,32747286.40589,31061585.8376005,163229649.8319,0.00562291896962,0,0,0,8.130750220458,1.066800049692e-81,0,2.483483965899,-0.528554221897,-14.06459320106,-0.5036794255863,1.343931528672,-12.8198776502,-23268.3040515,4427.811037749,0,0,259357.900,2296,144,0,175796.3897022
176000,-24157438.81082,4982104.28085,16385724.43859,0,0,0,-1.053193771072,-0.5290615421943,32747729.17347,31062028.6047974,163231976.5973,0.005622918968346,0,0,0,8.129983617292,1.066603047923e-81,0,2.483464431891,-0.5286126897002,-14.06535531659,-0.5036231442249,1.343939434021,-12.82047885346,-23267.54853438,4427.667267621,0,0,259358.000,2296,144,0,175896.3882253
176100,-24157597.74294,4982063.072707,16385502.68789,0,0,0,-1.053234962004,-0.529120111957,32748171.91587,31062471.3470303,163234303.2292,0.005622918967073,0,0,0,8.129433012713,1.066406054975e-81,0,2.483444891086,-0.5286711556179,-14.06611740754,-0.5035668356243,1.343947339876,-12.82108000606,-23265.65757836,4427.307430655,0,0,259358.100,2296,144,0,175996.3867485
176200,-24157756.67324,4982021.866383,16385280.93468,0,0,0,-1.053276161613,-0.5291786797102,32748614.63309,31062914.0640815,163236629.7288,0.005622918965799,0,0,0,8.128882360206,1.066209070864e-81,0,2.483425348708,-0.5287296196936,-14.06687947448,-0.5035105565988,1.343955246237,-12.82168110855,-23264.33417539,4427.055595443,0,0,259358.200,2296,144,0,176096.3852718
176300,-24157915.60171,4981980.661876,16385059.17895,0,0,0,-1.0533173699,-0.5292372454541,32749057.32513,31063356.755949,163238956.096,0.005622918964525,0,0,0,8.128331659792,1.066012095606e-81,0,2.483405803245,-0.52878808173,-14.06764151484,-0.5034542551827,1.343963153105,-12.82228215837,-23263.01076263,4426.803758368,0,0,259358.300,2296,144,0,176196.3837951
176400,-24158074.52837,4981939.459187,16384837.4207,0,0,0,-1.053358586865,-0.5292958091883,32749499.99198,31063799.4226311,163241282.3309,0.005622918963251,0,0,0,8.127780911494,1.065815129216e-81,0,2.483386254885,-0.5288465415666,-14.06840352652,-0.5033979559309,1.343971060479,-12.82288315343,-23261.68727156,4426.551906392,0,0,259358.400,2296,144,0,176296.3823185
176500,-24158233.4532,4981898.258317,16384615.65994,0,0,0,-1.053399812511,-0.5293543709128,32749942.63364,31064242.0641261,163243608.4335,0.005622918961977,0,0,0,8.127230115336,1.065618171709e-81,0,2.483366703058,-0.5289049992283,-14.06916550986,-0.5033416584281,1.343978968358,-12.82348409407,-23260.36365325,4426.300030202,0,0,259358.500,2296,144,0,176396.380842
176600,-24158392.37621,4981857.059264,16384393.89666,0,0,0,-1.053441046839,-0.5294129306276,32750385.25012,31064684.6804322,163245934.4037,0.005622918960704,0,0,0,8.126679271341,1.065421223102e-81,0,2.483347149095,-0.5289634552123,-14.06992747132,-0.5032853522202,1.343986876743,-12.82408498676,-23259.03984895,4426.048118621,0,0,259358.600,2296,144,0,176496.3793656
176700,-24158551.2974,4981815.86203,16384172.13086,0,0,0,-1.053482289849,-0.5294714883325,32750827.8414,31065127.2715474,163248260.2415,0.00562291895943,0,0,0,8.12612837953,1.065224283409e-81,0,2.483327588971,-0.5290219088615,-14.07068940236,-0.5032290382109,1.343994785634,-12.82468582295,-23257.71600551,4425.79619959,0,0,259358.700,2296,144,0,176596.3778893
176800,-24158710.21676,4981774.666613,16383950.36256,0,0,0,-1.053523541542,-0.5295300440274,32751270.40749,31065569.8374702,163250585.9469,0.005622918958156,0,0,0,8.125577439927,1.065027352646e-81,0,2.483308027199,-0.5290803606861,-14.07145130961,-0.5031727213397,1.34400269503,-12.82528660929,-23256.39211313,4425.544271246,0,0,259358.800,2296,144,0,176696.3764131
176900,-24158869.13431,4981733.473014,16383728.59173,0,0,0,-1.053564801919,-0.5295885977123,32751712.94839,31066012.3781985,163252911.5199,0.005622918956882,0,0,0,8.125026452555,1.064830430829e-81,0,2.483288462491,-0.5291388104327,-14.07221318977,-0.5031164055504,1.344010604932,-12.82588734248,-23255.0681718,4425.292333588,0,0,259358.900,2296,144,0,176796.3749369
177000,-24159028.05002,4981692.281233,16383506.81839,0,0,0,-1.053606070983,-0.5296471493869,32752155.46409,31066454.8935148,163255236.9616,0.005622918955609,0,0,0,8.124259470568,1.064633517973e-81,0,2.483268894335,-0.529197257866,-14.07297503978,-0.503060091932,1.344018515339,-12.82648801946,-23254.31144093,4425.148332492,0,0,259359.000,2296,144,0,176896.3734608
177100,-24159186.96392,4981651.09127,16383285.04254,0,0,0,-1.053647348733,-0.5297056990514,32752597.9546,31066897.3838492,163257562.2698,0.005622918954335,0,0,0,8.123708398606,1.064436614093e-81,0,2.483249324028,-0.52925570406,-14.07373687363,-0.5030037689252,1.344026426251,-12.82708865424,-23252.41980952,4424.788367003,0,0,259359.100,2296,144,0,176996.3719848
177200,-24159345.87599,4981609.903124,16383063.26417,0,0,0,-1.053688635171,-0.5297642467054,32753040.4199,31067339.8489838,163259887.4456,0.005622918953061,0,0,0,8.123157278951,1.064239719205e-81,0,2.483229747757,-0.5293141477137,-14.07449867438,-0.5029474401522,1.344034337668,-12.82768922985,-23251.09554518,4424.536367878,0,0,259359.200,2296,144,0,177096.3705089
177300,-24159504.78625,4981568.716797,16382841.48328,0,0,0,-1.053729930298,-0.529822792349,32753482.86,31067782.2889169,163262212.4889,0.005622918951787,0,0,0,8.122606111628,1.064042833325e-81,0,2.483210169653,-0.5293725891556,-14.07526044629,-0.5028911063515,1.34404224959,-12.82828975058,-23249.77115359,4424.284344539,0,0,259359.300,2296,144,0,177196.3690331
177400,-24159663.69467,4981527.532287,16382619.69988,0,0,0,-1.053771234115,-0.529881335982,32753925.2749,31068224.7036468,163264537.3998,0.005622918950513,0,0,0,8.122054896657,1.063845956468e-81,0,2.483190588214,-0.5294310290982,-14.07602219866,-0.5028347746911,1.344050162017,-12.82889022573,-23248.44672286,4424.032313749,0,0,259359.400,2296,144,0,177296.3675574
177500,-24159822.60128,4981486.349595,16382397.91396,0,0,0,-1.053812546623,-0.5299398776044,32754367.6646,31068667.0931715,163266862.1783,0.00562291894924,0,0,0,8.121503634063,1.06364908865e-81,0,2.483171003495,-0.5294894667045,-14.07678392058,-0.5027784446841,1.344058074948,-12.82949064439,-23247.12209635,4423.780245706,0,0,259359.500,2296,144,0,177396.3660817
177600,-24159981.50606,4981445.168721,16382176.12553,0,0,0,-1.053853867824,-0.529998417216,32754810.02908,31069109.4574894,163269186.8242,0.005622918947966,0,0,0,8.120952323868,1.063452229885e-81,0,2.483151415731,-0.5295479021432,-14.07754561424,-0.502722105789,1.344065988384,-12.83009100877,-23245.79747963,4423.528179526,0,0,259359.600,2296,144,0,177496.3646062
177700,-24160140.40902,4981403.989665,16381954.33459,0,0,0,-1.053895197718,-0.5300569548167,32755252.36836,31069551.7965986,163271511.3377,0.005622918946692,0,0,0,8.120400966095,1.06325538019e-81,0,2.483131826056,-0.5296063359643,-14.07830728682,-0.5026657602863,1.344073902324,-12.83069132603,-23244.47269652,4423.276081681,0,0,259359.700,2296,144,0,177596.3631307
177800,-24160299.31016,4981362.812426,16381732.54113,0,0,0,-1.053936536306,-0.5301154904065,32755694.68243,31069994.1104973,163273835.7188,0.005622918945418,0,0,0,8.119849560767,1.063058539579e-81,0,2.483112229776,-0.5296647676236,-14.07906893122,-0.5026094114085,1.344081816769,-12.83129158909,-23243.14777636,4423.023957759,0,0,259359.800,2296,144,0,177696.3616553
177900,-24160458.20947,4981321.637005,16381510.74515,0,0,0,-1.05397788359,-0.5301740239852,32756136.97129,31070436.3991838,163276159.9673,0.005622918944145,0,0,0,8.119298107907,1.062861708069e-81,0,2.483092631816,-0.5297231973395,-14.07983055028,-0.5025530631031,1.344089731717,-12.8318918008,-23241.82278769,4422.771820799,0,0,259359.900,2296,144,0,177796.36018
178000,-24160617.10696,4981280.463401,16381288.94666,0,0,0,-1.05401923957,-0.5302325555528,32756579.23493,31070878.6624405,163278484.0844,0.005622918942871,0,0,0,8.118530750461,1.062664885675e-81,0,2.483073030954,-0.5297816247054,-14.08059213872,-0.5024967183566,1.34409764717,-12.83249195585,-23241.06488223,4422.627596185,0,0,259360.000,2296,160,0,177896.3587047
178100,-24160776.00263,4981239.291615,16381067.14565,0,0,0,-1.054060604248,-0.5302910851091,32757021.47335,31071320.9006971,163280808.068,0.005622918941597,0,0,0,8.117979213573,1.062468072412e-81,0,2.483053426835,-0.5298400505082,-14.08135370678,-0.5024403625747,1.344105563127,-12.83309206453,-23239.1726048,4422.267507762,0,0,259360.100,2296,160,0,177996.3572296
178200,-24160934.89647,4981198.121647,16380845.34213,0,0,0,-1.054101977625,-0.5303496126541,32757463.68656,31071763.1137362,163283131.919,0.005622918940323,0,0,0,8.117427629229,1.062271268295e-81,0,2.483033818946,-0.5298984740165,-14.08211524493,-0.5023840014895,1.344113479587,-12.83369211729,-23237.84733226,4422.015316784,0,0,259360.200,2296,160,0,178096.3557545
178300,-24161093.78849,4981156.953496,16380623.53609,0,0,0,-1.054143359703,-0.5304081381876,32757905.87455,31072205.3015558,163285455.6374,0.005622918939049,0,0,0,8.116875997454,1.062074473341e-81,0,2.483014209835,-0.5299568954698,-14.0828767563,-0.502327637075,1.344121396551,-12.83429211725,-23236.52203037,4421.763120219,0,0,259360.300,2296,160,0,178196.3542795
178400,-24161252.67869,4981115.787163,16380401.72754,0,0,0,-1.054184750481,-0.5304666617095,32758348.03732,31072647.4641542,163287779.2234,0.005622918937776,0,0,0,8.116324318268,1.061877687563e-81,0,2.482994594101,-0.5300153148932,-14.0836382412,-0.5022712728232,1.344129314018,-12.83489206476,-23235.19665017,4421.510908753,0,0,259360.400,2296,160,0,178296.3528046
178500,-24161411.56706,4981074.622648,16380179.91647,0,0,0,-1.054226149961,-0.5305251832199,32758790.17487,31073089.6015297,163290102.6768,0.005622918936502,0,0,0,8.115772591697,1.061680910979e-81,0,2.482974976996,-0.5300737325189,-14.08439970268,-0.5022149105724,1.344137231989,-12.83549196285,-23233.87113293,4421.258671209,0,0,259360.500,2296,160,0,178396.3513298
178600,-24161570.45361,4981033.45995,16379958.10289,0,0,0,-1.054267558145,-0.5305837027184,32759232.28719,31073531.7136804,163292425.9976,0.005622918935228,0,0,0,8.115220817761,1.061484143603e-81,0,2.482955356272,-0.5301321480407,-14.08516113673,-0.5021585404563,1.344145150463,-12.83609180751,-23232.54548845,4421.006409451,0,0,259360.600,2296,160,0,178496.3498551
178700,-24161729.33834,4980992.299069,16379736.2868,0,0,0,-1.054308975033,-0.5306422202052,32759674.37428,31073973.8006046,163294749.1859,0.005622918933954,0,0,0,8.114668996484,1.061287385451e-81,0,2.482935732469,-0.5301905612082,-14.08592254009,-0.5021021629522,1.34415306944,-12.83669159551,-23231.21979502,4420.75413838,0,0,259360.700,2296,160,0,178596.3483804
178800,-24161888.22124,4980951.140006,16379514.46819,0,0,0,-1.054350400626,-0.5307007356799,32760116.43615,31074415.8623004,163297072.2416,0.005622918932681,0,0,0,8.11411712789,1.061090636537e-81,0,2.482916106767,-0.5302489727035,-14.08668392166,-0.5020457819781,1.34416098892,-12.83729133572,-23229.89406244,4420.501859859,0,0,259360.800,2296,160,0,178696.3469059
178900,-24162047.10232,4980909.982761,16379292.64706,0,0,0,-1.054391834926,-0.5307592491427,32760558.47278,31074857.8987661,163299395.1647,0.005622918931407,0,0,0,8.113565212,1.060893896878e-81,0,2.482896474465,-0.5303073822946,-14.0874452784,-0.5019894016056,1.344168908903,-12.83789102514,-23228.5681341,4420.249544084,0,0,259360.900,2296,160,0,178796.3454314
179000,-24162205.98158,4980868.827332,16379070.82342,0,0,0,-1.054433277934,-0.5308177605933,32761000.48419,31075299.9097841,163301717.9563,0.005622918930133,0,0,0,8.112797482465,1.060697166489e-81,0,2.482876841088,-0.5303657893756,-14.08820660243,-0.5019330417151,1.344176829389,-12.83849065586,-23227.80912256,4420.105108991,0,0,259361.000,2296,160,0,178896.343957
179100,-24162364.85901,4980827.673721,16378848.99727,0,0,0,-1.05447472965,-0.5308762700316,32761442.47036,31075741.8957842,163304040.6142,0.005622918928859,0,0,0,8.112245483111,1.060500445384e-81,0,2.482857203777,-0.530424195128,-14.08896790913,-0.5018766375351,1.344184750378,-12.8390902433,-23225.9160327,4419.744865969,0,0,259361.100,2296,160,0,178996.3424827
179200,-24162523.73462,4980786.521928,16378627.1686,0,0,0,-1.054516190077,-0.5309347774576,32761884.43129,31076183.8565488,163306363.1395,0.005622918927585,0,0,0,8.111693436539,1.06030373358e-81,0,2.482837563638,-0.5304825983573,-14.08972918295,-0.5018202447215,1.344192671869,-12.83968977189,-23224.58987922,4419.492507353,0,0,259361.200,2296,160,0,179096.3410085
179300,-24162682.60841,4980745.371952,16378405.33741,0,0,0,-1.054557659214,-0.5309932828712,32762326.36699,31076625.7920761,163308685.5322,0.005622918926312,0,0,0,8.111141342772,1.060107031092e-81,0,2.482817920035,-0.5305409996715,-14.09049043181,-0.5017638466313,1.344200593862,-12.84028924955,-23223.26366702,4419.240137562,0,0,259361.300,2296,160,0,179196.3395344
179400,-24162841.48037,4980704.223793,16378183.50372,0,0,0,-1.054599137064,-0.5310517862722,32762768.27745,31077067.7023643,163311007.7922,0.005622918925038,0,0,0,8.110589201833,1.059910337935e-81,0,2.482798274697,-0.5305993991466,-14.0912516567,-0.5017074499811,1.344208516358,-12.84088867728,-23221.93725905,4418.987730518,0,0,259361.400,2296,160,0,179296.3380603
179500,-24163000.35051,4980663.077452,16377961.6675,0,0,0,-1.054640623626,-0.5311102876606,32763210.16266,31077509.5874117,163313329.9196,0.005622918923764,0,0,0,8.110037013744,1.059713654125e-81,0,2.482778622611,-0.5306577962938,-14.09201285124,-0.5016510754236,1.344216439355,-12.84148804871,-23220.61077278,4418.735308573,0,0,259361.500,2296,160,0,179396.3365863
179600,-24163159.21882,4980621.932928,16377739.82877,0,0,0,-1.054682118903,-0.5311687870363,32763652.02264,31077951.4472165,163315651.9144,0.00562291892249,0,0,0,8.10948477853,1.059516979676e-81,0,2.482758969077,-0.5307161916971,-14.09277402305,-0.501594654788,1.344224362855,-12.84208737147,-23219.28418862,4418.482868001,0,0,259361.600,2296,160,0,179496.3351124
179700,-24163318.08531,4980580.790221,16377517.98753,0,0,0,-1.054723622896,-0.5312272843991,32764093.85737,31078393.2817769,163317973.7765,0.005622918921217,0,0,0,8.108932496212,1.059320314604e-81,0,2.482739312575,-0.5307745847222,-14.09353516386,-0.5015382450235,1.344232286857,-12.84268663728,-23217.95754573,4418.230416253,0,0,259361.700,2296,160,0,179596.3336386
179800,-24163476.94998,4980539.649331,16377296.14378,0,0,0,-1.054765135605,-0.531285779749,32764535.66686,31078835.091091,163320295.5059,0.005622918919943,0,0,0,8.108380166813,1.059123658925e-81,0,2.482719652677,-0.5308329760381,-14.09429628239,-0.5014818321087,1.34424021136,-12.84328585487,-23216.63082453,4417.977949604,0,0,259361.800,2296,160,0,179696.3321649
179900,-24163635.81282,4980498.510259,16377074.29751,0,0,0,-1.054806657031,-0.5313442730859,32764977.45109,31079276.8751571,163322617.1026,0.005622918918669,0,0,0,8.107827790357,1.058927012654e-81,0,2.48269999072,-0.5308913654338,-14.09505737589,-0.501425419534,1.344248136365,-12.8438850215,-23215.30394673,4417.725453153,0,0,259361.900,2296,160,0,179796.3306913
180000,-24163794.67384,4980457.373004,16376852.44872,0,0,0,-1.054848187177,-0.5314027644096,32765419.21008,31079718.6337579,163324938.5678,0.005622918917395,0,0,0,8.107059692105,1.058730375806e-81,0,2.482680322526,-0.5309497526902,-14.09581844151,-0.5013690228785,1.344256061872,-12.84448413431,-23214.54363335,4417.580770329,0,0,259362.000,2296,160,0,179896.3292177
180100,-24163953.53304,4980416.237566,16376630.59742,0,0,0,-1.054889726042,-0.5314612537201,32765860.94381,31080160.3673227,163327259.8992,0.005622918916121,0,0,0,8.106507232748,1.058533748396e-81,0,2.482660652711,-0.5310081377453,-14.09657947843,-0.5013125911519,1.34426398788,-12.8450831925,-23212.6500345,4417.220430449,0,0,259362.100,2296,160,0,179996.3277443
180200,-24164112.39041,4980375.103945,16376408.74361,0,0,0,-1.054931273628,-0.5315197410172,32766302.6523,31080602.0756342,163329581.0978,0.005622918914848,0,0,0,8.105954726411,1.05833713044e-81,0,2.482640979948,-0.5310665209505,-14.09734049124,-0.5012561648263,1.344271914389,-12.84568220066,-23211.32291199,4416.967887431,0,0,259362.200,2296,160,0,180096.3262709
180300,-24164271.24595,4980333.972141,16376186.88728,0,0,0,-1.054972829936,-0.531578226301,32766744.33552,31081043.7586906,163331902.1638,0.005622918913574,0,0,0,8.105402173117,1.058140521953e-81,0,2.482621303507,-0.5311249022045,-14.09810147861,-0.5011997364925,1.3442798414,-12.84628115746,-23209.99573075,4416.715333238,0,0,259362.300,2296,160,0,180196.3247976
180400,-24164430.09968,4980292.842154,16375965.02844,0,0,0,-1.055014394968,-0.5316367095712,32767185.99349,31081485.4164901,163334223.097,0.0056229189123,0,0,0,8.104849572888,1.05794392295e-81,0,2.482601623826,-0.5311832811837,-14.09886243634,-0.5011433067512,1.344287768911,-12.8468800587,-23208.66842226,4416.462754831,0,0,259362.400,2296,160,0,180296.3233244
180500,-24164588.95158,4980251.713985,16375743.16708,0,0,0,-1.055055968723,-0.5316951908277,32767627.62621,31081927.0490308,163336543.8974,0.005622918911026,0,0,0,8.104296925748,1.057747333447e-81,0,2.482581942572,-0.5312416583454,-14.09962337037,-0.5010868996088,1.344295696924,-12.84747891033,-23207.34112356,4416.210178286,0,0,259362.500,2296,160,0,180396.3218513
180600,-24164747.80165,4980210.587632,16375521.30321,0,0,0,-1.055097551205,-0.5317536700706,32768069.23366,31082368.6563111,163338864.5652,0.005622918909753,0,0,0,8.103744231719,1.057550753458e-81,0,2.4825622546,-0.531300033295,-14.10038427557,-0.5010304474181,1.344303625437,-12.84807770723,-23206.0136193,4415.957562625,0,0,259362.600,2296,160,0,180496.3203782
180700,-24164906.6499,4980169.463097,16375299.43683,0,0,0,-1.055139142412,-0.5318121472996,32768510.81585,31082810.2383292,163341185.1002,0.005622918908479,0,0,0,8.103191490825,1.057354183e-81,0,2.482542565196,-0.5313584064412,-14.10114515727,-0.5009739993297,1.344311554451,-12.84867645471,-23204.68596822,4415.704919025,0,0,259362.700,2296,160,0,180596.3189053
180800,-24165065.49633,4980128.340379,16375077.56793,0,0,0,-1.055180742347,-0.5318706225147,32768952.37277,31083251.7950832,163343505.5024,0.005622918907205,0,0,0,8.102638703088,1.057157622086e-81,0,2.482522872184,-0.5314167776922,-14.10190601426,-0.5009175596844,1.344319483965,-12.8492751516,-23203.35832693,4415.452277288,0,0,259362.800,2296,160,0,180696.3174324
180900,-24165224.34093,4980087.219477,16374855.69651,0,0,0,-1.055222351011,-0.5319290957157,32769393.90443,31083693.3265713,163345825.7718,0.005622918905931,0,0,0,8.102085868531,1.056961070733e-81,0,2.482503176253,-0.5314751466171,-14.10266684093,-0.5008611327582,1.34432741398,-12.84987379227,-23202.03053881,4415.199607611,0,0,259362.900,2296,160,0,180796.3159596
181000,-24165383.1837,4980046.100393,16374633.82259,0,0,0,-1.055263968405,-0.5319875669026,32769835.41082,31084134.8325763,163348145.9096,0.005622918904657,0,0,0,8.10131740494,1.056764528956e-81,0,2.482483476828,-0.5315335135777,-14.10342764199,-0.5008046920038,1.344335344495,-12.85047238145,-23201.26916831,4415.05472362,0,0,259363.000,2296,160,0,180896.3144869
181100,-24165542.02466,4980004.983125,16374411.94615,0,0,0,-1.05530559453,-0.5320460360753,32770276.89194,31084576.3135274,163350465.9135,0.005622918903384,0,0,0,8.100764488046,1.05656799677e-81,0,2.482463775736,-0.5315918787962,-14.10418842035,-0.5007482228312,1.34434327551,-12.85107092203,-23199.37474724,4414.694227278,0,0,259363.100,2296,160,0,180996.3130143
181200,-24165700.86378,4979963.867675,16374190.06719,0,0,0,-1.055347229386,-0.5321045032337,32770718.34779,31085017.7692075,163352785.7845,0.00562291890211,0,0,0,8.100211524411,1.056371474191e-81,0,2.482444067788,-0.5316502415269,-14.10494916628,-0.5006917646506,1.344351207025,-12.85166940431,-23198.04663611,4414.441496134,0,0,259363.200,2296,160,0,181096.3115417
181300,-24165859.70109,4979922.754041,16373968.18572,0,0,0,-1.055388872976,-0.5321629683776,32771159.77837,31085459.1996145,163355105.5228,0.005622918900836,0,0,0,8.099658514057,1.056174961233e-81,0,2.482424358651,-0.5317086025211,-14.10570988957,-0.500635303229,1.34435913904,-12.85226783807,-23196.71849562,4414.188759401,0,0,259363.300,2296,160,0,181196.3100693
181400,-24166018.53657,4979881.642224,16373746.30174,0,0,0,-1.055430525301,-0.5322214315071,32771601.18368,31085900.6047468,163357425.1282,0.005622918899562,0,0,0,8.099105457006,1.055978457911e-81,0,2.482404646127,-0.5317669615401,-14.10647058712,-0.5005788596523,1.344367071555,-12.85286622022,-23195.39023767,4413.936000317,0,0,259363.400,2296,160,0,181296.3085969
181500,-24166177.37022,4979840.532225,16373524.41524,0,0,0,-1.05547218636,-0.5322798926218,32772042.5637,31086341.9846026,163359744.6008,0.005622918898289,0,0,0,8.098552353281,1.055781964242e-81,0,2.482384930725,-0.5318253180166,-14.10723125153,-0.5005224036625,1.34437500457,-12.85346454335,-23194.06194056,4413.683233783,0,0,259363.500,2296,160,0,181396.3071246
181600,-24166336.20205,4979799.424042,16373302.52623,0,0,0,-1.055513856156,-0.5323383517219,32772483.91845,31086783.3391801,163362063.9406,0.005622918897015,0,0,0,8.097999202907,1.055585480239e-81,0,2.482365213168,-0.5318836729532,-14.10799189586,-0.5004659190909,1.344382938084,-12.85406282055,-23192.73345748,4413.430431858,0,0,259363.600,2296,160,0,181496.3056524
181700,-24166495.03205,4979758.317675,16373080.63471,0,0,0,-1.05555553469,-0.5323968088071,32772925.24792,31087224.6684775,163364383.1475,0.005622918895741,0,0,0,8.097446005904,1.055389005919e-81,0,2.482345488736,-0.5319420261676,-14.10875251775,-0.5004094434438,1.344390872097,-12.85466104945,-23191.40484715,4413.177605718,0,0,259363.700,2296,160,0,181596.3041803
181800,-24166653.86024,4979717.213126,16372858.74067,0,0,0,-1.055597221962,-0.5324552638775,32773366.55211,31087665.972493,163366702.2216,0.005622918894467,0,0,0,8.096892762297,1.055192541296e-81,0,2.482325763081,-0.5320003768614,-14.10951310678,-0.5003529669331,1.34439880661,-12.85525921963,-23190.07638365,4412.924807519,0,0,259363.800,2296,160,0,181696.3027083
181900,-24166812.68659,4979676.110393,16372636.84412,0,0,0,-1.055638917975,-0.5325137169328,32773807.83101,31088107.2512249,163369021.1628,0.005622918893193,0,0,0,8.096339472109,1.054996086386e-81,0,2.48230603435,-0.5320587257139,-14.11027367181,-0.5002965073644,1.344406741622,-12.85585733996,-23188.74764607,4412.671957165,0,0,259363.900,2296,160,0,181796.3012363
182000,-24166971.51112,4979635.009477,16372414.94506,0,0,0,-1.055680622728,-0.5325721679729,32774249.08463,31088548.5044559,163371339.9723,0.00562291889192,0,0,0,8.09557064656,1.054799641203e-81,0,2.48228630227,-0.5321170723117,-14.11103420745,-0.5002400325411,1.344414677133,-12.85645540505,-23187.98508139,4412.526845932,0,0,259364.000,2296,160,0,181896.2997645
182100,-24167130.33383,4979593.910378,16372193.04348,0,0,0,-1.055722336223,-0.5326306169979,32774690.31296,31088989.7326152,163373658.6477,0.005622918890646,0,0,0,8.095017274601,1.054603205764e-81,0,2.482266566659,-0.5321754171521,-14.11179472018,-0.5001835332866,1.344422613143,-12.85705342139,-23186.08995557,4412.166215479,0,0,259364.100,2296,160,0,181996.2982927
182200,-24167289.15471,4979552.813096,16371971.13938,0,0,0,-1.055764058462,-0.5326890640075,32775131.516,31089430.9354855,163375977.1903,0.005622918889372,0,0,0,8.094463856137,1.054406780083e-81,0,2.482246829501,-0.5322337598343,-14.11255520478,-0.500127042417,1.344430549651,-12.85765138376,-23184.76103202,4411.913329735,0,0,259364.200,2296,160,0,182096.296821
182300,-24167447.97376,4979511.71763,16371749.23278,0,0,0,-1.055805789444,-0.5327475090017,32775572.69375,31089872.1130651,163378295.5999,0.005622918888098,0,0,0,8.093910391193,1.054210364175e-81,0,2.482227085862,-0.5322921004636,-14.11331566262,-0.5000705479512,1.344438486659,-12.85824929354,-23183.43196164,4411.660416052,0,0,259364.300,2296,160,0,182196.2953494
182400,-24167606.79099,4979470.623981,16371527.32366,0,0,0,-1.055847529173,-0.5328059519803,32776013.84621,31090313.2653521,163380613.8766,0.005622918886825,0,0,0,8.09335687979,1.054013958056e-81,0,2.482207340398,-0.5323504392392,-14.1140760963,-0.5000140730058,1.344446424165,-12.85884715333,-23182.10272486,4411.407470703,0,0,259364.400,2296,160,0,182296.2938779
182500,-24167765.6064,4979429.532148,16371305.41203,0,0,0,-1.055889277647,-0.5328643929434,32776454.97338,31090754.3923448,163382932.0205,0.005622918885551,0,0,0,8.092803321952,1.05381756174e-81,0,2.482187591787,-0.5324087759239,-14.11483650273,-0.4999575839696,1.344454362169,-12.85944496003,-23180.7735566,4411.154538393,0,0,259364.500,2296,160,0,182396.2924064
182600,-24167924.41998,4979388.442132,16371083.49788,0,0,0,-1.05593103487,-0.5329228318907,32776896.07524,31091195.4940414,163385250.0313,0.005622918884277,0,0,0,8.092249717702,1.053621175243e-81,0,2.482167839675,-0.5324671105096,-14.11559688179,-0.4999010673871,1.344462300671,-12.86004271356,-23179.44414363,4410.901559517,0,0,259364.600,2296,160,0,182496.2909351
182700,-24168083.23174,4979347.353933,16370861.58122,0,0,0,-1.055972800841,-0.5329812688222,32777337.15181,31091636.5704401,163387567.9093,0.005622918883003,0,0,0,8.091696067063,1.05342479858e-81,0,2.482148084305,-0.5325254434054,-14.11635723883,-0.4998445596687,1.344470239672,-12.86064041923,-23178.11472088,4410.648578778,0,0,259364.700,2296,160,0,182596.2894638
182800,-24168242.04167,4979306.267551,16370639.66205,0,0,0,-1.056014575562,-0.5330397037378,32777778.20309,31092077.6215391,163389885.6543,0.005622918881729,0,0,0,8.091142370058,1.053228431766e-81,0,2.482128327635,-0.5325837737977,-14.11711756324,-0.4997880507847,1.344478179171,-12.86123806647,-23176.78519045,4410.39557755,0,0,259364.800,2296,160,0,182696.2879926
182900,-24168400.84977,4979265.182984,16370417.74036,0,0,0,-1.056056359034,-0.5330981366373,32778219.22905,31092518.6473368,163392203.2663,0.005622918880456,0,0,0,8.09058862671,1.053032074816e-81,0,2.482108563726,-0.5326421025494,-14.11787786626,-0.4997315594399,1.344486119168,-12.86183566651,-23175.45545447,4410.142537206,0,0,259364.900,2296,160,0,182796.2865215
183000,-24168559.65605,4979224.100235,16370195.81616,0,0,0,-1.056098151258,-0.5331565675207,32778660.22972,31092959.6476158,163394520.7465,0.005622918879182,0,0,0,8.089819442591,1.052835727745e-81,0,2.482088798503,-0.5327004290014,-14.1186381393,-0.4996750524994,1.344494059662,-12.86243321076,-23174.69168584,4409.997196868,0,0,259365.000,2296,160,0,182896.2850505
183100,-24168718.46051,4979183.019302,16369973.88945,0,0,0,-1.056139952235,-0.5332149963879,32779101.20508,31093400.6228052,163396838.0926,0.005622918877908,0,0,0,8.089265618038,1.052639390569e-81,0,2.482069030081,-0.5327587534638,-14.11939838641,-0.4996185202263,1.344502000654,-12.86303070329,-23172.79589442,4409.636439756,0,0,259365.100,2296,160,0,182996.2835795
183200,-24168877.26314,4979141.940185,16369751.96022,0,0,0,-1.056181761967,-0.5332734232388,32779542.15514,31093841.5726879,163399155.3057,0.005622918876634,0,0,0,8.088711747219,1.052443063302e-81,0,2.48204925867,-0.5328170759726,-14.12015860805,-0.499561996444,1.344509942144,-12.86362814455,-23171.46597246,4409.383364022,0,0,259365.200,2296,160,0,183096.2821087
183300,-24169036.06394,4979100.862885,16369530.02848,0,0,0,-1.056223580454,-0.5333318480732,32779983.07988,31094282.497262,163401472.3858,0.005622918875361,0,0,0,8.088157830158,1.05224674596e-81,0,2.482029484878,-0.532875396694,-14.1209188064,-0.4995054898419,1.344517884131,-12.86422553672,-23170.13593304,4409.130265936,0,0,259365.300,2296,160,0,183196.2806379
183400,-24169194.86292,4979059.787401,16369308.09423,0,0,0,-1.056265407697,-0.5333902708911,32780423.97932,31094723.3965258,163403789.3328,0.005622918874087,0,0,0,8.087603866877,1.052050438557e-81,0,2.4820097051,-0.5329337149555,-14.12167897268,-0.4994489643251,1.344525826615,-12.86482287104,-23168.80579574,4408.877149224,0,0,259365.400,2296,160,0,183296.2791672
183500,-24169353.66007,4979018.713734,16369086.15746,0,0,0,-1.056307243699,-0.5334486916924,32780864.85344,31095164.2704775,163406106.1469,0.005622918872813,0,0,0,8.0870498574,1.051854141109e-81,0,2.481989923466,-0.53299203141,-14.12243911541,-0.4993924426601,1.344533769597,-12.86542015602,-23167.47563887,4408.624028787,0,0,259365.500,2296,160,0,183396.2776967
183600,-24169512.4554,4978977.641883,16368864.21818,0,0,0,-1.056349088459,-0.533507110477,32781305.70225,31095605.1191153,163408422.828,0.005622918871539,0,0,0,8.08649580175,1.05165785363e-81,0,2.481970138829,-0.5330503458485,-14.12319923186,-0.4993358941753,1.344541713076,-12.86601738894,-23166.14533517,4408.37088041,0,0,259365.600,2296,160,0,183496.2762261
183700,-24169671.2489,4978936.571848,16368642.27639,0,0,0,-1.056390941979,-0.5335655272447,32781746.52575,31096045.9424375,163410739.376,0.005622918870265,0,0,0,8.085941699949,1.051461576137e-81,0,2.481950350534,-0.5331086585293,-14.1239593254,-0.4992793531007,1.344549657051,-12.86661457318,-23164.81494338,4408.117715269,0,0,259365.700,2296,160,0,183596.2747557
183800,-24169830.04058,4978895.50363,16368420.33208,0,0,0,-1.05643280426,-0.5336239419955,32782187.32392,31096486.7404422,163413055.791,0.005622918868992,0,0,0,8.08538755202,1.051265308643e-81,0,2.481930558968,-0.5331669687528,-14.12471938691,-0.4992228295141,1.344557601523,-12.86721169961,-23163.48448306,4407.86453709,0,0,259365.800,2296,160,0,183696.2732854
183900,-24169988.83043,4978854.437228,16368198.38527,0,0,0,-1.056474675303,-0.5336823547293,32782628.09678,31096927.5131278,163415372.0729,0.005622918867718,0,0,0,8.084833357987,1.051069051164e-81,0,2.481910765945,-0.5332252770744,-14.12547942363,-0.499166288445,1.344565546492,-12.86780877549,-23162.15399339,4407.611353323,0,0,259365.900,2296,160,0,183796.2718151
184000,-24170147.61846,4978813.372642,16367976.43593,0,0,0,-1.05651655511,-0.5337407654459,32783068.84432,31097368.260277,163417688.2229,0.005622918866444,0,0,0,8.08406381869,1.050872803716e-81,0,2.481890966159,-0.5332835833549,-14.12623943374,-0.4991097505276,1.344573491958,-12.868405799,-23161.38895228,4407.465770841,0,0,259366.000,2296,160,0,183896.2703449
184100,-24170306.40466,4978772.309873,16367754.48409,0,0,0,-1.056558443681,-0.5337991741454,32783509.56653,31097808.9823188,163420004.2387,0.00562291886517,0,0,0,8.083509544019,1.050676566312e-81,0,2.481871164811,-0.5333418877879,-14.12699941977,-0.4990531713007,1.34458143792,-12.86900277267,-23159.49249526,4407.104887068,0,0,259366.100,2296,160,0,183996.2688748
184200,-24170465.18903,4978731.24892,16367532.52973,0,0,0,-1.056600341017,-0.5338575808275,32783950.26342,31098249.6790361,163422320.1214,0.005622918863897,0,0,0,8.082955223321,1.050480338968e-81,0,2.481851360095,-0.5334001901023,-14.12775937819,-0.4989966292357,1.344589384378,-12.86959969297,-23158.16164341,4406.851634383,0,0,259366.200,2296,160,0,184096.2674048
184300,-24170623.97158,4978690.189783,16367310.57286,0,0,0,-1.05664224712,-0.5339159854921,32784390.93499,31098690.3504271,163424635.871,0.005622918862623,0,0,0,8.08240085662,1.050284121699e-81,0,2.481831552005,-0.5334584903781,-14.12851931003,-0.498940089059,1.344597331333,-12.87019656095,-23156.83079157,4406.598381698,0,0,259366.300,2296,160,0,184196.2659349
184400,-24170782.7523,4978649.132463,16367088.61348,0,0,0,-1.056684161991,-0.5339743881392,32784831.58122,31099130.99649,163426951.4875,0.005622918861349,0,0,0,8.081846443938,1.050087914521e-81,0,2.481811742489,-0.5335167884951,-14.12927921373,-0.4988835313903,1.344605278783,-12.87079337504,-23155.49974396,4406.34509176,0,0,259366.400,2296,160,0,184296.2644651
184500,-24170941.5312,4978608.076958,16366866.65158,0,0,0,-1.056726085631,-0.5340327887687,32785272.20213,31099571.6172231,163429266.9709,0.005622918860075,0,0,0,8.081291985298,1.049891717447e-81,0,2.48179192585,-0.5335750849732,-14.13003909607,-0.4988269779467,1.34461322673,-12.87139014203,-23154.16848101,4406.091760844,0,0,259366.500,2296,160,0,184396.2629953
184600,-24171100.30827,4978567.02327,16366644.68718,0,0,0,-1.056768018041,-0.5340911873805,32785712.7977,31100012.2126245,163431582.3212,0.005622918858801,0,0,0,8.080737480724,1.049695530494e-81,0,2.481772108128,-0.5336333790547,-14.13079894717,-0.4987703957574,1.344621175172,-12.87198685204,-23152.83720827,4405.838428065,0,0,259366.600,2296,160,0,184496.2615257
184700,-24171259.08351,4978525.971398,16366422.72025,0,0,0,-1.056809959222,-0.5341495839744,32786153.36794,31100452.7826925,163433897.5384,0.005622918857528,0,0,0,8.080182930239,1.049499353676e-81,0,2.481752286949,-0.5336916709691,-14.13155877003,-0.4987138234756,1.34462912411,-12.87258350807,-23151.50591596,4405.585091561,0,0,259366.700,2296,160,0,184596.2600561
184800,-24171417.85693,4978484.921342,16366200.75082,0,0,0,-1.056851909175,-0.5342079785504,32786593.91285,31100893.3274253,163436212.6224,0.005622918856254,0,0,0,8.079628333865,1.049303187008e-81,0,2.481732462656,-0.5337499612313,-14.13231857135,-0.4986572625869,1.344637073543,-12.87318011684,-23150.17450619,4405.331732705,0,0,259366.800,2296,160,0,184696.2585866
184900,-24171576.62853,4978443.873102,16365978.77887,0,0,0,-1.056893867902,-0.5342663711084,32787034.43242,31101333.8468212,163438527.5733,0.00562291885498,0,0,0,8.079073691626,1.049107030504e-81,0,2.481712634853,-0.5338082493308,-14.13307834447,-0.4986006936324,1.344645023472,-12.87377667169,-23148.84303768,4405.078362674,0,0,259366.900,2296,160,0,184796.2571172
185000,-24171735.39829,4978402.826678,16365756.80441,0,0,0,-1.056935835403,-0.5343247616482,32787474.92665,31101774.3406631,163440842.3921,0.005622918853706,0,0,0,8.078303800547,1.048910884182e-81,0,2.481692805383,-0.5338665352004,-14.13383808853,-0.4985441064001,1.344652973896,-12.87437317175,-23148.07683177,4404.932558537,0,0,259367.000,2296,160,0,184896.2556478
185100,-24171894.16623,4978361.78207,16365534.82744,0,0,0,-1.056977811679,-0.5343831501698,32787915.39554,31102214.8093798,163443157.0767,0.005622918852433,0,0,0,8.077749078237,1.048714748054e-81,0,2.481672969249,-0.5339248192994,-14.13459780951,-0.4984875263266,1.344660924816,-12.87496962302,-23146.17972872,4404.57155183,0,0,259367.100,2296,160,0,184996.2541786
185200,-24172052.93235,4978320.739278,16365312.84796,0,0,0,-1.057019796733,-0.5344415366731,32788355.83908,31102655.2527542,163445471.6281,0.005622918851159,0,0,0,8.077194310139,1.048518622136e-81,0,2.481653131471,-0.533983101472,-14.13535750539,-0.4984309375994,1.34466887623,-12.87556602346,-23144.84789805,4404.31811288,0,0,259367.200,2296,160,0,185096.2527094
185300,-24172211.69664,4978279.698303,16365090.86596,0,0,0,-1.057061790564,-0.5344999211579,32788796.25729,31103095.6707846,163447786.0463,0.005622918849885,0,0,0,8.076639496277,1.048322506443e-81,0,2.48163329074,-0.5340413815912,-14.13611717449,-0.4983743651253,1.344676828139,-12.87616237144,-23143.51608696,4404.064677656,0,0,259367.300,2296,160,0,185196.2512403
185400,-24172370.4591,4978238.659143,16364868.88145,0,0,0,-1.057103793174,-0.5345583036241,32789236.65014,31103536.0634691,163450100.3313,0.005622918848611,0,0,0,8.076084636674,1.04812640099e-81,0,2.481613446418,-0.534099659694,-14.13687681731,-0.4983177750214,1.344684780544,-12.87675866742,-23142.18403116,4403.811195865,0,0,259367.400,2296,160,0,185296.2497714
185500,-24172529.21973,4978197.621799,16364646.89443,0,0,0,-1.057145804565,-0.5346166840718,32789677.01765,31103976.4308061,163452414.4831,0.005622918847337,0,0,0,8.075529731352,1.047930305791e-81,0,2.481593599088,-0.5341579354815,-14.13763642996,-0.4982611714587,1.344692733442,-12.87735490753,-23140.85205367,4403.557728976,0,0,259367.500,2296,160,0,185396.2483024
185600,-24172687.97854,4978156.586271,16364424.90489,0,0,0,-1.057187824736,-0.5346750625007,32790117.35981,31104416.7727936,163454728.5017,0.005622918846064,0,0,0,8.074974780335,1.047734220863e-81,0,2.481573749694,-0.534216209423,-14.13839601854,-0.4982045746723,1.344700686836,-12.87795109788,-23139.51990977,4403.304230422,0,0,259367.600,2296,160,0,185496.2468336
185700,-24172846.73552,4978115.552559,16364202.91285,0,0,0,-1.057229853691,-0.5347334389107,32790557.67662,31104857.0894301,163457042.3871,0.00562291884479,0,0,0,8.074419783646,1.04753814622e-81,0,2.481553893777,-0.5342744813452,-14.1391555808,-0.4981479686859,1.344708640724,-12.87854723622,-23138.18761906,4403.050703928,0,0,259367.700,2296,160,0,185596.2453649
185800,-24173005.49068,4978074.520663,16363980.91829,0,0,0,-1.057271891428,-0.5347918133018,32790997.96808,31105297.3807137,163459356.1392,0.005622918843516,0,0,0,8.073864741308,1.047342081876e-81,0,2.481534036417,-0.5343327510524,-14.13991511418,-0.4980913808684,1.344716595106,-12.87914331999,-23136.85529897,4402.797171846,0,0,259367.800,2296,160,0,185696.2438962
185900,-24173164.24401,4978033.490583,16363758.92121,0,0,0,-1.05731393795,-0.5348501856739,32791438.23418,31105737.6466425,163461669.7581,0.005622918842242,0,0,0,8.073309653344,1.047146027846e-81,0,2.481514175757,-0.5343910189959,-14.14067462458,-0.4980347743993,1.344724549982,-12.8797393551,-23135.5228908,4402.543623,0,0,259367.900,2296,160,0,185796.2424277
186000,-24173322.99551,4977992.462319,16363536.92163,0,0,0,-1.057355993258,-0.5349085560268,32791878.47493,31106177.8869998,163463983.2449,0.005622918840969,0,0,0,8.072539413883,1.046949984147e-81,0,2.481494311587,-0.5344492848846,-14.1414341082,-0.4979781558079,1.344732505352,-12.88033533775,-23134.75554945,4402.397602797,0,0,259368.000,2296,160,0,185896.2409592
186100,-24173481.74519,4977951.43587,16363314.91953,0,0,0,-1.057398057353,-0.5349669243605,32792318.69032,31106618.1022141,163466296.5973,0.005622918839695,0,0,0,8.071984246417,1.046753950791e-81,0,2.481474445716,-0.5345075487237,-14.14219356509,-0.4979215428592,1.344740461217,-12.880931268,-23132.85772207,4402.036458254,0,0,259368.100,2296,160,0,185996.2394908
186200,-24173640.49304,4977910.411238,16363092.91492,0,0,0,-1.057440130236,-0.5350252906748,32792758.88034,31107058.2920683,163468609.8164,0.005622918838421,0,0,0,8.071429033402,1.046557927795e-81,0,2.481454573191,-0.5345658103874,-14.14295299363,-0.4978649210533,1.344748417575,-12.88152714423,-23131.5248832,4401.782827452,0,0,259368.200,2296,160,0,186096.2380225
186300,-24173799.23906,4977869.388421,16362870.9078,0,0,0,-1.057482211908,-0.5350836549697,32793199.04501,31107498.4565608,163470922.9023,0.005622918837147,0,0,0,8.070873774862,1.046361915173e-81,0,2.481434699326,-0.534624069914,-14.14371239432,-0.4978083169276,1.344756374427,-12.88212296694,-23130.19215202,4401.529217139,0,0,259368.300,2296,160,0,186196.2365542
186400,-24173957.98326,4977828.36742,16362648.89817,0,0,0,-1.05752430237,-0.535142017245,32793639.18431,31107938.5956897,163473235.8549,0.005622918835873,0,0,0,8.070318470821,1.04616591294e-81,0,2.481414821819,-0.5346823278911,-14.14447177481,-0.4977516935397,1.344764331772,-12.88271874379,-23128.85920548,4401.275565848,0,0,259368.400,2296,160,0,186296.2350861
186500,-24174116.72563,4977787.348234,16362426.88603,0,0,0,-1.057566401623,-0.5352003775007,32794079.29825,31108378.7094533,163475548.6741,0.0056229188346,0,0,0,8.0697631213,1.045969921111e-81,0,2.481394941543,-0.5347405835429,-14.14523112499,-0.497695058316,1.344772289611,-12.88331446467,-23127.52621001,4401.021905243,0,0,259368.500,2296,160,0,186396.233618
186600,-24174275.46617,4977746.330865,16362204.87137,0,0,0,-1.057608509669,-0.5352587357366,32794519.38682,31108818.7978499,163477861.3601,0.005622918833326,0,0,0,8.069207726324,1.045773939701e-81,0,2.48137505735,-0.5347988372136,-14.14599044934,-0.4976384286318,1.344780247943,-12.88391013407,-23126.19310687,4400.76822415,0,0,259368.600,2296,160,0,186496.2321501
186700,-24174434.20489,4977705.315311,16361982.8542,0,0,0,-1.057650626509,-0.5353170919527,32794959.45002,31109258.8608776,163480173.9128,0.005622918832052,0,0,0,8.068652285915,1.045577968725e-81,0,2.481355171955,-0.5348570888406,-14.14674974706,-0.4975817913804,1.344788206768,-12.88450575119,-23124.85991563,4400.514526293,0,0,259368.700,2296,160,0,186596.2306822
186800,-24174592.94178,4977664.301572,16361760.83452,0,0,0,-1.057692752143,-0.5353754461488,32795399.48785,31109698.8985348,163482486.3321,0.005622918830778,0,0,0,8.068096800096,1.045382008198e-81,0,2.481335279567,-0.53491533855,-14.14750901978,-0.4975251704676,1.344796166087,-12.88510131767,-23123.52669503,4400.260822847,0,0,259368.800,2296,160,0,186696.2292144
186900,-24174751.67684,4977623.28965,16361538.81232,0,0,0,-1.057734886574,-0.5354337983248,32795839.50031,31110138.9108195,163484798.6181,0.005622918829505,0,0,0,8.067541268891,1.045186058133e-81,0,2.48131538584,-0.534973586141,-14.14826826488,-0.4974685307535,1.344804125898,-12.88569683089,-23122.19334718,4400.007095188,0,0,259368.900,2296,160,0,186796.2277466
187000,-24174910.41008,4977582.279543,16361316.78762,0,0,0,-1.057777029801,-0.5354921484807,32796279.48739,31110578.8975151,163487110.7719,0.005622918828231,0,0,0,8.066770684456,1.044990118547e-81,0,2.481295488738,-0.5350318316803,-14.14902748325,-0.4974118802745,1.344812086202,-12.88629229174,-23121.4247725,4399.860840291,0,0,259369.000,2296,160,0,186896.226279
187100,-24175069.14149,4977541.271251,16361094.7604,0,0,0,-1.057819181827,-0.5355504966164,32796719.4491,31111018.8590498,163489422.7912,0.005622918826957,0,0,0,8.066215074318,1.044794189454e-81,0,2.481275588358,-0.5350900752446,-14.14978667587,-0.4973552346255,1.344820046999,-12.88688770121,-23119.52626973,4399.499567226,0,0,259369.100,2296,160,0,186996.2248114
187200,-24175227.87107,4977500.264775,16360872.73067,0,0,0,-1.057861342651,-0.5356088427316,32797159.38543,31111458.7952068,163491734.6771,0.005622918825683,0,0,0,8.065659418872,1.04459827087e-81,0,2.481255684728,-0.5351483163959,-14.15054583704,-0.4972985802229,1.344828008288,-12.8874830536,-23118.19267717,4399.245793,0,0,259369.200,2296,160,0,187096.223344
187300,-24175386.59883,4977459.260115,16360650.69843,0,0,0,-1.057903512277,-0.5356671868265,32797599.29638,31111898.7059844,163494046.4297,0.005622918824409,0,0,0,8.06510371814,1.044402362807e-81,0,2.481235779245,-0.5352065560202,-14.1513049783,-0.4972419425405,1.34483597007,-12.88807836046,-23116.85898674,4398.992000148,0,0,259369.300,2296,160,0,187196.2218766
187400,-24175545.32475,4977418.25727,16360428.66368,0,0,0,-1.057945690703,-0.5357255289007,32798039.18196,31112338.5913807,163496358.0489,0.005622918823136,0,0,0,8.064547972146,1.044206465283e-81,0,2.481215867267,-0.5352647935145,-14.1520640918,-0.4971852706851,1.344843932344,-12.88867361394,-23115.52511032,4398.738171905,0,0,259369.400,2296,160,0,187296.2204093
187500,-24175704.04885,4977377.256241,16360206.62641,0,0,0,-1.057987877933,-0.5357838689543,32798479.04214,31112778.451394,163498669.5347,0.005622918821862,0,0,0,8.063992180913,1.044010578311e-81,0,2.481195953261,-0.5353230293018,-14.15282318305,-0.4971286202727,1.344851895111,-12.88926881955,-23114.19114581,4398.484326899,0,0,259369.500,2296,160,0,187396.2189421
187600,-24175862.77113,4977336.257027,16359984.58664,0,0,0,-1.058030073966,-0.5358422069871,32798918.87694,31113218.2860226,163500980.8871,0.005622918820588,0,0,0,8.063436344464,1.043814701906e-81,0,2.48117603636,-0.5353812626595,-14.15358224263,-0.4970719585156,1.344859858369,-12.88986396789,-23112.85715193,4398.230476305,0,0,259369.600,2296,160,0,187496.2174749
187700,-24176021.49157,4977295.259629,16359762.54435,0,0,0,-1.058072278804,-0.535900542999,32799358.68636,31113658.0952647,163503292.1062,0.005622918819314,0,0,0,8.062880462822,1.043618836084e-81,0,2.481156116128,-0.5354394939281,-14.15434127497,-0.4970152883684,1.344867822119,-12.89045906338,-23111.52309933,4397.976614535,0,0,259369.700,2296,160,0,187596.2160079
187800,-24176180.21019,4977254.264046,16359540.49955,0,0,0,-1.058114492448,-0.53595887699,32799798.47039,31114097.8791185,163505603.1917,0.005622918818041,0,0,0,8.062324536011,1.043422980857e-81,0,2.481136193984,-0.5354977234053,-14.15510028397,-0.4969586350947,1.344875786362,-12.89105410993,-23110.18885095,4397.722715512,0,0,259369.800,2296,160,0,187696.2145409
187900,-24176338.92698,4977213.270279,16359318.45224,0,0,0,-1.0581567149,-0.5360172089599,32800238.22903,31114537.6375822,163507914.1439,0.005622918816767,0,0,0,8.061768564053,1.043227136243e-81,0,2.481116265534,-0.5355559504979,-14.15585926189,-0.496901946268,1.344883751095,-12.89164909979,-23108.85452428,4397.468801588,0,0,259369.900,2296,160,0,187796.2130741
188000,-24176497.64195,4977172.278327,16359096.40241,0,0,0,-1.05819894616,-0.5360755389086,32800677.96227,31114977.3704392,163510224.9638,0.005622918815493,0,0,0,8.060997638053,1.043031302255e-81,0,2.481096335053,-0.5356141758286,-14.15661821684,-0.4968452786532,1.344891716321,-12.8922440411,-23108.0847848,4397.322325036,0,0,259370.000,2296,160,0,187896.2116073
188100,-24176656.35509,4977131.28819,16358874.35008,0,0,0,-1.058241186229,-0.5361338668361,32801117.67013,31115417.0781175,163512535.6491,0.005622918814219,0,0,0,8.060441587732,1.042835478909e-81,0,2.481076401384,-0.5356723990281,-14.15737714401,-0.4967886017612,1.344899682038,-12.89283892903,-23106.18561643,4396.960925311,0,0,259370.100,2296,160,0,187996.2101406
188200,-24176815.06639,4977090.299869,16358652.29523,0,0,0,-1.058283435109,-0.5361921927421,32801557.35258,31115856.7604004,163514846.2009,0.005622918812945,0,0,0,8.059885492342,1.042639666218e-81,0,2.481056464715,-0.5357306205703,-14.15813604957,-0.4967319144351,1.344907648246,-12.89343376978,-23104.85104504,4396.706964821,0,0,259370.200,2296,160,0,188096.2086739
188300,-24176973.77588,4977049.313363,16358430.23787,0,0,0,-1.0583256928,-0.5362505166267,32801997.00964,31116296.4172863,163517156.6193,0.005622918811672,0,0,0,8.059329351907,1.042443864198e-81,0,2.481036524408,-0.5357888395456,-14.15889492168,-0.4966752443585,1.344915614945,-12.89402855148,-23103.51637578,4396.452985704,0,0,259370.300,2296,160,0,188196.2072074
188400,-24177132.48353,4977008.328672,16358208.17801,0,0,0,-1.058367959304,-0.5363088384897,32802436.6413,31116736.0487732,163519466.9042,0.005622918810398,0,0,0,8.05877316645,1.042248072863e-81,0,2.481016582511,-0.535847056851,-14.15965377202,-0.4966185399378,1.344923582136,-12.89462328585,-23102.18158905,4396.198984236,0,0,259370.400,2296,160,0,188296.2057409
188500,-24177291.18936,4976967.345797,16357986.11562,0,0,0,-1.058410234623,-0.5363671583311,32802876.24756,31117175.6548595,163521777.0556,0.005622918809124,0,0,0,8.058216935994,1.042052292229e-81,0,2.48099663411,-0.5359052718578,-14.1604125924,-0.4965618571105,1.344931549817,-12.89521796468,-23100.84675339,4395.944973454,0,0,259370.500,2296,160,0,188396.2042746
188600,-24177449.89336,4976926.364737,16357764.05073,0,0,0,-1.058452518756,-0.5364254761506,32803315.82842,31117615.2355433,163524087.0735,0.00562291880785,0,0,0,8.057660660562,1.04185652231e-81,0,2.480976684211,-0.5359634850688,-14.16117138937,-0.496505162676,1.344939517989,-12.89581259453,-23099.51181005,4395.690942183,0,0,259370.600,2296,160,0,188496.2028083
188700,-24177608.59553,4976885.385492,16357541.98333,0,0,0,-1.058494811706,-0.5364837919482,32803755.38388,31118054.790823,163526396.958,0.005622918806577,0,0,0,8.057104340178,1.04166076312e-81,0,2.480956730881,-0.5360216960869,-14.16193015776,-0.4964484589371,1.344947486652,-12.89640717024,-23098.1767884,4395.436896011,0,0,259370.700,2296,160,0,188596.2013421
188800,-24177767.29587,4976844.408062,16357319.91341,0,0,0,-1.058537113473,-0.5365421057239,32804194.91392,31118494.3206968,163528706.7089,0.005622918805303,0,0,0,8.056547974864,1.041465014675e-81,0,2.480936774011,-0.5360799050102,-14.16268889884,-0.4963917745088,1.344955455806,-12.89700169308,-23096.84165909,4395.18282935,0,0,259370.800,2296,160,0,188696.199876
188900,-24177925.99439,4976803.432448,16357097.84099,0,0,0,-1.058579424059,-0.5366004174775,32804634.41857,31118933.8251628,163531016.3263,0.005622918804029,0,0,0,8.055991564644,1.041269276989e-81,0,2.48091681567,-0.5361381124007,-14.16344761994,-0.4963350386443,1.34496342545,-12.89759617038,-23095.50646126,4394.928749651,0,0,259370.900,2296,160,0,188796.19841
189000,-24178084.69108,4976762.458648,16356875.76605,0,0,0,-1.058621743465,-0.5366587272088,32805073.8978,31119373.3040045,163533325.8113,0.005622918802755,0,0,0,8.055220300495,1.041073550077e-81,0,2.480896850691,-0.5361963170384,-14.16420630516,-0.49627835365,1.344971395584,-12.89819058625,-23094.73555698,4394.782051444,0,0,259371.000,2296,160,0,188896.196944
189100,-24178243.38594,4976721.486664,16356653.6886,0,0,0,-1.058664071691,-0.5367170349179,32805513.35162,31119812.7576498,163535635.1616,0.005622918801481,0,0,0,8.054663812481,1.040877833954e-81,0,2.480876884041,-0.5362545200955,-14.16496496978,-0.4962216425097,1.344979366209,-12.89878495597,-23092.83573279,4394.420526922,0,0,259371.100,2296,160,0,188996.1954781
189200,-24178402.07897,4976680.516495,16356431.60864,0,0,0,-1.058706408739,-0.5367753406046,32805952.78002,31120252.1858821,163537944.3784,0.005622918800208,0,0,0,8.05410727964,1.040682128633e-81,0,2.480856913894,-0.5363127212641,-14.16572360978,-0.4961649226792,1.344987337323,-12.89937927554,-23091.50023152,4394.16638948,0,0,259371.200,2296,160,0,189096.1940124
189300,-24178560.77017,4976639.548141,16356209.52617,0,0,0,-1.05874875461,-0.5368336442688,32806392.18302,31120691.5886997,163540253.4617,0.005622918798934,0,0,0,8.053550701994,1.040486434131e-81,0,2.480836940592,-0.5363709201512,-14.16648222004,-0.4961082211082,1.344995308928,-12.89997353982,-23090.16464216,4393.912235275,0,0,259371.300,2296,160,0,189196.1925467
189400,-24178719.45955,4976598.581603,16355987.44119,0,0,0,-1.058791109306,-0.5368919459103,32806831.56059,31121130.9661007,163542562.4114,0.00562291879766,0,0,0,8.052994079566,1.040290750462e-81,0,2.480816963951,-0.5364291169062,-14.16724080251,-0.4960514831908,1.345003281022,-12.90056775078,-23088.8289647,4393.658064306,0,0,259371.400,2296,160,0,189296.1910811
189500,-24178878.1471,4976557.616879,16355765.35369,0,0,0,-1.058833472826,-0.5369502455292,32807270.91275,31121570.3180833,163544871.2275,0.005622918796386,0,0,0,8.05243741238,1.04009507764e-81,0,2.48079698569,-0.5364873116995,-14.16799935941,-0.4959947684106,1.345011253606,-12.90116191064,-23087.49316978,4393.403870985,0,0,259371.500,2296,160,0,189396.1896156
189600,-24179036.83282,4976516.65397,16355543.26369,0,0,0,-1.058875845174,-0.5370085431253,32807710.23949,31122009.644646,163547179.91,0.005622918795113,0,0,0,8.051880700458,1.039899415679e-81,0,2.480777000351,-0.5365455047206,-14.16875789321,-0.495938042699,1.34501922668,-12.90175602187,-23086.15722804,4393.149649724,0,0,259371.600,2296,160,0,189496.1881501
189700,-24179195.51671,4976475.692877,16355321.17117,0,0,0,-1.058918226349,-0.5370668386984,32808149.5408,31122448.9457868,163549488.4589,0.005622918793839,0,0,0,8.051323943824,1.039703764596e-81,0,2.480757013667,-0.5366036954928,-14.1695163977,-0.4958813045944,1.345027200243,-12.90235007827,-23084.82126672,4392.895424739,0,0,259371.700,2296,160,0,189596.1866848
189800,-24179354.19878,4976434.733598,16355099.07615,0,0,0,-1.058960616352,-0.5371251322486,32808588.81669,31122888.221504,163551796.8742,0.005622918792565,0,0,0,8.050767142501,1.039508124404e-81,0,2.480737023955,-0.5366618842332,-14.1702748757,-0.4958245697357,1.345035174295,-12.90294408266,-23083.48529562,4392.64119789,0,0,259371.800,2296,160,0,189696.1852195
189900,-24179512.87901,4976393.776134,16354876.97861,0,0,0,-1.059003015186,-0.5371834237756,32809028.06716,31123327.4717959,163554105.1559,0.005622918791291,0,0,0,8.050210296513,1.039312495118e-81,0,2.480717030872,-0.5367200708436,-14.17103332594,-0.4957678321853,1.345043148837,-12.90353803378,-23082.14907002,4392.386922613,0,0,259371.900,2296,160,0,189796.1837543
190000,-24179671.55742,4976352.820485,16354654.87856,0,0,0,-1.059045422851,-0.5372417132794,32809467.2922,31123766.6964459,163556413.3052,0.005622918790017,0,0,0,8.049438697634,1.039116876753e-81,0,2.480697034117,-0.5367782555262,-14.17179175105,-0.4957111018977,1.345051123867,-12.90413193426,-23081.37693242,4392.239989713,0,0,259372.000,2296,160,0,189896.1822892
190100,-24179830.234,4976311.866652,16354432.776,0,0,0,-1.059087839347,-0.5373000007599,32809906.49181,31124205.8958818,163558721.3196,0.005622918788744,0,0,0,8.048881774424,1.038921269322e-81,0,2.480677035864,-0.5368364385592,-14.17255015466,-0.4956543585886,1.345059099387,-12.90472578773,-23079.47643284,4391.878336668,0,0,259372.100,2296,160,0,189996.1808242
190200,-24179988.90875,4976270.914633,16354210.67093,0,0,0,-1.059130264677,-0.5373582862169,32810345.66599,31124645.0698871,163561029.2005,0.00562291878747,0,0,0,8.048324806626,1.038725672843e-81,0,2.480657031165,-0.5368946188886,-14.17330852302,-0.4955976060921,1.345067075396,-12.90531958046,-23078.1400702,4391.624035314,0,0,259372.200,2296,160,0,190096.1793593
190300,-24180147.58168,4976229.964429,16353988.56335,0,0,0,-1.059172698842,-0.5374165696505,32810784.81474,31125084.2184599,163563336.9476,0.005622918786196,0,0,0,8.047767794264,1.038530087327e-81,0,2.480637024623,-0.5369527977393,-14.17406687212,-0.4955408535137,1.345075051893,-12.90591332842,-23076.80349222,4391.369692981,0,0,259372.300,2296,160,0,190196.1778944
190400,-24180306.25277,4976189.016039,16353766.45326,0,0,0,-1.059215141842,-0.5374748510604,32811223.93805,31125523.3415987,163565644.5612,0.005622918784922,0,0,0,8.04721073736,1.038334512791e-81,0,2.480617014956,-0.5370109741937,-14.17482518997,-0.4954840994276,1.345083028878,-12.90650701966,-23075.46689467,4391.115346923,0,0,259372.400,2296,160,0,190296.1764297
190500,-24180464.92204,4976148.069465,16353544.34065,0,0,0,-1.059257593679,-0.5375331304466,32811663.03593,31125962.4393015,163567952.041,0.005622918783649,0,0,0,8.046653635939,1.038138949249e-81,0,2.480597001738,-0.5370691488268,-14.17558348409,-0.4954273530588,1.345091006353,-12.90710066166,-23074.13024817,4390.860991552,0,0,259372.500,2296,160,0,190396.174965
190600,-24180623.58948,4976107.124706,16353322.22554,0,0,0,-1.059300054354,-0.5375914078089,32812102.10837,31126401.5115666,163570259.3872,0.005622918782375,0,0,0,8.046096490024,1.037943396715e-81,0,2.480576986876,-0.5371273212908,-14.17634174993,-0.4953705941114,1.345098984315,-12.90769424991,-23072.79345485,4390.606608242,0,0,259372.600,2296,160,0,190496.1735004
190700,-24180782.25509,4976066.181761,16353100.10791,0,0,0,-1.059342523868,-0.5376496831474,32812541.15537,31126840.5583922,163572566.5997,0.005622918781101,0,0,0,8.045539299636,1.037747855204e-81,0,2.480556965532,-0.5371854918654,-14.17709999115,-0.4953138243198,1.345106962766,-12.90828778805,-23071.45657344,4390.352208167,0,0,259372.700,2296,160,0,190596.1720359
190800,-24180940.91887,4976025.240631,16352877.98778,0,0,0,-1.059385002222,-0.5377079564617,32812980.17693,31127279.5797767,163574873.6785,0.005622918779827,0,0,0,8.044982064801,1.037552324731e-81,0,2.480536942384,-0.5372436602529,-14.17785820385,-0.4952570560886,1.345114941705,-12.90888127221,-23070.11959414,4390.097789466,0,0,259372.800,2296,160,0,190696.1705715
190900,-24181099.58082,4975984.301316,16352655.86513,0,0,0,-1.059427489417,-0.537766227752,32813419.17305,31127718.5757182,163577180.6236,0.005622918778553,0,0,0,8.044424785541,1.03735680531e-81,0,2.48051691586,-0.537301826526,-14.178616389,-0.495200287165,1.345122921132,-12.90947470333,-23068.78247781,4389.843344688,0,0,259372.900,2296,160,0,190796.1691072
191000,-24181258.24094,4975943.363815,16352433.73998,0,0,0,-1.059469985455,-0.537824497018,32813858.14372,31128157.5460004,163579487.4361,0.00562291877728,0,0,0,8.043652855357,1.037161296956e-81,0,2.480496886127,-0.5373599912766,-14.1793745543,-0.4951435215955,1.345130901046,-12.91006808914,-23068.0091754,4389.696190134,0,0,259373.000,2296,160,0,190896.1676429
191100,-24181416.89924,4975902.428129,16352211.61231,0,0,0,-1.059512490336,-0.5378827642596,32814297.08895,31128596.4910507,163581794.1138,0.005622918776006,0,0,0,8.043095499447,1.036965799684e-81,0,2.480476852932,-0.5374181536041,-14.18013268801,-0.495086745977,1.345138881449,-12.91066141791,-23066.10805916,4389.334419742,0,0,259373.100,2296,160,0,190996.1661788
191200,-24181575.55571,4975861.494258,16351989.48213,0,0,0,-1.059555004062,-0.5379410294768,32814736.00873,31129035.4106528,163584100.6577,0.005622918774732,0,0,0,8.042538099191,1.036770313507e-81,0,2.480456818318,-0.5374763138568,-14.18089079468,-0.495029960061,1.345146862338,-12.91125469417,-23064.77070791,4389.079930261,0,0,259373.200,2296,160,0,191096.1647147
191300,-24181734.21034,4975820.562202,16351767.34944,0,0,0,-1.059597526634,-0.5379992926695,32815174.90305,31129474.3048048,163586407.0679,0.005622918773458,0,0,0,8.041980654611,1.036574838441e-81,0,2.480436776613,-0.5375344721373,-14.18164887565,-0.4949731770201,1.345154843716,-12.91184791928,-23063.43322941,4388.825416565,0,0,259373.300,2296,160,0,191196.1632507
191400,-24181892.86315,4975779.63196,16351545.21425,0,0,0,-1.059640058053,-0.5380575538375,32815613.77193,31129913.1735052,163588713.3444,0.005622918772185,0,0,0,8.04142316573,1.0363793745e-81,0,2.480416733641,-0.5375926281816,-14.18240692747,-0.4949163912109,1.345162825581,-12.91244108978,-23062.09570197,4388.570893556,0,0,259373.400,2296,160,0,191296.1617868
191500,-24182051.51413,4975738.703533,16351323.07654,0,0,0,-1.059682598321,-0.5381158129807,32816052.61535,31130352.016752,163591019.4871,0.005622918770911,0,0,0,8.040865632574,1.036183921699e-81,0,2.480396687147,-0.5376507828023,-14.18316496072,-0.4948596101832,1.345170807932,-12.91303421628,-23060.75799834,4388.316337019,0,0,259373.500,2296,160,0,191396.160323
191600,-24182210.16328,4975697.77692,16351100.93632,0,0,0,-1.059725147437,-0.5381740700991,32816491.43332,31130790.8345435,163593325.496,0.005622918769637,0,0,0,8.040308055163,1.035988480052e-81,0,2.480376637627,-0.5377089349618,-14.1839229619,-0.4948028191502,1.345178790771,-12.91362728526,-23059.4203045,4388.061782345,0,0,259373.600,2296,160,0,191496.1588592
191700,-24182368.81061,4975656.852122,16350878.79359,0,0,0,-1.059767705404,-0.5382323251925,32816930.22583,31131229.626878,163595631.3711,0.005622918768363,0,0,0,8.039750433522,1.035793049574e-81,0,2.48035658443,-0.5377670850931,-14.18468093664,-0.4947459987388,1.345186774097,-12.91422030236,-23058.08246384,4387.807199731,0,0,259373.700,2296,160,0,191596.1573956
191800,-24182527.4561,4975615.929138,16350656.64835,0,0,0,-1.059810272222,-0.5382905782609,32817368.99288,31131668.3937537,163597937.1125,0.00562291876709,0,0,0,8.039192767674,1.035597630279e-81,0,2.480336529571,-0.5378252332715,-14.18543888593,-0.494689214968,1.34519475791,-12.91481326858,-23056.74456444,4387.552605942,0,0,259373.800,2296,160,0,191696.155932
191900,-24182686.09976,4975575.007969,16350434.5006,0,0,0,-1.059852847894,-0.5383488293041,32817807.73447,31132107.1351688,163600242.72,0.005622918765816,0,0,0,8.038635057642,1.035402222182e-81,0,2.480316468463,-0.5378833791771,-14.18619680559,-0.4946324131266,1.34520274221,-12.91540617974,-23055.40656717,4387.297993526,0,0,259373.900,2296,160,0,191796.1544685
192000,-24182844.7416,4975534.088615,16350212.35034,0,0,0,-1.059895432419,-0.538407078322,32818246.4506,31132545.8509071,163602548.1949,0.005622918764542,0,0,0,8.037862799583,1.035206825297e-81,0,2.480296405509,-0.5379415232797,-14.18695470174,-0.4945756163918,1.345210726996,-12.91599904198,-23054.63208038,4387.150613591,0,0,259374.000,2296,160,0,191896.1530051
192100,-24183003.3816,4975493.171075,16349990.19757,0,0,0,-1.059938025799,-0.5384653253145,32818685.14127,31132984.5413959,163604853.5349,0.005622918763268,0,0,0,8.037305013474,1.035011439639e-81,0,2.480276339261,-0.5379996654777,-14.18771257308,-0.4945188075693,1.345218712268,-12.91659185397,-23052.73028875,4386.788714677,0,0,259374.100,2296,160,0,191996.1515418
192200,-24183162.01978,4975452.255349,16349768.04229,0,0,0,-1.059980628035,-0.5385235702816,32819123.80646,31133423.2064188,163607158.741,0.005622918761994,0,0,0,8.036747183259,1.034816065222e-81,0,2.480256269365,-0.5380578055798,-14.18847041709,-0.4944619719134,1.345226698027,-12.91718461323,-23051.39199783,4386.534046382,0,0,259374.200,2296,160,0,192096.1500786
192300,-24183320.65613,4975411.341438,16349545.88449,0,0,0,-1.060023239129,-0.5385818132231,32819562.4462,31133861.8459742,163609463.8133,0.005622918760721,0,0,0,8.036189308963,1.034620702062e-81,0,2.480236198243,-0.5381159434655,-14.18922823221,-0.4944051721023,1.345234684272,-12.91777731818,-23050.05374606,4386.279385537,0,0,259374.300,2296,160,0,192196.1486154
192400,-24183479.29065,4975370.429341,16349323.72419,0,0,0,-1.060065859081,-0.5386400541389,32820001.06046,31134300.4600603,163611768.7517,0.005622918759447,0,0,0,8.035631390607,1.034425350171e-81,0,2.480216120153,-0.5381740793705,-14.18998602151,-0.4943483538505,1.345242671004,-12.91836997191,-23048.71520064,4386.024668813,0,0,259374.400,2296,160,0,192296.1471524
192500,-24183637.92334,4975329.519059,16349101.56138,0,0,0,-1.060108487893,-0.5386982930289,32820439.64925,31134739.0486752,163614073.5563,0.005622918758173,0,0,0,8.035073428216,1.034230009566e-81,0,2.480196040414,-0.5382322135392,-14.19074378819,-0.4942915413023,1.345250658221,-12.9189625776,-23047.37667479,4385.769955814,0,0,259374.500,2296,160,0,192396.1456894
192600,-24183796.5542,4975288.610591,16348879.39606,0,0,0,-1.060151125565,-0.538756529893,32820878.21257,31135177.6118173,163616378.227,0.005622918756899,0,0,0,8.034515421813,1.03403468026e-81,0,2.480175957301,-0.5382903456291,-14.19150152776,-0.4942347152756,1.345258645924,-12.91955513079,-23046.0380217,4385.515218601,0,0,259374.600,2296,160,0,192496.1442265
192700,-24183955.18323,4975247.703937,16348657.22823,0,0,0,-1.060193772099,-0.5388147647311,32821316.75041,31135616.1494848,163618682.7639,0.005622918755626,0,0,0,8.033957371421,1.033839362267e-81,0,2.480155871071,-0.5383484752337,-14.19225923494,-0.4941778612944,1.345266634113,-12.9201476262,-23044.69920221,4385.260449722,0,0,259374.700,2296,160,0,192596.1427637
192800,-24184113.81043,4975206.799098,16348435.05789,0,0,0,-1.060236427497,-0.5388729975432,32821755.26278,31136054.6616759,163620987.1669,0.005622918754352,0,0,0,8.033399277062,1.033644055603e-81,0,2.480135781642,-0.5384066030041,-14.19301691821,-0.4941210462536,1.345274622787,-12.92074007231,-23043.36051976,4385.005706921,0,0,259374.800,2296,160,0,192696.141301
192900,-24184272.4358,4975165.896073,16348212.88504,0,0,0,-1.060279091758,-0.538931228329,32822193.74967,31136493.1483889,163623291.436,0.005622918753078,0,0,0,8.032841138762,1.033448760282e-81,0,2.480115690156,-0.5384647289748,-14.19377457802,-0.4940642112181,1.345282611947,-12.92133246957,-23042.02152408,4384.750904515,0,0,259374.900,2296,160,0,192796.1398384
193000,-24184431.05934,4975124.994862,16347990.70967,0,0,0,-1.060321764885,-0.5389894570885,32822632.21108,31136931.6094077,163625595.5723,0.005622918751804,0,0,0,8.032068556261,1.033253476318e-81,0,2.480095592085,-0.5385228523501,-14.194532204,-0.4940073832895,1.345290601592,-12.92192480762,-23041.2457746,4384.603284299,0,0,259375.000,2296,160,0,192896.1383758
193100,-24184589.68106,4975084.095466,16347768.5318,0,0,0,-1.060364446879,-0.5390476838216,32823070.647,31137370.0451592,163627899.5736,0.00562291875053,0,0,0,8.031510342456,1.033058203725e-81,0,2.480075492398,-0.5385809741305,-14.1952898092,-0.4939505416525,1.345298591722,-12.9225170995,-23039.34328801,4384.241253138,0,0,259375.100,2296,160,0,192996.1369133
193200,-24184748.30094,4975043.197883,16347546.35142,0,0,0,-1.06040713774,-0.5391059085283,32823509.05745,31137808.4554273,163630203.441,0.005622918749257,0,0,0,8.030952084788,1.032862942518e-81,0,2.48005538957,-0.5386390940314,-14.19604738989,-0.4938936709208,1.345306582337,-12.92310934151,-23038.00411614,4383.986417204,0,0,259375.200,2296,160,0,193096.135451
193300,-24184906.91899,4975002.302115,16347324.16853,0,0,0,-1.06044983747,-0.5391641312082,32823947.44241,31138246.8402103,163632507.1744,0.005622918747983,0,0,0,8.03039378328,1.032667692712e-81,0,2.480035283031,-0.5386972118222,-14.19680494308,-0.4938368400341,1.345314573438,-12.92370153065,-23036.66488554,4383.731570095,0,0,259375.300,2296,160,0,193196.1339887
193400,-24185065.53522,4974961.408161,16347101.98313,0,0,0,-1.06049254607,-0.5392223518615,32824385.80188,31138685.1995064,163634810.7739,0.005622918746709,0,0,0,8.029835437954,1.032472454321e-81,0,2.480015173337,-0.5387553274532,-14.19756246812,-0.4937799880977,1.345322565023,-12.92429366627,-23035.32542002,4383.476678282,0,0,259375.400,2296,160,0,193296.1325265
193500,-24185224.14961,4974920.516022,16346879.79522,0,0,0,-1.060535263541,-0.539280570488,32824824.13587,31139123.5333139,163637114.2395,0.005622918745435,0,0,0,8.029277048834,1.032277227359e-81,0,2.479995061943,-0.538813440871,-14.1983199643,-0.4937231415391,1.345330557093,-12.92488574767,-23033.98593493,4383.221782744,0,0,259375.500,2296,160,0,193396.1310643
193600,-24185382.76218,4974879.625696,16346657.6048,0,0,0,-1.060577989884,-0.5393387870875,32825262.44436,31139561.841631,163639417.5711,0.005622918744162,0,0,0,8.028718615943,1.032082011841e-81,0,2.479974944029,-0.5388715525342,-14.19907743762,-0.493666284308,1.345338549648,-12.92547778086,-23032.64638132,4382.966874167,0,0,259375.600,2296,160,0,193496.1296023
193700,-24185541.37291,4974838.737185,16346435.41187,0,0,0,-1.0606207251,-0.53939700166,32825700.72736,31140000.1244559,163641720.7688,0.005622918742888,0,0,0,8.028160139305,1.031886807781e-81,0,2.479954824643,-0.5389296620638,-14.19983488313,-0.4936093971657,1.345346542687,-12.92606976088,-23031.30670046,4382.711941376,0,0,259375.700,2296,160,0,193596.1281403
193800,-24185699.98182,4974797.850487,16346213.21643,0,0,0,-1.060663469192,-0.5394552142054,32826138.98487,31140438.3817868,163644023.8325,0.005622918741614,0,0,0,8.027601618942,1.031691615194e-81,0,2.479934701559,-0.5389877694677,-14.20059230092,-0.4935525503189,1.34535453621,-12.92666168784,-23029.96699024,4382.457002997,0,0,259375.800,2296,160,0,193696.1266785
193900,-24185858.58889,4974756.965604,16345991.01848,0,0,0,-1.060706222158,-0.5395134247235,32826577.21688,31140876.6136222,163646326.7622,0.00562291874034,0,0,0,8.027043054879,1.031496434094e-81,0,2.479914575468,-0.5390458748783,-14.20134969274,-0.4934956833357,1.345362530217,-12.92725356347,-23028.6272115,4382.20205158,0,0,259375.900,2296,160,0,193796.1252167
194000,-24186017.19414,4974716.082534,16345768.81802,0,0,0,-1.060748984002,-0.5395716332143,32827015.42339,31141314.8197458,163648629.559,0.005622918739066,0,0,0,8.026270151375,1.031301264495e-81,0,2.479894447347,-0.5391039784499,-14.20210706059,-0.4934388206554,1.345370524709,-12.9278453898,-23027.85032659,4382.054215297,0,0,259376.000,2296,176,0,193896.123755
194100,-24186175.79755,4974675.201279,16345546.61505,0,0,0,-1.060791754724,-0.5396298396776,32827453.60441,31141753.0005846,163650932.2207,0.005622918737793,0,0,0,8.025711512382,1.031106106411e-81,0,2.479874312667,-0.5391620798589,-14.20286440024,-0.4933819295888,1.345378519685,-12.9284371626,-23025.94720375,4381.692063063,0,0,259376.100,2296,176,0,193996.1222934
194200,-24186334.39914,4974634.321838,16345324.40958,0,0,0,-1.060834534325,-0.5396880441134,32827891.75992,31142191.1559224,163653234.7485,0.005622918736519,0,0,0,8.025152829767,1.030910959858e-81,0,2.47985417632,-0.5392201791938,-14.20362171286,-0.4933250429884,1.345386515144,-12.92902888304,-23024.60706285,4381.437042728,0,0,259376.200,2296,176,0,194096.1208318
194300,-24186492.99889,4974593.444211,16345102.20159,0,0,0,-1.060877322806,-0.5397462465216,32828329.88994,31142629.2857576,163655537.1422,0.005622918735245,0,0,0,8.024594103554,1.03071582485e-81,0,2.479834036695,-0.5392782763891,-14.20437899759,-0.4932681794266,1.345394511087,-12.92962055025,-23023.26684363,4381.182007492,0,0,259376.300,2296,176,0,194196.1193704
194400,-24186651.59682,4974552.568397,16344879.99109,0,0,0,-1.060920120169,-0.539804446902,32828767.99444,31143067.3900883,163657839.4018,0.005622918733971,0,0,0,8.024035333765,1.0305207014e-81,0,2.479813893796,-0.5393363716517,-14.20513625713,-0.4932112929085,1.345402507514,-12.93021216696,-23021.92657548,4380.926962942,0,0,259376.400,2296,176,0,194296.117909
194500,-24186810.19291,4974511.694398,16344657.77809,0,0,0,-1.060962926414,-0.5398626452545,32829206.07345,31143505.4689129,163660141.5275,0.005622918732698,0,0,0,8.023476520424,1.030325589523e-81,0,2.479793747427,-0.5393944650613,-14.20589349252,-0.4931544156078,1.345410504424,-12.93080373419,-23020.58619965,4380.671897903,0,0,259376.500,2296,176,0,194396.1164478
194600,-24186968.78718,4974470.822212,16344435.56257,0,0,0,-1.061005741543,-0.5399208415791,32829644.12694,31143943.5222295,163662443.519,0.005622918731424,0,0,0,8.022917663554,1.030130489234e-81,0,2.479773599105,-0.5394525562124,-14.20665069846,-0.4930975085599,1.345418501818,-12.93139524667,-23019.24562806,4380.416795611,0,0,259376.600,2296,176,0,194496.1149866
194700,-24187127.37961,4974429.951841,16344213.34455,0,0,0,-1.061048565557,-0.5399790358756,32830082.15492,31144381.5500365,163664745.3766,0.00562291873015,0,0,0,8.022358763178,1.029935400547e-81,0,2.479753444537,-0.5395106453131,-14.20740787768,-0.4930406064072,1.345426499695,-12.93198670711,-23017.9050271,4380.161687732,0,0,259376.700,2296,176,0,194596.1135255
194800,-24187285.97022,4974389.083283,16343991.12401,0,0,0,-1.061091398457,-0.540037228144,32830520.1574,31144819.552332,163667047.1001,0.005622918728876,0,0,0,8.021799819321,1.029740323475e-81,0,2.479733288006,-0.5395687325956,-14.2081650332,-0.4929837250106,1.345434498055,-12.93257811855,-23016.56435763,4379.906566814,0,0,259376.800,2296,176,0,194696.1120645
194900,-24187444.55899,4974348.216539,16343768.90097,0,0,0,-1.061134240244,-0.540095418384,32830958.13436,31145257.5291143,163669348.6895,0.005622918727602,0,0,0,8.021240832004,1.029545258035e-81,0,2.479713128718,-0.5396268175537,-14.20892215842,-0.4929268243714,1.345442496898,-12.93316947438,-23015.22360985,4379.651430994,0,0,259376.900,2296,176,0,194796.1106035
195000,-24187603.14593,4974307.351609,16343546.67542,0,0,0,-1.061177090919,-0.5401536065957,32831396.0858,31145695.4801675,163671650.1459,0.005622918726329,0,0,0,8.02046761094,1.029350204239e-81,0,2.479692965674,-0.5396849007475,-14.20967926065,-0.492869929408,1.345450496223,-12.93376078192,-23014.44554056,4379.503369331,0,0,259377.000,2296,176,0,194896.1091427
195100,-24187761.73105,4974266.488493,16343324.44735,0,0,0,-1.061219950485,-0.5402117927789,32831834.01173,31146133.4059182,163673951.4671,0.005622918725055,0,0,0,8.019908549269,1.029155162103e-81,0,2.479672800657,-0.5397429819797,-14.2104363373,-0.4928130050487,1.345458496032,-12.9343520386,-23012.54179128,4379.141097888,0,0,259377.100,2296,176,0,194996.1076819
195200,-24187920.31433,4974225.62719,16343102.21678,0,0,0,-1.06126281894,-0.5402699769335,32832271.91214,31146571.3061505,163676252.6543,0.005622918723781,0,0,0,8.019349444218,1.02896013164e-81,0,2.479652629343,-0.5398010607396,-14.21119338173,-0.4927560863947,1.345466496323,-12.93494323777,-23011.20073027,4378.885902464,0,0,259377.200,2296,176,0,195096.1062212
195300,-24188078.89578,4974184.767702,16342879.9837,0,0,0,-1.061305696288,-0.5403281590595,32832709.78703,31147009.1808626,163678553.7073,0.005622918722507,0,0,0,8.01879029581,1.028765112865e-81,0,2.479632456325,-0.5398591376937,-14.21195040262,-0.4926991881003,1.345474497097,-12.93553438811,-23009.85962033,4378.630697727,0,0,259377.300,2296,176,0,195196.1047606
195400,-24188237.47541,4974143.910027,16342657.74811,0,0,0,-1.061348582529,-0.5403863391566,32833147.63639,31147447.0300528,163680854.6262,0.005622918721234,0,0,0,8.018231104069,1.028570105791e-81,0,2.479612280115,-0.5399172127483,-14.21270739875,-0.4926422720789,1.345482498352,-12.93612548841,-23008.51839292,4378.375470638,0,0,259377.400,2296,176,0,195296.1033001
195500,-24188396.0532,4974103.054165,16342435.51001,0,0,0,-1.061391477664,-0.5404445172248,32833585.46024,31147884.8537192,163683155.411,0.00562291871996,0,0,0,8.017671869018,1.028375110435e-81,0,2.47959210045,-0.5399752855898,-14.21346436604,-0.4925853594751,1.34549050009,-12.93671653459,-23007.17703827,4378.120219335,0,0,259377.500,2296,176,0,195396.1018397
195600,-24188554.62916,4974062.200118,16342213.26941,0,0,0,-1.061434381694,-0.5405026932641,32834023.25856,31148322.6518603,163685456.0616,0.005622918718686,0,0,0,8.01711259068,1.028180126809e-81,0,2.479571917455,-0.5400333562969,-14.2142213055,-0.4925284196264,1.345498502311,-12.93730752768,-23005.83566404,4377.864964306,0,0,259377.600,2296,176,0,195496.1003794
195700,-24188713.20329,4974021.347884,16341991.02629,0,0,0,-1.06147729462,-0.5405608672742,32834461.03135,31148760.4244741,163687756.5781,0.005622918717412,0,0,0,8.016553269079,1.027985154927e-81,0,2.479551732556,-0.5400914253271,-14.21497822311,-0.49247148463,1.345506505013,-12.93789847364,-23004.4942213,4377.609696239,0,0,259377.700,2296,176,0,195596.0989191
195800,-24188871.77559,4973980.497463,16341768.78066,0,0,0,-1.061520216445,-0.5406190392551,32834898.77861,31149198.1715591,163690056.9604,0.005622918716138,0,0,0,8.015993904238,1.027790194805e-81,0,2.479531541169,-0.5401494921025,-14.21573511132,-0.4924145708065,1.345514508197,-12.93848936495,-23003.15260236,4377.354394644,0,0,259377.800,2296,176,0,195696.097459
195900,-24189030.34606,4973939.648857,16341546.53253,0,0,0,-1.061563147168,-0.5406772092067,32835336.50034,31149635.8931133,163692357.2086,0.005622918714865,0,0,0,8.01543449618,1.027595246457e-81,0,2.47951134826,-0.5402075569126,-14.21649197392,-0.4923576370517,1.345522511863,-12.93908020538,-23001.8109247,4377.099081874,0,0,259377.900,2296,176,0,195796.0959989
196000,-24189188.9147,4973898.802064,16341324.28189,0,0,0,-1.061606086791,-0.5407353771289,32835774.19654,31150073.588921,163694657.3237,0.005622918713591,0,0,0,8.014660961004,1.027400309896e-81,0,2.479491151577,-0.5402656196513,-14.21724880951,-0.4923007097376,1.34553051601,-12.93967099355,-23001.0316123,4376.950783655,0,0,259378.000,2296,176,0,195896.0945389
196100,-24189347.4815,4973857.957084,16341102.02873,0,0,0,-1.061649035315,-0.5407935430215,32836211.86721,31150511.2594087,163696957.3035,0.005622918712317,0,0,0,8.014101479167,1.027205385137e-81,0,2.479470951962,-0.5403236804973,-14.21800562044,-0.4922437513062,1.345538520639,-12.94026173181,-22999.12723656,4376.588393003,0,0,259378.100,2296,176,0,195996.093079
196200,-24189506.04648,4973817.113918,16340879.77307,0,0,0,-1.061691992741,-0.5408517068846,32836649.51234,31150948.9043604,163699257.1492,0.005622918711043,0,0,0,8.013541954193,1.027010472194e-81,0,2.479450748844,-0.5403817390887,-14.21876240198,-0.4921868001296,1.345546525749,-12.94085241542,-22997.7853044,4376.333031803,0,0,259378.200,2296,176,0,196096.0916191
196300,-24189664.60963,4973776.272566,16340657.5149,0,0,0,-1.061734959071,-0.5409098687179,32837087.13193,31151386.5237744,163701556.8606,0.00562291870977,0,0,0,8.012982386105,1.026815571082e-81,0,2.479430543759,-0.5404397954924,-14.219519155,-0.4921298692335,1.34555453134,-12.94144304528,-22996.44316669,4376.077631488,0,0,259378.300,2296,176,0,196196.0901594
196400,-24189823.17094,4973735.433027,16340435.25423,0,0,0,-1.061777934305,-0.5409680285213,32837524.72598,31151824.117649,163703856.4378,0.005622918708496,0,0,0,8.012422774926,1.026620681814e-81,0,2.479410332294,-0.5404978500189,-14.22027588355,-0.492072920263,1.345562537413,-12.94203362544,-22995.1010094,4375.822227448,0,0,259378.400,2296,176,0,196296.0886997
196500,-24189981.73042,4973694.595301,16340212.99104,0,0,0,-1.061820918445,-0.5410261862948,32837962.29449,31152261.6859825,163706155.8808,0.005622918707222,0,0,0,8.011863120679,1.026425804406e-81,0,2.47939011897,-0.540555902787,-14.22103258918,-0.4920159757553,1.345570543966,-12.94262415744,-22993.75880317,4375.566814095,0,0,259378.500,2296,176,0,196396.0872402
196600,-24190140.28808,4973653.759389,16339990.72534,0,0,0,-1.061863911492,-0.5410843420383,32838399.83746,31152699.2287729,163708455.1896,0.005622918705948,0,0,0,8.011303423388,1.02623093887e-81,0,2.479369902802,-0.5406139533572,-14.22178926616,-0.4919590019275,1.345578551001,-12.94321463556,-22992.41641096,4375.311365351,0,0,259378.600,2296,176,0,196496.0857807
196700,-24190298.8439,4973612.925291,16339768.45714,0,0,0,-1.061906913447,-0.5411424957516,32838837.35488,31153136.7460188,163710754.3641,0.005622918704674,0,0,0,8.010743683076,1.026036085222e-81,0,2.479349682846,-0.540672001472,-14.22254591114,-0.4919020337678,1.345586558516,-12.94380505645,-22991.07400896,4375.055914745,0,0,259378.700,2296,176,0,196596.0843213
196800,-24190457.39789,4973572.093005,16339546.18642,0,0,0,-1.061949924312,-0.5412006474347,32839274.84676,31153574.2377182,163713053.4044,0.005622918703401,0,0,0,8.010183899767,1.025841243475e-81,0,2.479329461079,-0.540730048252,-14.22330253872,-0.4918450862068,1.345594566511,-12.94439543472,-22989.73152866,4374.800449237,0,0,259378.800,2296,176,0,196696.082862
196900,-24190615.95005,4973531.262534,16339323.9132,0,0,0,-1.061992944086,-0.5412587970874,32839712.31309,31154011.7038695,163715352.3104,0.005622918702127,0,0,0,8.009624073483,1.025646413644e-81,0,2.479309232994,-0.5407880925188,-14.22405913354,-0.4917881207309,1.345602574987,-12.94498575502,-22988.38894069,4374.544963241,0,0,259378.900,2296,176,0,196796.0814027
197000,-24190774.50038,4973490.433875,16339101.63747,0,0,0,-1.062035972772,-0.5413169447096,32840149.75387,31154449.1442568,163717651.0833,0.005622918700853,0,0,0,8.008850227647,1.025451595743e-81,0,2.479289003391,-0.5408461349211,-14.22481570405,-0.4917311582048,1.345610583944,-12.94557602579,-22987.60846348,4374.396443367,0,0,259379.000,2296,176,0,196896.0799436
197100,-24190933.04888,4973449.60703,16338879.35923,0,0,0,-1.062079010371,-0.5413750903013,32840587.1691,31154886.5593066,163719949.7208,0.005622918699579,0,0,0,8.008290328161,1.025256789786e-81,0,2.479268770382,-0.5409041751251,-14.22557224592,-0.4916741691603,1.345618593381,-12.94616624271,-22985.70343194,4374.033927917,0,0,259379.100,2296,176,0,196996.0784845
197200,-24191091.59554,4973408.781999,16338657.07848,0,0,0,-1.062122056884,-0.5414332338623,32841024.55877,31155323.9488029,163722248.224,0.005622918698306,0,0,0,8.00773038578,1.025061995787e-81,0,2.479248533704,-0.5409622133187,-14.22632876157,-0.4916171846153,1.345626603297,-12.94675640822,-22984.3605601,4373.778387904,0,0,259379.200,2296,176,0,197096.0770256
197300,-24191250.14038,4973367.95878,16338434.79523,0,0,0,-1.062165112312,-0.5414913753925,32841461.92289,31155761.3127441,163724546.5929,0.005622918697032,0,0,0,8.007170400528,1.024867213761e-81,0,2.479228293676,-0.5410202496228,-14.2270852526,-0.4915602199817,1.345634613694,-12.9473465239,-22983.01763933,4373.522838578,0,0,259379.300,2296,176,0,197196.0755667
197400,-24191408.68338,4973327.137375,16338212.50946,0,0,0,-1.062208176656,-0.5415495148918,32841899.26145,31156198.6511283,163726844.8275,0.005622918695758,0,0,0,8.006610372427,1.024672443721e-81,0,2.479208052181,-0.5410782836669,-14.2278559001,-0.4915032365473,1.345642624571,-12.94795077086,-22981.67461088,4373.267268762,0,0,259379.400,2296,176,0,197296.0741079
197500,-24191567.22455,4973286.317783,16337990.22119,0,0,0,-1.062251249917,-0.5416076523601,32842336.57446,31156635.963954,163729142.9278,0.005622918694484,0,0,0,8.006050301502,1.024477685682e-81,0,2.47918780388,-0.5411363159324,-14.2286437413,-0.4914462604253,1.345650635927,-12.94857218632,-22980.33138667,4373.011661693,0,0,259379.500,2296,176,0,197396.0726492
197600,-24191725.76389,4973245.500004,16337767.93041,0,0,0,-1.062294332097,-0.5416657877974,32842773.8619,31157073.2512193,163731440.8937,0.005622918693211,0,0,0,8.005490187775,1.024282939658e-81,0,2.479167553862,-0.5411943461394,-14.22943155456,-0.4913892540333,1.345658647763,-12.94919354865,-22978.98815267,4372.756052762,0,0,259379.600,2296,176,0,197496.0711905
197700,-24191884.3014,4973204.684039,16337545.63712,0,0,0,-1.062337423196,-0.5417239212034,32843211.12378,31157510.5129224,163733738.7254,0.005622918691937,0,0,0,8.00493003127,1.024088205663e-81,0,2.479147300443,-0.541252374283,-14.2302193398,-0.4913322537169,1.345666660079,-12.94981485779,-22977.64480121,4372.500421479,0,0,259379.700,2296,176,0,197596.069732
197800,-24192042.83708,4973163.869887,16337323.34132,0,0,0,-1.062380523217,-0.5417820525782,32843648.3601,31157947.7490617,163736036.4227,0.005622918690663,0,0,0,8.00436983201,1.023893483711e-81,0,2.479127043705,-0.5413104004327,-14.23100709797,-0.4912752564904,1.345674672873,-12.95043611468,-22976.30136166,4372.244773433,0,0,259379.800,2296,176,0,197696.0682735
197900,-24192201.37093,4973123.057548,16337101.04302,0,0,0,-1.062423632159,-0.5418401819215,32844085.57085,31158384.9596354,163738333.9857,0.005622918689389,0,0,0,8.003809590019,1.023698773816e-81,0,2.479106783827,-0.541368424299,-14.23179482514,-0.4912182717056,1.345682686147,-12.95105731539,-22974.95787317,4371.989116073,0,0,259379.900,2296,176,0,197796.0668151
198000,-24192359.90294,4973082.247022,16336878.7422,0,0,0,-1.062466750025,-0.5418983092333,32844522.75604,31158822.1444278,163740631.4154,0.005622918688115,0,0,0,8.00303543698,1.023504075993e-81,0,2.479086522082,-0.5414264460956,-14.23258252422,-0.4911612787802,1.345690699901,-12.95167846284,-22974.17616264,4371.840361506,0,0,259380.000,2296,176,0,197896.0653568
198100,-24192518.43312,4973041.438309,16336656.43888,0,0,0,-1.062509876815,-0.5419564345135,32844959.91565,31159259.303865,163742928.7096,0.005622918686842,0,0,0,8.002475122364,1.023309390255e-81,0,2.479066253701,-0.5414844659515,-14.23337019694,-0.4911042554972,1.345698714133,-12.95229955878,-22972.27049486,4371.477724984,0,0,259380.100,2296,176,0,197996.0638986
198200,-24192676.96147,4973000.631409,16336434.13305,0,0,0,-1.06255301253,-0.542014557762,32845397.0497,31159696.4377314,163745225.8695,0.005622918685568,0,0,0,8.001914765096,1.023114716617e-81,0,2.479045983607,-0.5415424838675,-14.23415784333,-0.4910472361728,1.345706728844,-12.95292060321,-22970.92672251,4371.222013608,0,0,259380.200,2296,176,0,198096.0624405
198300,-24192835.48799,4972959.826322,16336211.82471,0,0,0,-1.062596157172,-0.5420726789787,32845834.15817,31160133.5460251,163747522.895,0.005622918684294,0,0,0,8.0013543652,1.022920055093e-81,0,2.479025710209,-0.541600500127,-14.23494546724,-0.4909902408116,1.345714744033,-12.95354160001,-22969.58281312,4370.966276154,0,0,259380.300,2296,176,0,198196.0609825
198400,-24192994.01268,4972919.023049,16335989.51386,0,0,0,-1.062639310742,-0.5421307981634,32846271.24107,31160570.6287446,163749819.786,0.00562291868302,0,0,0,8.000793922698,1.022725405696e-81,0,2.479005433236,-0.5416585137933,-14.23573305593,-0.4909332247096,1.345722759702,-12.95416253644,-22968.23882542,4370.710523799,0,0,259380.400,2296,176,0,198296.0595245
198500,-24193152.53554,4972878.221588,16335767.20051,0,0,0,-1.062682473241,-0.542188915316,32846708.29839,31161007.6858879,163752116.5427,0.005622918681747,0,0,0,8.000233437614,1.022530768442e-81,0,2.478985154725,-0.541716525652,-14.23652062009,-0.4908762141371,1.345730775848,-12.95478342318,-22966.89466153,4370.454737917,0,0,259380.500,2296,176,0,198396.0580667
198600,-24193311.05656,4972837.42194,16335544.88465,0,0,0,-1.06272564467,-0.5422470304366,32847145.33013,31161444.7174535,163754413.165,0.005622918680473,0,0,0,7.999672909972,1.022336143343e-81,0,2.478964869488,-0.5417745354251,-14.23730815594,-0.490819174101,1.345738792473,-12.95540425647,-22965.55051723,4370.198955759,0,0,259380.600,2296,176,0,198496.0566089
198700,-24193469.57575,4972796.624106,16335322.56628,0,0,0,-1.06276882503,-0.5423051435249,32847582.3363,31161881.7234394,163756709.6528,0.005622918679199,0,0,0,7.999112339795,1.022141530415e-81,0,2.478944583182,-0.5418325429235,-14.2380956609,-0.4907621398009,1.345746809577,-12.95602503374,-22964.20631419,4369.943162426,0,0,259380.700,2296,176,0,198596.0551512
198800,-24193628.09311,4972755.828084,16335100.2454,0,0,0,-1.062812014323,-0.5423632545808,32848019.31688,31162318.7038441,163759006.0063,0.005622918677925,0,0,0,7.998551727106,1.021946929671e-81,0,2.4789242927,-0.5418905487999,-14.23888314384,-0.4907051264417,1.345754827158,-12.95664576384,-22962.86199369,4369.687346742,0,0,259380.800,2296,176,0,198696.0536936
198900,-24193786.60864,4972715.033876,16334877.92201,0,0,0,-1.062855212549,-0.5424213636043,32848456.27188,31162755.6586657,163761302.2252,0.005622918676651,0,0,0,7.997991071929,1.021752341125e-81,0,2.478903999322,-0.5419485522134,-14.23967059335,-0.4906480930766,1.345762845218,-12.95726643539,-22961.51757531,4369.43151243,0,0,259380.900,2296,176,0,198796.052236
199000,-24193945.12234,4972674.24148,16334655.59612,0,0,0,-1.062898419711,-0.5424794705952,32848893.2013,31163192.5876888,163763598.3109,0.005622918675378,0,0,0,7.997216615149,1.021557764791e-81,0,2.478883702127,-0.5420065542237,-14.24045802381,-0.4905910681499,1.345770863755,-12.95788706275,-22960.73469998,4369.282536209,0,0,259381.000,2296,176,0,198896.0507786
199100,-24194103.6342,4972633.450897,16334433.26771,0,0,0,-1.062941635808,-0.5425375755534,32849330.10513,31163629.4913391,163765894.261,0.005622918674104,0,0,0,7.996655887925,1.021363200684e-81,0,2.478863403826,-0.5420645534503,-14.24124541647,-0.4905340112668,1.34577888277,-12.9585076272,-22958.82843512,4368.919786066,0,0,259381.100,2296,176,0,198996.0493213
199200,-24194262.14423,4972592.662127,16334210.9368,0,0,0,-1.062984860843,-0.5425956784789,32849766.98337,31164066.3694011,163768190.0766,0.00562291867283,0,0,0,7.996095118292,1.021168648817e-81,0,2.4788430986,-0.5421225509707,-14.24203278598,-0.4904769588184,1.345786902263,-12.95912814337,-22957.48368394,4368.663888425,0,0,259381.200,2296,176,0,199096.047864
199300,-24194420.65243,4972551.87517,16333988.60338,0,0,0,-1.063028094815,-0.5426537793714,32850203.83602,31164503.2218732,163770485.7577,0.005622918671556,0,0,0,7.995534306274,1.020974109205e-81,0,2.478822791357,-0.5421805466826,-14.24282013093,-0.490419929567,1.345794922233,-12.95974860987,-22956.13891318,4368.407987058,0,0,259381.300,2296,176,0,199196.0464068
199400,-24194579.1588,4972511.090025,16333766.26746,0,0,0,-1.063071337728,-0.542711878231,32850640.66308,31164940.0487534,163772781.3043,0.005622918670283,0,0,0,7.994973451894,1.020779581861e-81,0,2.47880248117,-0.5422385398455,-14.24360744127,-0.4903628800055,1.34580294268,-12.96036901665,-22954.79405433,4368.152068928,0,0,259381.400,2296,176,0,199296.0449497
199500,-24194737.66334,4972470.306694,16333543.92903,0,0,0,-1.063114589581,-0.5427699750575,32851077.46454,31165376.8500402,163775076.7165,0.005622918669009,0,0,0,7.994412555175,1.020585066799e-81,0,2.478782167722,-0.5422965310956,-14.24439472565,-0.4903058388967,1.345810963605,-12.96098937236,-22953.44907802,4367.896128446,0,0,259381.500,2296,176,0,199396.0434927
199600,-24194896.16604,4972429.525175,16333321.58808,0,0,0,-1.063157850376,-0.5428280698508,32851514.24041,31165813.6257317,163777371.9941,0.005622918667735,0,0,0,7.993851616141,1.020390564034e-81,0,2.478761852184,-0.5423545205759,-14.245181986,-0.4902487648041,1.345818985007,-12.96160967894,-22952.10392552,4367.640154436,0,0,259381.600,2296,176,0,199496.0420358
199700,-24195054.66691,4972388.745469,16333099.24464,0,0,0,-1.063201120113,-0.5428861626108,32851950.99069,31166250.3758263,163779667.1373,0.005622918666461,0,0,0,7.993290634816,1.020196073579e-81,0,2.478741529892,-0.5424125077697,-14.24596921531,-0.490191694813,1.345827006885,-12.96222992939,-22950.75874365,4367.384174839,0,0,259381.700,2296,176,0,199596.0405789
199800,-24195213.16595,4972347.967576,16332876.89868,0,0,0,-1.063244398796,-0.5429442533374,32852387.71536,31166687.1003222,163781962.1459,0.005622918665187,0,0,0,7.992729611222,1.020001595449e-81,0,2.478721206101,-0.5424704931753,-14.24675642034,-0.4901346503813,1.345835029241,-12.96285013046,-22949.41347369,4367.128178477,0,0,259381.800,2296,176,0,199696.0391222
199900,-24195371.66316,4972307.191495,16332654.55021,0,0,0,-1.063287686423,-0.5430023420305,32852824.41444,31167123.7992176,163784257.02,0.005622918663914,0,0,0,7.992168545384,1.019807129657e-81,0,2.478700879174,-0.542528476286,-14.24754359422,-0.4900775831539,1.345843052073,-12.96347027529,-22948.06810585,4366.872163489,0,0,259381.900,2296,176,0,199796.0376655
200000,-24195530.15853,4972266.417227,16332432.19924,0,0,0,-1.063330982997,-0.5430604286899,32853261.08791,31167560.4722971,163786551.7606,0.00562291866264,0,0,0,7.991393788329,1.019612676218e-81,0,2.478680548869,-0.5425864575034,-14.24833074239,-0.4900205253724,1.345851075382,-12.96409036933,-22947.28401678,4366.7229563,0,0,259382.000,2296,176,0,199896.0362089
200100,-24195688.65207,4972225.644772,16332209.84576,0,0,0,-1.063374288518,-0.5431185133156,32853697.73578,31167997.1199864,163788846.3656,0.005622918661366,0,0,0,7.990832651022,1.019418235146e-81,0,2.478660214688,-0.5426444368129,-14.24911786467,-0.4899634361942,1.345859099168,-12.96471041238,-22945.37707652,4366.360077634,0,0,259382.100,2296,176,0,199996.0347524
200200,-24195847.14378,4972184.87413,16331987.48978,0,0,0,-1.063417602989,-0.5431765959075,32854134.35804,31168433.7420699,163791140.8361,0.005622918660092,0,0,0,7.99027147155,1.019223806453e-81,0,2.478639879167,-0.5427024137876,-14.24990495524,-0.4899063500295,1.34586712343,-12.96533039867,-22944.03145418,4366.104014218,0,0,259382.200,2296,176,0,200096.033296
200300,-24196005.63365,4972144.1053,16331765.13128,0,0,0,-1.06346092641,-0.5432346764655,32854570.9547,31168870.3385461,163793435.1719,0.005622918658819,0,0,0,7.989710249936,1.019029390156e-81,0,2.478619537068,-0.5427603888907,-14.25069202041,-0.4898492869057,1.345875148168,-12.96595033447,-22942.68584164,4365.847952664,0,0,259382.300,2296,176,0,200196.0318397
200400,-24196164.1217,4972103.338282,16331542.77028,0,0,0,-1.063504258781,-0.5432927549894,32855007.52574,31169306.9094131,163795729.3732,0.005622918657545,0,0,0,7.989148986204,1.018834986266e-81,0,2.478599193461,-0.5428183616985,-14.25147905442,-0.4897922057427,1.345883173382,-12.96657021404,-22941.34002353,4365.591851994,0,0,259382.400,2296,176,0,200296.0303834
200500,-24196322.60791,4972062.573077,16331320.40677,0,0,0,-1.063547600105,-0.5433508314792,32855444.07118,31169743.4546693,163798023.4399,0.005622918656271,0,0,0,7.988587680376,1.018640594799e-81,0,2.47857884594,-0.5428763329935,-14.25226606789,-0.489735129331,1.345891199072,-12.96719004802,-22939.99408797,4365.335728973,0,0,259382.500,2296,176,0,200396.0289273
200600,-24196481.09229,4972021.809685,16331098.04076,0,0,0,-1.063590950383,-0.5434089059347,32855880.591,31170179.9743128,163800317.372,0.005622918654997,0,0,0,7.988026332478,1.018446215768e-81,0,2.478558495487,-0.5429343017948,-14.2530530475,-0.4896780220436,1.345899225238,-12.96780982308,-22938.64806432,4365.079589188,0,0,259382.600,2296,176,0,200496.0274712
200700,-24196639.57483,4971981.048106,16330875.67223,0,0,0,-1.063634309615,-0.5434669783558,32856317.08521,31170616.4683419,163802611.1695,0.005622918653723,0,0,0,7.987464942531,1.018251849188e-81,0,2.478538141707,-0.5429922685026,-14.25383999869,-0.4896209202792,1.34590725188,-12.96842954466,-22937.30207003,4364.823454991,0,0,259382.700,2296,176,0,200596.0260152
200800,-24196798.05554,4971940.288338,16330653.3012,0,0,0,-1.063677677804,-0.5435250487425,32856753.5538,31171052.9367549,163804904.8324,0.00562291865245,0,0,0,7.98690351056,1.018057495072e-81,0,2.478517785727,-0.5430502335071,-14.25462692676,-0.4895638420305,1.345915278997,-12.96904921807,-22935.95589955,4364.567287266,0,0,259382.800,2296,176,0,200696.0245593
200900,-24196956.53442,4971899.530384,16330430.92767,0,0,0,-1.063721054949,-0.5435831170946,32857189.99678,31171489.3795501,163807198.3607,0.005622918651176,0,0,0,7.986342036587,1.017863153433e-81,0,2.478497423375,-0.5431081963716,-14.25541382578,-0.4895067420501,1.34592330659,-12.96966883737,-22934.6096214,4364.311099052,0,0,259382.900,2296,176,0,200796.0231035
201000,-24197115.01147,4971858.774242,16330208.55162,0,0,0,-1.063764441053,-0.5436411834121,32857626.41413,31171925.7965122,163809491.7555,0.005622918649902,0,0,0,7.985566982729,1.017668824287e-81,0,2.478477059301,-0.5431661571619,-14.25620069664,-0.4894496510355,1.345931334658,-12.97028840348,-22933.82432837,4364.161662757,0,0,259383.000,2296,176,0,200896.0216478
201100,-24197273.48669,4971818.019912,16329986.17307,0,0,0,-1.063807836116,-0.5436992476947,32858062.80587,31172362.1880665,163811785.0144,0.005622918648628,0,0,0,7.985005437868,1.017474507646e-81,0,2.478456691697,-0.5432241159422,-14.25698754021,-0.4893925269283,1.345939363201,-12.97090791726,-22931.91674208,4363.798661157,0,0,259383.100,2296,176,0,200996.0201921
201200,-24197431.96007,4971777.267394,16329763.79201,0,0,0,-1.063851240139,-0.5437573099425,32858499.17198,31172798.5539977,163814078.1388,0.005622918647355,0,0,0,7.984443851085,1.017280203526e-81,0,2.478436321046,-0.5432820724336,-14.2577743527,-0.4893354088431,1.34594739222,-12.97152737493,-22930.57026817,4363.542435691,0,0,259383.200,2296,176,0,201096.0187366
201300,-24197590.43161,4971736.51669,16329541.40844,0,0,0,-1.063894653125,-0.5438153701553,32858935.51246,31173234.8943042,163816371.1285,0.005622918646081,0,0,0,7.983882222404,1.017085911939e-81,0,2.478415948432,-0.5433400271792,-14.2585611415,-0.4892783129344,1.345955421713,-12.97214678387,-22929.22366701,4363.28618601,0,0,259383.300,2296,176,0,201196.0172811
201400,-24197748.90133,4971695.767797,16329319.02237,0,0,0,-1.063938075073,-0.5438734283329,32859371.82732,31173671.2089841,163818663.9835,0.005622918644807,0,0,0,7.983320551848,1.0168916329e-81,0,2.478395568841,-0.5433979800688,-14.2593479051,-0.4892211970384,1.345963451682,-12.97276614259,-22927.87682114,4363.029889762,0,0,259383.400,2296,176,0,201296.0158257
201500,-24197907.36921,4971655.020717,16329096.63379,0,0,0,-1.063981505986,-0.5439314844754,32859808.11656,31174107.4980357,163820956.7039,0.005622918643533,0,0,0,7.982758839441,1.016697366423e-81,0,2.478375188175,-0.5434559305445,-14.26013463593,-0.4891640875953,1.345971482125,-12.97338544352,-22926.53000463,4362.773599103,0,0,259383.500,2296,176,0,201396.0143704
201600,-24198065.83526,4971614.275449,16328874.2427,0,0,0,-1.064024945864,-0.5439895385825,32860244.38016,31174543.7614574,163823249.2895,0.005622918642259,0,0,0,7.982197085207,1.016503112521e-81,0,2.478354804009,-0.5435138787439,-14.26092133585,-0.4891069489382,1.345979513042,-12.97400468853,-22925.18310982,4362.517293543,0,0,259383.600,2296,176,0,201496.0129152
201700,-24198224.29948,4971573.531993,16328651.84911,0,0,0,-1.064068394708,-0.5440475906542,32860680.61813,31174979.9992473,163825541.7405,0.005622918640986,0,0,0,7.981635289169,1.016308871208e-81,0,2.478334416381,-0.5435718256071,-14.26170801764,-0.4890498128605,1.345987544434,-12.97462389038,-22923.83609755,4362.26096563,0,0,259383.700,2296,176,0,201596.01146
201800,-24198382.76186,4971532.79035,16328429.453,0,0,0,-1.06411185252,-0.5441056406904,32861116.83046,31175416.2114037,163827834.0567,0.005622918639712,0,0,0,7.981073451351,1.016114642498e-81,0,2.478314025145,-0.5436297700552,-14.26249466663,-0.4889927009387,1.345995576301,-12.97524303444,-22922.48897761,4362.004617229,0,0,259383.800,2296,176,0,201696.010005
201900,-24198541.22241,4971492.050519,16328207.0544,0,0,0,-1.0641553193,-0.544163688691,32861553.01716,31175852.3979249,163830126.2383,0.005622918638438,0,0,0,7.980511571775,1.015920426405e-81,0,2.478293632626,-0.5436877121779,-14.26328128406,-0.4889355690654,1.346003608642,-12.97586212193,-22921.14186746,4361.74827069,0,0,259383.900,2296,176,0,201796.00855
202000,-24198699.68112,4971451.3125,16327984.65328,0,0,0,-1.064198795051,-0.5442217346558,32861989.17823,31176288.5585958,163832418.2862,0.005622918637164,0,0,0,7.979736224589,1.015726222943e-81,0,2.478273233154,-0.5437456527374,-14.26406788027,-0.4888784426385,1.346011641457,-12.97648116319,-22920.35533131,4361.598597839,0,0,259384.000,2296,176,0,201896.0070952
202100,-24198858.13801,4971410.576293,16327762.24966,0,0,0,-1.064242279773,-0.5442797785848,32862425.31365,31176724.6938414,163834710.1983,0.005622918635891,0,0,0,7.979174274704,1.015532032127e-81,0,2.478252832427,-0.5438035909169,-14.26485444416,-0.4888212878243,1.346019674745,-12.97710014715,-22918.4471871,4361.235490069,0,0,259384.100,2296,176,0,201996.0056404
202200,-24199016.59306,4971369.841899,16327539.84353,0,0,0,-1.064285773468,-0.5443378204778,32862861.42344,31177160.8034466,163837001.9757,0.005622918634617,0,0,0,7.978612283142,1.015337853968e-81,0,2.478232427668,-0.5438615273688,-14.26564098461,-0.488764151033,1.346027708508,-12.97771908266,-22917.09969521,4360.979070887,0,0,259384.200,2296,176,0,202096.0041857
202300,-24199175.04627,4971329.109317,16327317.43489,0,0,0,-1.064329276135,-0.5443958603348,32863297.50758,31177596.8874096,163839293.6183,0.005622918633343,0,0,0,7.978050249926,1.015143688482e-81,0,2.478212020199,-0.5439194611627,-14.26642748896,-0.4887070041585,1.346035742745,-12.9783379571,-22915.75217395,4360.722646117,0,0,259384.300,2296,176,0,202196.002731
202400,-24199333.49765,4971288.378547,16327095.02375,0,0,0,-1.064372787778,-0.5444538981556,32863733.56608,31178032.9457288,163841585.1261,0.005622918632069,0,0,0,7.977488175079,1.014949535682e-81,0,2.478191608771,-0.5439773936439,-14.2672139755,-0.488649855739,1.346043777455,-12.97895678873,-22914.40468205,4360.466226935,0,0,259384.400,2296,176,0,202296.0012765
202500,-24199491.9472,4971247.649589,16326872.6101,0,0,0,-1.064416308396,-0.5445119339401,32864169.59894,31178468.9784023,163843876.4992,0.005622918630796,0,0,0,7.976926058626,1.014755395583e-81,0,2.478171195946,-0.5440353236739,-14.26800042876,-0.4885927141529,1.346051812638,-12.97957556211,-22913.05687693,4360.209748149,0,0,259384.500,2296,176,0,202395.9998221
202600,-24199650.39492,4971206.922443,16326650.19395,0,0,0,-1.064459837992,-0.5445699676882,32864605.60614,31178904.9854285,163846167.7375,0.005622918629522,0,0,0,7.976363900589,1.014561268197e-81,0,2.478150776414,-0.5440932518332,-14.26878685662,-0.4885355252077,1.346059848295,-12.98019428512,-22911.70904245,4359.953263775,0,0,259384.600,2296,176,0,202495.9983677
202700,-24199808.8408,4971166.197109,16326427.77529,0,0,0,-1.064503376566,-0.5446279993999,32865041.5877,31179340.9668057,163848458.841,0.005622918628248,0,0,0,7.975801700993,1.014367153539e-81,0,2.478130354963,-0.5441511778364,-14.26957325521,-0.4884783883847,1.346067884425,-12.98081295389,-22910.36112966,4359.696764499,0,0,259384.700,2296,176,0,202595.9969134
202800,-24199967.28485,4971125.473587,16326205.35412,0,0,0,-1.064546924119,-0.544686029075,32865477.54361,31179776.9225319,163850749.8097,0.005622918626974,0,0,0,7.97523945986,1.014173051622e-81,0,2.478109930285,-0.5442091021424,-14.27035963076,-0.4884212273476,1.346075921028,-12.98143157465,-22909.01317771,4359.440257773,0,0,259384.800,2296,176,0,202695.9954592
202900,-24200125.72706,4971084.751877,16325982.93044,0,0,0,-1.064590480653,-0.5447440567133,32865913.47386,31180212.8526057,163853040.6436,0.0056229186257,0,0,0,7.974677177215,1.013978962461e-81,0,2.478089502452,-0.5442670237126,-14.27114596917,-0.4883640615256,1.346083958104,-12.9820501333,-22907.66510831,4359.183728695,0,0,259384.900,2296,176,0,202795.9940051
203000,-24200284.16744,4971044.03198,16325760.50426,0,0,0,-1.064634046169,-0.5448020823149,32866349.37846,31180648.7568118,163855331.3438,0.005622918624427,0,0,0,7.973901540181,1.013784886069e-81,0,2.47806907241,-0.544324943764,-14.27193228696,-0.4883069026522,1.346091995654,-12.98266864638,-22906.87732906,4359.033819288,0,0,259385.000,2296,176,0,202895.9925511
203100,-24200442.60599,4971003.313894,16325538.07557,0,0,0,-1.064677620667,-0.5448601058796,32866785.25741,31181084.6355753,163857621.9081,0.005622918623153,0,0,0,7.973339187807,1.01359082246e-81,0,2.478048635691,-0.544382861901,-14.27271857876,-0.4882497125797,1.346100033675,-12.98328710852,-22904.96850945,4358.670582995,0,0,259385.100,2296,176,0,202995.9910972
203200,-24200601.0427,4970962.59762,16325315.64438,0,0,0,-1.06472120415,-0.5449181274072,32867221.11069,31181520.488681,163859912.3375,0.005622918621879,0,0,0,7.972776794,1.013396771647e-81,0,2.478028197535,-0.5444407777096,-14.27350483895,-0.4881925450854,1.34610807217,-12.9839055141,-22903.62019534,4358.414007351,0,0,259385.200,2296,176,0,203095.9896433
203300,-24200759.47758,4970921.883159,16325093.21068,0,0,0,-1.064764796618,-0.5449761468977,32867656.93832,31181956.3161272,163862202.6321,0.005622918620605,0,0,0,7.972214358784,1.013202733645e-81,0,2.47800775647,-0.5444986911769,-14.27429106735,-0.4881353646333,1.346116111137,-12.98452386295,-22902.27176378,4358.157409355,0,0,259385.300,2296,176,0,203195.9881895
203400,-24200917.91063,4970881.170509,16324870.77447,0,0,0,-1.064808398073,-0.545034164351,32868092.74028,31182392.1179122,163864492.7919,0.005622918619332,0,0,0,7.971651882182,1.013008708467e-81,0,2.477987311424,-0.5445566030369,-14.27507727394,-0.4880781830782,1.346124150576,-12.98514216503,-22900.9232539,4357.900796458,0,0,259385.400,2296,176,0,203295.9867359
203500,-24201076.34184,4970840.459671,16324648.33575,0,0,0,-1.064852008515,-0.545092179767,32868528.51659,31182827.8940342,163866782.8168,0.005622918618058,0,0,0,7.971089364217,1.012814696127e-81,0,2.477966862959,-0.544614513001,-14.27586345478,-0.4880210052307,1.346132190487,-12.98576041645,-22899.57449932,4357.644136995,0,0,259385.500,2296,176,0,203395.9852823
203600,-24201234.77122,4970799.750644,16324425.89453,0,0,0,-1.064895627946,-0.5451501931455,32868964.26722,31183263.6444916,163869072.7068,0.005622918616784,0,0,0,7.970526804913,1.012620696638e-81,0,2.477946412968,-0.5446724204994,-14.27664960215,-0.4879638008372,1.346140230871,-12.98637860945,-22898.22583283,4357.387494296,0,0,259385.600,2296,176,0,203495.9838288
203700,-24201393.19876,4970759.04343,16324203.45081,0,0,0,-1.064939256368,-0.5452082044864,32869399.9922,31183699.3692826,163871362.4619,0.00562291861551,0,0,0,7.969964204295,1.012426710016e-81,0,2.477925956322,-0.5447303260155,-14.27743572262,-0.4879066150023,1.346148271726,-12.98699675062,-22896.87700973,4357.130821794,0,0,259385.700,2296,176,0,203595.9823753
203800,-24201551.62447,4970718.338028,16323981.00457,0,0,0,-1.06498289378,-0.5452662137897,32869835.6915,31184135.0684054,163873652.0822,0.005622918614236,0,0,0,7.969401562384,1.012232736272e-81,0,2.477905497999,-0.5447882296953,-14.27822181815,-0.4878494193706,1.346156313054,-12.98761484193,-22895.52810833,4356.874134392,0,0,259385.800,2296,176,0,203695.980922
203900,-24201710.04835,4970677.634437,16323758.55583,0,0,0,-1.065026540185,-0.5453242210552,32870271.36513,31184570.7418584,163875941.5676,0.005622918612963,0,0,0,7.968838879205,1.012038775421e-81,0,2.47788503633,-0.5448461310914,-14.27900788267,-0.4877922209869,1.346164354853,-12.98823287732,-22894.17909925,4356.6174265,0,0,259385.900,2296,176,0,203795.9794688
204000,-24201868.47039,4970636.932658,16323536.10459,0,0,0,-1.065070195584,-0.5453822262829,32870707.0131,31185006.3894265,163878230.9191,0.005622918611689,0,0,0,7.968062955809,1.011844827477e-81,0,2.477864571273,-0.5449040306921,-14.27979392283,-0.4877350277616,1.346172397124,-12.98885086343,-22893.39019435,4356.467302889,0,0,259386.000,2296,176,0,203895.9780156
204100,-24202026.89059,4970596.232691,16323313.65084,0,0,0,-1.065113859978,-0.5454402294726,32871142.63538,31185442.0115346,163880520.1347,0.005622918610415,0,0,0,7.967500203484,1.011650892453e-81,0,2.477844102728,-0.5449619280409,-14.28057993241,-0.4876778054484,1.346180439866,-12.98946879405,-22891.48089512,4356.103975326,0,0,259386.100,2296,176,0,203995.9765625
204200,-24202185.30897,4970555.534536,16323091.19458,0,0,0,-1.065157533367,-0.5454982306242,32871578.232,31185877.6079675,163882809.2153,0.005622918609141,0,0,0,7.96693740997,1.011456970363e-81,0,2.477823632541,-0.5450198235435,-14.28136591692,-0.4876206024045,1.34618848308,-12.9900866747,-22890.13162176,4355.847217143,0,0,259386.200,2296,176,0,204095.9751095
204300,-24202343.72551,4970514.838192,16322868.73582,0,0,0,-1.065201215754,-0.5455562297376,32872013.80294,31186313.1787237,163885098.161,0.005622918607868,0,0,0,7.966374575291,1.011263061221e-81,0,2.477803155546,-0.545077716762,-14.28215187043,-0.4875633907803,1.346196526764,-12.99070449944,-22888.78225052,4355.590440333,0,0,259386.300,2296,176,0,204195.9736566
204400,-24202502.14021,4970474.14366,16322646.27455,0,0,0,-1.065244907139,-0.5456142268127,32872449.34819,31186748.7238013,163887386.9717,0.005622918606594,0,0,0,7.965811699471,1.01106916504e-81,0,2.477782676943,-0.5451356081121,-14.28293779858,-0.4875061748014,1.34620457092,-12.99132227391,-22887.43283033,4355.33365421,0,0,259386.400,2296,176,0,204295.9722038
204500,-24202660.55308,4970433.45094,16322423.81077,0,0,0,-1.065288607523,-0.5456722218494,32872884.86777,31187184.2431987,163889675.6475,0.00562291860532,0,0,0,7.965248782534,1.010875281835e-81,0,2.477762194886,-0.5451934973465,-14.283723698,-0.4874489651086,1.346212615547,-12.99193999477,-22886.0832046,4355.076828972,0,0,259386.500,2296,176,0,204395.9707511
204600,-24202818.96412,4970392.760031,16322201.34449,0,0,0,-1.065332316908,-0.5457302148475,32873320.36167,31187619.7369142,163891964.1884,0.005622918604046,0,0,0,7.964685824502,1.010681411618e-81,0,2.477741709364,-0.5452513846837,-14.28450957166,-0.4873917433832,1.346220660645,-12.99255766498,-22884.73361801,4354.820011184,0,0,259386.600,2296,176,0,204495.9692984
204700,-24202977.37332,4970352.070935,16321978.8757,0,0,0,-1.065376035296,-0.5457882058071,32873755.82988,31188055.2049459,163894252.5942,0.005622918602772,0,0,0,7.9641228254,1.010487554405e-81,0,2.477721221996,-0.545309269699,-14.2852954138,-0.4873345076034,1.346228706214,-12.99317527879,-22883.38377693,4354.563144967,0,0,259386.700,2296,176,0,204595.9678458
204800,-24203135.78068,4970311.383649,16321756.40441,0,0,0,-1.065419762686,-0.5458461947279,32874191.27241,31188490.6472921,163896540.8651,0.005622918601499,0,0,0,7.963559785251,1.010293710206e-81,0,2.477700728207,-0.5453671530839,-14.28608123381,-0.4872772778021,1.346236752253,-12.99379284558,-22882.03400437,4354.306291789,0,0,259386.800,2296,176,0,204695.9663934
204900,-24203294.18622,4970270.698175,16321533.93061,0,0,0,-1.06546349908,-0.5459041816099,32874626.68925,31188926.0639512,163898829.001,0.005622918600225,0,0,0,7.962996704079,1.010099879039e-81,0,2.477680232764,-0.5454250339052,-14.28686701902,-0.4872200458664,1.346244798762,-12.99441035269,-22880.68408499,4354.049410671,0,0,259386.900,2296,176,0,204795.964941
205000,-24203452.58991,4970230.014513,16321311.45431,0,0,0,-1.06550724448,-0.5459621664529,32875062.0804,31189361.4547083,163901117.0031,0.005622918598951,0,0,0,7.962220497809,1.009906060914e-81,0,2.477659734067,-0.5454829128967,-14.28765277938,-0.4871628194921,1.346252845742,-12.99502781009,-22879.89392719,4353.899048641,0,0,259387.000,2296,176,0,204895.9634887
205100,-24203610.99178,4970189.332662,16321088.97549,0,0,0,-1.065550998887,-0.5460201492569,32875497.44586,31189796.8199879,163903404.869,0.005622918597677,0,0,0,7.961657348072,1.009712255847e-81,0,2.477639231386,-0.5455407899578,-14.28843851354,-0.4871055789131,1.346260893193,-12.99564521641,-22877.98389384,4353.53558138,0,0,259387.100,2296,176,0,204995.9620364
205200,-24203769.3918,4970148.652623,16320866.49418,0,0,0,-1.065594762302,-0.5460781300218,32875932.78563,31190232.1595751,163905692.5999,0.005622918596404,0,0,0,7.961094157392,1.00951846385e-81,0,2.477618725981,-0.5455986647219,-14.28922421651,-0.4870483274775,1.346268941113,-12.99626256669,-22876.63377869,4353.278663009,0,0,259387.200,2296,176,0,205095.9605843
205300,-24203927.79,4970107.974395,16320644.01036,0,0,0,-1.065638534725,-0.5461361087474,32876368.09971,31190667.4734683,163907980.1957,0.00562291859513,0,0,0,7.960530925792,1.009324684938e-81,0,2.477598218492,-0.545656537655,-14.29000989463,-0.4869910820334,1.346276989503,-12.99687986725,-22875.28354608,4353.021722287,0,0,259387.300,2296,176,0,205195.9591323
205400,-24204086.18636,4970067.297979,16320421.52403,0,0,0,-1.065682316159,-0.5461940854336,32876803.38808,31191102.7616656,163910267.6566,0.005622918593856,0,0,0,7.959967653296,1.009130919124e-81,0,2.477577704262,-0.5457144086977,-14.29079554708,-0.4869338334671,1.346285038363,-12.99749711728,-22873.93313728,4352.764748037,0,0,259387.400,2296,176,0,205295.9576803
205500,-24204244.58088,4970026.623374,16320199.03519,0,0,0,-1.065726106604,-0.5462520600803,32877238.65077,31191538.0241654,163912554.9824,0.005622918592582,0,0,0,7.959404339927,1.008937166421e-81,0,2.477557188629,-0.5457722775809,-14.29158117021,-0.4868765898937,1.346293087693,-12.99811431315,-22872.58265996,4352.507760748,0,0,259387.500,2296,176,0,205395.9562284
205600,-24204402.97357,4969985.950581,16319976.54385,0,0,0,-1.065769906062,-0.5463100326874,32877673.88775,31191973.2609659,163914842.1731,0.005622918591309,0,0,0,7.958840985709,1.008743426844e-81,0,2.477536669623,-0.5458301440143,-14.29236676009,-0.4868193347396,1.346301137493,-12.99873145092,-22871.23216307,4352.250769734,0,0,259387.600,2296,176,0,205495.9547766
205700,-24204561.36442,4969945.279599,16319754.05001,0,0,0,-1.065813714534,-0.5463680032548,32878109.09903,31192408.4720655,163917129.2288,0.005622918590035,0,0,0,7.958277590666,1.008549700406e-81,0,2.477516146986,-0.5458880088757,-14.29315232863,-0.4867620658156,1.346309187762,-12.9993485425,-22869.88151935,4351.993750781,0,0,259387.700,2296,176,0,205595.9533249
205800,-24204719.75344,4969904.610428,16319531.55366,0,0,0,-1.065857532021,-0.5464259717825,32878544.28461,31192843.6574623,163919416.1494,0.005622918588761,0,0,0,7.957714154821,1.00835598712e-81,0,2.477495622634,-0.5459458715711,-14.29393786776,-0.486704801675,1.3463172385,-12.99996557984,-22868.53086585,4351.736729965,0,0,259387.800,2296,176,0,205695.9518733
205900,-24204878.14063,4969863.943069,16319309.0548,0,0,0,-1.065901358524,-0.5464839382702,32878979.44448,31193278.8171547,163921702.9349,0.005622918587487,0,0,0,7.957150678198,1.008162287001e-81,0,2.477475091635,-0.5460037322282,-14.29472337921,-0.4866475353781,1.346325289707,-13.00058256467,-22867.17998721,4351.479666308,0,0,259387.900,2296,176,0,205795.9504218
206000,-24205036.52598,4969823.277521,16319086.55344,0,0,0,-1.065945194044,-0.5465419027179,32879414.57865,31193713.9509279,163923989.5865,0.005622918586213,0,0,0,7.956374192549,1.007968600061e-81,0,2.477454559007,-0.5460615907156,-14.29550886122,-0.4865902763421,1.346333341384,-13.00119949522,-22866.38864503,4351.329078898,0,0,259388.000,2296,176,0,205895.9489703
206100,-24205194.90949,4969782.613785,16318864.04957,0,0,0,-1.065989038582,-0.5465998651255,32879849.68711,31194149.0592063,163926276.1019,0.00562291858494,0,0,0,7.955810647944,1.007774926315e-81,0,2.47743402282,-0.5461194474056,-14.29629431882,-0.4865330041527,1.34634139353,-13.00181637653,-22864.47811248,4350.965516642,0,0,259388.100,2296,176,0,205995.9475189
206200,-24205353.29117,4969741.951859,16318641.5432,0,0,0,-1.066032892141,-0.5466578254928,32880284.76986,31194584.141775,163928562.4821,0.005622918583666,0,0,0,7.955247062641,1.007581265775e-81,0,2.477413483432,-0.5461773016159,-14.29707974275,-0.4864757174447,1.346349446144,-13.00243319937,-22863.12698914,4350.708406419,0,0,259388.200,2296,176,0,206095.9460677
206300,-24205511.67102,4969701.291745,16318419.03432,0,0,0,-1.06607675472,-0.5467157838198,32880719.8269,31195019.1986323,163930848.7273,0.005622918582392,0,0,0,7.954683436664,1.007387618456e-81,0,2.477392940613,-0.546235154049,-14.29786514256,-0.4864184390697,1.346357499227,-13.00304997326,-22861.77590495,4350.451303646,0,0,259388.300,2296,176,0,206195.9446165
206400,-24205670.04903,4969660.633442,16318196.52294,0,0,0,-1.066120626322,-0.5467737401064,32881154.85822,31195454.2297766,163933134.8373,0.005622918581118,0,0,0,7.954119770036,1.007193984371e-81,0,2.477372395689,-0.5462930044901,-14.29865051533,-0.4863611572856,1.346365552779,-13.00366669529,-22860.42455648,4350.194150582,0,0,259388.400,2296,176,0,206295.9431654
206500,-24205828.4252,4969619.976951,16317974.00905,0,0,0,-1.066164506947,-0.5468316943524,32881589.86384,31195889.235206,163935420.8122,0.005622918579845,0,0,0,7.95355606278,1.007000363533e-81,0,2.477351844202,-0.5463508529256,-14.29943586087,-0.4863038796327,1.3463736068,-13.00428336529,-22859.07313949,4349.936984479,0,0,259388.500,2296,176,0,206395.9417143
206600,-24205986.79954,4969579.32227,16317751.49266,0,0,0,-1.066208396596,-0.5468896465577,32882024.84373,31196324.214919,163937706.6519,0.005622918578571,0,0,0,7.952992314921,1.006806755956e-81,0,2.477331291267,-0.5464086991718,-14.30022117669,-0.4862465897829,1.346381661288,-13.00489998076,-22857.72168334,4349.679810926,0,0,259388.600,2296,176,0,206495.9402634
206700,-24206145.17204,4969538.669401,16317528.97376,0,0,0,-1.066252295272,-0.5469475967223,32882459.79791,31196759.1689137,163939992.3565,0.005622918577297,0,0,0,7.952428526481,1.006613161655e-81,0,2.477310735088,-0.5464665434121,-14.30100646527,-0.4861892861026,1.346389716245,-13.0055165442,-22856.37015868,4349.422624335,0,0,259388.700,2296,176,0,206595.9388125
206800,-24206303.54271,4969498.018343,16317306.45236,0,0,0,-1.066296202974,-0.547005544846,32882894.72636,31197194.0971884,163942277.9259,0.005622918576023,0,0,0,7.951864697486,1.006419580641e-81,0,2.477290174905,-0.5465243856383,-14.30179172651,-0.486131992012,1.34639777167,-13.0061330555,-22855.01850677,4349.165413529,0,0,259388.800,2296,176,0,206695.9373618
206900,-24206461.91155,4969457.369096,16317083.92845,0,0,0,-1.066340119704,-0.5470634909287,32883329.6291,31197628.9997414,163944563.3602,0.005622918574749,0,0,0,7.951300827957,1.006226012929e-81,0,2.477269612085,-0.5465822254538,-14.30257695503,-0.4860746922662,1.346405827563,-13.00674950928,-22853.66679614,4348.908191547,0,0,259388.900,2296,176,0,206795.9359111
207000,-24206620.27854,4969416.72166,16316861.40203,0,0,0,-1.066384045463,-0.5471214349703,32883764.50611,31198063.8763582,163946848.6604,0.005622918573476,0,0,0,7.950524066428,1.006032458532e-81,0,2.4772490469,-0.5466400638082,-14.3033621637,-0.4860174147385,1.346413883924,-13.00736591844,-22852.87425,4348.757375032,0,0,259389.000,2296,176,0,206895.9344605
207100,-24206778.6437,4969376.076035,16316638.87311,0,0,0,-1.066427980253,-0.5471793769706,32884199.3574,31198498.7274627,163949133.8243,0.005622918572202,0,0,0,7.949960129501,1.005838917464e-81,0,2.477228475574,-0.5466978998394,-14.30414734084,-0.4859600917112,1.346421940753,-13.00798227127,-22850.96305185,4348.393686116,0,0,259389.100,2296,176,0,206995.93301
207200,-24206937.00703,4969335.432222,16316416.34169,0,0,0,-1.066471924075,-0.5472373169297,32884634.18296,31198933.5528403,163951418.853,0.005622918570928,0,0,0,7.949396152123,1.005645389739e-81,0,2.477207902259,-0.5467557337139,-14.3049324887,-0.4859027721433,1.346429998049,-13.00859857005,-22849.6110182,4348.136402667,0,0,259389.200,2296,176,0,207095.9315596
207300,-24207095.36852,4969294.790219,16316193.80776,0,0,0,-1.066515876929,-0.5472952548474,32885068.98279,31199368.3524893,163953703.7465,0.005622918569654,0,0,0,7.948832134315,1.005451875369e-81,0,2.477187325633,-0.5468135656018,-14.30571760959,-0.4858454606682,1.346438055812,-13.00921481708,-22848.25897476,4347.879117355,0,0,259389.300,2296,176,0,207195.9301092
207400,-24207253.72818,4969254.150027,16315971.27132,0,0,0,-1.066559838818,-0.5473531907235,32885503.75689,31199803.126408,163955988.5048,0.005622918568381,0,0,0,7.948268076101,1.005258374368e-81,0,2.477166745505,-0.546871395425,-14.30650270245,-0.4857881444868,1.346446114043,-13.00983101131,-22846.90685301,4347.621817142,0,0,259389.400,2296,176,0,207295.928659
207500,-24207412.086,4969213.511647,16315748.73238,0,0,0,-1.066603809741,-0.547411124558,32885938.50526,31200237.8745946,163958273.1279,0.005622918567107,0,0,0,7.947703977506,1.00506488675e-81,0,2.477146163688,-0.5469292234093,-14.30728777035,-0.4857308517026,1.346454172742,-13.01044715582,-22845.55463338,4347.364498302,0,0,259389.500,2296,176,0,207395.9272088
207600,-24207570.44198,4969172.875077,16315526.19094,0,0,0,-1.066647789702,-0.5474690563508,32886373.22789,31200672.5970475,163960557.6157,0.005622918565833,0,0,0,7.947139838553,1.004871412529e-81,0,2.477125575092,-0.5469870491267,-14.30807280747,-0.4856735093787,1.346462231907,-13.01106324478,-22844.20224736,4347.107147798,0,0,259389.600,2296,176,0,207495.9257588
207700,-24207728.79613,4969132.240318,16315303.64699,0,0,0,-1.0666917787,-0.5475269861017,32886807.92479,31201107.2937649,163962841.9683,0.005622918564559,0,0,0,7.946575659266,1.004677951717e-81,0,2.477104984642,-0.5470448731886,-14.30885782211,-0.485616173696,1.346470291539,-13.01167928651,-22842.84976344,4346.849778667,0,0,259389.700,2296,176,0,207595.9243088
207800,-24207887.14844,4969091.60737,16315081.10053,0,0,0,-1.066735776736,-0.5475849138106,32887242.59595,31201541.9647452,163965126.1857,0.005622918563285,0,0,0,7.946011439668,1.004484504328e-81,0,2.477084390854,-0.5471026949342,-14.30964280531,-0.4855588446069,1.346478351638,-13.01229527205,-22841.4972208,4346.59239836,0,0,259389.800,2296,176,0,207695.9228589
207900,-24208045.49892,4969050.976233,16314858.55157,0,0,0,-1.066779783813,-0.5476428394775,32887677.24138,31201976.6099864,163967410.2678,0.005622918562012,0,0,0,7.945447179783,1.004291070376e-81,0,2.477063794041,-0.5471605143721,-14.31042775718,-0.4855015115501,1.346486412204,-13.0129112015,-22840.14463901,4346.335010603,0,0,259389.900,2296,176,0,207795.921409
208000,-24208203.84756,4969010.346907,16314636.00011,0,0,0,-1.066823799931,-0.5477007631022,32888111.86106,31202411.2292743,163969694.2157,0.005622918560738,0,0,0,7.944670145876,1.004097649874e-81,0,2.477043193598,-0.5472183318331,-14.31121268221,-0.4854442015578,1.346494473237,-13.01352707937,-22839.35084976,4346.183957532,0,0,259390.000,2296,176,0,207895.9199593
208100,-24208362.19437,4968969.719392,16314413.44614,0,0,0,-1.066867825092,-0.5477586846846,32888546.455,31202845.8230326,163971978.0273,0.005622918559464,0,0,0,7.944105819178,1.003904242836e-81,0,2.477022590862,-0.5472761475331,-14.31199758333,-0.4853868448946,1.346502534736,-13.0141429086,-22837.4389958,4345.820143819,0,0,259390.100,2296,176,0,207995.9185097
208200,-24208520.53934,4968929.093688,16314190.88967,0,0,0,-1.066911859296,-0.5478166042247,32888981.0232,31203280.3910468,163974261.7035,0.00562291855819,0,0,0,7.943541452273,1.003710849275e-81,0,2.477001982073,-0.547333961039,-14.31278245467,-0.4853294927776,1.346510596701,-13.0147586833,-22836.08612036,4345.562700182,0,0,259390.200,2296,176,0,208095.9170601
208300,-24208678.88247,4968888.469794,16313968.33069,0,0,0,-1.066955902545,-0.5478745217222,32889415.56565,31203714.9333151,163976545.2445,0.005622918556917,0,0,0,7.942977045184,1.003517469204e-81,0,2.47698137155,-0.5473917725355,-14.31356729873,-0.4852721451286,1.346518659133,-13.01537440599,-22834.73314703,4345.305237919,0,0,259390.300,2296,176,0,208195.9156106
208400,-24208837.22377,4968847.847711,16313745.76921,0,0,0,-1.06699995484,-0.5479324371771,32889850.08235,31204149.4498359,163978828.6501,0.005622918555643,0,0,0,7.942412597936,1.003324102637e-81,0,2.476960757739,-0.5474495819211,-14.31435211413,-0.485214796648,1.34652672203,-13.0159900753,-22833.38011498,4345.04776448,0,0,259390.400,2296,176,0,208295.9141612
208500,-24208995.56323,4968807.227439,16313523.20522,0,0,0,-1.067044016182,-0.5479903505893,32890284.57331,31204583.9406075,163981111.9205,0.005622918554369,0,0,0,7.941848110552,1.003130749587e-81,0,2.476940140061,-0.5475073892428,-14.31513690151,-0.4851574681927,1.346534785394,-13.01660569186,-22832.02680885,4344.790238887,0,0,259390.500,2296,176,0,208395.9127119
208600,-24209153.90085,4968766.608978,16313300.63872,0,0,0,-1.067088086573,-0.5480482619586,32890719.03851,31205018.4056281,163983395.0555,0.005622918553095,0,0,0,7.941283583057,1.002937410068e-81,0,2.476919518988,-0.5475651948181,-14.31592166518,-0.4851000950087,1.346542849224,-13.01722126,-22830.67354188,4344.532720745,0,0,259390.600,2296,176,0,208495.9112627
208700,-24209312.23664,4968725.992327,16313078.06973,0,0,0,-1.067132166013,-0.548106171285,32891153.47796,31205452.8448959,163985678.0552,0.005622918551821,0,0,0,7.940719015472,1.002744084094e-81,0,2.476898896847,-0.5476229977292,-14.31670639268,-0.485042725464,1.346550913519,-13.01783676725,-22829.32025533,4344.275198877,0,0,259390.700,2296,176,0,208595.9098136
208800,-24209470.5706,4968685.377487,16312855.49823,0,0,0,-1.067176254504,-0.5481640785684,32891587.89166,31205887.2584094,163987960.9196,0.005622918550548,0,0,0,7.940154407823,1.002550771676e-81,0,2.476878267472,-0.5476807993202,-14.31749110227,-0.4849853631433,1.34655897828,-13.01845223187,-22827.96682196,4344.017649069,0,0,259390.800,2296,176,0,208695.9083645
208900,-24209628.90271,4968644.764458,16312632.92422,0,0,0,-1.067220352047,-0.5482219838087,32892022.2796,31206321.6461667,163990243.6486,0.005622918549274,0,0,0,7.939589760134,1.00235747283e-81,0,2.476857636645,-0.5477385982189,-14.3182757753,-0.4849280137031,1.346567043506,-13.01906763523,-22826.6132907,4343.760080636,0,0,259390.900,2296,176,0,208795.9069156
209000,-24209787.23299,4968604.15324,16312410.34771,0,0,0,-1.067264458644,-0.5482798870056,32892456.64178,31206756.0079536,163992526.2433,0.005622918548,0,0,0,7.938812457357,1.002164187568e-81,0,2.476837002218,-0.5477963953413,-14.31906042421,-0.4848706519311,1.346575109198,-13.01968298977,-22825.8182975,4343.608798459,0,0,259391.000,2296,176,0,208895.9054667
209100,-24209945.56144,4968563.543832,16312187.76869,0,0,0,-1.067308574295,-0.5483377881592,32892890.9782,31207190.3441935,163994808.7016,0.005622918546726,0,0,0,7.938247743439,1.001970915904e-81,0,2.476816364312,-0.5478541903957,-14.31984504505,-0.4848132600471,1.346583175355,-13.02029829155,-22823.90601285,4343.24490279,0,0,259391.100,2296,176,0,208995.9040179
209200,-24210103.88805,4968522.936234,16311965.18718,0,0,0,-1.067352699001,-0.5483956872693,32893325.28886,31207624.6546721,163997091.0245,0.005622918545453,0,0,0,7.93768298956,1.00177765785e-81,0,2.476795724846,-0.5479119833313,-14.32062963713,-0.4847558750387,1.346591241977,-13.02091353986,-22822.55215858,4342.987272888,0,0,259391.200,2296,176,0,209095.9025692
209300,-24210262.21282,4968482.330447,16311742.60315,0,0,0,-1.067396832764,-0.5484535843359,32893759.57376,31208058.9393877,163999373.2121,0.005622918544179,0,0,0,7.937118195744,1.001584413421e-81,0,2.476775078669,-0.5479697743555,-14.32141420326,-0.4846984967397,1.346599309064,-13.02152873754,-22821.19830431,4342.729642987,0,0,259391.300,2296,176,0,209195.9011206
209400,-24210420.53575,4968441.726471,16311520.01662,0,0,0,-1.067440975586,-0.5485114793587,32894193.8329,31208493.1983386,164001655.2642,0.005622918542905,0,0,0,7.936553362014,1.001391182631e-81,0,2.476754430678,-0.5480275631695,-14.32219873938,-0.4846411295148,1.346607376615,-13.02214388052,-22819.84428364,4342.471981421,0,0,259391.400,2296,176,0,209295.899672
209500,-24210578.85685,4968401.124306,16311297.42759,0,0,0,-1.067485127466,-0.5485693723377,32894628.06626,31208927.431523,164003937.1809,0.005622918541631,0,0,0,7.935988488395,1.00119796549e-81,0,2.4767337793,-0.5480853499833,-14.32298324835,-0.4845837502035,1.346615444632,-13.02275897168,-22818.49022382,4342.214312404,0,0,259391.500,2296,176,0,209395.8982236
209600,-24210737.17611,4968360.52395,16311074.83606,0,0,0,-1.067529288407,-0.5486272632729,32895062.27386,31209361.6389393,164006218.9622,0.005622918540358,0,0,0,7.935423574911,1.001004762015e-81,0,2.476713124519,-0.5481431349843,-14.3237677327,-0.4845263426183,1.346623513113,-13.02337401354,-22817.13600739,4341.956613585,0,0,259391.600,2296,176,0,209495.8967752
209700,-24210895.49354,4968319.925406,16310852.24201,0,0,0,-1.06757345841,-0.548685152164,32895496.45569,31209795.8205857,164008500.6081,0.005622918539084,0,0,0,7.934858621583,1.000811572218e-81,0,2.47669246609,-0.5482009178829,-14.32455218852,-0.4844689386938,1.346631582059,-13.02398900219,-22815.78181053,4341.698918492,0,0,259391.700,2296,176,0,209595.895327
209800,-24211053.80913,4968279.328672,16310629.64547,0,0,0,-1.067617637476,-0.5487430390109,32895930.61175,31210229.9764604,164010782.1186,0.00562291853781,0,0,0,7.934293628438,1.000618396112e-81,0,2.476671806238,-0.5482586981994,-14.32533660928,-0.4844115437037,1.346639651469,-13.02460393112,-22814.42742769,4341.441188008,0,0,259391.800,2296,176,0,209695.8938788
209900,-24211212.12288,4968238.733748,16310407.04642,0,0,0,-1.067661825605,-0.5488009238136,32896364.74204,31210664.1065619,164013063.4936,0.005622918536536,0,0,0,7.933728595498,1.00042523371e-81,0,2.476651139451,-0.5483164770163,-14.32612100968,-0.4843541605582,1.346647721343,-13.02521881502,-22813.07296655,4341.183442622,0,0,259391.900,2296,176,0,209795.8924307
210000,-24211370.4348,4968198.140635,16310184.44487,0,0,0,-1.0677060228,-0.548858806572,32896798.84654,31211098.2106758,164015344.7343,0.005622918535262,0,0,0,7.932951027364,1.000232085026e-81,0,2.476630471181,-0.548374253622,-14.32690538006,-0.4842967654239,1.346655791681,-13.02583364425,-22812.27673024,4341.03192389,0,0,259392.000,2296,192,0,209895.8909827
210100,-24211528.74488,4968157.549332,16309961.84081,0,0,0,-1.067750229061,-0.5489166872859,32897232.92528,31211532.2892254,164017625.8384,0.005622918533989,0,0,0,7.932385928782,1.000038950074e-81,0,2.476609799767,-0.5484320279845,-14.32768971999,-0.4842393396112,1.346663862484,-13.02644841837,-22810.36380935,4340.667907149,0,0,259392.100,2296,192,0,209995.8895347
210200,-24211687.05312,4968116.959839,16309739.23425,0,0,0,-1.06779444439,-0.5489745659553,32897666.97823,31211966.3419966,164019906.807,0.005622918532715,0,0,0,7.931820790485,9.998458288651e-82,0,2.476589124161,-0.5484898007438,-14.32847403816,-0.4841819213142,1.34667193375,-13.02706314607,-22809.00907414,4340.410109609,0,0,259392.200,2296,192,0,210095.8880869
210300,-24211845.35952,4968076.372157,16309516.62518,0,0,0,-1.067838668788,-0.54903244258,32898101.00541,31212400.3689875,164022187.6402,0.005622918531441,0,0,0,7.931255612497,9.996527214147e-82,0,2.476568447341,-0.5485475709776,-14.32925832204,-0.4841245073928,1.34668000548,-13.02767781484,-22807.65427041,4340.152299032,0,0,259392.300,2296,192,0,210195.8866391
210400,-24212003.66409,4968035.786285,16309294.01361,0,0,0,-1.067882902256,-0.5490903171598,32898535.0068,31212834.3701966,164024468.3379,0.005622918530167,0,0,0,7.930690394842,9.994596277355e-82,0,2.476547763679,-0.5486053395279,-14.33004258306,-0.4840671069188,1.346688077673,-13.02829243611,-22806.29942753,4339.894481003,0,0,259392.400,2296,192,0,210295.8851914
210500,-24212161.96682,4967995.202223,16309071.39954,0,0,0,-1.067927144795,-0.5491481896948,32898968.98241,31213268.3456221,164026748.9001,0.005622918528894,0,0,0,7.930125137545,9.992665478408e-82,0,2.476527078619,-0.5486631058747,-14.33082681417,-0.4840096941549,1.34669615033,-13.02890700283,-22804.94440845,4339.636629447,0,0,259392.500,2296,192,0,210395.8837439
210600,-24212320.26772,4967954.619972,16308848.78296,0,0,0,-1.067971396407,-0.5492060601848,32899402.93223,31213702.2952622,164029029.3268,0.00562291852762,0,0,0,7.929559840627,9.990734817435e-82,0,2.476506389988,-0.5487208699249,-14.3316110141,-0.4839522530745,1.34670422345,-13.02952151374,-22803.58935023,4339.378770441,0,0,259392.600,2296,192,0,210495.8822964
210700,-24212478.56678,4967914.039531,16308626.16388,0,0,0,-1.068015657092,-0.5492639286297,32899836.85627,31214136.2191152,164031309.618,0.005622918526346,0,0,0,7.928994504115,9.988804294572e-82,0,2.476485697704,-0.5487786323427,-14.33239519187,-0.4838948164179,1.346712297034,-13.03013597786,-22802.2342137,4339.120896533,0,0,259392.700,2296,192,0,210595.8808489
210800,-24212636.864,4967873.4609,16308403.5423,0,0,0,-1.068059926852,-0.5493217950294,32900270.75452,31214570.1171795,164033589.7736,0.005622918525072,0,0,0,7.92842912803,9.986873909949e-82,0,2.476465002006,-0.5488363926772,-14.33317934136,-0.4838373865565,1.34672037108,-13.03075038907,-22800.87905759,4338.8630189,0,0,259392.800,2296,192,0,210695.8794016
210900,-24212795.15938,4967832.88408,16308180.91821,0,0,0,-1.068104205689,-0.5493796593837,32900704.62697,31215003.9894533,164035869.7937,0.005622918523798,0,0,0,7.927863712397,9.984943663704e-82,0,2.476444304938,-0.5488941505623,-14.33396345759,-0.4837799703455,1.34672844559,-13.0313647424,-22799.52370572,4338.605104014,0,0,259392.900,2296,192,0,210795.8779544
211000,-24212953.45293,4967792.30907,16307958.29161,0,0,0,-1.068148493602,-0.5494375216926,32901138.47364,31215437.8357225,164038149.6795,0.005622918522525,0,0,0,7.927085882423,9.98301355596e-82,0,2.476423600625,-0.5489519067944,-14.33474755138,-0.4837225409285,1.346736520562,-13.03197904868,-22798.72619693,4338.453343138,0,0,259393.000,2296,192,0,210895.8765072
211100,-24213111.74464,4967751.735869,16307735.66252,0,0,0,-1.068192790595,-0.5494953819559,32901572.29451,31215871.6564102,164040429.4285,0.005622918521251,0,0,0,7.926520401735,9.981083586865e-82,0,2.476402895165,-0.5490096604225,-14.33553160982,-0.4836650820083,1.346744595998,-13.03259329499,-22796.81268875,4338.089214638,0,0,259393.100,2296,192,0,210995.8750602
211200,-24213270.03451,4967711.164479,16307513.03092,0,0,0,-1.068237096667,-0.5495532401736,32902006.08959,31216305.4513023,164042709.042,0.005622918519977,0,0,0,7.925954881578,9.979153756537e-82,0,2.476382185941,-0.5490674124165,-14.33631564608,-0.483607627727,1.346752671895,-13.03320749451,-22795.45707259,4337.831249461,0,0,259393.200,2296,192,0,211095.8736132
211300,-24213428.32254,4967670.594899,16307290.39681,0,0,0,-1.068281411819,-0.5496110963455,32902439.85886,31216739.220397,164044988.5199,0.005622918518703,0,0,0,7.925389321978,9.977224065112e-82,0,2.476361473179,-0.5491251625947,-14.33709965769,-0.4835501991123,1.346760748255,-13.03382164478,-22794.1013977,4337.573273107,0,0,259393.300,2296,192,0,211195.8721663
211400,-24213586.60874,4967630.02713,16307067.76021,0,0,0,-1.068325736054,-0.5496689504715,32902873.60234,31217172.9636926,164047267.8623,0.00562291851743,0,0,0,7.924823722957,9.975294512725e-82,0,2.476340757165,-0.5491829104788,-14.33788363815,-0.4834927474627,1.346768825078,-13.0344357393,-22792.74562494,4337.315278128,0,0,259393.400,2296,192,0,211295.8707195
211500,-24213744.8931,4967589.46117,16306845.1211,0,0,0,-1.068370069373,-0.5497268025516,32903307.32002,31217606.6811875,164049547.069,0.005622918516156,0,0,0,7.92425808454,9.973365099509e-82,0,2.476320039122,-0.5492406564615,-14.33866759279,-0.4834352860184,1.346776902363,-13.03504978341,-22791.38961725,4337.057238445,0,0,259393.500,2296,192,0,211395.8692727
211600,-24213903.17563,4967548.89702,16306622.47948,0,0,0,-1.068414411776,-0.5497846525855,32903741.0119,31218040.3728799,164051826.1402,0.005622918514882,0,0,0,7.92369240675,9.971435825592e-82,0,2.476299314781,-0.5492984001557,-14.33945151637,-0.4833778263437,1.34678498011,-13.03566377187,-22790.03372702,4336.799221113,0,0,259393.600,2296,192,0,211495.8678261
211700,-24214061.45631,4967508.334681,16306399.83536,0,0,0,-1.068458763264,-0.5498425005733,32904174.67797,31218474.0387681,164054105.0758,0.005622918513608,0,0,0,7.923126689612,9.96950669111e-82,0,2.476278588515,-0.5493561416787,-14.34023541048,-0.483320356504,1.346793058319,-13.03627770626,-22788.6776606,4336.541170254,0,0,259393.700,2296,192,0,211595.8663795
211800,-24214219.73516,4967467.774151,16306177.18874,0,0,0,-1.06850312384,-0.5499003465147,32904608.31824,31218907.6788503,164056383.8757,0.005622918512335,0,0,0,7.922560933148,9.967577696194e-82,0,2.476257859424,-0.5494138812002,-14.34101927741,-0.483262910305,1.346801136989,-13.03689158889,-22787.32155503,4336.283111945,0,0,259393.800,2296,192,0,211695.8649331
211900,-24214378.01217,4967427.215431,16305954.53962,0,0,0,-1.068547493504,-0.5499581904097,32905041.93269,31219341.293125,164058662.5401,0.005622918511061,0,0,0,7.921995137383,9.965648840974e-82,0,2.476237125944,-0.5494716190045,-14.34180312103,-0.4832054425161,1.346809216122,-13.03750542364,-22785.96524391,4336.02501452,0,0,259393.900,2296,192,0,211795.8634867
212000,-24214536.28735,4967386.658522,16305731.88799,0,0,0,-1.068591872257,-0.5500160322582,32905475.52134,31219774.881378,164060941.0699,0.005622918509787,0,0,0,7.921217049091,9.963720125582e-82,0,2.476216391048,-0.5495293545785,-14.34258693437,-0.4831479775284,1.346817295716,-13.03811920353,-22785.16656053,4335.873030126,0,0,259394.000,2296,192,0,211895.8620404
212100,-24214694.56068,4967346.103422,16305509.23386,0,0,0,-1.068636260101,-0.55007387206,32905909.08418,31220208.4440323,164063219.463,0.005622918508513,0,0,0,7.920651188857,9.961791550153e-82,0,2.476195649588,-0.5495870881075,-14.34337071994,-0.4830904856028,1.346825375771,-13.03873293109,-22783.25245526,4335.508788005,0,0,259394.100,2296,192,0,211995.8605942
212200,-24214852.83218,4967305.550132,16305286.57722,0,0,0,-1.068680657036,-0.550131709815,32906342.62121,31220641.9808738,164065497.7204,0.005622918507239,0,0,0,7.920085289403,9.959863114816e-82,0,2.476174906655,-0.549644819576,-14.34415447755,-0.4830329980222,1.346833456288,-13.03934660611,-22781.89594838,4335.250653327,0,0,259394.200,2296,192,0,212095.8591481
212300,-24215011.10184,4967264.998653,16305063.91808,0,0,0,-1.068725063065,-0.5501895455233,32906776.13242,31221075.4919008,164067775.8422,0.005622918505966,0,0,0,7.919519350752,9.957934819703e-82,0,2.476154159946,-0.5497025490031,-14.34493820744,-0.4829755359745,1.346841537266,-13.03996022886,-22780.53940233,4334.992511198,0,0,259394.300,2296,192,0,212195.857702
212400,-24215169.36966,4967224.448983,16304841.25644,0,0,0,-1.068769478188,-0.5502473791845,32907209.61781,31221508.9771116,164070053.8283,0.005622918504692,0,0,0,7.918953372928,9.956006664947e-82,0,2.476133410015,-0.5497602760383,-14.34572190486,-0.4829180505845,1.346849618705,-13.04057379458,-22779.18268989,4334.734337404,0,0,259394.400,2296,192,0,212295.8562561
212500,-24215327.63565,4967183.901122,16304618.59229,0,0,0,-1.068813902406,-0.5503052107986,32907643.07739,31221942.4365045,164072331.6787,0.005622918503418,0,0,0,7.918387355954,9.954078650679e-82,0,2.476112656517,-0.54981800151,-14.34650558105,-0.4828605710623,1.346857700605,-13.04118731452,-22777.82595787,4334.476159886,0,0,259394.500,2296,192,0,212395.8548102
212600,-24215485.8998,4967143.355072,16304395.92565,0,0,0,-1.068858335721,-0.5503630403656,32908076.51115,31222375.8700778,164074609.3934,0.005622918502144,0,0,0,7.917821299854,9.952150777029e-82,0,2.476091901323,-0.5498757246631,-14.34728922576,-0.4828030607226,1.346865782966,-13.04180077843,-22776.46910839,4334.217960015,0,0,259394.600,2296,192,0,212495.8533644
212700,-24215644.16211,4967102.810832,16304173.25649,0,0,0,-1.068902778134,-0.5504208678852,32908509.91908,31222809.2778298,164076886.9725,0.005622918500871,0,0,0,7.917255204653,9.95022304413e-82,0,2.476071139219,-0.5499334457105,-14.34807284189,-0.4827455570878,1.346873865788,-13.04241418921,-22775.1121023,4333.959730342,0,0,259394.700,2296,192,0,212595.8519187
212800,-24215802.42258,4967062.268401,16303950.58484,0,0,0,-1.068947229646,-0.5504786933575,32908943.3012,31223242.6597587,164079164.4159,0.005622918499597,0,0,0,7.916689070374,9.948295452114e-82,0,2.476050375634,-0.5499911651767,-14.34885643655,-0.4826880771328,1.34688194907,-13.04302755399,-22773.75509621,4333.701500669,0,0,259394.800,2296,192,0,212695.8504731
212900,-24215960.68121,4967021.72778,16303727.91068,0,0,0,-1.068991690259,-0.5505365167822,32909376.65749,31223676.015863,164081441.7235,0.005622918498323,0,0,0,7.916122897041,9.94636800111e-82,0,2.476029608565,-0.5500488820491,-14.349639996,-0.4826305745211,1.346890032813,-13.04364085901,-22772.3979433,4333.443243057,0,0,259394.900,2296,192,0,212795.8490276
213000,-24216118.93801,4966981.188969,16303505.23402,0,0,0,-1.069036159972,-0.5505943381593,32909809.98795,31224109.3459286,164083718.8966,0.005622918497049,0,0,0,7.915344553956,9.944440691248e-82,0,2.476008837916,-0.5501065972072,-14.35042353218,-0.4825730591081,1.346898117016,-13.04425411624,-22771.59804618,4333.291027695,0,0,259395.000,2296,192,0,212895.8475822
213100,-24216277.19296,4966940.651967,16303282.55485,0,0,0,-1.069080638789,-0.5506521574886,32910243.29258,31224542.6503782,164085995.9328,0.005622918495775,0,0,0,7.914778316742,9.942513522666e-82,0,2.475988063676,-0.550164310105,-14.35120703767,-0.4825155505941,1.346906201679,-13.04486731825,-22769.6833634,4332.926675677,0,0,259395.100,2296,192,0,212995.8461368
213200,-24216435.44608,4966900.116775,16303059.87319,0,0,0,-1.069125126709,-0.5507099747701,32910676.57139,31224975.9289978,164088272.8332,0.005622918494502,0,0,0,7.914212040554,9.940586495491e-82,0,2.475967288104,-0.5502220209191,-14.35199051487,-0.482458028814,1.346914286803,-13.04548046744,-22768.32592663,4332.668364048,0,0,259395.200,2296,192,0,213095.8446916
213300,-24216593.69737,4966859.583393,16302837.18902,0,0,0,-1.069169623735,-0.5507677900037,32911109.82436,31225409.181786,164090549.5979,0.005622918493228,0,0,0,7.913645725417,9.93865960985e-82,0,2.475946505517,-0.5502797300379,-14.35277396906,-0.4824005337527,1.346922372386,-13.04609356911,-22766.96844091,4332.410043105,0,0,259395.300,2296,192,0,213195.8432464
213400,-24216751.94681,4966819.051821,16302614.50234,0,0,0,-1.069214129867,-0.5508256031891,32911543.0515,31225842.4087407,164092826.2269,0.005622918491954,0,0,0,7.913079371354,9.936732865883e-82,0,2.475925721713,-0.5503374365602,-14.35355738799,-0.4823430155102,1.346930458429,-13.04670661101,-22765.61082795,4332.151697949,0,0,259395.400,2296,192,0,213295.8418013
213500,-24216910.19442,4966778.522058,16302391.81317,0,0,0,-1.069258645107,-0.5508834143264,32911976.2528,31226275.6098605,164095102.7201,0.00562291849068,0,0,0,7.912512978389,9.934806263714e-82,0,2.475904934366,-0.5503951412492,-14.35434078204,-0.4822854821466,1.346938544932,-13.04731960351,-22764.25316604,4331.893343478,0,0,259395.500,2296,192,0,213395.8403563
213600,-24217068.44018,4966737.994105,16302169.12149,0,0,0,-1.069303169455,-0.5509412234154,32912409.42827,31226708.7851436,164097379.0775,0.005622918489407,0,0,0,7.911946546545,9.932879803471e-82,0,2.475884142983,-0.5504528440419,-14.35512415034,-0.4822279580938,1.346946631895,-13.04793254576,-22762.8953671,4331.634962931,0,0,259395.600,2296,192,0,213495.8389114
213700,-24217226.68411,4966697.467961,16301946.42731,0,0,0,-1.069347702914,-0.550999030456,32912842.5779,31227141.9345883,164099655.2992,0.005622918488133,0,0,0,7.911380075847,9.930953485289e-82,0,2.475863350172,-0.5505105446516,-14.35590748901,-0.4821704184097,1.346954719317,-13.04854543388,-22761.53752901,4331.376574934,0,0,259395.700,2296,192,0,213595.8374665
213800,-24217384.9262,4966656.943627,16301723.73062,0,0,0,-1.069392245483,-0.551056835448,32913275.70169,31227575.0581928,164101931.385,0.005622918486859,0,0,0,7.910813566319,9.929027309305e-82,0,2.475842550618,-0.5505682431944,-14.35669079962,-0.4821129039224,1.346962807198,-13.04915826944,-22760.17960282,4331.118170172,0,0,259395.800,2296,192,0,213695.8360218
213900,-24217543.16646,4966616.421102,16301501.03143,0,0,0,-1.069436797166,-0.5511146383915,32913708.79964,31228008.1559555,164104207.3351,0.005622918485585,0,0,0,7.910247017983,9.927101275643e-82,0,2.475821749738,-0.5506259396939,-14.35747408249,-0.4820553705536,1.346970895538,-13.04977105276,-22758.8215396,4330.859739333,0,0,259395.900,2296,192,0,213795.8345771
214000,-24217701.40487,4966575.900387,16301278.32974,0,0,0,-1.069481357961,-0.5511724392862,32914141.87174,31228441.2276626,164106483.1505,0.005622918484311,0,0,0,7.909468423637,9.925175384427e-82,0,2.475800945162,-0.550683633969,-14.35825733516,-0.4819978203685,1.346978984338,-13.0503837814,-22758.02048746,4330.70730418,0,0,259396.000,2296,192,0,213895.8331326
214100,-24217859.64145,4966535.381482,16301055.62555,0,0,0,-1.069525927872,-0.5512302381321,32914574.918,31228874.2737365,164108758.8289,0.005622918483038,0,0,0,7.908901812009,9.923249635798e-82,0,2.475780136865,-0.5507413267434,-14.35904056745,-0.4819402768002,1.346987073597,-13.05099646518,-22756.10517824,4330.342832953,0,0,259396.100,2296,192,0,213995.8316881
214200,-24218017.87618,4966494.864386,16300832.91885,0,0,0,-1.069570506899,-0.551288034929,32915007.93841,31229307.2939634,164111034.3715,0.005622918481764,0,0,0,7.908335161656,9.921324029886e-82,0,2.475759325415,-0.5507990170056,-14.35982376564,-0.4818827232619,1.346995163314,-13.05160909037,-22754.74694861,4330.084370449,0,0,259396.200,2296,192,0,214095.8302437
214300,-24218176.10908,4966454.349099,16300610.20966,0,0,0,-1.069615095043,-0.5513458296768,32915440.93297,31229740.2883416,164113309.7783,0.00562291848049,0,0,0,7.907768472601,9.919398566817e-82,0,2.47573851224,-0.5508567052951,-14.36060693705,-0.481825193137,1.34700325349,-13.05222166431,-22753.38860153,4329.825885594,0,0,259396.300,2296,192,0,214195.8287994
214400,-24218334.34014,4966413.835622,16300387.49796,0,0,0,-1.069659692306,-0.5514036223755,32915873.90169,31230173.2568695,164115585.0492,0.005622918479216,0,0,0,7.907201744867,9.91747324672e-82,0,2.475717692153,-0.5509143913955,-14.36139007875,-0.4817676397028,1.347011344125,-13.05283418406,-22752.03001953,4329.567356035,0,0,259396.400,2296,192,0,214295.8273551
214500,-24218492.56936,4966373.323954,16300164.78375,0,0,0,-1.069704298688,-0.5514614130249,32916306.84455,31230606.1995452,164117860.1843,0.005622918477943,0,0,0,7.906634978479,9.915548069734e-82,0,2.475696870492,-0.5509720755416,-14.3621731939,-0.4817100734903,1.347019435218,-13.05344665281,-22750.67146689,4329.308832064,0,0,259396.500,2296,192,0,214395.825911
214600,-24218650.79675,4966332.814095,16299942.06705,0,0,0,-1.069748914192,-0.5515192016249,32916739.76155,31231039.1163672,164120135.1835,0.005622918476669,0,0,0,7.90606817346,9.913623035975e-82,0,2.47567604544,-0.551029757826,-14.36295628379,-0.4816525139511,1.34702752677,-13.05405907182,-22749.31280659,4329.050287604,0,0,259396.600,2296,192,0,214495.824467
214700,-24218809.02229,4966292.306046,16299719.34784,0,0,0,-1.069793538818,-0.5515769881754,32917172.6527,31231472.0073336,164122410.0468,0.005622918475395,0,0,0,7.905501329835,9.911698145589e-82,0,2.475655216916,-0.5510874376023,-14.36373933962,-0.4815949406799,1.347035618779,-13.05467143232,-22747.95405819,4328.791726381,0,0,259396.700,2296,192,0,214595.823023
214800,-24218967.246,4966251.799807,16299496.62613,0,0,0,-1.069838172567,-0.5516347726762,32917605.518,31231904.8724429,164124684.7743,0.005622918474121,0,0,0,7.904934447626,9.909773398692e-82,0,2.475634386322,-0.5511451158084,-14.36452237414,-0.4815373936635,1.347043711247,-13.05528374706,-22746.59518254,4328.533140942,0,0,259396.800,2296,192,0,214695.8215791
214900,-24219125.46786,4966211.295376,16299273.90191,0,0,0,-1.06988281544,-0.5516925551274,32918038.35743,31232337.7116932,164126959.3659,0.005622918472848,0,0,0,7.904367526858,9.907848795425e-82,0,2.475613549218,-0.5512027916024,-14.36530537592,-0.4814798243175,1.347051804173,-13.05589600459,-22745.23619922,4328.274535015,0,0,259396.900,2296,192,0,214795.8201353
215000,-24219283.68789,4966170.792755,16299051.1752,0,0,0,-1.06992746744,-0.5517503355287,32918471.17101,31232770.524871,164129233.8226,0.005622918471574,0,0,0,7.903588684785,9.905924335907e-82,0,2.475592710283,-0.5512604655346,-14.36608835241,-0.4814222403338,1.347059897556,-13.0565082124,-22744.43388439,4328.12185958,0,0,259397.000,2296,192,0,214895.8186916
215100,-24219441.90608,4966130.291943,16298828.44598,0,0,0,-1.069972128567,-0.55180811388,32918903.95872,31233203.3123984,164131508.1424,0.0056229184703,0,0,0,7.903021701315,9.904000020281e-82,0,2.475571868383,-0.5513181373984,-14.36687130083,-0.4813646648325,1.347067991398,-13.05712036769,-22742.5180466,4327.757287771,0,0,259397.100,2296,192,0,214995.817248
215200,-24219600.12243,4966089.79294,16298605.71426,0,0,0,-1.070016798822,-0.5518658901813,32919336.72057,31233636.0740617,164133782.3263,0.005622918469026,0,0,0,7.902454679366,9.902075848663e-82,0,2.475551022361,-0.551375807433,-14.36765422441,-0.481307077546,1.347076085697,-13.05773247372,-22741.15880878,4327.498633415,0,0,259397.200,2296,192,0,215095.8158044
215300,-24219758.33694,4966049.295747,16298382.98003,0,0,0,-1.070061478206,-0.5519236644325,32919769.45655,31234068.8098593,164136056.3742,0.005622918467752,0,0,0,7.901887618964,9.900151821195e-82,0,2.47553017335,-0.5514334750389,-14.36843711502,-0.4812495113628,1.347084180453,-13.05834452233,-22739.79955139,4327.239975333,0,0,259397.300,2296,192,0,215195.814361
215400,-24219916.54962,4966008.800363,16298160.24331,0,0,0,-1.070106166721,-0.5519814366333,32920202.16667,31234501.5197894,164138330.2862,0.005622918466479,0,0,0,7.90132052013,9.898227937996e-82,0,2.475509322445,-0.5514911406375,-14.36921997838,-0.4811919069232,1.347092275667,-13.05895651927,-22738.44023527,4326.981306076,0,0,259397.400,2296,192,0,215295.8129176
215500,-24220074.76045,4965968.306788,16297937.50408,0,0,0,-1.070150864369,-0.5520392067838,32920634.85091,31234934.2038504,164140604.0622,0.005622918465205,0,0,0,7.900753382891,9.8963041992e-82,0,2.475488464926,-0.5515488044515,-14.37000281751,-0.4811343231767,1.347100371338,-13.05956846755,-22737.0807136,4326.722597703,0,0,259397.500,2296,192,0,215395.8114743
215600,-24220232.96944,4965927.815022,16297714.76235,0,0,0,-1.070195571149,-0.5520969748837,32921067.50929,31235366.8620405,164142877.7023,0.005622918463931,0,0,0,7.900186207268,9.89438060494e-82,0,2.47546760573,-0.5516064658191,-14.37078562343,-0.4810767271394,1.347108467466,-13.0601803582,-22735.72115277,4326.46388188,0,0,259397.600,2296,192,0,215495.8100311
215700,-24220391.1766,4965887.325065,16297492.01812,0,0,0,-1.070240287064,-0.5521547409331,32921500.14179,31235799.4943581,164145151.2065,0.005622918462657,0,0,0,7.899618993287,9.892457155343e-82,0,2.475446742953,-0.5516641251701,-14.37156840198,-0.4810191243835,1.34711656405,-13.06079219706,-22734.36144512,4326.205138117,0,0,259397.700,2296,192,0,215595.808588
215800,-24220549.38192,4965846.836917,16297269.27138,0,0,0,-1.070285012114,-0.5522125049317,32921932.74842,31236232.1008014,164147424.5746,0.005622918461384,0,0,0,7.89905174097,9.890533850536e-82,0,2.475425876664,-0.5517217829154,-14.37235115872,-0.4809615440468,1.347124661092,-13.06140398971,-22733.00186471,4325.946418568,0,0,259397.800,2296,192,0,215695.807145
215900,-24220707.58539,4965806.350578,16297046.52215,0,0,0,-1.070329746302,-0.5522702668795,32922365.32917,31236664.6813688,164149697.8068,0.00562291846011,0,0,0,7.898484450342,9.88861069065e-82,0,2.475405007107,-0.5517794380636,-14.37313388021,-0.4809039226582,1.347132758591,-13.06201572269,-22731.64202003,4325.687648728,0,0,259397.900,2296,192,0,215795.8057021
216000,-24220865.78703,4965765.866049,16296823.77041,0,0,0,-1.070374489627,-0.5523280267763,32922797.88405,31237097.2358467,164151970.9041,0.005622918458836,0,0,0,7.897705364082,9.886687675815e-82,0,2.475384135553,-0.5518370916029,-14.37391657985,-0.4808463208918,1.347140856546,-13.06262740943,-22730.83841315,4325.534727424,0,0,259398.000,2296,192,0,215895.8042592
216100,-24221023.98683,4965725.383328,16296601.01617,0,0,0,-1.070419242092,-0.5523857846221,32923230.41305,31237529.7646569,164154243.8643,0.005622918457562,0,0,0,7.897138011342,9.884764806156e-82,0,2.4753632575,-0.5518947429002,-14.37469924906,-0.480788711457,1.347148954957,-13.06323904133,-22728.922037,4325.170053169,0,0,259398.100,2296,192,0,215995.8028165
216200,-24221182.18479,4965684.902417,16296378.25943,0,0,0,-1.070464003697,-0.5524435404167,32923662.91616,31237962.2675861,164156516.6885,0.005622918456288,0,0,0,7.896570620372,9.882842081813e-82,0,2.475342377579,-0.5519523920948,-14.37548188972,-0.4807310881554,1.347157053825,-13.06385062029,-22727.56189867,4324.91122745,0,0,259398.200,2296,192,0,216095.8013738
216300,-24221340.38091,4965644.423314,16296155.50018,0,0,0,-1.070508774444,-0.55250129416,32924095.39339,31238394.7446326,164158789.3767,0.005622918455015,0,0,0,7.896003191196,9.880919502901e-82,0,2.475321494198,-0.5520100392776,-14.37626450307,-0.4806734776443,1.347165153149,-13.06446214755,-22726.20172118,4324.65239428,0,0,259398.300,2296,192,0,216195.7999312
216400,-24221498.57519,4965603.946021,16295932.73844,0,0,0,-1.070553554334,-0.552559045852,32924527.84474,31238827.1957945,164161061.9289,0.005622918453741,0,0,0,7.895435723837,9.87899706956e-82,0,2.475300607581,-0.5520676840616,-14.37704708385,-0.4806158525208,1.347173252929,-13.06507361785,-22724.84147517,4324.393548071,0,0,259398.400,2296,192,0,216295.7984887
216500,-24221656.76763,4965563.470536,16295709.97419,0,0,0,-1.070598343368,-0.5526167954924,32924960.2702,31239259.6210702,164163334.345,0.005622918452467,0,0,0,7.89486821832,9.877074781908e-82,0,2.475279718619,-0.5521253273616,-14.37782964448,-0.4805582346663,1.347181353165,-13.06568504363,-22723.48106277,4324.134670198,0,0,259398.500,2296,192,0,216395.7970463
216600,-24221814.95823,4965522.99686,16295487.20744,0,0,0,-1.070643141548,-0.5526745430813,32925392.66977,31239692.0204581,164165606.6251,0.005622918451193,0,0,0,7.894300674668,9.875152640083e-82,0,2.475258823555,-0.5521829681594,-14.37861217115,-0.480500607037,1.347189453857,-13.06629641106,-22722.12055248,4323.875773698,0,0,259398.600,2296,192,0,216495.795604
216700,-24221973.147,4965482.524994,16295264.43818,0,0,0,-1.070687948874,-0.5527322886184,32925825.04346,31240124.3939563,164167878.7691,0.00562291844992,0,0,0,7.893733092906,9.873230644213e-82,0,2.475237926599,-0.5522406070137,-14.37939467143,-0.4804429669174,1.347197555005,-13.06690772774,-22720.7600324,4323.616875336,0,0,259398.700,2296,192,0,216595.7941617
216800,-24222131.33392,4965442.054936,16295041.66643,0,0,0,-1.070732765348,-0.5527900321036,32926257.39125,31240556.7415633,164170150.7771,0.005622918448646,0,0,0,7.893165473056,9.871308794423e-82,0,2.47521702636,-0.5522982439724,-14.38017714598,-0.4803853527681,1.347205656608,-13.0675189943,-22719.3994438,4323.357963935,0,0,259398.800,2296,192,0,216695.7927196
216900,-24222289.519,4965401.586687,16294818.89218,0,0,0,-1.070777590971,-0.552847773537,32926689.71315,31240989.0632772,164172422.649,0.005622918447372,0,0,0,7.892597815144,9.869387090844e-82,0,2.47519612234,-0.5523558787188,-14.38095959049,-0.4803276968251,1.347213758667,-13.06813020647,-22718.03864965,4323.099013418,0,0,259398.900,2296,192,0,216795.7912775
217000,-24222447.70225,4965361.120246,16294596.11542,0,0,0,-1.070822425745,-0.5529055129183,32927122.00916,31241421.3588848,164174694.3859,0.005622918446098,0,0,0,7.891818488241,9.867465533602e-82,0,2.475175214951,-0.5524135115589,-14.38174200913,-0.4802700619428,1.347221861181,-13.06874136841,-22717.23386819,4322.945868596,0,0,259399.000,2296,192,0,216895.7898355
217100,-24222605.88365,4965320.655615,16294373.33616,0,0,0,-1.07086726967,-0.5529632502474,32927554.27926,31241853.6288077,164176965.9857,0.005622918444825,0,0,0,7.891250768807,9.865544122831e-82,0,2.475154305791,-0.5524711420417,-14.38252439576,-0.4802124172631,1.34722996415,-13.06935247398,-22715.31698305,4322.581097484,0,0,259399.100,2296,192,0,216995.7883936
217200,-24222764.06321,4965280.192792,16294150.5544,0,0,0,-1.070912122748,-0.5530209855242,32927986.52347,31242285.8728324,164179237.4493,0.005622918443551,0,0,0,7.890683011392,9.863622858652e-82,0,2.475133390336,-0.55252877071,-14.38330675775,-0.4801547615566,1.347238067574,-13.06996353056,-22713.95593441,4322.322098538,0,0,259399.200,2296,192,0,217095.7869518
217300,-24222922.24094,4965239.731778,16293927.77014,0,0,0,-1.07095698498,-0.5530787187486,32928418.74179,31242718.0909573,164181508.7769,0.005622918442277,0,0,0,7.890115216019,9.861701741196e-82,0,2.475112472563,-0.5525863974916,-14.38408909414,-0.4800971118361,1.347246171453,-13.07057453719,-22712.59489555,4322.063101456,0,0,259399.300,2296,192,0,217195.7855101
217400,-24223080.41682,4965199.272573,16293704.98337,0,0,0,-1.071001856367,-0.5531364499206,32928850.9342,31243150.2831807,164183779.9683,0.005622918441003,0,0,0,7.889547382712,9.859780770594e-82,0,2.475091551613,-0.5526440218306,-14.38487139736,-0.4800394565484,1.347254275787,-13.07118548631,-22711.23370987,4321.804076433,0,0,259399.400,2296,192,0,217295.7840684
217500,-24223238.59087,4965158.815177,16293482.19411,0,0,0,-1.071046736911,-0.5531941790399,32929283.1007,31243582.449501,164186051.0236,0.005622918439729,0,0,0,7.888979511494,9.857859946971e-82,0,2.475070627152,-0.5527016444506,-14.38565367725,-0.4799818052575,1.347262380576,-13.07179638775,-22709.87249483,4321.545045823,0,0,259399.500,2296,192,0,217395.7826269
217600,-24223396.76307,4965118.359589,16293259.40234,0,0,0,-1.071091626613,-0.5532519061065,32929715.2413,31244014.5899162,164188321.9428,0.005622918438456,0,0,0,7.888411602391,9.85593927046e-82,0,2.475049699279,-0.5527592647425,-14.38643592553,-0.4799241419385,1.347270485819,-13.07240723326,-22708.51115253,4321.285990998,0,0,259399.600,2296,192,0,217495.7811854
217700,-24223554.93344,4965077.90581,16293036.60807,0,0,0,-1.071136525473,-0.5533096311202,32930147.356,31244446.704425,164190592.7258,0.005622918437182,0,0,0,7.887843655425,9.854018741184e-82,0,2.475028769551,-0.5528168830244,-14.38721814652,-0.4798664693414,1.347278591517,-13.07301802714,-22707.14970257,4321.026915684,0,0,259399.700,2296,192,0,217595.7797441
217800,-24223713.10196,4965037.45384,16292813.8113,0,0,0,-1.071181433494,-0.553367354081,32930579.44478,31244878.7930253,164192863.3727,0.005622918435908,0,0,0,7.887275670621,9.852098359273e-82,0,2.475007833276,-0.5528744993101,-14.38800034041,-0.4798088023642,1.347286697669,-13.0736287696,-22705.7881743,4320.767825469,0,0,259399.800,2296,192,0,217695.7783028
217900,-24223871.26865,4964997.003678,16292591.01203,0,0,0,-1.071226350675,-0.5534250749888,32931011.50766,31245310.8557157,164195133.8834,0.005622918434634,0,0,0,7.886707648003,9.850178124855e-82,0,2.47498689525,-0.5529321132028,-14.38878250181,-0.4797511303311,1.347294804275,-13.07423945525,-22704.42655794,4320.508718491,0,0,259399.900,2296,192,0,217795.7768616
218000,-24224029.43349,4964956.555325,16292368.21026,0,0,0,-1.07127127702,-0.5534827938434,32931443.54463,31245742.8922829,164197404.2591,0.005622918433361,0,0,0,7.885928084005,9.848258038055e-82,0,2.474965953398,-0.5529897257069,-14.38956464437,-0.4796934608454,1.347302911335,-13.07485009774,-22703.62053336,4320.355337113,0,0,259400.000,2296,192,0,217895.7754204
218100,-24224187.5965,4964916.10878,16292145.40598,0,0,0,-1.071316212529,-0.5535405106447,32931875.55568,31246174.9031481,164199674.4975,0.005622918432087,0,0,0,7.885360000457,9.846338099004e-82,0,2.474945008187,-0.5530473360144,-14.3903467571,-0.4796357828714,1.34731101885,-13.07546068608,-22701.70305114,4319.990452379,0,0,259400.100,2296,192,0,217995.7739794
218200,-24224345.75766,4964875.664044,16291922.59921,0,0,0,-1.071361157202,-0.5535982253926,32932307.54081,31246606.8880983,164201944.5997,0.005622918430813,0,0,0,7.884791879176,9.844418307832e-82,0,2.474924061454,-0.5531049436391,-14.39112883341,-0.4795780915954,1.347319126818,-13.0760712137,-22700.34114113,4319.731289521,0,0,259400.200,2296,192,0,218095.7725385
218300,-24224503.91699,4964835.221116,16291699.78993,0,0,0,-1.071406111042,-0.553655938087,32932739.50003,31247038.8471316,164204214.5657,0.005622918429539,0,0,0,7.884223720186,9.842498664661e-82,0,2.474903107959,-0.5531625494738,-14.39191088542,-0.479520408272,1.34732723524,-13.07668169271,-22698.97913323,4319.472108036,0,0,259400.300,2296,192,0,218195.7710976
218400,-24224662.07447,4964794.779998,16291476.97815,0,0,0,-1.071451074049,-0.5537136487278,32933171.43333,31247470.7802465,164206484.3955,0.005622918428265,0,0,0,7.88365552351,9.840579169624e-82,0,2.474882152716,-0.5532201534137,-14.39269291171,-0.4794627191653,1.347335344115,-13.0772921217,-22697.6170764,4319.212917238,0,0,259400.400,2296,192,0,218295.7696568
218500,-24224820.23012,4964754.340687,16291254.16387,0,0,0,-1.071496046225,-0.5537713573148,32933603.34072,31247902.6874411,164208754.0891,0.005622918426992,0,0,0,7.883087289173,9.838659822841e-82,0,2.474861194098,-0.553277755293,-14.39347491002,-0.4794050332283,1.347343453444,-13.07790249842,-22696.2549021,4318.953704089,0,0,259400.500,2296,192,0,218395.7682161
218600,-24224978.38392,4964713.903185,16291031.34709,0,0,0,-1.071541027572,-0.553829063848,32934035.22217,31248334.5687139,164211023.6465,0.005622918425718,0,0,0,7.882519017198,9.83674062445e-82,0,2.47484023153,-0.5533353552138,-14.39425688175,-0.4793473363229,1.347351563226,-13.07851282425,-22694.89254183,4318.694455549,0,0,259400.600,2296,192,0,218495.7667755
218700,-24225136.53588,4964673.467491,16290808.52781,0,0,0,-1.071586018089,-0.5538867683273,32934467.07771,31248766.424063,164213293.0677,0.005622918424444,0,0,0,7.88195070761,9.834821574568e-82,0,2.474819265806,-0.5533929530951,-14.39503882578,-0.4792896300594,1.347359673461,-13.07912309811,-22693.53030881,4318.435231224,0,0,259400.700,2296,192,0,218595.765335
218800,-24225294.68601,4964633.033606,16290585.70603,0,0,0,-1.071631017779,-0.5539444707525,32934898.90732,31249198.2534869,164215562.3526,0.00562291842317,0,0,0,7.881382360433,9.83290267333e-82,0,2.474798298387,-0.5534505486077,-14.39582073766,-0.4792319291488,1.34736778415,-13.07973331553,-22692.16792896,4318.175978959,0,0,259400.800,2296,192,0,218695.7638946
218900,-24225452.83429,4964592.601529,16290362.88175,0,0,0,-1.071676026643,-0.5540021711235,32935330.711,31249630.0569837,164217831.5012,0.005622918421897,0,0,0,7.88081397569,9.830983920859e-82,0,2.474777324545,-0.5535081420368,-14.39660262125,-0.4791742227687,1.347375895291,-13.08034348039,-22690.8053925,4317.916696891,0,0,259400.900,2296,192,0,218795.7624542
219000,-24225610.98073,4964552.171261,16290140.05496,0,0,0,-1.071721044681,-0.5540598694402,32935762.48876,31250061.8343405,164220100.5148,0.005622918420623,0,0,0,7.880034178151,9.829065317285e-82,0,2.474756348672,-0.5535657338267,-14.39738448259,-0.4791165190815,1.347384006885,-13.08095359871,-22689.99815417,4317.763084546,0,0,259401.000,2296,192,0,218895.761014
219100,-24225769.12533,4964511.742801,16289917.22567,0,0,0,-1.071766071896,-0.5541175657025,32936194.24058,31250493.5859783,164222369.3909,0.005622918419349,0,0,0,7.879465733071,9.827146862735e-82,0,2.474735369242,-0.553623323141,-14.39816631032,-0.4790588062898,1.347392118932,-13.08156365916,-22688.08007487,4317.39808619,0,0,259401.100,2296,192,0,218995.7595738
219200,-24225927.26809,4964471.316149,16289694.39389,0,0,0,-1.071811108288,-0.5541752599103,32936625.96647,31250925.3116839,164224638.1308,0.005622918418075,0,0,0,7.878897250506,9.82522855733e-82,0,2.474714386421,-0.5536809106752,-14.39894811389,-0.4790010800527,1.347400231431,-13.08221462606,-22686.71732307,4317.138763145,0,0,259401.200,2296,192,0,219095.7581337
219300,-24226085.40901,4964430.891306,16289471.5596,0,0,0,-1.071856153859,-0.5542329520635,32937057.66643,31251357.0114558,164226906.7344,0.005622918416802,0,0,0,7.878328730481,9.823310401206e-82,0,2.474693400314,-0.5537384958354,-14.39972988522,-0.4789433635849,1.347408344383,-13.08287951148,-22685.35451253,4316.879428923,0,0,259401.300,2296,192,0,219195.7566937
219400,-24226243.54809,4964390.468271,16289248.72281,0,0,0,-1.07190120861,-0.554290642162,32937489.34046,31251788.6852923,164229175.2017,0.005622918415528,0,0,0,7.877760173019,9.821392394487e-82,0,2.474672412359,-0.5537960789065,-14.40051162819,-0.478885639944,1.347416457787,-13.08354434734,-22683.9915356,4316.620063037,0,0,259401.400,2296,192,0,219295.7552538
219500,-24226401.68533,4964350.047044,16289025.88352,0,0,0,-1.071946272542,-0.5543483302056,32937920.98854,31252220.3331915,164231443.5327,0.005622918414254,0,0,0,7.877191578145,9.819474537295e-82,0,2.474651417126,-0.55385366073,-14.40129335423,-0.4788279187634,1.347424571643,-13.08420914507,-22682.62847057,4316.360680386,0,0,259401.500,2296,192,0,219395.753814
219600,-24226559.82073,4964309.627625,16288803.04173,0,0,0,-1.071991345656,-0.5544060161942,32938352.61069,31252651.9551519,164233711.7274,0.00562291841298,0,0,0,7.876622945883,9.81755682976e-82,0,2.47463042077,-0.5539112395667,-14.40207503972,-0.4787701882328,1.347432685952,-13.08487388106,-22681.26529788,4316.101277247,0,0,259401.600,2296,192,0,219495.7523743
219700,-24226717.95429,4964269.210015,16288580.19744,0,0,0,-1.072036427954,-0.5544637001278,32938784.2069,31253083.5511717,164235979.7857,0.005622918411706,0,0,0,7.876054276256,9.815639272014e-82,0,2.47460942071,-0.5539688168544,-14.40285670418,-0.4787124260269,1.347440800712,-13.08553857485,-22679.90208603,4315.841866657,0,0,259401.700,2296,192,0,219595.7509346
219800,-24226876.086,4964228.794212,16288357.35065,0,0,0,-1.072081519437,-0.5545213820061,32939215.77716,31253515.1212493,164238247.7078,0.005622918410433,0,0,0,7.875485569289,9.813721864177e-82,0,2.474588417408,-0.5540263918087,-14.40363833696,-0.4786547138214,1.347448915924,-13.08620321577,-22678.53879587,4315.582441166,0,0,259401.800,2296,192,0,219695.7494951
219900,-24227034.21588,4964188.380218,16288134.50135,0,0,0,-1.072126620106,-0.5545790618292,32939647.32148,31253946.6653828,164240515.4935,0.005622918409159,0,0,0,7.874916825005,9.811804606378e-82,0,2.474567411755,-0.5540839646699,-14.40441994132,-0.4785969726412,1.347457031588,-13.0868678071,-22677.17532952,4315.322982147,0,0,259401.900,2296,192,0,219795.7480556
220000,-24227192.34392,4964147.968032,16287911.64956,0,0,0,-1.072171729962,-0.5546367395969,32940078.83986,31254378.1833595,164242783.1439,0.005622918407885,0,0,0,7.874136797483,9.809887498741e-82,0,2.474546399856,-0.554141535613,-14.40520151965,-0.4785392342188,1.347465147704,-13.08753235121,-22676.36689703,4315.169142559,0,0,259402.000,2296,192,0,219895.7466162
220100,-24227350.47011,4964107.557655,16287688.79527,0,0,0,-1.072216849006,-0.554694415309,32940510.33228,31254809.6756001,164245050.6569,0.005622918406611,0,0,0,7.873567993455,9.807970541392e-82,0,2.474525386223,-0.5541991044775,-14.40598306975,-0.4784814859839,1.34747326427,-13.08819684593,-22674.44826958,4314.804039896,0,0,259402.100,2296,192,0,219995.7451769
220200,-24227508.59446,4964067.149085,16287465.93847,0,0,0,-1.072261977241,-0.5547520889655,32940941.79876,31255241.1418917,164247318.0336,0.005622918405338,0,0,0,7.872999152192,9.806053734464e-82,0,2.474504369172,-0.5542566714182,-14.40676459374,-0.4784237097624,1.347481381289,-13.08886129337,-22673.08457811,4314.544538036,0,0,259402.200,2296,192,0,220095.7437377
220300,-24227666.71698,4964026.742323,16287243.07918,0,0,0,-1.072307114666,-0.5548097605663,32941373.23929,31255672.5822325,164249585.2739,0.005622918404064,0,0,0,7.872430273718,9.804137078078e-82,0,2.474483348214,-0.5543142360014,-14.40754608572,-0.4783659761854,1.347489498758,-13.08952568764,-22671.72075938,4314.285011962,0,0,259402.300,2296,192,0,220195.7422986
220400,-24227824.83765,4963986.33737,16287020.21738,0,0,0,-1.072352261284,-0.5548674301112,32941804.65387,31256103.9966208,164251852.3778,0.00562291840279,0,0,0,7.871861358056,9.802220572363e-82,0,2.474462324103,-0.554371798759,-14.40832755292,-0.4783082148708,1.347497616678,-13.09019003596,-22670.35696024,4314.025489613,0,0,259402.400,2296,192,0,220295.7408595
220500,-24227982.95648,4963945.934224,16286797.35308,0,0,0,-1.072397417095,-0.5549250976001,32942236.04249,31256535.3850551,164254119.3453,0.005622918401516,0,0,0,7.871292405231,9.80030421744e-82,0,2.474441298092,-0.5544293593946,-14.40910899131,-0.4782504626767,1.34750573505,-13.09085433432,-22668.99300448,4313.765937462,0,0,259402.500,2296,192,0,220395.7394206
220600,-24228141.07346,4963905.532887,16286574.48629,0,0,0,-1.072442582101,-0.554982763033,32942667.40515,31256966.7475335,164256386.1764,0.005622918400242,0,0,0,7.870723415267,9.798388013446e-82,0,2.474420266035,-0.5544869176394,-14.40989039725,-0.4781926982478,1.347513853872,-13.09151857907,-22667.62898999,4313.506374136,0,0,259402.600,2296,192,0,220495.7379817
220700,-24228299.18861,4963865.133357,16286351.61699,0,0,0,-1.072487756303,-0.5550404264096,32943098.74186,31257398.0840544,164258652.8711,0.005622918398969,0,0,0,7.870154388189,9.796471960495e-82,0,2.474399231715,-0.5545444741471,-14.4106717796,-0.4781349050745,1.347521973144,-13.09218277908,-22666.26489719,4313.246795908,0,0,259402.700,2296,192,0,220595.7365429
220800,-24228457.30192,4963824.735636,16286128.74519,0,0,0,-1.072532939702,-0.55509808773,32943530.05261,31257829.3946162,164260919.4293,0.005622918397695,0,0,0,7.869585324019,9.794556058718e-82,0,2.474378193825,-0.5546020285579,-14.41145313348,-0.4780771539349,1.347530092868,-13.09284692948,-22664.90070652,4312.987199053,0,0,259402.800,2296,192,0,220695.7351042
220900,-24228615.41338,4963784.339722,16285905.87089,0,0,0,-1.072578132299,-0.5551557469939,32943961.3374,31258260.679217,164263185.8512,0.005622918396421,0,0,0,7.869016222781,9.792640308241e-82,0,2.474357152541,-0.5546595810273,-14.41223446101,-0.4780193786014,1.347538213042,-13.09351103238,-22663.53647669,4312.727594748,0,0,259402.900,2296,192,0,220795.7336656
221000,-24228773.52301,4963743.945616,16285682.99409,0,0,0,-1.072623334097,-0.5552134042013,32944392.59622,31258691.937644,164265452.1377,0.005622918395147,0,0,0,7.868235968839,9.790724709189e-82,0,2.474336109418,-0.5547171312719,-14.41301575833,-0.4779616060974,1.347546333666,-13.09417508393,-22662.72682066,4312.573522329,0,0,259403.000,2296,192,0,220895.7322271
221100,-24228931.63079,4963703.553319,16285460.1148,0,0,0,-1.072668545095,-0.555271059352,32944823.82908,31259123.170318,164267718.2867,0.005622918393874,0,0,0,7.867666808451,9.788809261689e-82,0,2.474315059391,-0.5547746796336,-14.41379703009,-0.4779038245778,1.34755445474,-13.09483908879,-22660.80751782,4312.208291143,0,0,259403.100,2296,192,0,220995.7307886
221200,-24229089.73673,4963663.162829,16285237.233,0,0,0,-1.072713765295,-0.555328712446,32945255.03598,31259554.377026,164269984.2992,0.0056229183926,0,0,0,7.867097611078,9.786893965867e-82,0,2.47429400759,-0.5548322260834,-14.4145782759,-0.4778460143806,1.347562576264,-13.09550304656,-22659.44297477,4311.948627234,0,0,259403.200,2296,192,0,221095.7293503
221300,-24229247.84083,4963622.774147,16285014.3487,0,0,0,-1.072758994699,-0.5553863634831,32945686.21691,31259985.5577663,164272250.1753,0.005622918391326,0,0,0,7.866528376742,9.784978821849e-82,0,2.474272952544,-0.5548897700969,-14.41535948863,-0.4777882456515,1.347570698239,-13.09616695012,-22658.07835341,4311.688948423,0,0,259403.300,2296,192,0,221195.727912
221400,-24229405.94309,4963582.387272,16284791.4619,0,0,0,-1.072804233308,-0.5554440124632,32946117.37187,31260416.7125372,164274515.9149,0.005622918390052,0,0,0,7.865959105469,9.783063829757e-82,0,2.474251894269,-0.5549473118403,-14.41614067054,-0.4777304549548,1.347578820663,-13.09683080173,-22656.71364395,4311.429252848,0,0,259403.400,2296,192,0,221295.7264738
221500,-24229564.0435,4963542.002206,16284568.5726,0,0,0,-1.072849481122,-0.5555016593862,32946548.50085,31260847.8413371,164276781.518,0.005622918388779,0,0,0,7.865389797283,9.781148989725e-82,0,2.474230831981,-0.5550048516522,-14.41692182623,-0.4776726633542,1.347586943536,-13.09749460601,-22655.34873873,4311.16952002,0,0,259403.500,2296,192,0,221395.7250357
221600,-24229722.14208,4963501.618947,16284345.6808,0,0,0,-1.072894738144,-0.5555593042521,32946979.60387,31261278.9441642,164279046.9846,0.005622918387505,0,0,0,7.864820452207,9.779234301864e-82,0,2.474209768129,-0.5550623898082,-14.41770295944,-0.4776148648907,1.34759506686,-13.09815836668,-22653.98385308,4310.909790918,0,0,259403.600,2296,192,0,221495.7235977
221700,-24229880.23881,4963461.237496,16284122.7865,0,0,0,-1.072940004374,-0.5556169470605,32947410.68091,31261710.0210169,164281312.3148,0.005622918386231,0,0,0,7.864251070265,9.777319766313e-82,0,2.474188697844,-0.5551199255096,-14.41848405933,-0.4775570369686,1.347603190632,-13.09882207291,-22652.6188304,4310.650035739,0,0,259403.700,2296,192,0,221595.7221598
221800,-24230038.3337,4963420.857853,16283899.8897,0,0,0,-1.072985279813,-0.5556745878116,32947841.73197,31262141.0718935,164283577.5084,0.005622918384957,0,0,0,7.863681651482,9.775405383191e-82,0,2.474167625607,-0.5551774593228,-14.41926513358,-0.4774992528021,1.347611314854,-13.09948573239,-22651.25369026,4310.390258208,0,0,259403.800,2296,192,0,221695.720722
221900,-24230196.42675,4963380.480018,16283676.9904,0,0,0,-1.073030564464,-0.5557322265051,32948272.75706,31262572.0967922,164285842.5655,0.005622918383683,0,0,0,7.863112195882,9.773491152628e-82,0,2.474146549789,-0.5552349910877,-14.42004618003,-0.4774414427857,1.347619439525,-13.10014934296,-22649.88855012,4310.130480677,0,0,259403.900,2296,192,0,221795.7192842
222000,-24230354.51796,4963340.10399,16283454.0886,0,0,0,-1.073075858326,-0.5557898631409,32948703.75616,31263003.0955005,164288107.4872,0.00562291838241,0,0,0,7.862331719085,9.771577074741e-82,0,2.474125470328,-0.5552925207192,-14.42082719751,-0.4773836348771,1.347627564646,-13.10081290346,-22649.07755311,4309.976153076,0,0,259404.000,2296,192,0,221895.7178466
222100,-24230512.60733,4963299.72977,16283231.18429,0,0,0,-1.073121161402,-0.555847497719,32949134.72929,31263434.0684385,164290372.2713,0.005622918381136,0,0,0,7.861762204928,9.769663149662e-82,0,2.474104387717,-0.5553500482184,-14.42160818604,-0.4773258020464,1.347635690215,-13.10147641391,-22647.15789789,4309.610854834,0,0,259404.100,2296,192,0,221995.716409
222200,-24230670.69485,4963259.357357,16283008.27749,0,0,0,-1.073166473693,-0.5559051302391,32949565.67643,31263865.0153937,164292636.9188,0.005622918379862,0,0,0,7.861192654036,9.767749377512e-82,0,2.474083303343,-0.5554075736668,-14.42238914673,-0.4772679750148,1.347643816233,-13.10213987542,-22645.79248368,4309.351025149,0,0,259404.200,2296,192,0,222095.7149715
222300,-24230828.78054,4963218.986752,16282785.36819,0,0,0,-1.073211795199,-0.5559627607013,32949996.59759,31264295.9363642,164294901.4298,0.005622918378588,0,0,0,7.860623066431,9.765835758419e-82,0,2.474062212223,-0.5554650972804,-14.42317008252,-0.4772101727338,1.347651942699,-13.10280329092,-22644.42695201,4309.091173112,0,0,259404.300,2296,192,0,222195.7135341
222400,-24230986.86438,4963178.617955,16282562.45639,0,0,0,-1.073257125923,-0.5560203891054,32950427.49276,31264726.8313485,164297165.8042,0.005622918377315,0,0,0,7.860053442138,9.763922292509e-82,0,2.474041119249,-0.5555226187537,-14.42395098925,-0.477152346293,1.347660069615,-13.10346665627,-22643.06125394,4308.831289411,0,0,259404.400,2296,192,0,222295.7120968
222500,-24231144.94638,4963138.250966,16282339.54209,0,0,0,-1.073302465865,-0.5560780154512,32950858.36195,31265157.7003449,164299430.042,0.005622918376041,0,0,0,7.859483781182,9.762008979902e-82,0,2.474020023005,-0.5555801377971,-14.42473186298,-0.4770945209682,1.347668196978,-13.10412996755,-22641.69553629,4308.571401983,0,0,259404.500,2296,192,0,222395.7106596
222600,-24231303.02653,4963097.885784,16282116.62529,0,0,0,-1.073347815026,-0.5561356397387,32951289.20514,31265588.5433516,164301694.1433,0.005622918374767,0,0,0,7.858914083586,9.760095820724e-82,0,2.473998922819,-0.5556376553689,-14.42551271674,-0.4770366712175,1.34767632479,-13.10479323776,-22640.32982843,4308.311516419,0,0,259404.600,2296,192,0,222495.7092225
222700,-24231461.10485,4963057.522409,16281893.70599,0,0,0,-1.073393173409,-0.5561932619677,32951720.02235,31266019.3603669,164303958.108,0.005622918373493,0,0,0,7.858344349374,9.758182815107e-82,0,2.473977821171,-0.5556951703281,-14.42629353504,-0.4769788269225,1.34768445305,-13.10545645143,-22638.96394439,4308.051597327,0,0,259404.700,2296,192,0,222595.7077854
222800,-24231619.18132,4963017.160842,16281670.78419,0,0,0,-1.073438541013,-0.5562508821381,32952150.81356,31266450.1513892,164306221.9361,0.005622918372219,0,0,0,7.857774578571,9.756269963166e-82,0,2.473956712757,-0.555752683501,-14.42707432908,-0.4769210067765,1.347692581758,-13.10611961976,-22637.59795267,4307.791657746,0,0,259404.800,2296,192,0,222695.7063485
222900,-24231777.25595,4962976.801082,16281447.85989,0,0,0,-1.073483917841,-0.5563085002499,32952581.57877,31266880.9164168,164308485.6276,0.005622918370946,0,0,0,7.8572047712,9.754357265031e-82,0,2.473935602483,-0.5558101946424,-14.42785509554,-0.4768631635604,1.347700710914,-13.10678273944,-22636.23189243,4307.531705126,0,0,259404.900,2296,192,0,222795.7049116
223000,-24231935.32874,4962936.44313,16281224.9331,0,0,0,-1.073529303893,-0.5563661163029,32953012.31799,31267311.6552372,164310749.1836,0.005622918369672,0,0,0,7.856424075121,9.752444720823e-82,0,2.473914488638,-0.5558677036549,-14.4286358331,-0.4768053201052,1.347708840518,-13.10744580915,-22635.41973061,4307.37715587,0,0,259405.000,2296,192,0,222895.7034748
223100,-24232093.39968,4962896.086986,16281002.0038,0,0,0,-1.073574699171,-0.556423730297,32953443.03121,31267742.3682703,164313012.6018,0.005622918368398,0,0,0,7.855854209788,9.750532330672e-82,0,2.473893371581,-0.5559252104757,-14.42941654091,-0.4767474526203,1.34771697057,-13.10810882803,-22633.49944895,4307.01173842,0,0,259405.100,2296,192,0,222995.7020381
223200,-24232251.46879,4962855.732648,16280779.072,0,0,0,-1.073620103677,-0.556481342232,32953873.71843,31268173.0553037,164315275.8834,0.005622918367124,0,0,0,7.85528430797,9.748620094699e-82,0,2.473872250857,-0.5559827152187,-14.4301972205,-0.476689591679,1.347725101069,-13.10877179764,-22632.13311464,4306.751733646,0,0,259405.200,2296,192,0,223095.7006015
223300,-24232409.53605,4962815.380119,16280556.1377,0,0,0,-1.07366551741,-0.556538952108,32954304.37965,31268603.7163355,164317539.0284,0.005622918365851,0,0,0,7.85471436969,9.746708013024e-82,0,2.473851128244,-0.5560402182505,-14.43097787687,-0.4766317543176,1.347733232015,-13.10943472296,-22630.76666287,4306.49170652,0,0,259405.300,2296,192,0,223195.6991649
223400,-24232567.60147,4962775.029396,16280333.2009,0,0,0,-1.073710940373,-0.5565965599246,32954735.01487,31269034.3513642,164319802.0368,0.005622918364577,0,0,0,7.854144394972,9.744796085777e-82,0,2.473829999237,-0.5560977189006,-14.4317585009,-0.4765738937898,1.347741363409,-13.11009759489,-22629.4001328,4306.231664494,0,0,259405.400,2296,192,0,223295.6977285
223500,-24232725.66505,4962734.680481,16280110.26161,0,0,0,-1.073756372567,-0.556654165682,32955165.62408,31269464.9603881,164322064.9084,0.005622918363303,0,0,0,7.853574383841,9.742884313084e-82,0,2.473808868488,-0.5561552175059,-14.43253909717,-0.4765160336589,1.34774949525,-13.110760418,-22628.03349505,4305.971601978,0,0,259405.500,2296,192,0,223395.6962921
223600,-24232883.72678,4962694.333373,16279887.31981,0,0,0,-1.073801813993,-0.5567117693798,32955596.20729,31269895.5434054,164324327.6435,0.005622918362029,0,0,0,7.85300433632,9.740972695062e-82,0,2.473787733802,-0.5562127139529,-14.43331966415,-0.4764581486134,1.347757627537,-13.11142319076,-22626.66675943,4305.711520836,0,0,259405.600,2296,192,0,223495.6948559
223700,-24233041.78667,4962653.988073,16279664.37552,0,0,0,-1.073847264653,-0.556769371018,32956026.76448,31270326.1004145,164326590.2418,0.005622918360756,0,0,0,7.852434252433,9.739061231838e-82,0,2.473766595884,-0.5562702087379,-14.43410020856,-0.4764002700463,1.347765760272,-13.11208591991,-22625.29999443,4305.451434106,0,0,259405.700,2296,192,0,223595.6934197
223800,-24233199.84472,4962613.644579,16279441.42872,0,0,0,-1.073892724547,-0.5568269705966,32956457.29567,31270756.6314138,164328852.7035,0.005622918359482,0,0,0,7.851864132205,9.73714992354e-82,0,2.473745454553,-0.556327701146,-14.4348807207,-0.4763424163185,1.347773893454,-13.11274859575,-22623.93320987,4305.19134365,0,0,259405.800,2296,192,0,223695.6919836
223900,-24233357.90093,4962573.302893,16279218.47943,0,0,0,-1.073938193676,-0.5568845681153,32956887.80085,31271187.1364014,164331115.0284,0.005622918358208,0,0,0,7.851293975659,9.735238770289e-82,0,2.47372431138,-0.5563851916049,-14.43566120637,-0.4762845388982,1.347782027082,-13.11341122408,-22622.56627847,4304.931225255,0,0,259405.900,2296,192,0,223795.6905476
224000,-24233515.95529,4962532.963015,16278995.52763,0,0,0,-1.073983672043,-0.5569421635741,32957318.28001,31271617.615165,164333377.2178,0.005622918356934,0,0,0,7.850513063873,9.733327772208e-82,0,2.473703161924,-0.5564426796923,-14.43644165986,-0.4762266618458,1.347790161157,-13.11407379918,-22621.75280502,4304.776426405,0,0,259406.000,2296,192,0,223895.6891116
224100,-24233674.00782,4962492.624943,16278772.57334,0,0,0,-1.074029159649,-0.5569997569729,32957748.73316,31272048.0681244,164335639.2694,0.00562291835566,0,0,0,7.849942849962,9.731416929419e-82,0,2.473682010075,-0.5565001660272,-14.43722208955,-0.4761687592572,1.347798295678,-13.11473632946,-22619.83198501,4304.410906509,0,0,259406.100,2296,192,0,223995.6876758
224200,-24233832.05849,4962452.288679,16278549.61655,0,0,0,-1.074074656493,-0.5570573483115,32958179.16029,31272478.4950671,164337901.1842,0.005622918354387,0,0,0,7.849372599816,9.729506242053e-82,0,2.473660855046,-0.5565576500833,-14.4380024883,-0.4761108632081,1.347806430646,-13.11539880777,-22618.46482848,4304.150745273,0,0,259406.200,2296,192,0,224095.6862401
224300,-24233990.10733,4962411.954222,16278326.65725,0,0,0,-1.074120162579,-0.5571149375898,32958609.5614,31272908.8959915,164340162.9623,0.005622918353113,0,0,0,7.848802313458,9.727595710224e-82,0,2.473639696203,-0.5566151323197,-14.43878286235,-0.4760529929513,1.347814566059,-13.11606124035,-22617.09757408,4303.89056541,0,0,259406.300,2296,192,0,224195.6848044
224400,-24234148.15433,4962371.621572,16278103.69546,0,0,0,-1.074165677907,-0.5571725248078,32959039.9365,31273339.2708959,164342424.6037,0.005622918351839,0,0,0,7.848231990912,9.725685334064e-82,0,2.473618535963,-0.5566726122325,-14.43956320486,-0.4759950966613,1.347822701919,-13.11672362036,-22615.73017285,4303.630357608,0,0,259406.400,2296,192,0,224295.6833688
224500,-24234306.19948,4962331.290729,16277880.73117,0,0,0,-1.074211202478,-0.5572301099652,32959470.28557,31273769.6197786,164344686.1084,0.005622918350565,0,0,0,7.847661632203,9.72377511369e-82,0,2.473597368644,-0.5567300902987,-14.44034352229,-0.4759372021647,1.347830838225,-13.11738595428,-22614.36263458,4303.370123729,0,0,259406.500,2296,192,0,224395.6819333
224600,-24234464.24278,4962290.961693,16277657.76438,0,0,0,-1.074256736293,-0.5572876930621,32959900.60861,31274199.9426379,164346947.4762,0.005622918349292,0,0,0,7.847091237355,9.721865049228e-82,0,2.473576199562,-0.5567875663397,-14.44112381223,-0.4758792827023,1.347838974976,-13.11804823969,-22612.99506695,4303.109884262,0,0,259406.600,2296,192,0,224495.6804979
224700,-24234622.28425,4962250.634464,16277434.7951,0,0,0,-1.074302279355,-0.5573452740982,32960330.90564,31274630.2394721,164349208.7074,0.005622918348018,0,0,0,7.846520806391,9.719955140804e-82,0,2.473555027062,-0.5568450404049,-14.44190407535,-0.4758213708838,1.347847112173,-13.11871047726,-22611.62736229,4302.849618718,0,0,259406.700,2296,192,0,224595.6790626
224800,-24234780.32387,4962210.309042,16277211.82331,0,0,0,-1.074347831663,-0.5574028530734,32960761.17663,31275060.5102796,164351469.8017,0.005622918346744,0,0,0,7.845950339337,9.71804538854e-82,0,2.473533851267,-0.5569025118371,-14.44268430273,-0.475763483194,1.347855249816,-13.11937265808,-22610.25962826,4302.589347586,0,0,259406.800,2296,192,0,224695.6776274
224900,-24234938.36165,4962169.985428,16276988.84902,0,0,0,-1.07439339322,-0.5574604299878,32961191.4216,31275490.7550586,164353730.7593,0.00562291834547,0,0,0,7.845379836216,9.716135792557e-82,0,2.473512671444,-0.556959981822,-14.44346451045,-0.475705570552,1.347863387904,-13.12003479824,-22608.89177677,4302.329054102,0,0,259406.900,2296,192,0,224795.6761922
225000,-24235096.39759,4962129.66362,16276765.87224,0,0,0,-1.074438964027,-0.557518004841,32961621.64054,31275920.9735968,164355991.5812,0.005622918344196,0,0,0,7.844598712303,9.714226352978e-82,0,2.473491490399,-0.5570174492161,-14.444244683,-0.4756476574516,1.347871526437,-13.12069688223,-22608.07713852,4302.174033597,0,0,259407.000,2296,192,0,224895.6747572
225100,-24235254.43168,4962089.34362,16276542.89295,0,0,0,-1.074484544084,-0.5575755776331,32962051.83344,31276351.1663139,164358252.2652,0.005622918342923,0,0,0,7.844028152413,9.71231706993e-82,0,2.473470302433,-0.5570749149013,-14.44502483235,-0.4755897212709,1.347879665415,-13.12135892202,-22606.15578014,4301.808411255,0,0,259407.100,2296,192,0,224995.6733222
225200,-24235412.46393,4962049.025426,16276319.91117,0,0,0,-1.074530133394,-0.5576331483639,32962482.00032,31276781.3329975,164360512.8123,0.005622918341649,0,0,0,7.843457556538,9.71040794353e-82,0,2.473449113003,-0.5571323784648,-14.4458049529,-0.4755317785433,1.347887804839,-13.12202091201,-22604.78764479,4301.548063755,0,0,259407.200,2296,192,0,225095.6718873
225300,-24235570.49434,4962008.709039,16276096.92689,0,0,0,-1.074575731957,-0.5576907170332,32962912.14115,31277211.4736459,164362773.2227,0.005622918340375,0,0,0,7.842886924701,9.708498973911e-82,0,2.473427919448,-0.5571898398382,-14.44658504372,-0.475473885416,1.347895944707,-13.12268285127,-22603.4194605,4301.287706941,0,0,259407.300,2296,192,0,225195.6704525
225400,-24235728.5229,4961968.394459,16275873.94011,0,0,0,-1.074621339774,-0.5577482836411,32963342.25595,31277641.5882575,164365033.4962,0.005622918339101,0,0,0,7.842316256928,9.706590161185e-82,0,2.473406722708,-0.5572472993266,-14.44736510894,-0.4754159554759,1.34790408502,-13.12334474396,-22602.05119791,4301.027335227,0,0,259407.400,2296,192,0,225295.6690178
225500,-24235886.54962,4961928.081686,16275650.95083,0,0,0,-1.074666956847,-0.5578058481873,32963772.34472,31278071.6768305,164367293.6329,0.005622918337828,0,0,0,7.841745553242,9.704681505479e-82,0,2.473385524075,-0.5573047566658,-14.44814514499,-0.4753580248567,1.347912225778,-13.12400658648,-22600.68276891,4300.766931847,0,0,259407.500,2296,192,0,225395.6675832
225600,-24236044.5745,4961887.77072,16275427.95905,0,0,0,-1.074712583178,-0.5578634106717,32964202.40744,31278501.7393632,164369553.6328,0.005622918336554,0,0,0,7.841174813668,9.70277300692e-82,0,2.473364319225,-0.5573622118068,-14.4489251512,-0.4753000715843,1.34792036698,-13.12466837817,-22599.31438886,4300.50653778,0,0,259407.600,2296,192,0,225495.6661487
225700,-24236202.59753,4961847.461561,16275204.96477,0,0,0,-1.074758218767,-0.5579209710943,32964632.44412,31278931.7758541,164371813.4958,0.00562291833528,0,0,0,7.840604038229,9.700864665626e-82,0,2.473343112165,-0.5574196650054,-14.44970513103,-0.4752421251518,1.347928508627,-13.12533012252,-22597.94578367,4300.246100873,0,0,259407.700,2296,192,0,225595.6647142
225800,-24236360.61872,4961807.154209,16274981.96799,0,0,0,-1.074803863615,-0.5579785294549,32965062.45475,31279361.7863013,164374073.222,0.005622918334006,0,0,0,7.84003322695,9.698956481719e-82,0,2.473321901747,-0.5574771159983,-14.45048508092,-0.4751842016929,1.347936650718,-13.12599181595,-22596.57715891,4299.98566024,0,0,259407.800,2296,192,0,225695.6632799
225900,-24236518.63807,4961766.848663,16274758.96872,0,0,0,-1.074849517725,-0.5580360857535,32965492.43934,31279791.7707033,164376332.8112,0.005622918332733,0,0,0,7.839462379854,9.697048455325e-82,0,2.473300687522,-0.5575345651537,-14.45126500587,-0.4751262439979,1.347944793253,-13.12665346346,-22595.20844605,4299.725202844,0,0,259407.900,2296,192,0,225795.6618456
226000,-24236676.65557,4961726.544924,16274535.96695,0,0,0,-1.074895181097,-0.5580936399898,32965922.39789,31280221.7288479,164378592.2648,0.005622918331459,0,0,0,7.838681047399,9.695140586559e-82,0,2.473279469967,-0.5575920123111,-14.45204490369,-0.4750683088669,1.347952936232,-13.12731506288,-22594.39265278,4299.569962546,0,0,259408.000,2296,208,0,225895.6604114
226100,-24236834.67123,4961686.242992,16274312.96267,0,0,0,-1.074940853732,-0.5581511921637,32966352.33038,31280651.6611543,164380851.5803,0.005622918330185,0,0,0,7.838110144132,9.693232875557e-82,0,2.473258250674,-0.5576494569624,-14.45282476748,-0.475010335944,1.347961079655,-13.1279766073,-22592.47082457,4299.204250798,0,0,259408.100,2296,208,0,225995.6589773
226200,-24236992.68505,4961645.942867,16274089.9559,0,0,0,-1.074986535631,-0.5582087422753,32966782.23683,31281081.5674104,164383110.7589,0.005622918328911,0,0,0,7.837539205131,9.691325322431e-82,0,2.473237024814,-0.5577068997466,-14.45360460594,-0.4749523726681,1.347969223522,-13.12863810543,-22591.10177891,4298.943730071,0,0,259408.200,2296,208,0,226095.6575433
226300,-24237150.69702,4961605.644548,16273866.94663,0,0,0,-1.075032226797,-0.5582662903243,32967212.11722,31281511.4476145,164385369.8006,0.005622918327637,0,0,0,7.836968230419,9.689417927305e-82,0,2.473215796892,-0.5577643405853,-14.45438441797,-0.4748944322967,1.347977367832,-13.12929955618,-22589.7326941,4298.683201894,0,0,259408.300,2296,208,0,226195.6561094
226400,-24237308.70715,4961565.348036,16273643.93487,0,0,0,-1.07507792723,-0.5583238363106,32967641.97156,31281941.3017649,164387628.7054,0.005622918326364,0,0,0,7.836397220022,9.687510690302e-82,0,2.473194565619,-0.5578217792759,-14.45516420085,-0.4748364677102,1.347985512586,-13.12996095681,-22588.36354077,4298.422660679,0,0,259408.400,2296,208,0,226295.6546755
226500,-24237466.71544,4961525.053331,16273420.9206,0,0,0,-1.075123636931,-0.5583813802341,32968071.79985,31282371.12986,164389887.4733,0.00562291832509,0,0,0,7.835826173962,9.685603611545e-82,0,2.473173330708,-0.5578792159687,-14.4559439566,-0.4747785043383,1.347993657784,-13.13062230937,-22586.99427977,4298.162098974,0,0,259408.500,2296,208,0,226395.6532418
226600,-24237624.72188,4961484.760432,16273197.90383,0,0,0,-1.075169355902,-0.5584389220948,32968501.60207,31282800.931898,164392146.1043,0.005622918323816,0,0,0,7.835255092266,9.683696691154e-82,0,2.473152092101,-0.5579366506257,-14.45672368472,-0.4747205147409,1.348001803424,-13.13128361334,-22585.6248328,4297.901501879,0,0,259408.600,2296,208,0,226495.6518081
226700,-24237782.72648,4961444.46934,16272974.88457,0,0,0,-1.075215084144,-0.5584964618924,32968931.37824,31283230.7078772,164394404.5983,0.005622918322542,0,0,0,7.834683974955,9.681789929255e-82,0,2.473130852002,-0.5579940828922,-14.45750338038,-0.4746625329061,1.348009949508,-13.13194486392,-22584.25546413,4297.640919685,0,0,259408.700,2296,208,0,226595.6503745
226800,-24237940.72924,4961404.180055,16272751.86281,0,0,0,-1.075260821659,-0.5585539996269,32969361.12835,31283660.4577961,164396662.9554,0.005622918321269,0,0,0,7.834112822055,9.679883325965e-82,0,2.473109605012,-0.558051513429,-14.45828305256,-0.4746045768538,1.348018096035,-13.13260607007,-22582.88592906,4297.380305827,0,0,259408.800,2296,208,0,226695.648941
226900,-24238098.73015,4961363.892576,16272528.83855,0,0,0,-1.075306568447,-0.5586115352982,32969790.8524,31284090.1816529,164398921.1755,0.005622918319995,0,0,0,7.833541633591,9.677976881411e-82,0,2.473088356723,-0.5581089416488,-14.45906269329,-0.4745465943007,1.348026243004,-13.13326722384,-22581.51630589,4297.119675204,0,0,259408.900,2296,208,0,226795.6475076
227000,-24238256.72921,4961323.606904,16272305.81179,0,0,0,-1.075352324509,-0.5586690689061,32970220.55038,31284519.8792356,164401179.2597,0.005622918318721,0,0,0,7.832760096183,9.676070595706e-82,0,2.473067104172,-0.5581663680995,-14.45984231,-0.474488612291,1.348034390417,-13.13392833265,-22580.69914227,4296.964174137,0,0,259409.000,2296,208,0,226895.6460743
227100,-24238414.72644,4961283.323038,16272082.78253,0,0,0,-1.075398089848,-0.5587266004506,32970650.2223,31284949.5509632,164403437.2059,0.005622918317447,0,0,0,7.832188852144,9.674164468988e-82,0,2.473045848804,-0.5582237920093,-14.46062189221,-0.4744306061259,1.348042538272,-13.13458938603,-22578.77671697,4296.598348767,0,0,259409.100,2296,208,0,226995.6446411
227200,-24238572.72182,4961243.040978,16271859.75078,0,0,0,-1.075443864464,-0.5587841299314,32971079.86814,31285379.1966236,164405695.0151,0.005622918316174,0,0,0,7.831617572622,9.672258501363e-82,0,2.473024591301,-0.5582812141478,-14.46140145037,-0.4743726072472,1.348050686569,-13.13525039444,-22577.40695677,4296.337692067,0,0,259409.200,2296,208,0,227095.643208
227300,-24238730.71535,4961202.760726,16271636.71653,0,0,0,-1.075489648358,-0.5588416573486,32971509.48793,31285808.8162153,164407952.6873,0.0056229183149,0,0,0,7.831046257641,9.670352692957e-82,0,2.473003327493,-0.5583386342746,-14.46218098123,-0.474314633566,1.348058835309,-13.13591135461,-22576.03699101,4296.076996252,0,0,259409.300,2296,208,0,227195.6417749
227400,-24238888.70704,4961162.482279,16271413.67978,0,0,0,-1.075535441532,-0.558899182702,32971939.08164,31286238.4097365,164410210.2225,0.005622918313626,0,0,0,7.830474907225,9.668447043894e-82,0,2.472982061317,-0.5583960525265,-14.46296048663,-0.4742566340215,1.348066984491,-13.13657226842,-22574.66689801,4295.816276222,0,0,259409.400,2296,208,0,227295.6403419
227500,-24239046.69689,4961122.205639,16271190.64053,0,0,0,-1.075581243988,-0.5589567059914,32972368.64928,31286667.9771855,164412467.6207,0.005622918312352,0,0,0,7.829903521399,9.666541554296e-82,0,2.472960791884,-0.5584534681215,-14.46373995596,-0.4741986349117,1.348075134116,-13.13723312523,-22573.29678543,4295.555552468,0,0,259409.500,2296,208,0,227395.638909
227600,-24239204.68489,4961081.930806,16270967.59878,0,0,0,-1.075627055725,-0.5590142272168,32972798.19084,31287097.5185607,164414724.8818,0.005622918311078,0,0,0,7.829332100186,9.66463622428e-82,0,2.472939518912,-0.5585108820003,-14.4645218625,-0.4741406109999,1.348083284182,-13.13789639834,-22571.92657497,4295.294810086,0,0,259409.600,2296,208,0,227495.6374762
227700,-24239362.67105,4961041.657779,16270744.55453,0,0,0,-1.075672876747,-0.559071746378,32973227.70633,31287527.0338604,164416982.006,0.005622918309805,0,0,0,7.828760643611,9.662731053974e-82,0,2.472918242384,-0.5585682937075,-14.46532686365,-0.4740825950112,1.34809143469,-13.13858274515,-22570.5562862,4295.034052804,0,0,259409.700,2296,208,0,227595.6360435
227800,-24239520.65537,4961001.386558,16270521.50779,0,0,0,-1.075718707053,-0.559129263475,32973657.19574,31287956.5230829,164419238.9931,0.005622918308531,0,0,0,7.828189151698,9.660826043494e-82,0,2.472896964055,-0.5586257033756,-14.46613183621,-0.4740246048814,1.34809958564,-13.13926904246,-22569.18587998,4294.77327317,0,0,259409.800,2296,208,0,227695.6346109
227900,-24239678.63784,4960961.117144,16270298.45855,0,0,0,-1.075764546645,-0.5591867785075,32974086.65907,31288385.9862265,164421495.8431,0.005622918307257,0,0,0,7.827617624471,9.658921192964e-82,0,2.472875679215,-0.558683110987,-14.46693677993,-0.4739665878909,1.348107737032,-13.13995529004,-22567.81536608,4294.512473047,0,0,259409.900,2296,208,0,227795.6331784
228000,-24239836.61846,4960920.849536,16270075.40681,0,0,0,-1.075810395525,-0.5592442914756,32974516.09633,31288815.4230794,164423752.5572,0.005622918305983,0,0,0,7.826835885703,9.657016502501e-82,0,2.472854392162,-0.558740516845,-14.46774169907,-0.4739085699512,1.348115888865,-13.14064149212,-22566.99701807,4294.356746599,0,0,259410.000,2296,208,0,227895.6317459
228100,-24239994.59725,4960880.583734,16269852.35257,0,0,0,-1.075856253693,-0.559301802379,32974945.5075,31289244.8340603,164426009.1332,0.00562291830471,0,0,0,7.826264303501,9.655111972233e-82,0,2.472833102119,-0.5587979200108,-14.46854658046,-0.4738505296638,1.348124041139,-13.14132763557,-22565.07410337,4293.990828097,0,0,259410.100,2296,208,0,227995.6303136
228200,-24240152.57418,4960840.319738,16269629.29584,0,0,0,-1.075902121151,-0.5593593112177,32975374.89258,31289674.2189573,164428265.5721,0.005622918303436,0,0,0,7.825692686067,9.653207602276e-82,0,2.472811808078,-0.5588553216735,-14.46935144077,-0.473792496356,1.348132193855,-13.14201373704,-22563.70334476,4293.729981408,0,0,259410.200,2296,208,0,228095.6288813
228300,-24240310.54928,4960800.057549,16269406.2366,0,0,0,-1.0759479979,-0.5594168179916,32975804.25159,31290103.5777686,164430521.8738,0.005622918302162,0,0,0,7.825121033425,9.651303392747e-82,0,2.472790510445,-0.5589127210518,-14.47015626905,-0.4737344872348,1.348140347012,-13.14269978559,-22562.33248828,4293.469116092,0,0,259410.300,2296,208,0,228195.6274491
228400,-24240468.52253,4960759.797166,16269183.17487,0,0,0,-1.075993883942,-0.5594743227005,32976233.5845,31290532.9104928,164432778.0386,0.005622918300888,0,0,0,7.8245493456,9.649399343778e-82,0,2.472769211409,-0.5589701182608,-14.47096106691,-0.4736764538086,1.34814850061,-13.14338578284,-22560.96156327,4293.208237737,0,0,259410.400,2296,208,0,228295.626017
228500,-24240626.49393,4960719.538589,16268960.11064,0,0,0,-1.076039779278,-0.5595318253443,32976662.89132,31290962.217128,164435034.0662,0.005622918299614,0,0,0,7.823977622616,9.647495455482e-82,0,2.472747905616,-0.5590275134882,-14.47176583699,-0.4736184195133,1.348156654648,-13.14407173143,-22559.59048165,4292.947329581,0,0,259410.500,2296,208,0,228395.624585
228600,-24240784.46349,4960679.281819,16268737.04392,0,0,0,-1.076085683909,-0.559589325923,32977092.17206,31291391.4976725,164437289.9567,0.005622918298341,0,0,0,7.823405864496,9.64559172798e-82,0,2.472726598123,-0.5590849066644,-14.47257057831,-0.4735603612242,1.348164809128,-13.14475763037,-22558.21940004,4292.686421424,0,0,259410.600,2296,208,0,228495.6231531
228700,-24240942.4312,4960639.026854,16268513.97469,0,0,0,-1.076131597835,-0.5596468244363,32977521.4267,31291820.7521249,164439545.71,0.005622918297067,0,0,0,7.822834071266,9.6436881614e-82,0,2.472705286703,-0.5591422977199,-14.47337528989,-0.4735023106878,1.348172964048,-13.1454434787,-22556.84812265,4292.425476015,0,0,259410.700,2296,208,0,228595.6217212
228800,-24241100.39708,4960598.773696,16268290.90297,0,0,0,-1.07617752106,-0.5597043208842,32977950.65525,31292249.9804832,164441801.3263,0.005622918295793,0,0,0,7.82226224295,9.641784755853e-82,0,2.472683972005,-0.5591996865613,-14.47417997043,-0.4734442842658,1.348181119409,-13.14612927512,-22555.47685506,4292.164532468,0,0,259410.800,2296,208,0,228695.6202895
228900,-24241258.3611,4960558.522344,16268067.82875,0,0,0,-1.076223453583,-0.5597618152666,32978379.8577,31292679.1827459,164444056.8054,0.005622918294519,0,0,0,7.821690379571,9.639881511462e-82,0,2.472662655456,-0.5592570737069,-14.47498462719,-0.4733862327659,1.34818927521,-13.14681502689,-22554.10554831,4291.90358147,0,0,259410.900,2296,208,0,228795.6188578
229000,-24241416.32328,4960518.272798,16267844.75203,0,0,0,-1.076269395406,-0.5598193075833,32978809.03406,31293108.3587013,164446312.1485,0.005622918293246,0,0,0,7.820908443042,9.637978428352e-82,0,2.472641332663,-0.5593144580946,-14.47578924528,-0.4733281807265,1.348197431451,-13.14750071912,-22553.28594741,4291.747616604,0,0,259411.000,2296,208,0,228895.6174262
229100,-24241574.28362,4960478.025058,16267621.67282,0,0,0,-1.076315346531,-0.5598767978342,32979238.18431,31293537.5087677,164448567.3533,0.005622918291972,0,0,0,7.820336525287,9.636075506636e-82,0,2.472620007327,-0.5593718411407,-14.47659384456,-0.4732701058976,1.348205588132,-13.14818637168,-22551.36246498,4291.381590068,0,0,259411.100,2296,208,0,228995.6159948
229200,-24241732.24211,4960437.779124,16267398.59111,0,0,0,-1.076361306958,-0.5599342860192,32979667.30847,31293966.6327335,164450822.421,0.005622918290698,0,0,0,7.819764572552,9.634172746446e-82,0,2.472598678856,-0.5594292216199,-14.47739840784,-0.4732120374359,1.348213745253,-13.14887196739,-22549.99087437,4291.120585054,0,0,259411.200,2296,208,0,229095.6145633
229300,-24241890.19876,4960397.534996,16267175.5069,0,0,0,-1.076407276689,-0.5599917721383,32980096.40652,31294395.7305969,164453077.3515,0.005622918289424,0,0,0,7.819192584861,9.632270147891e-82,0,2.472577346825,-0.5594866003354,-14.4782029464,-0.4731539879531,1.348221902815,-13.14955751752,-22548.6191761,4290.859559551,0,0,259411.300,2296,208,0,229195.613132
229400,-24242048.15356,4960357.292674,16266952.42019,0,0,0,-1.076453255725,-0.5600492561912,32980525.47847,31294824.8023563,164455332.1448,0.005622918288151,0,0,0,7.818620562238,9.630367711095e-82,0,2.472556011254,-0.5595439771093,-14.47900745773,-0.4730959266178,1.348230060816,-13.15024301957,-22547.24742888,4290.598524734,0,0,259411.400,2296,208,0,229295.6117008
229500,-24242206.10652,4960317.052158,16266729.33098,0,0,0,-1.076499244068,-0.5601067381779,32980954.52432,31295253.8480101,164457586.801,0.005622918286877,0,0,0,7.818048504708,9.62846543618e-82,0,2.472534673954,-0.5596013513309,-14.47981193328,-0.4730378562006,1.348238219256,-13.15092846499,-22545.87545653,4290.337447077,0,0,259411.500,2296,208,0,229395.6102697
229600,-24242364.05763,4960276.813448,16266506.23928,0,0,0,-1.076545241718,-0.5601642180983,32981383.54405,31295682.8675565,164459841.3199,0.005622918285603,0,0,0,7.817476412295,9.626563323262e-82,0,2.472513329745,-0.5596587238371,-14.48061638477,-0.472979763081,1.348246378136,-13.1516138655,-22544.5034646,4290.076365694,0,0,259411.600,2296,208,0,229495.6088386
229700,-24242522.0069,4960236.576543,16266283.14508,0,0,0,-1.076591248677,-0.5602216959522,32981812.53768,31296111.8609939,164462095.7017,0.005622918284329,0,0,0,7.816904285022,9.624661372469e-82,0,2.472491983824,-0.5597160940404,-14.48142080397,-0.472921678467,1.348254537455,-13.15229921289,-22543.13141395,4289.815273136,0,0,259411.700,2296,208,0,229595.6074076
229800,-24242679.95432,4960196.341445,16266060.04838,0,0,0,-1.076637264946,-0.5602791717395,32982241.5052,31296540.8283205,164464349.9462,0.005622918283055,0,0,0,7.816332122915,9.622759583913e-82,0,2.472470634332,-0.559773462445,-14.48222519795,-0.4728636174513,1.348262697214,-13.15298451422,-22541.75926541,4289.554161951,0,0,259411.800,2296,208,0,229695.6059768
229900,-24242837.8999,4960156.108153,16265836.94919,0,0,0,-1.076683290527,-0.5603366454601,32982670.4466,31296969.7695348,164466604.0535,0.005622918281782,0,0,0,7.815759925998,9.620857957712e-82,0,2.472449281359,-0.5598308286331,-14.48302956085,-0.4728055314446,1.348270857412,-13.15366976363,-22540.38699941,4289.293028414,0,0,259411.900,2296,208,0,229795.604546
230000,-24242995.84363,4960115.876666,16265613.8475,0,0,0,-1.076729325421,-0.5603941171139,32983099.36189,31297398.6844251,164468858.0247,0.005622918280508,0,0,0,7.81497779531,9.618956493995e-82,0,2.472427926382,-0.5598881926142,-14.48383389281,-0.4727474338924,1.348279018049,-13.15435496128,-22539.56609667,4289.136815816,0,0,259412.000,2296,208,0,229895.6031153
230100,-24243153.78551,4960075.646986,16265390.74331,0,0,0,-1.076775369629,-0.5604515867008,32983528.25107,31297827.5734097,164471111.8575,0.005622918279234,0,0,0,7.814405544617,9.617055192878e-82,0,2.472406566415,-0.5599455546651,-14.4846381977,-0.4726893345533,1.348287179124,-13.15504011102,-22537.64222271,4288.770714775,0,0,259412.100,2296,208,0,229995.6016846
230200,-24243311.72556,4960035.419111,16265167.63662,0,0,0,-1.076821423152,-0.5605090542206,32983957.11413,31298256.4362768,164473365.5531,0.00562291827796,0,0,0,7.813833259195,9.615154054477e-82,0,2.472385201331,-0.5600029148919,-14.48544247702,-0.4726312486283,1.348295340639,-13.15572521437,-22536.2696337,4288.509519771,0,0,259412.200,2296,208,0,230095.6002541
230300,-24243469.66375,4959995.193042,16264944.52744,0,0,0,-1.076867485991,-0.5605665196733,32984385.95106,31298685.2730249,164475619.1115,0.005622918276687,0,0,0,7.813260939069,9.613253078917e-82,0,2.472363834618,-0.5600602728012,-14.48624672384,-0.4725731529912,1.348303502591,-13.1564102644,-22534.89704469,4288.248324767,0,0,259412.300,2296,208,0,230195.5988237
230400,-24243627.6001,4959954.968779,16264721.41576,0,0,0,-1.076913558149,-0.5606239830587,32984814.76188,31299114.0836522,164477872.5325,0.005622918275413,0,0,0,7.812688584263,9.611352266316e-82,0,2.472342464271,-0.5601176282847,-14.48705093665,-0.4725150496678,1.348311664983,-13.15709525961,-22533.5242697,4287.987094373,0,0,259412.400,2296,208,0,230295.5973933
230500,-24243785.53461,4959914.746321,16264498.30158,0,0,0,-1.076959639625,-0.5606814443768,32985243.54658,31299542.8681571,164480125.8163,0.005622918274139,0,0,0,7.812116194802,9.609451616794e-82,0,2.472321090437,-0.5601749820092,-14.48785512479,-0.4724569450714,1.348319827813,-13.15778020933,-22532.15152408,4287.725869566,0,0,259412.500,2296,208,0,230395.595963
230600,-24243943.46727,4959874.52567,16264275.1849,0,0,0,-1.077005730422,-0.5607389036273,32985672.30515,31299971.6265379,164482378.9628,0.005622918272865,0,0,0,7.81154377071,9.607551130464e-82,0,2.472299714833,-0.5602323336837,-14.48865928419,-0.4723988174389,1.348327991081,-13.1584651095,-22530.77870994,4287.464631721,0,0,259412.600,2296,208,0,230495.5945328
230700,-24244101.39808,4959834.306824,16264052.06573,0,0,0,-1.077051830541,-0.5607963608102,32986101.0376,31300400.358793,164484631.9721,0.005622918271592,0,0,0,7.810971312011,9.60565080745e-82,0,2.472278332511,-0.5602896834979,-14.48946341751,-0.4723407148939,1.348336154787,-13.15914996278,-22529.40575876,4287.2033678,0,0,259412.700,2296,208,0,230595.5931027
230800,-24244259.32705,4959794.089783,16263828.94406,0,0,0,-1.077097939982,-0.5608538159253,32986529.74391,31300829.0649206,164486884.844,0.005622918270318,0,0,0,7.810398818729,9.603750647877e-82,0,2.472256948281,-0.5603470308087,-14.49026751572,-0.4722826022236,1.348344318931,-13.15983476016,-22528.0327097,4286.942085251,0,0,259412.800,2296,208,0,230695.5916727
230900,-24244417.25418,4959753.874549,16263605.8199,0,0,0,-1.077144058748,-0.5609112689726,32986958.4241,31301257.7449192,164489137.5786,0.005622918269044,0,0,0,7.809826290888,9.601850651856e-82,0,2.472235560573,-0.560404376385,-14.49107158961,-0.4722244811475,1.348352483513,-13.16051951241,-22526.65955297,4286.680782214,0,0,259412.900,2296,208,0,230795.5902428
231000,-24244575.17946,4959713.661119,16263382.69324,0,0,0,-1.077190186839,-0.560968719952,32987387.07816,31301686.3985772,164491390.177,0.00562291826777,0,0,0,7.809043969649,9.59995081951e-82,0,2.472214169304,-0.5604617195801,-14.49187563012,-0.472166359259,1.348360648532,-13.16120421048,-22525.83754416,4286.524359137,0,0,259413.000,2296,208,0,230895.588813
231100,-24244733.10289,4959673.449496,16263159.56408,0,0,0,-1.077236324257,-0.5610261688632,32987815.70609,31302115.0263126,164493642.637,0.005622918266496,0,0,0,7.808471388633,9.598051150957e-82,0,2.47219277454,-0.5605190607636,-14.49267964242,-0.4721082145854,1.34836881399,-13.16188885956,-22523.91306333,4286.158142611,0,0,259413.100,2296,208,0,230995.5873832
231200,-24244891.02448,4959633.239678,16262936.43242,0,0,0,-1.077282471003,-0.5610836157063,32988244.30788,31302543.6279138,164495894.9596,0.005622918265223,0,0,0,7.807898773142,9.596151646315e-82,0,2.472171378035,-0.5605764001268,-14.49348362919,-0.4720500945731,1.348376979884,-13.16257346232,-22522.53970104,4285.896800458,0,0,259413.200,2296,208,0,231095.5859536
231300,-24245048.94422,4959593.031666,16262713.29827,0,0,0,-1.077328627079,-0.561141060481,32988672.88354,31302972.2033793,164498147.1449,0.005622918263949,0,0,0,7.807326123198,9.594252305704e-82,0,2.472149974525,-0.5606337372025,-14.49428758389,-0.4719919636656,1.348385146217,-13.16325801222,-22521.16618215,4285.635428503,0,0,259413.300,2296,208,0,231195.584524
231400,-24245206.86211,4959552.825459,16262490.16162,0,0,0,-1.077374792485,-0.5611985031873,32989101.43305,31303400.7527073,164500399.1928,0.005622918262675,0,0,0,7.806753438827,9.59235312925e-82,0,2.472128569547,-0.5606910719683,-14.49509150621,-0.4719338255665,1.348393312986,-13.16394250894,-22519.79263389,4285.37405096,0,0,259413.400,2296,208,0,231295.5830945
231500,-24245364.77816,4959512.621058,16262267.02247,0,0,0,-1.077420967223,-0.5612559438251,32989529.95643,31303829.2758962,164502651.1034,0.005622918261401,0,0,0,7.806180720053,9.590454117054e-82,0,2.472107160604,-0.5607484054716,-14.49589541082,-0.4718756848651,1.348401480192,-13.16462696719,-22518.41892901,4285.112643614,0,0,259413.500,2296,208,0,231395.5816651
231600,-24245522.69237,4959472.418462,16262043.88082,0,0,0,-1.077467151294,-0.5613133823942,32989958.45367,31304257.7729444,164504902.8766,0.005622918260128,0,0,0,7.805607966899,9.588555269251e-82,0,2.472085748154,-0.5608057364198,-14.4966992796,-0.4718175227015,1.348409647836,-13.16531136884,-22517.04518499,4284.851228818,0,0,259413.600,2296,208,0,231495.5802358
231700,-24245680.60473,4959432.217672,16261820.73668,0,0,0,-1.077513344699,-0.5613708188945,32990386.92477,31304686.24385,164507154.5124,0.005622918258854,0,0,0,7.805035179392,9.586656585957e-82,0,2.472064334207,-0.5608630649019,-14.49750311381,-0.4717593861708,1.348417815916,-13.16599571513,-22515.67133329,4284.589793533,0,0,259413.700,2296,208,0,231595.5788066
231800,-24245838.51524,4959392.018687,16261597.59005,0,0,0,-1.07755954744,-0.5614282533259,32990815.36972,31305114.6886116,164509406.0109,0.00562291825758,0,0,0,7.804462357553,9.584758067285e-82,0,2.472042913409,-0.5609203917589,-14.49830692523,-0.4717012386982,1.348425984433,-13.16668001787,-22514.29740329,4284.328343347,0,0,259413.800,2296,208,0,231695.5773774
231900,-24245996.4239,4959351.821508,16261374.44091,0,0,0,-1.077605759519,-0.5614856856883,32991243.78853,31305543.1072273,164511657.3719,0.005622918256306,0,0,0,7.803889501409,9.582859713357e-82,0,2.472021490938,-0.5609777166522,-14.49911070912,-0.4716430825449,1.348434153386,-13.16736427232,-22512.92339498,4284.066878259,0,0,259413.900,2296,208,0,231795.5759484
232000,-24246154.33073,4959311.626134,16261151.28928,0,0,0,-1.077651980935,-0.5615431159816,32991672.18119,31305971.499486,164513908.5967,0.005622918255032,0,0,0,7.803106993229,9.580961524293e-82,0,2.472000064722,-0.5610350393108,-14.49991446167,-0.4715849258334,1.348442322776,-13.16804847466,-22512.10008432,4283.91020745,0,0,259414.000,2296,208,0,231895.5745194
232100,-24246312.2357,4959271.432565,16260928.13516,0,0,0,-1.077698211691,-0.5616005442056,32992100.5477,31306399.8658051,164516159.6829,0.005622918253759,0,0,0,7.802534084511,9.579063500207e-82,0,2.471978635049,-0.5610923595558,-14.50071818038,-0.4715267443354,1.348450492603,-13.1687326224,-22510.17503577,4283.543882892,0,0,259414.100,2296,208,0,231995.5730905
232200,-24246470.13883,4959231.240802,16260704.97853,0,0,0,-1.077744451788,-0.5616579703602,32992528.88806,31306828.2059735,164518410.6317,0.005622918252485,0,0,0,7.801961141569,9.577165641219e-82,0,2.471957201815,-0.5611496782114,-14.5015218768,-0.4714685901368,1.348458662865,-13.16941672711,-22508.80086106,4283.282386139,0,0,259414.200,2296,208,0,232095.5716618
232300,-24246628.04011,4959191.050844,16260481.81941,0,0,0,-1.077790701227,-0.5617153944454,32992957.20226,31307256.5199894,164520661.443,0.005622918251211,0,0,0,7.801388164428,9.575267947452e-82,0,2.471935766818,-0.5612069945062,-14.50232554012,-0.4714104254299,1.348466833564,-13.17010077796,-22507.4264808,4283.020850271,0,0,259414.300,2296,208,0,232195.5702331
232400,-24246785.93955,4959150.862691,16260258.6578,0,0,0,-1.077836960009,-0.561772816461,32993385.49032,31307684.8078511,164522912.117,0.005622918249937,0,0,0,7.800815153112,9.573370419018e-82,0,2.471914325541,-0.5612643086212,-14.50312917288,-0.4713522529687,1.348475004698,-13.1707847775,-22506.05204181,4282.759303227,0,0,259414.400,2296,208,0,232295.5688044
232500,-24246943.83714,4959110.676344,16260035.49368,0,0,0,-1.077883228136,-0.5618302364068,32993813.75221,31308113.0695571,164525162.6534,0.005622918248664,0,0,0,7.800242107645,9.57147305604e-82,0,2.47189288209,-0.5613216207073,-14.50393277719,-0.4712940769088,1.348483176269,-13.17146872784,-22504.67745599,4282.497728243,0,0,259414.500,2296,208,0,232395.5673759
232600,-24247101.73288,4959070.491802,16259812.32707,0,0,0,-1.077929505609,-0.5618876542829,32994241.98795,31308541.3051056,164527413.0525,0.00562291824739,0,0,0,7.799669028052,9.569575858627e-82,0,2.471871434689,-0.5613789311674,-14.5047363587,-0.4712358972662,1.348491348275,-13.17215263465,-22503.30287018,4282.23615326,0,0,259414.600,2296,208,0,232495.5659475
232700,-24247259.62678,4959030.309065,16259589.15797,0,0,0,-1.077975792429,-0.5619450700889,32994670.19754,31308969.5144949,164529663.314,0.005622918246116,0,0,0,7.799095914357,9.567678826911e-82,0,2.471849984231,-0.5614362390277,-14.50553990375,-0.471177707881,1.348499520717,-13.17283648426,-22501.92819627,4281.974561512,0,0,259414.700,2296,208,0,232595.5645191
232800,-24247417.51883,4958990.128134,16259365.98637,0,0,0,-1.078022088598,-0.562002483825,32995098.38096,31309397.6977235,164531913.4381,0.005622918244842,0,0,0,7.798522766584,9.565781961e-82,0,2.471828530225,-0.561493545099,-14.50634342372,-0.4711195245382,1.348507693594,-13.17352028806,-22500.55347341,4281.712960452,0,0,259414.800,2296,208,0,232695.5630909
232900,-24247575.40904,4958949.949007,16259142.81227,0,0,0,-1.078068394116,-0.5620598954908,32995526.53821,31309825.8547896,164534163.4247,0.005622918243569,0,0,0,7.797949584757,9.563885261014e-82,0,2.471807074132,-0.5615508490227,-14.50714691358,-0.471061334448,1.348515866906,-13.17420404101,-22499.17851564,4281.451314688,0,0,259414.900,2296,208,0,232795.5616627
233000,-24247733.29739,4958909.771686,16258919.63567,0,0,0,-1.078114708985,-0.5621173050864,32995954.66931,31310253.985482,164536413.2749,0.005622918242295,0,0,0,7.797166893252,9.56198872707e-82,0,2.471785611353,-0.5616081510554,-14.50795037693,-0.4710031423327,1.348524040654,-13.17488774672,-22498.3539423,4281.294403598,0,0,259415.000,2296,208,0,232895.5602346
233100,-24247891.18391,4958869.59617,16258696.45658,0,0,0,-1.078161033207,-0.5621747126115,32996382.77423,31310682.0902182,164538662.9865,0.005622918241021,0,0,0,7.796593659454,9.560092359289e-82,0,2.471764146905,-0.5616654506684,-14.50875380635,-0.4709449436661,1.348532214837,-13.17557139779,-22496.42848264,4280.928000808,0,0,259415.100,2296,208,0,232995.5588066
233200,-24248049.06857,4958829.422459,16258473.27499,0,0,0,-1.078207366783,-0.5622321180661,32996810.85299,31311110.1687868,164540912.5606,0.005622918239747,0,0,0,7.796020391685,9.558196157792e-82,0,2.471742679132,-0.5617227480867,-14.50955720499,-0.4708867378792,1.348540389455,-13.17625499735,-22495.05330953,4280.666314065,0,0,259415.200,2296,208,0,233095.5573787
233300,-24248206.95139,4958789.250553,16258250.09091,0,0,0,-1.078253709713,-0.56228952145,32997238.90558,31311538.2211864,164543161.9971,0.005622918238473,0,0,0,7.795447089969,9.556300122681e-82,0,2.47172120703,-0.5617800440249,-14.51036058288,-0.4708285379737,1.348548564507,-13.17693855545,-22493.67802875,4280.404606834,0,0,259415.300,2296,208,0,233195.5559508
233400,-24248364.83236,4958749.080453,16258026.90433,0,0,0,-1.078300062,-0.5623469227632,32997666.932,31311966.2474151,164545411.2962,0.0056229182372,0,0,0,7.794873754331,9.554404254092e-82,0,2.471699733699,-0.5618373372999,-14.51116392343,-0.4707703214791,1.348556739995,-13.17762205549,-22492.30270881,4280.142892152,0,0,259415.400,2296,208,0,233295.5545231
233500,-24248522.71149,4958708.912157,16257803.71526,0,0,0,-1.078346423644,-0.5624043220055,32998094.93225,31312394.2474714,164547660.4577,0.005622918235926,0,0,0,7.794300384795,9.552508552133e-82,0,2.471678253561,-0.5618946286749,-14.51196723733,-0.4707121188531,1.348564915917,-13.17830550818,-22490.92727141,4279.881155118,0,0,259415.500,2296,208,0,233395.5530954
233600,-24248680.58877,4958668.745667,16257580.52369,0,0,0,-1.078392794647,-0.5624617191769,32998522.90633,31312822.2213535,164549909.4816,0.005622918234652,0,0,0,7.793726981385,9.550613016921e-82,0,2.471656771785,-0.5619519181331,-14.51277052436,-0.4706539029532,1.348573092273,-13.17898891328,-22489.5517655,4279.619405046,0,0,259415.600,2296,208,0,233495.5516679
233700,-24248838.4642,4958628.580981,16257357.32962,0,0,0,-1.07843917501,-0.5625191142771,32998950.85422,31313250.1690599,164552158.368,0.005622918233378,0,0,0,7.793153544127,9.548717648576e-82,0,2.471635285938,-0.5620092057439,-14.51357378549,-0.4705956794196,1.348581269064,-13.17967227178,-22488.17618128,4279.357640073,0,0,259415.700,2296,208,0,233595.5502404
233800,-24248996.33779,4958588.4181,16257134.13305,0,0,0,-1.078485564734,-0.562576507306,32999378.77594,31313678.0905888,164554407.1169,0.005622918232105,0,0,0,7.792580073043,9.546822447216e-82,0,2.471613796899,-0.5620664907015,-14.51437700942,-0.4705374624048,1.348589446288,-13.18035557238,-22486.8004796,4279.095852748,0,0,259415.800,2296,208,0,233695.548813
233900,-24249154.20953,4958548.257025,16256910.934,0,0,0,-1.078531963821,-0.5626338982636,32999806.67149,31314105.9859385,164556655.7281,0.005622918230831,0,0,0,7.792006568159,9.544927412953e-82,0,2.471592304395,-0.562123773867,-14.51518020821,-0.4704792373316,1.348597623947,-13.18103882716,-22485.4247975,4278.834069148,0,0,259415.900,2296,208,0,233795.5473857
234000,-24249312.07942,4958508.097754,16256687.73244,0,0,0,-1.078578372271,-0.5626912871498,33000234.54085,31314533.8548982,164558904.2029,0.005622918229557,0,0,0,7.791223696949,9.543032545914e-82,0,2.471570810299,-0.5621810547998,-14.5159833757,-0.4704210089128,1.34860580204,-13.18172202993,-22484.59894189,4278.676914051,0,0,259416.000,2296,208,0,233895.5459585
234100,-24249469.94747,4958467.940288,16256464.52839,0,0,0,-1.078624790087,-0.5627486739643,33000662.38402,31314961.6978847,164561152.539,0.005622918228283,0,0,0,7.790650140696,9.541137846204e-82,0,2.471549309128,-0.562238333908,-14.51678651761,-0.4703627684912,1.348613980567,-13.18240518644,-22482.67296346,4278.310412541,0,0,259416.100,2296,208,0,233995.5445314
234200,-24249627.81367,4958427.784628,16256241.32184,0,0,0,-1.07867121727,-0.5628060587072,33001090.20102,31315389.5146871,164563400.7375,0.00562291822701,0,0,0,7.790076550725,9.539243313951e-82,0,2.471527806047,-0.5622956107457,-14.51758962768,-0.4703045347221,1.348622159527,-13.18308829042,-22481.29692898,4278.048561886,0,0,259416.200,2296,208,0,234095.5431043
234300,-24249785.67802,4958387.630772,16256018.1128,0,0,0,-1.07871765382,-0.5628634413783,33001517.99183,31315817.3053038,164565648.7984,0.005622918225736,0,0,0,7.78950292706,9.537348949264e-82,0,2.471506299532,-0.562352885636,-14.51839271045,-0.4702462993906,1.348630338921,-13.18377134641,-22479.92085535,4277.78670378,0,0,259416.300,2296,208,0,234195.5416774
234400,-24249943.54052,4958347.47872,16255794.90126,0,0,0,-1.078764099739,-0.5629208219774,33001945.75645,31316245.069733,164567896.7217,0.005622918224462,0,0,0,7.788929269726,9.535454752261e-82,0,2.471484789324,-0.5624101584098,-14.51919576354,-0.4701880556319,1.348638518749,-13.18445435205,-22478.54466425,4277.524823323,0,0,259416.400,2296,208,0,234295.5402505
234500,-24250101.40118,4958307.328474,16255571.68723,0,0,0,-1.078810555029,-0.5629782005044,33002373.49488,31316672.8079731,164570144.5074,0.005622918223188,0,0,0,7.788355578747,9.533560723067e-82,0,2.471463276067,-0.5624674288915,-14.51999878449,-0.4701298108896,1.348646699009,-13.18513730488,-22477.16843401,4277.262935415,0,0,259416.500,2296,208,0,234395.5388237
234600,-24250259.25999,4958267.180033,16255348.4707,0,0,0,-1.07885701969,-0.5630355769593,33002801.20712,31317100.5200224,164572392.1554,0.005622918221914,0,0,0,7.787781854148,9.531666861785e-82,0,2.471441760471,-0.5625246977512,-14.5208017827,-0.4700715609214,1.348654879703,-13.18582021428,-22475.79201779,4277.001012117,0,0,259416.600,2296,208,0,234495.537397
234700,-24250417.11695,4958227.033396,16255125.25167,0,0,0,-1.078903493724,-0.563092951342,33003228.89317,31317528.2058793,164574639.6658,0.005622918220641,0,0,0,7.787208095952,9.529773168542e-82,0,2.471420238247,-0.562581964457,-14.5216047507,-0.47001330128,1.34866306083,-13.18650307282,-22474.41556241,4276.739081368,0,0,259416.700,2296,208,0,234595.5359704
234800,-24250574.97207,4958186.888564,16254902.03015,0,0,0,-1.078949977133,-0.5631503236522,33003656.55302,31317955.8655421,164576887.0385,0.005622918219367,0,0,0,7.786634304185,9.527879643454e-82,0,2.471398714613,-0.5626392284288,-14.52240768037,-0.4699550496682,1.34867124239,-13.18718587236,-22473.03901894,4276.477133855,0,0,259416.800,2296,208,0,234695.5345439
234900,-24250732.82534,4958146.745537,16254678.80613,0,0,0,-1.078996469916,-0.5632076938898,33004084.18668,31318383.4990091,164579134.2735,0.005622918218093,0,0,0,7.786060478871,9.525986286634e-82,0,2.471377186855,-0.5626964910545,-14.52321059117,-0.4698967882536,1.348679424383,-13.18786863237,-22471.66238738,4276.215169579,0,0,259416.900,2296,208,0,234795.5331175
235000,-24250890.67676,4958106.604315,16254455.57962,0,0,0,-1.079042972077,-0.5632650620549,33004511.79415,31318811.1060696,164581381.372,0.005622918216819,0,0,0,7.785277431581,9.524093098203e-82,0,2.471355655621,-0.5627537509313,-14.52401346343,-0.4698385422443,1.348687606808,-13.18855133317,-22470.83526908,4276.057774201,0,0,259417.000,2296,208,0,234895.5316911
235100,-24251048.52634,4958066.464897,16254232.35061,0,0,0,-1.079089483616,-0.5633224281472,33004939.37541,31319238.6871401,164583628.3318,0.005622918215546,0,0,0,7.7847035555,9.522200078271e-82,0,2.471334122683,-0.5628110092747,-14.52481631418,-0.4697802570817,1.348695789666,-13.18923399182,-22468.90879145,4275.691177696,0,0,259417.100,2296,208,0,234995.5302649
235200,-24251206.37407,4958026.327284,16254009.11911,0,0,0,-1.079136004534,-0.5633797921666,33005366.93047,31319666.2420099,164585875.1538,0.005622918214272,0,0,0,7.784129645956,9.520307226957e-82,0,2.471312582911,-0.5628682654237,-14.52561913416,-0.4697219807674,1.348703972956,-13.18991659904,-22467.53187602,4275.429159403,0,0,259417.200,2296,208,0,235095.5288387
235300,-24251364.21995,4957986.191475,16253785.88511,0,0,0,-1.079182534833,-0.563437154113,33005794.45933,31320093.7706773,164588121.8381,0.005622918212998,0,0,0,7.78355570297,9.51841454438e-82,0,2.4712910417,-0.5629255194508,-14.52642192439,-0.4696637113583,1.348712156679,-13.19059915587,-22466.15489208,4275.167128071,0,0,259417.300,2296,208,0,235195.5274126
235400,-24251522.06398,4957946.057471,16253562.64861,0,0,0,-1.079229074513,-0.5634945139863,33006221.96198,31320521.2731407,164590368.3848,0.005622918211724,0,0,0,7.782981726569,9.516522030654e-82,0,2.471269496507,-0.5629827714039,-14.52722468554,-0.4696054328257,1.348720340834,-13.19128166297,-22464.77780047,4274.90507625,0,0,259417.400,2296,208,0,235295.5259866
235500,-24251679.90616,4957905.925272,16253339.40962,0,0,0,-1.079275623577,-0.5635518717864,33006649.43843,31320948.7493983,164592614.7937,0.005622918210451,0,0,0,7.782407716777,9.514629685893e-82,0,2.471247947872,-0.5630400213611,-14.52802741871,-0.4695471694211,1.348728525421,-13.19196412145,-22463.40056203,4274.64299649,0,0,259417.500,2296,208,0,235395.5245607
235600,-24251837.7465,4957865.794878,16253116.16814,0,0,0,-1.079322182026,-0.5636092275132,33007076.88868,31321376.1994485,164594861.0649,0.005622918209177,0,0,0,7.781833673617,9.512737510216e-82,0,2.471226395658,-0.5630972692612,-14.52883012303,-0.4694888674363,1.34873671044,-13.19264653044,-22462.02343127,4274.380937219,0,0,259417.600,2296,208,0,235495.5231349
235700,-24251995.58499,4957825.666288,16252892.92416,0,0,0,-1.07936874986,-0.5636665811664,33007504.31271,31321803.6232897,164597107.1984,0.005622918207903,0,0,0,7.781259597115,9.510845503738e-82,0,2.47120484201,-0.5631545147835,-14.52963279401,-0.469430572899,1.34874489589,-13.19332888546,-22460.64610474,4274.118840694,0,0,259417.700,2296,208,0,235595.5217091
235800,-24252153.42163,4957785.539502,16252669.67768,0,0,0,-1.079415327081,-0.5637239327461,33007931.71053,31322231.0209202,164599353.1941,0.005622918206629,0,0,0,7.780685487294,9.50895366658e-82,0,2.47118328145,-0.5632117583914,-14.53043543815,-0.469372285914,1.348753081773,-13.19401119301,-22459.26865096,4273.856719956,0,0,259417.800,2296,208,0,235695.5202835
235900,-24252311.25643,4957745.414521,16252446.42871,0,0,0,-1.079461913691,-0.5637812822522,33008359.08214,31322658.3923383,164601599.0521,0.005622918205355,0,0,0,7.780111344179,9.507061998848e-82,0,2.471161718874,-0.563268999868,-14.5312380524,-0.4693139892767,1.348761268086,-13.19469345004,-22457.89116781,4273.594593629,0,0,259417.900,2296,208,0,235795.5188579
236000,-24252469.08938,4957705.291345,16252223.17724,0,0,0,-1.07950850969,-0.5638386296844,33008786.42754,31323085.7373333,164603844.7735,0.005622918204082,0,0,0,7.779328124438,9.505170500664e-82,0,2.471140152716,-0.5633262394395,-14.53204063995,-0.4692557081694,1.348769454832,-13.19537565974,-22457.06289451,4273.436978459,0,0,259418.000,2296,208,0,235895.5174325
236100,-24252626.92048,4957665.169972,16251999.92328,0,0,0,-1.079555115081,-0.5638959750426,33009213.74672,31323513.0563218,164606090.356,0.005622918202808,0,0,0,7.778753931161,9.503279172144e-82,0,2.471118583294,-0.563383476623,-14.532843194,-0.4691973881174,1.348777642008,-13.19605781534,-22455.13592746,4273.070288822,0,0,259418.100,2296,208,0,235995.5160071
236200,-24252784.74973,4957625.050405,16251776.66682,0,0,0,-1.079601729864,-0.5639533183268,33009641.03968,31323940.3490928,164608335.8007,0.005622918201534,0,0,0,7.778179704674,9.501388013404e-82,0,2.471097011568,-0.5634407122099,-14.53364572567,-0.4691390763593,1.348785829616,-13.19673992793,-22453.75818003,4272.808112204,0,0,259418.200,2296,208,0,236095.5145818
236300,-24252942.57713,4957584.932642,16251553.40787,0,0,0,-1.07964835404,-0.5640106595369,33010068.30643,31324367.6156449,164610581.1076,0.00562291820026,0,0,0,7.777605445,9.499497024553e-82,0,2.471075433441,-0.5634979453019,-14.53444822236,-0.4690807720113,1.348794017655,-13.19742198493,-22452.3803543,4272.545920685,0,0,259418.300,2296,208,0,236195.5131566
236400,-24253100.40269,4957544.816683,16251330.14643,0,0,0,-1.079694987611,-0.5640679986726,33010495.54695,31324794.8559763,164612826.2767,0.005622918198987,0,0,0,7.777031152163,9.497606205713e-82,0,2.471053853256,-0.5635551765281,-14.53525069289,-0.4690224584779,1.348802206125,-13.19810399515,-22451.00235238,4272.283695638,0,0,259418.400,2296,208,0,236295.5117315
236500,-24253258.2264,4957504.702529,16251106.88248,0,0,0,-1.079741630578,-0.564125335734,33010922.76125,31325222.0700854,164615071.308,0.005622918197713,0,0,0,7.776456826189,9.495715557003e-82,0,2.471032269901,-0.563612405325,-14.53605312936,-0.4689641598062,1.348810395025,-13.19878595071,-22449.62434067,4272.021468729,0,0,259418.500,2296,208,0,236395.5103064
236600,-24253416.04826,4957464.590178,16250883.61605,0,0,0,-1.079788282943,-0.5641826707208,33011349.94933,31325649.2579705,164617316.2016,0.005622918196439,0,0,0,7.775882467101,9.493825078528e-82,0,2.471010682657,-0.5636696324087,-14.5368555418,-0.4689058221301,1.348818584356,-13.19946786164,-22448.24622128,4271.75922133,0,0,259418.600,2296,208,0,236495.5088815
236700,-24253573.86827,4957424.479633,16250660.34711,0,0,0,-1.079834944707,-0.564240003633,33011777.11118,31326076.41963,164619560.9573,0.005622918195165,0,0,0,7.775308074924,9.491934770413e-82,0,2.470989091734,-0.5637268572352,-14.53765792259,-0.4688474924899,1.348826774118,-13.20014972032,-22446.86800402,4271.496955305,0,0,259418.700,2296,208,0,236595.5074566
236800,-24253731.68644,4957384.370891,16250437.07569,0,0,0,-1.07988161587,-0.5642973344704,33012204.24681,31326503.5550621,164621805.5752,0.005622918193891,0,0,0,7.774733649682,9.490044632768e-82,0,2.470967499164,-0.5637840801612,-14.53846027674,-0.4687891699989,1.34883496431,-13.20083153176,-22445.48973782,4271.234679967,0,0,259418.800,2296,208,0,236695.5060319
236900,-24253889.50275,4957344.263954,16250213.80176,0,0,0,-1.079928296435,-0.564354663233,33012631.3562,31326930.6642654,164624050.0552,0.005622918192618,0,0,0,7.7741591914,9.488154665711e-82,0,2.470945899991,-0.56384130068,-14.53926259713,-0.468730855937,1.348843154933,-13.20151328886,-22444.11129542,4270.972371101,0,0,259418.900,2296,208,0,236795.5046072
237000,-24254047.31722,4957304.158821,16249990.52535,0,0,0,-1.079974986403,-0.5644119899205,33013058.43937,31327357.7470291,164626294.3985,0.005622918191344,0,0,0,7.77337580284,9.486264869351e-82,0,2.470924298945,-0.5638985194606,-14.54006489315,-0.4686725228966,1.348851345985,-13.20219500099,-22443.28167133,4270.814498886,0,0,259419.000,2296,208,0,236895.5031826
237100,-24254205.12984,4957264.055493,16249767.24644,0,0,0,-1.080021685774,-0.564469314533,33013485.4963,31327784.8037694,164628538.6029,0.00562291819007,0,0,0,7.772801295002,9.484375243812e-82,0,2.470902694012,-0.563955735919,-14.54086715661,-0.4686141660193,1.348859537468,-13.20287665998,-22441.35416593,4270.447706804,0,0,259419.100,2296,208,0,236995.5017581
237200,-24254362.94062,4957223.953968,16249543.96503,0,0,0,-1.080068394551,-0.5645266370702,33013912.527,31328211.8342758,164630782.6694,0.005622918188796,0,0,0,7.772226754206,9.482485789201e-82,0,2.470881085893,-0.5640129503149,-14.54166939115,-0.4685558202974,1.34886772938,-13.20355826946,-22439.97555714,4270.185366273,0,0,259419.200,2296,208,0,237095.5003337
237300,-24254520.74954,4957183.854248,16249320.68113,0,0,0,-1.080115112734,-0.5645839575321,33014339.53146,31328638.8385467,164633026.598,0.005622918187523,0,0,0,7.771652180476,9.480596505639e-82,0,2.470859473838,-0.56407016318,-14.54247160423,-0.4684974795047,1.348875921723,-13.20423983691,-22438.5968994,4269.923016429,0,0,259419.300,2296,208,0,237195.4989093
237400,-24254678.55662,4957143.756332,16249097.39473,0,0,0,-1.080161840325,-0.5646412759185,33014766.50969,31329065.8165802,164635270.3887,0.005622918186249,0,0,0,7.771077573839,9.478707393236e-82,0,2.470837860549,-0.5641273734441,-14.54327378084,-0.4684391494481,1.348884114495,-13.2049213473,-22437.21811442,4269.660642371,0,0,259419.400,2296,208,0,237295.4974851
237500,-24254836.36184,4957103.66022,16248874.10584,0,0,0,-1.080208577326,-0.5646985922293,33015193.46168,31329492.7683749,164637514.0416,0.005622918184975,0,0,0,7.770502934317,9.476818452115e-82,0,2.470816240399,-0.5641845812883,-14.54407592351,-0.468380797037,1.348892307696,-13.2056028032,-22435.83917282,4269.39823851,0,0,259419.500,2296,208,0,237395.4960609
237600,-24254994.16522,4957063.565912,16248650.81445,0,0,0,-1.080255323736,-0.5647559064644,33015620.38743,31329919.6939291,164639757.5566,0.005622918183701,0,0,0,7.769928261936,9.474929682379e-82,0,2.47079461816,-0.5642417876417,-14.54487804529,-0.4683224250414,1.348900501327,-13.20628421762,-22434.46019207,4269.135827199,0,0,259419.600,2296,208,0,237495.4946368
237700,-24255151.96675,4957023.473409,16248427.52057,0,0,0,-1.080302079559,-0.5648132186237,33016047.28693,31330346.593241,164642000.9336,0.005622918182428,0,0,0,7.76935355672,9.473041084152e-82,0,2.4707729923,-0.5642989917077,-14.54568013499,-0.4682640603238,1.348908695387,-13.20696557941,-22433.0811526,4268.873404711,0,0,259419.700,2296,208,0,237595.4932129
237800,-24255309.76644,4956983.382709,16248204.2242,0,0,0,-1.080348844794,-0.5648705287071,33016474.16019,31330773.4663091,164644244.1728,0.005622918181154,0,0,0,7.768778818693,9.471152657543e-82,0,2.470751363124,-0.5643561934593,-14.54648219223,-0.4682057024522,1.348916889876,-13.20764688818,-22431.70200545,4268.610961735,0,0,259419.800,2296,208,0,237695.491789
237900,-24255467.56427,4956943.293813,16247980.92533,0,0,0,-1.080395619444,-0.5649278367143,33016901.00721,31331200.3131316,164646487.274,0.00562291817988,0,0,0,7.768204047879,9.469264402668e-82,0,2.470729731661,-0.564413393713,-14.54728422848,-0.4681473539045,1.348925084795,-13.20832815539,-22430.32274084,4268.348496407,0,0,259419.900,2296,208,0,237795.4903652
238000,-24255625.36026,4956903.206722,16247757.62397,0,0,0,-1.080442403509,-0.5649851426455,33017327.82798,31331627.1334983,164648730.2384,0.005622918178606,0,0,0,7.767420494139,9.467376319647e-82,0,2.470708093719,-0.5644705914181,-14.54808622899,-0.4680889842367,1.348933280142,-13.20900936632,-22429.49187364,4268.190387636,0,0,259420.000,2296,208,0,237895.4889414
238100,-24255783.15439,4956863.121434,16247534.32011,0,0,0,-1.080489196991,-0.5650424465003,33017754.62249,31332053.9278248,164650973.0638,0.005622918177332,0,0,0,7.766845674374,9.465488408588e-82,0,2.470686454183,-0.5645277868665,-14.54888819785,-0.4680305935286,1.348941475918,-13.20969052505,-22427.56397671,4267.823521048,0,0,259420.100,2296,208,0,237995.4875178
238200,-24255940.94668,4956823.037951,16247311.01375,0,0,0,-1.080535999892,-0.5650997482787,33018181.39076,31332480.6959009,164653215.7512,0.005622918176059,0,0,0,7.766270821906,9.463600669602e-82,0,2.470664810641,-0.5645849807461,-14.54969014473,-0.4679722122903,1.348949672123,-13.21037164123,-22426.18448697,4267.561012879,0,0,259420.200,2296,208,0,238095.4860943
238300,-24256098.73712,4956782.956271,16247087.70491,0,0,0,-1.080582812212,-0.5651570479805,33018608.13278,31332907.4377248,164655458.3007,0.005622918174785,0,0,0,7.765695936759,9.461713102815e-82,0,2.470643163891,-0.5646421723154,-14.5504920592,-0.4679138372881,1.348957868756,-13.21105270448,-22424.8048602,4267.298478633,0,0,259420.300,2296,208,0,238195.4846708
238400,-24256256.52571,4956742.876396,16246864.39356,0,0,0,-1.080629633952,-0.5652143456058,33019034.84854,31333334.153295,164657700.7122,0.005622918173511,0,0,0,7.765121018957,9.459825708332e-82,0,2.470621513266,-0.5646993619222,-14.55129394616,-0.4678554703193,1.348966065818,-13.21173371967,-22423.4251649,4267.035931349,0,0,259420.400,2296,208,0,238295.4832474
238500,-24256414.31246,4956702.798324,16246641.07973,0,0,0,-1.080676465115,-0.5652716411542,33019461.53805,31333760.8426097,164659942.9857,0.005622918172237,0,0,0,7.764546068526,9.457938486272e-82,0,2.470599860957,-0.5647565492681,-14.55209580142,-0.4677970830986,1.348974263307,-13.21241468262,-22422.04538152,4266.773367301,0,0,259420.500,2296,208,0,238395.4818242
238600,-24256572.09735,4956662.722056,16246417.7634,0,0,0,-1.080723305702,-0.5653289346258,33019888.2013,31334187.5056672,164662185.1212,0.005622918170964,0,0,0,7.763971085489,9.456051436741e-82,0,2.47057820186,-0.5648137345629,-14.55289762792,-0.4677386744789,1.348982461225,-13.21309559627,-22420.66550025,4266.510784626,0,0,259420.600,2296,208,0,238495.480401
238700,-24256729.8804,4956622.647592,16246194.44457,0,0,0,-1.080770155713,-0.5653862260203,33020314.83829,31334614.1424661,164664427.1188,0.00562291816969,0,0,0,7.763396069872,9.454164559864e-82,0,2.470556541344,-0.5648709176641,-14.55369942366,-0.4676802753447,1.348990659571,-13.21377645864,-22419.28556025,4266.248190776,0,0,259420.700,2296,208,0,238595.4789779
238800,-24256887.66159,4956582.574932,16245971.12325,0,0,0,-1.08081701515,-0.5654435153377,33020741.44903,31335040.7530045,164666668.9783,0.005622918168416,0,0,0,7.762821021697,9.452277855749e-82,0,2.470534876441,-0.564928098955,-14.55450119402,-0.4676218833253,1.348998858345,-13.21445727511,-22417.90545385,4265.98556526,0,0,259420.800,2296,208,0,238695.4775548
238900,-24257045.44094,4956542.504076,16245747.79944,0,0,0,-1.080863884014,-0.5655008025779,33021168.0335,31335467.3372808,164668910.6999,0.005622918167142,0,0,0,7.762245940991,9.450391324511e-82,0,2.470513208541,-0.5649852778639,-14.55530293097,-0.4675634903807,1.349007057547,-13.21513803764,-22416.52527894,4265.722926706,0,0,259420.900,2296,208,0,238795.4761319
239000,-24257203.21844,4956502.435023,16245524.47313,0,0,0,-1.080910762307,-0.5655580877407,33021594.5917,31335893.8950849,164671152.2845,0.005622918165869,0,0,0,7.761462225712,9.448504966261e-82,0,2.470491537128,-0.5650424548283,-14.55610464067,-0.4675050936244,1.349015257176,-13.2158187524,-22415.69333503,4265.564613044,0,0,259421.000,2296,208,0,238895.4747091
239100,-24257360.99409,4956462.367775,16245301.14433,0,0,0,-1.08095765003,-0.5656153708261,33022021.12364,31336320.4268321,164673393.73,0.005622918164595,0,0,0,7.76088709666,9.446618781114e-82,0,2.47046986382,-0.5650996299713,-14.55690632482,-0.4674466683083,1.349023457233,-13.21649942109,-22413.76488995,4265.197642148,0,0,259421.100,2296,208,0,238995.4732863
239200,-24257518.76789,4956422.30233,16245077.81303,0,0,0,-1.081004547185,-0.5656726518338,33022447.62932,31336746.9323124,164675635.0375,0.005622918163321,0,0,0,7.76031193516,9.444732769188e-82,0,2.470448183707,-0.5651568028333,-14.55770797699,-0.4673882502805,1.349031657717,-13.21718003729,-22412.38448011,4264.93495889,0,0,259421.200,2296,208,0,239095.4718636
239300,-24257676.53984,4956382.238688,16244854.47924,0,0,0,-1.081051453771,-0.5657299307638,33022874.10872,31337173.411524,164677876.2069,0.005622918162047,0,0,0,7.759736741235,9.442846930597e-82,0,2.47042650165,-0.5652139733068,-14.55850959567,-0.4673298580215,1.349039858629,-13.21786059949,-22411.00401155,4264.672264457,0,0,259421.300,2296,208,0,239195.470441
239400,-24257834.30994,4956342.176851,16244631.14296,0,0,0,-1.081098369792,-0.565787207616,33023300.56185,31337599.8644652,164680117.2383,0.005622918160773,0,0,0,7.75916151491,9.440961265446e-82,0,2.470404816188,-0.5652711418636,-14.55931118748,-0.4672714394812,1.349048059967,-13.21854111432,-22409.6235332,4264.409568161,0,0,259421.400,2296,208,0,239295.4690186
239500,-24257992.07819,4956302.116817,16244407.80418,0,0,0,-1.081145295248,-0.5658444823902,33023726.98872,31338026.2911345,164682358.1316,0.0056229181595,0,0,0,7.758586256209,9.439075773855e-82,0,2.470383126983,-0.5653283085821,-14.56011275351,-0.4672130156986,1.349056261733,-13.21922158286,-22408.24287866,4264.146838337,0,0,259421.500,2296,208,0,239395.4675961
239600,-24258149.8446,4956262.058587,16244184.46291,0,0,0,-1.08119223014,-0.5659017550863,33024153.38931,31338452.6915301,164684598.8869,0.005622918158226,0,0,0,7.758010965157,9.437190455933e-82,0,2.470361436014,-0.5653854731514,-14.5609142894,-0.4671545640933,1.349064463925,-13.21990200077,-22406.86210665,4263.884086162,0,0,259421.600,2296,208,0,239495.4661738
239700,-24258307.60915,4956222.00216,16243961.11914,0,0,0,-1.08123917447,-0.5659590257043,33024579.76362,31338879.0656505,164686839.504,0.005622918156952,0,0,0,7.757435641779,9.435305311803e-82,0,2.470339738381,-0.5654426353067,-14.56171579145,-0.4670961373174,1.349072666545,-13.22058236433,-22405.48137381,4263.621341437,0,0,259421.700,2296,208,0,239595.4647516
239800,-24258465.37186,4956181.947538,16243737.77288,0,0,0,-1.081286128239,-0.5660162942439,33025006.11166,31339305.4134939,164689079.9831,0.005622918155678,0,0,0,7.756860286098,9.433420341566e-82,0,2.47031803864,-0.5654997956728,-14.56251726841,-0.4670377280632,1.34908086959,-13.22126268232,-22404.10041583,4263.358553872,0,0,259421.800,2296,208,0,239695.4633295
239900,-24258623.13272,4956141.894718,16243514.42413,0,0,0,-1.081333091449,-0.5660735607051,33025432.43342,31339731.7350588,164691320.3241,0.005622918154405,0,0,0,7.75628489814,9.43153554534e-82,0,2.470296335241,-0.5655569540668,-14.56331871771,-0.4669792908574,1.349089073063,-13.22194295216,-22402.7194187,4263.095758855,0,0,259421.900,2296,208,0,239795.4619074
240000,-24258780.89172,4956101.843703,16243291.07288,0,0,0,-1.0813800641,-0.5661308250877,33025858.72889,31340158.0301349,164693560.5281,0.005622918153131,0,0,0,7.755501024969,9.429650923243e-82,0,2.470274628426,-0.5656141101207,-14.56412013421,-0.4669208495852,1.349097276962,-13.22262316871,-22401.88600655,4262.937165797,0,0,259422.000,2296,208,0,239895.4604854
240100,-24258938.64888,4956061.79449,16243067.71914,0,0,0,-1.081427046194,-0.5661880873917,33026284.99809,31340584.2991376,164695800.5929,0.005622918151857,0,0,0,7.754925589273,9.427766475383e-82,0,2.470252918172,-0.5656712640824,-14.56492152137,-0.4668623883571,1.349105481287,-13.22330333544,-22399.95719931,4262.570125982,0,0,259422.100,2296,208,0,239995.4590636
240200,-24259096.40419,4956021.747082,16242844.3629,0,0,0,-1.081474037732,-0.5662453476168,33026711.241,31341010.5418568,164698040.5195,0.005622918150583,0,0,0,7.754350121382,9.425882201873e-82,0,2.470231206046,-0.5657284160525,-14.5657228806,-0.466803936747,1.349113686038,-13.22398345377,-22398.57590853,4262.307275087,0,0,259422.200,2296,208,0,240095.4576418
240300,-24259254.15765,4955981.701477,16242621.00418,0,0,0,-1.081521038716,-0.5663026057631,33027137.45763,31341436.7582908,164700280.3081,0.00562291814931,0,0,0,7.753774621321,9.423998102828e-82,0,2.47020948748,-0.5657855658024,-14.56652420871,-0.4667455085436,1.349121891215,-13.22466352049,-22397.19456881,4262.044414878,0,0,259422.300,2296,208,0,240195.4562201
240400,-24259411.90926,4955941.657675,16242397.64295,0,0,0,-1.081568049147,-0.5663598618303,33027563.64797,31341862.948438,164702519.9585,0.005622918148036,0,0,0,7.753199089115,9.42211417836e-82,0,2.470187766564,-0.5658427136149,-14.56732550964,-0.4666870543459,1.349130096818,-13.22534353957,-22395.81317036,4261.781543493,0,0,259422.400,2296,208,0,240295.4547984
240500,-24259569.65902,4955901.615677,16242174.27924,0,0,0,-1.081615069027,-0.5664171158184,33027989.81202,31342289.1122966,164704759.4707,0.005622918146762,0,0,0,7.752623524788,9.42023042858e-82,0,2.470166041955,-0.5658998595098,-14.56812678369,-0.466628595251,1.349138302846,-13.2260235113,-22394.43159572,4261.518638581,0,0,259422.500,2296,208,0,240395.4533769
240600,-24259727.40693,4955861.575482,16241950.91303,0,0,0,-1.081662098355,-0.5664743677272,33028415.94979,31342715.2498652,164706998.8448,0.005622918145488,0,0,0,7.752047928364,9.418346853603e-82,0,2.470144314037,-0.565957002984,-14.5689280238,-0.4665701172293,1.349146509301,-13.22670342862,-22393.05002108,4261.255733669,0,0,259422.600,2296,208,0,240495.4519555
240700,-24259885.15299,4955821.537091,16241727.54432,0,0,0,-1.081709137135,-0.5665316175566,33028842.06126,31343141.3611419,164709238.0807,0.005622918144214,0,0,0,7.751472299869,9.416463453539e-82,0,2.470122584369,-0.5660141446356,-14.56972923836,-0.466511646052,1.34915471618,-13.22738329993,-22391.66841708,4260.992823169,0,0,259422.700,2296,208,0,240595.4505341
240800,-24260042.8972,4955781.500503,16241504.17312,0,0,0,-1.081756185367,-0.5665888653065,33029268.14643,31343567.4461252,164711477.1785,0.005622918142941,0,0,0,7.750896639327,9.414580228506e-82,0,2.470100847896,-0.5660712841019,-14.57053042227,-0.4664532016865,1.349162923486,-13.22806312014,-22390.28658794,4260.729869828,0,0,259422.800,2296,208,0,240695.4491128
240900,-24260200.63956,4955741.465718,16241280.79943,0,0,0,-1.081803243052,-0.5666461109768,33029694.20532,31343993.5048134,164713716.138,0.005622918141667,0,0,0,7.750320946761,9.412697178612e-82,0,2.470079109552,-0.5661284212716,-14.57133157398,-0.4663947291348,1.349171131216,-13.22874288769,-22388.90475881,4260.466916487,0,0,259422.900,2296,208,0,240795.4476917
241000,-24260358.38007,4955701.432737,16241057.42325,0,0,0,-1.081850310192,-0.5667033545673,33030120.2379,31344419.5369966,164715954.9605,0.005622918140393,0,0,0,7.749536919348,9.410814303973e-82,0,2.470057367652,-0.5661855564984,-14.57213269844,-0.4663362349124,1.349179339372,-13.22942260755,-22388.07010355,4260.308086872,0,0,259423.000,2296,208,0,240895.4462706
241100,-24260516.11873,4955661.401559,16240834.04457,0,0,0,-1.081897386788,-0.5667605960779,33030546.24419,31344845.5430897,164718193.6437,0.005622918139119,0,0,0,7.748961179652,9.408931604696e-82,0,2.470035621999,-0.5662426898101,-14.57293379606,-0.4662777549172,1.349187547952,-13.23010228011,-22386.14080689,4259.940953925,0,0,259423.100,2296,208,0,240995.4448496
241200,-24260673.85554,4955621.372184,16240610.6634,0,0,0,-1.081944472841,-0.5668178355086,33030972.22417,31345271.5228828,164720432.1886,0.005622918137846,0,0,0,7.748385408016,9.407049080898e-82,0,2.470013872989,-0.5662998208945,-14.57373486244,-0.4662192679406,1.349195756957,-13.23078190099,-22384.75870369,4259.67794843,0,0,259423.200,2296,208,0,241095.4434287
241300,-24260831.5905,4955581.344613,16240387.27973,0,0,0,-1.081991568353,-0.5668750728592,33031398.17786,31345697.4763742,164722670.5954,0.005622918136572,0,0,0,7.747809604465,9.405166732688e-82,0,2.469992121878,-0.5663569501142,-14.57453590268,-0.4661608044835,1.349203966388,-13.23146147529,-22383.37652218,4259.414928034,0,0,259423.300,2296,208,0,241195.4420078
241400,-24260989.32362,4955541.318845,16240163.89358,0,0,0,-1.082038673326,-0.5669323081295,33031824.10524,31346123.4035623,164724908.8639,0.005622918135298,0,0,0,7.747233769023,9.403284560178e-82,0,2.469970364349,-0.5664140768273,-14.57533690777,-0.4661023152169,1.349212176242,-13.23214099401,-22381.99421342,4259.151883423,0,0,259423.400,2296,208,0,241295.4405871
241500,-24261147.05488,4955501.29488,16239940.50492,0,0,0,-1.082085787759,-0.5669895413195,33032250.00632,31346549.3044454,164727146.9942,0.005622918134024,0,0,0,7.746657901716,9.401402563487e-82,0,2.469948604828,-0.566471201557,-14.57613788505,-0.4660438030876,1.349220386521,-13.23282046448,-22380.6117872,4258.888816461,0,0,259423.500,2296,208,0,241395.4391664
241600,-24261304.78429,4955461.272718,16239717.11378,0,0,0,-1.082132911655,-0.567046772429,33032675.88109,31346975.1790219,164729384.9863,0.005622918132751,0,0,0,7.746082002566,9.399520742719e-82,0,2.469926841425,-0.5665283246322,-14.57693883914,-0.4659853061854,1.349228597225,-13.23349989132,-22379.22937077,4258.625751361,0,0,259423.600,2296,208,0,241495.4377459
241700,-24261462.51185,4955421.25236,16239493.72014,0,0,0,-1.082180045015,-0.567104001458,33033101.72955,31347401.0272901,164731622.8401,0.005622918131477,0,0,0,7.745506071601,9.397639097991e-82,0,2.469905074644,-0.5665854450807,-14.57773975639,-0.4659268013864,1.349236808353,-13.23417926091,-22377.84681731,4258.362660185,0,0,259423.700,2296,208,0,241595.4363254
241800,-24261620.23756,4955381.233804,16239270.32401,0,0,0,-1.082227187841,-0.5671612284062,33033527.5517,31347826.8492484,164733860.5556,0.005622918130203,0,0,0,7.744930108842,9.395757629411e-82,0,2.469883304323,-0.5666425636851,-14.57854064779,-0.4658683202752,1.349245019905,-13.23485858422,-22376.46415617,4258.099548519,0,0,259423.800,2296,208,0,241695.434905
241900,-24261777.96143,4955341.217052,16239046.92538,0,0,0,-1.082274340133,-0.5672184532736,33033953.34755,31348252.6448951,164736098.1329,0.005622918128929,0,0,0,7.744354114316,9.393876337096e-82,0,2.46986153232,-0.5666996800466,-14.57934150773,-0.465809812352,1.34925323188,-13.23553785566,-22375.08144609,4257.83642754,0,0,259423.900,2296,208,0,241795.4334847
242000,-24261935.68344,4955301.202103,16238823.52427,0,0,0,-1.082321501892,-0.5672756760601,33034379.11707,31348678.4140205,164738335.573,0.005622918127655,0,0,0,7.743569936317,9.391995221153e-82,0,2.469839753512,-0.5667567945018,-14.58014234095,-0.4657512823077,1.34926144428,-13.23621707995,-22374.24549878,4257.677352056,0,0,259424.000,2296,224,0,241895.4320645
242100,-24262093.4036,4955261.188957,16238600.12065,0,0,0,-1.082368673121,-0.5673328967655,33034804.86029,31349104.1570391,164740572.8737,0.005622918126382,0,0,0,7.742993895268,9.390114281697e-82,0,2.469817972623,-0.5668139067522,-14.58094314325,-0.4656927686195,1.349269657103,-13.23689625292,-22372.31565398,4257.310114801,0,0,259424.100,2296,224,0,241995.4306444
242200,-24262251.12191,4955221.177614,16238376.71455,0,0,0,-1.082415853821,-0.5673901153897,33035230.57718,31349529.8737413,164742810.0362,0.005622918125108,0,0,0,7.742417822535,9.388233518835e-82,0,2.469796188243,-0.5668710169493,-14.58174391676,-0.465634245683,1.34927787035,-13.23757537669,-22370.93266983,4257.046941668,0,0,259424.200,2296,224,0,242095.4292243
242300,-24262408.83837,4955181.168074,16238153.30595,0,0,0,-1.082463043992,-0.5674473319326,33035656.26776,31349955.5641253,164745047.0603,0.005622918123834,0,0,0,7.741841718141,9.386352932681e-82,0,2.469774400332,-0.5669281251251,-14.58254466193,-0.465575747591,1.349286084021,-13.23825445171,-22369.54965632,4256.783762947,0,0,259424.300,2296,224,0,242195.4278044
242400,-24262566.55298,4955141.160337,16237929.89486,0,0,0,-1.082510243637,-0.5675045463941,33036081.93202,31350381.2281895,164747283.9461,0.00562291812256,0,0,0,7.741265582112,9.384472523351e-82,0,2.469752610631,-0.5669852309726,-14.58334537446,-0.4655172219318,1.349294298115,-13.23893347368,-22368.16655471,4256.520567462,0,0,259424.400,2296,224,0,242295.4263845
242500,-24262724.26574,4955101.154403,16237706.48128,0,0,0,-1.082557452756,-0.5675617587741,33036507.56996,31350806.8659323,164749520.6936,0.005622918121287,0,0,0,7.740689414473,9.382592290952e-82,0,2.469730814254,-0.567042334976,-14.58414606112,-0.4654586733348,1.349302512632,-13.23961244939,-22366.78321819,4256.257327273,0,0,259424.500,2296,224,0,242395.4249647
242600,-24262881.97665,4955061.150273,16237483.0652,0,0,0,-1.082604671351,-0.5676189690723,33036933.18157,31351232.477352,164751757.3028,0.005622918120013,0,0,0,7.740113215247,9.380712235595e-82,0,2.469709015737,-0.5670994370043,-14.5849467201,-0.4654001416973,1.349310727572,-13.24029137702,-22365.39989145,4255.994088948,0,0,259424.600,2296,224,0,242495.4235451
242700,-24263039.68571,4955021.147945,16237259.64663,0,0,0,-1.082651899423,-0.5676761772888,33037358.76686,31351658.0624469,164753993.7736,0.005622918118739,0,0,0,7.73953698446,9.378832357393e-82,0,2.469687213793,-0.5671565366059,-14.58574734504,-0.4653416010138,1.349318942935,-13.24097025023,-22364.01655492,4255.730848759,0,0,259424.700,2296,224,0,242595.4221255
242800,-24263197.39292,4954981.14742,16237036.22557,0,0,0,-1.082699136973,-0.5677333834234,33037784.32582,31352083.6212156,164756230.1061,0.005622918117465,0,0,0,7.738960722135,9.376952656457e-82,0,2.469665407911,-0.5672136344917,-14.58654794593,-0.4652830842755,1.349327158721,-13.241649079,-22362.63306178,4255.467578769,0,0,259424.800,2296,224,0,242695.4207059
242900,-24263355.09827,4954941.148697,16236812.80202,0,0,0,-1.082746384003,-0.567790587476,33038209.85846,31352509.1536561,164758466.3002,0.005622918116192,0,0,0,7.738384428298,9.3750731329e-82,0,2.46964359904,-0.5672707300359,-14.58734851399,-0.465224542036,1.349335374929,-13.24232785454,-22361.24952949,4255.204301327,0,0,259424.900,2296,224,0,242795.4192865
243000,-24263512.80178,4954901.151778,16236589.37597,0,0,0,-1.082793640514,-0.5678477894464,33038635.36476,31352934.659559,164760702.357,0.005622918114918,0,0,0,7.737600103371,9.373193786828e-82,0,2.469621787975,-0.5673278234427,-14.58814905207,-0.4651659661267,1.349343591561,-13.24300657974,-22360.4123195,4255.044985563,0,0,259425.000,2296,224,0,242895.4178672
243100,-24263670.50344,4954861.156662,16236365.94743,0,0,0,-1.082840906508,-0.5679049893345,33039060.84474,31353360.1393386,164762938.2744,0.005622918113644,0,0,0,7.73702376362,9.371314618357e-82,0,2.469599969981,-0.5673849148843,-14.5889495626,-0.4651074262701,1.349351808614,-13.243685257,-22358.48203422,4254.677664489,0,0,259425.100,2296,224,0,242995.4164479
243200,-24263828.20324,4954821.163348,16236142.51639,0,0,0,-1.082888181985,-0.5679621871403,33039486.29838,31353785.5927853,164765174.0534,0.00562291811237,0,0,0,7.73644739244,9.369435627597e-82,0,2.469578150442,-0.5674420042688,-14.58975004429,-0.4650488677124,1.34936002609,-13.24436388504,-22357.09822786,4254.414334893,0,0,259425.200,2296,224,0,243095.4150288
243300,-24263985.9012,4954781.171838,16235919.08287,0,0,0,-1.082935466947,-0.5680193828635,33039911.72568,31354211.0198974,164767409.6941,0.005622918111096,0,0,0,7.735870989855,9.367556814658e-82,0,2.469556327191,-0.5674990914376,-14.59055049491,-0.4649903334203,1.349368243988,-13.24504246165,-22355.7142551,4254.150973633,0,0,259425.300,2296,224,0,243195.4136097
243400,-24264143.5973,4954741.18213,16235695.64685,0,0,0,-1.082982761396,-0.5680765765042,33040337.12666,31354636.4206732,164769645.1963,0.005622918109823,0,0,0,7.735294555891,9.365678179649e-82,0,2.469534500114,-0.5675561766427,-14.59135091799,-0.4649317548787,1.349376462309,-13.24572099035,-22354.33017466,4253.887591884,0,0,259425.400,2296,224,0,243295.4121907
243500,-24264301.29156,4954701.194224,16235472.20834,0,0,0,-1.083030065332,-0.5681337680621,33040762.50129,31355061.7951111,164771880.5601,0.005622918108549,0,0,0,7.73471809057,9.363799722683e-82,0,2.469512669891,-0.5676132594878,-14.59215130799,-0.4648731896863,1.349384681051,-13.2463994656,-22352.94612359,4253.624215722,0,0,259425.500,2296,224,0,243395.4107718
243600,-24264458.98396,4954661.208122,16235248.76733,0,0,0,-1.083077378757,-0.5681909575371,33041187.84958,31355487.1432095,164774115.7855,0.005622918107275,0,0,0,7.734141593919,9.361921443873e-82,0,2.469490837493,-0.5676703406066,-14.59295167378,-0.4648146211259,1.349392900215,-13.24707789629,-22351.56188654,4253.36080417,0,0,259425.600,2296,224,0,243495.409353
243700,-24264616.67451,4954621.223822,16235025.32384,0,0,0,-1.083124701672,-0.5682481449291,33041613.17153,31355912.4649668,164776350.8725,0.005622918106001,0,0,0,7.733565065962,9.360043343323e-82,0,2.469468998519,-0.5677274197083,-14.59375201128,-0.4647560384838,1.349401119801,-13.24775627833,-22350.17758098,4253.09737958,0,0,259425.700,2296,224,0,243595.4079343
243800,-24264774.36321,4954581.241325,16234801.87785,0,0,0,-1.083172034079,-0.568305330238,33042038.46714,31356337.7603812,164778585.821,0.005622918104728,0,0,0,7.732988506724,9.358165421155e-82,0,2.469447157706,-0.5677844961482,-14.59455231147,-0.4646974950452,1.349409339808,-13.2484346027,-22348.79323626,4252.833947539,0,0,259425.800,2296,224,0,243695.4065157
243900,-24264932.05006,4954541.260631,16234578.42937,0,0,0,-1.083219375979,-0.5683625134637,33042463.73641,31356763.0294512,164780820.6311,0.005622918103454,0,0,0,7.732411916228,9.356287677465e-82,0,2.469425312904,-0.567841571142,-14.59535259137,-0.4646388987027,1.349417560237,-13.24911288644,-22347.4087643,4252.570491284,0,0,259425.900,2296,224,0,243795.4050971
244000,-24265089.73506,4954501.28174,16234354.97839,0,0,0,-1.083266727373,-0.568419694606,33042888.97933,31357188.2719672,164783055.3039,0.00562291810218,0,0,0,7.731627448038,9.354410112375e-82,0,2.469403465016,-0.5678986436638,-14.59615283662,-0.464580313438,1.349425781087,-13.24979111518,-22346.5703895,4252.410953864,0,0,259426.000,2296,224,0,243895.4036787
244100,-24265247.41821,4954461.30465,16234131.52492,0,0,0,-1.083314088263,-0.5684768736649,33043314.1959,31357613.4883433,164785289.8371,0.005622918100906,0,0,0,7.731050812238,9.35253272599e-82,0,2.469381615319,-0.5679557141974,-14.59695305399,-0.4645217281168,1.349434002358,-13.25046929569,-22344.6396246,4252.043541521,0,0,259426.100,2296,224,0,243995.4022603
244200,-24265405.09951,4954421.329364,16233908.06897,0,0,0,-1.08336145865,-0.5685340506402,33043739.38612,31358038.6783701,164787524.2318,0.005622918099633,0,0,0,7.730474145264,9.350655518422e-82,0,2.469359758702,-0.5680127825388,-14.59775324062,-0.4644631342314,1.34944222405,-13.25114742512,-22343.25498623,4251.780053601,0,0,259426.200,2296,224,0,244095.400842
244300,-24265562.77895,4954381.35588,16233684.61051,0,0,0,-1.083408838535,-0.5685912255317,33044164.54999,31358463.8420459,164789758.4881,0.005622918098359,0,0,0,7.729897447141,9.348778489781e-82,0,2.469337900013,-0.568069848692,-14.59855339657,-0.4644045657265,1.349450446164,-13.25182550354,-22341.87016189,4251.51653029,0,0,259426.300,2296,224,0,244195.3994238
244400,-24265720.45655,4954341.384199,16233461.14957,0,0,0,-1.083456227919,-0.5686483983395,33044589.68751,31358888.979369,164791992.6058,0.005622918097085,0,0,0,7.729320717894,9.346901640179e-82,0,2.469316037806,-0.5681269129513,-14.59935352596,-0.4643459516359,1.349458668698,-13.25250353507,-22340.48533755,4251.25300698,0,0,259426.400,2296,224,0,244295.3980057
244500,-24265878.13229,4954301.41432,16233237.68613,0,0,0,-1.083503626804,-0.5687055690633,33045014.79867,31359314.0903378,164794226.5851,0.005622918095811,0,0,0,7.728743957547,9.34502496972e-82,0,2.469294171927,-0.5681839753098,-14.6001536287,-0.4642873492505,1.349466891652,-13.25318151962,-22339.1003468,4250.989452004,0,0,259426.500,2296,224,0,244395.3965877
244600,-24266035.80618,4954261.446244,16233014.22021,0,0,0,-1.083551035192,-0.568762737703,33045439.88348,31359739.1749506,164796460.4259,0.005622918094537,0,0,0,7.728167166126,9.34314847852e-82,0,2.469272302761,-0.5682410355299,-14.60095370146,-0.4642287455617,1.349475115028,-13.25385945386,-22337.71531691,4250.725889578,0,0,259426.600,2296,224,0,244495.3951698
244700,-24266193.47822,4954221.47997,16232790.75178,0,0,0,-1.083598453083,-0.5688199042585,33045864.94193,31360164.2332058,164798694.1282,0.005622918093264,0,0,0,7.727590343653,9.34127216669e-82,0,2.469250431461,-0.5682980933613,-14.60175374072,-0.4641701348377,1.349483338823,-13.25453733428,-22336.33016955,4250.462304801,0,0,259426.700,2296,224,0,244595.3937519
244800,-24266351.14841,4954181.515499,16232567.28087,0,0,0,-1.083645880478,-0.5688770687297,33046289.97402,31360589.2651019,164800927.6919,0.00562291809199,0,0,0,7.727013490155,9.339396034334e-82,0,2.469228553438,-0.5683551494152,-14.60255375506,-0.4641115487343,1.349491563039,-13.25521516946,-22334.94492431,4250.198701397,0,0,259426.800,2296,224,0,244695.3923342
244900,-24266508.81675,4954141.55283,16232343.80747,0,0,0,-1.08369331738,-0.5689342311164,33046714.97975,31361014.270637,164803161.1172,0.005622918090716,0,0,0,7.726436605656,9.337520081568e-82,0,2.469206673616,-0.5684122028792,-14.60335373309,-0.4640529158263,1.349499787676,-13.25589294802,-22333.55961056,4249.935084954,0,0,259426.900,2296,224,0,244795.3909165
245000,-24266666.48324,4954101.591964,16232120.33157,0,0,0,-1.08374076379,-0.5689913914186,33047139.95912,31361439.249602,164805394.4049,0.005622918089442,0,0,0,7.72565199787,9.335644308498e-82,0,2.469184790069,-0.5684692546681,-14.60415368763,-0.4639942955725,1.349508012732,-13.25657068277,-22332.71993392,4249.775299802,0,0,259427.000,2296,224,0,244895.3894989
245100,-24266824.14787,4954061.6329,16231896.85318,0,0,0,-1.083788219708,-0.5690485496361,33047564.91212,31361864.2024105,164807627.5531,0.005622918088169,0,0,0,7.725075068677,9.333768715235e-82,0,2.469162902913,-0.5685263040911,-14.60495360899,-0.4639356741928,1.349516238208,-13.25724836404,-22330.78864045,4249.407786876,0,0,259427.100,2296,224,0,244995.3880814
245200,-24266981.81066,4954021.675638,16231673.3723,0,0,0,-1.083835685136,-0.5691057057688,33047989.83876,31362289.1288533,164809860.5627,0.005622918086895,0,0,0,7.724498108566,9.331893301886e-82,0,2.469141012211,-0.5685833517294,-14.60575350533,-0.4638770444498,1.349524464104,-13.25792599998,-22329.40311136,4249.144129455,0,0,259427.200,2296,224,0,245095.386664
245300,-24267139.47159,4953981.720179,16231449.88892,0,0,0,-1.083883160076,-0.5691628598166,33048414.73903,31362714.0289286,164812093.4337,0.005622918085621,0,0,0,7.723921117561,9.330018068565e-82,0,2.469119119726,-0.5686403971395,-14.60655337043,-0.4638184244346,1.34953269042,-13.25860358438,-22328.01750395,4248.880457133,0,0,259427.300,2296,224,0,245195.3852467
245400,-24267297.13067,4953941.766522,16231226.40306,0,0,0,-1.083930644528,-0.5692200117794,33048839.61293,31363138.9026348,164814326.1662,0.005622918084347,0,0,0,7.723344095689,9.328143015382e-82,0,2.46909722073,-0.5686974403224,-14.6073532043,-0.4637597913125,1.349540917155,-13.25928111725,-22326.63171057,4248.616749421,0,0,259427.400,2296,224,0,245295.3838295
245500,-24267454.7879,4953901.814667,16231002.9147,0,0,0,-1.083978138495,-0.569277161657,33049264.46046,31363563.7499703,164816558.76,0.005622918083074,0,0,0,7.722767042972,9.326268142443e-82,0,2.469075319448,-0.5687544814487,-14.60815300933,-0.4637011532215,1.34954914431,-13.25995860099,-22325.24582909,4248.353024945,0,0,259427.500,2296,224,0,245395.3824124
245600,-24267612.44327,4953861.864615,16230779.42385,0,0,0,-1.084025641977,-0.5693343094493,33049689.28162,31363988.5709335,164818791.2153,0.0056229180818,0,0,0,7.722189959437,9.324393449852e-82,0,2.469053414416,-0.5688115209389,-14.60895279142,-0.4636425139302,1.349557371884,-13.2606360415,-22323.8598791,4248.08928743,0,0,259427.600,2296,224,0,245495.3809953
245700,-24267770.0968,4953821.916365,16230555.93051,0,0,0,-1.084073154976,-0.5693914551562,33050114.0764,31364413.3655227,164821023.532,0.005622918080526,0,0,0,7.721612845107,9.322518937731e-82,0,2.469031506312,-0.5688685578089,-14.60975253677,-0.463583866184,1.349565599877,-13.26131342498,-22322.47396826,4247.825557366,0,0,259427.700,2296,224,0,245595.3795783
245800,-24267927.74847,4953781.969917,16230332.43468,0,0,0,-1.084120677493,-0.5694485987776,33050538.84481,31364838.1337363,164823255.7101,0.005622918079252,0,0,0,7.721035700007,9.320644606181e-82,0,2.469009596263,-0.5689255927666,-14.61055225531,-0.4635252274,1.349573828289,-13.26199076136,-22321.08786165,4247.561790049,0,0,259427.800,2296,224,0,245695.3781615
245900,-24268085.39829,4953742.025272,16230108.93635,0,0,0,-1.084168209529,-0.5695057403133,33050963.58684,31365262.8755727,164825487.7496,0.005622918077978,0,0,0,7.720458524162,9.318770455316e-82,0,2.468987679398,-0.5689826255626,-14.61135194354,-0.4634665777571,1.34958205712,-13.26266804715,-22319.70170611,4247.298013419,0,0,259427.900,2296,224,0,245795.3767447
246000,-24268243.04626,4953702.082428,16229885.43553,0,0,0,-1.084215751086,-0.5695628797633,33051388.3025,31365687.5908226,164827719.6516,0.005622918076705,0,0,0,7.719673780453,9.316896485238e-82,0,2.468965760407,-0.5690396564437,-14.61215160492,-0.4634079208257,1.34959028637,-13.26334528582,-22318.86071784,4247.137978673,0,0,259428.000,2296,224,0,245895.375328
246100,-24268400.69238,4953662.141387,16229661.93222,0,0,0,-1.084263302165,-0.5696200171273,33051812.99177,31366112.2798995,164829951.4138,0.005622918075431,0,0,0,7.719096560525,9.31502269606e-82,0,2.468943837846,-0.5690966850125,-14.61295123388,-0.4633492640439,1.349598516039,-13.26402247179,-22316.92911115,4246.770406142,0,0,259428.100,2296,224,0,245995.3739114
246200,-24268558.33665,4953622.202148,16229438.42642,0,0,0,-1.084310862768,-0.5696771524054,33052237.65466,31366536.9425943,164832183.0374,0.005622918074157,0,0,0,7.718519309935,9.313149087895e-82,0,2.468921911614,-0.5691537119107,-14.61375083941,-0.4632905996079,1.349606746126,-13.26469961406,-22315.54269132,4246.50657922,0,0,259428.200,2296,224,0,246095.3724949
246300,-24268715.97906,4953582.264711,16229214.91813,0,0,0,-1.084358432895,-0.5697342855973,33052662.29117,31366961.5789052,164834414.5223,0.005622918072883,0,0,0,7.717942028708,9.31127566085e-82,0,2.468899982303,-0.5692107361382,-14.61455040749,-0.4632319412359,1.349614976631,-13.26537669863,-22314.15622255,4246.242742985,0,0,259428.300,2296,224,0,246195.3710784
246400,-24268873.61962,4953542.329076,16228991.40735,0,0,0,-1.084406012548,-0.569791416703,33053086.90129,31367386.1888307,164836645.8686,0.00562291807161,0,0,0,7.717364716869,9.309402415032e-82,0,2.468878050601,-0.5692677585148,-14.61534994963,-0.4631732745294,1.349623207555,-13.26605373697,-22312.76958738,4245.978875086,0,0,259428.400,2296,224,0,246295.3696621
246500,-24269031.25833,4953502.395243,16228767.89407,0,0,0,-1.084453601729,-0.5698485457223,33053511.48502,31367810.7723692,164838877.0762,0.005622918070336,0,0,0,7.716787374443,9.307529350544e-82,0,2.468856112225,-0.5693247790466,-14.61614946589,-0.4631146002987,1.349631438897,-13.26673072919,-22311.38288369,4245.714994147,0,0,259428.500,2296,224,0,246395.3682458
246600,-24269188.89519,4953462.463213,16228544.37831,0,0,0,-1.084501200439,-0.5699056726551,33053936.04237,31368235.3295189,164841108.1452,0.005622918069062,0,0,0,7.716210001453,9.305656467504e-82,0,2.468834172003,-0.5693817970428,-14.6169489466,-0.4630559253592,1.349639670657,-13.2674076656,-22309.99611148,4245.451100171,0,0,259428.600,2296,224,0,246495.3668296
246700,-24269346.5302,4953422.532984,16228320.86005,0,0,0,-1.084548808678,-0.5699627975013,33054360.57332,31368659.8602782,164843339.0754,0.005622918067788,0,0,0,7.715632597926,9.30378376602e-82,0,2.468812228317,-0.5694388131925,-14.61774840143,-0.4629972423696,1.349647902835,-13.26808455587,-22308.60926096,4245.187191293,0,0,259428.700,2296,224,0,246595.3654136
246800,-24269504.16335,4953382.604557,16228097.3393,0,0,0,-1.084596426449,-0.5700199202607,33054785.07788,31369084.3646456,164845569.867,0.005622918066515,0,0,0,7.715055163884,9.301911246194e-82,0,2.468790280667,-0.5694958272001,-14.61854782621,-0.4629385679316,1.34965613543,-13.26876139585,-22307.22227342,4244.923256338,0,0,259428.800,2296,224,0,246695.3639976
246900,-24269661.79465,4953342.677933,16227873.81605,0,0,0,-1.084644053752,-0.5700770409333,33055209.55605,31369508.8426193,164847800.5199,0.005622918065241,0,0,0,7.714477699355,9.30003890814e-82,0,2.468768331292,-0.569552839262,-14.61934722372,-0.4628798821147,1.349664368443,-13.2694381883,-22305.83526629,4244.659317657,0,0,259428.900,2296,224,0,246795.3625817
247000,-24269819.4241,4953302.75311,16227650.29032,0,0,0,-1.08469169059,-0.5701341595189,33055634.00783,31369933.2939904,164850031.0352,0.005622918063967,0,0,0,7.713692823399,9.298166751969e-82,0,2.468746375313,-0.5696098487608,-14.62014658528,-0.4628211896421,1.349672601874,-13.27011492458,-22304.99296639,4244.499033317,0,0,259429.000,2296,224,0,246895.3611658
247100,-24269977.0517,4953262.830089,16227426.7621,0,0,0,-1.084739336963,-0.5701912760174,33056058.4332,31370357.719172,164852261.4106,0.005622918062693,0,0,0,7.713115315397,9.296294777782e-82,0,2.46872441738,-0.5696668567926,-14.62094592628,-0.4627624846992,1.349680835722,-13.27079162004,-22303.06087029,4244.131367654,0,0,259429.100,2296,224,0,246995.3597501
247200,-24270134.67744,4953222.90887,16227203.23138,0,0,0,-1.084786992873,-0.5702483904286,33056482.83218,31370782.1179551,164854491.6473,0.005622918061419,0,0,0,7.71253777699,9.294422985691e-82,0,2.468702455548,-0.5697238625221,-14.62174523499,-0.4627037966221,1.349689069988,-13.27146826299,-22301.67355973,4243.867371231,0,0,259429.200,2296,224,0,247095.3583345
247300,-24270292.30133,4953182.989453,16226979.69817,0,0,0,-1.08483465832,-0.5703055027525,33056907.20476,31371206.490338,164856721.7453,0.005622918060146,0,0,0,7.711960208202,9.292551375803e-82,0,2.468680490327,-0.5697808661755,-14.6225445146,-0.4626451037605,1.349697304671,-13.27214485659,-22300.28618065,4243.603361771,0,0,259429.300,2296,224,0,247195.3569189
247400,-24270449.92337,4953143.071838,16226756.16247,0,0,0,-1.084882333308,-0.570362612989,33057331.55094,31371630.8363191,164858951.7046,0.005622918058872,0,0,0,7.711382609059,9.290679948229e-82,0,2.46865852153,-0.5698378676349,-14.62334376344,-0.4625863998441,1.34970553977,-13.27282139921,-22298.89879178,4243.339350447,0,0,259429.400,2296,224,0,247295.3555035
247500,-24270607.54356,4953103.156025,16226532.62428,0,0,0,-1.084930017835,-0.5704197211378,33057755.87071,31372055.1558967,164861181.5251,0.005622918057598,0,0,0,7.710804979584,9.288808703075e-82,0,2.468636551105,-0.5698948671772,-14.6241429854,-0.4625276895445,1.349713775287,-13.27349789472,-22297.51123651,4243.075307459,0,0,259429.500,2296,224,0,247395.3540881
247600,-24270765.16189,4953063.242013,16226309.0836,0,0,0,-1.084977711905,-0.5704768271989,33058180.16408,31372479.4490693,164863411.2068,0.005622918056324,0,0,0,7.710227319803,9.28693764045e-82,0,2.46861457383,-0.5699518642174,-14.62494217227,-0.4624689795203,1.34972201122,-13.27417433492,-22296.12358336,4242.811245844,0,0,259429.600,2296,224,0,247495.3526728
247700,-24270922.77837,4953023.329804,16226085.54043,0,0,0,-1.085025415518,-0.5705339311722,33058604.43104,31372903.7158352,164865640.7498,0.005622918055051,0,0,0,7.709649629741,9.285066760464e-82,0,2.46859259452,-0.5700088593554,-14.62574133248,-0.462410243422,1.34973024757,-13.27485072823,-22294.73589105,4242.547176778,0,0,259429.700,2296,224,0,247595.3512576
247800,-24271080.393,4952983.419396,16225861.99477,0,0,0,-1.085073128676,-0.5705910330576,33059028.6716,31373327.9561927,164867870.154,0.005622918053777,0,0,0,7.709071909421,9.283196063218e-82,0,2.468570611544,-0.5700658524877,-14.62654046456,-0.4623515383565,1.349738484336,-13.27552707321,-22293.34802256,4242.283074185,0,0,259429.800,2296,224,0,247695.3498425
247900,-24271238.00578,4952943.51079,16225638.44661,0,0,0,-1.08512085138,-0.5706481328548,33059452.88574,31373752.1701403,164870099.4194,0.005622918052503,0,0,0,7.70849415887,9.281325548829e-82,0,2.46854862519,-0.5701228433373,-14.62733956464,-0.4622928285137,1.349746721519,-13.27620336596,-22291.96024216,4242.018988356,0,0,259429.900,2296,224,0,247795.3484274
248000,-24271395.6167,4952903.603985,16225414.89597,0,0,0,-1.085168583632,-0.5707052305639,33059877.07347,31374176.3574691,164872328.5471,0.005622918051229,0,0,0,7.707709154348,9.279455217396e-82,0,2.468526635175,-0.5701798322873,-14.62813863807,-0.4622341006947,1.349754959118,-13.27687961188,-22291.11675789,4241.858478636,0,0,259430.000,2296,224,0,247895.3470125
248100,-24271553.22577,4952863.698983,16225191.34283,0,0,0,-1.085216325432,-0.5707623261846,33060301.23479,31374600.5185918,164874557.5349,0.005622918049956,0,0,0,7.707131360936,9.277585069033e-82,0,2.468504642951,-0.5702368191268,-14.62893768192,-0.4621753711486,1.349763197133,-13.277555808,-22289.18414301,4241.490714252,0,0,259430.100,2296,224,0,247995.3455977
248200,-24271710.83299,4952823.795782,16224967.7872,0,0,0,-1.085264076782,-0.5708194197169,33060725.36969,31375024.6532997,164876786.3839,0.005622918048682,0,0,0,7.706553537376,9.275715103847e-82,0,2.468482644627,-0.5702938035853,-14.62973669238,-0.4621166176977,1.349771435564,-13.27823195053,-22287.7960396,4241.226566955,0,0,259430.200,2296,224,0,248095.3441829
248300,-24271868.43836,4952783.894382,16224744.22908,0,0,0,-1.085311837683,-0.5708765111606,33061149.47818,31375448.761591,164879015.0941,0.005622918047408,0,0,0,7.705975683692,9.273845321942e-82,0,2.468460643658,-0.5703507864779,-14.63053568089,-0.4620579068224,1.349779674412,-13.27890805091,-22286.40777957,4240.962389857,0,0,259430.300,2296,224,0,248195.3427682
248400,-24272026.04187,4952743.994785,16224520.66847,0,0,0,-1.085359608138,-0.5709336005156,33061573.56025,31375872.8434643,164881243.6655,0.005622918046134,0,0,0,7.705397799909,9.271975723428e-82,0,2.468438639304,-0.5704077667738,-14.63133463298,-0.4619991669032,1.349787913674,-13.27958409468,-22285.01944124,4240.698197857,0,0,259430.400,2296,224,0,248295.3413536
248500,-24272183.64353,4952704.096989,16224297.10537,0,0,0,-1.085407388146,-0.5709906877819,33061997.6159,31376296.8989178,164883472.098,0.00562291804486,0,0,0,7.704819886052,9.270106308413e-82,0,2.468416631202,-0.5704647453541,-14.63213356102,-0.4619404220653,1.349796153353,-13.28026009421,-22283.63099524,4240.433985367,0,0,259430.500,2296,224,0,248395.3399391
248600,-24272341.24334,4952664.200994,16224073.53978,0,0,0,-1.08545517771,-0.5710477729591,33062421.64513,31376720.9279498,164885700.3917,0.005622918043587,0,0,0,7.704241942145,9.268237077002e-82,0,2.468394621296,-0.5705217216721,-14.63293245734,-0.4618816752161,1.349804393447,-13.28093604183,-22282.24251008,4240.169765428,0,0,259430.600,2296,224,0,248495.3385247
248700,-24272498.84129,4952624.306802,16223849.9717,0,0,0,-1.08550297683,-0.5711048560474,33062845.64793,31377144.9305588,164887928.5465,0.005622918042313,0,0,0,7.703663968213,9.266368029309e-82,0,2.468372604816,-0.5705786958697,-14.63373132393,-0.461822903392,1.349812633956,-13.28161193954,-22280.85392705,4239.905526862,0,0,259430.700,2296,224,0,248595.3371104
248800,-24272656.43739,4952584.41441,16223626.40112,0,0,0,-1.085550785509,-0.5711619370464,33063269.62431,31377568.9067432,164890156.5625,0.005622918041039,0,0,0,7.703085964281,9.264499165429e-82,0,2.468350586605,-0.5706356679978,-14.6345301615,-0.4617641734171,1.349820874881,-13.28228778805,-22279.46524613,4239.641269669,0,0,259430.800,2296,224,0,248695.3356962
248900,-24272814.03164,4952544.52382,16223402.82806,0,0,0,-1.085598603747,-0.5712190159561,33063693.57427,31377992.8565012,164892384.4396,0.005622918039765,0,0,0,7.702507930373,9.262630485481e-82,0,2.468328564316,-0.5706926379832,-14.63532896903,-0.4617054174718,1.34982911622,-13.28296358634,-22278.07645754,4239.376991987,0,0,259430.900,2296,224,0,248795.334282
249000,-24272971.62403,4952504.635032,16223179.2525,0,0,0,-1.085646431545,-0.5712760927764,33064117.49779,31378416.7796243,164894612.1789,0.005622918038492,0,0,0,7.70172280097,9.260761989568e-82,0,2.468306538769,-0.5707496056722,-14.63612774436,-0.4616466523649,1.349837357975,-13.28363933226,-22277.23170079,4239.216240123,0,0,259431.000,2296,224,0,248895.332868
249100,-24273129.21457,4952464.748045,16222955.67446,0,0,0,-1.085694268906,-0.5713331675072,33064541.39489,31378840.6765249,164896839.7782,0.005622918037218,0,0,0,7.701144724816,9.258893677796e-82,0,2.468284509427,-0.5708065715791,-14.6369264947,-0.4615878882442,1.349845600144,-13.28431503302,-22275.29875311,4238.848412409,0,0,259431.100,2296,224,0,248995.331454
249200,-24273286.80326,4952424.86286,16222732.09392,0,0,0,-1.08574211583,-0.5713902401483,33064965.26556,31379264.5469943,164899067.2386,0.005622918035944,0,0,0,7.700566618769,9.257025550272e-82,0,2.4682624785,-0.5708635354192,-14.63772521606,-0.461529099483,1.349853842729,-13.28499068463,-22273.90975896,4238.584095612,0,0,259431.200,2296,224,0,249095.3300401
249300,-24273444.3901,4952384.979476,16222508.51089,0,0,0,-1.085789972319,-0.5714473106996,33065389.10979,31379688.3910309,164901294.5601,0.00562291803467,0,0,0,7.699988482856,9.255157607102e-82,0,2.468240440632,-0.5709204970309,-14.63852390617,-0.4614703525426,1.349862085728,-13.28566628484,-22272.52063757,4238.319754601,0,0,259431.300,2296,224,0,249195.3286263
249400,-24273601.97508,4952345.097894,16222284.92537,0,0,0,-1.085837838374,-0.571504379161,33065812.92759,31380112.208633,164903521.7427,0.005622918033397,0,0,0,7.699410317101,9.253289848399e-82,0,2.468218400688,-0.5709774564849,-14.63932256603,-0.4614115776071,1.349870329141,-13.28634183464,-22271.13145745,4238.055402413,0,0,259431.400,2296,224,0,249295.3272126
249500,-24273759.55821,4952305.218112,16222061.33736,0,0,0,-1.085885713997,-0.5715614455324,33066236.71895,31380535.999799,164905748.7864,0.005622918032123,0,0,0,7.698832121529,9.251422274263e-82,0,2.468196357163,-0.5710344140667,-14.64012119964,-0.4613527935832,1.349878572969,-13.28701733802,-22269.74220881,4237.791037187,0,0,259431.500,2296,224,0,249395.325799
249600,-24273917.13948,4952265.340133,16221837.74687,0,0,0,-1.085933599188,-0.5716185098136,33066660.48387,31380959.7645274,164907975.6912,0.005622918030849,0,0,0,7.698253896163,9.249554884805e-82,0,2.468174310206,-0.5710913692484,-14.64091979959,-0.4612940119982,1.349886817211,-13.28769278761,-22268.35287207,4237.526655197,0,0,259431.600,2296,224,0,249495.3243855
249700,-24274074.7189,4952225.463954,16221614.15388,0,0,0,-1.08598149395,-0.5716755720045,33067084.22236,31381383.5028164,164910202.457,0.005622918029575,0,0,0,7.69767564103,9.247687680126e-82,0,2.468152259571,-0.5711483224904,-14.64171837235,-0.4612352050127,1.349895061867,-13.28836818984,-22266.9634864,4237.262263894,0,0,259431.700,2296,224,0,249595.3229721
249800,-24274232.29647,4952185.589577,16221390.5584,0,0,0,-1.086029398283,-0.571732632105,33067507.9344,31381807.2146644,164912429.0839,0.005622918028301,0,0,0,7.697097356154,9.245820660339e-82,0,2.468130206829,-0.5712052738283,-14.64251691841,-0.4611764399192,1.349903306937,-13.28904354523,-22265.57396369,4236.997846514,0,0,259431.800,2296,224,0,249695.3215587
249900,-24274389.87218,4952145.717001,16221166.96042,0,0,0,-1.086077312189,-0.571789690115,33067931.62001,31382230.9000699,164914655.5718,0.005622918027028,0,0,0,7.696519041559,9.243953825545e-82,0,2.468108147399,-0.5712622231073,-14.6433154356,-0.4611176471225,1.349911552421,-13.28971885162,-22264.18435288,4236.73341237,0,0,259431.900,2296,224,0,249795.3201454
250000,-24274547.44604,4952105.846227,16220943.35996,0,0,0,-1.086125235668,-0.5718467460343,33068355.27916,31382654.5588241,164916881.9218,0.005622918025754,0,0,0,7.695733790965,9.242087175856e-82,0,2.46808608625,-0.5713191697905,-14.6441139164,-0.4610588466586,1.349919798318,-13.29039410146,-22263.33826493,4236.572407186,0,0,259432.000,2296,224,0,249895.3187323
250100,-24274705.01805,4952065.977254,16220719.75701,0,0,0,-1.086173168724,-0.5719037998629,33068778.91188,31383078.1913395,164919108.1318,0.00562291802448,0,0,0,7.695155434737,9.240220711378e-82,0,2.468064021342,-0.5713761144459,-14.64491236876,-0.4610000287066,1.349928044629,-13.29106930274,-22261.40478868,4236.20447889,0,0,259432.100,2296,224,0,249995.3173192
250200,-24274862.58821,4952026.110081,16220496.15157,0,0,0,-1.086221111356,-0.5719608516005,33069202.51814,31383501.7974074,164921334.2028,0.005622918023206,0,0,0,7.694577048874,9.238354432213e-82,0,2.468041952707,-0.5714330573985,-14.64571079724,-0.4609412223439,1.349936291354,-13.29174446002,-22260.01495275,4235.940001905,0,0,259432.200,2296,224,0,250095.3159062
250300,-24275020.15651,4951986.244711,16220272.54364,0,0,0,-1.086269063567,-0.5720179012472,33069626.09796,31383925.3770261,164923560.1348,0.005622918021933,0,0,0,7.693998633402,9.236488338469e-82,0,2.468019882547,-0.5714899978573,-14.64650919076,-0.4608824387728,1.349944538492,-13.29241956219,-22258.62501893,4235.675506294,0,0,259432.300,2296,224,0,250195.3144933
250400,-24275177.72295,4951946.381141,16220048.93321,0,0,0,-1.086317025357,-0.5720749488027,33070049.65132,31384348.9301941,164925785.9278,0.005622918020659,0,0,0,7.693420188344,9.234622430253e-82,0,2.467997805437,-0.5715469365744,-14.64730755986,-0.4608236268439,1.349952786043,-13.29309461983,-22257.23496765,4235.410988331,0,0,259432.400,2296,224,0,250295.3130805
250500,-24275335.28754,4951906.519372,16219825.3203,0,0,0,-1.086364996728,-0.5721319942669,33070473.17823,31384772.4569097,164928011.5818,0.005622918019385,0,0,0,7.692841713727,9.23275670767e-82,0,2.46797572626,-0.5716038729971,-14.64810589678,-0.4607648097032,1.349961034008,-13.29376962517,-22255.84478913,4235.146446154,0,0,259432.500,2296,224,0,250395.3116677
250600,-24275492.85028,4951866.659405,16219601.7049,0,0,0,-1.086412977681,-0.5721890376398,33070896.67869,31385195.9571714,164930237.0967,0.005622918018111,0,0,0,7.692263209574,9.230891170829e-82,0,2.467953643312,-0.5716608075451,-14.64890420742,-0.460705972697,1.349969282385,-13.2944445841,-22254.45457145,4234.881896526,0,0,259432.600,2296,224,0,250495.3102551
250700,-24275650.41117,4951826.801239,16219378.08701,0,0,0,-1.086460968218,-0.5722460789211,33071320.15269,31385619.4309774,164932462.4727,0.005622918016838,0,0,0,7.691684675911,9.229025819832e-82,0,2.467931556957,-0.5717177398213,-14.64970248621,-0.4606471481388,1.349977531175,-13.29511949107,-22253.06432441,4234.61734131,0,0,259432.700,2296,224,0,250595.3088425
250800,-24275807.9702,4951786.944874,16219154.46662,0,0,0,-1.086508968339,-0.5723031181108,33071743.60024,31386042.8783262,164934687.7096,0.005622918015564,0,0,0,7.691106112761,9.227160654787e-82,0,2.467909467143,-0.5717746698412,-14.65050073335,-0.4605883470704,1.349985780378,-13.2957943463,-22251.67400885,4234.352773055,0,0,259432.800,2296,224,0,250695.3074301
250900,-24275965.52738,4951747.09031,16218930.84375,0,0,0,-1.086556978047,-0.5723601552088,33072167.02132,31386466.299216,164936912.8075,0.00562291801429,0,0,0,7.690527520151,9.225295675805e-82,0,2.467887375679,-0.5718315978048,-14.65129895167,-0.4605295176919,1.349994029993,-13.29646915258,-22250.28348773,4234.088165686,0,0,259432.900,2296,224,0,250795.3060177
251000,-24276123.0827,4951707.237546,16218707.21838,0,0,0,-1.086604997343,-0.5724171902149,33072590.41595,31386889.6934387,164939137.7674,0.005622918013016,0,0,0,7.689742152058,9.22343088298e-82,0,2.467865276962,-0.5718885238848,-14.65209714357,-0.4604706815877,1.350002280021,-13.29714391235,-22249.43618604,4233.926929533,0,0,259433.000,2296,224,0,250895.3046054
251100,-24276280.63617,4951667.386584,16218483.59053,0,0,0,-1.086653026227,-0.5724742231289,33073013.78412,31387313.0614059,164941362.5872,0.005622918011742,0,0,0,7.689163518429,9.221566276425e-82,0,2.467843176521,-0.5719454478253,-14.65289530548,-0.4604118276509,1.350010530461,-13.29781862202,-22247.50229868,4233.558923006,0,0,259433.100,2296,224,0,250995.3031932
251200,-24276438.18778,4951627.537423,16218259.96019,0,0,0,-1.086701064702,-0.5725312539509,33073437.12582,31387736.4029094,164943587.2679,0.005622918010469,0,0,0,7.688584855422,9.219701856247e-82,0,2.467821072107,-0.5720023696244,-14.65369343736,-0.4603529840658,1.350018781314,-13.29849328157,-22246.11164053,4233.294289559,0,0,259433.200,2296,224,0,251095.3017811
251300,-24276595.73754,4951587.690063,16218036.32735,0,0,0,-1.086749112768,-0.5725882826806,33073860.44105,31388159.7179475,164945811.8095,0.005622918009195,0,0,0,7.688006163063,9.217837622549e-82,0,2.467798964612,-0.572059289221,-14.65449153836,-0.4602941654713,1.350027032578,-13.29916789014,-22244.72089429,4233.029639348,0,0,259433.300,2296,224,0,251195.300369
251400,-24276753.28545,4951547.844504,16217812.69203,0,0,0,-1.086797170428,-0.5726453093179,33074283.72982,31388583.0065186,164948036.212,0.005622918007921,0,0,0,7.687427441376,9.215973575438e-82,0,2.467776854698,-0.572116206985,-14.65528961366,-0.4602353183079,1.350035284255,-13.29984245293,-22243.32995228,4232.764951885,0,0,259433.400,2296,224,0,251295.2989571
251500,-24276910.8315,4951508.000746,16217589.05422,0,0,0,-1.086845237682,-0.5727023338628,33074706.99212,31389006.2686211,164950260.4755,0.005622918006647,0,0,0,7.686848690387,9.214109715016e-82,0,2.46775473836,-0.5721731223948,-14.65608765595,-0.460176463524,1.350043536343,-13.30051696262,-22241.9389809,4232.500258833,0,0,259433.500,2296,224,0,251395.2975452
251600,-24277068.3757,4951468.158789,16217365.41391,0,0,0,-1.086893314531,-0.572759356315,33075130.22795,31389429.5042533,164952484.5998,0.005622918005374,0,0,0,7.68626991012,9.212246041394e-82,0,2.467732619952,-0.5722300356254,-14.65688566769,-0.460117591745,1.350051788843,-13.30119142167,-22240.54790186,4232.235545292,0,0,259433.600,2296,224,0,251495.2961335
251700,-24277225.91804,4951428.318632,16217141.77112,0,0,0,-1.086941400978,-0.5728163766745,33075553.4373,31389852.7134136,164954708.585,0.0056229180041,0,0,0,7.6856911006,9.210382554674e-82,0,2.467710497935,-0.5722869470173,-14.65768365364,-0.4600587312934,1.350060041754,-13.30186583487,-22239.15679345,4231.970826164,0,0,259433.700,2296,224,0,251595.2947218
251800,-24277383.45853,4951388.480277,16216918.12584,0,0,0,-1.086989497023,-0.5728733949411,33075976.62019,31390275.8961004,164956932.4312,0.005622918002826,0,0,0,7.685112261851,9.208519254963e-82,0,2.467688372008,-0.5723438561821,-14.65848160837,-0.4599998938324,1.350068295077,-13.30254019676,-22237.76545012,4231.706062332,0,0,259433.800,2296,224,0,251695.2933102
251900,-24277540.99717,4951348.643722,16216694.47806,0,0,0,-1.087037602667,-0.5729304111147,33076399.7766,31390699.052312,164959156.1381,0.005622918001552,0,0,0,7.684533393899,9.206656142363e-82,0,2.467666242794,-0.5724007633044,-14.65927953446,-0.4599410292326,1.350076548811,-13.30321450994,-22236.37420467,4231.441317126,0,0,259433.900,2296,224,0,251795.2918987
252000,-24277698.53395,4951308.808968,16216470.8278,0,0,0,-1.087085717913,-0.5729874251952,33076822.90653,31391122.1818403,164961379.7071,0.005622918000279,0,0,0,7.683747912006,9.204793216982e-82,0,2.46764411163,-0.5724576682477,-14.66007742999,-0.4598821551454,1.350084802957,-13.3038887725,-22235.52555219,4231.279823929,0,0,259434.000,2296,224,0,251895.2904873
252100,-24277856.06888,4951268.976015,16216247.17505,0,0,0,-1.087133842761,-0.5730444371825,33077246.00998,31391545.2850968,164963603.1358,0.005622917999005,0,0,0,7.683169003649,9.202930478922e-82,0,2.467621974221,-0.572514570857,-14.6608752928,-0.4598232648951,1.350093057513,-13.30456298227,-22233.59123416,4230.911735445,0,0,259434.100,2296,224,0,251995.289076
252200,-24278013.60195,4951229.144863,16216023.51981,0,0,0,-1.087181977213,-0.5731014470764,33077669.08696,31391968.3618733,164965826.4253,0.005622917997731,0,0,0,7.682590066173,9.201067928293e-82,0,2.467599833913,-0.5725714719076,-14.66167313376,-0.4597643861141,1.350101312481,-13.30523715012,-22232.19961676,4230.646919459,0,0,259434.200,2296,224,0,252095.2876648
252300,-24278171.13317,4951189.315511,16215799.86207,0,0,0,-1.08723012127,-0.5731584548768,33078092.13745,31392391.4121682,164968049.5757,0.005622917996457,0,0,0,7.682011099603,9.199205565197e-82,0,2.467577690461,-0.5726283705199,-14.66247094052,-0.4597055323569,1.350109567859,-13.30591126372,-22230.80797978,4230.382099748,0,0,259434.300,2296,224,0,252195.2862536
252400,-24278328.66253,4951149.48796,16215576.20185,0,0,0,-1.087278274934,-0.5732154605837,33078515.16146,31392814.4359798,164970272.5869,0.005622917995183,0,0,0,7.681432103962,9.197343389736e-82,0,2.467555543387,-0.5726852670007,-14.6632687174,-0.4596466492599,1.350117823648,-13.30658532738,-22229.41628407,4230.11726886,0,0,259434.400,2296,224,0,252295.2848426
252500,-24278486.19004,4951109.66221,16215352.53914,0,0,0,-1.087326438205,-0.5732724641967,33078938.15898,31393237.4333065,164972495.459,0.00562291799391,0,0,0,7.680853079277,9.195481402022e-82,0,2.467533393171,-0.5727421613036,-14.66406646374,-0.4595877574776,1.350126079848,-13.30725934046,-22228.02447091,4229.852415621,0,0,259434.500,2296,224,0,252395.2834316
252600,-24278643.71569,4951069.838261,16215128.87394,0,0,0,-1.087374611086,-0.573329465716,33079361.13002,31393660.4041467,164974718.1918,0.005622917992636,0,0,0,7.680274025572,9.193619602152e-82,0,2.467511240257,-0.5727990540633,-14.66486418844,-0.4595288459912,1.350134336457,-13.30793331185,-22226.6325305,4229.587538168,0,0,259434.600,2296,224,0,252495.2820207
252700,-24278801.23949,4951030.016112,16214905.20625,0,0,0,-1.087422793577,-0.5733864651413,33079784.07457,31394083.3484988,164976940.7855,0.005622917991362,0,0,0,7.679694942871,9.191757990233e-82,0,2.467489081016,-0.572855944286,-14.66566187757,-0.4594699540019,1.350142593478,-13.30860722762,-22225.24055093,4229.322653264,0,0,259434.700,2296,224,0,252595.2806099
252800,-24278958.76144,4950990.195764,16214681.53607,0,0,0,-1.087470985681,-0.5734434624724,33080206.99263,31394506.2663611,164979163.2399,0.005622917990088,0,0,0,7.6791158312,9.189896566377e-82,0,2.467466919594,-0.5729128324966,-14.66645953849,-0.4594110802087,1.350150850908,-13.30928109514,-22223.84846369,4229.057747871,0,0,259434.800,2296,224,0,252695.2791992
252900,-24279116.28153,4950950.377216,16214457.8634,0,0,0,-1.087519187397,-0.5735004577094,33080629.88419,31394929.157732,164981385.5552,0.005622917988815,0,0,0,7.678536690583,9.188035330678e-82,0,2.467444754759,-0.5729697183639,-14.66725716655,-0.4593521796856,1.350159108749,-13.30995490976,-22222.45636667,4228.792840615,0,0,259434.900,2296,224,0,252795.2777886
253000,-24279273.79976,4950910.560469,16214234.18824,0,0,0,-1.087567398728,-0.573557450852,33081052.74927,31395352.0224035,164983607.7323,0.005622917987541,0,0,0,7.677751098591,9.186174283245e-82,0,2.467422586105,-0.5730266024561,-14.66805476972,-0.459293269554,1.350167366999,-13.31062867946,-22221.60648087,4228.631112725,0,0,259435.000,2296,224,0,252895.2763781
253100,-24279431.31614,4950870.745522,16214010.5106,0,0,0,-1.087615619675,-0.5736144419001,33081475.58785,31395774.8607869,164985829.7691,0.005622917986267,0,0,0,7.677171918185,9.184313424186e-82,0,2.467400415519,-0.5730834842504,-14.66885234067,-0.4592343439027,1.350175625659,-13.31130239691,-22219.6717713,4228.262949735,0,0,259435.100,2296,224,0,252995.2749677
253200,-24279588.83066,4950830.932376,16213786.83046,0,0,0,-1.087663850239,-0.5736714308536,33081898.39993,31396197.6726739,164988051.6666,0.005622917984993,0,0,0,7.676592708918,9.182452753598e-82,0,2.467378238376,-0.5731403640432,-14.66964988356,-0.4591754284351,1.350183884729,-13.31197606627,-22218.27930232,4227.997971699,0,0,259435.200,2296,224,0,253095.2735573
253300,-24279746.34334,4950791.121031,16213563.14783,0,0,0,-1.087712090422,-0.5737284177124,33082321.18552,31396620.4580632,164990273.4249,0.00562291798372,0,0,0,7.676013470814,9.180592271592e-82,0,2.467356059191,-0.5731972416466,-14.67044739574,-0.4591165336092,1.350192144208,-13.31264968491,-22216.88676482,4227.732980624,0,0,259435.300,2296,224,0,253195.272147
253400,-24279903.85415,4950751.311486,16213339.46272,0,0,0,-1.087760340225,-0.5737854024764,33082743.94461,31397043.2169529,164992495.044,0.005622917982446,0,0,0,7.675434203898,9.178731978269e-82,0,2.467333876263,-0.5732541171075,-14.67124487789,-0.4590576189512,1.350200404097,-13.31332325349,-22215.49421754,4227.467987686,0,0,259435.400,2296,224,0,253295.2707369
253500,-24280061.36311,4950711.503742,16213115.77511,0,0,0,-1.08780859965,-0.5738423851454,33083166.67719,31397465.9493416,164994716.5238,0.005622917981172,0,0,0,7.674854908195,9.176871873733e-82,0,2.467311689758,-0.5733109904307,-14.67204233006,-0.4589986918202,1.350208664395,-13.31399677208,-22214.10147449,4227.202957496,0,0,259435.500,2296,224,0,253395.2693268
253600,-24280218.87022,4950671.697798,16212892.08502,0,0,0,-1.087856868697,-0.5738993657193,33083589.38328,31397888.6552275,164996937.8643,0.005622917979898,0,0,0,7.67427558373,9.175011958087e-82,0,2.467289499603,-0.5733678619193,-14.67283975651,-0.4589397477776,1.350216925102,-13.31467024493,-22212.70874123,4226.937929168,0,0,259435.600,2296,224,0,253495.2679168
253700,-24280376.37547,4950631.893654,16212668.39243,0,0,0,-1.087905147368,-0.573956344198,33084012.06286,31398311.334609,164999159.0655,0.005622917978624,0,0,0,7.673696230527,9.173152231437e-82,0,2.467267307721,-0.5734247310598,-14.67363715004,-0.4588808151515,1.350225186219,-13.31534366484,-22211.31591008,4226.672882214,0,0,259435.700,2296,224,0,253595.2665069
253800,-24280533.87886,4950592.091311,16212444.69736,0,0,0,-1.087953435665,-0.5740133205814,33084434.71593,31398733.9874846,165001380.1274,0.005622917977351,0,0,0,7.673116848612,9.171292693885e-82,0,2.46724510887,-0.5734815984565,-14.67443451911,-0.4588219070955,1.350233447744,-13.31601704031,-22209.92293211,4226.40780732,0,0,259435.800,2296,224,0,253695.2650971
253900,-24280691.3804,4950552.290768,16212220.9998,0,0,0,-1.088001733588,-0.5740702948693,33084857.3425,31399156.6138525,165003601.0501,0.005622917976077,0,0,0,7.67253743801,9.169433345541e-82,0,2.467222907987,-0.5735384631823,-14.67523185073,-0.4587629693083,1.350241709678,-13.31669035831,-22208.52987584,4226.142717525,0,0,259435.900,2296,224,0,253795.2636873
254000,-24280848.88008,4950512.492025,16211997.29975,0,0,0,-1.08805004114,-0.5741272670616,33085279.94255,31399579.2135051,165005821.8345,0.005622917974803,0,0,0,7.671751739626,9.167574186502e-82,0,2.467200703789,-0.5735953262383,-14.67602915894,-0.4587040231139,1.35024997202,-13.31736363291,-22207.67869799,4225.980743766,0,0,259436.000,2296,224,0,253895.2622777
254100,-24281006.37791,4950472.695083,16211773.59721,0,0,0,-1.088098358321,-0.5741842371581,33085702.5161,31400001.786853,165008042.4785,0.005622917973529,0,0,0,7.671172289851,9.165715216874e-82,0,2.467178495848,-0.5736521869946,-14.67682643491,-0.4586450603555,1.350258234771,-13.31803685527,-22205.7435871,4225.612504408,0,0,259436.100,2296,224,0,253995.2608681
254200,-24281163.87389,4950432.899941,16211549.89218,0,0,0,-1.088146685133,-0.5742412051589,33086125.06313,31400424.3336885,165010262.9832,0.005622917972256,0,0,0,7.670592811472,9.163856436759e-82,0,2.46715628441,-0.5737090459591,-14.67762368575,-0.4585861100745,1.350266497931,-13.31871003251,-22204.35035463,4225.347381085,0,0,259436.200,2296,224,0,254095.2594587
254300,-24281321.36801,4950393.1066,16211326.18466,0,0,0,-1.088195021577,-0.5742981710637,33086547.58365,31400846.8540099,165012483.3486,0.005622917970982,0,0,0,7.670013304515,9.161997846262e-82,0,2.467134071007,-0.573765902414,-14.6784209014,-0.4585271838231,1.350274761499,-13.31938315457,-22202.95700471,4225.082235411,0,0,259436.300,2296,224,0,254195.2580493
254400,-24281478.86027,4950353.315058,16211102.47466,0,0,0,-1.088243367655,-0.5743551348724,33086970.07765,31401269.3478156,165014703.5746,0.005622917969708,0,0,0,7.669433769004,9.160139445487e-82,0,2.467111850661,-0.573822757183,-14.67921809342,-0.4584682290649,1.350283025475,-13.32005623301,-22201.56351775,4224.817063659,0,0,259436.400,2296,224,0,254295.25664
254500,-24281636.35068,4950313.525317,16210878.76216,0,0,0,-1.088291723368,-0.5744120965849,33087392.54514,31401691.8151041,165016923.6613,0.005622917968434,0,0,0,7.668854204964,9.158281234544e-82,0,2.46708962831,-0.57387960958,-14.68001525217,-0.4584092645489,1.350291289859,-13.32072925821,-22200.17002101,4224.551890045,0,0,259436.500,2296,224,0,254395.2552308
254600,-24281793.83923,4950273.737376,16210655.04718,0,0,0,-1.088340088717,-0.5744690562011,33087814.98611,31402114.2558736,165019143.6086,0.005622917967161,0,0,0,7.668274612421,9.156423213522e-82,0,2.467067402292,-0.5739364600256,-14.68081238357,-0.4583502843765,1.350299554651,-13.32140223607,-22198.77635786,4224.286684766,0,0,259436.600,2296,224,0,254495.2538217
254700,-24281951.32593,4950233.951236,16210431.3297,0,0,0,-1.088388463704,-0.5745260137208,33088237.40055,31402536.6701225,165021363.4166,0.005622917965887,0,0,0,7.667694991399,9.154565382535e-82,0,2.467045172795,-0.5739933082749,-14.68160948416,-0.4582913153553,1.35030781985,-13.32207516316,-22197.38269471,4224.021479487,0,0,259436.700,2296,224,0,254595.2524127
254800,-24282108.81077,4950194.166895,16210207.60974,0,0,0,-1.08843684833,-0.5745829691439,33088659.78848,31402959.0578493,165023583.0851,0.005622917964613,0,0,0,7.667115341922,9.152707741686e-82,0,2.467022941589,-0.5740501540836,-14.68240655054,-0.4582323700046,1.350316085457,-13.32274803606,-22195.98894347,4223.756257445,0,0,259436.800,2296,224,0,254695.2510038
254900,-24282266.29375,4950154.384355,16209983.88729,0,0,0,-1.088485242597,-0.5746399224703,33089082.14988,31403381.4190523,165025802.6143,0.005622917963339,0,0,0,7.666535664016,9.15085029107e-82,0,2.467000703111,-0.5741069983913,-14.68320359587,-0.4581733975732,1.350324351472,-13.32342086794,-22194.59501604,4223.491001874,0,0,259436.900,2296,224,0,254795.2495949
255000,-24282423.77488,4950114.603615,16209760.16235,0,0,0,-1.088533646505,-0.5746968736999,33089504.48475,31403803.7535238,165028022.0052,0.005622917962065,0,0,0,7.665749862951,9.148993030799e-82,0,2.466978462974,-0.5741638403093,-14.68400060769,-0.4581144145272,1.350332617894,-13.32409364636,-22193.74258529,4223.328789696,0,0,259437.000,2296,224,0,254895.2481862
255100,-24282581.25416,4950074.824675,16209536.43493,0,0,0,-1.088582060056,-0.5747538228325,33089926.7931,31404226.0616743,165030241.2556,0.005622917960792,0,0,0,7.665170146489,9.147135960974e-82,0,2.466956219337,-0.5742206798583,-14.6847975863,-0.4580554165361,1.350340884724,-13.32476637159,-22191.80702414,4222.960464656,0,0,259437.100,2296,224,0,254995.2467775
255200,-24282738.73157,4950035.047534,16209312.70501,0,0,0,-1.088630483252,-0.5748107698681,33090349.07492,31404648.3432963,165032460.3666,0.005622917959518,0,0,0,7.664590401681,9.145279081695e-82,0,2.466933971482,-0.5742775176074,-14.68559453967,-0.4579964299027,1.35034915196,-13.32543905163,-22190.41284222,4222.695160657,0,0,259437.200,2296,224,0,255095.2453689
255300,-24282896.20714,4949995.272194,16209088.9726,0,0,0,-1.088678916093,-0.5748677148064,33090771.33021,31405070.598388,165034679.3382,0.005622917958244,0,0,0,7.664010628554,9.143422393066e-82,0,2.466911720338,-0.5743343535957,-14.68639146835,-0.4579374673103,1.350357419604,-13.32611168703,-22189.01863092,4222.42985107,0,0,259437.300,2296,224,0,255195.2439604
255400,-24283053.68084,4949955.498654,16208865.23771,0,0,0,-1.088727358582,-0.5749246576474,33091193.55897,31405492.8269478,165036898.1704,0.00562291795697,0,0,0,7.663430827132,9.141565895194e-82,0,2.4668894675,-0.5743911870548,-14.68718836156,-0.4578784767223,1.350365687654,-13.32678426702,-22187.62437069,4222.16453217,0,0,259437.400,2296,224,0,255295.242552
255500,-24283211.15269,4949915.726915,16208641.50033,0,0,0,-1.088775810719,-0.574981598391,33091615.76119,31405915.0289741,165039116.8631,0.005622917955697,0,0,0,7.66285099744,9.139709588179e-82,0,2.466867207915,-0.5744480182139,-14.68798522253,-0.4578194757618,1.350373956111,-13.32745679481,-22186.22989512,4221.899172291,0,0,259437.500,2296,224,0,255395.2411437
255600,-24283368.62269,4949875.956974,16208417.76046,0,0,0,-1.088824272506,-0.575038537037,33092037.93688,31406337.2044653,165041335.4163,0.005622917954423,0,0,0,7.662271139502,9.137853472122e-82,0,2.466844945888,-0.5745048474922,-14.68878205712,-0.4577604588189,1.350382224975,-13.32812927628,-22184.83542933,4221.633814275,0,0,259437.600,2296,224,0,255495.2397355
255700,-24283526.09083,4949836.188834,16208194.0181,0,0,0,-1.088872743945,-0.5750954735852,33092460.08604,31406759.3534198,165043553.8302,0.005622917953149,0,0,0,7.661691253343,9.135997547126e-82,0,2.466822680747,-0.5745616744229,-14.6895788588,-0.4577014535059,1.350390494245,-13.3288017049,-22183.44086567,4221.368437633,0,0,259437.700,2296,224,0,255595.2383273
255800,-24283683.55711,4949796.422494,16207970.27325,0,0,0,-1.088921225036,-0.5751524080357,33092882.20865,31407181.4758359,165045772.1045,0.005622917951875,0,0,0,7.661111338989,9.134141813295e-82,0,2.46680041161,-0.5746184998993,-14.69037564009,-0.4576424728531,1.350398763922,-13.3294740932,-22182.04633136,4221.103066579,0,0,259437.800,2296,224,0,255695.2369193
255900,-24283841.02154,4949756.657954,16207746.52591,0,0,0,-1.088969715781,-0.5752093403882,33093304.30472,31407603.5717121,165047990.2394,0.005622917950602,0,0,0,7.660531396465,9.132286270734e-82,0,2.466778141053,-0.5746753224969,-14.69117238101,-0.4575834633467,1.350407034005,-13.33014642119,-22180.65159151,4220.837656409,0,0,259437.900,2296,224,0,255795.2355113
256000,-24283998.48411,4949716.895214,16207522.77609,0,0,0,-1.089018216182,-0.5752662706426,33093726.37426,31408025.6408407,165050208.2359,0.005622917949328,0,0,0,7.659745496432,9.13043091954e-82,0,2.466755864687,-0.5747321435985,-14.69196910095,-0.4575244434912,1.350415304494,-13.33081870828,-22179.79785892,4220.675196499,0,0,259438.000,2296,224,0,255895.2341035
256100,-24284155.94482,4949677.134273,16207299.02377,0,0,0,-1.089066726239,-0.5753231987988,33094148.41725,31408447.6836322,165052426.0919,0.005622917948054,0,0,0,7.659165515969,9.12857575982e-82,0,2.466733583553,-0.5747889622775,-14.69276578693,-0.457465409839,1.350423575389,-13.33149094147,-22177.86188666,4220.306793228,0,0,259438.100,2296,224,0,255995.2326957
256200,-24284313.40368,4949637.375133,16207075.26897,0,0,0,-1.089115245955,-0.5753801248567,33094570.43369,31408869.6998788,165054643.8083,0.00562291794678,0,0,0,7.658585507419,9.126720791673e-82,0,2.466711299862,-0.5748457790819,-14.69356244662,-0.4574063866492,1.35043184669,-13.33216312846,-22176.46692168,4220.041340217,0,0,259438.200,2296,224,0,256095.231288
256300,-24284470.86069,4949597.617792,16206851.51168,0,0,0,-1.08916377533,-0.5754370488161,33094992.42359,31409291.689579,165056861.3852,0.005622917945506,0,0,0,7.658005470808,9.124866015205e-82,0,2.466689013299,-0.5749025934259,-14.69435907182,-0.4573473882377,1.350440118396,-13.33283526103,-22175.07191754,4219.775879756,0,0,259438.300,2296,224,0,256195.2298804
256400,-24284628.31583,4949557.862251,16206627.75191,0,0,0,-1.089212314366,-0.575493970677,33095414.38694,31409713.6527312,165059078.8227,0.005622917944233,0,0,0,7.65742540616,9.123011430515e-82,0,2.466666722549,-0.5749594059957,-14.69515567213,-0.4572883606444,1.350448390509,-13.33350734881,-22173.67673721,4219.510385767,0,0,259438.400,2296,224,0,256295.2284728
256500,-24284785.76912,4949518.10851,16206403.98964,0,0,0,-1.089260863064,-0.5755508904391,33095836.32374,31410135.5893337,165061296.1206,0.005622917942959,0,0,0,7.656845313501,9.12115703771e-82,0,2.466644430114,-0.575016216163,-14.69595223876,-0.4572293236714,1.350456663026,-13.33417938299,-22172.28150794,4219.244882464,0,0,259438.500,2296,224,0,256395.2270654
256600,-24284943.22056,4949478.356568,16206180.22489,0,0,0,-1.089309421425,-0.5756078081024,33096258.23399,31410557.4993849,165063513.279,0.005622917941685,0,0,0,7.656265192856,9.119302836883e-82,0,2.466622130911,-0.5750730244946,-14.69674877965,-0.4571702696713,1.350464935949,-13.33485137152,-22170.88616121,4218.97935681,0,0,259438.600,2296,224,0,256495.2256581
256700,-24285100.67013,4949438.606427,16205956.45764,0,0,0,-1.089357989452,-0.5756647236668,33096680.11769,31410979.3828833,165065730.2978,0.005622917940411,0,0,0,7.655685044248,9.117448828143e-82,0,2.4665998294,-0.5751298306646,-14.69754529023,-0.4571112160453,1.350473209277,-13.33552330984,-22169.49073617,4218.713816255,0,0,259438.700,2296,224,0,256595.2242508
256800,-24285258.11785,4949398.858085,16205732.68791,0,0,0,-1.089406567145,-0.5757216371321,33097101.97483,31411401.2398272,165067947.1771,0.005622917939138,0,0,0,7.655104867704,9.115595011591e-82,0,2.466577524519,-0.5751866347837,-14.69834177205,-0.4570522124357,1.350481483011,-13.3361951995,-22168.09532092,4218.448277563,0,0,259438.800,2296,224,0,256695.2228437
256900,-24285415.56372,4949359.111542,16205508.91569,0,0,0,-1.089455154506,-0.5757785484982,33097523.80541,31411823.070215,165070163.9169,0.005622917937864,0,0,0,7.654524663248,9.11374138733e-82,0,2.466555215848,-0.5752434366414,-14.69913822217,-0.4569931664789,1.350489757149,-13.33686703755,-22166.69969033,4218.182697892,0,0,259438.900,2296,224,0,256795.2214366
257000,-24285573.00773,4949319.3668,16205285.14099,0,0,0,-1.089503751535,-0.5758354577649,33097945.60944,31412244.8738392,165072380.5181,0.00562291793659,0,0,0,7.653738667967,9.11188795546e-82,0,2.466532903736,-0.5753002364473,-14.69993464351,-0.4569341116892,1.350498031692,-13.33753882694,-22165.84462654,4218.019984663,0,0,259439.000,2296,224,0,256895.2200296
257100,-24285730.44988,4949279.623857,16205061.36379,0,0,0,-1.089552358235,-0.5758923649322,33098367.38691,31412666.65111,165074596.9787,0.005622917935316,0,0,0,7.65315842619,9.110034716081e-82,0,2.466510589748,-0.5753570341454,-14.70073103531,-0.4568750407734,1.35050630664,-13.33821056689,-22163.90832149,4217.651518062,0,0,259439.100,2296,224,0,256995.2186227
257200,-24285887.89017,4949239.882713,16204837.58411,0,0,0,-1.089600974607,-0.57594927,33098789.13782,31413088.4018197,165076813.2998,0.005622917934043,0,0,0,7.652578156586,9.1081816693e-82,0,2.466488269272,-0.5754138293746,-14.70152739248,-0.4568159819838,1.350514581993,-13.33888225233,-22162.51245598,4217.385893688,0,0,259439.200,2296,224,0,257095.2172159
257300,-24286045.32861,4949200.143369,16204613.80194,0,0,0,-1.089649600652,-0.576006172968,33099210.86217,31413510.1259669,165079029.4812,0.005622917932769,0,0,0,7.651997859179,9.106328815211e-82,0,2.466465945682,-0.5754706232276,-14.70232373036,-0.4567569461534,1.35052285775,-13.33955389859,-22161.11647301,4217.120246962,0,0,259439.300,2296,224,0,257195.2158092
257400,-24286202.76519,4949160.405825,16204390.01728,0,0,0,-1.089698236372,-0.5760630738362,33099632.55995,31413931.82355,165081245.5231,0.005622917931495,0,0,0,7.651417533995,9.104476153925e-82,0,2.466443619469,-0.575527414331,-14.70312002968,-0.4566978787348,1.350531133911,-13.34022548642,-22159.7204411,4216.854590923,0,0,259439.400,2296,224,0,257295.2144025
257500,-24286360.19992,4949120.67008,16204166.23014,0,0,0,-1.089746881767,-0.5761199726044,33100054.23116,31414353.4945673,165083461.4253,0.005622917930221,0,0,0,7.650837181058,9.102623685534e-82,0,2.466421289283,-0.5755842036891,-14.70391630453,-0.4566388078917,1.350539410476,-13.3408970299,-22158.3244092,4216.588934883,0,0,259439.500,2296,224,0,257395.212996
257600,-24286517.63279,4949080.936135,16203942.4405,0,0,0,-1.08979553684,-0.5761768692725,33100475.87581,31414775.1390171,165085677.188,0.005622917928948,0,0,0,7.650256800394,9.100771410147e-82,0,2.46639895727,-0.5756409910488,-14.70471255136,-0.4565797192411,1.350547687446,-13.34156852548,-22156.92830877,4216.323265806,0,0,259439.600,2296,224,0,257495.2115895
257700,-24286675.0638,4949041.203989,16203718.64838,0,0,0,-1.089844201592,-0.5762337638405,33100897.49389,31415196.7568979,165087892.811,0.005622917927674,0,0,0,7.649676392027,9.09891932786e-82,0,2.466376618349,-0.5756977761829,-14.70550876699,-0.4565206418684,1.350555964819,-13.34223996999,-22155.53204194,4216.057565063,0,0,259439.700,2296,224,0,257595.2101832
257800,-24286832.49295,4949001.473643,16203494.85377,0,0,0,-1.089892876023,-0.5762906563081,33101319.0854,31415618.3482081,165090108.2944,0.0056229179264,0,0,0,7.649095955982,9.097067438778e-82,0,2.466354277511,-0.5757545588735,-14.70630494835,-0.4564615905936,1.350564242597,-13.34291136037,-22154.13569681,4215.791849419,0,0,259439.800,2296,224,0,257695.2087769
257900,-24286989.92025,4948961.745096,16203271.05667,0,0,0,-1.089941560136,-0.5763475466752,33101740.65034,31416039.9129461,165092323.6381,0.005622917925126,0,0,0,7.648515492285,9.095215743002e-82,0,2.466331933173,-0.5758113397266,-14.70710110395,-0.4564025081843,1.350572520778,-13.34358270512,-22152.73932231,4215.526128188,0,0,259439.900,2296,224,0,257795.2073707
258000,-24287147.34569,4948922.018349,16203047.25709,0,0,0,-1.089990253931,-0.5764044349418,33102162.1887,31416461.4509047,165094538.8433,0.005622917923852,0,0,0,7.647729405479,9.093364240631e-82,0,2.466309584791,-0.5758681186398,-14.70789723235,-0.4563434141885,1.350580799362,-13.34425400282,-22151.88303499,4215.363182127,0,0,259440.000,2296,240,0,257895.2059646
258100,-24287304.76927,4948882.293401,16202823.45502,0,0,0,-1.090038957411,-0.5764613211077,33102583.70049,31416882.9624934,165096753.9078,0.005622917922579,0,0,0,7.647148905079,9.091512931768e-82,0,2.466287233344,-0.5759248950428,-14.70869332555,-0.4562843089411,1.35058907835,-13.34492524546,-22149.94626988,4214.994627982,0,0,259440.100,2296,240,0,257995.2045586
258200,-24287462.191,4948842.570252,16202599.65046,0,0,0,-1.090087670576,-0.5765182051727,33103005.1857,31417304.447505,165098968.8325,0.005622917921305,0,0,0,7.646568377111,9.089661816513e-82,0,2.466264879629,-0.5759816693435,-14.70949744818,-0.4562252302765,1.350597357742,-13.34560449768,-22148.54964089,4214.728858322,0,0,259440.200,2296,240,0,258095.2031527
258300,-24287619.61087,4948802.848903,16202375.84341,0,0,0,-1.090136393428,-0.5765750871368,33103426.64433,31417725.9059379,165101183.6177,0.005622917920031,0,0,0,7.6459878216,9.087810894966e-82,0,2.466242518849,-0.5760384420016,-14.7103133673,-0.4561661418333,1.350605637536,-13.34629552654,-22147.15278677,4214.463045821,0,0,259440.300,2296,240,0,258195.2017469
258400,-24287777.02888,4948763.129353,16202152.03387,0,0,0,-1.090185125969,-0.5766319669997,33103848.07638,31418147.3377905,165103398.2631,0.005622917918757,0,0,0,7.64540723857,9.085960167228e-82,0,2.46622015625,-0.5760952123317,-14.71112925296,-0.4561070408141,1.350613917734,-13.3469865021,-22145.75592286,4214.197231457,0,0,259440.400,2296,240,0,258295.2003411
258500,-24287934.44504,4948723.411603,16201928.22185,0,0,0,-1.090233868199,-0.5766888447615,33104269.48185,31418568.7430613,165105612.7688,0.005622917917484,0,0,0,7.644826628048,9.084109633402e-82,0,2.466197789998,-0.5761519807355,-14.71194511094,-0.4560479305012,1.350622198335,-13.34767743013,-22144.35896106,4213.931398466,0,0,259440.500,2296,240,0,258395.1989354
258600,-24288091.85934,4948683.695651,16201704.40734,0,0,0,-1.09028262012,-0.5767457204219,33104690.86074,31418990.1217485,165107827.1349,0.00562291791621,0,0,0,7.644245990056,9.082259293588e-82,0,2.466175420361,-0.576208746627,-14.71276093281,-0.4559888057016,1.350630479338,-13.34836830221,-22142.96196012,4213.665558025,0,0,259440.600,2296,240,0,258495.1975299
258700,-24288249.27178,4948643.981499,16201480.59034,0,0,0,-1.090331381733,-0.5768025939809,33105112.21304,31419411.4738506,165110041.3612,0.005622917914936,0,0,0,7.643665324622,9.080409147888e-82,0,2.466153047109,-0.576265510604,-14.71357672717,-0.4559297091123,1.350638760744,-13.34905912695,-22141.56489065,4213.399704546,0,0,259440.700,2296,240,0,258595.1961244
258800,-24288406.68236,4948604.269147,16201256.77086,0,0,0,-1.09038015304,-0.5768594654382,33105533.53875,31419832.799366,165112255.4479,0.005622917913662,0,0,0,7.643084631769,9.078559196399e-82,0,2.466130671739,-0.576322272505,-14.71439249169,-0.4558706020711,1.350647042553,-13.34974990202,-22140.16768415,4213.133824989,0,0,259440.800,2296,240,0,258695.194719
258900,-24288564.09109,4948564.558593,16201032.94888,0,0,0,-1.090428934042,-0.5769163347939,33105954.83788,31420254.098293,165114469.3948,0.005622917912389,0,0,0,7.642503911522,9.076709439226e-82,0,2.466108289715,-0.5763790322087,-14.71520822464,-0.4558114841015,1.350655324764,-13.35044062568,-22138.77037977,4212.867926806,0,0,259440.900,2296,240,0,258795.1933137
259000,-24288721.49796,4948524.849839,16200809.12442,0,0,0,-1.090477724741,-0.5769732020477,33106376.11041,31420675.3704246,165116683.203,0.005622917911115,0,0,0,7.641717736918,9.074859876468e-82,0,2.466085905351,-0.576435789828,-14.71602392762,-0.4557523546189,1.350663607377,-13.35113129957,-22137.9127906,4212.704733014,0,0,259441.000,2296,240,0,258895.1919085
259100,-24288878.90297,4948485.142884,16200585.29748,0,0,0,-1.090526525138,-0.5770300671996,33106797.35636,31421096.6161701,165118896.8705,0.005622917909841,0,0,0,7.641136980589,9.073010508222e-82,0,2.466063517683,-0.5764925452711,-14.71683959933,-0.455693211565,1.350671890393,-13.35182192235,-22135.97565355,4212.336108088,0,0,259441.100,2296,240,0,258995.1905034
259200,-24289036.30613,4948445.437728,16200361.46804,0,0,0,-1.090575335233,-0.5770869302493,33107218.57571,31421517.8353225,165121110.3982,0.005622917908567,0,0,0,7.640556196951,9.071161334593e-82,0,2.466041126205,-0.576549298799,-14.71765524352,-0.4556340973527,1.35068017381,-13.3525124978,-22134.57812403,4212.070167065,0,0,259441.200,2296,240,0,259095.1890983
259300,-24289193.70742,4948405.734371,16200137.63612,0,0,0,-1.09062415503,-0.5771437911969,33107639.76846,31421939.0278801,165123323.7861,0.005622917907293,0,0,0,7.639975386029,9.069312355678e-82,0,2.466018733016,-0.5766060501727,-14.71847085675,-0.4555749717227,1.35068845763,-13.35320302247,-22133.18055537,4211.80421859,0,0,259441.300,2296,240,0,259195.1876934
259400,-24289351.10686,4948366.032813,16199913.80171,0,0,0,-1.090672984528,-0.577200650042,33108060.93462,31422360.1938412,165125537.0343,0.00562291790602,0,0,0,7.639394547848,9.067463571579e-82,0,2.465996332976,-0.5766627991393,-14.71928643538,-0.4555158351878,1.350696741851,-13.35389349274,-22131.78281051,4211.538236588,0,0,259441.400,2296,240,0,259295.1862885
259500,-24289508.50444,4948326.333054,16199689.96481,0,0,0,-1.09072182373,-0.5772575067848,33108482.07419,31422781.3332044,165127750.1427,0.005622917904746,0,0,0,7.638813682433,9.065614982395e-82,0,2.46597393065,-0.576719546592,-14.72010199226,-0.4554566873064,1.350705026474,-13.35458392144,-22130.38502651,4211.272247136,0,0,259441.500,2296,240,0,259395.1848838
259600,-24289665.90017,4948286.635094,16199466.12543,0,0,0,-1.090770672637,-0.5773143614249,33108903.18715,31423202.445968,165129963.1113,0.005622917903472,0,0,0,7.63823278981,9.063766588229e-82,0,2.465951524841,-0.5767762914441,-14.72091751176,-0.4553975257981,1.350713311499,-13.35527429296,-22128.98720334,4211.006250232,0,0,259441.600,2296,240,0,259495.1834791
259700,-24289823.29404,4948246.938934,16199242.28356,0,0,0,-1.09081953125,-0.5773712139623,33109324.27351,31423623.5321304,165132175.9401,0.005622917902198,0,0,0,7.637651870002,9.06191838918e-82,0,2.465929115488,-0.576833034178,-14.72173300082,-0.4553383941521,1.350721596925,-13.35596461425,-22127.58931167,4210.740240291,0,0,259441.700,2296,240,0,259595.1820745
259800,-24289980.68604,4948207.244572,16199018.4392,0,0,0,-1.09086839957,-0.5774280643968,33109745.33327,31424044.59169,165134388.6291,0.005622917900925,0,0,0,7.637070923036,9.060070385342e-82,0,2.465906702373,-0.5768897751058,-14.72254846392,-0.4552792517833,1.350729882752,-13.35665488978,-22126.19127316,4210.474202409,0,0,259441.800,2296,240,0,259695.18067
259900,-24290138.0762,4948167.55201,16198794.59236,0,0,0,-1.090917277599,-0.5774849127284,33110166.36642,31424465.6246451,165136601.1783,0.005622917899651,0,0,0,7.636489948936,9.058222576824e-82,0,2.465884287376,-0.5769465135943,-14.72336389196,-0.45522009546,1.35073816898,-13.35734511046,-22124.79315635,4210.208149627,0,0,259441.900,2296,240,0,259795.1792656
260000,-24290295.46449,4948127.861246,16198570.74303,0,0,0,-1.090966165338,-0.5775417589568,33110587.37297,31424886.6307889,165138813.5888,0.005622917898377,0,0,0,7.635703690265,9.056374963722e-82,0,2.465861865399,-0.5770032504739,-14.72417929689,-0.4551609302989,1.35074645561,-13.35803528822,-22123.93426535,4210.044708103,0,0,259442.000,2296,240,0,259895.1778612
260100,-24290452.85093,4948088.172281,16198346.89121,0,0,0,-1.09101506279,-0.5775986030821,33111008.35291,31425307.6105304,165141025.8584,0.005622917897103,0,0,0,7.635122680702,9.054527546134e-82,0,2.465839441722,-0.5770599847085,-14.7249946638,-0.4551017503198,1.35075474264,-13.35872540819,-22121.99666824,4209.675995633,0,0,259442.100,2296,240,0,259995.176457
260200,-24290610.2355,4948048.485116,16198123.0369,0,0,0,-1.091063969954,-0.577655445104,33111429.30624,31425728.5636626,165143237.9881,0.00562291789583,0,0,0,7.634541644089,9.052680324164e-82,0,2.46581701402,-0.5771167169669,-14.7258100023,-0.4550425995042,1.350763030071,-13.35941547998,-22120.59825779,4209.409886971,0,0,259442.200,2296,240,0,260095.1750529
260300,-24290767.61822,4948008.799749,16197899.18011,0,0,0,-1.091112886832,-0.5777122850224,33111850.23296,31426149.490184,165145449.9781,0.005622917894556,0,0,0,7.633960580453,9.050833297906e-82,0,2.465794582864,-0.577173447276,-14.7266253128,-0.4549834390635,1.350771317903,-13.36010550397,-22119.19981796,4209.143772721,0,0,259442.300,2296,240,0,260195.1736488
260400,-24290924.99909,4947969.116181,16197675.32083,0,0,0,-1.091161813427,-0.5777691228371,33112271.13307,31426570.3900929,165147661.8281,0.005622917893282,0,0,0,7.633379489817,9.048986467465e-82,0,2.465772148226,-0.5772301752663,-14.72744058996,-0.4549242663262,1.350779606135,-13.36079547486,-22117.80129984,4208.87764357,0,0,259442.400,2296,240,0,260295.1722448
260500,-24291082.37809,4947929.434411,16197451.45907,0,0,0,-1.091210749738,-0.5778259585482,33112692.00657,31426991.2633877,165149873.5383,0.005622917892008,0,0,0,7.632798372208,9.047139832937e-82,0,2.465749711435,-0.5772869016119,-14.7282558435,-0.454865081697,1.350787894768,-13.36148540234,-22116.40271319,4208.611501381,0,0,259442.500,2296,240,0,260395.1708409
260600,-24291239.75524,4947889.754441,16197227.59481,0,0,0,-1.091259695768,-0.5778827921554,33113112.85345,31427412.1100668,165152085.1086,0.005622917890734,0,0,0,7.632217227649,9.045293394423e-82,0,2.46572726813,-0.5773436251689,-14.72907105695,-0.4548059007287,1.350796183801,-13.36217526998,-22115.00394057,4208.345323801,0,0,259442.600,2296,240,0,260495.1694372
260700,-24291397.13053,4947850.07627,16197003.72807,0,0,0,-1.091308651518,-0.5779396236586,33113533.67371,31427832.9301287,165154296.5391,0.005622917889461,0,0,0,7.631636056166,9.04344715202e-82,0,2.465704822217,-0.5774003471373,-14.72988624757,-0.4547467153391,1.350804473234,-13.36286509502,-22113.60517773,4208.079148084,0,0,259442.700,2296,240,0,260595.1680334
260800,-24291554.50396,4947810.399897,16196779.85885,0,0,0,-1.09135761699,-0.5779964530577,33113954.46735,31428253.7235717,165156507.8297,0.005622917888187,0,0,0,7.631054857784,9.041601105833e-82,0,2.465682373173,-0.5774570666881,-14.73070140345,-0.4546875357521,1.350812763067,-13.36355486556,-22112.20631702,4207.81295374,0,0,259442.800,2296,240,0,260695.1666298
260900,-24291711.87553,4947770.725323,16196555.98713,0,0,0,-1.091406592184,-0.5780532803525,33114375.23437,31428674.4903942,165158718.9804,0.005622917886913,0,0,0,7.630473632527,9.039755255955e-82,0,2.465659920337,-0.5775137845614,-14.73151653522,-0.4546283443413,1.3508210533,-13.36424459223,-22110.80735842,4207.54674077,0,0,259442.900,2296,240,0,260795.1652263
261000,-24291869.24524,4947731.052548,16196332.11293,0,0,0,-1.091455577102,-0.578110105543,33114795.97477,31429095.2303895,165160929.9922,0.005622917885639,0,0,0,7.629687293525,9.037909602487e-82,0,2.465637465664,-0.5775704998479,-14.73233162981,-0.4545691408351,1.350829343933,-13.36493426196,-22109.94720473,4207.383058965,0,0,259443.000,2296,240,0,260895.1638229
261100,-24292026.6131,4947691.381571,16196108.23625,0,0,0,-1.091504571746,-0.578166928629,33115216.68855,31429515.9439662,165163140.8631,0.005622917884366,0,0,0,7.629106033426,9.036064145533e-82,0,2.465615004136,-0.5776272131272,-14.73314669556,-0.4545099416955,1.350837634965,-13.3656238831,-22108.00916715,4207.014262676,0,0,259443.100,2296,240,0,260995.1624195
261200,-24292183.9791,4947651.712393,16195884.35707,0,0,0,-1.091553576116,-0.5782237496103,33115637.3757,31429936.6309176,165165351.5941,0.005622917883092,0,0,0,7.628524746538,9.034218885188e-82,0,2.465592540507,-0.5776839243705,-14.73396173204,-0.4544507369886,1.350845926397,-13.36631345523,-22106.60995405,4206.748001277,0,0,259443.200,2296,240,0,261095.1610163
261300,-24292341.34323,4947612.045014,16195660.47541,0,0,0,-1.091602590215,-0.5782805684869,33116058.03622,31430357.2912421,165167562.1851,0.005622917881818,0,0,0,7.627943432886,9.03237382155e-82,0,2.465570073305,-0.5777406333591,-14.73477673613,-0.454391539136,1.350854218228,-13.36700297522,-22105.21067244,4206.48172684,0,0,259443.300,2296,240,0,261195.1596131
261400,-24292498.70552,4947572.379433,16195436.59127,0,0,0,-1.091651614043,-0.5783373852587,33116478.67012,31430777.9249381,165169772.6362,0.005622917880544,0,0,0,7.627362092495,9.030528954718e-82,0,2.465547602471,-0.5777973404204,-14.73559171251,-0.4543323304915,1.350862510459,-13.36769244776,-22103.8113321,4206.215441227,0,0,259443.400,2296,240,0,261295.15821
261500,-24292656.06594,4947532.715651,16195212.70464,0,0,0,-1.091700647603,-0.5783941999254,33116899.27738,31431198.532004,165171982.9474,0.005622917879271,0,0,0,7.62678072539,9.028684284791e-82,0,2.46552512791,-0.5778540452923,-14.73640665743,-0.4542730960677,1.350870803089,-13.36838186911,-22102.41189387,4205.949136987,0,0,259443.500,2296,240,0,261395.156807
261600,-24292813.4245,4947493.053668,16194988.81552,0,0,0,-1.091749690894,-0.578451012487,33117319.85802,31431619.1124381,165174193.1186,0.005622917877997,0,0,0,7.626199331595,9.026839811872e-82,0,2.465502651568,-0.5779107479602,-14.73722157067,-0.4542138926964,1.350879096117,-13.36907123904,-22101.01240671,4205.682823434,0,0,259443.600,2296,240,0,261495.1554041
261700,-24292970.78121,4947453.393483,16194764.92391,0,0,0,-1.09179874392,-0.5785078229433,33117740.41202,31432039.6662389,165176403.1498,0.005622917876723,0,0,0,7.625617911136,9.024995536055e-82,0,2.465480168292,-0.5779674485188,-14.7380364536,-0.4541546696483,1.350887389545,-13.36977935733,-22099.61276293,4205.416480079,0,0,259443.700,2296,240,0,261595.1540013
261800,-24293128.13605,4947413.735097,16194541.02982,0,0,0,-1.091847806681,-0.5785646312943,33118160.93938,31432460.1934048,165178613.0411,0.005622917875449,0,0,0,7.625036464039,9.023151457439e-82,0,2.465457682732,-0.5780241474466,-14.73885131309,-0.4540954539337,1.350895683371,-13.37052981147,-22098.21297233,4205.150108784,0,0,259443.800,2296,240,0,261695.1525986
261900,-24293285.48904,4947374.078509,16194317.13324,0,0,0,-1.091896879178,-0.5786214375398,33118581.44011,31432880.6939342,165180822.7924,0.005622917874176,0,0,0,7.624454990327,9.021307576125e-82,0,2.465435193804,-0.5780808435283,-14.73966613168,-0.4540362265279,1.350903977596,-13.37128020792,-22096.81317194,4204.883735627,0,0,259443.900,2296,240,0,261795.1511959
262000,-24293442.84017,4947334.42372,16194093.23418,0,0,0,-1.091945961413,-0.5786782416796,33119001.9142,31433301.1676205,165183032.4048,0.005622917872902,0,0,0,7.623668574732,9.019463892211e-82,0,2.465412700944,-0.5781375379969,-14.74048092708,-0.4539769851106,1.350912272219,-13.3720305644,-22095.95170662,4204.719804227,0,0,259444.000,2296,240,0,261895.1497934
262100,-24293600.18944,4947294.77073,16193869.33263,0,0,0,-1.091995053388,-0.5787350437136,33119422.36165,31433721.614872,165185241.8761,0.005622917871628,0,0,0,7.623087066799,9.017620405792e-82,0,2.465390206486,-0.5781942301064,-14.74129568858,-0.4539177503862,1.350920567241,-13.3727808702,-22094.01330687,4204.350939021,0,0,259444.100,2296,240,0,261995.1483909
262200,-24293757.53686,4947255.119537,16193645.42859,0,0,0,-1.092044155103,-0.5787918436418,33119842.78246,31434142.0354821,165187451.2075,0.005622917870354,0,0,0,7.622505532337,9.01577711697e-82,0,2.465367705369,-0.5782509201667,-14.74211042063,-0.453858510503,1.350928862661,-13.37353112978,-22092.61327156,4204.08452116,0,0,259444.200,2296,240,0,262095.1469885
262300,-24293914.88241,4947215.470144,16193421.52207,0,0,0,-1.092093266561,-0.5788486414639,33120263.17663,31434562.4294493,165189660.3988,0.00562291786908,0,0,0,7.621923971371,9.013934025846e-82,0,2.465345201622,-0.5783076080949,-14.74292512204,-0.4537992750253,1.350937158479,-13.37428134195,-22091.21306985,4203.818071634,0,0,259444.300,2296,240,0,262195.1455863
262400,-24294072.22611,4947175.822548,16193197.61306,0,0,0,-1.092142387761,-0.5789054371799,33120683.54415,31434982.796772,165191869.4501,0.005622917867807,0,0,0,7.621342383926,9.012091132511e-82,0,2.465322694631,-0.5783642940284,-14.74373979478,-0.45374002978,1.350945454695,-13.37503150867,-22089.81284857,4203.551618382,0,0,259444.400,2296,240,0,262295.1441841
262500,-24294229.56794,4947136.176751,16192973.70156,0,0,0,-1.092191518707,-0.5789622307896,33121103.88503,31435403.1374485,165194078.3614,0.005622917866533,0,0,0,7.620760770026,9.010248437068e-82,0,2.46530018394,-0.5784209778548,-14.74455443724,-0.4536807718649,1.350953751309,-13.37578162835,-22088.41262728,4203.285165131,0,0,259444.500,2296,240,0,262395.142782
262600,-24294386.90792,4947096.532752,16192749.78758,0,0,0,-1.092240659399,-0.579019022293,33121524.19926,31435823.4514773,165196287.1326,0.005622917865259,0,0,0,7.620179129698,9.008405939613e-82,0,2.465277669717,-0.578477659573,-14.7453690494,-0.4536215173309,1.350962048321,-13.37653170097,-22087.01218086,4203.018669039,0,0,259444.600,2296,240,0,262495.1413799
262700,-24294544.24604,4947056.890552,16192525.87111,0,0,0,-1.092289809839,-0.5790758116898,33121944.48684,31436243.7388567,165198495.7638,0.005622917863985,0,0,0,7.619597462966,9.006563640249e-82,0,2.465255153552,-0.5785343389742,-14.74618362826,-0.4535622586754,1.35097034573,-13.37728172352,-22085.61176381,4202.752178535,0,0,259444.700,2296,240,0,262595.139978
262800,-24294701.5823,4947017.25015,16192301.95216,0,0,0,-1.092338970028,-0.5791325989799,33122364.74776,31436663.9995852,165200704.255,0.005622917862712,0,0,0,7.619015769856,9.004721539067e-82,0,2.465232630362,-0.5785910164678,-14.7469981797,-0.453503006619,1.350978643537,-13.3780317019,-22084.21121951,4202.485663816,0,0,259444.800,2296,240,0,262695.1385762
262900,-24294858.9167,4946977.611546,16192078.03072,0,0,0,-1.092388139967,-0.5791893841633,33122784.98204,31437084.2336611,165202912.6061,0.005622917861438,0,0,0,7.618434050391,9.002879636169e-82,0,2.465210104936,-0.5786476918629,-14.74781270099,-0.4534437418501,1.350986941741,-13.37878163336,-22082.81056755,4202.219128609,0,0,259444.900,2296,240,0,262795.1371744
263000,-24295016.24924,4946937.974741,16191854.10679,0,0,0,-1.092437319658,-0.5792461672397,33123205.18966,31437504.4408781,165205120.8181,0.005622917860164,0,0,0,7.617647561948,9.001037931652e-82,0,2.465187576222,-0.5787043651707,-14.74862719228,-0.4533844824373,1.350995240342,-13.37953151807,-22081.9478689,4202.054962516,0,0,259445.000,2296,240,0,262895.1357728
263100,-24295173.57992,4946898.339734,16191630.18038,0,0,0,-1.092486509102,-0.5793029482091,33123625.37063,31437924.6216442,165207328.8891,0.00562291785889,0,0,0,7.617065808884,8.999196425618e-82,0,2.465165043745,-0.5787610361983,-14.7494416508,-0.4533251921827,1.351003539341,-13.38028135325,-22080.00903848,4201.686015353,0,0,259445.100,2296,240,0,262995.1343712
263200,-24295330.90875,4946858.706525,16191406.25148,0,0,0,-1.092535708301,-0.5793597270713,33124045.52494,31438344.7757528,165209536.8199,0.005622917857617,0,0,0,7.616484029551,8.997355118158e-82,0,2.465142507928,-0.5788177048344,-14.75025607494,-0.4532659171901,1.351011838736,-13.38103113732,-22078.60820053,4201.419444755,0,0,259445.200,2296,240,0,263095.1329697
263300,-24295488.23571,4946819.075114,16191182.3201,0,0,0,-1.092584917256,-0.5794165038263,33124465.65259,31438764.9032025,165211744.6107,0.005622917856343,0,0,0,7.615902223975,8.995514009373e-82,0,2.465119969775,-0.5788743718141,-14.75107047529,-0.4532066455172,1.351020138528,-13.38178088084,-22077.20715703,4201.152835041,0,0,259445.300,2296,240,0,263195.1315683
263400,-24295645.56082,4946779.445502,16190958.38623,0,0,0,-1.092634135968,-0.5794732784738,33124885.75357,31439185.0039917,165213952.2614,0.005622917855069,0,0,0,7.61532039218,8.993673099358e-82,0,2.465097424934,-0.5789310364247,-14.75188484158,-0.4531473620946,1.351028438717,-13.38253057356,-22075.80609395,4200.886221603,0,0,259445.400,2296,240,0,263295.130167
263500,-24295802.88406,4946739.817687,16190734.44988,0,0,0,-1.092683364439,-0.5795300510138,33125305.8279,31439605.0781188,165216159.7719,0.005622917853795,0,0,0,7.614738534192,8.991832388216e-82,0,2.465074877803,-0.5789876991633,-14.75269918097,-0.4530880855332,1.351036739303,-13.38328022264,-22074.40491342,4200.619585812,0,0,259445.500,2296,240,0,263395.1287658
263600,-24295960.20545,4946700.191671,16190510.51103,0,0,0,-1.092732602671,-0.5795868214461,33125725.87556,31440025.125582,165218367.1424,0.005622917852521,0,0,0,7.614156650035,8.989991876038e-82,0,2.465052327443,-0.5790443594715,-14.75351348543,-0.4530287772757,1.351045040284,-13.38402982005,-22073.00366436,4200.352936983,0,0,259445.600,2296,240,0,263495.1273647
263700,-24296117.52498,4946660.567453,16190286.56971,0,0,0,-1.092781850663,-0.5796435897706,33126145.89656,31440445.1463799,165220574.3727,0.005622917851248,0,0,0,7.613574739735,8.988151562927e-82,0,2.465029772979,-0.5791010178726,-14.75432776249,-0.4529694810803,1.351053341663,-13.38477937332,-22071.60239573,4200.086284429,0,0,259445.700,2296,240,0,263595.1259636
263800,-24296274.84264,4946620.945033,16190062.6259,0,0,0,-1.092831108419,-0.5797003559872,33126565.89089,31440865.1405109,165222781.4628,0.005622917849974,0,0,0,7.612992803316,8.986311448974e-82,0,2.465007216858,-0.579157674107,-14.7551420084,-0.4529101922024,1.351061643437,-13.38552887871,-22070.20101943,4199.819611385,0,0,259445.800,2296,240,0,263695.1245627
263900,-24296432.15845,4946581.324411,16189838.6796,0,0,0,-1.092880375939,-0.5797571200957,33126985.85856,31441285.1079733,165224988.4129,0.0056229178487,0,0,0,7.612410840804,8.984471534284e-82,0,2.464984654022,-0.5792143282963,-14.75595622492,-0.4528508907732,1.351069945608,-13.38627833798,-22068.79953546,4199.552917853,0,0,259445.900,2296,240,0,263795.1231618
264000,-24296589.4724,4946541.705587,16189614.73081,0,0,0,-1.092929653225,-0.579813882096,33127405.79955,31441705.048561,165227195.2238,0.005622917847426,0,0,0,7.61162428326,8.982631818948e-82,0,2.464962088565,-0.579270980387,-14.75677041129,-0.4527915951743,1.351078248174,-13.38702775036,-22067.93532942,4199.388464913,0,0,259446.000,2296,240,0,263895.121761
