Elapsed Time (ms),ECEF X (m),ECEF Y (m),ECEF Z (m),ECEF Error X (m),ECEF Error Y (m),ECEF Error Z (m),Body Azimuth (rad),Body Elevation (rad),Range (m),PSR (m),ADR,Clock Correction (s),Clock Noise (m),Delta Af0 (s),Delta Af1 (s/s),Iono Correction (m),Tropo Correction (m),PSR Offset (m),Receiver Antenna Azimuth (rad),Receiver Antenna Elevation (rad),Receiver Antenna Gain (dBi),SV Antenna Azimuth (rad),SV Antenna Elevation (rad),Relative Power Level (incl. Receiver Antenna gain) (dB),Doppler Frequency (Hz),PSR Change Rate (m/s),Receiver Carrier Phase Offset (rad),Satellite Carrier Phase Offset (rad),GPS TOW,GPS Week Number,SBAS t0,Calibration offset (m),PSR satellite time (ms)
500,-15438659.13325,3180248.862399,21148410.5275,0,0,0,-0.661954881113,-0.4960331805865,29160826.04444,29116844.9392499,153009957.0703,0.0001467355860066,0,0,0,9.116815524792,1.409592954948e-81,0,2.844341852832,-0.4959122421845,-13.66360864913,0.028861133876,1.310623263498,-14.66326919069,-27272.48722713,5189.781760797,0,0,259182.500,2296,86368,0,402.8766596281
600,-15438749.66371,3179989.011008,21148387.77885,0,0,0,-0.6619705923641,-0.4960995793014,29161345.01318,29117363.9072093,153012684.2689,0.0001467355874561,0,0,0,9.116469053007,1.409409491524e-81,0,2.844339142408,-0.4959786012236,-13.66438934554,0.02888254512459,1.310632864787,-14.66353597193,-27271.48626923,5189.591284841,0,0,259182.600,2296,86368,0,502.8749285374
700,-15438840.19544,3179729.160415,21148365.02562,0,0,0,-0.6619863089363,-0.4961659769414,29161863.96287,29117882.8561173,153015411.3675,0.0001467355889056,0,0,0,9.116122492339,1.409226001592e-81,0,2.844336431241,-0.4960449594763,-13.66517003269,0.02890395532926,1.310642467068,-14.66380266641,-27270.48507641,5189.400764182,0,0,259182.700,2296,86368,0,602.8731975101
800,-15438930.72842,3179469.31062,21148342.26778,0,0,0,-0.66200203083,-0.4962323735067,29162382.8935,29118401.7859719,153018138.3659,0.0001467355903552,0,0,0,9.115775842804,1.409042485176e-81,0,2.844333719233,-0.4961113161192,-13.6659507009,0.02892536183359,1.310652070341,-14.66406926445,-27269.48372697,5189.210213721,0,0,259182.800,2296,86368,0,702.8714665465
900,-15439021.26267,3179209.461625,21148319.50536,0,0,0,-0.6620177580458,-0.4962987689974,29162901.80509,29118920.6967709,153020865.2642,0.0001467355918047,0,0,0,9.115429104421,1.408858942301e-81,0,2.844331008164,-0.4961776717726,-13.66673135747,0.02894677402594,1.310661674607,-14.66433577334,-27268.48230902,5189.019650221,0,0,259182.900,2296,86368,0,802.8697356463
1000,-15439111.79817,3178949.613428,21148296.73834,0,0,0,-0.6620334905843,-0.4963651634134,29163420.69761,29119439.5882672,153023592.0637,0.0001467355932542,0,0,0,9.114837002809,1.408675372987e-81,0,2.844328292629,-0.4962440262213,-13.66751199987,0.02896818638702,1.310671279864,-14.66460219057,-27268.12523307,5188.951700926,0,0,259183.000,2296,86368,0,902.8680048106
1100,-15439202.33492,3178689.76603,21148273.96672,0,0,0,-0.662049228446,-0.496431556755,29163939.57107,29119958.4609489,153026318.7617,0.0001467355947038,0,0,0,9.114490079377,1.40849177726e-81,0,2.844325578001,-0.4963103798845,-13.66829263303,0.02898960283647,1.310680886113,-14.66486852108,-27266.47919905,5188.638471067,0,0,259183.100,2296,86368,0,1002.866274038
1200,-15439292.87294,3178429.919431,21148251.19052,0,0,0,-0.6620649716313,-0.4964979490221,29164458.42547,29120477.3145688,153029045.3595,0.0001467355961533,0,0,0,9.114143067154,1.408308155141e-81,0,2.844322862284,-0.4963767323135,-13.66907325166,0.02901101510714,1.310690493354,-14.66513475958,-27265.47733084,5188.447821885,0,0,259183.200,2296,86368,0,1102.864543328
1300,-15439383.41221,3178170.073632,21148228.40972,0,0,0,-0.662080720141,-0.4965643402148,29164977.26081,29120996.1491248,153031771.8571,0.0001467355976029,0,0,0,9.113795966156,1.408124506653e-81,0,2.844320146119,-0.4964430838768,-13.66985386012,0.02903242647513,1.310700101587,-14.66540091042,-27264.47546262,5188.257172704,0,0,259183.300,2296,86368,0,1202.862812682
1400,-15439473.95274,3177910.228631,21148205.62432,0,0,0,-0.6620964739754,-0.4966307303331,29165496.07708,29121514.9646148,153034498.2546,0.0001467355990524,0,0,0,9.113448776401,1.407940831821e-81,0,2.84431742883,-0.4965094340533,-13.67063445226,0.02905384169713,1.310709710811,-14.66566696749,-27263.47348674,5188.066503033,0,0,259183.400,2296,86368,0,1302.8610821
1500,-15439564.49453,3177650.384429,21148182.83434,0,0,0,-0.6621122331352,-0.4966971193773,29166014.87429,29122033.7610367,153037224.5518,0.000146735600502,0,0,0,9.113101497907,1.407757130666e-81,0,2.844314712681,-0.4965757834785,-13.67141503555,0.02907525715505,1.310719321027,-14.66593293825,-27262.47138361,5187.875809148,0,0,259183.500,2296,86368,0,1402.859351582
1600,-15439655.03758,3177390.541027,21148160.03976,0,0,0,-0.6621279976208,-0.4967635073473,29166533.65242,29122552.5383883,153039950.7489,0.0001467356019516,0,0,0,9.11275413069,1.407573403213e-81,0,2.844311991695,-0.4966421313853,-13.67219560099,0.02909667538009,1.310728932234,-14.6661988137,-27261.46917281,5187.685094774,0,0,259183.600,2296,86368,0,1502.857621127
1700,-15439745.58188,3177130.698424,21148137.24058,0,0,0,-0.6621437674329,-0.4968298942432,29167052.41148,29123071.2966676,153042676.8457,0.0001467356034011,0,0,0,9.112406674768,1.407389649483e-81,0,2.844309271828,-0.496708478817,-13.67297616083,0.0291180948771,1.310738544432,-14.66646460611,-27260.46690328,5187.494369224,0,0,259183.700,2296,86368,0,1602.855890735
1800,-15439836.12745,3176870.85662,21148114.43682,0,0,0,-0.662159542572,-0.496896280065,29167571.15147,29123590.0358725,153045402.8422,0.0001467356048507,0,0,0,9.112059130158,1.407205869501e-81,0,2.844306551143,-0.4967748247763,-13.67375670336,0.02913950885377,1.310748157622,-14.66673030375,-27259.4645065,5187.303619459,0,0,259183.800,2296,86368,0,1702.854160408
1900,-15439926.67427,3176611.015616,21148091.62846,0,0,0,-0.6621753230386,-0.4969626648129,29168089.87238,29124108.7560008,153048128.7386,0.0001467356063003,0,0,0,9.111711496878,1.407022063289e-81,0,2.844303829953,-0.4968411699049,-13.67453723611,0.02916092756834,1.310757771803,-14.66699591419,-27258.46198248,5187.11284548,0,0,259183.900,2296,86368,0,1802.852430144
2000,-15440017.22234,3176351.175411,21148068.8155,0,0,0,-0.6621911088332,-0.4970290484869,29168608.57421,29124627.4568051,153050854.5359,0.0001467356077499,0,0,0,9.11111840475,1.406838230871e-81,0,2.844301109023,-0.496907513844,-13.67531775486,0.02918234642405,1.310767386975,-14.66726143321,-27258.10404516,5187.044732273,0,0,259184.000,2296,86384,0,1902.850699944
2100,-15440107.77168,3176091.336006,21148045.99796,0,0,0,-0.6622068999564,-0.4970954310871,29169127.25696,29125146.1387741,153053580.2317,0.0001467356091995,0,0,0,9.110770586832,1.406654372269e-81,0,2.84429838419,-0.4969738566682,-13.6760982605,0.0292037671318,1.310777003137,-14.66752686169,-27256.45660163,5186.731234193,0,0,259184.100,2296,86384,0,2002.848969807
2200,-15440198.32227,3175831.4974,21148023.17581,0,0,0,-0.6622226964087,-0.4971618126136,29169645.92063,29125664.8016602,153056305.8272,0.0001467356106491,0,0,0,9.110422680299,1.406470487507e-81,0,2.844295659796,-0.497040198452,-13.6768787539,0.02922518776682,1.310786620291,-14.66779220051,-27255.45380353,5186.54040806,0,0,259184.200,2296,86384,0,2102.847239734
2300,-15440288.87412,3175571.659594,21148000.34908,0,0,0,-0.6622384981907,-0.4972281930664,29170164.56521,29126183.4454614,153059031.3225,0.0001467356120987,0,0,0,9.110074685171,1.406286576607e-81,0,2.844292934789,-0.4971065390953,-13.67765923388,0.02924660829035,1.310796238435,-14.66805744851,-27254.45084882,5186.349552125,0,0,259184.300,2296,86384,0,2202.845509724
2400,-15440379.42723,3175311.822587,21147977.51775,0,0,0,-0.662254305303,-0.4972945724456,29170683.19071,29126702.0701755,153061756.7174,0.0001467356135483,0,0,0,9.109726601465,1.406102639593e-81,0,2.844290209038,-0.4971728785125,-13.67843969944,0.02926803008794,1.31080585757,-14.66832260468,-27253.44774729,5186.15866825,0,0,259184.400,2296,86384,0,2302.843779779
2500,-15440469.98159,3175051.986381,21147954.68183,0,0,0,-0.6622701177459,-0.4973609507512,29171201.79712,29127220.6758006,153064482.012,0.0001467356149979,0,0,0,9.109378429196,1.405918676488e-81,0,2.844287482275,-0.4972392170389,-13.67922015452,0.02928945325197,1.310815477695,-14.66858767298,-27252.4446066,5185.967776924,0,0,259184.500,2296,86384,0,2402.842049896
2600,-15440560.53722,3174792.150974,21147931.84132,0,0,0,-0.6622859355202,-0.4974273279834,29171720.38444,29127739.2623343,153067207.2063,0.0001467356164475,0,0,0,9.109030168384,1.405734687315e-81,0,2.844284756286,-0.4973055549305,-13.68000060212,0.02931087805709,1.310825098811,-14.66885265641,-27251.4413093,5185.776855797,0,0,259184.600,2296,86384,0,2502.840320078
2700,-15440651.0941,3174532.316367,21147908.99621,0,0,0,-0.6623017586264,-0.4974937041422,29172238.95266,29128257.8297748,153069932.3002,0.0001467356178971,0,0,0,9.108681819046,1.405550672097e-81,0,2.844282026156,-0.4973718908324,-13.68078102632,0.02933230254499,1.310834720917,-14.66911753906,-27250.43789455,5185.585912317,0,0,259184.700,2296,86384,0,2602.838590323
2800,-15440741.65224,3174272.48256,21147886.14651,0,0,0,-0.6623175870649,-0.4975600792277,29172757.50179,29128776.3781198,153072657.2939,0.0001467356193467,0,0,0,9.108333381198,1.405366630856e-81,0,2.844279296648,-0.4974382262398,-13.68156144471,0.0293537252235,1.310844344013,-14.66938233851,-27249.43431339,5185.394937173,0,0,259184.800,2296,86384,0,2702.836860632
2900,-15440832.21163,3174012.649553,21147863.29222,0,0,0,-0.6623334208364,-0.49762645324,29173276.03182,29129294.9073672,153075382.1871,0.0001467356207963,0,0,0,9.107984854858,1.405182563617e-81,0,2.844276565965,-0.4975045608143,-13.68234185329,0.0293751514332,1.3108539681,-14.6696470508,-27248.43064414,5185.203945264,0,0,259184.900,2296,86384,0,2802.835131005
3000,-15440922.77228,3173752.817346,21147840.43333,0,0,0,-0.6623492599413,-0.4976928261791,29173794.54275,29129813.4172696,153078106.9813,0.0001467356222459,0,0,0,9.107390774596,1.404998470403e-81,0,2.844273835194,-0.4975708935452,-13.68312224018,0.02939657824104,1.310863593176,-14.66991166403,-27248.07193354,5185.135684907,0,0,259185.000,2296,86384,0,2902.833401442
3100,-15441013.33419,3173492.985939,21147817.56985,0,0,0,-0.6623651043803,-0.497759198045,29174313.03458,29130331.9083157,153080831.6738,0.0001467356236956,0,0,0,9.107042064028,1.404814351235e-81,0,2.844271104721,-0.4976372259792,-13.68390262359,0.0294180068507,1.310873219243,-14.67017619641,-27246.42310008,5184.821922332,0,0,259185.100,2296,86384,0,3002.831671942
3200,-15441103.89736,3173233.155333,21147794.70177,0,0,0,-0.6623809541538,-0.497825568838,29174831.5073,29130850.3802579,153083556.2659,0.0001467356251452,0,0,0,9.106693265025,1.404630206138e-81,0,2.844268370424,-0.4977035568349,-13.68468298842,0.02943943317696,1.310882846299,-14.67044063288,-27245.41915675,5184.63087827,0,0,259185.200,2296,86384,0,3102.829942506
3300,-15441194.46178,3172973.325526,21147771.82911,0,0,0,-0.6623968092624,-0.497891938558,29175349.96092,29131368.8330942,153086280.7576,0.0001467356265949,0,0,0,9.106344377606,1.404446035135e-81,0,2.844265636628,-0.4977698865923,-13.68546334033,0.02946085974324,1.310892474346,-14.67070497907,-27244.41494915,5184.439783916,0,0,259185.300,2296,86384,0,3202.828213133
3400,-15441285.02746,3172713.49652,21147748.95184,0,0,0,-0.6624126697067,-0.4979583072051,29175868.39543,29131887.2668225,153089005.1489,0.0001467356280445,0,0,0,9.105995401786,1.404261838247e-81,0,2.844262901843,-0.4978362156215,-13.68624368368,0.02948229025837,1.310902103381,-14.67096923937,-27243.41078069,5184.248697013,0,0,259185.400,2296,86384,0,3302.826483824
3500,-15441375.5944,3172453.668314,21147726.06999,0,0,0,-0.6624285354872,-0.4980246747793,29176386.81084,29132405.6814407,153091729.4398,0.0001467356294941,0,0,0,9.105646337583,1.4040776155e-81,0,2.84426016625,-0.4979025435547,-13.68702401413,0.02950372041779,1.310911733407,-14.67123340943,-27242.40654372,5184.057597071,0,0,259185.500,2296,86384,0,3402.824754579
3600,-15441466.1626,3172193.840909,21147703.18354,0,0,0,-0.6624444066044,-0.4980910412809,29176905.20713,29132924.0769466,153094453.6302,0.0001467356309438,0,0,0,9.105297185016,1.403893366915e-81,0,2.844257430211,-0.4979688702614,-13.68780433015,0.02952515249357,1.310921364422,-14.67149748775,-27241.40219908,5183.86647664,0,0,259185.600,2296,86384,0,3502.823025398
3700,-15441556.73205,3171934.014304,21147680.2925,0,0,0,-0.662460283059,-0.4981574067097,29177423.5843,29133442.4533382,153097177.7202,0.0001467356323935,0,0,0,9.1049479441,1.403709092516e-81,0,2.844254694931,-0.4980351957197,-13.68858463148,0.02954658363298,1.310930996426,-14.67176147406,-27240.39766846,5183.675320819,0,0,259185.700,2296,86384,0,3602.82129628
3800,-15441647.30276,3171674.1885,21147657.39687,0,0,0,-0.6624761648513,-0.4982237710659,29177941.94236,29133960.8106134,153099901.7097,0.0001467356338431,0,0,0,9.104598614854,1.403524792325e-81,0,2.844251954972,-0.4981015207374,-13.68936492763,0.0295680133484,1.310940629419,-14.67202537787,-27239.3930889,5183.484155685,0,0,259185.800,2296,86384,0,3702.819567227
3900,-15441737.87473,3171414.363497,21147634.49664,0,0,0,-0.6624920519821,-0.4982901343497,29178460.2813,29134479.14877,153102625.5988,0.0001467356352928,0,0,0,9.104249197295,1.403340466367e-81,0,2.844249215915,-0.4981678439451,-13.69014520249,0.02958944639985,1.310950263402,-14.67228918309,-27238.38831357,5183.292953297,0,0,259185.900,2296,86384,0,3802.817838237
4000,-15441828.44795,3171154.539294,21147611.59182,0,0,0,-0.6625079444517,-0.4983564965609,29178978.60112,29134997.4675605,153105349.3887,0.0001467356367424,0,0,0,9.103654131282,1.403156114664e-81,0,2.844246476082,-0.4982341661988,-13.69092546612,0.02961088209159,1.310959898374,-14.67255289978,-27238.02871224,5183.22452344,0,0,259186.000,2296,86384,0,3902.816109311
4100,-15441919.02244,3170894.715892,21147588.68241,0,0,0,-0.6625238422608,-0.4984228576997,29179496.90182,29135515.7674738,153108073.0768,0.0001467356381921,0,0,0,9.103304529906,1.402971737238e-81,0,2.84424373552,-0.4983004876914,-13.6917057208,0.02963231683694,1.310969534335,-14.67281653023,-27236.37863567,5182.910524309,0,0,259186.100,2296,86384,0,4002.814380449
4200,-15442009.59818,3170634.89329,21147565.7684,0,0,0,-0.66253974541,-0.4984892177663,29180015.18339,29136034.0482623,153110796.6644,0.0001467356396418,0,0,0,9.102954840274,1.402787334113e-81,0,2.844240993853,-0.4983668077459,-13.69248595856,0.02965375252547,1.310979171284,-14.67308006647,-27235.3735667,5182.719266042,0,0,259186.200,2296,86384,0,4102.81265165
4300,-15442100.17517,3170375.07149,21147542.8498,0,0,0,-0.6625556538997,-0.4985555767605,29180533.44584,29136552.3099238,153113520.1515,0.0001467356410915,0,0,0,9.102605062404,1.402602905313e-81,0,2.844238253226,-0.4984331268923,-13.69326618564,0.02967518530525,1.310988809223,-14.67334351475,-27234.36839984,5182.527989149,0,0,259186.300,2296,86384,0,4202.810922915
4400,-15442190.75342,3170115.25049,21147519.92661,0,0,0,-0.6625715677305,-0.4986219346826,29181051.68915,29137070.5524564,153116243.5381,0.0001467356425412,0,0,0,9.102255196313,1.40241845086e-81,0,2.844235508221,-0.4984994453324,-13.6940464044,0.02969662149468,1.31099844815,-14.67360687744,-27233.36306658,5182.336680591,0,0,259186.400,2296,86384,0,4302.809194244
4500,-15442281.33293,3169855.430292,21147496.99882,0,0,0,-0.662587486903,-0.4986882915326,29181569.91334,29137588.7758579,153118966.8241,0.0001467356439909,0,0,0,9.101905242018,1.402233970777e-81,0,2.844232763835,-0.4985657622423,-13.69482660517,0.02971805900558,1.311008088066,-14.67387014487,-27232.35766481,5182.145358995,0,0,259186.500,2296,86384,0,4402.807465637
4600,-15442371.9137,3169595.610894,21147474.06644,0,0,0,-0.6626034114177,-0.4987546473105,29182088.11839,29138106.9801261,153121690.0096,0.0001467356454406,0,0,0,9.101555199537,1.402049465088e-81,0,2.844230018644,-0.4986320779637,-13.69560679195,0.02973949684588,1.31101772897,-14.67413332105,-27231.35211621,5181.954009458,0,0,259186.600,2296,86384,0,4502.805737094
4700,-15442462.49572,3169335.792298,21147451.12947,0,0,0,-0.6626193412751,-0.4988210020165,29182606.30431,29138625.1652591,153124413.0945,0.0001467356468903,0,0,0,9.101205068888,1.401864933815e-81,0,2.844227272524,-0.4986983930929,-13.69638697177,0.02976093724282,1.311027370863,-14.67439641302,-27230.34654803,5181.762656197,0,0,259186.700,2296,86384,0,4602.804008614
4800,-15442553.07901,3169075.974502,21147428.1879,0,0,0,-0.6626352764759,-0.4988873556506,29183124.47109,29139143.3312546,153127136.0789,0.00014673564834,0,0,0,9.100854850087,1.40168037698e-81,0,2.844224527519,-0.4987647070004,-13.69716713721,0.02978237381232,1.311037013744,-14.67465941336,-27229.34079388,5181.571267545,0,0,259186.800,2296,86384,0,4702.802280199
4900,-15442643.66354,3168816.157508,21147405.24174,0,0,0,-0.6626512170204,-0.4989537082128,29183642.61873,29139661.4781106,153129858.9627,0.0001467356497897,0,0,0,9.100504543151,1.401495794609e-81,0,2.844221778266,-0.4988310197738,-13.69794728931,0.0298038140361,1.311046657613,-14.67492232312,-27228.33487332,5181.379847229,0,0,259186.900,2296,86384,0,4802.800551847
5000,-15442734.24934,3168556.341316,21147382.29099,0,0,0,-0.6626671629094,-0.4990200597033,29184160.74723,29140179.6055795,153132581.7472,0.0001467356512394,0,0,0,9.099908493773,1.401311186723e-81,0,2.844219029528,-0.498897331453,-13.69872742853,0.0298252541717,1.311056302471,-14.67518514278,-27227.97440084,5181.311251596,0,0,259187.000,2296,86384,0,4902.79882356
5100,-15442824.83639,3168296.525924,21147359.33564,0,0,0,-0.6626831141433,-0.4990864101221,29184678.85659,29140697.7141503,153135304.4298,0.0001467356526891,0,0,0,9.099558003433,1.401126553346e-81,0,2.844216279961,-0.4989636418263,-13.6995075524,0.02984669818286,1.311065948316,-14.67544786984,-27226.32290497,5180.996982381,0,0,259187.100,2296,86384,0,5002.797095335
5200,-15442915.4247,3168036.711334,21147336.3757,0,0,0,-0.6626990707228,-0.4991527594693,29185196.9468,29141215.8035753,153138027.0117,0.0001467356541388,0,0,0,9.099207425016,1.400941894501e-81,0,2.8442135298,-0.4990299512346,-13.70028766491,0.02986814166394,1.31107559515,-14.67571050833,-27225.31679844,5180.805526674,0,0,259187.200,2296,86384,0,5102.795367175
5300,-15443006.01426,3167776.897546,21147313.41117,0,0,0,-0.6627150326482,-0.499219107745,29185715.01786,29141733.8738524,153140749.4931,0.0001467356555886,0,0,0,9.09885675854,1.40075721021e-81,0,2.844210778836,-0.4990962600474,-13.70106777041,0.02988958139581,1.311085242971,-14.6759730626,-27224.31048635,5180.614031851,0,0,259187.300,2296,86384,0,5202.793639079
5400,-15443096.60508,3167517.084559,21147290.44205,0,0,0,-0.6627309999202,-0.4992854549491,29186233.06977,29142251.9249795,153143471.8738,0.0001467356570383,0,0,0,9.098506004022,1.400572500497e-81,0,2.844208028593,-0.4991625673049,-13.70184785762,0.02991102491867,1.31109489178,-14.67623552136,-27223.30415469,5180.422533303,0,0,259187.400,2296,86384,0,5302.791911046
5500,-15443187.19716,3167257.272374,21147267.46833,0,0,0,-0.6627469725394,-0.4993518010819,29186751.10253,29142769.9569546,153146194.1539,0.000146735658488,0,0,0,9.098155161479,1.400387765385e-81,0,2.844205273835,-0.4992288736364,-13.70262793393,0.02993247081162,1.311104541576,-14.67649789203,-27222.2975979,5180.230991915,0,0,259187.500,2296,86384,0,5402.790183077
5600,-15443277.7905,3166997.46099,21147244.49001,0,0,0,-0.6627629505063,-0.4994181461434,29187269.11614,29143287.9697755,153148916.3334,0.0001467356599378,0,0,0,9.09780423093,1.400203004897e-81,0,2.84420252005,-0.49929517889,-13.70340799756,0.02995391577098,1.311114192361,-14.67676017282,-27221.29110963,5180.039463565,0,0,259187.600,2296,86384,0,5502.788455173
5700,-15443368.38509,3166737.650408,21147221.50711,0,0,0,-0.6627789338214,-0.4994844901335,29187787.11059,29143805.9634402,153151638.4121,0.0001467356613875,0,0,0,9.097453212391,1.400018219055e-81,0,2.844199765416,-0.4993614831351,-13.70418804933,0.02997536133903,1.311123844132,-14.67702236455,-27220.2844158,5179.847896099,0,0,259187.700,2296,86384,0,5602.786727332
5800,-15443458.98094,3166477.840628,21147198.51961,0,0,0,-0.6627949224853,-0.4995508330525,29188305.08588,29144323.9379465,153154360.3902,0.0001467356628373,0,0,0,9.09710210588,1.399833407884e-81,0,2.844197009922,-0.4994277861037,-13.70496808608,0.02999680726984,1.311133496891,-14.67728446409,-27219.27752621,5179.656291381,0,0,259187.800,2296,86384,0,5702.784999555
5900,-15443549.57804,3166218.031649,21147175.52752,0,0,0,-0.6628109164985,-0.4996171749004,29188823.04201,29144841.8932924,153157082.2676,0.000146735664287,0,0,0,9.096750911414,1.399648571405e-81,0,2.844194253377,-0.4994940884124,-13.70574811506,0.03001825395947,1.311143150638,-14.67754647868,-27218.27062683,5179.464684799,0,0,259187.900,2296,86384,0,5802.783271842
6000,-15443640.1764,3165958.223473,21147152.53084,0,0,0,-0.6628269158616,-0.4996835156772,29189340.97898,29145359.82923,153159804.0456,0.0001467356657368,0,0,0,9.096153881062,1.399463709642e-81,0,2.844191497832,-0.4995603893394,-13.70652812779,0.03003970297291,1.311152805371,-14.67780839986,-27217.90928319,5179.395923391,0,0,259188.000,2296,86384,0,5902.781544193
6100,-15443730.77602,3165698.416098,21147129.52956,0,0,0,-0.6628429205751,-0.4997498553831,29189858.89679,29145877.7462487,153162525.7216,0.0001467356671865,0,0,0,9.095802503604,1.399278822619e-81,0,2.844188738082,-0.4996266888135,-13.70730812343,0.03006115122279,1.311162461092,-14.67807022677,-27216.25645612,5179.081400856,0,0,259188.100,2296,86384,0,6002.779816608
6200,-15443821.3769,3165438.609526,21147106.52369,0,0,0,-0.6628589306396,-0.499816194018,29190376.79543,29146395.6441006,153165247.2969,0.0001467356686363,0,0,0,9.095451038248,1.399093910358e-81,0,2.844185979006,-0.4996929876283,-13.70808811131,0.03008260178348,1.311172117799,-14.67833196877,-27215.24921415,5178.889729083,0,0,259188.200,2296,86384,0,6102.778089087
6300,-15443911.97903,3165178.803756,21147083.51322,0,0,0,-0.6628749460557,-0.4998825315821,29190894.6749,29146913.5227838,153167968.7715,0.0001467356700861,0,0,0,9.095099485012,1.398908972881e-81,0,2.84418321859,-0.4997592856287,-13.70886808961,0.03010404904616,1.311181775493,-14.67859362404,-27214.24170789,5178.698007017,0,0,259188.300,2296,86384,0,6202.77636163
6400,-15444002.58242,3164918.998787,21147060.49817,0,0,0,-0.6628909668239,-0.4999488680754,29191412.53519,29147431.382296,153170690.1453,0.0001467356715358,0,0,0,9.094747843914,1.398724010214e-81,0,2.844180457891,-0.499825582161,-13.70964805063,0.03012550178666,1.311191434175,-14.6788551849,-27213.23424079,5178.506292403,0,0,259188.400,2296,86384,0,6302.774634236
6500,-15444093.18706,3164659.194621,21147037.47852,0,0,0,-0.6629069929446,-0.5000152034981,29191930.37632,29147949.2226352,153173411.4183,0.0001467356729856,0,0,0,9.094396114972,1.398539022377e-81,0,2.844177697911,-0.4998918779144,-13.7104280025,0.03014695379302,1.311201093843,-14.67911665945,-27212.22664645,5178.314553574,0,0,259188.500,2296,86384,0,6402.772906907
6600,-15444183.79296,3164399.391258,21147014.45427,0,0,0,-0.6629230244186,-0.5000815378501,29192448.19827,29148467.0437993,153176132.5906,0.0001467356744354,0,0,0,9.094044298201,1.398354009395e-81,0,2.844174933896,-0.4999581723256,-13.71120793857,0.03016840657297,1.311210754497,-14.67937804109,-27211.218964,5178.122797981,0,0,259188.600,2296,86384,0,6502.771179641
6700,-15444274.40012,3164139.588696,21146991.42544,0,0,0,-0.6629390612463,-0.5001478711316,29192966.00104,29148984.8457862,153178853.6621,0.0001467356758852,0,0,0,9.093692393621,1.398168971289e-81,0,2.84417217019,-0.5000244657804,-13.71198786339,0.03018985788202,1.311220416138,-14.67963933434,-27210.21103686,5177.930995822,0,0,259188.700,2296,86384,0,6602.76945244
6800,-15444365.00853,3163879.786937,21146968.39201,0,0,0,-0.6629551034284,-0.5002142033425,29193483.78464,29149502.6285938,153181574.6328,0.000146735677335,0,0,0,9.093340401249,1.397983908084e-81,0,2.844169405797,-0.5000907581451,-13.71276777539,0.03021131159146,1.311230078765,-14.67990053766,-27209.20308034,5177.739188075,0,0,259188.800,2296,86384,0,6702.767725302
6900,-15444455.6182,3163619.985981,21146945.35399,0,0,0,-0.6629711509652,-0.5002805344831,29194001.54905,29150020.3922201,153184295.5027,0.0001467356787848,0,0,0,9.092988321101,1.397798819803e-81,0,2.844166640649,-0.5001570492455,-13.71354767251,0.03023276571792,1.311239742379,-14.68016164898,-27208.19510425,5177.547376603,0,0,259188.900,2296,86384,0,6802.765998229
7000,-15444546.22913,3163360.185827,21146922.31137,0,0,0,-0.6629872038575,-0.5003468645533,29194519.29428,29150538.136417,153187016.2731,0.0001467356802346,0,0,0,9.092390312169,1.397613706468e-81,0,2.844163874862,-0.5002233398391,-13.71432756367,0.03025422245111,1.311249406979,-14.68042267724,-27207.83295798,5177.478462458,0,0,259189.000,2296,86384,0,6902.76427122
7100,-15444636.84131,3163100.386475,21146899.26416,0,0,0,-0.6630032621057,-0.5004131935533,29195037.02032,29151055.8616742,153189736.9414,0.0001467356816844,0,0,0,9.092038049441,1.397428568102e-81,0,2.844161109862,-0.5002896286017,-13.71510743329,0.0302756796092,1.311259072565,-14.68068360687,-27206.17878991,5177.163684741,0,0,259189.100,2296,86384,0,7002.762544274
7200,-15444727.45475,3162840.587926,21146876.21236,0,0,0,-0.6630193257104,-0.5004795214831,29195554.72718,29151573.5677437,153192457.5089,0.0001467356831342,0,0,0,9.091685698995,1.397243404729e-81,0,2.844158340248,-0.5003559165866,-13.71588729376,0.03029713505238,1.311268739137,-14.68094445024,-27205.17043208,5176.971800625,0,0,259189.200,2296,86384,0,7102.760817393
7300,-15444818.06945,3162580.79018,21146853.15597,0,0,0,-0.6630353946721,-0.5005458483427,29196072.41485,29152091.2546235,153195177.9755,0.000146735684584,0,0,0,9.09133326085,1.397058216372e-81,0,2.844155571391,-0.5004222037749,-13.71666714486,0.030318590635,1.311278406695,-14.68120520717,-27204.16199594,5176.779901609,0,0,259189.300,2296,86384,0,7202.759090575
7400,-15444908.6854,3162320.993237,21146830.09498,0,0,0,-0.6630514689915,-0.5006121741323,29196590.08332,29152608.9223115,153197898.3413,0.0001467356860338,0,0,0,9.090980735022,1.396873003052e-81,0,2.844152801745,-0.5004884898886,-13.71744698331,0.03034004814969,1.311288075239,-14.68146587437,-27203.15337382,5176.587967202,0,0,259189.400,2296,86384,0,7302.757363822
7500,-15444999.30261,3162061.197096,21146807.0294,0,0,0,-0.663067548669,-0.5006784988518,29197107.7326,29153126.5708055,153200618.6062,0.0001467356874836,0,0,0,9.090628121529,1.396687764795e-81,0,2.844150031373,-0.5005547747159,-13.71822680664,0.03036150914682,1.311297744768,-14.68172644936,-27202.14473213,5176.39602907,0,0,259189.500,2296,86384,0,7402.755637132
7600,-15445089.92107,3161801.401759,21146783.95923,0,0,0,-0.6630836337053,-0.5007448225015,29197625.36269,29153644.2001035,153203338.7702,0.0001467356889335,0,0,0,9.090275420388,1.396502501622e-81,0,2.844147260152,-0.5006210584496,-13.71900661709,0.03038296947642,1.311307415284,-14.68198693442,-27201.13594362,5176.204062998,0,0,259189.600,2296,86384,0,7502.753910507
7700,-15445180.54079,3161541.607224,21146760.88446,0,0,0,-0.6630997241008,-0.5008111450813,29198142.97358,29154161.8102033,153206058.8333,0.0001467356903833,0,0,0,9.089922631617,1.396317213557e-81,0,2.844144489757,-0.5006873408895,-13.71978641233,0.03040442923011,1.311317086784,-14.6822473272,-27200.12703764,5176.012074575,0,0,259189.700,2296,86384,0,7602.752183945
7800,-15445271.16177,3161281.813492,21146737.8051,0,0,0,-0.6631158198561,-0.5008774665914,29198660.56526,29154679.401103,153208778.7956,0.0001467356918331,0,0,0,9.089569755233,1.396131900622e-81,0,2.844141714856,-0.5007536228709,-13.72056620216,0.03042588973596,1.31132675927,-14.68250763753,-27199.11792611,5175.820047036,0,0,259189.800,2296,86384,0,7702.750457448
7900,-15445361.784,3161022.020564,21146714.72115,0,0,0,-0.6631319209718,-0.5009437870317,29199178.13775,29155196.9728004,153211498.6569,0.000146735693283,0,0,0,9.089216791254,1.395946562841e-81,0,2.844138940498,-0.5008199033613,-13.72134597446,0.0304473505138,1.311336432742,-14.68276785328,-27198.10876564,5175.628010184,0,0,259189.900,2296,86384,0,7802.748731014
8000,-15445452.40749,3160762.228438,21146691.6326,0,0,0,-0.6631480274484,-0.5010101064024,29199695.69103,29155714.5250474,153214218.4186,0.0001467356947328,0,0,0,9.08861780614,1.395761200236e-81,0,2.844136165829,-0.5008861827586,-13.7221257339,0.03046881307,1.311346107199,-14.68302797912,-27197.74570906,5175.558922812,0,0,259190.000,2296,86384,0,7902.747004646
8100,-15445543.03223,3160502.437116,21146668.53946,0,0,0,-0.6631641392865,-0.5010764247035,29200213.2251,29156232.0583339,153216938.0781,0.0001467356961827,0,0,0,9.088264659995,1.395575812831e-81,0,2.844133390063,-0.5009524614612,-13.72290548517,0.03049028013874,1.311355782641,-14.68328801975,-27196.0902,5175.243889913,0,0,259190.100,2296,86384,0,8002.745278341
8200,-15445633.65824,3160242.646597,21146645.44173,0,0,0,-0.6631802564867,-0.5011427419352,29200730.73997,29156749.5724117,153219657.6367,0.0001467356976325,0,0,0,9.087911426312,1.395390400649e-81,0,2.844130615484,-0.5010187389315,-13.72368522194,0.0305117419814,1.311365459068,-14.68354796887,-27195.08074588,5175.051797181,0,0,259190.200,2296,86384,0,8102.7435521
8300,-15445724.28549,3159982.856881,21146622.33941,0,0,0,-0.6631963790495,-0.5012090580974,29201248.23563,29157267.067279,153222377.0943,0.0001467356990824,0,0,0,9.087558105108,1.395204963712e-81,0,2.844127836165,-0.5010850148782,-13.72446494078,0.03053320478499,1.31137513648,-14.68380782303,-27194.07111557,5174.859670922,0,0,259190.300,2296,86384,0,8202.741825923
8400,-15445814.91401,3159723.067968,21146599.23249,0,0,0,-0.6632125069754,-0.5012753731902,29201765.71207,29157784.5429335,153225096.4509,0.0001467357005322,0,0,0,9.087204696402,1.395019502045e-81,0,2.844125057682,-0.5011512902287,-13.72524465261,0.03055466997898,1.311384814876,-14.68406759317,-27193.06141675,5174.667531624,0,0,259190.400,2296,86384,0,8302.74009981
8500,-15445905.54377,3159463.279859,21146576.12098,0,0,0,-0.663228640265,-0.5013416872138,29202283.1693,29158301.9993731,153227815.7066,0.0001467357019821,0,0,0,9.086851200212,1.394834015668e-81,0,2.844122278415,-0.5012175643785,-13.72602435031,0.0305761377163,1.311394494258,-14.68432727217,-27192.05161025,5174.475371838,0,0,259190.500,2296,86384,0,8402.738373761
8600,-15445996.1748,3159203.492554,21146553.00487,0,0,0,-0.6632447789188,-0.5014080001682,29202800.60731,29158819.4365959,153230534.8612,0.000146735703432,0,0,0,9.086497616553,1.394648504608e-81,0,2.844119498358,-0.5012838374716,-13.72680403558,0.03059760246832,1.311404174624,-14.68458686174,-27191.04180376,5174.283212051,0,0,259190.600,2296,86384,0,8502.736647776
8700,-15446086.80708,3158943.706052,21146529.88418,0,0,0,-0.6632609229375,-0.5014743120534,29203318.0261,29159336.8545995,153233253.9149,0.0001467357048819,0,0,0,9.086143945444,1.394462968884e-81,0,2.844116717495,-0.5013501095375,-13.72758370877,0.03061907159089,1.311413855975,-14.68484636222,-27190.03181128,5174.091016874,0,0,259190.700,2296,86384,0,8602.734921855
8800,-15446177.44062,3158683.920354,21146506.75889,0,0,0,-0.6632770723215,-0.5015406228696,29203835.42567,29159854.2533821,153235972.8676,0.0001467357063317,0,0,0,9.085790186903,1.394277408521e-81,0,2.844113937607,-0.501416380308,-13.72836336672,0.0306405398652,1.311423538311,-14.68510577048,-27189.02162305,5173.898784444,0,0,259190.800,2296,86384,0,8702.733195999
8900,-15446268.07541,3158424.135459,21146483.62901,0,0,0,-0.6632932270715,-0.5016069326167,29204352.80602,29160371.6329415,153238691.7192,0.0001467357077816,0,0,0,9.085436340947,1.394091823542e-81,0,2.844111152967,-0.5014826503278,-13.72914301583,0.03066200912546,1.31143322163,-14.68536509293,-27188.0113565,5173.706537113,0,0,259190.900,2296,86384,0,8802.731470206
9000,-15446358.71146,3158164.351368,21146460.49453,0,0,0,-0.663309387188,-0.5016732412949,29204870.16714,29160888.9930296,153241410.4711,0.0001467357092315,0,0,0,9.084836382052,1.39390621397e-81,0,2.844108369418,-0.5015489192016,-13.72992265146,0.03068347828434,1.311442905934,-14.68562432491,-27187.64754622,5173.637306318,0,0,259191.000,2296,86384,0,8902.729744479
9100,-15446449.34876,3157904.568081,21146437.35546,0,0,0,-0.6633255526715,-0.5017395489043,29205387.50904,29161406.3341362,153244129.1207,0.0001467357106814,0,0,0,9.084482354343,1.393720579828e-81,0,2.844105585023,-0.5016151868554,-13.73070227274,0.03070494878924,1.311452591223,-14.68588346558,-27185.99069617,5173.322018236,0,0,259191.100,2296,86384,0,9002.728018814
9200,-15446539.98732,3157644.785598,21146414.2118,0,0,0,-0.6633417235226,-0.5018058554449,29205904.8317,29161923.6560135,153246847.6693,0.0001467357121313,0,0,0,9.084128239277,1.393534921138e-81,0,2.844102799428,-0.5016814537704,-13.73148188533,0.03072642076156,1.311462277495,-14.68614252058,-27184.98016534,5173.129720613,0,0,259191.200,2296,86384,0,9102.726293214
9300,-15446630.62714,3157385.003919,21146391.06355,0,0,0,-0.6633578997418,-0.5018721609167,29206422.13514,29162440.9586591,153249566.1167,0.0001467357135812,0,0,0,9.083774036871,1.393349237924e-81,0,2.84410001499,-0.5017477192559,-13.7322614811,0.03074789279183,1.311471964751,-14.68640148182,-27183.96942896,5172.937383875,0,0,259191.300,2296,86384,0,9202.724567679
9400,-15446721.26821,3157125.223043,21146367.9107,0,0,0,-0.6633740813298,-0.5019384653199,29206939.41934,29162958.2420712,153252284.4631,0.0001467357150311,0,0,0,9.083419747142,1.393163530209e-81,0,2.844097226065,-0.5018139835387,-13.73304106272,0.03076936478387,1.311481652992,-14.68666035195,-27182.95862406,5172.745034099,0,0,259191.400,2296,86384,0,9302.722842207
9500,-15446811.91054,3156865.442972,21146344.75326,0,0,0,-0.663390268287,-0.5020047686546,29207456.6843,29163475.5062475,153255002.7085,0.000146735716481,0,0,0,9.083065370109,1.392977798016e-81,0,2.844094437964,-0.5018802471745,-13.73382063673,0.03079083873538,1.311491342216,-14.68691913753,-27181.94776043,5172.552673146,0,0,259191.500,2296,86384,0,9402.721116799
9600,-15446902.55412,3156605.663705,21146321.59123,0,0,0,-0.6634064606141,-0.5020710709207,29207973.93003,29163992.7511859,153257720.8527,0.0001467357179309,0,0,0,9.082710905788,1.392792041367e-81,0,2.844091649024,-0.5019465095397,-13.73460019579,0.03081231249163,1.311501032424,-14.68717783122,-27180.93674019,5172.360282391,0,0,259191.600,2296,86384,0,9502.719391456
9700,-15446993.19896,3156345.885242,21146298.4246,0,0,0,-0.6634226583115,-0.5021373721184,29208491.15652,29164509.9768845,153260438.8958,0.0001467357193809,0,0,0,9.082356354197,1.392606260286e-81,0,2.844088859066,-0.502012771108,-13.73537974548,0.03083378693007,1.311510723615,-14.68743643861,-27179.9255927,5172.167867422,0,0,259191.700,2296,86384,0,9602.717666177
9800,-15447083.84505,3156086.107583,21146275.25339,0,0,0,-0.6634388613799,-0.5022036722477,29209008.36376,29165027.1833411,153263156.8378,0.0001467357208308,0,0,0,9.082001715354,1.392420454796e-81,0,2.844086068452,-0.5020790310657,-13.73615927621,0.03085526262765,1.31152041579,-14.68769495012,-27178.91436691,5171.975437552,0,0,259191.800,2296,86384,0,9702.715940962
9900,-15447174.4924,3155826.330729,21146252.07757,0,0,0,-0.6634550698197,-0.5022699713087,29209525.55177,29165544.3705535,153265874.6787,0.0001467357222807,0,0,0,9.081646989277,1.39223462492e-81,0,2.84408327907,-0.5021452902596,-13.73693879797,0.0308767384605,1.311530108948,-14.68795337573,-27177.90306281,5171.78299278,0,0,259191.900,2296,86384,0,9802.714215811
10000,-15447265.14101,3155566.554679,21146228.89717,0,0,0,-0.6634712836317,-0.5023362693015,29210042.72052,29166061.5382737,153268592.4197,0.0001467357237306,0,0,0,9.081046059007,1.392048770681e-81,0,2.844080484419,-0.502211548685,-13.73771831068,0.03089821774689,1.31153980309,-14.68821171539,-27177.53820518,5171.713562682,0,0,259192.000,2296,86384,0,9902.712490725
10100,-15447355.79087,3155306.779433,21146205.71217,0,0,0,-0.6634875028162,-0.5024025662261,29210559.87003,29166578.6869918,153271310.0583,0.0001467357251806,0,0,0,9.080691151592,1.391862892101e-81,0,2.844077691164,-0.5022778052384,-13.73849780136,0.03091969488043,1.311549498215,-14.68846995612,-27175.87999456,5171.398015693,0,0,259192.100,2296,86384,0,10002.7107657
10200,-15447446.44199,3155047.004991,21146182.52258,0,0,0,-0.663503727374,-0.5024688620827,29211077.00029,29167095.8164594,153274027.5957,0.0001467357266305,0,0,0,9.080336156999,1.391676989204e-81,0,2.844074896952,-0.5023440613371,-13.7392772867,0.03094117171014,1.311559194323,-14.6887281146,-27174.86842618,5171.20552063,0,0,259192.200,2296,86384,0,10102.70904074
10300,-15447537.09436,3154787.231355,21146159.3284,0,0,0,-0.6635199573054,-0.5025351568712,29211594.11129,29167612.9266747,153276745.032,0.0001467357280805,0,0,0,9.079981075247,1.391491062013e-81,0,2.84407210183,-0.5024103164409,-13.74005676033,0.03096265161986,1.311568891415,-14.68898618448,-27173.85661309,5171.012979001,0,0,259192.300,2296,86384,0,10202.70731585
10400,-15447627.74799,3154527.458523,21146136.12963,0,0,0,-0.6635361926112,-0.5026014505918,29212111.20304,29168130.0176354,153279462.367,0.0001467357295304,0,0,0,9.079625906354,1.39130511055e-81,0,2.844069306127,-0.5024765703589,-13.74083622001,0.03098413104057,1.311578589489,-14.68924416353,-27172.8447119,5170.820420608,0,0,259192.400,2296,86384,0,10302.70559102
10500,-15447718.40287,3154267.686495,21146112.92626,0,0,0,-0.6635524332918,-0.5026677432446,29212628.27554,29168647.0893395,153282179.6009,0.0001467357309804,0,0,0,9.079270650336,1.391119134839e-81,0,2.844066511122,-0.5025428229642,-13.74161566425,0.03100561342155,1.311588288546,-14.68950205025,-27171.83279114,5170.62785849,0,0,259192.500,2296,86384,0,10402.70386625
10600,-15447809.05901,3154007.915273,21146089.7183,0,0,0,-0.6635686793478,-0.5027340348295,29213145.32877,29169164.1417849,153284896.7336,0.0001467357324303,0,0,0,9.078915307211,1.390933134903e-81,0,2.844063711623,-0.5026090747608,-13.74239509897,0.03102709423524,1.311597988586,-14.68975985059,-27170.82071377,5170.435266569,0,0,259192.600,2296,86384,0,10502.70214155
10700,-15447899.7164,3153748.144855,21146066.50574,0,0,0,-0.6635849307798,-0.5028003253467,29213662.36275,29169681.1749696,153287613.7651,0.0001467357338803,0,0,0,9.078559876997,1.390747110765e-81,0,2.844060913182,-0.5026753249781,-13.74317451512,0.03104857713935,1.311607689608,-14.69001755548,-27169.8085483,5170.242657885,0,0,259192.700,2296,86384,0,10602.70041692
10800,-15447990.37505,3153488.375241,21146043.28859,0,0,0,-0.6636011875884,-0.5028666147962,29214179.37746,29170198.1888914,153290330.6953,0.0001467357353302,0,0,0,9.078204359712,1.390561062447e-81,0,2.844058113575,-0.5027415746602,-13.74395392497,0.03107005876757,1.311617391613,-14.69027517721,-27168.79618707,5170.050011948,0,0,259192.800,2296,86384,0,10702.69869234
10900,-15448081.03496,3153228.606433,21146020.06686,0,0,0,-0.663617449774,-0.5029329031781,29214696.37291,29170715.1835482,153293047.5243,0.0001467357367802,0,0,0,9.077848755372,1.390374989972e-81,0,2.844055313168,-0.5028078236762,-13.74473332698,0.03109154331268,1.311627094601,-14.69053271425,-27167.78376711,5169.857354835,0,0,259192.900,2296,86384,0,10802.69696784
11000,-15448171.69612,3152968.83843,21145996.84052,0,0,0,-0.6636337173373,-0.5029991904925,29215213.34909,29171232.1586918,153295764.2533,0.0001467357382302,0,0,0,9.077246856136,1.390188893365e-81,0,2.84405251368,-0.5028740704394,-13.74551270248,0.03111302506978,1.31163679857,-14.69079014794,-27167.41820473,5169.787790626,0,0,259193.000,2296,86384,0,10902.69524339
11100,-15448262.35853,3152709.071232,21145973.6096,0,0,0,-0.6636499902788,-0.5030654767395,29215730.306,29171749.1148124,153298480.8798,0.0001467357396802,0,0,0,9.076891070873,1.390002772647e-81,0,2.844049709747,-0.5029403172974,-13.74629207911,0.03113451374573,1.311646503523,-14.69104750591,-27165.75861396,5169.471981004,0,0,259193.100,2296,86384,0,11002.69351901
11200,-15448353.02221,3152449.304838,21145950.37408,0,0,0,-0.6636662685991,-0.5031317619191,29216247.24364,29172266.0516619,153301197.405,0.0001467357411302,0,0,0,9.076535198615,1.389816627841e-81,0,2.844046906894,-0.5030065622894,-13.74707143377,0.0311559989316,1.311656209457,-14.69130476509,-27164.74587098,5169.279262424,0,0,259193.200,2296,86384,0,11102.6917947
11300,-15448443.68713,3152189.539251,21145927.13397,0,0,0,-0.6636825522987,-0.5031980460313,29216764.162,29172782.969238,153303913.829,0.0001467357425801,0,0,0,9.076179239377,1.389630458971e-81,0,2.844044102792,-0.5030728062779,-13.74785077664,0.03117748619841,1.311665916374,-14.69156193563,-27163.73291267,5169.086502865,0,0,259193.300,2296,86384,0,11202.69007044
11400,-15448534.35331,3151929.774468,21145903.88927,0,0,0,-0.6636988413782,-0.5032643290764,29217281.06109,29173299.8675388,153306630.1516,0.0001467357440301,0,0,0,9.075823193179,1.38944426606e-81,0,2.844041297891,-0.5031390495668,-13.74863011127,0.0311989720674,1.311675624272,-14.69181902113,-27162.71992498,5168.893737718,0,0,259193.400,2296,86384,0,11302.68834626
11500,-15448625.02075,3151670.01049,21145880.63997,0,0,0,-0.6637151358382,-0.5033306110542,29217797.94091,29173816.7465621,153309346.373,0.0001467357454801,0,0,0,9.075467060037,1.38925804913e-81,0,2.844038492308,-0.5032052917096,-13.74940943242,0.03122045888338,1.311685333152,-14.69207601632,-27161.70688836,5168.700963259,0,0,259193.500,2296,86384,0,11402.68662213
11600,-15448715.68944,3151410.247318,21145857.38608,0,0,0,-0.6637314356792,-0.503396891965,29218314.80144,29174333.6063058,153312062.493,0.0001467357469301,0,0,0,9.075110839969,1.389071808205e-81,0,2.844035687653,-0.5032715326652,-13.7501887396,0.03124195003721,1.311695043015,-14.69233292074,-27160.69369512,5168.508158997,0,0,259193.600,2296,86384,0,11502.68489808
11700,-15448806.35939,3151150.484951,21145834.1276,0,0,0,-0.6637477409018,-0.5034631718087,29218831.6427,29174850.4467679,153314778.5117,0.0001467357483801,0,0,0,9.074754532993,1.388885543306e-81,0,2.844032878423,-0.5033377724371,-13.75096803286,0.03126343994306,1.311704753858,-14.69258973443,-27159.68030612,5168.315317482,0,0,259193.700,2296,86384,0,11602.68317408
11800,-15448897.03059,3150890.72339,21145810.86452,0,0,0,-0.6637640515065,-0.5035294505855,29219348.46467,29175367.2679463,153317494.4291,0.0001467357498302,0,0,0,9.074398139126,1.388699254459e-81,0,2.844030069994,-0.5034040112907,-13.75174731531,0.03128492999172,1.311714465684,-14.69284646052,-27158.66684861,5168.122462928,0,0,259193.800,2296,86384,0,11702.68145015
11900,-15448987.70305,3150630.962634,21145787.59686,0,0,0,-0.6637803674939,-0.5035957282953,29219865.26735,29175884.0698389,153320210.2451,0.0001467357512802,0,0,0,9.074041658386,1.388512941684e-81,0,2.844027260857,-0.5034702490812,-13.75252658526,0.03130642154601,1.311724178491,-14.69310309732,-27157.65340087,5167.929610237,0,0,259193.900,2296,86384,0,11802.67972629
12000,-15449078.37676,3150371.202684,21145764.3246,0,0,0,-0.6637966888647,-0.5036620049384,29220382.05075,29176400.8521973,153322925.961,0.0001467357527302,0,0,0,9.073438792596,1.388326605006e-81,0,2.844024450909,-0.5035364859927,-13.75330584486,0.03132791055079,1.31173389228,-14.69335964699,-27157.28695755,5167.859878391,0,0,259194.000,2296,86384,0,11902.67800249
12100,-15449169.05173,3150111.443539,21145741.04775,0,0,0,-0.6638130156192,-0.5037282805147,29220898.81485,29176917.615512,153325641.5743,0.0001467357541802,0,0,0,9.073082131349,1.388140244447e-81,0,2.84402164012,-0.5036027214615,-13.75408508749,0.03134940428615,1.311743607049,-14.69361610291,-27155.62608452,5167.543824762,0,0,259194.100,2296,86384,0,12002.67627875
12200,-15449259.72795,3149851.6852,21145717.7663,0,0,0,-0.6638293477582,-0.5037945550243,29221415.55967,29177434.3595346,153328357.0863,0.0001467357556302,0,0,0,9.072725383286,1.38795386003e-81,0,2.844018829928,-0.5036689562216,-13.75486432179,0.03137089950965,1.3117533228,-14.69387247372,-27154.61222568,5167.35089384,0,0,259194.200,2296,86384,0,12102.67455508
12300,-15449350.40543,3149591.927667,21145694.48026,0,0,0,-0.6638456852821,-0.5038608284673,29221932.28519,29177951.0842632,153331072.4968,0.0001467357570803,0,0,0,9.072368548426,1.387767451779e-81,0,2.844016015612,-0.5037351896831,-13.75564354081,0.03139239197453,1.311763039533,-14.6941287525,-27153.59830811,5167.157951742,0,0,259194.300,2296,86384,0,12202.67283147
12400,-15449441.08416,3149332.170939,21145671.18963,0,0,0,-0.6638620281915,-0.5039271008438,29222448.99141,29178467.7896955,153333787.8059,0.0001467357585303,0,0,0,9.072011626786,1.387581019716e-81,0,2.844013201851,-0.5038014220422,-13.75642274685,0.03141388668601,1.311772757246,-14.69438494154,-27152.58418499,5166.964970529,0,0,259194.400,2296,86384,0,12302.67110792
12500,-15449531.76415,3149072.415018,21145647.89441,0,0,0,-0.663878376487,-0.5039933721538,29222965.67834,29178984.4758295,153336503.0136,0.0001467357599803,0,0,0,9.071654618384,1.387394563864e-81,0,2.844010387432,-0.5038676534118,-13.75720194126,0.03143538035474,1.31178247594,-14.6946410422,-27151.57011081,5166.771998629,0,0,259194.500,2296,86384,0,12402.66938445
12600,-15449622.44539,3148812.659902,21145624.59459,0,0,0,-0.6638947301692,-0.5040596423974,29223482.34596,29179501.1426631,153339218.1199,0.0001467357614304,0,0,0,9.071297523236,1.387208084245e-81,0,2.844007571872,-0.5039338840678,-13.75798112727,0.03145687859265,1.311792195615,-14.69489705771,-27150.55585066,5166.578991339,0,0,259194.600,2296,86384,0,12502.66766103
12700,-15449713.12789,3148552.905593,21145601.29018,0,0,0,-0.6639110892386,-0.5041259115747,29223998.99428,29180017.7901942,153341933.1248,0.0001467357628804,0,0,0,9.070940341361,1.387021580884e-81,0,2.844004757486,-0.5040001131095,-13.75876029429,0.03147837668448,1.311801916271,-14.6951529775,-27149.54144368,5166.385956109,0,0,259194.700,2296,86384,0,12602.66593768
12800,-15449803.81164,3148293.152089,21145577.98118,0,0,0,-0.6639274536958,-0.5041921796857,29224515.6233,29180534.4184208,153344648.0282,0.0001467357643305,0,0,0,9.070583072777,1.386835053804e-81,0,2.844001938466,-0.5040663409792,-13.75953944752,0.03149987283433,1.311811637907,-14.69540880677,-27148.52684093,5166.192883626,0,0,259194.800,2296,86384,0,12702.66421439
12900,-15449894.49665,3148033.399392,21145554.66759,0,0,0,-0.6639438235413,-0.5042584467306,29225032.23301,29181051.0273407,153347362.8301,0.0001467357657806,0,0,0,9.0702257175,1.386648503025e-81,0,2.843999120427,-0.5041325686537,-13.76031859845,0.03152137126062,1.311821360524,-14.69566455701,-27147.51223818,5165.999811143,0,0,259194.900,2296,86384,0,12802.66249117
13000,-15449985.18291,3147773.647501,21145531.3494,0,0,0,-0.6639601987758,-0.5043247127093,29225548.82342,29181567.6167055,153350077.5319,0.0001467357672306,0,0,0,9.069621887573,1.386461928573e-81,0,2.843996301296,-0.5041987943071,-13.76109772561,0.03154287117754,1.311831084122,-14.69592020676,-27147.14483561,5165.929896757,0,0,259195.000,2296,86384,0,12902.66076801
13100,-15450075.87043,3147513.896416,21145508.02662,0,0,0,-0.6639765793997,-0.504390977622,29226065.39451,29182084.187006,153352792.1309,0.0001467357686807,0,0,0,9.069264352206,1.386275330469e-81,0,2.843993481338,-0.5042650194362,-13.76187684659,0.03156437081433,1.3118408087,-14.69617577363,-27145.48265095,5165.613593534,0,0,259195.100,2296,86384,0,13002.65904492
13200,-15450166.5592,3147254.146137,21145484.69925,0,0,0,-0.6639929654136,-0.5044572414687,29226581.94629,29182600.7379935,153355506.6284,0.0001467357701308,0,0,0,9.068906730205,1.386088708737e-81,0,2.843990660714,-0.504331243253,-13.76265595214,0.03158587181863,1.311850534258,-14.69643124835,-27144.46773498,5165.420461446,0,0,259195.200,2296,86384,0,13102.65732189
13300,-15450257.24923,3146994.396665,21145461.36728,0,0,0,-0.6640093568182,-0.5045235042495,29227098.47876,29183117.269666,153358221.0245,0.0001467357715808,0,0,0,9.068549021588,1.3859020634e-81,0,2.843987841069,-0.5043974661554,-13.76343504693,0.03160737256756,1.311860260796,-14.69668663562,-27143.45262324,5165.227292106,0,0,259195.300,2296,86384,0,13202.65559893
13400,-15450347.94051,3146734.647999,21145438.03073,0,0,0,-0.6640257536139,-0.5045897659644,29227614.9919,29183633.7820215,153360935.319,0.0001467357730309,0,0,0,9.068191226372,1.38571539448e-81,0,2.843985016655,-0.5044636879169,-13.7642141283,0.03162887333673,1.311869988314,-14.69694193277,-27142.43739405,5165.034100413,0,0,259195.400,2296,86384,0,13302.65387603
13500,-15450438.63304,3146474.90014,21145414.68958,0,0,0,-0.6640421558014,-0.5046560266136,29228131.48573,29184150.2750579,153363649.512,0.000146735774481,0,0,0,9.067833344575,1.385528702001e-81,0,2.843982193187,-0.5045299089901,-13.76499320157,0.03165037748075,1.311879716813,-14.69719714514,-27141.4221257,5164.840901271,0,0,259195.500,2296,86384,0,13402.65215319
13600,-15450529.32683,3146215.153087,21145391.34384,0,0,0,-0.6640585633812,-0.5047222861971,29228647.96024,29184666.7487731,153366363.6034,0.0001467357759311,0,0,0,9.067475376214,1.385341985987e-81,0,2.843979369062,-0.5045961278708,-13.76577224905,0.03167188245963,1.311889446291,-14.69745225503,-27140.40680841,5164.647692814,0,0,259195.600,2296,86384,0,13502.65043042
13700,-15450620.02188,3145955.406841,21145367.9935,0,0,0,-0.6640749763539,-0.5047885447149,29229164.41543,29185183.2031649,153369077.5933,0.0001467357773812,0,0,0,9.067117321307,1.385155246457e-81,0,2.843976544126,-0.50466234699,-13.76655129933,0.0316933856138,1.311899176749,-14.69770729106,-27139.39137366,5164.454462007,0,0,259195.700,2296,86384,0,13602.64870772
13800,-15450710.71818,3145695.661401,21145344.63857,0,0,0,-0.6640913947199,-0.5048548021672,29229680.85128,29185699.6382314,153371791.4817,0.0001467357788313,0,0,0,9.066759179872,1.384968483438e-81,0,2.84397371983,-0.5047285645679,-13.76733033148,0.03171489049477,1.311908908187,-14.69796223228,-27138.37572357,5164.261190221,0,0,259195.800,2296,86384,0,13702.64698507
13900,-15450801.41573,3145435.916769,21145321.27905,0,0,0,-0.66410781848,-0.5049210585541,29230197.26782,29186216.0539705,153374505.2685,0.0001467357802814,0,0,0,9.066400951926,1.38478169695e-81,0,2.843970891192,-0.5047947806837,-13.76810934643,0.03173639628852,1.311918640604,-14.69821707965,-27137.3599756,5164.067899808,0,0,259195.900,2296,86384,0,13802.6452625
14000,-15450892.11454,3145176.172943,21145297.91494,0,0,0,-0.6641242476347,-0.5049873138755,29230713.66502,29186732.4501335,153377218.955,0.0001467357817315,0,0,0,9.065796160281,1.384594887018e-81,0,2.843968063538,-0.5048609959544,-13.76888835144,0.03175790229888,1.311928374001,-14.69847184041,-27136.99188784,5163.997855037,0,0,259196.000,2296,86384,0,13902.64353998
14100,-15450982.81461,3144916.429924,21145274.54623,0,0,0,-0.6641406821845,-0.5050535681315,29231230.04289,29187248.8272114,153379932.5386,0.0001467357831816,0,0,0,9.065437752661,1.384408053665e-81,0,2.84396523476,-0.50492721042,-13.76966734697,0.03177941276855,1.311938108378,-14.69872651506,-27135.32835241,5163.681294769,0,0,259196.100,2296,86384,0,14002.64181754
14200,-15451073.51593,3144656.687711,21145251.17294,0,0,0,-0.66415712213,-0.5051198213223,29231746.40143,29187765.1849556,153382646.0206,0.0001467357846317,0,0,0,9.06507925859,1.384221196912e-81,0,2.843962405094,-0.50499342406,-13.7704463328,0.03180091967172,1.311947843733,-14.69898110336,-27134.31232057,5163.48795034,0,0,259196.200,2296,86384,0,14102.64009515
14300,-15451164.2185,3144396.946306,21145227.79505,0,0,0,-0.6641735674718,-0.5051860734479,29232262.74063,29188281.523364,153385359.401,0.0001467357860818,0,0,0,9.064720678083,1.384034316783e-81,0,2.843959574577,-0.5050596360621,-13.77122529935,0.03182242861295,1.311957580068,-14.69923559575,-27133.29615171,5163.294579834,0,0,259196.300,2296,86384,0,14202.63837283
14400,-15451254.92233,3144137.205708,21145204.41256,0,0,0,-0.6641900182105,-0.5052523245083,29232779.06049,29188797.8424346,153388072.6798,0.000146735787532,0,0,0,9.064362011159,1.383847413302e-81,0,2.843956745121,-0.5051258469311,-13.77200425257,0.03184393479896,1.311967317382,-14.69948999818,-27132.27989474,5163.101192564,0,0,259196.400,2296,86384,0,14302.63665058
14500,-15451345.62741,3143877.465917,21145181.02549,0,0,0,-0.6642064743465,-0.5053185745037,29233295.36102,29189314.1421652,153390785.857,0.0001467357889821,0,0,0,9.064003257836,1.38366048649e-81,0,2.843953911067,-0.5051920569624,-13.77278319594,0.03186544631092,1.311977055675,-14.69974431413,-27131.2635399,5162.907786667,0,0,259196.500,2296,86384,0,14402.63492839
14600,-15451436.33374,3143617.726933,21145157.63382,0,0,0,-0.6642229358805,-0.505384823434,29233811.6422,29189830.4225538,153393498.9325,0.0001467357904322,0,0,0,9.06364441813,1.383473536371e-81,0,2.843951078079,-0.5052582657182,-13.7735621243,0.03188696048133,1.311986794947,-14.69999853846,-27130.24707738,5162.714360282,0,0,259196.600,2296,86384,0,14502.63320626
14700,-15451527.04133,3143357.988756,21145134.23756,0,0,0,-0.6642394028131,-0.5054510712995,29234327.90404,29190346.6835983,153396211.9064,0.0001467357918824,0,0,0,9.063285492061,1.383286562968e-81,0,2.843948243736,-0.5053244735122,-13.77434104134,0.03190847288407,1.311996535198,-14.70025267487,-27129.2304191,5162.520896643,0,0,259196.700,2296,86384,0,14602.6314842
14800,-15451617.75018,3143098.251387,21145110.8367,0,0,0,-0.6642558751448,-0.5055173181001,29234844.14653,29190862.9252966,153398924.7786,0.0001467357933325,0,0,0,9.062926479644,1.383099566303e-81,0,2.843945408831,-0.5053906805657,-13.77511994967,0.03192998402519,1.312006276428,-14.70050672597,-27128.2136923,5162.327419966,0,0,259196.800,2296,86384,0,14702.6297622
14900,-15451708.46028,3142838.514825,21145087.43126,0,0,0,-0.6642723528762,-0.5055835638359,29235360.36967,29191379.1476467,153401637.5492,0.0001467357947826,0,0,0,9.062567380898,1.3829125464e-81,0,2.843942572951,-0.5054568865124,-13.77589884499,0.03195149473944,1.312016018636,-14.70076068744,-27127.19689698,5162.133930251,0,0,259196.900,2296,86384,0,14802.62804027
15000,-15451799.17163,3142578.77907,21145064.02122,0,0,0,-0.6642888360078,-0.505649808507,29235876.57347,29191895.3503999,153404350.2193,0.0001467357962328,0,0,0,9.061961629959,1.382725503282e-81,0,2.843939738267,-0.5055230909638,-13.77667772271,0.03197300950794,1.312025761823,-14.70101455474,-27126.82784019,5162.063701078,0,0,259197.000,2296,86384,0,14902.6263184
15100,-15451889.88424,3142319.044123,21145040.60659,0,0,0,-0.6643053245402,-0.5057160521134,29236392.75791,29192411.5340472,153407062.7864,0.0001467357976829,0,0,0,9.061602351958,1.382538436971e-81,0,2.843936898848,-0.5055892949495,-13.77745659495,0.03199452548577,1.312035505988,-14.70126833997,-27125.16294418,5161.746881902,0,0,259197.100,2296,86384,0,15002.6245966
15200,-15451980.5981,3142059.309983,21145017.18737,0,0,0,-0.6643218184741,-0.5057822946553,29236908.923,29192927.69834,153409775.2519,0.0001467357991331,0,0,0,9.061242987686,1.38235134749e-81,0,2.843934060227,-0.5056554974269,-13.77823544944,0.03201604218069,1.312045251132,-14.70152203088,-27124.14575733,5161.553317681,0,0,259197.200,2296,86384,0,15102.62287486
15300,-15452071.31322,3141799.576651,21144993.76355,0,0,0,-0.6643383178099,-0.5058485361326,29237425.06873,29193443.8432763,153412487.6156,0.0001467358005833,0,0,0,9.060883537161,1.382164234863e-81,0,2.843931220871,-0.5057216990335,-13.7790142937,0.03203755541746,1.312054997254,-14.70177563497,-27123.12857048,5161.35975346,0,0,259197.300,2296,86384,0,15202.62115319
15400,-15452162.02959,3141539.844127,21144970.33514,0,0,0,-0.6643548225482,-0.5059147765456,29237941.1951,29193959.9688539,153415199.8776,0.0001467358020334,0,0,0,9.060524000401,1.381977099111e-81,0,2.843928380939,-0.5057878991738,-13.7797931207,0.03205907291797,1.312064744354,-14.70202914525,-27122.11123681,5161.166161299,0,0,259197.400,2296,86384,0,15302.61943158
15500,-15452252.74722,3141280.11241,21144946.90214,0,0,0,-0.6643713326897,-0.5059810158941,29238457.30211,29194476.0750708,153417912.0379,0.0001467358034836,0,0,0,9.060164377422,1.38178994026e-81,0,2.843925541666,-0.5058540985508,-13.78057193872,0.03208059112677,1.312074492432,-14.70228257,-27121.09380526,5160.972550511,0,0,259197.500,2296,86384,0,15402.61771003
15600,-15452343.46609,3141020.381501,21144923.46455,0,0,0,-0.6643878482348,-0.5060472541784,29238973.38976,29194992.1619249,153420624.0964,0.0001467358049338,0,0,0,9.059804668244,1.381602758329e-81,0,2.843922697785,-0.5059202972019,-13.7813507482,0.03210211105124,1.312084241489,-14.70253590965,-27120.0762073,5160.778908059,0,0,259197.600,2296,86384,0,15502.61598855
15700,-15452434.18623,3140760.6514,21144900.02236,0,0,0,-0.6644043691841,-0.5061134913984,29239489.45804,29195508.2294141,153423336.0531,0.000146735806384,0,0,0,9.059444872882,1.381415553344e-81,0,2.843919854944,-0.5059864941598,-13.78212953776,0.03212363057857,1.312093991523,-14.70278915284,-27119.05859956,5160.585263744,0,0,259197.700,2296,86384,0,15602.61426714
15800,-15452524.90762,3140500.922107,21144876.57558,0,0,0,-0.6644208955383,-0.5061797275543,29240005.50696,29196024.2775364,153426047.9081,0.0001467358078341,0,0,0,9.059084991357,1.381228325326e-81,0,2.843917011173,-0.5060526902733,-13.78290831739,0.03214514847467,1.312103742535,-14.70304230955,-27118.0408352,5160.391589627,0,0,259197.800,2296,86384,0,15702.61254578
15900,-15452615.63026,3140241.193622,21144853.12421,0,0,0,-0.6644374272979,-0.5062459626461,29240521.53651,29196540.3062896,153428759.6613,0.0001467358092843,0,0,0,9.058725023683,1.381041074299e-81,0,2.843914166394,-0.5061188854284,-13.78368708574,0.03216666919374,1.312113494524,-14.70329537846,-27117.02287508,5160.197878256,0,0,259197.900,2296,86384,0,15802.6108245
16000,-15452706.35415,3139981.465945,21144829.66825,0,0,0,-0.6644539644634,-0.5063121966738,29241037.54668,29197056.315425,153431471.3139,0.0001467358107345,0,0,0,9.058118315877,1.380853800286e-81,0,2.843911321024,-0.5061850794224,-13.78449003993,0.03218819124569,1.312123247491,-14.70357255668,-27116.65302544,5160.127498209,0,0,259198.000,2296,86384,0,15902.60910328
16100,-15452797.0793,3139721.739076,21144806.20769,0,0,0,-0.6644705070354,-0.5063784296377,29241553.53749,29197572.3054339,153434182.8635,0.0001467358121847,0,0,0,9.057758169367,1.380666503308e-81,0,2.843908476032,-0.5062512729,-13.78530924302,0.03220971425116,1.312133001436,-14.70386590728,-27114.98683738,5159.810433164,0,0,259198.100,2296,86384,0,16002.60738212
16200,-15452887.80571,3139462.013015,21144782.74254,0,0,0,-0.6644870550146,-0.5064446615376,29242069.50892,29198088.2760676,153436894.3113,0.0001467358136349,0,0,0,9.057397936768,1.380479183391e-81,0,2.843905627005,-0.5063174643681,-13.78612842124,0.03223123731536,1.312142756358,-14.7041591565,-27113.96857382,5159.616664052,0,0,259198.200,2296,86384,0,16102.60566103
16300,-15452978.53336,3139202.287762,21144759.2728,0,0,0,-0.6645036084014,-0.5065108923738,29242585.46097,29198604.2273239,153439605.6572,0.0001467358150851,0,0,0,9.057037618098,1.380291840556e-81,0,2.843902778878,-0.5063836549763,-13.78694758882,0.03225276091617,1.312152512258,-14.70445231857,-27112.95022217,5159.422878176,0,0,259198.300,2296,86384,0,16202.60394
16400,-15453069.26228,3138942.563317,21144735.79847,0,0,0,-0.6645201671965,-0.5065771221462,29243101.39364,29199120.1592007,153442316.9013,0.0001467358165353,0,0,0,9.056677213374,1.380104474826e-81,0,2.843899929446,-0.5064498449422,-13.78776674845,0.03227428447302,1.312162269134,-14.70474539619,-27111.93176285,5159.229071811,0,0,259198.400,2296,86384,0,16302.60221904
16500,-15453159.99244,3138682.839681,21144712.31955,0,0,0,-0.6645367314003,-0.5066433508549,29243617.30693,29199636.0716961,153445028.0436,0.0001467358179856,0,0,0,9.056316722615,1.379917086224e-81,0,2.843897079355,-0.5065160336529,-13.78858589255,0.03229580940849,1.312172026988,-14.70503838179,-27110.91321543,5159.035248682,0,0,259198.500,2296,86384,0,16402.60049814
16600,-15453250.72386,3138423.116853,21144688.83603,0,0,0,-0.6645533010136,-0.5067095785,29244133.20084,29200151.9648079,153447739.084,0.0001467358194358,0,0,0,9.055956145837,1.379729674772e-81,0,2.843894228539,-0.506582221386,-13.78940502454,0.03231733717861,1.312181785819,-14.7053312788,-27109.89462886,5158.841418102,0,0,259198.600,2296,86384,0,16502.5987773
16700,-15453341.45654,3138163.394834,21144665.34792,0,0,0,-0.6645698760368,-0.5067758050816,29244649.07536,29200667.838534,153450450.0225,0.000146735820886,0,0,0,9.055595483059,1.379542240495e-81,0,2.843891378536,-0.5066484080594,-13.79022414343,0.03233886410351,1.312191545627,-14.70562408621,-27108.87581716,5158.647544682,0,0,259198.700,2296,86384,0,16602.59705653
16800,-15453432.19046,3137903.673623,21144641.85522,0,0,0,-0.6645864564706,-0.5068420305998,29245164.93049,29201183.6928724,153453160.8591,0.0001467358223362,0,0,0,9.055234734299,1.379354783414e-81,0,2.843888523871,-0.5067145934491,-13.79104324642,0.03236039052158,1.312201306411,-14.70591680126,-27107.85679991,5158.453632146,0,0,259198.800,2296,86384,0,16702.59533583
16900,-15453522.92564,3137643.953221,21144618.35792,0,0,0,-0.6646030423155,-0.5069082550546,29245680.76624,29201699.527821,153455871.5939,0.0001467358237865,0,0,0,9.054873899573,1.379167303553e-81,0,2.843885670181,-0.5067807783401,-13.79186234324,0.03238191771023,1.312211068172,-14.70620943367,-27106.83783159,5158.259728923,0,0,259198.900,2296,86384,0,16802.59361519
17000,-15453613.66208,3137384.233627,21144594.85603,0,0,0,-0.6646196335721,-0.506974478446,29246196.58259,29202215.343131,153458582.228,0.0001467358252367,0,0,0,9.05426623733,1.378979800935e-81,0,2.843882815767,-0.5068469614221,-13.79268141768,0.03240345012802,1.31222083091,-14.70650196724,-27106.46713037,5158.189186826,0,0,259199.000,2296,86384,0,16902.59189461
17100,-15453704.39977,3137124.514842,21144571.34955,0,0,0,-0.6646362302409,-0.5070407007742,29246712.37955,29202731.1392938,153461292.7589,0.0001467358266869,0,0,0,9.053905224187,1.378792275582e-81,0,2.84387996051,-0.5069131436512,-13.79350048156,0.03242497872709,1.312230594625,-14.70679441379,-27104.79964047,5157.871874049,0,0,259199.100,2296,86384,0,17002.5901741
17200,-15453795.13871,3136864.796866,21144547.83848,0,0,0,-0.6646528323225,-0.5071069220392,29247228.15711,29203246.9160605,153464003.1879,0.0001467358281372,0,0,0,9.053544125136,1.378604727517e-81,0,2.843877106132,-0.506979324954,-13.79431953398,0.03244650932128,1.312240359316,-14.70708677243,-27103.78031978,5157.677903771,0,0,259199.200,2296,86384,0,17102.58845366
17300,-15453885.87891,3136605.079699,21144524.32282,0,0,0,-0.6646694398176,-0.5071731422411,29247743.91527,29203762.6734292,153466713.515,0.0001467358295874,0,0,0,9.053182940197,1.378417156764e-81,0,2.843874247149,-0.5070455051309,-13.79513857246,0.03246803898478,1.312250124983,-14.7073790407,-27102.76085227,5157.483905554,0,0,259199.300,2296,86384,0,17202.58673327
17400,-15453976.62036,3136345.36334,21144500.80256,0,0,0,-0.6646860527266,-0.50723936138,29248259.65404,29204278.4113976,153469423.7401,0.0001467358310377,0,0,0,9.052821669387,1.378229563344e-81,0,2.843871389318,-0.5071116841055,-13.79595759606,0.03248956991196,1.312259891627,-14.70767121765,-27101.74139454,5157.289909199,0,0,259199.400,2296,86384,0,17302.58501296
17500,-15454067.36306,3136085.647791,21144477.27771,0,0,0,-0.6647026710502,-0.5073055794559,29248775.3734,29204794.1299638,153472133.8633,0.000146735832488,0,0,0,9.052460312723,1.378041947281e-81,0,2.843868530041,-0.5071778625443,-13.79677661303,0.03251110620177,1.312269659247,-14.70796331154,-27100.7217802,5157.095883042,0,0,259199.500,2296,86384,0,17402.58329271
17600,-15454158.10702,3135825.93305,21144453.74827,0,0,0,-0.6647192947889,-0.5073717964689,29249291.07336,29205309.8291257,153474843.8845,0.0001467358339382,0,0,0,9.052098870223,1.377854308598e-81,0,2.843865670305,-0.507244039462,-13.79759561118,0.03253263936314,1.312279427843,-14.70825531018,-27099.70202883,5156.901830807,0,0,259199.600,2296,86384,0,17502.58157252
17700,-15454248.85223,3135566.219119,21144430.21424,0,0,0,-0.6647359239433,-0.5074380124191,29249806.75391,29205825.5088812,153477553.8037,0.0001467358353885,0,0,0,9.051737341905,1.377666647317e-81,0,2.843862809635,-0.5073102151888,-13.79841459459,0.03255417382258,1.312289197415,-14.70854721767,-27098.68217957,5156.707759947,0,0,259199.700,2296,86384,0,17602.5798524
17800,-15454339.5987,3135306.505996,21144406.67561,0,0,0,-0.664752558514,-0.5075042273065,29250322.41506,29206341.1692282,153480263.6209,0.0001467358368388,0,0,0,9.051375727787,1.377478963462e-81,0,2.843859949768,-0.5073763900545,-13.79923356734,0.0325757071412,1.312298967962,-14.70883903809,-27097.66218349,5156.513661146,0,0,259199.800,2296,86384,0,17702.57813234
17900,-15454430.34642,3135046.793683,21144383.13239,0,0,0,-0.6647691985015,-0.5075704411312,29250838.05679,29206856.8101646,153482973.3361,0.000146735838289,0,0,0,9.051014027887,1.377291257056e-81,0,2.843857085402,-0.5074425639739,-13.80005252838,0.0325972424652,1.312308739486,-14.70913077039,-27096.64211889,5156.319549307,0,0,259199.900,2296,86384,0,17802.57641235
18000,-15454521.09539,3134787.082179,21144359.58458,0,0,0,-0.6647858439065,-0.5076366538933,29251353.67911,29207372.4314416,153485682.9506,0.0001467358397393,0,0,0,9.050405413643,1.37710352812e-81,0,2.843854221725,-0.507508736597,-13.80087147337,0.03261878110241,1.312318511985,-14.70942241026,-27096.27043885,5156.248820946,0,0,259200.000,2296,0,0,17902.57469242
18100,-15454611.84561,3134527.371484,21144336.03218,0,0,0,-0.6648024947295,-0.5077028655928,29251869.28201,29207888.0335507,153488392.4618,0.0001467358411896,0,0,0,9.050043535743,1.376915776679e-81,0,2.843851357246,-0.507574908629,-13.80169041105,0.03264031780693,1.31232828546,-14.70971396642,-27094.60157859,5155.931247398,0,0,259200.100,2296,0,0,18002.57297255
18200,-15454702.59709,3134267.661599,21144312.47518,0,0,0,-0.664819150971,-0.5077690762299,29252384.8655,29208403.6162431,153491101.8709,0.0001467358426399,0,0,0,9.04968157212,1.376728002754e-81,0,2.84384849208,-0.507641079498,-13.80250933434,0.03266185551678,1.312338059911,-14.7100054318,-27093.58120077,5155.737075955,0,0,259200.200,2296,0,0,18102.57125276
18300,-15454793.34982,3134007.952523,21144288.91359,0,0,0,-0.6648358126318,-0.5078352858045,29252900.42957,29208919.1795165,153493811.178,0.0001467358440902,0,0,0,9.04931952279,1.37654020637e-81,0,2.843845628093,-0.5077072486266,-13.80332823609,0.03268339294214,1.312347835336,-14.71029679927,-27092.56062718,5155.542867258,0,0,259200.300,2296,0,0,18202.56953302
18400,-15454884.10381,3133748.244257,21144265.34741,0,0,0,-0.6648524797122,-0.5079014943169,29253415.97422,29209434.7233691,153496520.383,0.0001467358455405,0,0,0,9.048957387772,1.376352387548e-81,0,2.843842759125,-0.5077734172465,-13.80414713155,0.03270493308486,1.312357611737,-14.71058808407,-27091.53998507,5155.348645523,0,0,259200.400,2296,0,0,18302.56781335
18500,-15454974.85905,3133488.5368,21144241.77664,0,0,0,-0.664869152213,-0.5079677017669,29253931.49945,29209950.2477987,153499229.486,0.0001467358469908,0,0,0,9.048595167083,1.376164546312e-81,0,2.843839891139,-0.5078395845797,-13.80496601108,0.03272647460625,1.312367389114,-14.71087927658,-27090.5192353,5155.154403299,0,0,259200.500,2296,0,0,18402.56609375
18600,-15455065.61554,3133228.830152,21144218.20128,0,0,0,-0.6648858301346,-0.5080339081547,29254447.00525,29210465.7528032,153501938.4869,0.0001467358484411,0,0,0,9.048232860741,1.375976682684e-81,0,2.843837022422,-0.5079057507695,-13.80578487646,0.03274801638405,1.312377167465,-14.71117037858,-27089.49849531,5154.960162938,0,0,259200.600,2296,0,0,18502.56437421
18700,-15455156.37329,3132969.124315,21144194.62132,0,0,0,-0.6649025134777,-0.5081001134804,29254962.49163,29210981.2383806,153504647.3857,0.0001467358498914,0,0,0,9.047870468763,1.375788796687e-81,0,2.843834152802,-0.507971916187,-13.80660373228,0.03276955763508,1.312386946792,-14.71146139467,-27088.47753019,5154.765879735,0,0,259200.700,2296,0,0,18602.56265473
18800,-15455247.13229,3132709.419287,21144171.03677,0,0,0,-0.6649192022429,-0.5081663177441,29255477.95857,29211496.7045287,153507356.1824,0.0001467358513417,0,0,0,9.047507991168,1.375600888345e-81,0,2.84383128245,-0.5080380802781,-13.80742257168,0.03279109847472,1.312396727093,-14.711752318,-27087.45642803,5154.571570456,0,0,259200.800,2296,0,0,18702.56093532
18900,-15455337.89254,3132449.715069,21144147.44763,0,0,0,-0.6649358964306,-0.5082325209457,29255993.40609,29212012.1512456,153510064.877,0.000146735852792,0,0,0,9.047145427972,1.375412957679e-81,0,2.8438284124,-0.5081042437039,-13.80824140285,0.0328126412177,1.312406508369,-14.71204315676,-27086.43528672,5154.377253726,0,0,259200.900,2296,0,0,18802.55921598
19000,-15455428.65405,3132190.011661,21144123.8539,0,0,0,-0.6649525960416,-0.5082987230854,29256508.83417,29212527.5782822,153512773.4707,0.0001467358542424,0,0,0,9.046535864165,1.375225004713e-81,0,2.843825538574,-0.5081704056933,-13.80906021625,0.03283418662738,1.31241629062,-14.71233390141,-27086.06280404,5154.306372628,0,0,259201.000,2296,0,0,18902.5574967
19100,-15455519.41681,3131930.309063,21144100.25557,0,0,0,-0.6649693010764,-0.5083649241633,29257024.24281,29213042.9861303,153515481.9611,0.0001467358556927,0,0,0,9.046173123391,1.37503702947e-81,0,2.843822665251,-0.5082365665139,-13.80987901518,0.03285573131989,1.312426073846,-14.71262455527,-27084.3926811,5153.988558799,0,0,259201.100,2296,0,0,19002.55577748
19200,-15455610.18082,3131670.607274,21144076.65265,0,0,0,-0.6649860115355,-0.5084311241794,29257539.63202,29213558.3745409,153518190.3493,0.000146735857143,0,0,0,9.045810297076,1.374849031971e-81,0,2.843819790985,-0.5083027265303,-13.81069780416,0.03287727734854,1.312435858046,-14.71291512285,-27083.37114826,5153.794167563,0,0,259201.200,2296,0,0,19102.55405833
19300,-15455700.94609,3131410.906296,21144053.04514,0,0,0,-0.6650027274195,-0.5084973231338,29258055.00179,29214073.7435119,153520898.6353,0.0001467358585934,0,0,0,9.045447385237,1.374661012242e-81,0,2.843816916224,-0.508368885577,-13.81151658114,0.03289882264776,1.312445643221,-14.71320560212,-27082.34957627,5153.599768877,0,0,259201.300,2296,0,0,19202.55233925
19400,-15455791.71261,3131151.206128,21144029.43304,0,0,0,-0.665019448729,-0.5085635210265,29258570.35212,29214589.0930413,153523606.8192,0.0001467358600437,0,0,0,9.045084387892,1.374472970304e-81,0,2.843814040161,-0.508435043497,-13.81233534417,0.03292037121737,1.31245542937,-14.71349599114,-27081.32787703,5153.405345976,0,0,259201.400,2296,0,0,19302.55062023
19500,-15455882.48038,3130891.50677,21144005.81635,0,0,0,-0.6650361754646,-0.5086297178576,29259085.683,29215104.423127,153526314.9009,0.0001467358614941,0,0,0,9.04472130506,1.374284906179e-81,0,2.843811164954,-0.5085012004455,-13.81315409518,0.03294191969418,1.312465216493,-14.71378629183,-27080.30610927,5153.210910037,0,0,259201.500,2296,0,0,19402.54890127
19600,-15455973.24941,3130631.808222,21143982.19506,0,0,0,-0.6650529076269,-0.5086959136273,29259600.99444,29215619.7337669,153529022.8804,0.0001467358629444,0,0,0,9.044358136757,1.374096819891e-81,0,2.843808285454,-0.5085673562182,-13.81397283164,0.03296346755354,1.312475004591,-14.71407650168,-27079.28415554,5153.016438708,0,0,259201.600,2296,0,0,19502.54718238
19700,-15456064.01969,3130372.110484,21143958.56918,0,0,0,-0.6650696452165,-0.5087621083355,29260116.28643,29216135.0249589,153531730.7577,0.0001467358643948,0,0,0,9.043994883002,1.373908711463e-81,0,2.843805406435,-0.5086335105848,-13.81479155069,0.03298501788668,1.312484793662,-14.71436661784,-27078.2620354,5152.821935713,0,0,259201.700,2296,0,0,19602.54546355
19800,-15456154.79122,3130112.413557,21143934.93871,0,0,0,-0.6650863882339,-0.5088283019823,29260631.55897,29216650.296701,153534438.5328,0.0001467358658451,0,0,0,9.043631543812,1.373720580918e-81,0,2.843802526826,-0.5086996643438,-13.81561026223,0.03300656417978,1.312494583708,-14.71466166171,-27077.23987612,5152.627425268,0,0,259201.800,2296,0,0,19702.54374479
19900,-15456245.564,3129852.71744,21143911.30365,0,0,0,-0.6651031366796,-0.5088944945679,29261146.81206,29217165.5489911,153537146.2057,0.0001467358672955,0,0,0,9.043268119204,1.373532428278e-81,0,2.843799646554,-0.5087658165942,-13.8164289551,0.03302811811865,1.312504374727,-14.71495862264,-27076.21763852,5152.432899922,0,0,259201.900,2296,0,0,19802.54202609
20000,-15456336.33804,3129593.022134,21143887.66399,0,0,0,-0.6651198905544,-0.5089606860922,29261662.04569,29217680.7815801,153539853.7776,0.0001467358687459,0,0,0,9.042657608275,1.373344253566e-81,0,2.843796767091,-0.5088319683958,-13.81724764241,0.03304967057178,1.31251416672,-14.71525550246,-27075.84427489,5152.361851186,0,0,259202.000,2296,0,0,19902.54030746
20100,-15456427.11333,3129333.327638,21143864.01974,0,0,0,-0.6651366498587,-0.5090268765553,29262177.25987,29218195.99496,153542561.246,0.0001467358701962,0,0,0,9.04229400651,1.373156056806e-81,0,2.843793882989,-0.5088981185473,-13.8180663093,0.03307122276179,1.312523959687,-14.71555228628,-27074.17276202,5152.043772861,0,0,259202.100,2296,0,0,20002.5385889
20200,-15456517.88988,3129073.633953,21143840.3709,0,0,0,-0.6651534145932,-0.5090930659574,29262692.45459,29218711.1888816,153545268.6122,0.0001467358716466,0,0,0,9.041930319387,1.372967838018e-81,0,2.843790999655,-0.5089642681738,-13.81888496969,0.03309277401146,1.312533753628,-14.71584898805,-27073.15013289,5151.849173009,0,0,259202.200,2296,0,0,20102.53687039
20300,-15456608.66768,3128813.941078,21143816.71747,0,0,0,-0.6651701847584,-0.5091592542984,29263207.62985,29219226.363343,153547975.8761,0.000146735873097,0,0,0,9.041566546923,1.372779597227e-81,0,2.843788115689,-0.5090304166135,-13.8197036154,0.03311432710508,1.312543548542,-14.71614559958,-27072.12752334,5151.654576883,0,0,259202.300,2296,0,0,20202.53515196
20400,-15456699.44673,3128554.249015,21143793.05945,0,0,0,-0.6651869603549,-0.5092254415785,29263722.78565,29219741.518342,153550683.0377,0.0001467358745474,0,0,0,9.041202689137,1.372591334457e-81,0,2.843785231097,-0.5090965635862,-13.82052224295,0.03313588260938,1.312553344429,-14.71644211741,-27071.10468867,5151.459937915,0,0,259202.400,2296,0,0,20302.53343359
20500,-15456790.22703,3128294.557762,21143769.39683,0,0,0,-0.6652037413833,-0.5092916277977,29264237.92198,29220256.6538767,153553390.097,0.0001467358759978,0,0,0,9.040838746045,1.372403049728e-81,0,2.843782345332,-0.5091627097608,-13.82134086062,0.03315743862534,1.31256314129,-14.71673854983,-27070.08183441,5151.265295222,0,0,259202.500,2296,0,0,20402.53171528
20600,-15456881.00859,3128034.867319,21143745.72962,0,0,0,-0.6652205278442,-0.5093578129561,29264753.03885,29220771.7699448,153556097.054,0.0001467358774482,0,0,0,9.040474717667,1.372214743064e-81,0,2.843779460447,-0.509228854799,-13.82215946423,0.03317899377213,1.312572939124,-14.71703489265,-27069.0588627,5151.070630178,0,0,259202.600,2296,0,0,20502.52999704
20700,-15456971.7914,3127775.177688,21143722.05782,0,0,0,-0.6652373197381,-0.5094239970538,29265268.13625,29221286.8665444,153558803.9088,0.0001467358788986,0,0,0,9.040110604019,1.372026414488e-81,0,2.843776570858,-0.5092949988317,-13.8229780554,0.03320055223794,1.312582737931,-14.7173311475,-27068.03574416,5150.875937194,0,0,259202.700,2296,0,0,20602.52827886
20800,-15457062.57546,3127515.488868,21143698.38143,0,0,0,-0.6652541170657,-0.5094901800908,29265783.21417,29221801.9436733,153561510.6612,0.000146735880349,0,0,0,9.039746405119,1.371838064023e-81,0,2.843773682468,-0.509361141918,-13.82379663485,0.03322210752599,1.312592537711,-14.71762731512,-27067.0124788,5150.68121627,0,0,259202.800,2296,0,0,20702.52656075
20900,-15457153.36077,3127255.800858,21143674.70044,0,0,0,-0.6652709198275,-0.5095563620672,29266298.27263,29222317.0013296,153564217.3113,0.0001467358817994,0,0,0,9.039382120986,1.371649691692e-81,0,2.843770792923,-0.5094272837786,-13.82461519913,0.03324366786007,1.312602338464,-14.71792339205,-27065.9891645,5150.486486033,0,0,259202.900,2296,0,0,20802.5248427
21000,-15457244.14734,3126996.11366,21143651.01487,0,0,0,-0.6652877280241,-0.509622542983,29266813.31161,29222832.039264,153566923.8603,0.0001467358832498,0,0,0,9.03877066538,1.371461297517e-81,0,2.843767902752,-0.5094934242659,-13.82543374642,0.03326522682416,1.31261214019,-14.71821937649,-27065.61495907,5150.415277109,0,0,259203.000,2296,0,0,20902.52312472
21100,-15457334.93516,3126736.427273,21143627.3247,0,0,0,-0.665304541656,-0.5096887228384,29267328.33111,29223347.0579686,153569630.3057,0.0001467358847002,0,0,0,9.03840620451,1.371272881521e-81,0,2.843765011447,-0.5095595643572,-13.82625228881,0.03328678813937,1.312621942889,-14.71851528052,-27063.94220309,5150.096962228,0,0,259203.100,2296,0,0,21002.5214068
21200,-15457425.72423,3126476.741697,21143603.62994,0,0,0,-0.6653213607239,-0.5097549016334,29267843.33114,29223862.0571943,153572336.6487,0.0001467358861506,0,0,0,9.038041658465,1.371084443727e-81,0,2.843762121088,-0.5096257031807,-13.82707081551,0.03330834792158,1.31263174656,-14.71881109337,-27062.91849726,5149.902157485,0,0,259203.200,2296,0,0,21102.51968895
21300,-15457516.51456,3126217.056932,21143579.93058,0,0,0,-0.6653381852284,-0.5098210793681,29268358.31168,29224377.0369391,153575042.8894,0.000146735887601,0,0,0,9.037677027263,1.370895984157e-81,0,2.843759226283,-0.5096918410456,-13.82788933034,0.03332990825762,1.312641551204,-14.71910681887,-27061.89466417,5149.707328528,0,0,259203.300,2296,0,0,21202.51797116
21400,-15457607.30614,3125957.372978,21143556.22664,0,0,0,-0.66535501517,-0.5098872560425,29268873.27274,29224891.9972008,153577749.0276,0.0001467358890515,0,0,0,9.037312310922,1.370707502836e-81,0,2.843756332107,-0.5097579774985,-13.8287078277,0.03335147175016,1.31265135682,-14.71940245141,-27060.87071363,5149.512477219,0,0,259203.400,2296,0,0,21302.51625344
21500,-15457698.09897,3125697.689836,21143532.5181,0,0,0,-0.6653718505493,-0.5099534316567,29269388.21432,29225406.9379774,153580455.0635,0.0001467358905019,0,0,0,9.036947509458,1.370518999784e-81,0,2.84375343718,-0.5098241132504,-13.82952631638,0.03337303568992,1.312661163409,-14.7196979998,-27059.84676309,5149.31762591,0,0,259203.500,2296,0,0,21402.51453578
21600,-15457788.89305,3125438.007506,21143508.80497,0,0,0,-0.6653886913669,-0.5100196062109,29269903.13641,29225921.8592669,153583160.997,0.0001467358919523,0,0,0,9.036582622891,1.370330475026e-81,0,2.843750541551,-0.5098902475989,-13.8303447877,0.03339459929393,1.312670970969,-14.71999345536,-27058.82270488,5149.122754112,0,0,259203.600,2296,0,0,21502.51281819
21700,-15457879.68839,3125178.325987,21143485.08725,0,0,0,-0.6654055376234,-0.5100857797049,29270418.03901,29226436.7610671,153585866.8281,0.0001467358934028,0,0,0,9.036217651239,1.370141928584e-81,0,2.843747646896,-0.5099563809578,-13.83116324676,0.03341616262443,1.312680779503,-14.72028882321,-27057.79848027,5148.927850649,0,0,259203.700,2296,0,0,21602.51110066
21800,-15457970.48498,3124918.645279,21143461.36494,0,0,0,-0.6654223893194,-0.510151952139,29270932.92212,29226951.643376,153588572.5567,0.0001467358948532,0,0,0,9.035852594517,1.36995336048e-81,0,2.843744747396,-0.5100225133799,-13.83198169424,0.03343772894249,1.312690589008,-14.720584104,-27056.77405989,5148.732909933,0,0,259203.800,2296,0,0,21702.5093832
21900,-15458061.28282,3124658.965383,21143437.63803,0,0,0,-0.6654392464554,-0.5102181235132,29271447.78573,29227466.5061915,153591278.1829,0.0001467358963037,0,0,0,9.035487452746,1.369764770739e-81,0,2.84374184909,-0.5100886443215,-13.83280012339,0.03345929395611,1.312700399485,-14.72087929103,-27055.74962973,5148.537967354,0,0,259203.900,2296,0,0,21802.5076658
22000,-15458152.08192,3124399.286299,21143413.90653,0,0,0,-0.665456109032,-0.5102842938275,29271962.62985,29227981.3492644,153593983.7079,0.0001467358977541,0,0,0,9.034875054913,1.369576159381e-81,0,2.843738949667,-0.5101547748528,-13.83361854746,0.03348086170934,1.312710210934,-14.72117439753,-27055.37460209,5148.466601968,0,0,259204.000,2296,0,0,21902.50594847
22100,-15458242.88226,3124139.608027,21143390.17045,0,0,0,-0.6654729770498,-0.5103504630821,29272477.45448,29228496.1730869,153596689.1292,0.0001467358992046,0,0,0,9.034509736827,1.369387526431e-81,0,2.843736049792,-0.5102209039039,-13.83443695322,0.03350242845601,1.312720023355,-14.72146941028,-27053.70048554,5148.14802818,0,0,259204.100,2296,0,0,22002.5042312
22200,-15458333.68386,3123879.930566,21143366.42976,0,0,0,-0.6654898505095,-0.510416631277,29272992.2596,29229010.9774099,153599394.448,0.0001467359006551,0,0,0,9.03414433375,1.36919887191e-81,0,2.843733148787,-0.5102870320207,-13.83525534741,0.03352399663369,1.312729836747,-14.72176433603,-27052.67581067,5147.953039035,0,0,259204.200,2296,0,0,22102.502514
22300,-15458424.48672,3123620.253917,21143342.68449,0,0,0,-0.6655067294115,-0.5104827984122,29273507.04522,29229525.7622312,153602099.6644,0.0001467359021055,0,0,0,9.033778845698,1.369010195842e-81,0,2.843730248405,-0.5103531591855,-13.83607372982,0.03354556573593,1.312739651111,-14.72205917458,-27051.65089109,5147.758003324,0,0,259204.300,2296,0,0,22202.50079686
22400,-15458515.29082,3123360.57808,21143318.93462,0,0,0,-0.6655236137565,-0.5105489644879,29274021.81134,29230040.5275488,153604804.7782,0.000146735903556,0,0,0,9.033413272691,1.36882149825e-81,0,2.843727343834,-0.5104192848646,-13.83689209384,0.03356713611508,1.312749466447,-14.72235391933,-27050.62597151,5147.562967613,0,0,259204.400,2296,0,0,22302.49907979
22500,-15458606.09618,3123100.903056,21143295.18017,0,0,0,-0.665540503545,-0.5106151295041,29274536.55795,29230555.2733607,153607509.7896,0.0001467359050065,0,0,0,9.033047614746,1.368632779156e-81,0,2.843724439989,-0.5104854100815,-13.83771045215,0.03358870641457,1.312759282754,-14.72264858294,-27049.60093447,5147.367909551,0,0,259204.500,2296,0,0,22402.49736278
22600,-15458696.90279,3122841.228843,21143271.42112,0,0,0,-0.6655573987777,-0.5106812934609,29275051.28506,29231069.9996646,153610214.6984,0.000146735906457,0,0,0,9.032681871881,1.368444038583e-81,0,2.843721535096,-0.5105515341118,-13.83852879576,0.03361027815762,1.312769100032,-14.72294315646,-27048.57574082,5147.172821686,0,0,259204.600,2296,0,0,22502.49564584
22700,-15458787.71065,3122581.555442,21143247.65748,0,0,0,-0.6655742994552,-0.5107474563583,29275565.99265,29231584.7064587,153612919.5047,0.0001467359079075,0,0,0,9.032316044114,1.368255276554e-81,0,2.843718629451,-0.5106176565453,-13.83934711962,0.03363185041053,1.312778918282,-14.72323763483,-27047.55041992,5146.977709606,0,0,259204.700,2296,0,0,22602.49392896
22800,-15458878.51976,3122321.882853,21143223.88924,0,0,0,-0.6655912055779,-0.5108136181964,29276080.68073,29232099.3937408,153615624.2085,0.000146735909358,0,0,0,9.031950131461,1.368066493091e-81,0,2.843715723013,-0.5106837785259,-13.84016543787,0.03365342387251,1.312788737503,-14.72353203219,-27046.52497178,5146.782573313,0,0,259204.800,2296,0,0,22702.49221215
22900,-15458969.33013,3122062.211077,21143200.11642,0,0,0,-0.6656081171466,-0.5108797789753,29276595.3493,29232614.0615089,153618328.8097,0.0001467359108084,0,0,0,9.031584133943,1.367877688219e-81,0,2.843712817489,-0.5107498990135,-13.84098373764,0.03367499671758,1.312798557694,-14.72382633569,-27045.49948448,5146.587429568,0,0,259204.900,2296,0,0,22802.4904954
23000,-15459060.14175,3121802.540113,21143176.339,0,0,0,-0.6656250341617,-0.5109459386951,29277109.99836,29233128.7095136,153621033.3096,0.0001467359122589,0,0,0,9.030970796336,1.367688861957e-81,0,2.843709907248,-0.510816018802,-13.84180202877,0.03369657158787,1.312808378857,-14.72412055516,-27045.12354654,5146.515890956,0,0,259205.000,2296,0,0,22902.48877872
23100,-15459150.95462,3121542.869961,21143152.55699,0,0,0,-0.6656419566239,-0.5110120973558,29277624.62789,29233643.3382473,153623737.7057,0.0001467359137094,0,0,0,9.030604622925,1.367500014331e-81,0,2.843706997612,-0.5108821375818,-13.84262030741,0.03371814732547,1.31281820099,-14.72441468678,-27043.44804984,5146.197054535,0,0,259205.100,2296,0,0,23002.48706211
23200,-15459241.76874,3121283.200622,21143128.77039,0,0,0,-0.6656588845337,-0.5110782549575,29278139.23791,29234157.9474609,153626441.9993,0.00014673591516,0,0,0,9.030238364707,1.367311145363e-81,0,2.843704087451,-0.5109482548968,-13.84343856792,0.03373972228919,1.312828024095,-14.72470872489,-27042.42220037,5146.001841873,0,0,259205.200,2296,0,0,23102.48534555
23300,-15459332.58412,3121023.532096,21143104.97919,0,0,0,-0.6656758178919,-0.5111444115003,29278653.8284,29234672.5371521,153629146.1902,0.0001467359166105,0,0,0,9.029872021698,1.367122255075e-81,0,2.843701176733,-0.51101437111,-13.84425681479,0.03376130049513,1.31283784817,-14.72500267402,-27041.39633133,5145.806625485,0,0,259205.300,2296,0,0,23202.48362907
23400,-15459423.40075,3120763.864381,21143081.18341,0,0,0,-0.6656927566988,-0.5112105669841,29279168.39937,29235187.1073189,153631850.2785,0.000146735918061,0,0,0,9.029505593918,1.36693334349e-81,0,2.843698266807,-0.5110804865466,-13.84507505205,0.03378287623467,1.312847673215,-14.72529653817,-27040.37024695,5145.61136812,0,0,259205.400,2296,0,0,23302.48191265
23500,-15459514.21863,3120504.19748,21143057.38303,0,0,0,-0.6657097009552,-0.5112767214092,29279682.95081,29235701.6579594,153634554.2642,0.0001467359195115,0,0,0,9.029139081384,1.366744410631e-81,0,2.843695351837,-0.5111466008951,-13.84589327585,0.03380445535083,1.312857499231,-14.72559031351,-27039.34400596,5145.416080952,0,0,259205.500,2296,0,0,23402.48019629
23600,-15459605.03776,3120244.531391,21143033.57806,0,0,0,-0.6657266506615,-0.5113428747756,29280197.48272,29236216.1890713,153637258.1473,0.000146735920962,0,0,0,9.028772484113,1.366555456521e-81,0,2.843692437959,-0.5112127143094,-13.84671148809,0.03382603415882,1.312867326217,-14.72588400195,-27038.31772581,5145.220786333,0,0,259205.600,2296,0,0,23502.47848
23700,-15459695.85814,3119984.866115,21143009.7685,0,0,0,-0.6657436058185,-0.5114090270833,29280711.9951,29236730.7006527,153639961.9278,0.0001467359224126,0,0,0,9.028405802124,1.366366481183e-81,0,2.843689523302,-0.5112788265384,-13.84752968565,0.03384761388782,1.312877154174,-14.72617760039,-27037.29139672,5145.025482401,0,0,259205.700,2296,0,0,23602.47676377
23800,-15459786.67978,3119725.201651,21142985.95435,0,0,0,-0.6657605664267,-0.5114751783324,29281226.48795,29237245.1927014,153642665.6056,0.0001467359238631,0,0,0,9.028039035434,1.366177484638e-81,0,2.843686608131,-0.5113449375072,-13.84834786762,0.03386919410453,1.312886983101,-14.7264711079,-27036.26490123,5144.830146804,0,0,259205.800,2296,0,0,23702.47504761
23900,-15459877.50267,3119465.538001,21142962.1356,0,0,0,-0.6657775324866,-0.511541328523,29281740.96127,29237759.6652154,153645369.1808,0.0001467359253136,0,0,0,9.027672184061,1.365988466911e-81,0,2.843683691624,-0.511411047531,-13.8491660379,0.03389077535898,1.312896812997,-14.72676452839,-27035.23832743,5144.634796306,0,0,259205.900,2296,0,0,23802.47333152
24000,-15459968.32681,3119205.875163,21142938.31227,0,0,0,-0.6657945039989,-0.5116074776551,29282255.41505,29238274.1179454,153648072.6546,0.0001467359267642,0,0,0,9.027057909136,1.365799428023e-81,0,2.843680776188,-0.5114771567057,-13.84998419766,0.03391235761767,1.312906643864,-14.72705786306,-27034.8615477,5144.563097507,0,0,259206.000,2296,0,0,23902.47161549
24100,-15460059.1522,3118946.213138,21142914.48434,0,0,0,-0.6658114809642,-0.5116736257288,29282769.84929,29238788.5513839,153650776.0244,0.0001467359282147,0,0,0,9.026690882295,1.365610367998e-81,0,2.843677856245,-0.5115432643017,-13.85080233789,0.03393394070075,1.312916475701,-14.72735110288,-27033.18488619,5144.244039431,0,0,259206.100,2296,0,0,24002.46989952
24200,-15460149.97884,3118686.551927,21142890.65182,0,0,0,-0.665828463383,-0.5117397727443,29283284.26399,29239302.9652815,153653479.2915,0.0001467359296653,0,0,0,9.02632377083,1.365421286858e-81,0,2.843674936865,-0.5116093714028,-13.851620472,0.03395552514954,1.312926308507,-14.72764426127,-27032.15790129,5144.048610702,0,0,259206.200,2296,0,0,24102.46818362
24300,-15460240.80674,3118426.891528,21142866.81471,0,0,0,-0.6658454512559,-0.5118059187015,29283798.65915,29239817.3596361,153656182.456,0.0001467359311158,0,0,0,9.02595657476,1.365232184626e-81,0,2.843672017014,-0.511675477157,-13.85243858943,0.03397710891254,1.312936142283,-14.72793732769,-27031.13087724,5143.853174523,0,0,259206.300,2296,0,0,24202.46646779
24400,-15460331.63589,3118167.231943,21142842.973,0,0,0,-0.6658624445835,-0.5118720636005,29284313.03476,29240331.7344458,153658885.5177,0.0001467359325664,0,0,0,9.025589294101,1.365043061325e-81,0,2.84366909582,-0.5117415820527,-13.85325669624,0.03399869367481,1.312945977029,-14.7282303082,-27030.10371614,5143.657712266,0,0,259206.400,2296,0,0,24302.46475202
24500,-15460422.46629,3117907.57317,21142819.1267,0,0,0,-0.6658794433665,-0.5119382074414,29284827.39082,29240846.0897083,153661588.4767,0.000146735934017,0,0,0,9.025221928872,1.364853916977e-81,0,2.843666175829,-0.511807686059,-13.85407479204,0.03402028034594,1.312955812745,-14.72852320242,-27029.07653548,5143.462246284,0,0,259206.500,2296,0,0,24402.46303631
24600,-15460513.29794,3117647.915211,21142795.27582,0,0,0,-0.6658964476053,-0.5120043502242,29285341.72734,29241360.4254218,153664291.333,0.0001467359354675,0,0,0,9.024854479091,1.364664751606e-81,0,2.84366325121,-0.5118737885266,-13.8548928688,0.03404186513068,1.312965649429,-14.72881600232,-27028.04914925,5143.266741186,0,0,259206.600,2296,0,0,24502.46132067
24700,-15460604.13085,3117388.258066,21142771.42034,0,0,0,-0.6659134573007,-0.5120704919491,29285856.0443,29241874.741584,153666994.0865,0.0001467359369181,0,0,0,9.024486944776,1.364475565233e-81,0,2.843660327551,-0.5119398901204,-13.85571093475,0.03406345446131,1.312975487083,-14.72910871613,-27027.02169452,5143.07122305,0,0,259206.700,2296,0,0,24602.4596051
24800,-15460694.965,3117128.601734,21142747.56026,0,0,0,-0.6659304724531,-0.5121366326161,29286370.34171,29242389.038193,153669696.7373,0.0001467359383687,0,0,0,9.024119325944,1.364286357882e-81,0,2.843657402657,-0.5120059906347,-13.85652898734,0.03408504268505,1.312985325706,-14.72940134131,-27025.99401465,5142.875662073,0,0,259206.800,2296,0,0,24702.45788959
24900,-15460785.80041,3116868.946215,21142723.6956,0,0,0,-0.6659474930632,-0.5122027722253,29286884.61957,29242903.3152467,153672399.2853,0.0001467359398193,0,0,0,9.023751622614,1.364097129575e-81,0,2.843654477172,-0.5120720903638,-13.85734703021,0.03410663074036,1.312995165299,-14.72969388152,-27024.96637393,5142.680108547,0,0,259206.900,2296,0,0,24802.45617415
25000,-15460876.63707,3116609.291509,21142699.82635,0,0,0,-0.6659645191316,-0.5122689107767,29287398.87787,29243417.5724955,153675101.7319,0.0001467359412699,0,0,0,9.023136412832,1.363907880337e-81,0,2.843651550807,-0.5121381885092,-13.85816505348,0.03412822160997,1.31300500586,-14.72998632688,-27024.58871325,5142.608242109,0,0,259207.000,2296,0,0,24902.45445877
25100,-15460967.47498,3116349.637618,21142675.9525,0,0,0,-0.6659815506588,-0.5123350482704,29287913.11661,29243931.8104324,153677804.0743,0.0001467359427204,0,0,0,9.022768534456,1.363718610187e-81,0,2.843648625439,-0.5122042859911,-13.85898306853,0.03414981096656,1.313014847391,-14.73027868878,-27022.91070096,5142.288926989,0,0,259207.100,2296,0,0,25002.45274346
25200,-15461058.31414,3116089.98454,21142652.07406,0,0,0,-0.6659985876454,-0.5124011847065,29288427.33579,29244446.0288077,153680506.314,0.000146735944171,0,0,0,9.022400571642,1.36352931915e-81,0,2.843645695245,-0.5122703820132,-13.85980106552,0.03417140456667,1.31302468989,-14.73057095737,-27021.8826002,5142.093285918,0,0,259207.200,2296,0,0,25102.45102821
25300,-15461149.15456,3115830.332275,21142628.19103,0,0,0,-0.6660156300921,-0.512467320085,29288941.5354,29244960.2276194,153683208.4509,0.0001467359456216,0,0,0,9.022032524406,1.363340007248e-81,0,2.843642766132,-0.5123364775716,-13.86061905678,0.03419299491067,1.313034533358,-14.73086314499,-27020.8544407,5141.897633672,0,0,259207.300,2296,0,0,25202.44931303
25400,-15461239.99623,3115570.680825,21142604.30341,0,0,0,-0.6660326779995,-0.5125334544061,29289455.71545,29245474.4068656,153685910.4849,0.0001467359470722,0,0,0,9.021664392766,1.363150674505e-81,0,2.84363983602,-0.512402571581,-13.86143702886,0.03421458828439,1.313044377794,-14.73115523821,-27019.82624206,5141.701973975,0,0,259207.400,2296,0,0,25302.44759791
25500,-15461330.83914,3115311.030188,21142580.41119,0,0,0,-0.666049731368,-0.5125995876697,29289969.87593,29245988.566544,153688612.4161,0.0001467359485229,0,0,0,9.021296176741,1.362961320942e-81,0,2.843636905425,-0.5124686648341,-13.86225499158,0.03423618233258,1.313054223199,-14.73144724685,-27018.79801404,5141.50630869,0,0,259207.500,2296,0,0,25402.44588286
25600,-15461421.68331,3115051.380365,21142556.51439,0,0,0,-0.6660667901984,-0.512665719876,29290484.01684,29246502.7066527,153691314.2445,0.0001467359499735,0,0,0,9.020927876348,1.362771946583e-81,0,2.843633973603,-0.5125347566391,-13.86307293638,0.0342577753336,1.313064069573,-14.73173916236,-27017.76954133,5141.310596839,0,0,259207.600,2296,0,0,25502.44416787
25700,-15461512.52874,3114791.731356,21142532.61299,0,0,0,-0.6660838544911,-0.512731851025,29290998.13818,29247016.8271895,153694015.97,0.0001467359514241,0,0,0,9.020559491605,1.362582551449e-81,0,2.843631042623,-0.5126008476973,-13.86389087194,0.03427937291811,1.313073916915,-14.73203099341,-27016.74094136,5141.114860773,0,0,259207.700,2296,0,0,25602.44245295
25800,-15461603.37541,3114532.083162,21142508.707,0,0,0,-0.6661009242469,-0.5127979811169,29291512.23995,29247530.9281525,153696717.5927,0.0001467359528747,0,0,0,9.02019102253,1.362393135565e-81,0,2.843628107284,-0.5126669379763,-13.86470879786,0.03430096732256,1.313083765225,-14.73232273962,-27015.71239033,5140.919134021,0,0,259207.800,2296,0,0,25702.44073809
25900,-15461694.22333,3114272.435781,21142484.79642,0,0,0,-0.6661179994662,-0.5128641101515,29292026.32214,29248045.0095396,153699419.1125,0.0001467359543253,0,0,0,9.019822469141,1.362203698952e-81,0,2.843625172612,-0.51273302681,-13.86552670589,0.03432256362581,1.313093614504,-14.73261439274,-27014.68361418,5140.723364428,0,0,259207.900,2296,0,0,25802.4390233
26000,-15461785.07251,3114012.789214,21142460.88124,0,0,0,-0.6661350801498,-0.5129302381291,29292540.38475,29248559.0711012,153702120.5307,0.000146735955776,0,0,0,9.019206326965,1.362014241634e-81,0,2.843622237063,-0.5127991146866,-13.86634460207,0.03434416182508,1.31310346475,-14.73290595883,-27014.30510192,5140.65133594,0,0,259208.000,2296,0,0,25902.43730858
26100,-15461875.92294,3113753.143462,21142436.96148,0,0,0,-0.6661521662981,-0.5129963650497,29293054.42779,29249073.1133302,153704821.8447,0.0001467359572266,0,0,0,9.018837598955,1.361824763633e-81,0,2.843619300715,-0.5128652014987,-13.86716248508,0.03436576097414,1.313113315965,-14.73319743657,-27012.6257878,5140.331773087,0,0,259208.100,2296,0,0,26002.43559392
26200,-15461966.77462,3113493.498523,21142413.03712,0,0,0,-0.6661692579117,-0.5130624909134,29293568.45124,29249587.1359771,153707523.0559,0.0001467359586772,0,0,0,9.018468786691,1.361635264971e-81,0,2.843616365157,-0.5129312871033,-13.86798035315,0.0343873597791,1.313123168147,-14.73348882418,-27011.5966299,5140.135930851,0,0,259208.200,2296,0,0,26102.43387932
26300,-15462057.62755,3113233.854399,21142389.10817,0,0,0,-0.6661863549914,-0.5131286157202,29294082.4551,29250101.1390398,153710224.1641,0.0001467359601279,0,0,0,9.01809989019,1.361445745672e-81,0,2.843613425344,-0.512997371688,-13.86879820859,0.03440895736141,1.313133021297,-14.733780124,-27010.56748179,5139.940090477,0,0,259208.300,2296,0,0,26202.43216479
26400,-15462148.48173,3112974.21109,21142365.17463,0,0,0,-0.6662034575376,-0.5131947394702,29294596.43938,29250615.1225163,153712925.1693,0.0001467359615785,0,0,0,9.017730909469,1.361256205758e-81,0,2.843610485852,-0.513063455421,-13.86961605349,0.03443055893427,1.313142875415,-14.73407133812,-27009.53804003,5139.744194224,0,0,259208.400,2296,0,0,26302.43045033
26500,-15462239.33716,3112714.568595,21142341.2365,0,0,0,-0.6662205655509,-0.5132608621635,29295110.40408,29251129.0864045,153715626.0717,0.0001467359630292,0,0,0,9.017361844548,1.361066645252e-81,0,2.843607545939,-0.5131295376844,-13.87043388021,0.0344521597539,1.313152730501,-14.73436245889,-27008.50869616,5139.548316598,0,0,259208.500,2296,0,0,26402.42873593
26600,-15462330.19385,3112454.926914,21142317.29378,0,0,0,-0.666237679032,-0.5133269838001,29295624.34918,29251643.0307023,153718326.8711,0.0001467359644798,0,0,0,9.016992695443,1.360877064176e-81,0,2.84360460495,-0.5131956193639,-13.8712516997,0.03447376411421,1.313162586554,-14.73465349728,-27007.47915651,5139.352401718,0,0,259208.600,2296,0,0,26502.42702159
26700,-15462421.05178,3112195.286048,21142293.34646,0,0,0,-0.6662547979815,-0.5133931043801,29296138.27469,29252156.9554077,153721027.5675,0.0001467359659305,0,0,0,9.016623462174,1.360687462554e-81,0,2.843601663469,-0.5132616995379,-13.87206950055,0.03449536702793,1.313172443574,-14.7349444419,-27006.44956793,5139.156477526,0,0,259208.700,2296,0,0,26602.42530733
26800,-15462511.91097,3111935.645996,21142269.39455,0,0,0,-0.6662719223998,-0.5134592239037,29296652.1806,29252670.8605186,153723728.161,0.0001467359673812,0,0,0,9.016254144757,1.360497840407e-81,0,2.843598722364,-0.5133277789607,-13.87288729212,0.03451696874085,1.313182301562,-14.73523530208,-27005.4197738,5138.960514218,0,0,259208.800,2296,0,0,26702.42359312
26900,-15462602.77141,3111676.00676,21142245.43806,0,0,0,-0.6662890522877,-0.5135253423707,29297166.06692,29253184.746033,153726428.6515,0.0001467359688318,0,0,0,9.01588474321,1.360308197759e-81,0,2.843595776703,-0.5133938572294,-13.87370506939,0.03453857335589,1.313192160517,-14.73552607284,-27004.38981326,5138.764519244,0,0,259208.900,2296,0,0,26802.42187899
27000,-15462693.6331,3111416.368338,21142221.47697,0,0,0,-0.6663061876458,-0.5135914597814,29297679.93364,29253698.6117013,153729129.0403,0.0001467359702825,0,0,0,9.015267671108,1.360118534632e-81,0,2.843592832351,-0.5134599346607,-13.87452283631,0.03456017894868,1.313202020439,-14.73581675812,-27004.01043964,5138.692326844,0,0,259209.000,2296,0,0,26902.42016491
27100,-15462784.49604,3111156.73073,21142197.51128,0,0,0,-0.6663233284745,-0.5136575761358,29298193.78076,29254212.4580165,153731829.3248,0.0001467359717332,0,0,0,9.014898095366,1.35992885105e-81,0,2.843589886806,-0.5135260108769,-13.87534058818,0.0345817861483,1.313211881328,-14.73610735323,-27002.32991177,5138.372533023,0,0,259209.100,2296,0,0,27002.41845091
27200,-15462875.36024,3110897.093938,21142173.54101,0,0,0,-0.6663404747746,-0.5137236914339,29298707.60828,29254726.2847289,153734529.5062,0.0001467359731839,0,0,0,9.014528435554,1.359739147034e-81,0,2.843586940592,-0.5135920860169,-13.87615832674,0.03460339227692,1.313221743184,-14.73639785992,-27001.29971631,5138.176493347,0,0,259209.200,2296,0,0,27102.41673697
27300,-15462966.22568,3110637.45796,21142149.56614,0,0,0,-0.6663576265466,-0.5137898056759,29299221.41619,29255240.0918366,153737229.5847,0.0001467359746346,0,0,0,9.01415869169,1.359549422607e-81,0,2.843583993448,-0.5136581600218,-13.87697605125,0.03462500015085,1.313231606007,-14.73668827745,-27000.26942298,5137.980435044,0,0,259209.300,2296,0,0,27202.41502309
27400,-15463057.09237,3110377.822798,21142125.58669,0,0,0,-0.6663747837911,-0.5138559188618,29299735.2045,29255753.8793375,153739929.5601,0.0001467359760853,0,0,0,9.013788863792,1.359359677792e-81,0,2.843581047132,-0.5137242330364,-13.8777937635,0.03464660800585,1.313241469797,-14.73697860762,-26999.23904155,5137.784359977,0,0,259209.400,2296,0,0,27302.41330928
27500,-15463147.96032,3110118.18845,21142101.60264,0,0,0,-0.6663919465087,-0.5139220309916,29300248.97319,29256267.6472295,153742629.4325,0.0001467359775359,0,0,0,9.013418951877,1.359169912612e-81,0,2.843578096182,-0.5137903049486,-13.87861146211,0.03466821753527,1.313251334553,-14.73726884906,-26998.20864054,5137.588281184,0,0,259209.500,2296,0,0,27402.41159553
27600,-15463238.82952,3109858.554918,21142077.614,0,0,0,-0.6664091147,-0.5139881420654,29300762.72228,29256781.3955105,153745329.2018,0.0001467359789866,0,0,0,9.013048955964,1.358980127089e-81,0,2.843575146273,-0.5138563759325,-13.87942914923,0.03468982832856,1.313261200276,-14.73755900392,-26997.1780144,5137.392159551,0,0,259209.600,2296,0,0,27502.40988185
27700,-15463329.69997,3109598.922201,21142053.62077,0,0,0,-0.6664262883656,-0.5140542520834,29301276.45175,29257295.1241786,153748028.8681,0.0001467359804374,0,0,0,9.012678876071,1.358790321247e-81,0,2.843572195353,-0.5139224458811,-13.88024682354,0.03471143793067,1.313271066965,-14.73784907088,-26996.14728059,5137.196017429,0,0,259209.700,2296,0,0,27602.40816824
27800,-15463420.57167,3109339.290299,21142029.62294,0,0,0,-0.6664434675061,-0.5141203610455,29301790.16161,29257808.8332316,153750728.4313,0.0001467359818881,0,0,0,9.012308712216,1.358600495107e-81,0,2.843569243605,-0.5139885142368,-13.88106447814,0.03473304754176,1.313280934621,-14.73813904305,-26995.11647826,5136.999862269,0,0,259209.800,2296,0,0,27702.40645469
27900,-15463511.44462,3109079.659212,21142005.62053,0,0,0,-0.666460652122,-0.5141864689519,29302303.85185,29258322.5226675,153753427.8914,0.0001467359833388,0,0,0,9.011938464416,1.358410648692e-81,0,2.84356629244,-0.514054582312,-13.88188212926,0.03475466035598,1.313290803243,-14.73842893669,-26994.08552911,5136.803679168,0,0,259209.900,2296,0,0,27802.40474121
28000,-15463602.31882,3108820.028941,21141981.61352,0,0,0,-0.6664778422141,-0.5142525758026,29302817.52247,29258836.1922365,153756127.2497,0.0001467359847895,0,0,0,9.011320464859,1.358220782026e-81,0,2.843563336895,-0.5141206490602,-13.88269976396,0.03477627390995,1.313300672832,-14.73871873884,-26993.70524518,5136.731313542,0,0,259210.000,2296,0,0,27902.40302779
28100,-15463693.19427,3108560.399485,21141957.60192,0,0,0,-0.6664950377829,-0.5143186815976,29303331.17347,29259349.842432,153758826.5036,0.0001467359862402,0,0,0,9.010950043289,1.35803089513e-81,0,2.843560382302,-0.5141867143932,-13.88351738115,0.03479788840986,1.313310543386,-14.73900844842,-26992.02327843,5136.411245912,0,0,259210.100,2296,0,0,28002.40131444
28200,-15463784.07098,3108300.770845,21141933.58573,0,0,0,-0.6665122388289,-0.5143847863372,29303844.80485,29259863.4730042,153761525.6543,0.0001467359876909,0,0,0,9.010579537834,1.357840988027e-81,0,2.84355742689,-0.5142527788591,-13.8843349876,0.0348195031936,1.313320414906,-14.73929807221,-26990.99202585,5136.21500507,0,0,259210.200,2296,0,0,28102.39960115
28300,-15463874.94893,3108041.14302,21141909.56495,0,0,0,-0.6665294453529,-0.5144508900212,29304358.4166,29260377.0839511,153764224.702,0.0001467359891417,0,0,0,9.010208948513,1.357651060741e-81,0,2.843554470342,-0.5143188428375,-13.88515258803,0.03484111679504,1.313330287392,-14.73958761493,-26989.96064601,5136.018740013,0,0,259210.300,2296,0,0,28202.39788793
28400,-15463965.82814,3107781.516011,21141885.53958,0,0,0,-0.6665466573553,-0.5145169926498,29304872.00873,29260890.6752706,153766923.6465,0.0001467359905924,0,0,0,9.009838275342,1.357461113293e-81,0,2.843551513402,-0.514384905174,-13.88597016813,0.03486273285223,1.313340160844,-14.7398770623,-26988.92923681,5135.822469369,0,0,259210.400,2296,0,0,28302.39617477
28500,-15464056.70859,3107521.889817,21141861.50961,0,0,0,-0.6665638748368,-0.514583094223,29305385.58122,29261404.2469606,153769622.4878,0.0001467359920432,0,0,0,9.00946751834,1.357271145707e-81,0,2.84354855669,-0.5144509664949,-13.88678773566,0.03488435006594,1.313350035262,-14.74016642206,-26987.89758291,5135.626152158,0,0,259210.500,2296,0,0,28402.39446168
28600,-15464147.5903,3107262.264439,21141837.47505,0,0,0,-0.666581097798,-0.514649194741,29305899.13409,29261917.7990191,153772321.226,0.0001467359934939,0,0,0,9.009096677525,1.357081158003e-81,0,2.84354559568,-0.5145170270573,-13.88760529381,0.03490597011141,1.313359910645,-14.74045569741,-26986.86584091,5135.429818183,0,0,259210.600,2296,0,0,28502.39274866
28700,-15464238.47326,3107002.639877,21141813.43591,0,0,0,-0.6665983262394,-0.5147152942038,29306412.66732,29262431.331444,153775019.861,0.0001467359949446,0,0,0,9.008725752915,1.356891150208e-81,0,2.843542635809,-0.5145830860512,-13.88842283254,0.03492758755793,1.313369786994,-14.74074487833,-26985.83413806,5135.233491659,0,0,259210.700,2296,0,0,28602.3910357
28800,-15464329.35747,3106743.016131,21141789.39217,0,0,0,-0.6666155601618,-0.5147813926114,29306926.18092,29262944.8442334,153777718.3928,0.0001467359963954,0,0,0,9.008354744528,1.356701122341e-81,0,2.843539674874,-0.5146491445436,-13.88924036507,0.03494920651265,1.313379664309,-14.74103397803,-26984.8022003,5135.037120432,0,0,259210.800,2296,0,0,28702.3893228
28900,-15464420.24293,3106483.3932,21141765.34383,0,0,0,-0.6666327995656,-0.514847489964,29307439.67487,29263458.337385,153780416.8215,0.0001467359978462,0,0,0,9.007983652382,1.356511074426e-81,0,2.84353671317,-0.5147152015244,-13.89005787889,0.03497082482554,1.313389542588,-14.74132298402,-26983.7702038,5134.840738028,0,0,259210.900,2296,0,0,28802.38760997
29000,-15464511.12964,3106223.771086,21141741.29091,0,0,0,-0.6666500444515,-0.5149135862615,29307953.14919,29263971.8106492,153783115.1482,0.0001467359992969,0,0,0,9.007364727844,1.356321006486e-81,0,2.84353375214,-0.5147812577151,-13.89087538293,0.03499244636806,1.313399421833,-14.74161190523,-26983.38906829,5134.768210351,0,0,259211.000,2296,0,0,28902.38589721
29100,-15464602.0176,3105964.149787,21141717.2334,0,0,0,-0.6666672948201,-0.5149796815042,29308466.60387,29264485.2645193,153785813.3704,0.0001467360007477,0,0,0,9.006993462354,1.356130918543e-81,0,2.843530786884,-0.5148473125453,-13.89169287014,0.03501406976111,1.313409302043,-14.74190073461,-26981.70585843,5134.447906166,0,0,259211.100,2296,0,0,29002.38418451
29200,-15464692.90681,3105704.529305,21141693.17129,0,0,0,-0.6666845506719,-0.5150457756919,29308980.0389,29264998.6987456,153788511.4893,0.0001467360021985,0,0,0,9.006622113165,1.35594081062e-81,0,2.843527822408,-0.5149133665512,-13.89251034714,0.03503569113585,1.313419183218,-14.7421894788,-26980.67359765,5134.251473472,0,0,259211.200,2296,0,0,29102.38247188
29300,-15464783.79728,3105444.909639,21141669.10459,0,0,0,-0.6667018120077,-0.5151118688249,29309493.45429,29265512.113326,153791209.5051,0.0001467360036492,0,0,0,9.006250680293,1.355750682739e-81,0,2.843524856841,-0.5149794195519,-13.89332781171,0.0350573123559,1.313429065358,-14.74247813557,-26979.64113132,5134.055001661,0,0,259211.300,2296,0,0,29202.38075931
29400,-15464874.68899,3105185.290789,21141645.03331,0,0,0,-0.6667190788279,-0.5151779609031,29310006.85003,29266025.5082585,153793907.4176,0.0001467360051,0,0,0,9.005879163758,1.355560534924e-81,0,2.843521890457,-0.5150454711832,-13.89414525932,0.03507893703967,1.313438948463,-14.74276670042,-26978.60853774,5133.858505636,0,0,259211.400,2296,0,0,29302.37904681
29500,-15464965.58195,3104925.672755,21141620.95743,0,0,0,-0.6667363511331,-0.5152440519267,29310520.22611,29266538.8835409,153796605.2268,0.0001467360065508,0,0,0,9.005507563577,1.355370367196e-81,0,2.843518923249,-0.5151115221062,-13.89496269817,0.03510056097879,1.313448832532,-14.74305518154,-26977.57597353,5133.6620152,0,0,259211.500,2296,0,0,29402.37733438
29600,-15465056.47617,3104666.055538,21141596.87695,0,0,0,-0.6667536289241,-0.5153101418957,29311033.58255,29267052.2391713,153799302.9327,0.0001467360080016,0,0,0,9.005135879769,1.355180179578e-81,0,2.843515956565,-0.5151775720296,-13.89578012465,0.03512218850884,1.313458717567,-14.74334357532,-26976.5431744,5133.465480059,0,0,259211.600,2296,0,0,29502.37562201
29700,-15465147.37163,3104406.439137,21141572.79189,0,0,0,-0.6667709122014,-0.5153762308101,29311546.91933,29267565.5751476,153802000.5354,0.0001467360094524,0,0,0,9.004764112351,1.354989972094e-81,0,2.843512985632,-0.5152436206401,-13.89659753488,0.0351438146531,1.313468603566,-14.7436318779,-26975.51029696,5133.268930018,0,0,259211.700,2296,0,0,29602.3739097
29800,-15465238.26835,3104146.823552,21141548.70223,0,0,0,-0.6667882009655,-0.5154423186701,29312060.23646,29268078.8914677,153804698.0348,0.0001467360109032,0,0,0,9.004392261341,1.354799744765e-81,0,2.843510015364,-0.5153096684216,-13.89741493485,0.03516544140026,1.313478490529,-14.74392009527,-26974.47721396,5133.072340861,0,0,259211.800,2296,0,0,29702.37219746
29900,-15465329.16632,3103887.208784,21141524.60799,0,0,0,-0.6668054952171,-0.5155084054758,29312573.53393,29268592.1881296,153807395.4309,0.000146736012354,0,0,0,9.004020326757,1.354609497614e-81,0,2.843507044567,-0.5153757147595,-13.89823231696,0.03518706777206,1.313488378457,-14.74420821983,-26973.44414076,5132.875753567,0,0,259211.900,2296,0,0,29802.37048529
30000,-15465420.06553,3103627.594833,21141500.50915,0,0,0,-0.6668227949568,-0.5155744912271,29313086.81174,29269105.4648834,153810092.7249,0.0001467360138048,0,0,0,9.003400479718,1.354419230664e-81,0,2.843504072545,-0.5154417604745,-13.89904969136,0.0352086963069,1.313498267349,-14.74449626175,-26973.06214388,5132.803061977,0,0,259212.000,2296,0,0,29902.36877318
30100,-15465510.966,3103367.981698,21141476.40572,0,0,0,-0.6668401001852,-0.5156405759241,29313600.06988,29269618.7222226,153812789.9144,0.0001467360152556,0,0,0,9.003028372218,1.354228943938e-81,0,2.843501099922,-0.5155078052806,-13.8998670545,0.03523032774274,1.313508157205,-14.74478421749,-26971.37764197,5132.482511923,0,0,259212.100,2296,0,0,30002.36706114
30200,-15465601.86772,3103108.36938,21141452.2977,0,0,0,-0.6668574109029,-0.515706659567,29314113.30837,29270131.9598975,153815487.0005,0.0001467360167064,0,0,0,9.002656181203,1.354038637457e-81,0,2.843498127596,-0.515573848305,-13.9006843956,0.03525195720367,1.313518048025,-14.74507207625,-26970.34418703,5132.285851985,0,0,259212.200,2296,0,0,30102.36534916
30300,-15465692.77069,3102848.757878,21141428.18509,0,0,0,-0.6668747271105,-0.5157727421558,29314626.52718,29270645.177906,153818183.9832,0.0001467360181572,0,0,0,9.002283906693,1.353848311246e-81,0,2.843495151356,-0.5156398909723,-13.90150173228,0.03527358747531,1.313527939809,-14.74535985568,-26969.31068314,5132.089182734,0,0,259212.300,2296,0,0,30202.36363725
30400,-15465783.67491,3102589.147194,21141404.06788,0,0,0,-0.6668920488085,-0.5158388236905,29315139.72633,29271158.3762459,153820880.8626,0.000146736019608,0,0,0,9.001911548704,1.353657965325e-81,0,2.843492175893,-0.5157059319987,-13.90231904865,0.03529521786007,1.313537832557,-14.74564753989,-26968.27711073,5131.892500445,0,0,259212.400,2296,0,0,30302.36192541
30500,-15465874.58038,3102329.537326,21141379.94609,0,0,0,-0.6669093759977,-0.5159049041713,29315652.90581,29271671.5549153,153823577.6386,0.0001467360210589,0,0,0,9.001539107255,1.353467599719e-81,0,2.843489199581,-0.5157719722933,-13.90313635597,0.0353168514389,1.313547726269,-14.74593514014,-26967.24335235,5131.695782766,0,0,259212.500,2296,0,0,30402.36021363
30600,-15465965.4871,3102069.928275,21141355.8197,0,0,0,-0.6669267086786,-0.5159709835981,29316166.06561,29272184.7139122,153826274.3113,0.0001467360225097,0,0,0,9.001166582364,1.353277214449e-81,0,2.843486222198,-0.5158380116226,-13.90395365133,0.03533848496424,1.313557620945,-14.74622265354,-26966.20948629,5131.499044597,0,0,259212.600,2296,0,0,30502.35850191
30700,-15466056.39507,3101810.320042,21141331.68872,0,0,0,-0.6669440468518,-0.5160370619712,29316679.20574,29272697.8532343,153828970.8805,0.0001467360239605,0,0,0,9.00079397405,1.353086809538e-81,0,2.843483245699,-0.5159040501256,-13.90477093647,0.03536012076935,1.313567516585,-14.74651008183,-26965.17552236,5131.302287802,0,0,259212.700,2296,0,0,30602.35679027
30800,-15466147.30429,3101550.712625,21141307.55316,0,0,0,-0.6669613905179,-0.5161031392904,29317192.32619,29273210.9728798,153831667.3464,0.0001467360254114,0,0,0,9.000421282329,1.352896385009e-81,0,2.843480264669,-0.5159700870466,-13.90558820204,0.03538175433181,1.313577413187,-14.74679741565,-26964.14152906,5131.105525419,0,0,259212.800,2296,0,0,30702.35507868
30900,-15466238.21476,3101291.106025,21141283.41299,0,0,0,-0.6669787396775,-0.516169215556,29317705.42697,29273724.0728466,153834363.7088,0.0001467360268622,0,0,0,9.00004850722,1.352705940884e-81,0,2.84347728461,-0.5160361228716,-13.90640545404,0.03540338904596,1.313587310754,-14.74708466103,-26963.10736935,5130.908731371,0,0,259212.900,2296,0,0,30802.35336717
31000,-15466329.12648,3101031.500243,21141259.26824,0,0,0,-0.6669960943312,-0.5162352907679,29318218.50806,29274237.1528846,153837059.9691,0.0001467360283131,0,0,0,8.999427740161,1.352515477186e-81,0,2.84347430353,-0.5161021577969,-13.9072226949,0.03542502678029,1.313597209283,-14.7473718204,-26962.72445238,5130.835864693,0,0,259213.000,2296,0,0,30902.35165571
31100,-15466420.03945,3100771.895278,21141235.1189,0,0,0,-0.6670134544796,-0.5163013649263,29318731.56947,29274750.2134877,153839756.1247,0.0001467360297639,0,0,0,8.999054792563,1.352324993937e-81,0,2.843471321908,-0.516168191618,-13.9080399221,0.03544666394815,1.313607108776,-14.74765889124,-26961.03869757,5130.51507622,0,0,259213.100,2296,0,0,31002.34994433
31200,-15466510.95367,3100512.29113,21141210.96496,0,0,0,-0.6670308201234,-0.5163674380312,29319244.6112,29275263.2544059,153842452.1769,0.0001467360312148,0,0,0,8.998681761637,1.352134491161e-81,0,2.843468338825,-0.5162342243249,-13.90885713551,0.03546830275956,1.313617009232,-14.74794587343,-26960.00422465,5130.318222567,0,0,259213.200,2296,0,0,31102.34823301
31300,-15466601.86914,3100252.687799,21141186.80644,0,0,0,-0.6670481912631,-0.5164335100826,29319757.63324,29275776.2756371,153845148.1256,0.0001467360326656,0,0,0,8.9983086474,1.35194396888e-81,0,2.843465356782,-0.5163002563636,-13.90967434065,0.03548993798015,1.313626910651,-14.74823277249,-26958.9696049,5130.121340975,0,0,259213.300,2296,0,0,31202.34652175
31400,-15466692.78587,3099993.085286,21141162.64332,0,0,0,-0.6670655678994,-0.5164995810807,29320270.63559,29276289.2771793,153847843.9708,0.0001467360341165,0,0,0,8.997935449871,1.351753427115e-81,0,2.843462370316,-0.5163662873108,-13.91049153228,0.03551157913395,1.313636813033,-14.7485195832,-26957.93482853,5129.924429581,0,0,259213.400,2296,0,0,31302.34481056
31500,-15466783.70384,3099733.483591,21141138.47561,0,0,0,-0.6670829500327,-0.5165656510256,29320783.61825,29276802.2590304,153850539.7125,0.0001467360355674,0,0,0,8.997562169068,1.351562865891e-81,0,2.843459384447,-0.5164323169001,-13.91130870711,0.03553321932482,1.313646716378,-14.74880630226,-26956.90004238,5129.727516323,0,0,259213.500,2296,0,0,31402.34309944
31600,-15466874.62306,3099473.882713,21141114.30331,0,0,0,-0.6671003376639,-0.5166317199172,29321296.58121,29277315.2211884,153853235.3508,0.0001467360370183,0,0,0,8.997188805009,1.351372285228e-81,0,2.843456397872,-0.5164983455769,-13.91212587064,0.03555486135842,1.313656620686,-14.7490929352,-26955.86508004,5129.530569538,0,0,259213.600,2296,0,0,31502.34138838
31700,-15466965.54353,3099214.282652,21141090.12642,0,0,0,-0.6671177307934,-0.5166977877556,29321809.52449,29277828.1636513,153855930.8855,0.0001467360384691,0,0,0,8.996815357712,1.351181685151e-81,0,2.843453410426,-0.5165643732189,-13.91294302137,0.03557650350486,1.313666525956,-14.7493794805,-26954.83004918,5129.333609715,0,0,259213.700,2296,0,0,31602.33967739
31800,-15467056.46526,3098954.68341,21141065.94493,0,0,0,-0.6671351294218,-0.516763854541,29322322.44806,29278341.0864169,153858626.3168,0.00014673603992,0,0,0,8.996441827194,1.350991065681e-81,0,2.843450422322,-0.5166303999966,-13.9137601614,0.03559814375365,1.313676432189,-14.74966594028,-26953.79494002,5129.136634991,0,0,259213.800,2296,0,0,31702.33796647
31900,-15467147.38823,3098695.084985,21141041.75886,0,0,0,-0.6671525335498,-0.5168299202733,29322835.35193,29278853.9894833,153861321.6445,0.0001467360413709,0,0,0,8.996068213475,1.350800426842e-81,0,2.843447434623,-0.5166964252109,-13.91457728208,0.03561978830842,1.313686339385,-14.74995230589,-26952.75960573,5128.939617425,0,0,259213.900,2296,0,0,31802.33625561
32000,-15467238.31245,3098435.487377,21141017.56819,0,0,0,-0.667169943178,-0.5168959849528,29323348.23611,29279366.8726004,153864016.87,0.0001467360428218,0,0,0,8.995446528882,1.350609768656e-81,0,2.843444442577,-0.5167624495428,-13.91539439184,0.03564143209224,1.313696247542,-14.75023858578,-26952.37584696,5128.866590559,0,0,259214.000,2296,0,0,31902.33454481
32100,-15467329.23792,3098175.890588,21140993.37294,0,0,0,-0.6671873583069,-0.5169620485793,29323861.10058,29279879.7362621,153866711.9907,0.0001467360442727,0,0,0,8.995072743102,1.350419091144e-81,0,2.843441451587,-0.5168284728463,-13.91621148888,0.03566307903425,1.313706156662,-14.75052477813,-26950.68883926,5128.545563668,0,0,259214.100,2296,0,0,32002.33283408
32200,-15467420.16465,3097916.294617,21140969.17309,0,0,0,-0.6672047789373,-0.517028111153,29324373.94534,29280392.5802183,153869407.0078,0.0001467360457236,0,0,0,8.994698874179,1.35022839433e-81,0,2.843438459571,-0.5168944956841,-13.91702858015,0.03568472494959,1.313716066745,-14.75081088993,-26949.65327004,5128.348501399,0,0,259214.200,2296,0,0,32102.33112342
32300,-15467511.09262,3097656.699463,21140944.96865,0,0,0,-0.6672222050696,-0.517094172674,29324886.7704,29280905.4044672,153872101.9213,0.0001467360471745,0,0,0,8.994324922132,1.350037678237e-81,0,2.84343546688,-0.5169605166882,-13.91784564872,0.03570636904858,1.313725977789,-14.75109690423,-26948.61760295,5128.151420504,0,0,259214.300,2296,0,0,32202.32941282
32400,-15467602.02184,3097397.105128,21140920.75962,0,0,0,-0.6672396367045,-0.5171602331424,29325399.57575,29281418.2090065,153874796.7313,0.0001467360486254,0,0,0,8.993950886979,1.349846942887e-81,0,2.843432474721,-0.5170265368016,-13.91866270628,0.0357280171607,1.313735889796,-14.75138283274,-26947.58181839,5127.954317257,0,0,259214.400,2296,0,0,32302.32770229
32500,-15467692.95231,3097137.51161,21140896.54599,0,0,0,-0.6672570738427,-0.5172262925581,29325912.36139,29281930.9938342,153877491.4377,0.0001467360500763,0,0,0,8.993576768738,1.349656188303e-81,0,2.843429478296,-0.5170925559846,-13.91947975232,0.03574966584532,1.313745802764,-14.75166867495,-26946.54599469,5127.757206559,0,0,259214.500,2296,0,0,32402.32599182
32600,-15467783.88403,3096877.918911,21140872.32778,0,0,0,-0.6672745164846,-0.5172923509213,29326425.12731,29282443.7589483,153880186.0405,0.0001467360515273,0,0,0,8.993202567427,1.349465414506e-81,0,2.843426482422,-0.5171585744232,-13.92029678915,0.03577131564204,1.313755716694,-14.75195443317,-26945.51000458,5127.560064197,0,0,259214.600,2296,0,0,32502.32428142
32700,-15467874.81701,3096618.32703,21140848.10498,0,0,0,-0.667291964631,-0.517358408232,29326937.87352,29282956.5043468,153882880.5397,0.0001467360529782,0,0,0,8.992828283064,1.349274621521e-81,0,2.843423485839,-0.5172245912548,-13.92111380608,0.03579296592541,1.313765631586,-14.75224009674,-26944.47384807,5127.362890169,0,0,259214.700,2296,0,0,32602.32257109
32800,-15467965.75123,3096358.735967,21140823.87758,0,0,0,-0.6673094182824,-0.5174244644904,29327450.60001,29283469.2300276,153885574.9353,0.0001467360544291,0,0,0,8.992453915668,1.349083809367e-81,0,2.843420488212,-0.5172906073783,-13.92193081426,0.03581461440897,1.313775547439,-14.75252567679,-26943.43769156,5127.165716141,0,0,259214.800,2296,0,0,32702.32086082
32900,-15468056.6867,3096099.145723,21140799.64559,0,0,0,-0.6673268774395,-0.5174905196964,29327963.30678,29283981.9359886,153888269.2272,0.00014673605588,0,0,0,8.992079465255,1.348892978071e-81,0,2.843417489852,-0.5173566220365,-13.9227478043,0.03583626570337,1.313785464255,-14.75281116395,-26942.40131971,5126.968501136,0,0,259214.900,2296,0,0,32802.31915062
33000,-15468147.62342,3095839.556297,21140775.40901,0,0,0,-0.6673443421028,-0.5175565738501,29328475.99383,29284494.6219797,153890963.4168,0.000146736057331,0,0,0,8.991456865618,1.348702127652e-81,0,2.843414492152,-0.5174226361239,-13.92356478728,0.03585791806016,1.313795382031,-14.7530965693,-26942.01672894,5126.895315945,0,0,259215.000,2296,0,0,32902.31744048
33100,-15468238.56139,3095579.96769,21140751.16784,0,0,0,-0.6673618122729,-0.5176226269517,29328988.66115,29285007.288495,153893657.5015,0.0001467360587819,0,0,0,8.991082243573,1.348511258134e-81,0,2.843411490202,-0.5174886491422,-13.92438175702,0.0358795722102,1.313805300769,-14.75338188668,-26940.32836067,5126.574030146,0,0,259215.100,2296,0,0,33002.31573041
33200,-15468329.50061,3095320.379901,21140726.92208,0,0,0,-0.6673792879505,-0.5176886790011,29329501.30875,29285519.9352844,153896351.4825,0.0001467360602329,0,0,0,8.990707538572,1.34832036954e-81,0,2.843408488679,-0.5175546604585,-13.92519870571,0.03590122628518,1.313815220468,-14.75366710826,-26939.29165602,5126.37675181,0,0,259215.200,2296,0,0,33102.3140204
33300,-15468420.44108,3095060.79293,21140702.67173,0,0,0,-0.6673967691362,-0.5177547299985,29330013.93662,29286032.5623459,153899045.3598,0.0001467360616838,0,0,0,8.990332750634,1.348129461892e-81,0,2.843405486485,-0.5176206715626,-13.92601565176,0.03592287930091,1.313825141128,-14.75395225249,-26938.25487306,5126.179458573,0,0,259215.300,2296,0,0,33202.31231046
33400,-15468511.3828,3094801.206779,21140678.41678,0,0,0,-0.6674142558306,-0.5178207799439,29330526.54476,29286545.1696773,153901739.1335,0.0001467360631348,0,0,0,8.989957879775,1.347938535212e-81,0,2.843402483444,-0.5176866811511,-13.92683257906,0.0359445340287,1.31383506275,-14.75423730324,-26937.21803138,5125.982154161,0,0,259215.400,2296,0,0,33302.31060059
33500,-15468602.32577,3094541.621446,21140654.15725,0,0,0,-0.6674317480342,-0.5178868288374,29331039.13317,29287057.7572767,153904432.8034,0.0001467360645857,0,0,0,8.989582926015,1.347747589523e-81,0,2.843399479681,-0.5177526898146,-13.92764949491,0.03596618981558,1.313844985332,-14.75452226782,-26936.18110159,5125.784832984,0,0,259215.500,2296,0,0,33402.30889078
33600,-15468693.26999,3094282.036931,21140629.89312,0,0,0,-0.6674492457478,-0.517952876679,29331551.70185,29287570.325142,153907126.3697,0.0001467360660367,0,0,0,8.989207889371,1.347556624847e-81,0,2.843396476435,-0.517818697096,-13.92846639366,0.03598784782608,1.313854908875,-14.7548071406,-26935.14395647,5125.587470829,0,0,259215.600,2296,0,0,33502.30718104
33700,-15468784.21546,3094022.453236,21140605.62441,0,0,0,-0.6674667489719,-0.5180189234689,29332064.25079,29288082.8732712,153909819.8322,0.0001467360674877,0,0,0,8.988832769862,1.347365641208e-81,0,2.843393468808,-0.5178847037738,-13.92928328493,0.03600950566828,1.313864833379,-14.7550919312,-26934.10673304,5125.390093774,0,0,259215.700,2296,0,0,33602.30547136
33800,-15468875.16218,3093762.870359,21140581.3511,0,0,0,-0.6674842577071,-0.518084969207,29332576.77999,29288595.4016622,153912513.191,0.0001467360689386,0,0,0,8.988457567506,1.347174638628e-81,0,2.84339046215,-0.5179507091603,-13.93010016023,0.03603116298244,1.313874758844,-14.75537663112,-26933.06947046,5125.192709267,0,0,259215.800,2296,0,0,33702.30376175
33900,-15468966.11015,3093503.288302,21140557.0732,0,0,0,-0.667501771954,-0.5181510138935,29333089.28945,29289107.9103129,153915206.4461,0.0001467360703896,0,0,0,8.98808228232,1.346983617128e-81,0,2.843387454749,-0.518016713512,-13.93091702272,0.03605282352315,1.313884685269,-14.75566124355,-26932.03205126,5124.995294958,0,0,259215.900,2296,0,0,33802.30205221
34000,-15469057.05936,3093243.707063,21140532.79071,0,0,0,-0.6675192917133,-0.5182170575285,29333601.77917,29289620.3989732,153917899.5987,0.0001467360718406,0,0,0,8.987458770132,1.346792576731e-81,0,2.843384446197,-0.5180827168526,-13.93173387269,0.03607448272201,1.313894612655,-14.75594576878,-26931.64664807,5124.921955168,0,0,259216.000,2296,16,0,33902.30034273
34100,-15469148.00983,3092984.126644,21140508.50362,0,0,0,-0.6675368169855,-0.5182831001119,29334114.24914,29290132.8681373,153920592.6463,0.0001467360732916,0,0,0,8.987083313743,1.346601517461e-81,0,2.843381438354,-0.5181487195458,-13.93255071466,0.03609614493519,1.313904541001,-14.75623021132,-26929.95698774,5124.6004235,0,0,259216.100,2296,16,0,34002.29863332
34200,-15469238.96155,3092724.547043,21140484.21195,0,0,0,-0.6675543477713,-0.5183491416439,29334626.69937,29290645.317555,153923285.5901,0.0001467360747426,0,0,0,8.986707774585,1.34641043934e-81,0,2.843378426287,-0.5182147204127,-13.93336753402,0.03611780766632,1.313914470307,-14.75651455659,-26928.91930427,5124.4029589,0,0,259216.200,2296,16,0,34102.29692397
34300,-15469329.91451,3092464.968262,21140459.91568,0,0,0,-0.6675718840713,-0.5184151821245,29335139.12985,29291157.7472243,153925978.4302,0.0001467360761936,0,0,0,8.986332152675,1.34621934239e-81,0,2.843375414929,-0.518280720634,-13.93418434539,0.03613946720284,1.313924400574,-14.7567988192,-26927.88146418,5124.205464497,0,0,259216.300,2296,16,0,34202.29521469
34400,-15469420.86873,3092205.3903,21140435.61483,0,0,0,-0.6675894258861,-0.5184812215538,29335651.54058,29291670.1571432,153928671.1664,0.0001467360776446,0,0,0,8.985956448033,1.346028226634e-81,0,2.843372402605,-0.5183467199012,-13.93500114495,0.03616113051221,1.313934331801,-14.75708299535,-26926.84351642,5124.007949606,0,0,259216.400,2296,16,0,34302.29350547
34500,-15469511.82419,3091945.813158,21140411.30938,0,0,0,-0.6676069732163,-0.5185472599319,29336163.93156,29292182.5473095,153931363.7989,0.0001467360790956,0,0,0,8.985580660675,1.345837092094e-81,0,2.843369389369,-0.518412718104,-13.93581793135,0.03618279335165,1.313944263987,-14.75736708367,-26925.80551971,5123.810425401,0,0,259216.500,2296,16,0,34402.29179632
34600,-15469602.78091,3091686.236835,21140386.99934,0,0,0,-0.6676245260624,-0.5186132972588,29336676.30278,29292694.9177212,153934056.3275,0.0001467360805466,0,0,0,8.98520479062,1.345645938792e-81,0,2.843366375368,-0.5184787153513,-13.93663470591,0.03620446062253,1.313954197134,-14.75765108552,-26924.76735661,5123.612869531,0,0,259216.600,2296,16,0,34502.29008724
34700,-15469693.73887,3091426.661331,21140362.68471,0,0,0,-0.6676420844253,-0.5186793335347,29337188.65425,29293207.2683764,153936748.7523,0.0001467360819976,0,0,0,8.984828837887,1.345454766752e-81,0,2.843363362014,-0.5185447108751,-13.93745145915,0.03622612388039,1.313964131241,-14.75793499141,-26923.72909562,5123.415295035,0,0,259216.700,2296,16,0,34602.28837822
34800,-15469784.69808,3091167.086647,21140338.36549,0,0,0,-0.6676596483053,-0.5187453687595,29337700.98595,29293719.5992729,153939441.0733,0.0001467360834486,0,0,0,8.984452802493,1.345263575995e-81,0,2.843360344286,-0.5186107060324,-13.93826820785,0.03624779110797,1.313974066307,-14.75821881812,-26922.69067803,5123.217690736,0,0,259216.800,2296,16,0,34702.28666927
34900,-15469875.65854,3090907.512782,21140314.04168,0,0,0,-0.6676772177032,-0.5188114029333,29338213.2979,29294231.9104086,153942133.2905,0.0001467360848996,0,0,0,8.984076684457,1.345072366545e-81,0,2.843357327294,-0.5186766998113,-13.93908493949,0.03626945804114,1.313984002333,-14.75850255315,-26921.65216255,5123.020067811,0,0,259216.900,2296,16,0,34802.28496038
35000,-15469966.62025,3090647.939737,21140289.71328,0,0,0,-0.6676947926196,-0.5188774360562,29338725.59009,29294744.2015334,153944825.405,0.0001467360863506,0,0,0,8.983452262215,1.344881138424e-81,0,2.843354309424,-0.5187426925789,-13.93990165861,0.03629112674626,1.313993939318,-14.75878620105,-26921.26581967,5122.946549207,0,0,259217.000,2296,16,0,34902.28325156
35100,-15470057.58321,3090388.367511,21140265.38028,0,0,0,-0.6677123730551,-0.5189434681284,29339237.86251,29295256.4731416,153947517.4145,0.0001467360878017,0,0,0,8.983075973406,1.344689891654e-81,0,2.843351290764,-0.5188086843502,-13.94071836541,0.03631279591094,1.314003877263,-14.75906976199,-26919.5748673,5122.62477167,0,0,259217.100,2296,16,0,35002.28154281
35200,-15470148.54742,3090128.796106,21140241.0427,0,0,0,-0.6677299590102,-0.5190094991497,29339750.11516,29295768.724983,153950209.32,0.0001467360892527,0,0,0,8.982699602013,1.344498626256e-81,0,2.843348273116,-0.5188746753055,-13.9415350621,0.03633446272771,1.314013816168,-14.75935323824,-26918.53612669,5122.427105904,0,0,259217.200,2296,16,0,35102.27983412
35300,-15470239.51288,3089869.22552,21140216.70052,0,0,0,-0.6677475504857,-0.5190755291204,29340262.34804,29296280.9570555,153952901.1217,0.0001467360907037,0,0,0,8.982323148057,1.344307342256e-81,0,2.843345250678,-0.5189406646804,-13.94235173924,0.03635613508427,1.314023756031,-14.75963662032,-26917.49710222,5122.229386121,0,0,259217.300,2296,16,0,35202.2781255
35400,-15470330.47959,3089609.655754,21140192.35376,0,0,0,-0.667765147482,-0.5191415580405,29340774.56115,29296793.1693571,153955592.8195,0.0001467360921548,0,0,0,8.981946611554,1.344116039674e-81,0,2.843342229126,-0.5190066534539,-13.94316840894,0.03637780526399,1.314033696854,-14.75991992036,-26916.45807775,5122.031666338,0,0,259217.400,2296,16,0,35302.27641694
35500,-15470421.44755,3089350.086808,21140168.0024,0,0,0,-0.6677827499999,-0.51920758591,29341286.7545,29297305.3618857,153958284.4133,0.0001467360936058,0,0,0,8.981569992523,1.343924718534e-81,0,2.843339206696,-0.5190726410199,-13.94398506369,0.0363994779489,1.314043638636,-14.76020313088,-26915.41904349,5121.833944693,0,0,259217.500,2296,16,0,35402.27470845
35600,-15470512.41675,3089090.518682,21140143.64645,0,0,0,-0.66780035804,-0.519273612729,29341798.92806,29297817.5346393,153960975.9033,0.0001467360950569,0,0,0,8.981193290982,1.343733378856e-81,0,2.843336183605,-0.5191386276806,-13.94480170724,0.0364211508096,1.314053581377,-14.7604862556,-26914.3797841,5121.636180207,0,0,259217.600,2296,16,0,35502.27300003
35700,-15470603.38721,3088830.951376,21140119.28591,0,0,0,-0.6678179716028,-0.5193396384976,29342311.08185,29298329.6876158,153963667.2893,0.0001467360965079,0,0,0,8.980816506949,1.343542020666e-81,0,2.843333159382,-0.5192046130809,-13.94561833518,0.03644282294282,1.314063525076,-14.76076929015,-26913.34049535,5121.438410133,0,0,259217.700,2296,16,0,35602.27129167
35800,-15470694.35891,3088571.38489,21140094.92078,0,0,0,-0.667835590689,-0.5194056632159,29342823.21586,29298841.8208132,153966358.5714,0.000146736097959,0,0,0,8.980439640443,1.343350643983e-81,0,2.843330135883,-0.519270597463,-13.94643495053,0.03646449875,1.314073469735,-14.76105223753,-26912.30106956,5121.240613982,0,0,259217.800,2296,16,0,35702.26958338
35900,-15470785.33187,3088311.819224,21140070.55105,0,0,0,-0.6678532152992,-0.5194716868839,29343335.33009,29299353.9342295,153969049.7495,0.0001467360994101,0,0,0,8.980062691481,1.343159248832e-81,0,2.843327108019,-0.5193365809829,-13.94725155521,0.03648617267711,1.314083415352,-14.76133509968,-26911.26151652,5121.042793617,0,0,259217.900,2296,16,0,35802.26787515
36000,-15470876.30607,3088052.254379,21140046.17674,0,0,0,-0.667870845434,-0.5195377095017,29343847.42453,29299866.0276143,153971740.825,0.0001467361008611,0,0,0,8.979437361686,1.342967835234e-81,0,2.843324081054,-0.5194025632054,-13.94806814383,0.03650784903453,1.314093361928,-14.76161787121,-26910.8743025,5120.969109237,0,0,259218.000,2296,16,0,35902.26616699
36100,-15470967.28152,3087792.690354,21140021.79784,0,0,0,-0.667888481094,-0.5196037310693,29344359.49919,29300378.1014621,153974431.7952,0.0001467361023122,0,0,0,8.979060242382,1.342776403213e-81,0,2.843321053171,-0.5194685443277,-13.94888471883,0.03652952786011,1.314103309462,-14.76190055458,-26909.1821168,5120.647097006,0,0,259218.100,2296,16,0,36002.2644589
36200,-15471058.25822,3087533.127149,21139997.41434,0,0,0,-0.6679061222799,-0.5196697515869,29344871.55406,29300890.1555227,153977122.6614,0.0001467361037633,0,0,0,8.978683040681,1.342584952789e-81,0,2.843318024141,-0.5195345247567,-13.94970128526,0.03655120327096,1.314113257955,-14.76218315482,-26908.14221139,5120.449209586,0,0,259218.200,2296,16,0,36102.26275087
36300,-15471149.23617,3087273.564764,21139973.02625,0,0,0,-0.6679237689922,-0.5197357710545,29345383.58915,29301402.189794,153979813.4236,0.0001467361052144,0,0,0,8.978305756604,1.342393483987e-81,0,2.843314994534,-0.51960050366,-13.9505178328,0.03657288164981,1.314123207406,-14.76246566164,-26907.10225703,5120.251312852,0,0,259218.300,2296,16,0,36202.26104291
36400,-15471240.21537,3087014.0032,21139948.63358,0,0,0,-0.6679414212316,-0.5198017894721,29345895.60444,29301914.2042739,153982504.0818,0.0001467361066654,0,0,0,8.977928390168,1.342201996828e-81,0,2.843311965665,-0.5196664816542,-13.95133436909,0.0365945601592,1.314133157815,-14.76274808268,-26906.06216564,5120.053390041,0,0,259218.400,2296,16,0,36302.25933501
36500,-15471331.19581,3086754.442457,21139924.23631,0,0,0,-0.6679590789986,-0.5198678068399,29346407.59994,29302426.1989603,153985194.636,0.0001467361081165,0,0,0,8.97755094139,1.342010491335e-81,0,2.843308931739,-0.5197324589257,-13.95215089644,0.03661624035498,1.314143109182,-14.76303042025,-26905.02191764,5119.855437428,0,0,259218.500,2296,16,0,36402.25762718
36600,-15471422.17751,3086494.882534,21139899.83445,0,0,0,-0.667976742294,-0.5199338231578,29346919.57564,29302938.1738514,153987885.0862,0.0001467361095676,0,0,0,8.97717341029,1.34181896753e-81,0,2.843305899168,-0.5197984349213,-13.952967408,0.03663792216801,1.314153061508,-14.76331266751,-26903.98160112,5119.657471776,0,0,259218.600,2296,16,0,36502.25591941
36700,-15471513.16045,3086235.323432,21139875.428,0,0,0,-0.6679944111183,-0.5199998384261,29347431.53155,29303450.1289449,153990575.4323,0.0001467361110187,0,0,0,8.976795796885,1.341627425436e-81,0,2.843302865769,-0.5198644096552,-13.95378390394,0.03665960242071,1.314163014791,-14.76359482464,-26902.94118671,5119.459487498,0,0,259218.700,2296,16,0,36602.25421172
36800,-15471604.14465,3085975.765151,21139851.01695,0,0,0,-0.6680120854722,-0.5200658526446,29347943.46766,29303962.0642388,153993265.6744,0.0001467361124698,0,0,0,8.976418101194,1.341435865075e-81,0,2.843299831839,-0.5199303836539,-13.95460039078,0.03668128450758,1.314172969032,-14.76387689816,-26901.900694,5119.261488318,0,0,259218.800,2296,16,0,36702.25250408
36900,-15471695.13009,3085716.20769,21139826.60132,0,0,0,-0.6680297653562,-0.5201318658136,29348455.38396,29304473.9797313,153995955.8125,0.0001467361139209,0,0,0,8.976040323235,1.34124428647e-81,0,2.843296797931,-0.5199963563654,-13.95541686169,0.03670296831352,1.314182924231,-14.76415888126,-26900.86004468,5119.063459337,0,0,259218.900,2296,16,0,36802.25079652
37000,-15471786.11678,3085456.65105,21139802.1811,0,0,0,-0.6680474507709,-0.520197877933,29348967.28046,29304985.8751717,153998645.8478,0.000146736115372,0,0,0,8.975414088391,1.341052689642e-81,0,2.843293759822,-0.5200623283139,-13.95623332317,0.03672465152735,1.314192880388,-14.76444078042,-26900.47190077,5118.989598006,0,0,259219.000,2296,16,0,36902.24908902
37100,-15471877.10472,3085197.095231,21139777.75628,0,0,0,-0.6680651417171,-0.520263889003,29349479.15716,29305497.7510548,154001335.7776,0.0001467361168232,0,0,0,8.97503614052,1.340861074616e-81,0,2.84329072243,-0.5201282994263,-13.95704977429,0.03674633568763,1.314202837502,-14.76472259474,-26898.77850133,5118.667354807,0,0,259219.100,2296,16,0,37002.24738158
37200,-15471968.09391,3084937.540233,21139753.32688,0,0,0,-0.6680828381953,-0.5203298990236,29349991.01405,29306009.6071302,154004025.6035,0.0001467361182743,0,0,0,8.974658110441,1.340669441413e-81,0,2.843287684313,-0.5201942690034,-13.95786620641,0.03676802138785,1.314212795574,-14.76500431558,-26897.7375192,5118.469262496,0,0,259219.200,2296,16,0,37102.24567422
37300,-15472059.08434,3084677.986056,21139728.89288,0,0,0,-0.6681005402061,-0.5203959079949,29350502.85113,29306521.4433959,154006715.3252,0.0001467361197254,0,0,0,8.974279998172,1.340477790054e-81,0,2.843284645582,-0.5202602376885,-13.95868262749,0.03678970929007,1.314222754603,-14.76528595091,-26896.69647835,5118.271159008,0,0,259219.300,2296,16,0,37202.24396691
37400,-15472150.07603,3084418.432701,21139704.45429,0,0,0,-0.6681182477501,-0.5204619159169,29351014.66839,29307033.2598498,154009404.9427,0.0001467361211765,0,0,0,8.973901803731,1.340286120564e-81,0,2.843281605509,-0.5203262053797,-13.95949903628,0.03681139602767,1.314232714589,-14.76556749946,-26895.65531025,5118.073031306,0,0,259219.400,2296,16,0,37302.24225968
37500,-15472241.06896,3084158.880166,21139680.01111,0,0,0,-0.668135960828,-0.5205279227897,29351526.46585,29307545.0564899,154012094.4562,0.0001467361226277,0,0,0,8.973523527136,1.340094432964e-81,0,2.843278566489,-0.5203921716547,-13.96031542753,0.03683308233916,1.314242675533,-14.76584895603,-26894.61411278,5117.874898016,0,0,259219.500,2296,16,0,37402.24055251
37600,-15472332.06315,3083899.328452,21139655.56334,0,0,0,-0.6681536794404,-0.5205939286134,29352038.24348,29308056.8333141,154014783.8656,0.0001467361240788,0,0,0,8.973145168407,1.339902727276e-81,0,2.843275522927,-0.5204581368607,-13.96113180556,0.03685477033003,1.314252637433,-14.76613032491,-26893.57271955,5117.676727474,0,0,259219.600,2296,16,0,37502.2388454
37700,-15472423.05858,3083639.77756,21139631.11098,0,0,0,-0.6681714035879,-0.5206599333881,29352550.0013,29308568.5903204,154017473.1708,0.0001467361255299,0,0,0,8.97276672756,1.339711003524e-81,0,2.843272480397,-0.5205241014295,-13.9619481757,0.03687646031211,1.314262600291,-14.76641161146,-26892.53126759,5117.478545755,0,0,259219.700,2296,16,0,37602.23713837
37800,-15472514.05526,3083380.227489,21139606.65403,0,0,0,-0.6681891332711,-0.5207259371138,29353061.7393,29309080.3275067,154020162.3718,0.0001467361269811,0,0,0,8.972388204615,1.33951926173e-81,0,2.843269436466,-0.5205900645844,-13.96276452834,0.03689815197938,1.314272564105,-14.76669280606,-26891.48964923,5117.280332372,0,0,259219.800,2296,16,0,37702.23543139
37900,-15472605.05318,3083120.67824,21139582.19249,0,0,0,-0.6682068684907,-0.5207919397905,29353573.45748,29309592.0448711,154022851.4687,0.0001467361284322,0,0,0,8.972009599588,1.339327501915e-81,0,2.843266391823,-0.5206560272888,-13.96358087541,0.03691984226823,1.314282528877,-14.76697392065,-26890.44796235,5117.08210595,0,0,259219.900,2296,16,0,37802.23372449
38000,-15472696.05236,3082861.129812,21139557.72636,0,0,0,-0.6682246092472,-0.5208579414184,29354085.15584,29310103.742163,154025540.4627,0.0001467361298834,0,0,0,8.971382462203,1.339135724102e-81,0,2.843263346279,-0.5207219884244,-13.96439720306,0.03694153443239,1.314292494605,-14.7672549414,-26890.05900601,5117.008090019,0,0,259220.000,2296,16,0,37902.23201765
38100,-15472787.05279,3082601.582206,21139533.25563,0,0,0,-0.6682423555413,-0.5209239419975,29354596.83436,29310615.4198772,154028229.3512,0.0001467361313346,0,0,0,8.971003687696,1.338943928315e-81,0,2.843260301596,-0.5207879487406,-13.96521352057,0.03696322665262,1.314302461289,-14.76753587758,-26888.36426558,5116.685591638,0,0,259220.100,2296,16,0,38002.23031088
38200,-15472878.05446,3082342.035421,21139508.78032,0,0,0,-0.6682601073736,-0.520989941528,29355108.49306,29311127.0777633,154030918.1355,0.0001467361327857,0,0,0,8.970624831169,1.338752114575e-81,0,2.843257252336,-0.5208539078362,-13.96602982297,0.03698492003183,1.31431242893,-14.76781672423,-26887.32219696,5116.487292573,0,0,259220.200,2296,16,0,38102.22860417
38300,-15472969.05738,3082082.489457,21139484.30041,0,0,0,-0.6682778647447,-0.5210559400097,29355620.13193,29311638.7158193,154033606.8156,0.0001467361342369,0,0,0,8.97024589264,1.338560282904e-81,0,2.843254203812,-0.5209198663102,-13.96684611768,0.0370066136665,1.314322397528,-14.76809748878,-26886.28003046,5116.288974881,0,0,259220.300,2296,16,0,38202.22689753
38400,-15473060.06155,3081822.944316,21139459.81591,0,0,0,-0.6682956276553,-0.5211219374429,29356131.75097,29312150.3340431,154036295.3915,0.0001467361356881,0,0,0,8.969866872127,1.338368433326e-81,0,2.843251154703,-0.5209858229748,-13.96766239,0.03702831030768,1.314332367082,-14.76837815654,-26885.2378248,5116.090649739,0,0,259220.400,2296,16,0,38302.22519096
38500,-15473151.06697,3081563.399996,21139435.32683,0,0,0,-0.6683133961059,-0.5211879338276,29356643.35018,29312661.9324327,154038983.8632,0.0001467361371392,0,0,0,8.969487769648,1.338176565861e-81,0,2.843248104682,-0.5210517793222,-13.9684786584,0.03705000473147,1.314342337592,-14.76865874596,-26884.19551147,5115.892304108,0,0,259220.500,2296,16,0,38402.22348445
38600,-15473242.07364,3081303.856498,21139410.83315,0,0,0,-0.6683311700972,-0.5212539291639,29357154.92954,29313173.5109859,154041672.2306,0.0001467361385904,0,0,0,8.969108585221,1.337984680534e-81,0,2.843245054973,-0.5211177343982,-13.96929491105,0.03707170319823,1.314352309058,-14.76893924526,-26883.15297302,5115.693915635,0,0,259220.600,2296,16,0,38502.221778
38700,-15473333.08155,3081044.313822,21139386.33488,0,0,0,-0.6683489496299,-0.5213199234518,29357666.48907,29313685.0697009,154044360.4938,0.0001467361400416,0,0,0,8.968729318865,1.337792777366e-81,0,2.843242001476,-0.5211836880731,-13.97011114637,0.03709339819885,1.314362281481,-14.76921965283,-26882.1103954,5115.495519713,0,0,259220.700,2296,16,0,38602.22007163
38800,-15473424.09072,3080784.771968,21139361.83202,0,0,0,-0.6683667347044,-0.5213859166914,29358178.02876,29314196.6085756,154047048.6527,0.0001467361414928,0,0,0,8.968349970598,1.33760085638e-81,0,2.843238948428,-0.5212496408817,-13.97092737097,0.03711509764748,1.314372254859,-14.7694999753,-26881.06779822,5115.297120064,0,0,259220.800,2296,16,0,38702.21836532
38900,-15473515.10113,3080525.230935,21139337.32457,0,0,0,-0.6683845253215,-0.5214519088827,29358689.54861,29314708.1276078,154049736.7074,0.000146736142944,0,0,0,8.967970540438,1.337408917597e-81,0,2.843235894864,-0.5213155928368,-13.971743585,0.03713679684846,1.314382229193,-14.76978021284,-26880.02505421,5115.098692477,0,0,259220.900,2296,16,0,38802.21665907
39000,-15473606.11279,3080265.690725,21139312.81252,0,0,0,-0.6684023214818,-0.5215179000259,29359201.04861,29315219.6265471,154052424.659,0.0001467361443952,0,0,0,8.967342503023,1.337216961041e-81,0,2.843232840062,-0.5213815435533,-13.97255978371,0.03715849647839,1.314392204483,-14.77006036067,-26879.63522671,5115.024510771,0,0,259221.000,2296,16,0,38902.2149529
39100,-15473697.1257,3080006.151337,21139288.29589,0,0,0,-0.6684201231859,-0.5215838901209,29359712.52877,29315731.1058885,154055112.5051,0.0001467361458464,0,0,0,8.966962903815,1.337024986734e-81,0,2.843229784241,-0.5214474932388,-13.97337596966,0.03718019783596,1.314402180729,-14.77034042139,-26877.93920402,5114.701768383,0,0,259221.100,2296,16,0,39002.21324679
39200,-15473788.13985,3079746.612771,21139263.77467,0,0,0,-0.6684379304343,-0.521649879168,29360223.98907,29316242.5653814,154057800.2469,0.0001467361472976,0,0,0,8.966583222774,1.336832994698e-81,0,2.843226729158,-0.5215134421541,-13.97419214607,0.03720189884614,1.31441215793,-14.77062039822,-26876.89611742,5114.503275603,0,0,259221.200,2296,16,0,39102.21154074
39300,-15473879.15526,3079487.075028,21139239.24885,0,0,0,-0.6684557432279,-0.5217158671671,29360735.42953,29316754.0050237,154060487.8843,0.0001467361487488,0,0,0,8.966203459919,1.336640984955e-81,0,2.843223669948,-0.5215793894848,-13.97500830287,0.03722360075265,1.314422136087,-14.77090028108,-26875.85293293,5114.304764196,0,0,259221.300,2296,16,0,39202.20983476
39400,-15473970.17191,3079227.538107,21139214.71845,0,0,0,-0.668473561567,-0.5217818541183,29361246.85014,29317265.4248134,154063175.4175,0.0001467361502,0,0,0,8.965823615268,1.336448957529e-81,0,2.843220611262,-0.5216453363141,-13.97582445347,0.037245304456,1.314432115199,-14.7711800834,-26874.80963099,5114.106230438,0,0,259221.400,2296,16,0,39302.20812885
39500,-15474061.18981,3078968.002008,21139190.18345,0,0,0,-0.6684913854525,-0.5218478400216,29361758.25089,29317776.8247486,154065862.8462,0.0001467361516513,0,0,0,8.965443688839,1.33625691244e-81,0,2.843217551904,-0.5217112817173,-13.97664058642,0.03726700725128,1.314442095266,-14.77145979374,-26873.76625074,5113.907681778,0,0,259221.500,2296,16,0,39402.206423
39600,-15474152.20896,3078708.466731,21139165.64387,0,0,0,-0.6685092148849,-0.5219138248772,29362269.63178,29318288.204827,154068550.1707,0.0001467361531025,0,0,0,8.96506368065,1.336064849713e-81,0,2.843214491333,-0.5217772262854,-13.97745670903,0.03728871314852,1.314452076289,-14.77173941941,-26872.72272367,5113.709105179,0,0,259221.600,2296,16,0,39502.20471722
39700,-15474243.22936,3078448.932277,21139141.09969,0,0,0,-0.6685270498648,-0.5219798086851,29362780.99281,29318799.5650468,154071237.3908,0.0001467361545537,0,0,0,8.96468359072,1.335872769369e-81,0,2.843211431857,-0.5218431696041,-13.97827281619,0.03731041841658,1.314462058267,-14.77201895529,-26871.67909871,5113.510509953,0,0,259221.700,2296,16,0,39602.20301151
39800,-15474334.251,3078189.398646,21139116.55092,0,0,0,-0.6685448903929,-0.5220457914454,29363292.33399,29319310.9054059,154073924.5065,0.000146736156005,0,0,0,8.964303419067,1.33568067143e-81,0,2.843208367917,-0.5219091121382,-13.97908891363,0.0373321259699,1.314472041199,-14.77229840715,-26870.6353563,5113.311892375,0,0,259221.800,2296,16,0,39702.20130586
39900,-15474425.2739,3077929.865837,21139091.99756,0,0,0,-0.6685627364697,-0.5221117731581,29363803.6553,29319822.2259022,154076611.5178,0.0001467361574562,0,0,0,8.963923165709,1.335488555918e-81,0,2.843205304461,-0.5219750535955,-13.97990499774,0.03735383084418,1.314482025087,-14.77257777136,-26869.59144748,5113.113243133,0,0,259221.900,2296,16,0,39802.19960028
40000,-15474516.29804,3077670.333851,21139067.43961,0,0,0,-0.668580588096,-0.5221777538233,29364314.95675,29320333.5262851,154079298.4261,0.0001467361589074,0,0,0,8.963294230779,1.335296422858e-81,0,2.843202240378,-0.5220409938325,-13.98072106675,0.03737553889152,1.314492009929,-14.77285704617,-26869.20073904,5113.038893789,0,0,259222.000,2296,16,0,39902.19789476
40100,-15474607.32343,3077410.802688,21139042.87707,0,0,0,-0.6685984452723,-0.5222437334412,29364826.23833,29320844.8070498,154081985.2286,0.0001467361603587,0,0,0,8.962913808806,1.335104272269e-81,0,2.843199175286,-0.5221069328284,-13.98153712041,0.03739724871446,1.314501995727,-14.77313623133,-26867.50345366,5112.71591112,0,0,259222.100,2296,16,0,40002.19618931
40200,-15474698.35006,3077151.272347,21139018.30994,0,0,0,-0.6686163079992,-0.5223097120116,29365337.50004,29321356.0679455,154084671.9268,0.0001467361618099,0,0,0,8.962533305189,1.334912104176e-81,0,2.843196109784,-0.522172870815,-13.98235316157,0.03741895777392,1.314511982478,-14.77341532969,-26866.45932951,5112.517220899,0,0,259222.200,2296,16,0,40102.19448393
40300,-15474789.37795,3076891.742829,21138993.73822,0,0,0,-0.6686341762774,-0.5223756895348,29365848.74188,29321867.3089704,154087358.5205,0.0001467361632612,0,0,0,8.962152719945,1.334719918599e-81,0,2.843193044283,-0.5222388080371,-13.98316919327,0.0374406696176,1.314521970185,-14.77369434432,-26865.41499979,5112.318491563,0,0,259222.300,2296,16,0,40202.19277862
40400,-15474880.40708,3076632.214135,21138969.1619,0,0,0,-0.6686520501075,-0.5224416660107,29366359.96385,29322378.5301223,154090045.0098,0.0001467361647125,0,0,0,8.961772053093,1.334527715563e-81,0,2.843189974523,-0.5223047441166,-13.98398521083,0.03746237998785,1.314531958846,-14.77397327052,-26864.37055262,5112.119739875,0,0,259222.400,2296,16,0,40302.19107337
40500,-15474971.43746,3076372.686263,21138944.581,0,0,0,-0.6686699294902,-0.5225076414396,29366871.16594,29322889.7313992,154092731.3946,0.0001467361661637,0,0,0,8.961391304651,1.334335495088e-81,0,2.843186905714,-0.5223706794124,-13.98480121869,0.03748408996021,1.314541948461,-14.77425211275,-26863.32619355,5111.921004951,0,0,259222.500,2296,16,0,40402.18936818
40600,-15475062.46909,3076113.159214,21138919.9955,0,0,0,-0.668687814426,-0.5225736158213,29367382.34816,29323400.9127991,154095417.675,0.000146736167615,0,0,0,8.961010474638,1.334143257197e-81,0,2.843183836188,-0.5224366134904,-13.98561721148,0.03750580373746,1.31455193903,-14.77453086564,-26862.28157998,5111.722221598,0,0,259222.600,2296,16,0,40502.18766306
40700,-15475153.50197,3075853.632988,21138895.40542,0,0,0,-0.6687057049156,-0.522639589156,29367893.51049,29323912.07432,154098103.8509,0.0001467361690663,0,0,0,8.960629563072,1.333951001914e-81,0,2.843180765755,-0.5225025460718,-13.98643318575,0.03752751932073,1.314561930554,-14.77480952574,-26861.23685874,5111.523417756,0,0,259222.700,2296,16,0,40602.18595801
40800,-15475244.53609,3075594.107586,21138870.81074,0,0,0,-0.6687236009596,-0.5227055614438,29368404.65295,29324423.2159597,154100789.9224,0.0001467361705175,0,0,0,8.960248569971,1.333758729259e-81,0,2.843177694117,-0.5225684782253,-13.98724915472,0.03754923359692,1.314571923031,-14.7750881063,-26860.19205919,5111.324599013,0,0,259222.800,2296,16,0,40702.18425303
40900,-15475335.57146,3075334.583006,21138846.21148,0,0,0,-0.6687415025586,-0.5227715326846,29368915.77552,29324934.3377164,154103475.8894,0.0001467361719688,0,0,0,8.959867495353,1.333566439256e-81,0,2.843174623255,-0.5226344089621,-13.98806510616,0.03757094863089,1.314581916463,-14.77536659508,-26859.14724985,5111.125778407,0,0,259222.900,2296,16,0,40802.18254811
41000,-15475426.60808,3075075.05925,21138821.60762,0,0,0,-0.6687594097133,-0.5228375028787,29369426.87821,29325445.4393392,154106161.7531,0.0001467361734201,0,0,0,8.959237665428,1.333374131925e-81,0,2.84317154803,-0.5227003388768,-13.98888104742,0.03759266129249,1.314591910849,-14.77564499944,-26858.75562132,5111.051253974,0,0,259223.000,2296,16,0,40902.18084326
41100,-15475517.64595,3074815.536318,21138796.99917,0,0,0,-0.6687773224242,-0.522903472026,29369937.96101,29325956.5213235,154108847.5111,0.0001467361748714,0,0,0,8.958856422629,1.333181807291e-81,0,2.843168473681,-0.5227662675448,-13.98969697326,0.03761437877323,1.314601906188,-14.77592331413,-26857.05705367,5110.728027299,0,0,259223.100,2296,16,0,41002.17913847
41200,-15475608.68506,3074556.014208,21138772.38613,0,0,0,-0.6687952406921,-0.5229694401267,29370449.02392,29326467.5834185,154111533.1645,0.0001467361763227,0,0,0,8.958475098374,1.332989465376e-81,0,2.843165398414,-0.5228321954656,-13.99051288985,0.03763609846575,1.314611902481,-14.77620154535,-26856.01188217,5110.529137775,0,0,259223.200,2296,16,0,41102.17743375
41300,-15475699.72542,3074296.492922,21138747.7685,0,0,0,-0.6688131645176,-0.5230354071807,29370960.06694,29326978.6256223,154114218.7135,0.000146736177774,0,0,0,8.95809369268,1.332797106201e-81,0,2.843162322149,-0.522898121944,-13.99132878859,0.03765781738986,1.314621899728,-14.7764796845,-26854.96651491,5110.330210999,0,0,259223.300,2296,16,0,41202.1757291
41400,-15475790.76703,3074036.97246,21138723.14628,0,0,0,-0.6688310939012,-0.5231013731883,29371471.09007,29327489.6479327,154116904.1578,0.0001467361792253,0,0,0,8.957712205568,1.332604729789e-81,0,2.843159246833,-0.5229640470284,-13.99214467007,0.03767953508335,1.314631897928,-14.77675773217,-26853.92107912,5110.131271183,0,0,259223.400,2296,16,0,41302.17402451
41500,-15475881.80989,3073777.452822,21138698.51947,0,0,0,-0.6688490288436,-0.5231673381493,29371982.0933,29328000.6503479,154119589.4977,0.0001467361806766,0,0,0,8.957330637054,1.332412336162e-81,0,2.843156166998,-0.5230299719482,-13.99296054952,0.03770125541805,1.314641897081,-14.7770357036,-26852.87554545,5109.932312742,0,0,259223.500,2296,16,0,41402.17231999
41600,-15475972.854,3073517.934006,21138673.88807,0,0,0,-0.6688669693454,-0.5232333020639,29372493.07663,29328511.6328657,154122274.7329,0.0001467361821279,0,0,0,8.956948987156,1.332219925343e-81,0,2.843153087775,-0.5230958957666,-13.99377641534,0.03772297570179,1.314651897188,-14.7773135872,-26851.8298356,5109.733320773,0,0,259223.600,2296,16,0,41502.17061554
41700,-15476063.89935,3073258.416015,21138649.25208,0,0,0,-0.6688849154073,-0.5232992649322,29373004.04007,29329022.595484,154124959.8636,0.0001467361835792,0,0,0,8.956567255895,1.332027497354e-81,0,2.843150007736,-0.5231618179573,-13.99459226101,0.03774469823663,1.314661898248,-14.77759137645,-26850.78405722,5109.534315765,0,0,259223.700,2296,16,0,41602.16891115
41800,-15476154.94595,3072998.898848,21138624.61149,0,0,0,-0.6689028670298,-0.5233652267542,29373514.9836,29329533.538201,154127644.8897,0.0001467361850306,0,0,0,8.956185443287,1.331835052217e-81,0,2.843146926646,-0.5232277395933,-13.99540809982,0.03776642083613,1.314671900261,-14.77786908464,-26849.73818097,5109.335292131,0,0,259223.800,2296,16,0,41702.16720683
41900,-15476245.9938,3072739.382504,21138599.96632,0,0,0,-0.6689208242137,-0.5234311875301,29374025.90723,29330044.4610144,154130329.8113,0.0001467361864819,0,0,0,8.95580354935,1.331642589955e-81,0,2.84314384536,-0.5232936595149,-13.99622391741,0.03778814391063,1.314681903227,-14.77814669744,-26848.69220683,5109.13624987,0,0,259223.900,2296,16,0,41802.16550257
42000,-15476337.04289,3072479.866984,21138575.31656,0,0,0,-0.6689387869595,-0.5234971472597,29374536.81096,29330555.3636736,154133014.6295,0.0001467361879332,0,0,0,8.955172826952,1.331450110589e-81,0,2.843140763762,-0.5233595794565,-13.99703973525,0.03780986880297,1.314691907146,-14.7784242363,-26848.29963862,5109.061546624,0,0,259224.000,2296,16,0,41902.16379838
42100,-15476428.09324,3072220.352288,21138550.6622,0,0,0,-0.6689567552679,-0.5235631059434,29375047.69478,29331066.2466739,154135699.3418,0.0001467361893846,0,0,0,8.954790765269,1.331257614142e-81,0,2.843137678394,-0.5234254975729,-13.9978555305,0.03783159394674,1.314701912018,-14.7787016784,-26846.59984744,5108.738087118,0,0,259224.100,2296,16,0,42002.16209426
42200,-15476519.14483,3071960.838416,21138526.00326,0,0,0,-0.6689747291394,-0.523629063581,29375558.55868,29331577.1097648,154138383.9495,0.0001467361908359,0,0,0,8.954408622318,1.331065100637e-81,0,2.843134593809,-0.5234914147088,-13.99867131362,0.03785331819817,1.314711917843,-14.7789790342,-26845.55358944,5108.53899084,0,0,259224.200,2296,16,0,42102.16039021
42300,-15476610.19766,3071701.325368,21138501.33972,0,0,0,-0.6689927085748,-0.5236950201727,29376069.40268,29332087.952944,154141068.4525,0.0001467361922872,0,0,0,8.954026398117,1.330872570096e-81,0,2.84313150845,-0.5235573307912,-13.99948708369,0.03787504594775,1.314721924621,-14.7792563028,-26844.50718462,5108.339866623,0,0,259224.300,2296,16,0,42202.15868622
42400,-15476701.25175,3071441.813145,21138476.6716,0,0,0,-0.6690106935747,-0.5237609757185,29376580.22676,29332598.7762096,154143752.8509,0.0001467361937386,0,0,0,8.953644092686,1.330680022541e-81,0,2.843128421849,-0.5236232461141,-14.00031896803,0.0378967710057,1.31473193235,-14.7795496115,-26843.46067213,5108.140721917,0,0,259224.400,2296,16,0,42302.15698229
42500,-15476792.30708,3071182.301745,21138451.99888,0,0,0,-0.6690286841396,-0.5238269302185,29377091.03093,29333109.5795595,154146437.1446,0.0001467361951899,0,0,0,8.953261706042,1.330487457994e-81,0,2.843125334553,-0.523689160186,-14.00117814411,0.03791850135048,1.314741941033,-14.7798701378,-26842.41413027,5107.941571623,0,0,259224.500,2296,16,0,42402.15527844
42600,-15476883.36366,3070922.79117,21138427.32157,0,0,0,-0.6690466802703,-0.5238928836728,29377601.81518,29333620.3629916,154149121.3337,0.0001467361966413,0,0,0,8.952879238204,1.330294876478e-81,0,2.843122247801,-0.523755073078,-14.0020373048,0.0379402306411,1.314751950668,-14.78019057458,-26841.36741222,5107.742387801,0,0,259224.600,2296,16,0,42502.15357465
42700,-15476974.42148,3070663.281419,21138402.63967,0,0,0,-0.6690646819673,-0.5239588360815,29378112.57951,29334131.1265041,154151805.4181,0.0001467361980927,0,0,0,8.95249668919,1.330102278014e-81,0,2.843119156684,-0.5238209849376,-14.00289645204,0.03796196035616,1.314761961255,-14.78051092376,-26840.32056692,5107.543179765,0,0,259224.700,2296,16,0,42602.15187092
42800,-15477065.48056,3070403.772493,21138377.95318,0,0,0,-0.6690826892312,-0.5240247874445,29378623.32392,29334641.8700948,154154489.3978,0.000146736199544,0,0,0,8.952114059018,1.329909662626e-81,0,2.843116066448,-0.5238868961748,-14.00375559116,0.03798369075528,1.314771972794,-14.7808311907,-26839.27361396,5107.34395124,0,0,259224.800,2296,16,0,42702.15016727
42900,-15477156.54088,3070144.264391,21138353.2621,0,0,0,-0.6691007020628,-0.5240907377621,29379134.0484,29335152.5937617,154157173.2728,0.0001467362009954,0,0,0,8.951731347707,1.329717030335e-81,0,2.843112975357,-0.5239528059136,-14.00461471076,0.03800541988295,1.314781985285,-14.78115136399,-26838.22653374,5107.144698501,0,0,259224.900,2296,16,0,42802.14846368
43000,-15477247.60245,3069884.757113,21138328.56643,0,0,0,-0.6691187204627,-0.5241566870341,29379644.75296,29335663.2972539,154159857.0444,0.0001467362024468,0,0,0,8.951099735363,1.329524381164e-81,0,2.843109883134,-0.524018714755,-14.00547381865,0.03802715266775,1.314791998729,-14.78147145147,-26837.8332412,5107.069857419,0,0,259225.000,2296,16,0,42902.14676015
43100,-15477338.66526,3069625.25066,21138303.86617,0,0,0,-0.6691367444314,-0.5242226352608,29380155.43759,29336173.9810671,154162540.71,0.0001467362038982,0,0,0,8.950716856739,1.329331715135e-81,0,2.843106791825,-0.5240846225777,-14.00633291327,0.03804888716089,1.314802013124,-14.78179145156,-26836.13218734,5106.746157631,0,0,259225.100,2296,16,0,43002.14505669
43200,-15477429.72933,3069365.745032,21138279.16132,0,0,0,-0.6691547739696,-0.5242885824422,29380666.1023,29336684.6449504,154165224.2708,0.0001467362053495,0,0,0,8.950333897036,1.329139032271e-81,0,2.843103695939,-0.5241505294673,-14.00719199573,0.03807062162678,1.314812028471,-14.78211136538,-26835.08474496,5106.546835974,0,0,259225.200,2296,16,0,43102.1433533
43300,-15477520.79464,3069106.240228,21138254.45188,0,0,0,-0.6691728090779,-0.5243545285783,29381176.74707,29337195.2889018,154167907.7269,0.0001467362068009,0,0,0,8.949950856274,1.328946332593e-81,0,2.843100600999,-0.5242164350065,-14.00805106058,0.03809235573169,1.31482204477,-14.7824311875,-26834.03721449,5106.347497553,0,0,259225.300,2296,16,0,43202.14164998
43400,-15477611.86119,3068846.736249,21138229.73785,0,0,0,-0.669190849757,-0.5244204736692,29381687.3719,29337705.9129192,154170591.0783,0.0001467362082523,0,0,0,8.949567734469,1.328753616123e-81,0,2.843097504987,-0.5242823396132,-14.00891011328,0.03811409016483,1.31483206202,-14.78275092338,-26832.98965465,5106.148153543,0,0,259225.400,2296,16,0,43302.13994672
43500,-15477702.929,3068587.233095,21138205.01923,0,0,0,-0.6692088960075,-0.524486417715,29382197.9768,29338216.5170006,154173274.3249,0.0001467362097037,0,0,0,8.949184531641,1.328560882885e-81,0,2.843094408313,-0.5243482432573,-14.00976915343,0.03813582565198,1.314842080222,-14.78307057262,-26831.9420165,5105.948794633,0,0,259225.500,2296,16,0,43402.13824353
43600,-15477793.99805,3068327.730766,21138180.29601,0,0,0,-0.6692269478301,-0.5245523607157,29382708.56176,29338727.101144,154175957.4667,0.0001467362111551,0,0,0,8.948801247807,1.3283681329e-81,0,2.843091310667,-0.5244141458567,-14.01062817996,0.03815756550752,1.314852099375,-14.78339013417,-26830.89421196,5105.749404058,0,0,259225.600,2296,16,0,43502.1365404
43700,-15477885.06835,3068068.229261,21138155.56821,0,0,0,-0.6692450052253,-0.5246183026715,29383219.12678,29339237.6653473,154178640.5037,0.0001467362126065,0,0,0,8.948417882986,1.328175366191e-81,0,2.843088213644,-0.5244800469617,-14.01148718701,0.03817930462963,1.31486211948,-14.78370960217,-26829.84623122,5105.549979955,0,0,259225.700,2296,16,0,43602.13483734
43800,-15477976.13989,3067808.728582,21138130.83582,0,0,0,-0.6692630681938,-0.5246842435823,29383729.67186,29339748.2096086,154181323.436,0.0001467362140579,0,0,0,8.948034437197,1.32798258278e-81,0,2.84308511207,-0.5245459479012,-14.01234619191,0.03820104059616,1.314872140536,-14.78402899394,-26828.79821134,5105.350548401,0,0,259225.800,2296,16,0,43702.13313435
43900,-15478067.21268,3067549.228728,21138106.09883,0,0,0,-0.6692811367362,-0.5247501834483,29384240.197,29340258.7339257,154184006.2634,0.0001467362155093,0,0,0,8.947650910458,1.327789782689e-81,0,2.843082011472,-0.5246118472254,-14.01320517575,0.03822277852115,1.314882162543,-14.7843482906,-26827.75016208,5105.15111126,0,0,259225.900,2296,16,0,43802.13143143
44000,-15478158.28672,3067289.729699,21138081.35726,0,0,0,-0.6692992108532,-0.5248161222695,29384750.70219,29340769.2380478,154186688.9873,0.0001467362169608,0,0,0,8.947018410697,1.32759696594e-81,0,2.843078910286,-0.5246777455341,-14.01406414636,0.03824451893576,1.314892185501,-14.78466749997,-26827.35590051,5105.076085776,0,0,259226.000,2296,16,0,43902.12972857
44100,-15478249.36201,3067030.231495,21138056.61109,0,0,0,-0.6693172905454,-0.524882060046,29385261.18743,29341279.7224706,154189371.6051,0.0001467362184122,0,0,0,8.94663471708,1.327404132555e-81,0,2.843075807788,-0.5247436430579,-14.01492310673,0.03826626129539,1.31490220941,-14.78498662506,-26825.65366226,5104.752160609,0,0,259226.100,2296,16,0,44002.12802577
44200,-15478340.43854,3066770.734116,21138031.86033,0,0,0,-0.6693353758134,-0.5249479967778,29385771.65272,29341790.1869432,154192054.118,0.0001467362198636,0,0,0,8.946250942573,1.327211282558e-81,0,2.843072706076,-0.5248095394391,-14.01578205221,0.03828800314009,1.31491223427,-14.78530566122,-26824.60518233,5104.552641511,0,0,259226.200,2296,16,0,44102.12632305
44300,-15478431.51632,3066511.237562,21138007.10499,0,0,0,-0.6693534666579,-0.5250139324651,29386282.09806,29342300.6314636,154194736.5261,0.000146736221315,0,0,0,8.945867087196,1.32701841597e-81,0,2.843069600138,-0.5248754346621,-14.01664098259,0.03830974672213,1.31492226008,-14.78562460825,-26823.55670239,5104.353122413,0,0,259226.300,2296,16,0,44202.12462039
44400,-15478522.59535,3066251.741834,21137982.34505,0,0,0,-0.6693715630795,-0.5250798671078,29386792.52345,29342811.0560297,154197418.8293,0.0001467362227665,0,0,0,8.945483150965,1.326825532813e-81,0,2.843066495092,-0.5249413287433,-14.01749989809,0.03833149035882,1.314932286842,-14.78594346637,-26822.50805605,5104.15357165,0,0,259226.400,2296,16,0,44302.1229178
44500,-15478613.67562,3065992.246931,21137957.58052,0,0,0,-0.6693896650788,-0.5251458007061,29387302.92888,29343321.4606395,154200101.0277,0.0001467362242179,0,0,0,8.945099133901,1.326632633109e-81,0,2.843063388607,-0.5250072219578,-14.0183588023,0.03835323392148,1.314942314554,-14.78626223916,-26821.45926289,5103.953992948,0,0,259226.500,2296,16,0,44402.12121527
44600,-15478704.75714,3065732.752854,21137932.81141,0,0,0,-0.6694077726565,-0.52521173326,29387813.31435,29343831.845291,154202783.1212,0.0001467362256694,0,0,0,8.94471503602,1.326439716882e-81,0,2.843060281555,-0.5250731140704,-14.01921769214,0.03837497993837,1.314952343216,-14.78658092358,-26820.41046973,5103.754414245,0,0,259226.600,2296,16,0,44502.11951281
44700,-15478795.83991,3065473.259603,21137908.0377,0,0,0,-0.6694258858132,-0.5252776647697,29388323.67986,29344342.2099821,154205465.1098,0.0001467362271208,0,0,0,8.944330857341,1.326246784152e-81,0,2.843057173398,-0.5251390050815,-14.02007656762,0.03839672532319,1.314962372829,-14.78689951963,-26819.36147102,5103.554796427,0,0,259226.700,2296,16,0,44602.11781042
44800,-15478886.92392,3065213.767177,21137883.2594,0,0,0,-0.6694440045495,-0.525343595235,29388834.02541,29344852.5547109,154208146.9935,0.0001467362285723,0,0,0,8.943946597883,1.326053834943e-81,0,2.843054066175,-0.525204894941,-14.02093542809,0.03841847260003,1.314972403392,-14.78721802667,-26818.31241358,5103.355167434,0,0,259226.800,2296,16,0,44702.11610809
44900,-15478978.00918,3064954.275576,21137858.47651,0,0,0,-0.6694621288661,-0.5254095246562,29389344.35099,29345362.8794753,154210828.7722,0.0001467362300237,0,0,0,8.943562257664,1.325860869276e-81,0,2.843050954282,-0.5252707841016,-14.02179427945,0.03844022014756,1.314982434905,-14.7875364506,-26817.26314079,5103.155497462,0,0,259226.900,2296,16,0,44802.11440583
45000,-15479069.09569,3064694.784801,21137833.68903,0,0,0,-0.6694802587636,-0.5254754530333,29389854.65661,29345873.1840242,154213510.4474,0.0001467362314752,0,0,0,8.94292887302,1.325667887173e-81,0,2.843047843195,-0.5253366721568,-14.0226531164,0.03846197100107,1.314992467369,-14.78785478614,-26816.868057,5103.080315515,0,0,259227.000,2296,16,0,44902.11270364
45100,-15479160.18344,3064435.294853,21137808.89696,0,0,0,-0.6694983942427,-0.5255413803664,29390364.94226,29346383.4688537,154216192.0163,0.0001467362329267,0,0,0,8.94254436636,1.325474888658e-81,0,2.843044731543,-0.5254025587907,-14.02351193483,0.03848371875238,1.315002500782,-14.78817302916,-26815.1644484,5102.756129578,0,0,259227.100,2296,16,0,45002.11100151
45200,-15479251.27244,3064175.80573,21137784.1003,0,0,0,-0.6695165353039,-0.5256073066554,29390875.20793,29346893.7337126,154218873.4803,0.0001467362343781,0,0,0,8.942159778999,1.325281873752e-81,0,2.843041618723,-0.5254684446411,-14.02437074304,0.0385054686462,1.315012535146,-14.78849118799,-26814.11497985,5102.556422353,0,0,259227.200,2296,16,0,45102.10929945
45300,-15479342.36269,3063916.317432,21137759.29905,0,0,0,-0.669534681948,-0.5256732319006,29391385.45364,29347403.978599,154221554.8393,0.0001467362358296,0,0,0,8.941775110957,1.325088842477e-81,0,2.843038505059,-0.5255343296042,-14.02522953969,0.03852721788079,1.315022570459,-14.78880926129,-26813.06533511,5102.3566816,0,0,259227.300,2296,16,0,45202.10759745
45400,-15479433.45418,3063656.829961,21137734.49321,0,0,0,-0.6695528341755,-0.5257391561019,29391895.67937,29347914.2035109,154224236.0934,0.0001467362372811,0,0,0,8.941390362251,1.324895794856e-81,0,2.843035392153,-0.5256002129062,-14.02608831468,0.03854897155395,1.315032606722,-14.78912723897,-26812.01562185,5102.156927809,0,0,259227.400,2296,16,0,45302.10589553
45500,-15479524.54692,3063397.343316,21137709.68278,0,0,0,-0.6695709919871,-0.5258050792595,29392405.88513,29348424.4084462,154226917.2424,0.0001467362387326,0,0,0,8.9410055329,1.32470273091e-81,0,2.843032274707,-0.5256660958119,-14.02694708451,0.03857072627393,1.315042643934,-14.78944513752,-26810.96577156,5101.957147941,0,0,259227.500,2296,16,0,45402.10419367
45600,-15479615.64091,3063137.857497,21137684.86775,0,0,0,-0.6695891553835,-0.5258710013733,29392916.0709,29348934.5934029,154229598.2865,0.0001467362401841,0,0,0,8.940620622923,1.324509650662e-81,0,2.843029158346,-0.5257319772776,-14.02780583557,0.03859247770774,1.315052682096,-14.78976294335,-26809.91586254,5101.757356897,0,0,259227.600,2296,16,0,45502.10249187
45700,-15479706.73614,3062878.372504,21137660.04814,0,0,0,-0.6696073243652,-0.5259369224436,29393426.2367,29349444.7583789,154232279.2256,0.0001467362416355,0,0,0,8.940235632337,1.324316554135e-81,0,2.84302604097,-0.5257978580274,-14.0286645773,0.03861423088171,1.315062721208,-14.79008066591,-26808.86586542,5101.557549089,0,0,259227.700,2296,16,0,45602.10079015
45800,-15479797.83262,3062618.888337,21137635.22394,0,0,0,-0.6696254989329,-0.5260028424702,29393936.38251,29349954.9033723,154234960.0597,0.000146736243087,0,0,0,8.939850561162,1.32412344135e-81,0,2.843022922665,-0.5258637373914,-14.02952330097,0.03863598520793,1.315072761269,-14.79039829646,-26807.8157019,5101.357709616,0,0,259227.800,2296,16,0,45702.09908849
45900,-15479888.93035,3062359.404997,21137610.39515,0,0,0,-0.6696436790873,-0.5260687614533,29394446.50834,29350465.028381,154237640.7888,0.0001467362445385,0,0,0,8.939465409415,1.323930312329e-81,0,2.843019805109,-0.5259296160065,-14.03038201487,0.03865774171057,1.315082802279,-14.79071584331,-26806.76546987,5101.157857105,0,0,259227.900,2296,16,0,45802.09738689
46000,-15479980.02932,3062099.922483,21137585.56176,0,0,0,-0.6696618648289,-0.526134679393,29394956.61419,29350975.1331539,154240321.4141,0.00014673624599,0,0,0,8.938831142426,1.323737167095e-81,0,2.843016682916,-0.5259954936138,-14.03124071564,0.0386795010063,1.315092844238,-14.7910333031,-26806.36955407,5101.082516834,0,0,259228.000,2296,16,0,45902.09568537
46100,-15480071.12954,3061840.440795,21137560.72379,0,0,0,-0.6696800561585,-0.5262005962894,29395466.70004,29351485.2181872,154243001.9331,0.0001467362474416,0,0,0,8.938445824674,1.32354400567e-81,0,2.843013561552,-0.5260613700826,-14.03209940156,0.03870125895758,1.315102887147,-14.79135067413,-26804.66468278,5100.758090615,0,0,259228.100,2296,16,0,46002.0939839
46200,-15480162.231,3061580.959934,21137535.88123,0,0,0,-0.6696982530766,-0.5262665121424,29395976.7659,29351995.2832296,154245682.347,0.0001467362488931,0,0,0,8.938060426412,1.323350828076e-81,0,2.843010439393,-0.5261272453467,-14.03295807178,0.03872301677966,1.315112931004,-14.79166795555,-26803.61413752,5100.558178499,0,0,259228.200,2296,16,0,46102.09228251
46300,-15480253.33371,3061321.479899,21137511.03407,0,0,0,-0.6697164555839,-0.5263324269522,29396486.81177,29352505.3282793,154248362.6559,0.0001467362503446,0,0,0,8.937674947657,1.323157634335e-81,0,2.843007316328,-0.5261931194511,-14.03381672689,0.03874477378057,1.31512297581,-14.79198514794,-26802.56345523,5100.358240306,0,0,259228.300,2296,16,0,46202.09058118
46400,-15480344.43767,3061062.000691,21137486.18233,0,0,0,-0.669734663681,-0.5263983407189,29396996.83765,29353015.3533342,154251042.8597,0.0001467362517961,0,0,0,8.937289388429,1.322964424469e-81,0,2.843004192462,-0.5262589928616,-14.03467537295,0.03876653428674,1.315133021566,-14.79230225738,-26801.51272399,5100.1582928,0,0,259228.400,2296,16,0,46302.08887992
46500,-15480435.54288,3060802.522309,21137461.32599,0,0,0,-0.6697528773687,-0.5264642534424,29397506.84353,29353525.3583922,154253722.9584,0.0001467362532476,0,0,0,8.936903748746,1.322771198502e-81,0,2.843001068995,-0.5263248649888,-14.03553400229,0.0387882957436,1.315143068269,-14.79261927619,-26800.46180678,5099.958309904,0,0,259228.500,2296,16,0,46402.08717873
46600,-15480526.64933,3060543.044754,21137436.46507,0,0,0,-0.6697710966474,-0.5265301651229,29398016.82941,29354035.3434513,154256402.9521,0.0001467362546992,0,0,0,8.936518028625,1.322577956453e-81,0,2.842997941172,-0.5263907363145,-14.03639262117,0.03881005848981,1.315153115922,-14.79293621067,-26799.41076231,5099.758302793,0,0,259228.600,2296,16,0,46502.0854776
46700,-15480617.75702,3060283.568026,21137411.59955,0,0,0,-0.6697893215179,-0.5265960757605,29398526.79529,29354545.3085095,154259082.8406,0.0001467362561507,0,0,0,8.936132228087,1.322384698347e-81,0,2.842994814252,-0.5264566064869,-14.03725122503,0.03883182298204,1.315163164523,-14.79325305624,-26798.35963955,5099.558280781,0,0,259228.700,2296,16,0,46602.08377654
46800,-15480708.86597,3060024.092125,21137386.72945,0,0,0,-0.6698075519808,-0.5266619853552,29399036.74116,29355055.2535648,154261762.624,0.0001467362576023,0,0,0,8.935746347148,1.322191424205e-81,0,2.842991686424,-0.5265224757264,-14.03810981672,0.03885358320225,1.315173214072,-14.79356981577,-26797.30843847,5099.358243868,0,0,259228.800,2296,16,0,46702.08207555
46900,-15480799.97616,3059764.617051,21137361.85475,0,0,0,-0.6698257880367,-0.526727893907,29399546.66703,29355565.1786152,154264442.3023,0.0001467362590538,0,0,0,8.935360385827,1.32199813405e-81,0,2.842988557791,-0.5265883437532,-14.03896839261,0.03887534641627,1.31518326457,-14.79388648561,-26796.25713952,5099.158188328,0,0,259228.900,2296,16,0,46802.08037462
47000,-15480891.08759,3059505.142803,21137336.97546,0,0,0,-0.6698440296863,-0.526793801416,29400056.5729,29356075.0834095,154267121.8767,0.0001467362605054,0,0,0,8.934725239034,1.321804827902e-81,0,2.842985427919,-0.5266542104202,-14.03982695077,0.0388971132263,1.315193316015,-14.79420306387,-26795.86025468,5099.082663655,0,0,259229.000,2296,16,0,46902.07867376
47100,-15480982.20027,3059245.669383,21137312.09159,0,0,0,-0.6698622769302,-0.5268597078824,29400566.45875,29356584.9684438,154269801.3447,0.0001467362619569,0,0,0,8.934339112146,1.321611505785e-81,0,2.842982298894,-0.5267200766443,-14.04068550316,0.03891887890359,1.315203368409,-14.7945195625,-26794.15415986,5098.758004606,0,0,259229.100,2296,16,0,47002.07697297
47200,-15481073.3142,3058986.19679,21137287.20312,0,0,0,-0.669880529769,-0.5269256133061,29401076.3246,29357094.8334671,154272480.7076,0.0001467362634085,0,0,0,8.933952904937,1.321418167722e-81,0,2.842979165589,-0.5267859414519,-14.04154403708,0.0389406452677,1.315213421751,-14.79483596882,-26793.10256726,5098.557893187,0,0,259229.200,2296,16,0,47102.07527224
47300,-15481164.42937,3058726.725023,21137262.31006,0,0,0,-0.6698987882035,-0.5269915176873,29401586.17043,29357604.6784774,154275159.9653,0.00014673626486,0,0,0,8.933566617426,1.321224813732e-81,0,2.842976033038,-0.5268518054476,-14.04240256043,0.03896241286407,1.315223476041,-14.7951522907,-26792.0507691,5098.357742652,0,0,259229.300,2296,16,0,47202.07357158
47400,-15481255.54579,3058467.254084,21137237.41241,0,0,0,-0.6699170522342,-0.527057421026,29402095.99625,29358114.5034726,154277839.1178,0.0001467362663116,0,0,0,8.933180249631,1.32103144384e-81,0,2.842972899753,-0.5269176682681,-14.04326106845,0.03898418270711,1.315233531279,-14.79546852343,-26790.998922,5098.157582805,0,0,259229.400,2296,16,0,47302.07187099
47500,-15481346.66346,3058207.783972,21137212.51018,0,0,0,-0.6699353218617,-0.5271233233223,29402605.80205,29358624.3084507,154280518.1651,0.0001467362677632,0,0,0,8.93279380157,1.320838058067e-81,0,2.842969765444,-0.5269835300671,-14.04411956316,0.03900595009628,1.315243587465,-14.795784669,-26789.94710427,5097.957428545,0,0,259229.500,2296,16,0,47402.07017046
47600,-15481437.78237,3057948.314688,21137187.60335,0,0,0,-0.6699535970868,-0.5271892245762,29403115.58783,29359134.0934097,154283197.1072,0.0001467362692147,0,0,0,8.932407273263,1.320644656436e-81,0,2.842966631664,-0.5270493907585,-14.04497804343,0.03902771880191,1.315253644598,-14.79610072632,-26788.89499288,5097.757218406,0,0,259229.600,2296,16,0,47502.06847
47700,-15481528.90253,3057688.846231,21137162.69193,0,0,0,-0.66997187791,-0.5272551247878,29403625.35359,29359643.8583476,154285875.9441,0.0001467362706663,0,0,0,8.932020664728,1.320451238968e-81,0,2.84296349367,-0.5271152505731,-14.04583651227,0.03904949097556,1.315263702679,-14.79641669839,-26787.8428815,5097.557008266,0,0,259229.700,2296,16,0,47602.06676961
47800,-15481620.02393,3057429.378601,21137137.77592,0,0,0,-0.6699901643321,-0.5273210239571,29404135.09932,29360153.6032622,154288554.6757,0.0001467362721179,0,0,0,8.931633975982,1.320257805684e-81,0,2.842960356123,-0.5271811094285,-14.04669496861,0.03907126238449,1.315273761707,-14.79673258413,-26786.79058414,5097.356762737,0,0,259229.800,2296,16,0,47702.06506928
47900,-15481711.14658,3057169.911799,21137112.85532,0,0,0,-0.6700084563536,-0.5273869220844,29404644.82504,29360663.3281517,154291233.3022,0.0001467362735695,0,0,0,8.931247207045,1.32006435661e-81,0,2.842957218323,-0.5272469666316,-14.04755340341,0.03909303674019,1.315283821683,-14.79704837454,-26785.73825742,5097.15651162,0,0,259229.900,2296,16,0,47802.06336903
48000,-15481802.27048,3056910.445824,21137087.93014,0,0,0,-0.6700267539752,-0.5274528191695,29405154.53072,29361173.0327648,154293911.8247,0.0001467362750211,0,0,0,8.930611182991,1.319870891765e-81,0,2.842954078963,-0.527312823332,-14.04841183166,0.03911480731346,1.315293882606,-14.79736408458,-26785.34054058,5097.080828622,0,0,259230.000,2296,16,0,47902.06166883
48100,-15481893.39562,3056650.980677,21137063.00036,0,0,0,-0.6700450571975,-0.5275187152126,29405664.21638,29361682.7175978,154296590.2406,0.0001467362764727,0,0,0,8.930224248924,1.319677411171e-81,0,2.842950938816,-0.5273786789565,-14.04927024589,0.03913658055421,1.315303944476,-14.79767970681,-26783.63313413,5096.755919978,0,0,259230.100,2296,16,0,48002.05996871
48200,-15481984.52201,3056391.516358,21137038.06599,0,0,0,-0.6700633660212,-0.5275846102138,29406173.882,29362192.3823995,154299268.5513,0.0001467362779243,0,0,0,8.929837234727,1.319483914853e-81,0,2.842947799602,-0.5274445331948,-14.05012864204,0.03915835598758,1.315314007293,-14.79799523719,-26782.58047461,5096.555605531,0,0,259230.200,2296,16,0,48102.05826865
48300,-15482075.64964,3056132.052866,21137013.12703,0,0,0,-0.6700816804469,-0.527650504173,29406683.52759,29362702.027168,154301946.7567,0.0001467362793759,0,0,0,8.929450140417,1.319290402829e-81,0,2.842944655493,-0.5275103868191,-14.0509870302,0.03918012927013,1.315324071057,-14.79831068577,-26781.52756059,5096.355242655,0,0,259230.300,2296,16,0,48202.05656866
48400,-15482166.77852,3055872.590202,21136988.18348,0,0,0,-0.6701000004753,-0.5277163970905,29407193.15315,29363211.6519011,154304624.8568,0.0001467362808275,0,0,0,8.929062966013,1.319096875125e-81,0,2.842941512643,-0.5275762388365,-14.0518453974,0.03920191132311,1.315334135768,-14.79862603963,-26780.47464657,5096.154879779,0,0,259230.400,2296,16,0,48302.05486873
48500,-15482257.90865,3055613.128366,21136963.23534,0,0,0,-0.6701183261069,-0.5277822889662,29407702.75866,29363721.2565969,154307302.8516,0.0001467362822791,0,0,0,8.928675711535,1.318903331761e-81,0,2.842938368589,-0.5276420907232,-14.05270376291,0.03922368779511,1.315344201426,-14.79894131802,-26779.42174233,5095.954518765,0,0,259230.500,2296,16,0,48402.05316887
48600,-15482349.04002,3055353.667358,21136938.28261,0,0,0,-0.6701366573426,-0.5278481798002,29408212.34414,29364230.8412533,154309980.7411,0.0001467362837307,0,0,0,8.928288376999,1.318709772759e-81,0,2.842935223924,-0.5277079409155,-14.05356210632,0.03924546592854,1.315354268031,-14.79925650056,-26778.3685053,5095.754094422,0,0,259230.600,2296,16,0,48502.05146908
48700,-15482440.17263,3055094.207178,21136913.32529,0,0,0,-0.6701549941828,-0.5279140695926,29408721.90958,29364740.4058684,154312658.5253,0.0001467362851824,0,0,0,8.927900962426,1.318516198142e-81,0,2.842932077954,-0.5277737901418,-14.05442043715,0.03926724340906,1.315364335582,-14.79957159675,-26777.31526827,5095.553670079,0,0,259230.700,2296,16,0,48602.04976936
48800,-15482531.3065,3054834.747826,21136888.36338,0,0,0,-0.6701733366282,-0.5279799583434,29409231.45497,29365249.95044,154315336.2042,0.000146736286634,0,0,0,8.927513467833,1.318322607932e-81,0,2.842928933095,-0.5278396381508,-14.05527875211,0.03928902164391,1.31537440408,-14.79988660332,-26776.26197251,5095.353234559,0,0,259230.800,2296,16,0,48702.0480697
48900,-15482622.4416,3054575.289302,21136863.39688,0,0,0,-0.6701916846796,-0.5280458460527,29409740.98032,29365759.4749662,154318013.7777,0.0001467362880856,0,0,0,8.927125893238,1.31812900215e-81,0,2.842925783634,-0.5279054855574,-14.05613705921,0.03931080596657,1.315384473525,-14.8002015283,-26775.20852992,5095.1527711,0,0,259230.900,2296,16,0,48802.04637011
49000,-15482713.57796,3054315.831606,21136838.42579,0,0,0,-0.6702100383374,-0.5281117327206,29410250.48562,29366268.9791957,154320691.2472,0.0001467362895373,0,0,0,8.926488994474,1.31793538082e-81,0,2.84292263528,-0.5279713317012,-14.05699534986,0.03933258642031,1.315394543915,-14.80051636307,-26774.80994193,5095.076922327,0,0,259231.000,2296,16,0,48902.04467059
49100,-15482804.71556,3054056.374739,21136813.45011,0,0,0,-0.6702283976025,-0.5281776183472,29410759.97088,29366778.463625,154323368.6101,0.0001467362909889,0,0,0,8.926101255188,1.317741743962e-81,0,2.842919485631,-0.5280371765878,-14.05785362412,0.039354368663,1.315404615252,-14.80083110773,-26773.10133152,5094.751784578,0,0,259231.100,2296,16,0,49002.04297113
49200,-15482895.8544,3053796.918699,21136788.46984,0,0,0,-0.6702467624753,-0.5282435029325,29411269.43608,29367287.9280029,154326045.8675,0.0001467362924406,0,0,0,8.925713435962,1.3175480916e-81,0,2.842916335116,-0.5281030206886,-14.05871188814,0.03937615133249,1.315414687535,-14.80114576842,-26772.04759529,5094.55126524,0,0,259231.200,2296,16,0,49102.04127174
49300,-15482986.99449,3053537.463489,21136763.48498,0,0,0,-0.6702651329567,-0.5283093864766,29411778.88123,29367797.3723271,154328723.0196,0.0001467362938922,0,0,0,8.925325536814,1.317354423754e-81,0,2.842913185479,-0.5281688640055,-14.05957014193,0.03939793335277,1.315424760764,-14.80146034516,-26770.99380032,5094.350734726,0,0,259231.300,2296,16,0,49202.03957242
49400,-15483078.13583,3053278.009106,21136738.49553,0,0,0,-0.6702835090471,-0.5283752689795,29412288.30632,29368306.7965959,154331400.0663,0.0001467362953439,0,0,0,8.924937557763,1.317160740449e-81,0,2.842910031277,-0.5282347057043,-14.06042837464,0.03941971894725,1.315434834939,-14.80177482711,-26769.93982917,5094.150170684,0,0,259231.400,2296,16,0,49302.03787316
49500,-15483169.27841,3053018.555552,21136713.50149,0,0,0,-0.6703018907473,-0.5284411504413,29412797.71135,29368816.2008071,154334077.0075,0.0001467362967955,0,0,0,8.924549498827,1.316967041704e-81,0,2.84290687784,-0.5283005467384,-14.06128659868,0.03944150756713,1.31544491006,-14.80208922668,-26768.88577971,5093.949591741,0,0,259231.500,2296,16,0,49402.03617397
49600,-15483260.42224,3052759.102826,21136688.50286,0,0,0,-0.6703202780579,-0.5285070308621,29413307.09633,29369325.5849587,154336753.8434,0.0001467362982472,0,0,0,8.924161360025,1.316773327543e-81,0,2.842903723533,-0.5283663867215,-14.06214480903,0.03946329242231,1.315454986127,-14.80240353885,-26767.83154427,5093.748977408,0,0,259231.600,2296,16,0,49502.03447485
49700,-15483351.56731,3052499.650929,21136663.49963,0,0,0,-0.6703386709795,-0.528572910242,29413816.46124,29369834.9490488,154339430.5738,0.0001467362996989,0,0,0,8.923773141375,1.316579597987e-81,0,2.842900568293,-0.5284322251453,-14.06300299904,0.03948507897928,1.315465063139,-14.802717757,-26766.77725011,5093.548351899,0,0,259231.700,2296,16,0,49602.03277579
49800,-15483442.71363,3052240.199861,21136638.49182,0,0,0,-0.6703570695128,-0.528638788581,29414325.80609,29370344.2930752,154342107.1988,0.0001467363011505,0,0,0,8.923384842896,1.316385853059e-81,0,2.842897412058,-0.5284980633281,-14.06386118592,0.03950686723994,1.315475141097,-14.80303189832,-26765.72285806,5093.347707763,0,0,259231.800,2296,16,0,49702.0310768
49900,-15483533.86119,3051980.749622,21136613.47942,0,0,0,-0.6703754736585,-0.5287046658791,29414835.13087,29370853.617036,154344783.7184,0.0001467363026022,0,0,0,8.922996464607,1.316192092781e-81,0,2.842894256724,-0.5285638998943,-14.06471935172,0.03952865591023,1.315485220001,-14.80334594489,-26764.66839749,5093.147050589,0,0,259231.900,2296,16,0,49802.02937788
50000,-15483625.01,3051721.300211,21136588.46243,0,0,0,-0.6703938834172,-0.5287705421365,29415344.43559,29371362.9206798,154347460.1338,0.0001467363040539,0,0,0,8.922358693684,1.315998317174e-81,0,2.842891096599,-0.5286297355533,-14.0655775057,0.03955044772093,1.31549529985,-14.80365990595,-26764.26883067,5093.071015552,0,0,259232.000,2296,32,0,49902.02767903
50100,-15483716.16005,3051461.851629,21136563.44085,0,0,0,-0.6704122987895,-0.5288364173533,29415853.72024,29371872.2045032,154350136.4425,0.0001467363055056,0,0,0,8.921970151141,1.315804526261e-81,0,2.842887937561,-0.5286955704095,-14.06643564922,0.03957223811456,1.315505380644,-14.80397378288,-26762.55898695,5092.745643109,0,0,259232.100,2296,32,0,50002.02598024
50200,-15483807.31135,3051202.403876,21136538.41468,0,0,0,-0.6704307197761,-0.5289022915294,29416362.98481,29372381.4682549,154352812.6456,0.0001467363069573,0,0,0,8.92158152885,1.315610720064e-81,0,2.842884777368,-0.5287614040539,-14.06729377694,0.03959402866699,1.315515462384,-14.80428757036,-26761.50416422,5092.544917017,0,0,259232.200,2296,32,0,50102.02428152
50300,-15483898.4639,3050942.956951,21136513.38392,0,0,0,-0.6704491463776,-0.5289681646649,29416872.22932,29372890.7119329,154355488.7433,0.000146736308409,0,0,0,8.921192826827,1.315416898604e-81,0,2.842881616729,-0.5288272365761,-14.06815189003,0.03961582358073,1.315525545068,-14.80460126955,-26760.44926318,5092.344176024,0,0,259232.300,2296,32,0,50202.02258286
50400,-15483989.61769,3050683.510856,21136488.34857,0,0,0,-0.6704675785947,-0.52903403676,29417381.45374,29373399.9355352,154358164.7355,0.0001467363098607,0,0,0,8.920804045092,1.315223061905e-81,0,2.842878456324,-0.5288930679749,-14.06900998848,0.03963761384502,1.315535628698,-14.80491488044,-26759.39416637,5092.143397778,0,0,259232.400,2296,32,0,50302.02088428
50500,-15484080.77272,3050424.06559,21136463.30863,0,0,0,-0.670486016428,-0.5290999078147,29417890.65809,29373909.1390597,154360840.6221,0.0001467363113124,0,0,0,8.920415183663,1.315029209988e-81,0,2.842875291806,-0.5289588985493,-14.06986807618,0.03965940711104,1.315545713272,-14.80522840694,-26758.33904999,5091.942615807,0,0,259232.500,2296,32,0,50402.01918576
50600,-15484171.929,3050164.621153,21136438.26409,0,0,0,-0.6705044598782,-0.529165777829,29418399.84236,29374418.3225044,154363516.4033,0.0001467363127641,0,0,0,8.920026242558,1.314835342875e-81,0,2.842872128012,-0.5290247280976,-14.07072615051,0.03968120134362,1.315555798792,-14.80554184643,-26757.28384552,5091.741817072,0,0,259232.600,2296,32,0,50502.0174873
50700,-15484263.08653,3049905.177545,21136413.21497,0,0,0,-0.670522908946,-0.529231646803,29418909.00655,29374927.4858673,154366192.0789,0.0001467363142158,0,0,0,8.919637221796,1.314641460588e-81,0,2.842868963641,-0.5290905562329,-14.07158420641,0.03970299986844,1.315565885256,-14.80585519387,-26756.22849422,5091.540990397,0,0,259232.700,2296,32,0,50602.01578892
50800,-15484354.2453,3049645.734767,21136388.16126,0,0,0,-0.6705413636319,-0.5292975147369,29419418.15065,29375436.6291465,154368867.649,0.0001467363156675,0,0,0,8.919248121396,1.314447563148e-81,0,2.842865797917,-0.5291563838156,-14.07244225512,0.03972479726681,1.315575972665,-14.80616846048,-26755.17303525,5091.340143234,0,0,259232.800,2296,32,0,50702.0140906
50900,-15484445.40532,3049386.292818,21136363.10296,0,0,0,-0.6705598239366,-0.5293633816305,29419927.27467,29375945.7523398,154371543.1135,0.0001467363171192,0,0,0,8.918858941376,1.31425365058e-81,0,2.842862631252,-0.5292222099622,-14.07330028511,0.03974659438045,1.315586061018,-14.80648163475,-26754.11749797,5091.139281169,0,0,259232.900,2296,32,0,50802.01239235
51000,-15484536.56658,3049126.851698,21136338.04007,0,0,0,-0.6705782898608,-0.5294292474841,29420436.3786,29376454.8551958,154374218.4738,0.0001467363185709,0,0,0,8.91822030085,1.314059722902e-81,0,2.842859465333,-0.5292880354337,-14.0741583063,0.03976838992496,1.315596150316,-14.80679472661,-26753.71720682,5091.063108295,0,0,259233.000,2296,32,0,50902.01069416
51100,-15484627.72908,3048867.411408,21136312.97259,0,0,0,-0.6705967614051,-0.5294951122977,29420945.46244,29376963.9382114,154376893.7272,0.0001467363200227,0,0,0,8.917830957017,1.31386578014e-81,0,2.842856295063,-0.5293538594855,-14.07501630898,0.03979018911699,1.315606240558,-14.80710772636,-26752.00611999,5090.737499297,0,0,259233.100,2296,32,0,51002.00899604
51200,-15484718.89284,3048607.971947,21136287.90052,0,0,0,-0.6706152385703,-0.5295609760713,29421454.52619,29377473.0011351,154379568.875,0.0001467363214744,0,0,0,8.917441533625,1.313671822313e-81,0,2.84285312551,-0.5294196828589,-14.07587430282,0.03981198945769,1.315616331744,-14.80742064366,-26750.95020097,5090.536564589,0,0,259233.200,2296,32,0,51102.00729799
51300,-15484810.05783,3048348.533316,21136262.82385,0,0,0,-0.6706337213568,-0.5296268388051,29421963.56984,29377982.0439648,154382243.9172,0.0001467363229261,0,0,0,8.917052030694,1.313477849445e-81,0,2.842849954979,-0.5294855050391,-14.0767322811,0.03983379173228,1.315626423875,-14.80773347182,-26749.89422322,5090.335618705,0,0,259233.300,2296,32,0,51202.00560001
51400,-15484901.22407,3048089.095514,21136237.7426,0,0,0,-0.6706522097654,-0.529692700499,29422472.5934,29378491.0666987,154384918.8538,0.0001467363243779,0,0,0,8.916662448241,1.313283861557e-81,0,2.842846783608,-0.5295513259197,-14.07759024245,0.03985559375102,1.31563651695,-14.80804620944,-26748.8380595,5090.13463743,0,0,259233.400,2296,32,0,51302.00390209
51500,-15484992.39156,3047829.658542,21136212.65676,0,0,0,-0.6706707037967,-0.5297585611532,29422981.59686,29379000.0693346,154387593.6848,0.0001467363258296,0,0,0,8.916272786284,1.313089858671e-81,0,2.842843611151,-0.529617146259,-14.07844819674,0.03987739489423,1.315646610969,-14.80835886643,-26747.78199365,5089.933674783,0,0,259233.500,2296,32,0,51402.00220424
51600,-15485083.56029,3047570.2224,21136187.56633,0,0,0,-0.6706892034514,-0.5298244207677,29423490.58022,29379509.0518705,154390268.4102,0.0001467363272814,0,0,0,8.915883044844,1.31289584081e-81,0,2.842840439616,-0.5296829651261,-14.07930613184,0.03989919537291,1.315656705931,-14.80867143066,-26746.72561459,5089.73265253,0,0,259233.600,2296,32,0,51502.00050646
51700,-15485174.73027,3047310.787087,21136162.47131,0,0,0,-0.6707077087302,-0.5298902793426,29423999.54348,29380018.0143044,154392943.03,0.0001467363287331,0,0,0,8.915493223937,1.312701807995e-81,0,2.842837263355,-0.5297487830983,-14.08016405527,0.03992100063446,1.315666801838,-14.80898390965,-26745.66915722,5089.531615376,0,0,259233.700,2296,32,0,51601.99880874
51800,-15485265.90149,3047051.352605,21136137.3717,0,0,0,-0.6707262196336,-0.529956136878,29424508.48664,29380526.9566344,154395617.544,0.0001467363301849,0,0,0,8.915103323583,1.312507760248e-81,0,2.842834088161,-0.5298146002299,-14.08102196775,0.03994280580503,1.315676898688,-14.80929630412,-26744.61262154,5089.330563322,0,0,259233.800,2296,32,0,51701.99711109
51900,-15485357.07396,3046791.918952,21136112.2675,0,0,0,-0.6707447361623,-0.5300219933739,29425017.40968,29381035.8788584,154398291.9525,0.0001467363316367,0,0,0,8.9147133438,1.312313697592e-81,0,2.842830911945,-0.5298804160054,-14.08187986255,0.03996461182814,1.315686996482,-14.80960860735,-26743.55602713,5089.129500091,0,0,259233.900,2296,32,0,51801.99541351
52000,-15485448.24767,3046532.48613,21136087.15871,0,0,0,-0.6707632583171,-0.5300878488303,29425526.31263,29381544.7807248,154400966.2566,0.0001467363330884,0,0,0,8.91407383623,1.312119620048e-81,0,2.84282773537,-0.5299462307294,-14.08273774365,0.03998641873607,1.315697095219,-14.80992082333,-26743.1547963,5089.053148404,0,0,259234.000,2296,32,0,51901.993716
52100,-15485539.42263,3046273.054137,21136062.04533,0,0,0,-0.6707817860984,-0.5301537032475,29426035.19546,29382053.6627306,154403640.4536,0.0001467363345402,0,0,0,8.913683693074,1.311925527637e-81,0,2.842824558476,-0.5300120448825,-14.0835956173,0.04000822305034,1.3157071949,-14.81023295833,-26741.44243699,5088.727297261,0,0,259234.100,2296,32,0,52001.99201855
52200,-15485630.59883,3046013.622975,21136036.92736,0,0,0,-0.6708003195071,-0.5302195566253,29426544.05818,29382562.5246244,154406314.5451,0.000146736335992,0,0,0,8.913293470551,1.311731420383e-81,0,2.842821377735,-0.5300778578367,-14.08445347533,0.04003003347486,1.315717295524,-14.81054500416,-26740.38546084,5088.526161388,0,0,259234.200,2296,32,0,52101.99032117
52300,-15485721.77627,3045754.192642,21136011.8048,0,0,0,-0.6708188585437,-0.5302854089639,29427052.90078,29383071.3664042,154408988.5308,0.0001467363374438,0,0,0,8.912903168679,1.311537298308e-81,0,2.842818197667,-0.5301436695766,-14.08531131753,0.04005184105164,1.315727397091,-14.81085696063,-26739.32841617,5088.325012475,0,0,259234.300,2296,32,0,52201.98862386
52400,-15485812.95496,3045494.76314,21135986.67765,0,0,0,-0.6708374032089,-0.5303512602634,29427561.72327,29383580.1880677,154411662.4107,0.0001467363388956,0,0,0,8.912512787476,1.311343161433e-81,0,2.842815017204,-0.5302094799768,-14.08616914226,0.04007365200466,1.315737499602,-14.81116882611,-26738.27131277,5088.123852387,0,0,259234.400,2296,32,0,52301.98692661
52500,-15485904.1349,3045235.334468,21135961.54591,0,0,0,-0.6708559535033,-0.5304171105238,29428070.52564,29384088.9896132,154414336.185,0.0001467363403473,0,0,0,8.912122326962,1.311149009781e-81,0,2.842811835148,-0.5302752897046,-14.08702695823,0.04009546564683,1.315747603055,-14.8114806093,-26737.21410171,5087.92267181,0,0,259234.500,2296,32,0,52401.98522943
52600,-15485995.31608,3044975.906627,21135936.40958,0,0,0,-0.6708745094276,-0.5304829597452,29428579.30789,29384597.7710386,154417009.8536,0.0001467363417991,0,0,0,8.911731787155,1.310954843372e-81,0,2.842808652551,-0.5303410982456,-14.08788475874,0.04011727403989,1.315757707452,-14.81179230352,-26736.15669487,5087.72145398,0,0,259234.600,2296,32,0,52501.98353232
52700,-15486086.4985,3044716.479616,21135911.26866,0,0,0,-0.6708930709825,-0.5305488079277,29429088.07002,29385106.5323418,154419683.4164,0.0001467363432509,0,0,0,8.911341168073,1.31076066223e-81,0,2.84280547031,-0.5304069057835,-14.08874254616,0.04013908780383,1.315767812791,-14.81210391115,-26735.09924888,5087.520228699,0,0,259234.700,2296,32,0,52601.98183527
52800,-15486177.68217,3044457.053436,21135886.12315,0,0,0,-0.6709116381686,-0.5306146550712,29429596.81203,29385615.2735209,154422356.8734,0.0001467363447027,0,0,0,8.910950469735,1.310566466376e-81,0,2.842802283815,-0.5304727125439,-14.08960032345,0.04016090056381,1.315777919073,-14.81241543515,-26734.04170501,5087.318984792,0,0,259234.800,2296,32,0,52701.98013829
52900,-15486268.86709,3044197.628086,21135860.97305,0,0,0,-0.6709302109866,-0.530680501176,29430105.53391,29386123.9945738,154425030.2247,0.0001467363461546,0,0,0,8.910559692159,1.310372255831e-81,0,2.842799098226,-0.5305385180045,-14.0904580838,0.04018271244542,1.315788026298,-14.81272686871,-26732.98402411,5087.117714807,0,0,259234.900,2296,32,0,52801.97844138
53000,-15486360.05325,3043938.203566,21135835.81836,0,0,0,-0.670948789437,-0.530746346242,29430614.23566,29386632.6952489,154427703.4715,0.0001467363476064,0,0,0,8.909919320108,1.310178030619e-81,0,2.842795911321,-0.5306043227053,-14.09131583425,0.04020453011376,1.315798134465,-14.81303821888,-26732.58188297,5087.041189894,0,0,259235.000,2296,32,0,52901.97674454
53100,-15486451.24065,3043678.779877,21135810.65908,0,0,0,-0.6709673735207,-0.5308121902693,29431122.91728,29387141.3760434,154430376.6112,0.0001467363490582,0,0,0,8.9095283796,1.309983790761e-81,0,2.842792724035,-0.5306701257566,-14.09217356319,0.04022634471821,1.315808243575,-14.81334947407,-26730.86833928,5086.715113372,0,0,259235.100,2296,32,0,53001.97504776
53200,-15486542.4293,3043419.357019,21135785.49521,0,0,0,-0.6709859632381,-0.5308780332581,29431631.57877,29387650.0367057,154433049.6452,0.00014673635051,0,0,0,8.909137359916,1.309789536279e-81,0,2.842789535279,-0.5307359282216,-14.09303128449,0.04024816328895,1.315818353628,-14.81366064814,-26729.81034515,5086.513783783,0,0,259235.200,2296,32,0,53101.97335106
53300,-15486633.61919,3043159.934992,21135760.32675,0,0,0,-0.6710045585901,-0.5309438752082,29432140.22012,29388158.6772337,154435722.5733,0.0001467363519618,0,0,0,8.908746261075,1.309595267196e-81,0,2.842786347515,-0.5308017295776,-14.09388899134,0.0402699781295,1.315828464622,-14.81397173428,-26728.75221399,5086.312428117,0,0,259235.300,2296,32,0,53201.97165441
53400,-15486724.81033,3042900.513796,21135735.1537,0,0,0,-0.6710231595771,-0.5310097161199,29432648.84134,29388667.2976255,154438395.3956,0.0001467363534137,0,0,0,8.908355083095,1.309400983532e-81,0,2.842783154868,-0.5308675300822,-14.09474668709,0.04029179523568,1.315838576559,-14.81428273587,-26727.69394578,5086.111046374,0,0,259235.400,2296,32,0,53301.96995784
53500,-15486816.00271,3042641.09343,21135709.97606,0,0,0,-0.6710417662,-0.5310755559932,29433157.44242,29389175.897879,154441068.1121,0.0001467363548655,0,0,0,8.907963825994,1.309206685309e-81,0,2.84277996371,-0.5309333292009,-14.09560436477,0.04031361476987,1.315848689438,-14.81459364593,-26726.63571674,5085.909672081,0,0,259235.500,2296,32,0,53401.96826133
53600,-15486907.19634,3042381.673896,21135684.79383,0,0,0,-0.6710603784593,-0.5311413948282,29433666.02336,29389684.4779922,154443740.7227,0.0001467363563173,0,0,0,8.907572489792,1.309012372551e-81,0,2.842776771187,-0.5309991274681,-14.09646203136,0.04033543554304,1.315858803259,-14.81490447144,-26725.57721361,5085.708245635,0,0,259235.600,2296,32,0,53501.96656489
53700,-15486998.39121,3042122.255192,21135659.60702,0,0,0,-0.6710789963557,-0.5312072326248,29434174.58416,29390193.0379631,154446413.2275,0.0001467363577692,0,0,0,8.907181074506,1.308818045279e-81,0,2.842773578188,-0.5310649246952,-14.09731968439,0.04035725859562,1.315868918022,-14.81521520996,-26724.51864198,5085.50680615,0,0,259235.700,2296,32,0,53601.96486852
53800,-15487089.58732,3041862.83732,21135634.41561,0,0,0,-0.6710976198899,-0.5312730693833,29434683.12481,29390701.5777897,154449085.6265,0.000146736359221,0,0,0,8.906789580156,1.308623703514e-81,0,2.842770385471,-0.5311307208113,-14.09817732293,0.04037907882409,1.315879033727,-14.81552586055,-26723.45999203,5085.305351764,0,0,259235.800,2296,32,0,53701.96317221
53900,-15487180.78468,3041603.420279,21135609.21961,0,0,0,-0.6711162490624,-0.5313389051036,29435191.64532,29391210.09747,154451757.9195,0.0001467363606729,0,0,0,8.90639800676,1.30842934728e-81,0,2.842767188432,-0.5311965156391,-14.09903494469,0.04040090013623,1.315889150373,-14.81583642092,-26722.40122463,5085.103875026,0,0,259235.900,2296,32,0,53801.96147597
54000,-15487271.98329,3041344.004069,21135584.01902,0,0,0,-0.6711348838741,-0.5314047397858,29435700.14568,29391718.5967524,154454430.108,0.0001467363621247,0,0,0,8.905756772795,1.308234976596e-81,0,2.842763992005,-0.5312623100636,-14.09989256118,0.0404227237884,1.315899267961,-14.81614690261,-26721.99823192,5085.027188063,0,0,259236.000,2296,32,0,53901.9597798
54100,-15487363.18313,3041084.58869,21135558.81385,0,0,0,-0.6711535243254,-0.53147057343,29436208.62588,29392227.076134,154457102.1894,0.0001467363635766,0,0,0,8.905365036909,1.308040591486e-81,0,2.842760795429,-0.5313281028734,-14.10075015663,0.04044454941717,1.315909386491,-14.81645728983,-26720.28349406,5084.700884297,0,0,259236.100,2296,32,0,54001.95808369
54200,-15487454.38423,3040825.174142,21135533.60408,0,0,0,-0.6711721704172,-0.5315364060363,29436717.08594,29392735.5353632,154459774.1648,0.0001467363650285,0,0,0,8.904973222038,1.307846191971e-81,0,2.842757597174,-0.5313938948019,-14.10160774059,0.04046637392796,1.315919505962,-14.81676759215,-26719.22442322,5084.499349818,0,0,259236.200,2296,32,0,54101.95638766
54300,-15487545.58656,3040565.760426,21135508.38972,0,0,0,-0.67119082215,-0.5316022376047,29437225.52584,29393243.9744381,154462446.0342,0.0001467363664803,0,0,0,8.904581328201,1.307651778074e-81,0,2.84275439795,-0.5314596859091,-14.10246531385,0.04048820034843,1.315929626375,-14.81707781036,-26718.16528386,5084.297802299,0,0,259236.300,2296,32,0,54201.95469169
54400,-15487636.79015,3040306.347542,21135483.17078,0,0,0,-0.6712094795245,-0.5316680681353,29437733.94559,29393752.3933566,154465117.7978,0.0001467363679322,0,0,0,8.904189355417,1.307457349816e-81,0,2.842751199736,-0.5315254758827,-14.10332287233,0.04051002470656,1.315939747729,-14.81738794039,-26717.10608577,5084.096243605,0,0,259236.400,2296,32,0,54301.95299578
54500,-15487727.99497,3040046.935489,21135457.94724,0,0,0,-0.6712281425413,-0.5317338976281,29438242.34518,29394260.7921167,154467789.4554,0.0001467363693841,0,0,0,8.903797303704,1.307262907219e-81,0,2.842747996943,-0.5315912645961,-14.10418041438,0.04053185214501,1.315949870024,-14.8176979806,-26716.04678001,5083.894664422,0,0,259236.500,2296,32,0,54401.95129995
54600,-15487819.20104,3039787.524267,21135432.71911,0,0,0,-0.6712468112012,-0.5317997260833,29438750.7246,29394769.1707163,154470461.0071,0.000146736370836,0,0,0,8.903405173082,1.307068450306e-81,0,2.842744795063,-0.5316570525092,-14.105037946,0.04055367903037,1.31595999326,-14.818007937,-26714.98717082,5083.693027496,0,0,259236.600,2296,32,0,54501.94960418
54700,-15487910.40835,3039528.113877,21135407.4864,0,0,0,-0.6712654855047,-0.5318655535008,29439259.08387,29395277.5291535,154473132.4529,0.0001467363722879,0,0,0,8.903012963568,1.306873979097e-81,0,2.842741592254,-0.5317228389893,-14.10589545894,0.04057550979928,1.315970117437,-14.81831780133,-26713.92763993,5083.491405472,0,0,259236.700,2296,32,0,54601.94790848
54800,-15488001.61691,3039268.704319,21135382.24909,0,0,0,-0.6712841654526,-0.5319313798808,29439767.42297,29395785.8674263,154475803.7927,0.0001467363737398,0,0,0,8.902620675181,1.306679493615e-81,0,2.842738388375,-0.5317886249266,-14.10675296481,0.04059733952949,1.315980242555,-14.81863021277,-26712.86798179,5083.289759234,0,0,259236.800,2296,32,0,54701.94621284
54900,-15488092.82671,3039009.295592,21135357.0072,0,0,0,-0.6713028510454,-0.5319972052233,29440275.7419,29396294.1855326,154478475.0265,0.0001467363751916,0,0,0,8.90222830794,1.306484993882e-81,0,2.842735185346,-0.5318544096762,-14.1076104552,0.04061917052764,1.315990368614,-14.81895330127,-26711.80817684,5083.088085055,0,0,259236.900,2296,32,0,54801.94451728
55000,-15488184.03776,3038749.887698,21135331.76071,0,0,0,-0.6713215422839,-0.5320630295284,29440784.04067,29396802.4832209,154481146.1556,0.0001467363766435,0,0,0,8.901586214632,1.30629047992e-81,0,2.842731977299,-0.5319201933949,-14.10846793214,0.04064100358301,1.316000495613,-14.81927630421,-26711.40415635,5083.011202514,0,0,259237.000,2296,32,0,54901.94282178
55100,-15488275.25005,3038490.480635,21135306.50964,0,0,0,-0.6713402391687,-0.5321288527962,29441292.31926,29397310.7609883,154483817.1774,0.0001467363780955,0,0,0,8.901193685342,1.306095951751e-81,0,2.842728770875,-0.5319859758869,-14.1093253931,0.04066283384703,1.316010623553,-14.81959921905,-26709.68815581,5082.684658468,0,0,259237.100,2296,32,0,55001.94112635
55200,-15488366.46359,3038231.074404,21135281.25397,0,0,0,-0.6713589417005,-0.5321946750266,29441800.57768,29397819.0185832,154486488.0932,0.0001467363795474,0,0,0,8.90080107726,1.305901409396e-81,0,2.842725562997,-0.5320517576114,-14.11018284406,0.04068466756672,1.316020752434,-14.81992205178,-26708.62800826,5082.482919097,0,0,259237.200,2296,32,0,55101.93943098
55300,-15488457.67836,3037971.669006,21135255.99372,0,0,0,-0.6713776498799,-0.5322604962199,29442308.81593,29398327.2560036,154489158.903,0.0001467363809993,0,0,0,8.900408390404,1.305706852877e-81,0,2.842722354727,-0.532117537961,-14.11104027709,0.04070650252356,1.316030882255,-14.82024479449,-26707.56782156,5082.281172276,0,0,259237.300,2296,32,0,55201.93773569
55400,-15488548.89439,3037712.264439,21135230.72888,0,0,0,-0.6713963637076,-0.532326316376,29442817.034,29398835.4732474,154491829.6068,0.0001467363824512,0,0,0,8.900015624793,1.305512282217e-81,0,2.842719145183,-0.5321833176509,-14.11189770152,0.04072833825523,1.316041013016,-14.82056745651,-26706.50749782,5082.079399377,0,0,259237.400,2296,32,0,55301.93604045
55500,-15488640.11165,3037452.860704,21135205.45944,0,0,0,-0.6714150831842,-0.5323921354951,29443325.2319,29399343.6703128,154494500.2045,0.0001467363839031,0,0,0,8.899622780445,1.305317697437e-81,0,2.842715936013,-0.5322490960204,-14.11275510874,0.04075017215596,1.316051144718,-14.82089002923,-26705.44706641,5081.87760599,0,0,259237.500,2296,32,0,55401.93434529
55600,-15488731.33016,3037193.457802,21135180.18542,0,0,0,-0.6714338083104,-0.5324579535771,29443833.40961,29399851.8471976,154497170.6962,0.000146736385355,0,0,0,8.89922985738,1.305123098558e-81,0,2.842712722837,-0.5323148734235,-14.11361250337,0.04077201202435,1.31606127736,-14.82121251727,-26704.38649797,5081.675786525,0,0,259237.600,2296,32,0,55501.9326502
55700,-15488822.54992,3036934.055731,21135154.90681,0,0,0,-0.6714525390869,-0.5325237706221,29444341.56714,29400360.0038999,154499841.0818,0.000146736386807,0,0,0,8.898836855614,1.304928485604e-81,0,2.842709510217,-0.5323806497936,-14.11446988453,0.04079384835185,1.316071410941,-14.82153491977,-26703.325861,5081.473954022,0,0,259237.700,2296,32,0,55601.93095517
55800,-15488913.77092,3036674.654494,21135129.62361,0,0,0,-0.6714712755144,-0.5325895866303,29444849.70449,29400868.1404176,154502511.3614,0.0001467363882589,0,0,0,8.898443775169,1.304733858596e-81,0,2.842706297067,-0.5324464251236,-14.11532725213,0.04081568515811,1.316081545463,-14.82185723664,-26702.26511637,5081.27210103,0,0,259237.800,2296,32,0,55701.92926021
55900,-15489004.99316,3036415.254088,21135104.33582,0,0,0,-0.6714900175934,-0.5326554016017,29445357.82165,29401376.2567488,154505181.5349,0.0001467363897109,0,0,0,8.898050616061,1.304539217555e-81,0,2.842703082724,-0.5325121993837,-14.11618460579,0.0408375259894,1.316091680925,-14.8221794675,-26701.20426407,5081.070227548,0,0,259237.900,2296,32,0,55801.92756531
56000,-15489096.21664,3036155.854515,21135079.04343,0,0,0,-0.6715087653247,-0.5327212155363,29445865.91862,29401884.3526417,154507851.6036,0.0001467363911628,0,0,0,8.897407665984,1.304344562504e-81,0,2.842699867171,-0.5325779731236,-14.11704195267,0.0408593661779,1.316101817326,-14.82250161953,-26700.7994801,5080.993199721,0,0,259238.000,2296,32,0,55901.92587049
56100,-15489187.44137,3035896.455774,21135053.74646,0,0,0,-0.6715275187088,-0.5327870284343,29446373.9954,29402392.4285937,154510521.5648,0.0001467363926147,0,0,0,8.89701434527,1.304149893464e-81,0,2.842696652815,-0.5326437447041,-14.1178992714,0.04088120784358,1.316111954668,-14.82282367136,-26699.08232454,5080.666435882,0,0,259238.100,2296,32,0,56001.92417573
56200,-15489278.66735,3035637.057866,21135028.4449,0,0,0,-0.6715462777466,-0.5328528402956,29446882.05199,29402900.4843531,154513191.42,0.0001467363940667,0,0,0,8.896620945955,1.303955210457e-81,0,2.84269343377,-0.5327095162118,-14.11875658918,0.04090305030831,1.316122092948,-14.8231456502,-26698.02115901,5080.464502797,0,0,259238.200,2296,32,0,56101.92248104
56300,-15489369.89457,3035377.660791,21135003.13875,0,0,0,-0.6715650424386,-0.5329186511204,29447390.08838,29403408.5199179,154515861.1691,0.0001467363955187,0,0,0,8.896227468059,1.303760513506e-81,0,2.842690215415,-0.5327752863657,-14.11961388931,0.04092489028346,1.316132232168,-14.82346753935,-26696.95982708,5080.262538046,0,0,259238.300,2296,32,0,56201.92078641
56400,-15489461.12303,3035118.264548,21134977.82801,0,0,0,-0.6715838127854,-0.5329844609087,29447898.10458,29403916.5352861,154518530.812,0.0001467363969706,0,0,0,8.8958339116,1.303565802631e-81,0,2.842686996352,-0.5328410554717,-14.12047117578,0.04094673421738,1.316142372328,-14.82378934281,-26695.89846579,5080.060567707,0,0,259238.400,2296,32,0,56301.91909186
56500,-15489552.35273,3034858.869138,21134952.51268,0,0,0,-0.6716025887879,-0.5330502696606,29448406.10058,29404424.5304556,154521200.3487,0.0001467363984226,0,0,0,8.895440276597,1.303371077855e-81,0,2.842683776195,-0.5329068235762,-14.12132844921,0.0409685772708,1.316152513427,-14.82411106118,-26694.83708492,5079.858593643,0,0,259238.500,2296,32,0,56401.91739737
56600,-15489643.58368,3034599.474561,21134927.19277,0,0,0,-0.6716213704465,-0.5331160773761,29448914.07637,29404932.5054245,154523869.7794,0.0001467363998746,0,0,0,8.895046563067,1.3031763392e-81,0,2.8426805567,-0.5329725907737,-14.1221857108,0.04099042427422,1.316162655465,-14.82443269572,-26693.7754104,5079.656563699,0,0,259238.600,2296,32,0,56501.91570294
56700,-15489734.81587,3034340.080816,21134901.86826,0,0,0,-0.6716401577621,-0.5331818840554,29449422.03197,29405440.4601908,154526539.1038,0.0001467364013265,0,0,0,8.894652771031,1.302981586687e-81,0,2.842677332547,-0.5330383567998,-14.12304295713,0.04101227236229,1.316172798442,-14.82475424297,-26692.713638,5079.454515129,0,0,259238.700,2296,32,0,56601.91400859
56800,-15489826.04931,3034080.687905,21134876.53916,0,0,0,-0.6716589507352,-0.5332476896984,29449929.96736,29405948.3947524,154529208.3221,0.0001467364027785,0,0,0,8.894258900506,1.302786820339e-81,0,2.842674109537,-0.5331041219576,-14.12390019214,0.04103411813867,1.316182942359,-14.8250757069,-26691.65182644,5079.252459109,0,0,259238.800,2296,32,0,56701.9123143
56900,-15489917.28399,3033821.295826,21134851.20547,0,0,0,-0.6716777493665,-0.5333134943053,29450437.88254,29406456.3091074,154531877.4342,0.0001467364042305,0,0,0,8.893864951512,1.302592040176e-81,0,2.842670885495,-0.5331698856861,-14.12475740852,0.04105596404288,1.316193087214,-14.8253970802,-26690.58989743,5079.050380737,0,0,259238.900,2296,32,0,56801.91062008
57000,-15490008.51991,3033561.904581,21134825.86719,0,0,0,-0.6716965536567,-0.5333792978761,29450945.77752,29406964.2030039,154534546.4414,0.0001467364056825,0,0,0,8.893221147244,1.302397246222e-81,0,2.842667660852,-0.5332356488666,-14.12561461776,0.04107781185006,1.316203233008,-14.82571837435,-26690.18424231,5078.973187134,0,0,259239.000,2296,32,0,56901.90892593
57100,-15490099.75708,3033302.514168,21134800.52433,0,0,0,-0.6717153636064,-0.5334451004108,29451453.65229,29407472.0769395,154537215.3411,0.0001467364071345,0,0,0,8.892827037087,1.302202438497e-81,0,2.842664434569,-0.53330141048,-14.12647180657,0.04109966332363,1.316213379741,-14.8260395761,-26688.46573597,5078.64616625,0,0,259239.100,2296,32,0,57001.90723185
57200,-15490190.99549,3033043.124589,21134775.17687,0,0,0,-0.6717341792163,-0.5335109019097,29451961.50684,29407979.9306624,154539884.1345,0.0001467364085865,0,0,0,8.892432848522,1.302007617025e-81,0,2.842661209453,-0.5333671712401,-14.12732898426,0.04112151419281,1.316223527412,-14.82636069473,-26687.40350352,5078.444030136,0,0,259239.200,2296,32,0,57101.90553783
57300,-15490282.23514,3032783.735843,21134749.82483,0,0,0,-0.6717530004871,-0.5335767023726,29452469.34118,29408487.7641706,154542552.8218,0.0001467364100385,0,0,0,8.892038581567,1.301812781825e-81,0,2.842657979886,-0.533432930993,-14.12818614882,0.04114336537782,1.316233676022,-14.82668172826,-26686.3412417,5078.241888434,0,0,259239.300,2296,32,0,57201.90384388
57400,-15490373.47604,3032524.34793,21134724.46819,0,0,0,-0.6717718274194,-0.5336425017997,29452977.1553,29408995.5774621,154545221.4028,0.0001467364114905,0,0,0,8.891644236242,1.301617932921e-81,0,2.842654751252,-0.5334986900365,-14.12904330413,0.04116521658876,1.316243825571,-14.82700268057,-26685.27878412,5078.039709479,0,0,259239.400,2296,32,0,57301.90215
57500,-15490464.71818,3032264.960851,21134699.10697,0,0,0,-0.6717906600139,-0.5337083001911,29453484.9492,29409503.3705349,154547889.8775,0.0001467364129425,0,0,0,8.891249812565,1.301423070334e-81,0,2.84265152155,-0.5335644476433,-14.12990044071,0.04118706784633,1.316253976057,-14.82732354219,-26684.21625802,5077.837517485,0,0,259239.500,2296,32,0,57401.90045618
57600,-15490555.96157,3032005.574605,21134673.74115,0,0,0,-0.6718094982713,-0.5337740975468,29453992.72288,29410011.143387,154550558.246,0.0001467364143945,0,0,0,8.890855310555,1.301228194086e-81,0,2.842648290843,-0.533630204049,-14.13075756164,0.04120892253597,1.316264127483,-14.8276443162,-26683.15360468,5077.635301277,0,0,259239.600,2296,32,0,57501.89876243
57700,-15490647.20619,3031746.189192,21134648.37075,0,0,0,-0.6718283421922,-0.5338398938668,29454500.47634,29410518.8960163,154553226.5083,0.0001467364158465,0,0,0,8.89046073023,1.301033304198e-81,0,2.842645059021,-0.5336959598268,-14.13161467439,0.04123077892391,1.316274279846,-14.82796501007,-26682.0908926,5077.433073893,0,0,259239.700,2296,32,0,57601.89706875
57800,-15490738.45206,3031486.804613,21134622.99576,0,0,0,-0.6718471917773,-0.5339056891513,29455008.20957,29411026.6284209,154555894.6642,0.0001467364172985,0,0,0,8.890066071609,1.300838400693e-81,0,2.842641828161,-0.5337617146018,-14.13247177406,0.04125263254398,1.316284433147,-14.82828561892,-26681.02804349,5077.230820432,0,0,259239.800,2296,32,0,57701.89537514
57900,-15490829.69918,3031227.420868,21134597.61617,0,0,0,-0.6718660470272,-0.5339714834003,29455515.92258,29411534.3405988,154558562.7139,0.0001467364187506,0,0,0,8.889671334712,1.300643483592e-81,0,2.842638592838,-0.5338274679936,-14.1333288557,0.04127448977094,1.316294587387,-14.8286061378,-26679.96504756,5077.028539032,0,0,259239.900,2296,32,0,57801.89368159
58000,-15490920.94754,3030968.037956,21134572.232,0,0,0,-0.6718849079427,-0.5340372766139,29456023.61536,29412042.0322981,154561230.6585,0.0001467364202026,0,0,0,8.889026678834,1.300448552917e-81,0,2.842635358239,-0.5338932204374,-14.13418592499,0.04129634535531,1.316304742564,-14.82892657239,-26679.55847234,5076.95117034,0,0,259240.000,2296,32,0,57901.89198812
58100,-15491012.19714,3030708.655878,21134546.84324,0,0,0,-0.6719037745244,-0.5341030687922,29456531.28791,29412549.7040165,154563898.4956,0.0001467364216546,0,0,0,8.888631781217,1.30025360869e-81,0,2.842632122538,-0.5339589720312,-14.1350429832,0.04131820424884,1.316314898679,-14.82924692397,-26677.83880119,5076.623927802,0,0,259240.100,2296,32,0,58001.89029471
58200,-15491103.44798,3030449.274633,21134521.44989,0,0,0,-0.6719226467729,-0.5341688599351,29457038.94023,29413057.3555021,154566566.2263,0.0001467364231067,0,0,0,8.888236805385,1.300058650933e-81,0,2.842628886178,-0.5340247227745,-14.13590003032,0.04134006242207,1.316325055732,-14.82956719255,-26676.77551161,5076.421590522,0,0,259240.200,2296,32,0,58101.88860136
58300,-15491194.70007,3030189.894223,21134496.05195,0,0,0,-0.6719415246889,-0.5342346500428,29457546.57231,29413564.9867529,154569233.8506,0.0001467364245587,0,0,0,8.887841751357,1.299863679667e-81,0,2.842625650389,-0.5340904716922,-14.13675705364,0.04136192313347,1.316335213722,-14.82988736541,-26675.71215351,5076.219240203,0,0,259240.300,2296,32,0,58201.88690809
58400,-15491285.9534,3029930.514646,21134470.64942,0,0,0,-0.6719604082732,-0.5343004391154,29458054.18415,29414072.597767,154571901.3687,0.0001467364260108,0,0,0,8.88744661915,1.299668694914e-81,0,2.842622409896,-0.5341562202549,-14.13761407234,0.04138378339187,1.31634537265,-14.83020746173,-26674.64857028,5076.016847044,0,0,259240.400,2296,32,0,58301.88521488
58500,-15491377.20797,3029671.135904,21134445.2423,0,0,0,-0.6719792975262,-0.5343662271529,29458561.77576,29414580.1885422,154574568.7804,0.0001467364274628,0,0,0,8.887051408785,1.299473696697e-81,0,2.842619170589,-0.5342219676332,-14.1384710756,0.04140564411608,1.316355532516,-14.83052747072,-26673.58498705,5075.814453885,0,0,259240.500,2296,32,0,58401.88352174
58600,-15491468.46379,3029411.757995,21134419.83059,0,0,0,-0.6719981924489,-0.5344320141553,29459069.34712,29415087.7590767,154577236.0857,0.0001467364289149,0,0,0,8.886656120278,1.299278685036e-81,0,2.842615930006,-0.534287714238,-14.13932806877,0.04142750626537,1.316365693318,-14.83084739772,-26672.52125699,5075.612032786,0,0,259240.600,2296,32,0,58501.88182866
58700,-15491559.72085,3029152.38092,21134394.41429,0,0,0,-0.6720170930417,-0.5344978001228,29459576.89825,29415595.3093684,154579903.2846,0.000146736430367,0,0,0,8.886260753651,1.299083659954e-81,0,2.842612689084,-0.5343534589539,-14.14018503733,0.04144936972582,1.316375855058,-14.83116722821,-26671.45744863,5075.409596786,0,0,259240.700,2296,32,0,58601.88013566
58800,-15491650.97916,3028893.00468,21134368.9934,0,0,0,-0.6720359993053,-0.5345635850554,29460084.42912,29416102.8394153,154582570.3772,0.000146736431819,0,0,0,8.88586530892,1.298888621472e-81,0,2.842609446466,-0.5344192034457,-14.14104200296,0.04147123176005,1.316386017735,-14.8314869839,-26670.39346408,5075.207127258,0,0,259240.800,2296,32,0,58701.87844272
58900,-15491742.2387,3028633.629274,21134343.56793,0,0,0,-0.6720549112405,-0.5346293689532,29460591.93975,29416610.3492154,154585237.3633,0.0001467364332711,0,0,0,8.885469786104,1.298693569612e-81,0,2.842606205013,-0.5344849462988,-14.14189894723,0.04149309927774,1.316396181349,-14.83180664635,-26669.32947954,5075.00465773,0,0,259240.900,2296,32,0,58801.87674985
59000,-15491833.49949,3028374.254702,21134318.13786,0,0,0,-0.6720738288479,-0.5346951518162,29461099.43014,29417117.8385167,154587904.2444,0.0001467364347232,0,0,0,8.884824281203,1.298498504396e-81,0,2.84260295889,-0.5345506888772,-14.14275588793,0.04151496473468,1.316406345901,-14.83212623334,-26668.92205274,5074.927126989,0,0,259241.000,2296,32,0,58901.87505705
59100,-15491924.76153,3028114.880964,21134292.7032,0,0,0,-0.6720927521281,-0.5347609336446,29461606.90027,29417625.3078172,154590571.0177,0.0001467364361753,0,0,0,8.884428598113,1.298303425845e-81,0,2.842599713899,-0.5346164300077,-14.14361280975,0.04153683187191,1.316416511389,-14.83244572959,-26667.20110912,5074.599642307,0,0,259241.100,2296,32,0,59001.87336431
59200,-15492016.0248,3027855.508061,21134267.26396,0,0,0,-0.6721116810819,-0.5348267144382,29462114.35015,29418132.7568648,154593237.6846,0.0001467364376273,0,0,0,8.884032837001,1.298108333982e-81,0,2.842596467911,-0.5346821699177,-14.14446971566,0.04155869663431,1.316426677813,-14.83276513808,-26666.13682113,5074.397115037,0,0,259241.200,2296,32,0,59101.87167165
59300,-15492107.28932,3027596.135992,21134241.82012,0,0,0,-0.6721306157099,-0.5348924941974,29462621.77977,29418640.1856576,154595904.2451,0.0001467364390794,0,0,0,8.883636997885,1.297913228828e-81,0,2.842593220602,-0.5347479090629,-14.1453266116,0.04158056495554,1.316436845175,-14.83308446474,-26665.0724059,5074.194563553,0,0,259241.300,2296,32,0,59201.86997905
59400,-15492198.55508,3027336.764757,21134216.3717,0,0,0,-0.6721495560128,-0.534958272922,29463129.18914,29419147.5941936,154598570.6991,0.0001467364405315,0,0,0,8.883241080784,1.297718110404e-81,0,2.8425899726,-0.5348136466263,-14.14618348692,0.04160243319885,1.316447013473,-14.83340369893,-26664.00792215,5073.99199903,0,0,259241.400,2296,32,0,59301.86828651
59500,-15492289.82209,3027077.394357,21134190.91869,0,0,0,-0.6721685019912,-0.5350240506122,29463636.57825,29419654.9824707,154601237.0467,0.0001467364419836,0,0,0,8.882845085717,1.297522978734e-81,0,2.84258672527,-0.5348793835458,-14.14704035385,0.04162430450356,1.316457182708,-14.83372285289,-26662.94330136,5073.78940843,0,0,259241.500,2296,32,0,59401.86659405
59600,-15492381.09034,3026818.024792,21134165.46108,0,0,0,-0.6721874536458,-0.5350898272681,29464143.94709,29420162.350487,154603903.2877,0.0001467364434357,0,0,0,8.882449012702,1.297327833837e-81,0,2.842583473428,-0.5349451197677,-14.14789721169,0.04164617694487,1.316467352878,-14.83404192592,-26661.8784946,5073.586782441,0,0,259241.600,2296,32,0,59501.86490165
59700,-15492472.35983,3026558.656062,21134139.99889,0,0,0,-0.6722064109773,-0.5351556028896,29464651.29568,29420669.6982404,154606569.4224,0.0001467364448878,0,0,0,8.882052861759,1.297132675737e-81,0,2.842580222388,-0.5350108549395,-14.14875405584,0.04166804946464,1.316477523986,-14.83436091344,-26660.81358995,5073.384137824,0,0,259241.700,2296,32,0,59601.86320932
59800,-15492563.63056,3026299.288166,21134114.53211,0,0,0,-0.6722253739863,-0.5352213774769,29465158.624,29421177.025729,154609235.4505,0.0001467364463399,0,0,0,8.881656632906,1.296937504454e-81,0,2.842576970459,-0.5350765886735,-14.14961088125,0.04168991986281,1.316487696029,-14.83467981038,-26659.74863636,5073.181483895,0,0,259241.800,2296,32,0,59701.86151706
59900,-15492654.90254,3026039.921105,21134089.06074,0,0,0,-0.6722443426735,-0.5352871510301,29465665.93205,29421684.3329508,154611901.3721,0.0001467364477921,0,0,0,8.881260326161,1.296742320011e-81,0,2.842573717643,-0.5351423211157,-14.15046768982,0.04171179104068,1.316497869009,-14.83499861867,-26658.68358489,5072.978811339,0,0,259241.900,2296,32,0,59801.85982486
60000,-15492746.17576,3025780.554879,21134063.58478,0,0,0,-0.6722633170397,-0.5353529235491,29466173.21984,29422191.6196537,154614567.1885,0.0001467364492442,0,0,0,8.880613974825,1.296547122429e-81,0,2.842570465328,-0.5352080535173,-14.15132449786,0.04173366502568,1.316508042924,-14.83531735463,-26658.27522821,5072.901103646,0,0,259242.000,2296,32,0,59901.85813274
60100,-15492837.45022,3025521.189488,21134038.10423,0,0,0,-0.6722822970854,-0.5354186950342,29466680.48735,29422698.8863357,154617232.8971,0.0001467364506963,0,0,0,8.880217508251,1.29635191173e-81,0,2.842567208372,-0.5352737843432,-14.15218128536,0.04175554237035,1.316518217776,-14.83563599823,-26656.55308063,5072.573389858,0,0,259242.100,2296,32,0,60001.85644068
60200,-15492928.72592,3025261.824931,21134012.61909,0,0,0,-0.6723012828114,-0.5354844654852,29467187.73459,29423206.1327449,154619898.4991,0.0001467364521484,0,0,0,8.879820963848,1.296156687936e-81,0,2.842563952706,-0.5353395137259,-14.15303805405,0.04177741925141,1.316528393563,-14.83595455123,-26655.487667,5072.370648384,0,0,259242.200,2296,32,0,60101.85474869
60300,-15493020.00287,3025002.46121,21133987.12936,0,0,0,-0.6723202742182,-0.5355502349024,29467694.96156,29423713.3588792,154622563.9946,0.0001467364536006,0,0,0,8.879424341634,1.295961451068e-81,0,2.84256069575,-0.535405242667,-14.15389481698,0.04179929549238,1.316538570287,-14.83627302668,-26654.42215548,5072.167888284,0,0,259242.300,2296,32,0,60201.85305676
60400,-15493111.28106,3024743.098324,21133961.63505,0,0,0,-0.6723392713066,-0.5356160032857,29468202.16825,29424220.5647366,154625229.3835,0.0001467364550527,0,0,0,8.879027641629,1.295766201148e-81,0,2.842557438334,-0.5354709701069,-14.15475156035,0.04182117118021,1.316548747945,-14.83659141077,-26653.35654607,5071.965109557,0,0,259242.400,2296,32,0,60301.8513649
60500,-15493202.56049,3024483.736273,21133936.13614,0,0,0,-0.6723582740773,-0.5356817706352,29468709.35466,29424727.7503151,154627894.6659,0.0001467364565048,0,0,0,8.87863086385,1.295570938198e-81,0,2.842554179436,-0.5355366965011,-14.15560829009,0.04184304969641,1.31655892654,-14.83690970945,-26652.29086816,5071.762317792,0,0,259242.500,2296,32,0,60401.84967312
60600,-15493293.84117,3024224.375058,21133910.63264,0,0,0,-0.6723772825309,-0.5357475369511,29469216.52079,29425234.9156128,154630559.8417,0.000146736457957,0,0,0,8.878234008318,1.29537566224e-81,0,2.842550921359,-0.535602422314,-14.15646501224,0.04186493081065,1.31656910607,-14.83722792878,-26651.22502384,5071.559494361,0,0,259242.600,2296,32,0,60501.84798139
60700,-15493385.12309,3023965.014677,21133885.12456,0,0,0,-0.6723962966681,-0.5358133022333,29469723.66663,29425742.0606276,154633224.9109,0.0001467364594091,0,0,0,8.87783707505,1.295180373294e-81,0,2.842547658942,-0.535668146937,-14.15732171889,0.04188681114203,1.316579286535,-14.83754606083,-26650.159111,5071.356657892,0,0,259242.700,2296,32,0,60601.84628974
60800,-15493476.40625,3023705.655132,21133859.61188,0,0,0,-0.6724153164896,-0.5358790664819,29470230.7922,29426249.1853575,154635889.8735,0.0001467364608613,0,0,0,8.877440064065,1.294985071384e-81,0,2.842544397593,-0.5357338702528,-14.1581784085,0.04190869078758,1.316589467935,-14.83786410408,-26649.09309049,5071.153800935,0,0,259242.800,2296,32,0,60701.84459815
60900,-15493567.69065,3023446.296422,21133834.09462,0,0,0,-0.6724343419959,-0.5359448296971,29470737.89747,29426756.2898005,154638554.7295,0.0001467364623135,0,0,0,8.877042975383,1.294789756529e-81,0,2.842541134922,-0.5357995928599,-14.15903508887,0.04193057324027,1.316599650271,-14.83818206633,-26648.02692316,5070.950916037,0,0,259242.900,2296,32,0,60801.84290664
61000,-15493658.9763,3023186.938548,21133808.57277,0,0,0,-0.6724533731879,-0.5360105918788,29471244.98246,29427263.3737046,154641219.4802,0.0001467364637656,0,0,0,8.876395780204,1.294594428754e-81,0,2.842537871277,-0.5358653142473,-14.15989175334,0.0419524541469,1.316609833542,-14.83849994094,-26647.61773447,5070.873050019,0,0,259243.000,2296,32,0,60901.84121519
61100,-15493750.26319,3022927.58151,21133783.04633,0,0,0,-0.6724724100662,-0.5360763530271,29471752.04716,29427770.4375678,154643884.123,0.0001467364652178,0,0,0,8.875998532137,1.294399088078e-81,0,2.842534608548,-0.535931034662,-14.16074840514,0.04197434002865,1.316620017748,-14.83881773112,-26645.89448082,5070.545125753,0,0,259243.100,2296,32,0,61001.8395238
61200,-15493841.55132,3022668.225306,21133757.51529,0,0,0,-0.6724914526315,-0.5361421131421,29472259.09156,29428277.4811382,154646548.6591,0.00014673646667,0,0,0,8.875601206435,1.294203734524e-81,0,2.842531341384,-0.5359967537649,-14.16160503983,0.04199622516109,1.316630202888,-14.83913543247,-26644.82801984,5070.342184976,0,0,259243.200,2296,32,0,61101.83783249
61300,-15493932.84069,3022408.869939,21133731.97967,0,0,0,-0.6725105008844,-0.5362078722239,29472766.11567,29428784.5044137,154649213.0886,0.0001467364681221,0,0,0,8.875203803116,1.294008368113e-81,0,2.842528074905,-0.5360624723754,-14.16246166811,0.04201811012032,1.316640388964,-14.83945305567,-26643.76150013,5070.139233023,0,0,259243.300,2296,32,0,61201.83614124
61400,-15494024.13131,3022149.515407,21133706.43946,0,0,0,-0.6725295548255,-0.5362736302725,29473273.11948,29429291.5073923,154651877.4114,0.0001467364695743,0,0,0,8.874806322198,1.293812988867e-81,0,2.842524807421,-0.5361281898008,-14.16331828094,0.04203999711736,1.316650575974,-14.83977059169,-26642.6948238,5069.936251268,0,0,259243.400,2296,32,0,61301.83445006
61500,-15494115.42317,3021890.161711,21133680.89466,0,0,0,-0.6725486144557,-0.536339387288,29473780.10299,29429798.4900719,154654541.6276,0.0001467364710265,0,0,0,8.874408763701,1.293617596808e-81,0,2.842521538845,-0.5361939061686,-14.16417487998,0.04206188101594,1.316660763919,-14.84008804221,-26641.62808875,5069.733258337,0,0,259243.500,2296,32,0,61401.83275895
61600,-15494206.71627,3021630.808851,21133655.34528,0,0,0,-0.6725676797755,-0.5364051432704,29474287.0662,29430305.4524507,154657205.737,0.0001467364724787,0,0,0,8.874011127644,1.293422191957e-81,0,2.842518269577,-0.536259621138,-14.1650314608,0.04208377054348,1.316670952798,-14.84040540278,-26640.56121666,5069.530239329,0,0,259243.600,2296,32,0,61501.8310679
61700,-15494298.01061,3021371.456827,21133629.7913,0,0,0,-0.6725867507857,-0.5364708982199,29474794.00911,29430812.3945266,154659869.7398,0.0001467364739309,0,0,0,8.873613414044,1.293226774336e-81,0,2.842515000965,-0.5363253353,-14.16588803109,0.0421056592883,1.316681142612,-14.84072268113,-26639.49424669,5069.327201694,0,0,259243.700,2296,32,0,61601.82937693
61800,-15494389.3062,3021112.105639,21133604.23273,0,0,0,-0.6726058274868,-0.5365366521365,29475300.93172,29431319.3162976,154662533.6358,0.0001467364753831,0,0,0,8.873215622921,1.293031343966e-81,0,2.842511727633,-0.5363910484135,-14.16674458771,0.04212754900487,1.31669133336,-14.84103987411,-26638.42709075,5069.12412867,0,0,259243.800,2296,32,0,61701.82768602
61900,-15494480.60303,3020852.755287,21133578.66958,0,0,0,-0.6726249098797,-0.5366024050202,29475807.83401,29431826.2177617,154665197.4252,0.0001467364768353,0,0,0,8.872817754294,1.29283590087e-81,0,2.842508455176,-0.5364567607802,-14.1676011346,0.04214944013108,1.316701525043,-14.84135698565,-26637.35988586,5068.921046332,0,0,259243.900,2296,32,0,61801.82599518
62000,-15494571.9011,3020593.405771,21133553.10183,0,0,0,-0.6726439979649,-0.5366681568711,29476314.716,29432333.0986668,154667861.1091,0.0001467364782875,0,0,0,8.872169717869,1.292640445069e-81,0,2.8425051819,-0.5365224717858,-14.16845766375,0.04217132995682,1.316711717659,-14.84167400777,-26636.94971834,5068.842994049,0,0,259244.000,2296,32,0,61901.8243044
62100,-15494663.20041,3020334.057091,21133527.5295,0,0,0,-0.6726630917431,-0.5367339076893,29476821.57768,29432839.9595111,154670524.685,0.0001467364797397,0,0,0,8.871771690305,1.292444976585e-81,0,2.842501908101,-0.5365881814775,-14.16931417577,0.04219322370372,1.31672191121,-14.84199094108,-26635.22524116,5068.514836952,0,0,259244.100,2296,32,0,62001.8226137
62200,-15494754.50097,3020074.709247,21133501.95257,0,0,0,-0.672682191215,-0.5367996574749,29477328.41904,29433346.8000424,154673188.1542,0.0001467364811919,0,0,0,8.871373585298,1.292249495438e-81,0,2.842498632514,-0.5366538907013,-14.17017068169,0.04221511543264,1.316732105695,-14.84230779661,-26634.15771326,5068.311693147,0,0,259244.200,2296,32,0,62101.82092306
62300,-15494845.80276,3019815.362239,21133476.37106,0,0,0,-0.6727012963813,-0.5368654062279,29477835.24009,29433853.620259,154675851.5166,0.0001467364826441,0,0,0,8.870975402868,1.292054001651e-81,0,2.842495357832,-0.536719599104,-14.17102717691,0.04223700818219,1.316742301113,-14.84262456977,-26633.09009726,5068.108532578,0,0,259244.300,2296,32,0,62201.81923249
62400,-15494937.1058,3019556.016068,21133450.78496,0,0,0,-0.6727204072427,-0.5369311539484,29478342.04083,29434360.4201586,154678514.7722,0.0001467364840964,0,0,0,8.870577143033,1.291858495247e-81,0,2.842492078899,-0.5367853055842,-14.17188364707,0.04225890482478,1.316752497465,-14.84294124621,-26632.02242254,5067.905360833,0,0,259244.400,2296,32,0,62301.81754199
62500,-15495028.41008,3019296.670733,21133425.19427,0,0,0,-0.6727395237998,-0.5369969006364,29478848.82124,29434867.1997392,154681177.9211,0.0001467364855486,0,0,0,8.870178805813,1.291662976244e-81,0,2.842488801056,-0.5368510116859,-14.1727401123,0.04228080066776,1.316762694751,-14.84325784605,-26630.95465972,5067.702172324,0,0,259244.500,2296,32,0,62401.81585155
62600,-15495119.71561,3019037.326235,21133399.59899,0,0,0,-0.6727586460533,-0.5370626462921,29479355.58133,29435373.958999,154683840.9632,0.0001467364870008,0,0,0,8.869780391226,1.291467444667e-81,0,2.842485522063,-0.5369167165857,-14.17359656186,0.04230269760793,1.316772892971,-14.84357435858,-26629.88670113,5067.498946562,0,0,259244.600,2296,32,0,62501.81416119
62700,-15495211.02237,3018777.982573,21133373.99912,0,0,0,-0.6727777740039,-0.5371283909154,29479862.32111,29435880.6979359,154686503.8984,0.0001467364884531,0,0,0,8.86938189929,1.291271900536e-81,0,2.842482242135,-0.5369824200451,-14.17445299265,0.04232459363122,1.316783092124,-14.84389078068,-26628.8186936,5067.295711488,0,0,259244.700,2296,32,0,62601.81247089
62800,-15495302.33038,3018518.639748,21133348.39466,0,0,0,-0.6727969076522,-0.5371941345065,29480369.04055,29436387.4165479,154689166.7269,0.0001467364899053,0,0,0,8.868983330025,1.291076343874e-81,0,2.842478962695,-0.5370481231416,-14.1753094187,0.04234649164708,1.31679329221,-14.84420712641,-26627.75063714,5067.092467099,0,0,259244.800,2296,32,0,62701.81078065
62900,-15495393.63963,3018259.297759,21133322.78561,0,0,0,-0.6728160469991,-0.5372598770653,29480875.73967,29436894.1148331,154691829.4486,0.0001467364913576,0,0,0,8.86858468345,1.2908807747e-81,0,2.842475678907,-0.5371138251501,-14.17616583057,0.04236839080058,1.31680349323,-14.84452338633,-26626.68241427,5066.889191046,0,0,259244.900,2296,32,0,62801.80909049
63000,-15495484.95013,3017999.956607,21133297.17198,0,0,0,-0.672835192045,-0.5373256185921,29481382.41846,29437400.7925391,154694492.0647,0.0001467364928098,0,0,0,8.867935808379,1.290685193038e-81,0,2.842472395838,-0.5371795258114,-14.17702222489,0.0423902916128,1.316813695183,-14.84483955706,-26626.27138539,5066.810974851,0,0,259245.000,2296,32,0,62901.8074004
63100,-15495576.26186,3017740.616292,21133271.55375,0,0,0,-0.6728543427907,-0.5373913590868,29481889.07692,29437907.4501644,154697154.5727,0.0001467364942621,0,0,0,8.867537003313,1.290489598909e-81,0,2.842469112062,-0.5372452253056,-14.17787860399,0.04241219319797,1.316823898069,-14.84515564096,-26624.54562594,5066.482573748,0,0,259245.100,2296,32,0,63001.80571037
63200,-15495667.57484,3017481.276814,21133245.93093,0,0,0,-0.6728734992369,-0.5374570985495,29482395.71505,29438414.0874569,154699816.9738,0.0001467364957143,0,0,0,8.867138120999,1.290293992334e-81,0,2.842465826957,-0.5373109239035,-14.1787349714,0.04243409410046,1.316834101889,-14.84547164155,-26623.47707027,5066.279234365,0,0,259245.200,2296,32,0,63101.80402041
63300,-15495758.88905,3017221.938172,21133220.30353,0,0,0,-0.6728926613843,-0.5375228369803,29482902.33284,29438920.7044144,154702479.2681,0.0001467364971666,0,0,0,8.866739161456,1.290098373336e-81,0,2.84246254099,-0.5373766218072,-14.17959132977,0.04245599661442,1.316844306641,-14.84578756149,-26622.40846566,5066.075885668,0,0,259245.300,2296,32,0,63201.80233052
63400,-15495850.20451,3016962.600367,21133194.67154,0,0,0,-0.6729118292335,-0.5375885743793,29483408.93029,29439427.3010351,154705141.4555,0.0001467364986189,0,0,0,8.866340124702,1.289902741935e-81,0,2.842459255693,-0.5374423181876,-14.18044766828,0.04247790054803,1.316854512326,-14.84610338997,-26621.33965549,5065.872497857,0,0,259245.400,2296,32,0,63301.80064069
63500,-15495941.52122,3016703.2634,21133169.03496,0,0,0,-0.6729310027852,-0.5376543107464,29483915.50741,29439933.8773168,154707803.536,0.0001467365000711,0,0,0,8.865941010756,1.289707098153e-81,0,2.842455965933,-0.5375080139837,-14.18130399918,0.0424998039346,1.316864718944,-14.84641913924,-26620.27080618,5065.669102594,0,0,259245.500,2296,32,0,63401.79895094
63600,-15496032.83916,3016443.927269,21133143.39378,0,0,0,-0.6729501820401,-0.5377200460818,29484422.06419,29440440.4332577,154710465.5096,0.0001467365015234,0,0,0,8.865541819637,1.289511442012e-81,0,2.842452677234,-0.537573708519,-14.18216031364,0.04252171195143,1.316874926494,-14.84673480048,-26619.20178067,5065.465673804,0,0,259245.600,2296,32,0,63501.79726125
63700,-15496124.15835,3016184.591976,21133117.74802,0,0,0,-0.6729693669989,-0.5377857803856,29484928.60062,29440946.9688557,154713127.3764,0.0001467365029757,0,0,0,8.865142551364,1.289315773533e-81,0,2.842449387274,-0.5376394023622,-14.18301661908,0.04254361479511,1.316885134977,-14.84705038112,-26618.13273559,5065.262241289,0,0,259245.700,2296,32,0,63601.79557163
63800,-15496215.47877,3015925.257519,21133092.09768,0,0,0,-0.6729885576623,-0.5378515136578,29485435.11671,29441453.4841088,154715789.1362,0.000146736504428,0,0,0,8.864743205956,1.289120092739e-81,0,2.842446096915,-0.5377050945508,-14.18387290295,0.04256552414066,1.316895344392,-14.84736586861,-26617.06355347,5065.058782697,0,0,259245.800,2296,32,0,63701.79388207
63900,-15496306.80044,3015665.9239,21133066.44274,0,0,0,-0.6730077540308,-0.5379172458984,29485941.61245,29441959.979015,154718450.7891,0.0001467365058803,0,0,0,8.864343783432,1.28892439965e-81,0,2.842442804692,-0.5377707861498,-14.18472917914,0.04258742891472,1.31690555474,-14.84768127684,-26615.99422452,5064.855296165,0,0,259245.900,2296,32,0,63801.79219259
64000,-15496398.12336,3015406.591119,21133040.78321,0,0,0,-0.6730269561053,-0.5379829771076,29486448.08784,29442466.4533222,154721112.3364,0.0001467365073326,0,0,0,8.863694072318,1.288728694288e-81,0,2.842439513974,-0.5378364763594,-14.18558543722,0.04260933838078,1.31691576602,-14.8479965954,-26615.58228534,5064.776906744,0,0,259246.000,2296,32,0,63901.79050317
64100,-15496489.44751,3015147.259174,21133015.11909,0,0,0,-0.6730461638864,-0.5380487072853,29486954.54288,29442972.9075287,154723773.7754,0.0001467365087849,0,0,0,8.863294491751,1.288532976675e-81,0,2.842436218271,-0.5379021657414,-14.1864416845,0.04263125000696,1.316925978233,-14.8483118316,-26613.85537087,5064.448285848,0,0,259246.100,2296,32,0,64001.78881382
64200,-15496580.7729,3014887.928067,21132989.45039,0,0,0,-0.6730653773747,-0.5381144364318,29487460.97757,29443479.3413823,154726435.1074,0.0001467365102372,0,0,0,8.862894834129,1.288337246832e-81,0,2.842432923808,-0.5379678541225,-14.18729791875,0.04265315933564,1.316936191377,-14.84862698321,-26612.78578744,5064.244750887,0,0,259246.200,2296,32,0,64101.78712454
64300,-15496672.09954,3014628.597798,21132963.77709,0,0,0,-0.6730845965711,-0.538180164547,29487967.3919,29443985.7548811,154729096.3325,0.0001467365116895,0,0,0,8.862495099472,1.288141504781e-81,0,2.84242962821,-0.5380335414686,-14.1881541395,0.04267507036841,1.316946405454,-14.84894204978,-26611.71610611,5064.0411973,0,0,259246.300,2296,32,0,64201.78543533
64400,-15496763.42742,3014369.268366,21132938.09921,0,0,0,-0.673103821476,-0.5382458916309,29488473.78588,29444492.148023,154731757.4507,0.0001467365131418,0,0,0,8.862095287799,1.287945750544e-81,0,2.842426331561,-0.5380992280548,-14.18901035034,0.04269698300085,1.316956620462,-14.8492570349,-26610.64632691,5063.837625086,0,0,259246.400,2296,32,0,64301.78374618
64500,-15496854.75654,3014109.939771,21132912.41674,0,0,0,-0.6731230520903,-0.5383116176838,29488980.1595,29444998.520806,154734418.4618,0.0001467365145941,0,0,0,8.861695399128,1.287749984141e-81,0,2.842423035737,-0.5381649128872,-14.18986653833,0.04271889423596,1.316966836402,-14.84957192562,-26609.57651834,5063.634047285,0,0,259246.500,2296,32,0,64401.7820571
64600,-15496946.0869,3013850.612015,21132886.72968,0,0,0,-0.6731422884145,-0.5383773427055,29489486.51276,29445504.8732282,154737079.3659,0.0001467365160464,0,0,0,8.861295433478,1.287554205595e-81,0,2.842419735338,-0.5382305973178,-14.19072272108,0.04274080790497,1.316977053274,-14.84988673958,-26608.50645528,5063.430421054,0,0,259246.600,2296,32,0,64501.78036809
64700,-15497037.4185,3013591.285096,21132861.03803,0,0,0,-0.6731615304495,-0.5384430666963,29489992.84565,29446011.2052875,154739740.1631,0.0001467365174988,0,0,0,8.860895390869,1.287358414927e-81,0,2.842416435905,-0.5382962802633,-14.19157888447,0.04276272258837,1.316987271078,-14.85020146265,-26607.43630412,5063.22677806,0,0,259246.700,2296,32,0,64601.77867915
64800,-15497128.75135,3013331.959015,21132835.34179,0,0,0,-0.6731807781958,-0.5385087896561,29490499.15818,29446517.516982,154742400.8532,0.0001467365189511,0,0,0,8.860495271319,1.287162612159e-81,0,2.842413135413,-0.5383619625047,-14.19243503868,0.04278464036037,1.316997489813,-14.85051610503,-26606.36609424,5063.02312389,0,0,259246.800,2296,32,0,64701.77699028
64900,-15497220.08543,3013072.633771,21132809.64096,0,0,0,-0.6732000316541,-0.5385745115851,29491005.45034,29447023.8083097,154745061.4363,0.0001467365204034,0,0,0,8.860095074847,1.286966797312e-81,0,2.842409833626,-0.5384276436509,-14.19329117862,0.04280655587636,1.317007709479,-14.85083066163,-26605.29572774,5062.819439918,0,0,259246.900,2296,32,0,64801.77530147
65000,-15497311.42076,3012813.309366,21132783.93554,0,0,0,-0.6732192908252,-0.5386402324832,29491511.72214,29447530.0790182,154747721.9137,0.0001467365218558,0,0,0,8.859444530299,1.286770970407e-81,0,2.842406531244,-0.5384933238872,-14.1941473067,0.04282847468978,1.317017930077,-14.85114513485,-26604.88294676,5062.740890309,0,0,259247.000,2296,32,0,64901.77361273
65100,-15497402.75733,3012553.985798,21132758.22554,0,0,0,-0.6732385557097,-0.5387059523506,29492017.97356,29448036.3296062,154750382.2827,0.0001467365233081,0,0,0,8.859044176231,1.286575131467e-81,0,2.842403229228,-0.5385590027358,-14.19500341668,0.04285039069681,1.317028151606,-14.85145951849,-26603.15473046,5062.412021682,0,0,259247.100,2296,32,0,65001.77192406
65200,-15497494.09514,3012294.663069,21132732.51094,0,0,0,-0.6732578263083,-0.5387716711874,29492524.20461,29448542.5598214,154753042.5446,0.0001467365247605,0,0,0,8.858643745304,1.286379280513e-81,0,2.842399923136,-0.538624680635,-14.1958595143,0.04287230982875,1.317038374067,-14.85177381827,-26602.08405073,5062.208278105,0,0,259247.200,2296,32,0,65101.77023546
65300,-15497585.43419,3012035.341177,21132706.79176,0,0,0,-0.6732771026216,-0.5388373889935,29493030.41529,29449048.7696617,154755702.6995,0.0001467365262128,0,0,0,8.858243237536,1.286183417566e-81,0,2.842396617572,-0.5386903578313,-14.19671560275,0.04289423068721,1.317048597458,-14.85208803739,-26601.01334164,5062.00452894,0,0,259247.300,2296,32,0,65201.76854693
65400,-15497676.77449,3011776.020124,21132681.06798,0,0,0,-0.6732963846504,-0.5389031057691,29493536.60559,29449554.9591252,154758362.7473,0.0001467365276652,0,0,0,8.857842652947,1.285987542647e-81,0,2.842393311586,-0.5387560336378,-14.19757167308,0.04291615138742,1.31705882178,-14.85240216691,-26599.94248573,5061.800751835,0,0,259247.400,2296,32,0,65301.76685846
65500,-15497768.11602,3011516.699909,21132655.33962,0,0,0,-0.6733156723954,-0.5389688215142,29494042.77551,29450061.1282099,154761022.688,0.0001467365291175,0,0,0,8.857441991554,1.285791655779e-81,0,2.84239000411,-0.5388217086123,-14.19842773257,0.04293807379064,1.317069047034,-14.85271621412,-26598.87160045,5061.596969143,0,0,259247.500,2296,32,0,65401.76517006
65600,-15497859.4588,3011257.380532,21132629.60667,0,0,0,-0.6733349658572,-0.5390345362288,29494548.92505,29450567.2769138,154763682.5216,0.0001467365305699,0,0,0,8.857041253377,1.285595756983e-81,0,2.842386697302,-0.5388873825586,-14.19928377866,0.04295999453107,1.317079273218,-14.85303017646,-26597.80047047,5061.393139884,0,0,259247.600,2296,32,0,65501.76348173
65700,-15497950.80282,3010998.061994,21132603.86913,0,0,0,-0.6733542650365,-0.5391002499132,29495055.05421,29451073.4052349,154766342.2481,0.0001467365320223,0,0,0,8.856640438435,1.285399846281e-81,0,2.842383386109,-0.5389530551518,-14.20013980711,0.04298191718066,1.317089500333,-14.85334404969,-26596.72928176,5061.189299449,0,0,259247.700,2296,32,0,65601.76179347
65800,-15498042.14808,3010738.744294,21132578.127,0,0,0,-0.673373569934,-0.5391659625672,29495561.16298,29451579.5131712,154769001.8674,0.0001467365334746,0,0,0,8.856239546747,1.285203923693e-81,0,2.842380075899,-0.5390187270731,-14.2009958268,0.04300384344739,1.317099728378,-14.85365784272,-26595.6580441,5060.985449702,0,0,259247.800,2296,32,0,65701.76010528
65900,-15498133.49458,3010479.427433,21132552.38029,0,0,0,-0.6733928805504,-0.5392316741911,29496067.25137,29452085.6007207,154771661.3797,0.000146736534927,0,0,0,8.855838578331,1.285007989241e-81,0,2.842376764699,-0.5390843980405,-14.20185183406,0.04302576740776,1.317109957354,-14.85397155185,-26594.58664005,5060.781568289,0,0,259247.900,2296,32,0,65801.75841715
66000,-15498224.84232,3010220.111409,21132526.62898,0,0,0,-0.6734121968863,-0.5392973847847,29496573.31936,29452591.6676311,154774320.7861,0.0001467365363794,0,0,0,8.85518720296,1.284812042948e-81,0,2.842373452648,-0.5391500674676,-14.20270782124,0.04304769424514,1.31712018726,-14.85428516947,-26594.17292918,5060.702841729,0,0,259248.000,2296,48,0,65901.75672909
66100,-15498316.1913,3009960.796225,21132500.87308,0,0,0,-0.6734315189425,-0.5393630943483,29497079.36697,29453097.714401,154776980.084,0.0001467365378318,0,0,0,8.854786077397,1.284616084834e-81,0,2.842370139256,-0.539215736502,-14.20356380331,0.0430696215942,1.317130418097,-14.85459871053,-26592.44357744,5060.373757035,0,0,259248.100,2296,48,0,66001.7550411
66200,-15498407.54153,3009701.481879,21132475.1126,0,0,0,-0.6734508467197,-0.5394288028819,29497585.39418,29453603.7407782,154779639.2748,0.0001467365392842,0,0,0,8.85438487517,1.28442011492e-81,0,2.842366826616,-0.5392814041014,-14.20441976666,0.04309154897101,1.317140649864,-14.85491216145,-26591.37192868,5060.169829056,0,0,259248.200,2296,48,0,66101.75335318
66300,-15498498.89299,3009442.168372,21132449.34753,0,0,0,-0.6734701802185,-0.5394945103855,29498091.401,29454109.7467606,154782298.3584,0.0001467365407366,0,0,0,8.853983596296,1.284224133229e-81,0,2.84236350985,-0.5393470708566,-14.20527571902,0.04311347870708,1.317150882561,-14.85522552994,-26590.30015267,5059.965876862,0,0,259248.300,2296,48,0,66201.75166532
66400,-15498590.2457,3009182.855704,21132423.57786,0,0,0,-0.6734895194395,-0.5395602168593,29498597.38743,29454615.7323462,154784957.3348,0.000146736542189,0,0,0,8.853582240796,1.284028139782e-81,0,2.842360193598,-0.5394127366069,-14.20613165827,0.04313540682385,1.317161116188,-14.85553881392,-26589.22822005,5059.761894867,0,0,259248.400,2296,48,0,66301.74997754
66500,-15498681.59965,3008923.543874,21132397.80361,0,0,0,-0.6735088643836,-0.5396259223032,29499103.35345,29455121.6975331,154787616.204,0.0001467365436414,0,0,0,8.853180808687,1.283832134601e-81,0,2.842356876518,-0.539478401015,-14.20698758003,0.04315733814887,1.317171350745,-14.85585200899,-26588.15626785,5059.557909146,0,0,259248.500,2296,48,0,66401.74828982
66600,-15498772.95484,3008664.232883,21132372.02477,0,0,0,-0.6735282150514,-0.5396916267173,29499609.29907,29455627.6423193,154790274.9661,0.0001467365450938,0,0,0,8.852779299989,1.283636117706e-81,0,2.8423535584,-0.5395440646616,-14.20784349187,0.04317926845681,1.317181586232,-14.85616512272,-26587.08413946,5059.353889897,0,0,259248.600,2296,48,0,66501.74660217
66700,-15498864.31127,3008404.922732,21132346.24135,0,0,0,-0.6735475714435,-0.5397573301018,29500115.22429,29456133.5667027,154792933.6209,0.0001467365465462,0,0,0,8.85237771472,1.283440089119e-81,0,2.842350239169,-0.5396097271597,-14.20869938873,0.04320120049466,1.317191822649,-14.85647815008,-26586.01192298,5059.149853885,0,0,259248.700,2296,48,0,66601.74491459
66800,-15498955.66894,3008145.613419,21132320.45333,0,0,0,-0.6735669335606,-0.5398230324566,29500621.12911,29456639.4706814,154795592.1684,0.0001467365479986,0,0,0,8.8519760529,1.283244048862e-81,0,2.842346920509,-0.5396753887078,-14.20955527321,0.04322313340621,1.317202059995,-14.85679109366,-26584.93954989,5058.945788071,0,0,259248.800,2296,48,0,66701.74322707
66900,-15499047.02785,3007886.304945,21132294.66072,0,0,0,-0.6735863014036,-0.5398887337819,29501127.01352,29457145.3542534,154798250.6088,0.0001467365494511,0,0,0,8.851574314547,1.283047996956e-81,0,2.842343597681,-0.5397410494281,-14.2104111469,0.04324506791648,1.317212298271,-14.85710395507,-26583.8670887,5058.741705492,0,0,259248.900,2296,48,0,66801.74153963
67000,-15499138.388,3007626.997311,21132268.86353,0,0,0,-0.6736056749729,-0.5399544340777,29501632.87752,29457651.2171662,154800908.9432,0.0001467365509035,0,0,0,8.850922110968,1.282851933424e-81,0,2.842340275628,-0.5398067083923,-14.2112669977,0.04326699970625,1.317222537476,-14.8574167222,-26583.45251647,5058.662815019,0,0,259249.000,2296,48,0,66901.73985225
67100,-15499229.7494,3007367.690515,21132243.06174,0,0,0,-0.6736250542694,-0.540020133344,29502138.72111,29458157.0599188,154803567.169,0.0001467365523559,0,0,0,8.850520215918,1.282655858285e-81,0,2.842336952977,-0.5398723667705,-14.21212284086,0.04328893820224,1.317232777611,-14.85772941031,-26581.72197056,5058.333503082,0,0,259249.100,2296,48,0,67001.73816494
67200,-15499321.11203,3007108.384559,21132217.25537,0,0,0,-0.6736444392937,-0.540085831581,29502644.54429,29458662.8822586,154806225.2876,0.0001467365538084,0,0,0,8.850118244398,1.282459771561e-81,0,2.842333628522,-0.5399380243441,-14.21297867353,0.04331087459542,1.317243018675,-14.85804201657,-26580.64912763,5058.129347861,0,0,259249.200,2296,48,0,67101.7364777
67300,-15499412.47591,3006849.079442,21132191.44441,0,0,0,-0.6736638300464,-0.5401515287887,29503150.34705,29459168.6841838,154808883.2988,0.0001467365552608,0,0,0,8.849716196426,1.282263673275e-81,0,2.84233030524,-0.5400036807473,-14.21383449095,0.04333281265519,1.317253260669,-14.85835453621,-26579.57631406,5057.925198227,0,0,259249.300,2296,48,0,67201.73479053
67400,-15499503.84103,3006589.775165,21132165.62886,0,0,0,-0.6736832265284,-0.5402172249671,29503656.12939,29459674.4656923,154811541.2028,0.0001467365567132,0,0,0,8.849314072023,1.282067563447e-81,0,2.842326977518,-0.5400693360305,-14.21469029377,0.04335475031528,1.317263503591,-14.85866696989,-26578.5034124,5057.72103183,0,0,259249.400,2296,48,0,67301.73310342
67500,-15499595.20738,3006330.471727,21132139.80872,0,0,0,-0.6737026287402,-0.5402829201164,29504161.89132,29460180.226782,154814198.9995,0.0001467365581657,0,0,0,8.848911871206,1.281871442099e-81,0,2.842323650916,-0.5401349903045,-14.21554608343,0.04337668701644,1.317273747443,-14.85897931906,-26577.43040307,5057.516844943,0,0,259249.500,2296,48,0,67401.73141638
67600,-15499686.57498,3006071.169128,21132113.98399,0,0,0,-0.6737220366826,-0.5403486142365,29504667.63283,29460685.9674512,154816856.6889,0.0001467365596181,0,0,0,8.848509593996,1.281675309253e-81,0,2.842320322953,-0.540200643782,-14.21640186271,0.04339862835313,1.317283992223,-14.8592915865,-26576.35723713,5057.312628254,0,0,259249.600,2296,48,0,67501.72972941
67700,-15499777.94382,3005811.867369,21132088.15468,0,0,0,-0.6737414503562,-0.5404143073277,29505173.35391,29461191.6876977,154819514.271,0.0001467365610706,0,0,0,8.848107240409,1.281479164929e-81,0,2.842316993968,-0.5402662957987,-14.21725762295,0.0434205700992,1.317294237932,-14.85960376356,-26575.28393415,5057.108385488,0,0,259249.700,2296,48,0,67601.72804251
67800,-15499869.3139,3005552.56645,21132062.32077,0,0,0,-0.6737608697617,-0.5404799993898,29505679.05457,29461697.3875195,154822171.7457,0.0001467365625231,0,0,0,8.847704810466,1.281283009149e-81,0,2.842313663874,-0.5403319472617,-14.21811337598,0.04344251322478,1.31730448457,-14.85991586208,-26574.21066053,5056.90414831,0,0,259249.800,2296,48,0,67701.72635568
67900,-15499960.68522,3005293.26637,21132036.48228,0,0,0,-0.6737802948999,-0.5405456904231,29506184.73481,29462203.0669147,154824829.1131,0.0001467365639755,0,0,0,8.847302304186,1.281086841936e-81,0,2.842310334937,-0.5403975971066,-14.21896910791,0.04346445474339,1.317314732137,-14.86022786817,-26573.13716179,5056.699868292,0,0,259249.900,2296,48,0,67801.72466891
68000,-15500052.05779,3005033.96713,21132010.6392,0,0,0,-0.6737997257714,-0.5406113804275,29506690.39461,29462708.7256308,154827486.3744,0.000146736565428,0,0,0,8.846649275016,1.280890663309e-81,0,2.842307001304,-0.5404632463202,-14.21982483161,0.04348639677035,1.317324980632,-14.86053979471,-26572.72168904,5056.620806456,0,0,259250.000,2296,48,0,67901.72298222
68100,-15500143.43159,3004774.66873,21131984.79152,0,0,0,-0.673819162377,-0.5406770694031,29507196.03398,29463214.3641668,154830143.5271,0.0001467365668805,0,0,0,8.846246612489,1.280694473291e-81,0,2.842303668424,-0.5405288945706,-14.22068054276,0.04350834197361,1.317335230056,-14.86085163738,-26570.98990002,5056.291257963,0,0,259250.100,2296,48,0,68001.72129559
68200,-15500234.80663,3004515.37117,21131958.93926,0,0,0,-0.6738386047172,-0.54074275735,29507701.65293,29463719.9822701,154832800.5724,0.000146736568333,0,0,0,8.845843873686,1.280498271902e-81,0,2.842300334606,-0.5405945415455,-14.22153623728,0.04353028696853,1.317345480408,-14.86116339211,-26569.91610763,5056.086922064,0,0,259250.200,2296,48,0,68101.71960903
68300,-15500326.18292,3004256.074449,21131933.08242,0,0,0,-0.6738580527928,-0.5408084442683,29508207.25143,29464225.5799389,154835457.5103,0.0001467365697854,0,0,0,8.845441058628,1.280302059166e-81,0,2.842296999804,-0.540660187451,-14.22239191786,0.04355223420838,1.317355731688,-14.86147506161,-26568.84222714,5055.882569402,0,0,259250.300,2296,48,0,68201.71792254
68400,-15500417.56044,3003996.778569,21131907.22098,0,0,0,-0.6738775066045,-0.540874130158,29508712.8295,29464731.1571711,154838114.3409,0.0001467365712379,0,0,0,8.845038167332,1.280105835101e-81,0,2.842293663873,-0.5407258328391,-14.2232475917,0.04357418210918,1.317365983897,-14.86178665305,-26567.76828792,5055.678205565,0,0,259250.400,2296,48,0,68301.71623611
68500,-15500508.93921,3003737.483528,21131881.35495,0,0,0,-0.6738969661529,-0.5409398150191,29509218.38713,29465236.7139646,154840771.064,0.0001467365726904,0,0,0,8.844635199819,1.279909599731e-81,0,2.8422903287,-0.5407914764305,-14.22410324212,0.04359612905168,1.317376237033,-14.8620981498,-26566.69414315,5055.473802611,0,0,259250.500,2296,48,0,68401.71454976
68600,-15500600.31921,3003478.189328,21131855.48434,0,0,0,-0.6739164314388,-0.5410054988519,29509723.92433,29465742.2503177,154843427.6797,0.0001467365741429,0,0,0,8.844232156107,1.279713353077e-81,0,2.842286989222,-0.5408571192967,-14.22495888308,0.04361807729591,1.317386491098,-14.8624095658,-26565.61987113,5055.269375443,0,0,259250.600,2296,48,0,68501.71286347
68700,-15500691.70046,3003218.895968,21131829.60913,0,0,0,-0.6739359024629,-0.5410711816562,29510229.44108,29466247.7662281,154846084.188,0.0001467365755954,0,0,0,8.843829036214,1.279517095159e-81,0,2.842283650383,-0.5409227615038,-14.22581451546,0.04364002693614,1.31739674609,-14.86272090193,-26564.54557954,5055.06494455,0,0,259250.700,2296,48,0,68601.71117725
68800,-15500783.08295,3002959.603448,21131803.72934,0,0,0,-0.6739553792258,-0.5411368634322,29510734.93738,29466753.261694,154848740.5888,0.0001467365770479,0,0,0,8.843425840161,1.279320826e-81,0,2.842280311032,-0.5409884022245,-14.22667012846,0.0436619775699,1.317407002011,-14.86303214741,-26563.47115091,5054.86048758,0,0,259250.800,2296,48,0,68701.7094911
68900,-15500874.46667,3002700.311768,21131777.84496,0,0,0,-0.6739748617282,-0.54120254418,29511240.41324,29467258.7367134,154851396.8822,0.0001467365785004,0,0,0,8.843022567965,1.27912454562e-81,0,2.84227696983,-0.5410540422849,-14.22752680112,0.04368393083847,1.317417258859,-14.8633443813,-26562.39660482,5054.656008258,0,0,259250.900,2296,48,0,68801.70780502
69000,-15500965.85164,3002441.020929,21131751.95599,0,0,0,-0.6739943499709,-0.5412682238995,29511745.86865,29467764.1910337,154854053.0694,0.000146736579953,0,0,0,8.842368715827,1.278928254041e-81,0,2.842273629843,-0.5411196809315,-14.22841790592,0.04370588059886,1.317427516634,-14.86369097605,-26561.98020218,5054.576769471,0,0,259251.000,2296,48,0,68901.706119
69100,-15501057.23785,3002181.73093,21131726.06243,0,0,0,-0.6740138439545,-0.541333902591,29512251.30361,29468269.6251541,154856709.1479,0.0001467365814055,0,0,0,8.841965287834,1.278731951285e-81,0,2.842270285535,-0.5411853187678,-14.22930899971,0.04372783467639,1.317437775337,-14.86403748855,-26560.24725815,5054.247001186,0,0,259251.100,2296,48,0,69001.70443305
69200,-15501148.6253,3001922.441771,21131700.16429,0,0,0,-0.6740333436797,-0.5413995802544,29512756.71811,29468775.0388219,154859365.1189,0.000146736582858,0,0,0,8.841561783762,1.278535637373e-81,0,2.84226694201,-0.5412509555305,-14.23020007893,0.04374978715102,1.317448034968,-14.86438391522,-26559.17243799,5054.04246971,0,0,259251.200,2296,48,0,69101.70274718
69300,-15501240.01399,3001663.153454,21131674.26155,0,0,0,-0.6740528491472,-0.5414652568898,29513262.11217,29469280.4320352,154862020.9824,0.0001467365843105,0,0,0,8.84115820363,1.278339312326e-81,0,2.842263597233,-0.5413165911901,-14.23109114317,0.04377174435645,1.317458295526,-14.86473025567,-26558.09751016,5053.837917745,0,0,259251.300,2296,48,0,69201.70106137
69400,-15501331.40392,3001403.865976,21131648.35423,0,0,0,-0.6740723603577,-0.5415309324972,29513767.48576,29469785.8047921,154864676.7384,0.0001467365857631,0,0,0,8.840754547456,1.278142976166e-81,0,2.842260251601,-0.541382225811,-14.23198219332,0.04379369902901,1.317468557011,-14.86507651079,-26557.02245508,5053.633341566,0,0,259251.400,2296,48,0,69301.69937562
69500,-15501422.79509,3001144.579339,21131622.44231,0,0,0,-0.6740918773119,-0.5415966070768,29514272.8389,29470291.1570905,154867332.3869,0.0001467365872156,0,0,0,8.840350815259,1.277946628913e-81,0,2.842256905015,-0.5414478594877,-14.23287323064,0.04381565532746,1.317478819424,-14.86542268186,-26555.94742937,5053.428770974,0,0,259251.500,2296,48,0,69401.69768995
69600,-15501514.1875,3000885.293543,21131596.52581,0,0,0,-0.6741114000105,-0.5416622806286,29514778.17158,29470796.4889284,154869987.9279,0.0001467365886681,0,0,0,8.839947007059,1.27775027059e-81,0,2.84225355917,-0.5415134922802,-14.23376425596,0.04383761450227,1.317489082763,-14.8657687697,-26554.87215895,5053.224153817,0,0,259251.600,2296,48,0,69501.69600434
69700,-15501605.58115,3000626.008588,21131570.60472,0,0,0,-0.6741309284542,-0.5417279531527,29515283.48379,29471301.8003039,154872643.3613,0.0001467365901207,0,0,0,8.839543122874,1.277553901217e-81,0,2.842250208623,-0.5415791242167,-14.23465526966,0.04385957175253,1.31749934703,-14.86611477471,-26553.79681022,5053.019521758,0,0,259251.700,2296,48,0,69601.69431881
69800,-15501696.97604,3000366.724474,21131544.67904,0,0,0,-0.6741504626436,-0.5417936246491,29515788.77554,29471807.091215,154875298.6872,0.0001467365915732,0,0,0,8.839139162724,1.277357520817e-81,0,2.842246859194,-0.5416447545718,-14.23554626189,0.04388153210005,1.317509612223,-14.86646068703,-26552.72131467,5052.81486176,0,0,259251.800,2296,48,0,69701.69263334
69900,-15501788.37217,3000107.4412,21131518.74878,0,0,0,-0.6741700025795,-0.5418592951179,29516294.04683,29472312.3616596,154877953.9056,0.0001467365930258,0,0,0,8.838735126627,1.27716112941e-81,0,2.842243508516,-0.5417103842897,-14.23643724547,0.04390348999109,1.317519878343,-14.86680651949,-26551.64577996,5052.610194311,0,0,259251.900,2296,48,0,69801.69094794
70000,-15501879.76955,2999848.158767,21131492.81392,0,0,0,-0.6741895482626,-0.5419249645591,29516799.29764,29472817.6113853,154880609.0177,0.0001467365944783,0,0,0,8.838080454148,1.276964727018e-81,0,2.842240157112,-0.5417760126188,-14.2373282102,0.04392545162365,1.31753014539,-14.8671522619,-26551.22850617,5052.530789748,0,0,259252.000,2296,48,0,69901.68926261
70100,-15501971.16816,2999588.877176,21131466.87447,0,0,0,-0.6742090996935,-0.5419906329729,29517304.52799,29473322.8408912,154883264.0209,0.0001467365959309,0,0,0,8.837676262706,1.276768313661e-81,0,2.842236806275,-0.5418416403433,-14.23821916671,0.04394741673263,1.317540413363,-14.86749792492,-26549.49436797,5052.20079422,0,0,259252.100,2296,48,0,70001.68757734
70200,-15502062.56801,2999329.596425,21131440.93044,0,0,0,-0.674228656873,-0.5420563003593,29517809.73786,29473828.0499246,154885918.9166,0.0001467365973835,0,0,0,8.837271995379,1.276571889362e-81,0,2.842233450775,-0.541907266649,-14.23911010397,0.04396937745105,1.317550682263,-14.86784349748,-26548.41840258,5051.996044815,0,0,259252.200,2296,48,0,70101.68589215
70300,-15502153.9691,2999070.316516,21131414.98182,0,0,0,-0.6742482198018,-0.5421219667183,29518314.92726,29474333.2384837,154888573.7046,0.0001467365988361,0,0,0,8.836867652188,1.276375454142e-81,0,2.842230096146,-0.5419728922084,-14.24000103109,0.04399134297762,1.317560952089,-14.86818898873,-26547.34241762,5051.791291684,0,0,259252.300,2296,48,0,70201.68420702
70400,-15502245.37144,2998811.037448,21131389.02861,0,0,0,-0.6742677884804,-0.5421876320501,29518820.09618,29474838.4065665,154891228.385,0.0001467366002886,0,0,0,8.836463233151,1.276179008022e-81,0,2.842226740517,-0.5420385166331,-14.24089194281,0.04401330578939,1.317571222842,-14.86853439339,-26546.26632498,5051.586518064,0,0,259252.400,2296,48,0,70301.68252196
70500,-15502336.77501,2998551.759221,21131363.07081,0,0,0,-0.6742873629098,-0.5422532963546,29519325.24463,29475343.5541709,154893882.9579,0.0001467366017412,0,0,0,8.836058738288,1.275982551023e-81,0,2.842223384541,-0.5421041399573,-14.24178283959,0.04403527070024,1.317581494521,-14.86887971195,-26545.19021277,5051.381740719,0,0,259252.500,2296,48,0,70401.68083697
70600,-15502428.17982,2998292.481835,21131337.10842,0,0,0,-0.6743069430904,-0.542318959632,29519830.37259,29475848.6812949,154896537.4231,0.0001467366031938,0,0,0,8.835654167617,1.275786083167e-81,0,2.842220026593,-0.5421697622637,-14.24267372255,0.04405723894918,1.317591767126,-14.86922494553,-26544.11378733,5051.176903769,0,0,259252.600,2296,48,0,70501.67915204
70700,-15502519.58587,2998033.205291,21131311.14145,0,0,0,-0.6743265290231,-0.5423846218824,29520335.48007,29476353.7879367,154899191.7806,0.0001467366046464,0,0,0,8.835249521157,1.275589604475e-81,0,2.842216669985,-0.5422353836068,-14.24356459244,0.04407920554747,1.317602040657,-14.86957009488,-26543.03742063,5050.972077996,0,0,259252.700,2296,48,0,70601.67746719
70800,-15502610.99317,2997773.929588,21131285.16988,0,0,0,-0.6743461207085,-0.5424502831057,29520840.56707,29476858.8740942,154901846.0306,0.000146736606099,0,0,0,8.834844798927,1.275393114968e-81,0,2.842213308593,-0.542301004123,-14.2444554511,0.04410117458786,1.317612315114,-14.86991516184,-26541.96094625,5050.767231733,0,0,259252.800,2296,48,0,70701.6757824
70900,-15502702.4017,2997514.654727,21131259.19373,0,0,0,-0.6743657181474,-0.542515943302,29521345.63358,29477363.9397654,154904500.1728,0.0001467366075516,0,0,0,8.834440000946,1.275196614668e-81,0,2.84220994855,-0.5423666232368,-14.24534629072,0.04412314174221,1.317622590497,-14.87026013863,-26540.88435441,5050.562363118,0,0,259252.900,2296,48,0,70801.67409769
71000,-15502793.81147,2997255.380707,21131233.21299,0,0,0,-0.6743853213404,-0.5425816024715,29521850.67961,29477868.9846977,154907154.2088,0.0001467366090042,0,0,0,8.833784510755,1.275000103596e-81,0,2.842206587105,-0.5424322413657,-14.24623711696,0.04414511182636,1.317632866805,-14.8706050309,-26540.46622904,5050.482796505,0,0,259253.000,2296,48,0,70901.67241304
71100,-15502885.22248,2996996.107529,21131207.22766,0,0,0,-0.6744049302881,-0.5426472606141,29522355.70514,29478374.0093903,154909808.1357,0.0001467366104568,0,0,0,8.83337955788,1.274803581773e-81,0,2.842203224713,-0.5424978587881,-14.24712793362,0.04416708295543,1.31764314404,-14.87094984245,-26538.73085752,5050.152566284,0,0,259253.100,2296,48,0,71001.67072846
71200,-15502976.63474,2996736.835192,21131181.23774,0,0,0,-0.6744245449915,-0.54271291773,29522860.71018,29478879.0135907,154912461.9549,0.0001467366119094,0,0,0,8.832974529318,1.27460704922e-81,0,2.842199861228,-0.5425634748887,-14.24801873233,0.04418905614467,1.317653422199,-14.87129456493,-26537.65398182,5049.947643653,0,0,259253.200,2296,48,0,71101.66904394
71300,-15503068.04823,2996477.563698,21131155.24323,0,0,0,-0.674444165451,-0.5427785738192,29523365.69473,29479383.9972969,154915115.6665,0.000146736613362,0,0,0,8.832569425087,1.27441050596e-81,0,2.842196498569,-0.5426290900295,-14.24890951802,0.04421102636973,1.317663701285,-14.87163920326,-26536.57697888,5049.742696807,0,0,259253.300,2296,48,0,71201.6673595
71400,-15503159.46296,2996218.293045,21131129.24414,0,0,0,-0.6744637916674,-0.5428442288818,29523870.65878,29479888.9605069,154917769.2703,0.0001467366148146,0,0,0,8.832164245206,1.274213952012e-81,0,2.842193131433,-0.5426947040634,-14.24980028867,0.04423300114921,1.317673981296,-14.87198375545,-26535.49980953,5049.537718296,0,0,259253.400,2296,48,0,71301.66567512
71500,-15503250.87893,2995959.023233,21131103.24045,0,0,0,-0.6744834236415,-0.5429098829178,29524375.60233,29480393.9032187,154920422.7664,0.0001467366162673,0,0,0,8.831758989694,1.2740173874e-81,0,2.842189765153,-0.5427603170193,-14.25069104469,0.04425497328209,1.317684262232,-14.8723282219,-26534.42261082,5049.332734197,0,0,259253.500,2296,48,0,71401.66399082
71600,-15503342.29615,2995699.754264,21131077.23218,0,0,0,-0.6745030613738,-0.5429755359273,29524880.52538,29480898.8254303,154923076.1548,0.0001467366177199,0,0,0,8.831353658571,1.273820812142e-81,0,2.842186397768,-0.5428259293261,-14.2515817919,0.04427695062667,1.317694544093,-14.87267260843,-26533.34528487,5049.127725884,0,0,259253.600,2296,48,0,71501.66230658
71700,-15503433.7146,2995440.486137,21131051.21932,0,0,0,-0.6745227048652,-0.5430411879104,29525385.42793,29481403.7271397,154925729.4355,0.0001467366191725,0,0,0,8.830948251855,1.273624226262e-81,0,2.842183029404,-0.5428915401628,-14.25247251915,0.04429892728773,1.317704826879,-14.87301690391,-26532.26784145,5048.92269522,0,0,259253.700,2296,48,0,71601.66062241
71800,-15503525.13429,2995181.218852,21131025.20187,0,0,0,-0.6745423541163,-0.5431068388671,29525890.30998,29481908.608345,154928382.6084,0.0001467366206252,0,0,0,8.830542769565,1.273427629779e-81,0,2.842179661766,-0.5429571503178,-14.25336323715,0.04432090301334,1.317715110591,-14.87336111904,-26531.190261,5048.717638478,0,0,259253.800,2296,48,0,71701.6589383
71900,-15503616.55522,2994921.952409,21130999.17983,0,0,0,-0.6745620091278,-0.5431724887975,29526395.17152,29482413.4690441,154931035.6735,0.0001467366220778,0,0,0,8.83013721172,1.273231022716e-81,0,2.842176289274,-0.5430227592607,-14.25425393868,0.04434288063152,1.317725395227,-14.87370524664,-26530.11258266,5048.512563109,0,0,259253.900,2296,48,0,71801.65725427
72000,-15503707.97739,2994662.686808,21130973.15321,0,0,0,-0.6745816699004,-0.5432381377017,29526900.01255,29482918.3089845,154933688.6322,0.0001467366235305,0,0,0,8.82948090645,1.273034405094e-81,0,2.842172918015,-0.5430883676883,-14.25514463323,0.04436486052631,1.317735680788,-14.87404929616,-26529.69346868,5048.432808369,0,0,259254.000,2296,48,0,71901.6555703
72100,-15503799.4008,2994403.422049,21130947.12199,0,0,0,-0.6746013364348,-0.5433037855797,29527404.83307,29483423.1286654,154936341.4818,0.0001467366249831,0,0,0,8.829075194164,1.272837776935e-81,0,2.842169545643,-0.5431539741839,-14.25603530154,0.04438684029567,1.317745967274,-14.87439324838,-26527.95694214,5048.102358356,0,0,259254.100,2296,48,0,72001.65388641
72200,-15503890.82545,2994144.158133,21130921.08619,0,0,0,-0.6746210087317,-0.5433694324316,29527909.63308,29483927.9278342,154938994.2236,0.0001467366264358,0,0,0,8.828669406386,1.272641138257e-81,0,2.842166172671,-0.5432195801712,-14.25692596296,0.04440882100617,1.317756254684,-14.87473712263,-26526.87898973,5047.897230834,0,0,259254.200,2296,48,0,72101.65220258
72300,-15503982.25134,2993884.895059,21130895.0458,0,0,0,-0.6746406867918,-0.5434350782574,29528414.41258,29484432.706489,154941646.8576,0.0001467366278884,0,0,0,8.828263543136,1.272444489086e-81,0,2.842162798156,-0.5432851851361,-14.25781661049,0.0444308011792,1.317766543019,-14.87508091195,-26525.80090029,5047.692077234,0,0,259254.300,2296,48,0,72201.65051882
72400,-15504073.67847,2993625.632827,21130869.00082,0,0,0,-0.6746603706158,-0.5435007230573,29528919.17156,29484937.4646277,154944299.3838,0.0001467366293411,0,0,0,8.827857604432,1.272247829439e-81,0,2.842159424575,-0.5433507887274,-14.25870723938,0.04445278277643,1.317776832279,-14.87542461156,-26524.72267381,5047.486897558,0,0,259254.400,2296,48,0,72301.64883513
72500,-15504165.10684,2993366.371438,21130842.95125,0,0,0,-0.6746800602045,-0.5435663668313,29529423.91002,29485442.2022484,154946951.8022,0.0001467366307938,0,0,0,8.827451590294,1.272051159339e-81,0,2.842156046617,-0.5434163920766,-14.25959786498,0.0444747670624,1.317787122463,-14.87576823685,-26523.64452564,5047.281732783,0,0,259254.500,2296,48,0,72401.6471515
72600,-15504256.53645,2993107.110892,21130816.89709,0,0,0,-0.6746997555584,-0.5436320095794,29529928.62796,29485946.9193491,154949604.1127,0.0001467366322464,0,0,0,8.82704550074,1.271854478809e-81,0,2.842152669519,-0.5434819934477,-14.26048846373,0.04449675193763,1.317797413571,-14.87611176423,-26522.56608382,5047.076512128,0,0,259254.600,2296,48,0,72501.64546795
72700,-15504347.9673,2992847.851188,21130790.83835,0,0,0,-0.6747194566783,-0.5436976513017,29530433.32538,29486451.6159277,154952256.3154,0.0001467366336991,0,0,0,8.826639335789,1.271657787867e-81,0,2.842149291103,-0.5435475944007,-14.2613790568,0.04451873829982,1.317807705603,-14.87645521491,-26521.48759306,5046.87128216,0,0,259254.700,2296,48,0,72601.64378446
72800,-15504439.39939,2992588.592326,21130764.77502,0,0,0,-0.674739163565,-0.5437632919983,29530938.00228,29486956.2919824,154954908.4102,0.0001467366351518,0,0,0,8.826233095462,1.271461086536e-81,0,2.842145911861,-0.5436131942491,-14.26226963487,0.04454072299712,1.31781799856,-14.87679857956,-26520.40903379,5046.666039154,0,0,259254.800,2296,48,0,72701.64210104
72900,-15504530.83272,2992329.334308,21130738.70709,0,0,0,-0.6747588762191,-0.5438289316693,29531442.65865,29487460.9475111,154957560.3972,0.0001467366366045,0,0,0,8.825826779776,1.271264374837e-81,0,2.842142531749,-0.5436787926329,-14.26316019306,0.04456270891127,1.31782829244,-14.8771418533,-26519.33041578,5046.460784972,0,0,259254.900,2296,48,0,72801.64041769
73000,-15504622.26728,2992070.077132,21130712.63458,0,0,0,-0.6747785946413,-0.5438945703147,29531947.29449,29487965.5822611,154960212.2776,0.0001467366380572,0,0,0,8.825169662064,1.271067652791e-81,0,2.842139152273,-0.5437443903412,-14.26405074208,0.04458469865824,1.317838587244,-14.87748504686,-26518.91044042,5046.380866319,0,0,259255.000,2296,48,0,72901.63873441
73100,-15504713.70309,2991810.820799,21130686.55749,0,0,0,-0.6747983188323,-0.5439602079346,29532451.90981,29488470.196732,154962864.0488,0.0001467366395099,0,0,0,8.82476319239,1.27087092042e-81,0,2.842135768182,-0.5438099870401,-14.2649412774,0.04460668751401,1.317848882973,-14.8778281557,-26517.17270993,5046.0501872,0,0,259255.100,2296,48,0,73001.6370512
73200,-15504805.14014,2991551.565308,21130660.4758,0,0,0,-0.6748180487928,-0.544025844529,29532956.50459,29488974.7906709,154965515.7121,0.0001467366409626,0,0,0,8.82435664742,1.270674177743e-81,0,2.842132384976,-0.543875582766,-14.26583179951,0.04462867602756,1.317859179624,-14.87817118033,-26516.0936906,5045.84485665,0,0,259255.200,2296,48,0,73101.63536806
73300,-15504896.57842,2991292.310661,21130634.38952,0,0,0,-0.6748377845236,-0.544091480098,29533461.07883,29489479.3640759,154968167.2676,0.0001467366424153,0,0,0,8.823950027173,1.270477424785e-81,0,2.8421290009,-0.5439411770841,-14.2667223025,0.04465066608474,1.3178694772,-14.87851411485,-26515.01461254,5045.639514923,0,0,259255.300,2296,48,0,73201.63368498
73400,-15504988.01795,2991033.056857,21130608.29866,0,0,0,-0.6748575260253,-0.5441571146417,29533965.63255,29489983.916945,154970818.7151,0.000146736643868,0,0,0,8.82354333167,1.270280661563e-81,0,2.842125615782,-0.5440067707539,-14.26761279669,0.04467265631968,1.317879775699,-14.87885696958,-26513.93539745,5045.43414712,0,0,259255.400,2296,48,0,73301.63200197
73500,-15505079.45871,2990773.803896,21130582.20321,0,0,0,-0.6748772732986,-0.5442227481601,29534470.16572,29490488.4492763,154973470.0546,0.0001467366453207,0,0,0,8.823136560929,1.270083888101e-81,0,2.842122230901,-0.5440723633867,-14.26850327681,0.04469465174564,1.317890075121,-14.87919973924,-26512.85605511,5045.228755102,0,0,259255.500,2296,48,0,73401.63031903
73600,-15505170.90071,2990514.551778,21130556.10317,0,0,0,-0.6748970263442,-0.5442883806533,29534974.67835,29490992.9610677,154976121.2863,0.0001467366467734,0,0,0,8.822729714969,1.26988710442e-81,0,2.842118841894,-0.5441379548324,-14.26939374081,0.04471664325678,1.317900375467,-14.87954242181,-26511.77658552,5045.023338869,0,0,259255.600,2296,48,0,73501.62863616
73700,-15505262.34396,2990255.300503,21130529.99854,0,0,0,-0.6749167851629,-0.5443540121214,29535479.17044,29491497.4523173,154978772.41,0.0001467366482261,0,0,0,8.822322793809,1.269690310541e-81,0,2.842115453646,-0.5442035453736,-14.27028419253,0.04473863821311,1.317910676736,-14.87988502112,-26510.697067,5044.817913324,0,0,259255.700,2296,48,0,73601.62695336
73800,-15505353.78844,2989996.050072,21130503.88932,0,0,0,-0.6749365497553,-0.5444196425644,29535983.64199,29492001.9230231,154981423.4257,0.0001467366496789,0,0,0,8.821915797469,1.269493506483e-81,0,2.842112064767,-0.5442691351092,-14.27117463331,0.0447606309117,1.317920978928,-14.88022753853,-26509.61749953,5044.612478465,0,0,259255.800,2296,48,0,73701.62527063
73900,-15505445.23416,2989736.800483,21130477.77552,0,0,0,-0.6749563201222,-0.5444852719824,29536488.093,29492506.3731831,154984074.3334,0.0001467366511316,0,0,0,8.821508725967,1.269296692271e-81,0,2.842108674744,-0.5443347229541,-14.27206504843,0.04478262605654,1.317931282043,-14.88056995931,-26508.53769714,5044.406998903,0,0,259255.900,2296,48,0,73801.62358797
74000,-15505536.68112,2989477.551738,21130451.65712,0,0,0,-0.6749760962642,-0.5445509003755,29536992.52345,29493010.8025446,154986725.1345,0.0001467366525843,0,0,0,8.820850798454,1.269099867923e-81,0,2.84210528323,-0.5444003107496,-14.27295546287,0.04480462423177,1.317941586082,-14.88091230846,-26508.11678211,5044.326901436,0,0,259256.000,2296,48,0,73901.62190537
74100,-15505628.12932,2989218.303837,21130425.53414,0,0,0,-0.674995878182,-0.5446165277437,29537496.93336,29493515.2116071,154989375.8263,0.0001467366540371,0,0,0,8.820443573416,1.268903033461e-81,0,2.842101892836,-0.5444658970358,-14.27384585683,0.04482662268359,1.317951891043,-14.88125456618,-26506.37799448,5043.996021152,0,0,259256.100,2296,48,0,74001.62022284
74200,-15505719.57876,2988959.056779,21130399.40657,0,0,0,-0.6750156658764,-0.5446821540871,29538001.32271,29494019.6001179,154992026.4101,0.0001467366554898,0,0,0,8.82003627328,1.268706188907e-81,0,2.842098497854,-0.5445314827467,-14.27473624297,0.04484862136852,1.317962196927,-14.88159674514,-26505.2978495,5043.790476397,0,0,259256.200,2296,48,0,74101.61854038
74300,-15505811.02943,2988699.810565,21130373.27441,0,0,0,-0.6750354593481,-0.5447477794058,29538505.69151,29494523.9680749,154994676.8859,0.0001467366569425,0,0,0,8.819628898064,1.268509334282e-81,0,2.84209510391,-0.5445970669051,-14.27562660804,0.04487061844969,1.317972503733,-14.88193883208,-26504.21775347,5043.584940955,0,0,259256.300,2296,48,0,74201.61685799
74400,-15505902.48135,2988440.565194,21130347.13767,0,0,0,-0.6750552585978,-0.5448134036997,29539010.03975,29495028.3154763,154997327.2537,0.0001467366583953,0,0,0,8.819221447789,1.268312469607e-81,0,2.842091708885,-0.5446626502069,-14.27651696148,0.04489261783104,1.317982811462,-14.88228083647,-26503.13746167,5043.379368261,0,0,259256.400,2296,48,0,74301.61517567
74500,-15505993.93451,2988181.320667,21130320.99633,0,0,0,-0.6750750636261,-0.5448790269691,29539514.36744,29495532.6423201,154999977.5134,0.0001467366598481,0,0,0,8.818813922471,1.268115594902e-81,0,2.842088312721,-0.5447282324151,-14.27740730007,0.04491462244666,1.317993120114,-14.88262275508,-26502.05715029,5043.173791841,0,0,259256.500,2296,48,0,74401.61349342
74600,-15506085.3889,2987922.076984,21130294.85041,0,0,0,-0.6750948744338,-0.5449446492139,29540018.67457,29496036.9486041,155002627.6651,0.0001467366613008,0,0,0,8.818406322132,1.26791871019e-81,0,2.842084915679,-0.5447938137372,-14.27829762663,0.04493662285985,1.318003429688,-14.88296459075,-26500.97675082,5042.968198657,0,0,259256.600,2296,48,0,74501.61181123
74700,-15506176.84454,2987662.834144,21130268.6999,0,0,0,-0.6751146910216,-0.5450102704342,29540522.96113,29496541.2343266,155005277.7088,0.0001467366627536,0,0,0,8.81799864679,1.267721815491e-81,0,2.842081519199,-0.5448593938161,-14.27918793632,0.04495862692741,1.318013740185,-14.88330633862,-26499.89612621,5042.762562633,0,0,259256.700,2296,48,0,74601.61012912
74800,-15506268.30141,2987403.592149,21130242.5448,0,0,0,-0.6751345133902,-0.5450758906301,29541027.22714,29497045.4994854,155007927.6443,0.0001467366642064,0,0,0,8.817590896464,1.267524910827e-81,0,2.842078118243,-0.5449249730965,-14.28007823516,0.04498062852422,1.318024051603,-14.88364800475,-26498.8155114,5042.556928471,0,0,259256.800,2296,48,0,74701.60844707
74900,-15506359.75952,2987144.350997,21130216.38511,0,0,0,-0.6751543415403,-0.5451415098017,29541531.47257,29497549.7440787,155010577.4718,0.0001467366656591,0,0,0,8.817183071173,1.267327996218e-81,0,2.842074718082,-0.5449905513429,-14.28096851997,0.04500263342301,1.318034363944,-14.88398958594,-26497.7347204,5042.351260781,0,0,259256.900,2296,48,0,74801.60676509
75000,-15506451.21887,2986885.110689,21130190.22083,0,0,0,-0.6751741754725,-0.5452071279489,29542035.69744,29498053.9678535,155013227.1926,0.0001467366671119,0,0,0,8.816524336504,1.267131071686e-81,0,2.842071317089,-0.5450561282569,-14.28185878669,0.04502464003739,1.318044677207,-14.88433107815,-26497.31293421,5042.270997539,0,0,259257.000,2296,48,0,74901.60508318
75100,-15506542.67946,2986625.871226,21130164.05197,0,0,0,-0.6751940151877,-0.545272745072,29542539.90174,29498558.1713097,155015876.8039,0.0001467366685647,0,0,0,8.816116358131,1.266934137252e-81,0,2.842067914988,-0.5451217047456,-14.28274904763,0.04504664614146,1.318054991392,-14.88467249369,-26495.57287411,5041.939875111,0,0,259257.100,2296,48,0,75001.60340134
75200,-15506634.14129,2986366.632606,21130137.87852,0,0,0,-0.6752138606866,-0.5453383611708,29543044.08547,29499062.3541943,155018526.3072,0.0001467366700175,0,0,0,8.815708304857,1.266737192937e-81,0,2.842064513333,-0.5451872795195,-14.2836392853,0.04506865445266,1.318065306498,-14.88501381508,-26494.49175031,5041.734144092,0,0,259257.200,2296,48,0,75101.60171957
75300,-15506725.60436,2986107.394831,21130111.70048,0,0,0,-0.6752337119697,-0.5454039762456,29543548.24862,29499566.5165054,155021175.7023,0.0001467366714703,0,0,0,8.815300176701,1.266540238762e-81,0,2.842061107353,-0.5452528534849,-14.28452951198,0.04509066036904,1.318075622527,-14.88535505461,-26493.4105482,5041.528398171,0,0,259257.300,2296,48,0,75201.60003786
75400,-15506817.06866,2985848.1579,21130085.51785,0,0,0,-0.6752535690379,-0.5454695902963,29544052.3912,29500070.6582411,155023824.9893,0.0001467366729231,0,0,0,8.814891973681,1.266343274748e-81,0,2.842057702276,-0.5453184266999,-14.28541972848,0.04511267142409,1.318085939477,-14.88569621308,-26492.32920905,5041.322626173,0,0,259257.400,2296,48,0,75301.59835623
75500,-15506908.53421,2985588.921813,21130059.33063,0,0,0,-0.6752734318918,-0.5455352033231,29544556.51321,29500574.7793992,155026474.1681,0.0001467366743759,0,0,0,8.814483695818,1.266146300917e-81,0,2.842054296536,-0.5453839986502,-14.28630992782,0.04513468017746,1.318096257348,-14.88603728352,-26491.24784054,5041.116848588,0,0,259257.500,2296,48,0,75401.59667466
75600,-15507000.00099,2985329.68657,21130033.13883,0,0,0,-0.6752933005322,-0.545600815326,29545060.61463,29501078.879978,155029123.2388,0.0001467366758287,0,0,0,8.814075343129,1.26594931729e-81,0,2.842050889072,-0.5454495698522,-14.28720011699,0.04515669068559,1.318106576142,-14.88637827294,-26490.16622732,5040.911024436,0,0,259257.600,2296,48,0,75501.59499316
75700,-15507091.46902,2985070.452172,21130006.94243,0,0,0,-0.6753131749597,-0.545666426305,29545564.69547,29501582.9599753,155031772.2014,0.0001467366772815,0,0,0,8.813666915634,1.265752323886e-81,0,2.842047481031,-0.5455151397385,-14.2880902883,0.04517870338253,1.318116895856,-14.88671917365,-26489.08466305,5040.705209598,0,0,259257.700,2296,48,0,75601.59331173
75800,-15507182.93828,2984811.218619,21129980.74145,0,0,0,-0.6753330551751,-0.5457320362603,29546068.75573,29502087.0193892,155034421.0558,0.0001467366787343,0,0,0,8.813258413352,1.265555320729e-81,0,2.842044073706,-0.5455807086906,-14.28898044693,0.04520071507674,1.318127216492,-14.88705999083,-26488.00305962,5040.499387309,0,0,259257.800,2296,48,0,75701.59163037
75900,-15507274.40878,2984551.98591,21129954.53588,0,0,0,-0.6753529411791,-0.5457976451918,29546572.7954,29502591.0582178,155037069.802,0.0001467366801871,0,0,0,8.812849836302,1.265358307839e-81,0,2.842040661963,-0.5456462768113,-14.28987059427,0.04522273115279,1.318137538049,-14.88740072588,-26486.92121148,5040.293518454,0,0,259257.900,2296,48,0,75801.58994908
76000,-15507365.88052,2984292.754045,21129928.32572,0,0,0,-0.6753728329724,-0.5458632530997,29547076.81449,29503095.0762081,155039718.4413,0.0001467366816399,0,0,0,8.812190297125,1.265161285236e-81,0,2.842037250942,-0.5457118434331,-14.29076072126,0.04524474532106,1.318147860527,-14.88774136975,-26486.49849541,5040.21307826,0,0,259258.000,2296,48,0,75901.58826785
76100,-15507457.35349,2984033.523025,21129902.11098,0,0,0,-0.6753927305556,-0.545928859984,29547580.81298,29503599.07386,155042366.9712,0.0001467366830928,0,0,0,8.811781567449,1.264964252942e-81,0,2.84203383897,-0.545777409606,-14.29165084216,0.04526676134614,1.318158183926,-14.8880819367,-26484.7572705,5039.881734177,0,0,259258.100,2296,48,0,76001.5865867
76200,-15507548.82771,2983774.29285,21129875.89164,0,0,0,-0.6754126339296,-0.5459944658448,29548084.79089,29504103.0509206,155045015.3928,0.0001467366845456,0,0,0,8.811372763069,1.264767210979e-81,0,2.842030425896,-0.5458429741612,-14.2925409411,0.04528877648674,1.318168508246,-14.88842241087,-26483.67523639,5039.675829932,0,0,259258.200,2296,48,0,76101.58490561
76300,-15507640.30317,2983515.06352,21129849.66772,0,0,0,-0.675432543095,-0.5460600706822,29548588.7482,29504607.007388,155047663.7062,0.0001467366859984,0,0,0,8.810963884003,1.264570159367e-81,0,2.842027013459,-0.5459085379914,-14.29343103019,0.04531079218163,1.318178833487,-14.88876280438,-26482.59303588,5039.469894022,0,0,259258.300,2296,48,0,76201.58322459
76400,-15507731.77986,2983255.835035,21129823.43921,0,0,0,-0.6754524580525,-0.5461256744962,29549092.68491,29505110.94326,155050311.9114,0.0001467366874513,0,0,0,8.810554930271,1.264373098127e-81,0,2.84202359668,-0.5459741007317,-14.29432110449,0.04533281290689,1.318189159649,-14.88910311228,-26481.51065918,5039.263924584,0,0,259258.400,2296,48,0,76301.58154364
76500,-15507823.25779,2982996.607394,21129797.20611,0,0,0,-0.6754723788028,-0.5461912772868,29549596.60103,29505614.8585348,155052960.0083,0.0001467366889041,0,0,0,8.810145901892,1.264176027281e-81,0,2.842020180495,-0.5460396626876,-14.29521116814,0.0453548313071,1.318199486731,-14.88944333873,-26480.42823353,5039.057945833,0,0,259258.500,2296,48,0,76401.57986276
76600,-15507914.73696,2982737.380598,21129770.96843,0,0,0,-0.6754923053467,-0.5462568790542,29550100.49655,29506118.7532105,155055607.997,0.000146736690357,0,0,0,8.809736798886,1.263978946849e-81,0,2.842016763357,-0.5461052235991,-14.29610121761,0.04537685091111,1.318209814734,-14.88978348021,-26479.34566107,5038.851939142,0,0,259258.600,2296,48,0,76501.57818195
76700,-15508006.21737,2982478.154648,21129744.72615,0,0,0,-0.6755122376849,-0.5463224797984,29550604.37147,29506622.6272849,155058255.8775,0.0001467366918098,0,0,0,8.809327621271,1.263781856852e-81,0,2.842013345545,-0.5461707829801,-14.2969912463,0.04539887217272,1.318220143657,-14.89012353011,-26478.26303966,5038.645923138,0,0,259258.700,2296,48,0,76601.57650121
76800,-15508097.69902,2982218.929542,21129718.47929,0,0,0,-0.675532175818,-0.5463880795195,29551108.22579,29507126.4807562,155060903.6496,0.0001467366932627,0,0,0,8.808918369066,1.263584757312e-81,0,2.842009926204,-0.5462363420485,-14.29788127075,0.04542089220119,1.318230473501,-14.89046350499,-26477.18031058,5038.439886644,0,0,259258.800,2296,48,0,76701.57482054
76900,-15508189.1819,2981959.705282,21129692.22784,0,0,0,-0.6755521197468,-0.5464536782175,29551612.0595,29507630.3136223,155063551.3135,0.0001467366947155,0,0,0,8.808509042291,1.26338764825e-81,0,2.842006507753,-0.5463018993969,-14.29877127184,0.04544291643159,1.318240804265,-14.89080338574,-26476.09734658,5038.233805448,0,0,259258.900,2296,48,0,76801.57313993
77000,-15508280.66603,2981700.481867,21129665.9718,0,0,0,-0.675572069472,-0.5465192758925,29552115.8726,29508134.1256304,155066198.8704,0.0001467366961684,0,0,0,8.807848701257,1.263190529686e-81,0,2.842003085013,-0.5463674559968,-14.29966126278,0.04546493993153,1.318251135949,-14.89114318555,-26475.6738083,5038.153208792,0,0,259259.000,2296,48,0,76901.57145939
77100,-15508372.15139,2981441.259297,21129639.71117,0,0,0,-0.6755920249944,-0.5465848725446,29552619.6651,29508637.9172803,155068846.3177,0.0001467366976213,0,0,0,8.807439222311,1.262993401643e-81,0,2.841999662746,-0.5464330116182,-14.30055124043,0.04548696333575,1.318261468553,-14.89148290132,-26473.93133049,5037.821626291,0,0,259259.100,2296,48,0,77001.56977893
77200,-15508463.63799,2981182.037572,21129613.44596,0,0,0,-0.6756119863145,-0.5466504681738,29553123.43698,29509141.6883192,155071493.6567,0.0001467366990742,0,0,0,8.807029668857,1.26279626414e-81,0,2.841996240053,-0.5464985661506,-14.3014412033,0.04550898799247,1.318271802078,-14.89182253153,-26472.84822946,5037.615519017,0,0,259259.200,2296,48,0,77101.56809853
77300,-15508555.12583,2980922.816693,21129587.17615,0,0,0,-0.6756319534331,-0.5467160627802,29553627.18825,29509645.438745,155074140.8873,0.000146736700527,0,0,0,8.806620040916,1.262599117198e-81,0,2.841992815759,-0.5465641198,-14.30233115418,0.04553101400547,1.318282136522,-14.89216207901,-26471.76485435,5037.409359589,0,0,259259.300,2296,48,0,77201.5664182
77400,-15508646.61491,2980663.596659,21129560.90176,0,0,0,-0.675651926351,-0.5467816563638,29554130.91891,29510149.1685558,155076788.0097,0.0001467367019799,0,0,0,8.806210338507,1.26240196084e-81,0,2.841989390552,-0.5466296720524,-14.30322108609,0.04555304235488,1.318292471886,-14.89250153677,-26470.6815184,5037.203207612,0,0,259259.400,2296,48,0,77301.56473793
77500,-15508738.10522,2980404.377471,21129534.62278,0,0,0,-0.6756719050689,-0.5468472489248,29554634.62895,29510652.8777496,155079435.0237,0.0001467367034328,0,0,0,8.805800561648,1.262204795086e-81,0,2.84198596619,-0.5466952239315,-14.30411101294,0.04557507013031,1.318302808169,-14.89284091873,-26469.59813351,5036.997046322,0,0,259259.500,2296,48,0,77401.56305774
77600,-15508829.59678,2980145.159128,21129508.33922,0,0,0,-0.6756918895874,-0.5469128404632,29555138.31837,29511156.5663244,155082081.9293,0.0001467367048857,0,0,0,8.805390710358,1.262007619956e-81,0,2.841982537784,-0.5467607742634,-14.30500091878,0.04559709987164,1.318313145373,-14.89318020894,-26468.51447454,5036.790832877,0,0,259259.600,2296,48,0,77501.56137762
77700,-15508921.08957,2979885.941631,21129482.05106,0,0,0,-0.6757118799073,-0.546978430979,29555641.98717,29511660.2342783,155084728.7266,0.0001467367063386,0,0,0,8.804980784658,1.261810435473e-81,0,2.841979109734,-0.5468263236777,-14.30589081217,0.04561912887345,1.318323483496,-14.89351941596,-26467.43080579,5036.58461757,0,0,259259.700,2296,48,0,77601.55969756
77800,-15509012.5836,2979626.72498,21129455.75832,0,0,0,-0.6757318760293,-0.5470440204723,29556145.63535,29512163.8816094,155087375.4155,0.0001467367077915,0,0,0,8.804570784565,1.261613241656e-81,0,2.841975680643,-0.5468918723524,-14.30678069551,0.04564116035708,1.318333822538,-14.89385854222,-26466.34705873,5036.378387362,0,0,259259.800,2296,48,0,77701.55801757
77900,-15509104.07887,2979367.509175,21129429.46099,0,0,0,-0.6757518779541,-0.5471096089433,29556649.2629,29512667.5083155,155090021.996,0.0001467367092444,0,0,0,8.8041607101,1.261416038528e-81,0,2.841972250461,-0.5469574197899,-14.30767056206,0.04566319191306,1.3183441625,-14.89419758097,-26465.26325294,5036.172145978,0,0,259259.900,2296,48,0,77801.55633766
78000,-15509195.57538,2979108.294215,21129403.15907,0,0,0,-0.6757718856825,-0.5471751963918,29557152.86982,29513171.1141437,155092668.4694,0.0001467367106973,0,0,0,8.803499569866,1.261218826108e-81,0,2.841968821184,-0.5470229659917,-14.30856041183,0.04568522364667,1.31835450338,-14.89453653223,-26464.83877498,5036.091370508,0,0,259260.000,2296,48,0,77901.55465781
78100,-15509287.07312,2978849.080101,21129376.85256,0,0,0,-0.6757918992151,-0.5472407828181,29557656.45612,29513674.6995941,155095314.8331,0.0001467367121502,0,0,0,8.803089343685,1.261021604419e-81,0,2.841965387156,-0.547088511677,-14.30945025459,0.04570725739113,1.31836484518,-14.89487540577,-26463.09513237,5035.759566352,0,0,259260.100,2296,48,0,78001.55297803
78200,-15509378.57211,2978589.866833,21129350.54146,0,0,0,-0.6758119185526,-0.5473063682221,29558160.02178,29514178.2644137,155097961.0884,0.0001467367136032,0,0,0,8.802679043195,1.26082437348e-81,0,2.841961954162,-0.5471540557287,-14.31034007517,0.0457292907842,1.3183751879,-14.89521418643,-26462.01092527,5035.553248599,0,0,259260.200,2296,48,0,78101.55129832
78300,-15509470.07233,2978330.654411,21129324.22578,0,0,0,-0.6758319436958,-0.547371952604,29558663.56682,29514681.8086005,155100607.2353,0.0001467367150561,0,0,0,8.802268668415,1.260627133314e-81,0,2.841958519969,-0.5472195995676,-14.31122989287,0.04575132731333,1.318385531538,-14.89555289351,-26460.92665943,5035.346919671,0,0,259260.300,2296,48,0,78201.54961867
78400,-15509561.57379,2978071.442835,21129297.90551,0,0,0,-0.6758519746454,-0.5474375359638,29559167.09122,29515185.3321526,155103253.2737,0.000146736716509,0,0,0,8.801858219365,1.260429883941e-81,0,2.841955084863,-0.5472851417997,-14.31211968875,0.04577336404226,1.318395876095,-14.89589150809,-26459.84220761,5035.140555352,0,0,259260.400,2296,48,0,78301.5479391
78500,-15509653.07649,2977812.232105,21129271.58065,0,0,0,-0.675872011402,-0.5475031183016,29559670.59498,29515688.8350679,155105899.2037,0.0001467367179619,0,0,0,8.801447696062,1.260232625382e-81,0,2.841951648848,-0.547350682841,-14.31300946846,0.04579540125886,1.31840622157,-14.89623003583,-26458.75772643,5034.934185445,0,0,259260.500,2296,48,0,78401.5462596
78600,-15509744.58042,2977553.022222,21129245.2512,0,0,0,-0.6758920539665,-0.5475686996174,29560174.0781,29516192.3173445,155108545.0253,0.0001467367194149,0,0,0,8.801037098527,1.260035357658e-81,0,2.841948213247,-0.5474162227691,-14.31389923306,0.04581743956721,1.318416567965,-14.89656847777,-26457.67302991,5034.72777456,0,0,259260.600,2296,48,0,78501.54458016
78700,-15509836.08559,2977293.813184,21129218.91717,0,0,0,-0.6759121023396,-0.5476342799113,29560677.54058,29516695.7789804,155111190.7383,0.0001467367208678,0,0,0,8.800626426779,1.25983808079e-81,0,2.841944773315,-0.5474817622053,-14.31478899098,0.04583947744331,1.318426915278,-14.89690684237,-26456.58828445,5034.521354362,0,0,259260.700,2296,48,0,78601.54290079
78800,-15509927.59201,2977034.604993,21129192.57855,0,0,0,-0.6759321565218,-0.5476998591833,29561180.98242,29517199.2199737,155113836.3429,0.0001467367223208,0,0,0,8.800215680837,1.259640794798e-81,0,2.841941334224,-0.5475473004056,-14.31567873213,0.04586151920847,1.31843726351,-14.89724511953,-26455.50349984,5034.314926714,0,0,259260.800,2296,48,0,78701.54122149
78900,-15510019.09966,2976775.397648,21129166.23534,0,0,0,-0.6759522165141,-0.5477654374336,29561684.40362,29517702.6403223,155116481.839,0.0001467367237737,0,0,0,8.799804860719,1.259443499705e-81,0,2.841937894393,-0.5476128376396,-14.31656846015,0.04588355850286,1.31844761266,-14.89758331291,-26454.41852924,5034.108463675,0,0,259260.900,2296,48,0,78801.53954226
79000,-15510110.60854,2976516.19115,21129139.88754,0,0,0,-0.675972282317,-0.5478310146622,29562187.80417,29518206.0397734,155119127.228,0.0001467367252267,0,0,0,8.799142923944,1.259246195531e-81,0,2.841934453036,-0.5476783736989,-14.31745817223,0.04590560008169,1.318457962728,-14.89792141969,-26453.99311161,5034.027509391,0,0,259261.000,2296,48,0,78901.5378631
79100,-15510202.11867,2976256.985498,21129113.53515,0,0,0,-0.6759923539313,-0.5478965908691,29562691.18407,29518709.4188269,155121772.5071,0.0001467367266796,0,0,0,8.798731952568,1.259048882297e-81,0,2.841931010795,-0.5477439089239,-14.31834787298,0.0459276412702,1.318468313715,-14.8982594445,-26452.24832377,5033.695487306,0,0,259261.100,2296,48,0,79001.53618401
79200,-15510293.63003,2975997.780693,21129087.17818,0,0,0,-0.6760124313577,-0.5479621660544,29563194.54331,29519212.7772298,155124417.6777,0.0001467367281326,0,0,0,8.79832090708,1.258851560023e-81,0,2.841927569577,-0.547809443062,-14.31923755898,0.04594968549977,1.318478665619,-14.89859738391,-26451.16319657,5033.488994464,0,0,259261.200,2296,48,0,79101.53450499
79300,-15510385.14263,2975738.576734,21129060.81661,0,0,0,-0.676032514597,-0.5480277402182,29563697.88191,29519716.1149802,155127062.7397,0.0001467367295856,0,0,0,8.797909787501,1.258654228732e-81,0,2.841924123915,-0.5478749762108,-14.32012723155,0.04597173057655,1.318489018442,-14.89893523927,-26450.07785402,5033.282460645,0,0,259261.300,2296,48,0,79201.53282604
79400,-15510476.65647,2975479.373622,21129034.45046,0,0,0,-0.6760526036498,-0.5480933133606,29564201.19985,29520219.4320761,155129707.6932,0.0001467367310385,0,0,0,8.797498593849,1.258456888443e-81,0,2.841920678881,-0.5479405079514,-14.32101688499,0.04599377525521,1.318499372183,-14.89927300488,-26448.99236465,5033.075898886,0,0,259261.400,2296,48,0,79301.53114715
79500,-15510568.17155,2975220.171357,21129008.07972,0,0,0,-0.6760726985169,-0.5481588854816,29564704.49714,29520722.7285156,155132352.5382,0.0001467367324915,0,0,0,8.797087326143,1.258259539178e-81,0,2.841917232654,-0.5480060392356,-14.32190653225,0.04601582030951,1.318509726841,-14.89961069367,-26447.90683613,5032.869329676,0,0,259261.500,2296,48,0,79401.52946833
79600,-15510659.68786,2974960.969938,21128981.7044,0,0,0,-0.6760927991989,-0.5482244565812,29565207.77377,29521226.0042967,155134997.2746,0.0001467367339445,0,0,0,8.796675984402,1.258062180957e-81,0,2.841913785645,-0.5480715691236,-14.32279616054,0.04603786810499,1.318520082418,-14.89994829289,-26446.8212293,5032.662745565,0,0,259261.600,2296,48,0,79501.52778959
79700,-15510751.20541,2974701.769367,21128955.32448,0,0,0,-0.6761129056967,-0.5482900266596,29565711.02974,29521729.2594174,155137641.9024,0.0001467367353975,0,0,0,8.796264568646,1.257864813802e-81,0,2.841910338996,-0.5481370984406,-14.32368578109,0.04605991771631,1.318530438912,-14.90028581376,-26445.73544628,5032.456127927,0,0,259261.700,2296,48,0,79601.52611091
79800,-15510842.7242,2974442.569642,21128928.93998,0,0,0,-0.6761330180109,-0.5483555957168,29566214.26504,29522232.4938756,155140286.4217,0.0001467367368505,0,0,0,8.795853078895,1.257667437734e-81,0,2.841906888252,-0.548202626038,-14.32457537829,0.04608196576002,1.318540796323,-14.90062324067,-26444.6496339,5032.2495047,0,0,259261.800,2296,48,0,79701.5244323
79900,-15510934.24423,2974183.370764,21128902.55089,0,0,0,-0.6761531361422,-0.5484211637529,29566717.47968,29522735.7076696,155142930.8323,0.0001467367383035,0,0,0,8.795441515166,1.257470052774e-81,0,2.841903438014,-0.5482681530875,-14.32546496805,0.04610401534805,1.318551154652,-14.90096058955,-26443.56363554,5032.042846084,0,0,259261.900,2296,48,0,79801.52275376
80000,-15511025.76549,2973924.172733,21128876.15722,0,0,0,-0.6761732600914,-0.5484867307679,29567220.67366,29523238.9005461,155145575.1357,0.0001467367397565,0,0,0,8.794778784512,1.257272658941e-81,0,2.841899986765,-0.5483336791985,-14.32635454507,0.0461260656012,1.318561513899,-14.90129785511,-26443.13735654,5031.961727887,0,0,259262.000,2296,48,0,79901.52107529
80100,-15511117.288,2973664.97555,21128849.75895,0,0,0,-0.6761933898592,-0.5485522967619,29567723.84696,29523742.0730054,155148219.3292,0.0001467367412095,0,0,0,8.794367069981,1.257075256258e-81,0,2.841896534749,-0.548399203811,-14.32724410175,0.04614811684225,1.318571874063,-14.90163502973,-26441.39138432,5031.629480422,0,0,259262.100,2296,48,0,80001.51939689
80200,-15511208.81174,2973405.779213,21128823.3561,0,0,0,-0.6762135254462,-0.548617861735,29568226.9996,29524245.2247945,155150863.414,0.0001467367426625,0,0,0,8.793955281538,1.256877844745e-81,0,2.841893081728,-0.5484647275792,-14.32813364696,0.04617017078466,1.318582235144,-14.90197212231,-26440.30516083,5031.422778964,0,0,259262.200,2296,48,0,80101.51771855
80300,-15511300.33672,2973146.583724,21128796.94866,0,0,0,-0.6762336668533,-0.5486834256871,29568730.13157,29524748.3559114,155153507.3902,0.0001467367441155,0,0,0,8.793543419201,1.256680424424e-81,0,2.84188962874,-0.5485302506916,-14.32902318328,0.04619222315302,1.318592597142,-14.90230913542,-26439.21875136,5031.216042116,0,0,259262.300,2296,48,0,80201.51604029
80400,-15511391.86293,2972887.389082,21128770.53663,0,0,0,-0.6762538140811,-0.5487489886185,29569233.24286,29525251.466354,155156151.2577,0.0001467367455685,0,0,0,8.793131482989,1.256482995314e-81,0,2.841886171792,-0.5485957725175,-14.32991270212,0.04621427664401,1.318602960057,-14.9026460605,-26438.13220486,5031.009279191,0,0,259262.400,2296,48,0,80301.51436209
80500,-15511483.39038,2972628.195287,21128744.12001,0,0,0,-0.6762739671304,-0.5488145505291,29569736.33347,29525754.5561205,155158795.0166,0.0001467367470215,0,0,0,8.792719472922,1.256285557438e-81,0,2.841882715782,-0.5486612931635,-14.33080220495,0.04623633241099,1.318613323889,-14.902982899,-26437.04565836,5030.802516267,0,0,259262.500,2296,48,0,80401.51268396
80600,-15511574.91907,2972369.00234,21128717.69881,0,0,0,-0.6762941260019,-0.5488801114191,29570239.40341,29526257.6252088,155161438.6669,0.0001467367484745,0,0,0,8.792307389018,1.256088110815e-81,0,2.841879258721,-0.5487268129131,-14.33169169561,0.04625838823168,1.318623688638,-14.90331965477,-26435.95894545,5030.595721677,0,0,259262.600,2296,48,0,80501.51100591
80700,-15511666.449,2972109.81024,21128691.27301,0,0,0,-0.6763142906963,-0.5489456712884,29570742.45266,29526760.6736171,155164082.2084,0.0001467367499276,0,0,0,8.791895231298,1.255890655467e-81,0,2.841875800463,-0.5487923316937,-14.33258117312,0.04628044750209,1.318634054304,-14.90365632685,-26434.87214445,5030.388910323,0,0,259262.700,2296,48,0,80601.50932792
80800,-15511757.98017,2971850.618988,21128664.84263,0,0,0,-0.6763344612143,-0.5490112301372,29571245.48124,29527263.7013432,155166725.6413,0.0001467367513806,0,0,0,8.79148299978,1.255693191415e-81,0,2.841872342779,-0.5488578494506,-14.33347063672,0.04630250334501,1.318644420886,-14.90399291448,-26433.78524557,5030.182080343,0,0,259262.800,2296,48,0,80701.50765
80900,-15511849.51257,2971591.428583,21128638.40767,0,0,0,-0.6763546375566,-0.5490767879655,29571748.48913,29527766.7083854,155169368.9655,0.0001467367528336,0,0,0,8.791070694483,1.25549571868e-81,0,2.841868880818,-0.5489233662876,-14.33436008784,0.04632456307523,1.318654788385,-14.90432941909,-26432.69826839,5029.975235462,0,0,259262.900,2296,48,0,80801.50597215
81000,-15511941.04621,2971332.239026,21128611.96811,0,0,0,-0.676374819724,-0.5491423447733,29572251.47633,29528269.6944903,155172012.1823,0.0001467367542867,0,0,0,8.790407172617,1.255298237281e-81,0,2.841865419711,-0.54898888219,-14.33524952627,0.04634662249477,1.318665156801,-14.90466584049,-26432.2710595,5029.893940315,0,0,259263.000,2296,48,0,80901.50429437
81100,-15512032.58109,2971073.050316,21128585.52397,0,0,0,-0.6763950077172,-0.5492079005608,29572754.44285,29528772.6601584,155174655.289,0.0001467367557397,0,0,0,8.789994716977,1.255100747242e-81,0,2.841861957806,-0.5490543963598,-14.33613894118,0.04636868180166,1.318675526133,-14.90500216784,-26430.52395185,5029.561476782,0,0,259263.100,2296,48,0,81001.50261665
81200,-15512124.1172,2970813.862454,21128559.07524,0,0,0,-0.6764152015369,-0.549273455328,29573257.38867,29529275.6051366,155177298.2871,0.0001467367571928,0,0,0,8.789582187622,1.254903248582e-81,0,2.841858494446,-0.5491199102786,-14.33702835268,0.0463907461204,1.318685896381,-14.90533842126,-26429.43666143,5029.354572296,0,0,259263.200,2296,48,0,81101.50093901
81300,-15512215.65455,2970554.675441,21128532.62192,0,0,0,-0.6764354011838,-0.549339009075,29573760.31381,29529778.5294229,155179941.1764,0.0001467367586458,0,0,0,8.789169584571,1.254705741321e-81,0,2.841855030021,-0.5491854227733,-14.33791774485,0.04641280711393,1.318696267545,-14.90567458484,-26428.34929272,5029.147652909,0,0,259263.300,2296,48,0,81201.49926143
81400,-15512307.19314,2970295.489275,21128506.16401,0,0,0,-0.6764556066587,-0.5494045618018,29574263.21825,29530281.4330152,155182583.9569,0.0001467367600989,0,0,0,8.788756907844,1.254508225482e-81,0,2.841851566604,-0.5492509343953,-14.33880712517,0.04643487014712,1.318706639625,-14.90601066607,-26427.26181633,5028.940713033,0,0,259263.400,2296,48,0,81301.49758393
81500,-15512398.73297,2970036.303956,21128479.70152,0,0,0,-0.6764758179622,-0.5494701135085,29574766.10199,29530784.3159117,155185226.6287,0.000146736761552,0,0,0,8.788344157461,1.254310701084e-81,0,2.841848098536,-0.5493164452737,-14.33969649539,0.04645693427545,1.318717012622,-14.9063466667,-26426.17415396,5028.733737767,0,0,259263.500,2296,48,0,81401.49590649
81600,-15512490.27403,2969777.119486,21128453.23443,0,0,0,-0.6764960350952,-0.5495356641951,29575268.96504,29531287.1781103,155187869.1917,0.000146736763005,0,0,0,8.787931333439,1.254113168149e-81,0,2.841844631209,-0.5493819550114,-14.34058585013,0.0464789998139,1.318727386534,-14.90668258136,-26425.08645244,5028.52675505,0,0,259263.600,2296,48,0,81501.49422912
81700,-15512581.81633,2969517.935864,21128426.76276,0,0,0,-0.6765162580583,-0.5496012138618,29575771.80739,29531790.0196092,155190511.646,0.0001467367644581,0,0,0,8.7875184358,1.253915626698e-81,0,2.841841162991,-0.5494474632259,-14.34147518419,0.04650106821124,1.318737761362,-14.90701840485,-26423.9986041,5028.319744393,0,0,259263.700,2296,48,0,81601.49255183
81800,-15512673.35987,2969258.753091,21128400.28651,0,0,0,-0.6765364868522,-0.5496667625086,29576274.62903,29532292.8404063,155193153.9915,0.0001467367659112,0,0,0,8.787105464561,1.25371807675e-81,0,2.841837693755,-0.5495129707555,-14.34236450895,0.0465231338002,1.318748137106,-14.90735414856,-26422.91071661,5028.112726286,0,0,259263.800,2296,48,0,81701.4908746
81900,-15512764.90465,2968999.571165,21128373.80566,0,0,0,-0.6765567214777,-0.5497323101355,29576777.42997,29532795.6404997,155195796.2281,0.0001467367673643,0,0,0,8.786692419742,1.253520518329e-81,0,2.841834223051,-0.5495784773016,-14.34325382036,0.04654520079614,1.318758513766,-14.90768980844,-26421.82256483,5027.905657887,0,0,259263.900,2296,48,0,81801.48919744
82000,-15512856.45066,2968740.390087,21128347.32023,0,0,0,-0.6765769619355,-0.5497978567426,29577280.21021,29533298.4196361,155198438.3573,0.0001467367688174,0,0,0,8.786028109334,1.253322951453e-81,0,2.841830753363,-0.5496439829289,-14.3441431193,0.04656726923323,1.318768891341,-14.90802538538,-26421.39450436,5027.82420069,0,0,259264.000,2296,64,0,81901.48752034
82100,-15512947.99791,2968481.209858,21128320.83021,0,0,0,-0.6765972082264,-0.54986340233,29577782.96974,29533801.1783161,155201080.3763,0.0001467367702704,0,0,0,8.78561491463,1.253125376144e-81,0,2.841827279395,-0.5497094873631,-14.34503240204,0.04658934122739,1.318779269831,-14.90836087567,-26419.64622211,5027.49151364,0,0,259264.100,2296,64,0,82001.48584332
82200,-15513039.5464,2968222.030477,21128294.3356,0,0,0,-0.6766174603509,-0.5499289468978,29578285.70856,29534303.9162865,155203722.2865,0.0001467367717235,0,0,0,8.78520164641,1.252927792423e-81,0,2.841823806053,-0.5497749908521,-14.34592167194,0.04661141247316,1.318789649237,-14.90869628266,-26418.55784521,5027.2844024,0,0,259264.200,2296,64,0,82101.48416637
82300,-15513131.09612,2967962.851945,21128267.8364,0,0,0,-0.67663771831,-0.5499944904459,29578788.42667,29534806.6335452,155206364.0879,0.0001467367731766,0,0,0,8.784788304693,1.252730200311e-81,0,2.841820332026,-0.5498404929929,-14.34681092355,0.04663348253026,1.318800029558,-14.9090316009,-26417.46943893,5027.077285573,0,0,259264.300,2296,64,0,82201.48248948
82400,-15513222.64708,2967703.674261,21128241.33262,0,0,0,-0.6766579821042,-0.5500600329746,29579291.12406,29535309.3300904,155209005.7804,0.0001467367746297,0,0,0,8.784374889499,1.252532599827e-81,0,2.84181685652,-0.5499059943557,-14.34770016459,0.04665555547606,1.318810410794,-14.90936683814,-26416.38086626,5026.870137081,0,0,259264.400,2296,64,0,82301.48081267
82500,-15513314.19928,2967444.497426,21128214.82425,0,0,0,-0.6766782517343,-0.5501255744837,29579793.80074,29535812.0059201,155211647.3641,0.0001467367760829,0,0,0,8.783961400846,1.252334990995e-81,0,2.841813381683,-0.5499714951202,-14.34858939751,0.04667762736046,1.318820792946,-14.90970199681,-26415.29221528,5026.662973687,0,0,259264.500,2296,64,0,82401.47913592
82600,-15513405.75271,2967185.321439,21128188.31129,0,0,0,-0.6766985272011,-0.5501911149735,29580296.4567,29536314.6610322,155214288.8389,0.000146736777536,0,0,0,8.783547838755,1.252137373832e-81,0,2.841809902667,-0.5500369943388,-14.34947860944,0.04669970376605,1.318831176012,-14.91003706407,-26414.20349578,5026.455797255,0,0,259264.600,2296,64,0,82501.47745925
82700,-15513497.30738,2966926.146301,21128161.79374,0,0,0,-0.6767188085053,-0.5502566544439,29580799.09194,29536817.2954249,155216930.2048,0.0001467367789891,0,0,0,8.783134203244,1.251939748363e-81,0,2.841806424397,-0.5501024924367,-14.35036780616,0.04672177955072,1.318841559993,-14.91037204568,-26413.11458051,5026.24858357,0,0,259264.700,2296,64,0,82601.47578264
82800,-15513588.86329,2966666.972012,21128135.27161,0,0,0,-0.6767390956476,-0.5503221928951,29581301.70646,29537319.9090961,155219571.4618,0.0001467367804422,0,0,0,8.782720494333,1.251742114605e-81,0,2.841802945071,-0.5501679898412,-14.35125699346,0.04674385362511,1.31885194489,-14.91070694747,-26412.02564567,5026.04136616,0,0,259264.800,2296,64,0,82701.4741061
82900,-15513680.42044,2966407.798571,21128108.74489,0,0,0,-0.6767593886286,-0.550387730327,29581804.30026,29537822.502044,155222212.6099,0.0001467367818953,0,0,0,8.782306712041,1.251544472581e-81,0,2.841799464596,-0.5502334860472,-14.35214616449,0.04676593129179,1.3188623307,-14.91104176256,-26410.93655422,5025.834118947,0,0,259264.900,2296,64,0,82801.47242963
83000,-15513771.97882,2966148.62598,21128082.21358,0,0,0,-0.6767796874493,-0.5504532667398,29582306.87333,29538325.0740152,155224853.6504,0.0001467367833485,0,0,0,8.781641615766,1.251346822311e-81,0,2.841795983218,-0.5502989813254,-14.35303532293,0.0467880083279,1.318872717426,-14.91137649466,-26410.50766176,5025.752503425,0,0,259265.000,2296,64,0,82901.47075323
83100,-15513863.53844,2965889.454237,21128055.67768,0,0,0,-0.6767999921102,-0.5505188021336,29582809.42568,29538827.6255103,155227494.5807,0.0001467367848016,0,0,0,8.781227684047,1.251149163817e-81,0,2.841792502508,-0.5503644755689,-14.35392446732,0.04681008833164,1.318883105066,-14.9117111423,-26408.75822449,5025.419596583,0,0,259265.100,2296,64,0,83001.4690769
83200,-15513955.09929,2965630.283343,21128029.1372,0,0,0,-0.6768203026121,-0.5505843365083,29583311.95729,29539330.1562761,155230135.4021,0.0001467367862547,0,0,0,8.780813679011,1.250951497118e-81,0,2.841789017315,-0.5504299691385,-14.35481360256,0.04683216960086,1.31889349362,-14.91204571041,-26407.66879045,5025.212284178,0,0,259265.200,2296,64,0,83101.46740064
83300,-15514046.66139,2965371.113298,21128002.59213,0,0,0,-0.6768406189558,-0.550649869864,29583814.46818,29539832.6663107,155232776.1145,0.0001467367877079,0,0,0,8.780399600678,1.250753822235e-81,0,2.841785532948,-0.5504954610653,-14.3557027155,0.0468542494406,1.318903883089,-14.91238018581,-26406.57939556,5025.004979223,0,0,259265.300,2296,64,0,83201.46572444
83400,-15514138.22472,2965111.944102,21127976.04247,0,0,0,-0.6768609411419,-0.5507154022009,29584316.95833,29540335.155612,155235416.7179,0.000146736789161,0,0,0,8.779985449066,1.25055613919e-81,0,2.841782047446,-0.5505609523749,-14.35659182006,0.04687633165304,1.318914273472,-14.91271458246,-26405.48976575,5024.797629565,0,0,259265.400,2296,64,0,83301.46404832
83500,-15514229.78928,2964852.775756,21127949.48822,0,0,0,-0.6768812691712,-0.550780933519,29584819.42774,29540837.6241782,155238057.2124,0.0001467367906142,0,0,0,8.779571224194,1.250358448004e-81,0,2.841778560987,-0.5506264422224,-14.35748090477,0.04689841214779,1.318924664769,-14.91304888888,-26404.40009679,5024.590272456,0,0,259265.500,2296,64,0,83401.46237226
83600,-15514321.35509,2964593.608259,21127922.92938,0,0,0,-0.6769016030444,-0.5508464638182,29585321.87642,29541340.0720071,155240697.5979,0.0001467367920673,0,0,0,8.779156926083,1.250160748696e-81,0,2.841775073159,-0.5506919315418,-14.35836998231,0.04692049850079,1.31893505698,-14.91338311776,-26403.31025164,5024.38288182,0,0,259265.600,2296,64,0,83501.46069628
83700,-15514412.92212,2964334.441611,21127896.36596,0,0,0,-0.6769219427623,-0.5509119930988,29585824.30436,29541842.499097,155243337.8745,0.0001467367935205,0,0,0,8.778742554752,1.249963041288e-81,0,2.841771586322,-0.5507574197974,-14.35925904541,0.04694258191363,1.318945450105,-14.91371726184,-26402.22038692,5024.175487459,0,0,259265.700,2296,64,0,83601.45902036
83800,-15514504.4904,2964075.275812,21127869.79795,0,0,0,-0.6769422883255,-0.5509775213608,29586326.71156,29542344.9054457,155245978.042,0.0001467367949737,0,0,0,8.778328110219,1.2497653258e-81,0,2.841768095004,-0.5508229067843,-14.36014809129,0.04696466714736,1.318955844144,-14.91405131833,-26401.13036558,5023.968063295,0,0,259265.800,2296,64,0,83701.45734452
83900,-15514596.05991,2963816.110863,21127843.22535,0,0,0,-0.6769626397348,-0.5510430486042,29586829.09802,29542847.2910514,155248618.1005,0.0001467367964268,0,0,0,8.777913592504,1.249567602254e-81,0,2.841764604857,-0.5508883929043,-14.3610371254,0.04698675316903,1.318966239097,-14.9143852927,-26400.04027573,5023.760626093,0,0,259265.900,2296,64,0,83801.45566874
84000,-15514687.63066,2963556.946763,21127816.64817,0,0,0,-0.676982996991,-0.5511085748291,29587331.46373,29543349.6556608,155251258.0514,0.00014673679788,0,0,0,8.77724771304,1.249369870669e-81,0,2.841761113422,-0.5509538776871,-14.36192614135,0.04700883908597,1.318976634964,-14.91471917856,-26399.61033592,5023.678811267,0,0,259266.000,2296,64,0,83901.45399303
84100,-15514779.20265,2963297.783512,21127790.06639,0,0,0,-0.6770033600947,-0.5511741000355,29587833.80869,29543851.9997745,155253897.8919,0.0001467367993332,0,0,0,8.776833046358,1.249172131067e-81,0,2.841757620411,-0.5510193618787,-14.36281514928,0.04703092980188,1.318987031744,-14.91505298606,-26397.85971427,5023.345679045,0,0,259266.100,2296,64,0,84001.45231739
84200,-15514870.77587,2963038.621112,21127763.48003,0,0,0,-0.6770237290467,-0.5512396242236,29588336.13291,29544354.3231392,155256537.6233,0.0001467368007864,0,0,0,8.776418306559,1.248974383469e-81,0,2.841754128584,-0.5510848450105,-14.36370414281,0.0470530177007,1.318997429437,-14.91538670884,-26396.76939929,5023.138199002,0,0,259266.200,2296,64,0,84101.45064182
84300,-15514962.35033,2962779.459561,21127736.88909,0,0,0,-0.6770441038478,-0.5513051473933,29588838.43637,29544856.625753,155259177.2457,0.0001467368022396,0,0,0,8.776003493661,1.248776627894e-81,0,2.841750632208,-0.5511503270152,-14.36459312105,0.04707510801826,1.319007828044,-14.91572034599,-26395.6788298,5022.93067053,0,0,259266.300,2296,64,0,84201.44896632
84400,-15515053.92603,2962520.298859,21127710.29355,0,0,0,-0.6770644844986,-0.5513706695448,29589340.71908,29545358.9076139,155261816.7591,0.0001467368036928,0,0,0,8.775588607683,1.248578864365e-81,0,2.841747137014,-0.5512158076933,-14.36548208128,0.04709719809488,1.319018227565,-14.91605389481,-26394.58822117,5022.723134607,0,0,259266.400,2296,64,0,84301.44729089
84500,-15515145.50296,2962261.139008,21127683.69343,0,0,0,-0.6770848709998,-0.5514361906781,29589842.98104,29545861.16872,155264456.1634,0.000146736805146,0,0,0,8.775173648646,1.248381092901e-81,0,2.841743640273,-0.5512812878717,-14.36637103472,0.04711928969612,1.319028627998,-14.91638736652,-26393.49753423,5022.515583783,0,0,259266.500,2296,64,0,84401.44561552
84600,-15515237.08113,2962001.980006,21127657.08872,0,0,0,-0.6771052633523,-0.5515017107933,29590345.22224,29546363.4090694,155267095.4586,0.0001467368065992,0,0,0,8.774758616568,1.248183313524e-81,0,2.841740142453,-0.551346767064,-14.36725997478,0.04714138423114,1.319039029345,-14.91672075454,-26392.40665153,5022.307995707,0,0,259266.600,2296,64,0,84501.44394023
84700,-15515328.66053,2961742.821854,21127630.47942,0,0,0,-0.6771256615567,-0.5515672298904,29590847.44268,29546865.6286599,155269734.6447,0.0001467368080524,0,0,0,8.774343511469,1.247985526254e-81,0,2.841736644008,-0.5514122447358,-14.3681488942,0.04716347823217,1.319049431605,-14.91705405161,-26391.31585691,5022.100424394,0,0,259266.700,2296,64,0,84601.44226501
84800,-15515420.24117,2961483.664552,21127603.86554,0,0,0,-0.6771460656138,-0.5516327479696,29591349.64236,29547367.8274897,155272373.7218,0.0001467368095056,0,0,0,8.773928333369,1.247787731112e-81,0,2.841733146017,-0.5514777215831,-14.36903780242,0.04718557212305,1.319059834778,-14.91738726719,-26390.22478823,5021.892800927,0,0,259266.800,2296,64,0,84701.44058985
84900,-15515511.82305,2961224.5081,21127577.24706,0,0,0,-0.6771664755243,-0.5516982650308,29591851.82128,29547870.0055568,155275012.6897,0.0001467368109588,0,0,0,8.773513082285,1.247589928118e-81,0,2.841729643498,-0.5515431974455,-14.36992669727,0.04720766546875,1.319070238863,-14.91772039911,-26389.13363146,5021.685160697,0,0,259266.900,2296,64,0,84801.43891477
85000,-15515603.40616,2960965.352498,21127550.624,0,0,0,-0.6771868912889,-0.5517637810741,29592353.97943,29548372.1626079,155277651.5498,0.000146736812412,0,0,0,8.772846422313,1.247392117294e-81,0,2.841726141865,-0.5516086726082,-14.37081558262,0.04722976308811,1.319080643862,-14.91805345124,-26388.70278134,5021.603172645,0,0,259267.000,2296,64,0,84901.43723975
85100,-15515694.99051,2960706.197746,21127523.99635,0,0,0,-0.6772073129084,-0.5518292960997,29592856.11682,29548874.2991437,155280290.2995,0.0001467368138652,0,0,0,8.772431022723,1.247194298659e-81,0,2.84172263912,-0.5516741464744,-14.37170445037,0.04725186222592,1.319091049773,-14.91838641549,-26386.95104383,5021.269828081,0,0,259267.100,2296,64,0,85001.4355648
85200,-15515786.5761,2960447.043845,21127497.36412,0,0,0,-0.6772277403835,-0.5518948101075,29593358.23344,29549376.414911,155282928.94,0.0001467368153185,0,0,0,8.772015550214,1.246996472235e-81,0,2.841719135174,-0.5517396191184,-14.37259330153,0.04727395996122,1.319101456596,-14.91871929288,-26385.85963256,5021.062139422,0,0,259267.200,2296,64,0,85101.43388992
85300,-15515878.16292,2960187.890793,21127470.7273,0,0,0,-0.6772481737149,-0.5519603230976,29593860.32929,29549878.5099077,155285567.4714,0.0001467368167717,0,0,0,8.771600004806,1.246798638043e-81,0,2.841715630306,-0.5518050908711,-14.37348214058,0.04729605815012,1.319111864333,-14.91905208789,-26384.76808425,5020.854424685,0,0,259267.300,2296,64,0,85201.43221512
85400,-15515969.75098,2959928.738592,21127444.08589,0,0,0,-0.6772686129034,-0.5520258350701,29594362.40436,29550380.5841318,155288205.8936,0.0001467368182249,0,0,0,8.771184386519,1.246600796102e-81,0,2.841712126282,-0.5518705617137,-14.37437096728,0.04731815636465,1.319122272981,-14.91938480029,-26383.67639891,5020.646683872,0,0,259267.400,2296,64,0,85301.43054038
85500,-15516061.34028,2959669.587241,21127417.43989,0,0,0,-0.6772890579497,-0.5520913460251,29594864.45866,29550882.6375816,155290844.2067,0.0001467368196782,0,0,0,8.770768695371,1.246402946434e-81,0,2.841708617807,-0.55193603127,-14.37525977652,0.04734025806279,1.319132682542,-14.91971742497,-26382.58464505,5020.43893002,0,0,259267.500,2296,64,0,85401.42886571
85600,-15516152.93081,2959410.436741,21127390.7893,0,0,0,-0.6773095088546,-0.5521568559626,29595366.49219,29551384.6702548,155293482.4105,0.0001467368211314,0,0,0,8.770352931382,1.24620508906e-81,0,2.841705110209,-0.552001500322,-14.37614857892,0.04736236190324,1.319143093015,-14.92004997256,-26381.49276394,5020.231151953,0,0,259267.600,2296,64,0,85501.42719111
85700,-15516244.52258,2959151.287091,21127364.13413,0,0,0,-0.6773299656186,-0.5522223648826,29595868.50493,29551886.6821497,155296120.5052,0.0001467368225847,0,0,0,8.769937094571,1.246007223999e-81,0,2.841701601197,-0.5520669680221,-14.37703736296,0.04738446477587,1.3191535044,-14.92038243155,-26380.40072622,5020.023344085,0,0,259267.700,2296,64,0,85601.42551657
85800,-15516336.11558,2958892.138292,21127337.47437,0,0,0,-0.6773504282427,-0.5522878727853,29596370.4969,29552388.6732643,155298758.4907,0.0001467368240379,0,0,0,8.769521184959,1.245809351273e-81,0,2.841698091386,-0.5521324344924,-14.3779261303,0.04740656824502,1.319163916697,-14.9207148036,-26379.30875701,5019.815549254,0,0,259267.800,2296,64,0,85701.42384211
85900,-15516427.70982,2958632.990344,21127310.81003,0,0,0,-0.6773708967275,-0.5523533796707,29596872.46808,29552890.6435965,155301396.367,0.0001467368254912,0,0,0,8.769105202563,1.245611470903e-81,0,2.841694582301,-0.5521979002522,-14.378814888,0.04742867243155,1.319174329906,-14.92104709578,-26378.21662141,5019.607722759,0,0,259267.900,2296,64,0,85801.42216772
86000,-15516519.3053,2958373.843246,21127284.14109,0,0,0,-0.6773913710738,-0.5524188855389,29597374.41848,29553392.592893,155304034.1353,0.0001467368269444,0,0,0,8.768437764768,1.245413582909e-81,0,2.841691068996,-0.5522633647992,-14.37970362923,0.04745077828839,1.319184744027,-14.92137930126,-26377.78488056,5019.525565207,0,0,259268.000,2296,64,0,85901.4204934
86100,-15516610.90201,2958114.696999,21127257.46757,0,0,0,-0.6774118512823,-0.5524843903899,29597876.3481,29553894.5216547,155306671.7932,0.0001467368283977,0,0,0,8.768021634326,1.245215687312e-81,0,2.841687556135,-0.5523288283846,-14.38059235741,0.04747288585181,1.31919515906,-14.92171142348,-26376.03196846,5019.191997126,0,0,259268.100,2296,64,0,86001.41881914
86200,-15516702.49996,2957855.551602,21127230.78946,0,0,0,-0.6774323373537,-0.5525498942238,29598378.25692,29554396.4296283,155309309.3417,0.000146736829851,0,0,0,8.767605431165,1.245017784131e-81,0,2.841684041904,-0.5523942914185,-14.3814810781,0.04749499323096,1.319205575004,-14.92204346799,-26374.93948048,5018.984103575,0,0,259268.200,2296,64,0,86101.41714496
86300,-15516794.09914,2957596.407057,21127204.10676,0,0,0,-0.6774528292888,-0.5526153970407,29598880.14496,29554898.3168116,155311946.7811,0.0001467368313042,0,0,0,8.767189155305,1.244819873389e-81,0,2.841680526859,-0.5524597530264,-14.38236977943,0.04751710120842,1.31921599186,-14.92237542294,-26373.84697292,5018.7762063,0,0,259268.300,2296,64,0,86201.41547084
86400,-15516885.69956,2957337.263362,21127177.41948,0,0,0,-0.6774733270883,-0.5526808988406,29599382.0122,29555400.1832028,155314584.1111,0.0001467368327575,0,0,0,8.766772806765,1.244621955106e-81,0,2.841677011215,-0.5525252135482,-14.38325846602,0.04753921012196,1.319226409628,-14.92270729294,-26372.75432833,5018.568282947,0,0,259268.400,2296,64,0,86301.4137968
86500,-15516977.30122,2957078.120518,21127150.72761,0,0,0,-0.6774938307529,-0.5527463996236,29599883.85865,29555902.0288,155317221.3319,0.0001467368342108,0,0,0,8.766356385565,1.244424029302e-81,0,2.841673496023,-0.5525906727766,-14.38414713505,0.04756131984709,1.319236828307,-14.92303907518,-26371.66161522,5018.360346556,0,0,259268.500,2296,64,0,86401.41212282
86600,-15517068.90411,2956818.978526,21127124.03115,0,0,0,-0.6775143402834,-0.5528118993898,29600385.6843,29556403.8536011,155319858.4434,0.0001467368356641,0,0,0,8.765939891723,1.244226095998e-81,0,2.841669976202,-0.5526561314941,-14.38503579714,0.04758343240633,1.319247247897,-14.92337078031,-26370.56863782,5018.152359873,0,0,259268.600,2296,64,0,86501.41044891
86700,-15517160.50824,2956559.837384,21127097.3301,0,0,0,-0.6775348556806,-0.5528773981391,29600887.48916,29556905.6576042,155322495.4456,0.0001467368371174,0,0,0,8.765523325259,1.244028155214e-81,0,2.84166645698,-0.5527215892685,-14.38592444643,0.0476055441955,1.319257668398,-14.92370240244,-26369.47561149,5017.944363877,0,0,259268.700,2296,64,0,86601.40877507
86800,-15517252.1136,2956300.697094,21127070.62447,0,0,0,-0.677555376945,-0.5529428958717,29601389.27321,29557407.4408074,155325132.3385,0.0001467368385707,0,0,0,8.765106686193,1.243830206971e-81,0,2.841662936988,-0.552787045614,-14.38681307632,0.04762765691405,1.31926808981,-14.924033935,-26368.38260473,5017.736371607,0,0,259268.800,2296,64,0,86701.40710131
86900,-15517343.7202,2956041.557655,21127043.91425,0,0,0,-0.6775759040776,-0.5530083925877,29601891.03647,29557909.2032086,155327769.1221,0.000146736840024,0,0,0,8.764689974544,1.243632251291e-81,0,2.841659416124,-0.5528525009279,-14.38770169221,0.047649769954,1.319278512134,-14.92436538338,-26367.28937284,5017.528336495,0,0,259268.900,2296,64,0,86801.40542761
87000,-15517435.32804,2955782.419067,21127017.19944,0,0,0,-0.6775964370789,-0.5530738882871,29602392.77892,29558410.9445545,155330405.7977,0.0001467368414773,0,0,0,8.764021761615,1.243434288193e-81,0,2.84165589542,-0.5529179553579,-14.38859029609,0.04767188450679,1.319288935368,-14.9246967496,-26366.85666295,5017.445994541,0,0,259269.000,2296,64,0,86901.40375398
87100,-15517526.93711,2955523.28133,21126990.48005,0,0,0,-0.6776169759499,-0.55313938297,29602894.50056,29558912.665346,155333042.3627,0.0001467368429306,0,0,0,8.763604902381,1.243236317698e-81,0,2.841652370544,-0.5529834090546,-14.38947889002,0.04769400264683,1.319299359513,-14.92502803571,-26365.10260563,5017.11220853,0,0,259269.100,2296,64,0,87001.40208042
87200,-15517618.54741,2955264.144445,21126963.75606,0,0,0,-0.6776375206911,-0.5532048766364,29603396.2014,29559414.3653297,155335678.8183,0.0001467368443839,0,0,0,8.763187970628,1.243038339826e-81,0,2.841648846737,-0.5530488613106,-14.3903674644,0.0477161202686,1.319309784569,-14.9253592321,-26364.00908988,5016.904119402,0,0,259269.200,2296,64,0,87101.40040693
87300,-15517710.15896,2955005.008412,21126937.02749,0,0,0,-0.6776580713034,-0.5532703692864,29603897.88143,29559916.0445036,155338315.1645,0.0001467368458373,0,0,0,8.762770966376,1.242840354599e-81,0,2.84164532188,-0.5531143127584,-14.39125602779,0.0477382366961,1.319320210536,-14.92569034738,-26362.91554476,5016.696024686,0,0,259269.300,2296,64,0,87201.3987335
87400,-15517801.77174,2954745.873229,21126910.29434,0,0,0,-0.6776786277874,-0.55333586092,29604399.54064,29560417.7028658,155340951.4014,0.0001467368472906,0,0,0,8.762353889644,1.242642362037e-81,0,2.841641795321,-0.5531797630914,-14.39214457606,0.04776035470149,1.319330637413,-14.92602137738,-26361.82173537,5016.487879679,0,0,259269.400,2296,64,0,87301.39706015
87500,-15517893.38575,2954486.738899,21126883.55659,0,0,0,-0.6776991901439,-0.5534013515374,29604901.17904,29560919.3404144,155343587.5289,0.0001467368487439,0,0,0,8.761936740451,1.24244436216e-81,0,2.841638268169,-0.5532452124774,-14.39303311147,0.04778247387092,1.3193410652,-14.92635232439,-26360.72797491,5016.279743984,0,0,259269.500,2296,64,0,87401.39538687
87600,-15517985.001,2954227.60542,21126856.81426,0,0,0,-0.6777197583737,-0.5534668411386,29605402.79663,29561420.9571473,155346223.547,0.0001467368501972,0,0,0,8.761519518817,1.242246354989e-81,0,2.84163474172,-0.5533106608328,-14.39392163289,0.04780459495833,1.319351493898,-14.92668318728,-26359.63412636,5016.071591526,0,0,259269.600,2296,64,0,87501.39371366
87700,-15518076.61748,2953968.472793,21126830.06734,0,0,0,-0.6777403324775,-0.5535323297236,29605904.3934,29561922.5530626,155348859.4557,0.0001467368516506,0,0,0,8.761102224761,1.242048340545e-81,0,2.841631210978,-0.553376108211,-14.39481014104,0.04782671610165,1.319361923506,-14.92701396678,-26358.54007226,5015.863399953,0,0,259269.700,2296,64,0,87601.39204051
87800,-15518168.23521,2953709.341017,21126803.31583,0,0,0,-0.677760912456,-0.5535978172925,29606405.96934,29562424.1281584,155351495.255,0.0001467368531039,0,0,0,8.760684858303,1.241850318848e-81,0,2.84162768075,-0.5534415545143,-14.3956986346,0.04784883822391,1.319372354025,-14.92734466158,-26357.44600837,5015.655206516,0,0,259269.800,2296,64,0,87701.39036744
87900,-15518259.85416,2953450.210094,21126776.55974,0,0,0,-0.6777814983099,-0.5536633038454,29606907.52447,29562925.6824326,155354130.9449,0.0001467368545573,0,0,0,8.760267419462,1.241652289919e-81,0,2.841624149514,-0.5535069998744,-14.39658711535,0.04787096141903,1.319382785453,-14.92767527345,-26356.35168019,5015.446962789,0,0,259269.900,2296,64,0,87801.38869443
88000,-15518351.47435,2953191.080022,21126749.79906,0,0,0,-0.6778020900401,-0.5537287893824,29607409.05878,29563427.2156319,155356766.5267,0.0001467368560106,0,0,0,8.759598434092,1.241454253778e-81,0,2.841620617284,-0.5535724443456,-14.39747558404,0.04789308614013,1.319393217791,-14.92800580316,-26355.91822639,5015.364479274,0,0,259270.000,2296,64,0,87901.3870215
88100,-15518443.09578,2952931.950802,21126723.03379,0,0,0,-0.6778226876472,-0.5537942739034,29607910.57225,29563928.7282573,155359401.9977,0.000146736857464,0,0,0,8.759180848128,1.241256210446e-81,0,2.841617083869,-0.5536378874925,-14.39836403474,0.04791521337383,1.31940365104,-14.92833624479,-26354.16304342,5015.030479059,0,0,259270.100,2296,64,0,88001.38534863
88200,-15518534.71844,2952672.822435,21126696.26394,0,0,0,-0.677843291132,-0.5538597574087,29608412.06491,29564430.2200553,155362037.3593,0.0001467368589173,0,0,0,8.758763189845,1.241058159944e-81,0,2.841613551348,-0.5537033295101,-14.39925247012,0.04793733874162,1.319414085198,-14.928666601,-26353.06847053,5014.822188765,0,0,259270.200,2296,64,0,88101.38367584
88300,-15518626.34234,2952413.694919,21126669.4895,0,0,0,-0.6778639004952,-0.5539252398981,29608913.53673,29564931.6910239,155364672.6114,0.0001467368603707,0,0,0,8.758345459264,1.240860102291e-81,0,2.841610014249,-0.5537687710786,-14.4001408994,0.04795946324244,1.319424520266,-14.92899688102,-26351.97390744,5014.613900334,0,0,259270.300,2296,64,0,88201.38200311
88400,-15518717.96748,2952154.568255,21126642.71047,0,0,0,-0.6778845157375,-0.5539907213719,29609414.98772,29565433.1411613,155367307.754,0.0001467368618241,0,0,0,8.757927656402,1.240662037509e-81,0,2.841606477783,-0.553834211472,-14.40102931272,0.04798159125173,1.319434956243,-14.92932707501,-26350.87913879,5014.405572787,0,0,259270.400,2296,64,0,88301.38033045
88500,-15518809.59385,2951895.442444,21126615.92685,0,0,0,-0.6779051368598,-0.55405620183,29609916.41788,29565934.5704653,155369942.7872,0.0001467368632774,0,0,0,8.75750978128,1.240463965619e-81,0,2.841602940427,-0.5538996505081,-14.40191770762,0.04800371995366,1.31944539313,-14.9296571805,-26349.78431142,5014.197234064,0,0,259270.500,2296,64,0,88401.37865786
88600,-15518901.22145,2951636.317485,21126589.13864,0,0,0,-0.6779257638627,-0.5541216812726,29610417.8272,29566435.9789342,155372577.7109,0.0001467368647308,0,0,0,8.757091833917,1.24026588664e-81,0,2.841599402158,-0.5539650887626,-14.40280609191,0.04802585252645,1.319455830927,-14.92998720532,-26348.68937637,5013.988874853,0,0,259270.600,2296,64,0,88501.37698534
88700,-15518992.85029,2951377.193378,21126562.34585,0,0,0,-0.677946396747,-0.5541871596996,29610919.21568,29566937.3665659,155375212.5251,0.0001467368661842,0,0,0,8.756673814333,1.240067800593e-81,0,2.841595864258,-0.5540305258396,-14.40369446022,0.04804798417914,1.319466269632,-14.93031714408,-26347.59428471,5013.780485839,0,0,259270.700,2296,64,0,88601.3753129
88800,-15519084.48037,2951118.070124,21126535.54847,0,0,0,-0.6779670355134,-0.5542526371112,29611420.58333,29567438.7333585,155377847.2297,0.0001467368676376,0,0,0,8.756255722547,1.239869707499e-81,0,2.841592321561,-0.5540959623213,-14.40458282044,0.04807011290807,1.319476709247,-14.93066203522,-26346.49912453,5013.572083786,0,0,259270.800,2296,64,0,88701.37364052
88900,-15519176.11168,2950858.947722,21126508.74651,0,0,0,-0.6779876801627,-0.5543181135074,29611921.93014,29567940.07931,155380481.8249,0.000146736869091,0,0,0,8.755837558578,1.239671607378e-81,0,2.841588780392,-0.5541613972965,-14.40547116021,0.04809224465265,1.319487149772,-14.9310119377,-26345.40383711,5013.363657519,0,0,259270.900,2296,64,0,88801.37196821
89000,-15519267.74423,2950599.826172,21126481.93996,0,0,0,-0.6780083306956,-0.5543835888882,29612423.2561,29568441.4041669,155383116.3118,0.0001467368705444,0,0,0,8.755167803463,1.239473500251e-81,0,2.841585238172,-0.5542268314524,-14.40635948885,0.04811437824225,1.319497591205,-14.93136176077,-26344.96936533,5013.280980289,0,0,259271.000,2296,64,0,88901.37029597
89100,-15519359.37801,2950340.705475,21126455.12882,0,0,0,-0.6780289871128,-0.5544490632538,29612924.56122,29568942.7084304,155385750.6879,0.0001467368719978,0,0,0,8.754749492834,1.239275386139e-81,0,2.84158169421,-0.5542922644565,-14.40724780186,0.04813651533917,1.319508033547,-14.93171149992,-26343.21296861,5012.946749106,0,0,259271.100,2296,64,0,89001.36862379
89200,-15519451.01302,2950081.585631,21126428.31309,0,0,0,-0.6780496494151,-0.5545145366043,29613425.84549,29569443.9918469,155388384.9544,0.0001467368734512,0,0,0,8.754331110087,1.239077265061e-81,0,2.841578149883,-0.5543576964821,-14.40813610159,0.0481586506106,1.319518476798,-14.9320611575,-26342.11743648,5012.738276273,0,0,259271.200,2296,64,0,89101.36695169
89300,-15519542.64928,2949822.466639,21126401.49278,0,0,0,-0.6780703176033,-0.5545800089395,29613927.10891,29569945.2544145,155391019.1114,0.0001467368749046,0,0,0,8.75391265524,1.238879137039e-81,0,2.841574605979,-0.5544231272749,-14.40902438458,0.04818078508483,1.319528920958,-14.93241073007,-26341.02187498,5012.529797852,0,0,259271.300,2296,64,0,89201.36527966
89400,-15519634.28676,2949563.3485,21126374.66787,0,0,0,-0.6780909916781,-0.5546454802598,29614428.35148,29570446.4961312,155393653.1588,0.000146736876358,0,0,0,8.753494128315,1.238681002092e-81,0,2.841571057841,-0.5544885577075,-14.40991266268,0.0482029214308,1.319539366027,-14.93276022949,-26339.92602962,5012.321265414,0,0,259271.400,2296,64,0,89301.3636077
89500,-15519725.92548,2949304.231214,21126347.83839,0,0,0,-0.6781116716401,-0.554710950565,29614929.5732,29570947.7169951,155396287.0966,0.0001467368778114,0,0,0,8.75307552933,1.238482860242e-81,0,2.84156751044,-0.5545539865481,-14.41080091916,0.04822505965018,1.319549812004,-14.93310963903,-26338.83025279,5012.112746015,0,0,259271.500,2296,64,0,89401.36193581
89600,-15519817.56544,2949045.114781,21126321.00431,0,0,0,-0.6781323574902,-0.5547764198552,29615430.77406,29571448.9170042,155398920.9248,0.0001467368792648,0,0,0,8.752656858304,1.238284711509e-81,0,2.841563961649,-0.5546194145578,-14.41168916437,0.04824720052628,1.31956025889,-14.93345896904,-26337.73424103,5011.904181913,0,0,259271.600,2296,64,0,89501.36026398
89700,-15519909.20664,2948785.999201,21126294.16565,0,0,0,-0.6781530492292,-0.5548418881306,29615931.95407,29571950.0961567,155401554.6435,0.0001467368807183,0,0,0,8.752238115258,1.238086555913e-81,0,2.841560411961,-0.5546848416757,-14.41257739747,0.04826934158226,1.319570706684,-14.93380821869,-26336.63824885,5011.695621535,0,0,259271.700,2296,64,0,89601.35859223
89800,-15520000.84906,2948526.884473,21126267.3224,0,0,0,-0.6781737468576,-0.5549073553912,29616433.11322,29572451.2544504,155404188.2525,0.0001467368821717,0,0,0,8.75181930021,1.237888393475e-81,0,2.841556861373,-0.5547502675458,-14.41346561363,0.04829148124585,1.319581155387,-14.93415738316,-26335.54210006,5011.487031356,0,0,259271.800,2296,64,0,89701.35692055
89900,-15520092.49273,2948267.770599,21126240.47456,0,0,0,-0.6781944503764,-0.554972821637,29616934.2515,29572952.3918835,155406821.7519,0.0001467368836251,0,0,0,8.75140041318,1.237690224215e-81,0,2.841553311186,-0.5548156925912,-14.41435381859,0.04831362161828,1.319591604997,-14.93450646819,-26334.44576529,5011.278405786,0,0,259271.900,2296,64,0,89801.35524893
90000,-15520184.13762,2948008.657578,21126213.62214,0,0,0,-0.6782151597862,-0.5550382868681,29617435.36893,29573453.5082024,155409455.1429,0.0001467368850786,0,0,0,8.75072989102,1.237492048154e-81,0,2.84154975675,-0.554881116564,-14.41524200899,0.04833576562184,1.319602055516,-14.93485547043,-26334.0103832,5011.195555329,0,0,259272.000,2296,64,0,89901.35357739
90100,-15520275.78376,2947749.54541,21126186.76513,0,0,0,-0.6782358750878,-0.5551037510846,29617936.46549,29573954.6039084,155412088.4231,0.000146736886532,0,0,0,8.750310857793,1.237293865313e-81,0,2.841546202954,-0.5549465393116,-14.41613018276,0.04835791027488,1.319612506943,-14.93520438781,-26332.25290977,5010.861119255,0,0,259272.100,2296,64,0,90001.35190591
90200,-15520367.43112,2947490.434095,21126159.90353,0,0,0,-0.678256596282,-0.5551692142866,29618437.54118,29574455.6787478,155414721.5935,0.0001467368879854,0,0,0,8.749891752648,1.23709567571e-81,0,2.841542648094,-0.5550119616794,-14.41701835137,0.04838005335139,1.319622959278,-14.93555323182,-26331.15634008,5010.652448982,0,0,259272.200,2296,64,0,90101.35023451
90300,-15520459.07973,2947231.323633,21126133.03734,0,0,0,-0.6782773233694,-0.555234676474,29618938.59601,29574956.7327188,155417354.6543,0.0001467368894389,0,0,0,8.749472575606,1.236897479369e-81,0,2.84153909226,-0.5550773822643,-14.41790649578,0.04840220108554,1.319633412521,-14.93590198341,-26330.05967251,5010.443760082,0,0,259272.300,2296,64,0,90201.34856317
90400,-15520550.72956,2946972.214025,21126106.16657,0,0,0,-0.6782980563508,-0.555300137647,29619439.62997,29575457.7658194,155419987.6054,0.0001467368908924,0,0,0,8.749053326685,1.236699276308e-81,0,2.841535536847,-0.55514280228,-14.41879463246,0.04842434703399,1.319643866671,-14.93625065906,-26328.96280917,5010.235033929,0,0,259272.400,2296,64,0,90301.3468919
90500,-15520642.38064,2946713.10527,21126079.29121,0,0,0,-0.678318795227,-0.5553655978057,29619940.64305,29575958.7780476,155422620.4469,0.0001467368923458,0,0,0,8.748634005904,1.236501066548e-81,0,2.84153197712,-0.5552082211107,-14.41968275305,0.04844649312165,1.31965432173,-14.93659925042,-26327.86588711,5010.026296601,0,0,259272.500,2296,64,0,90401.34522071
90600,-15520734.03294,2946453.997369,21126052.41126,0,0,0,-0.6783395399986,-0.55543105695,29620441.63526,29576459.7694015,155425253.1786,0.0001467368937993,0,0,0,8.748214613285,1.23630285011e-81,0,2.841528418224,-0.5552736389628,-14.42057086036,0.04846864343105,1.319664777696,-14.9369477603,-26326.76885737,5009.817538783,0,0,259272.600,2296,64,0,90501.34354958
90700,-15520825.68649,2946194.890321,21126025.52673,0,0,0,-0.6783602906666,-0.5554965150801,29620942.60659,29576960.7398791,155427885.8006,0.0001467368952527,0,0,0,8.747795148845,1.236104627014e-81,0,2.841524858601,-0.555339055613,-14.42145895135,0.04849079164219,1.319675234569,-14.93729618568,-26325.67176891,5009.608769789,0,0,259272.700,2296,64,0,90601.34187852
90800,-15520917.34126,2945935.784127,21125998.63761,0,0,0,-0.6783810472315,-0.5555619721959,29621443.55705,29577461.6894785,155430518.313,0.0001467368967062,0,0,0,8.747375612604,1.23590639728e-81,0,2.841521297319,-0.5554044716423,-14.42234703391,0.04851294208085,1.31968569235,-14.93764453444,-26324.57450425,5009.399967268,0,0,259272.800,2296,64,0,90701.34020753
90900,-15521008.99728,2945676.678787,21125971.7439,0,0,0,-0.6784018096942,-0.5556274282977,29621944.48662,29577962.6181977,155433150.7156,0.0001467368981597,0,0,0,8.746956004582,1.235708160929e-81,0,2.841517735426,-0.5554698863533,-14.42323509857,0.04853509152329,1.319696151038,-14.93799279712,-26323.47722002,5009.191161022,0,0,259272.900,2296,64,0,90801.33853661
91000,-15521100.65452,2945417.5743,21125944.84561,0,0,0,-0.6784225780554,-0.5556928833854,29622445.39531,29578463.5257832,155435783.0097,0.0001467368996132,0,0,0,8.746284718081,1.235509917982e-81,0,2.841514174099,-0.5555353001856,-14.42412315131,0.04855724518691,1.319706610633,-14.9383409797,-26323.04100593,5009.108152241,0,0,259273.000,2296,64,0,90901.33686577
91100,-15521192.313,2945158.470667,21125917.94273,0,0,0,-0.6784433523159,-0.5557583374592,29622946.28312,29578964.4127361,155438415.1929,0.0001467369010667,0,0,0,8.745864964326,1.235311668458e-81,0,2.841510608701,-0.5556007124954,-14.42501118337,0.04857940116149,1.319717071135,-14.93868907345,-26321.28233833,5008.773488924,0,0,259273.100,2296,64,0,91001.33519499
91200,-15521283.97272,2944899.367887,21125891.03526,0,0,0,-0.6784641324763,-0.555823790519,29623447.15004,29579465.2788031,155441047.2662,0.0001467369025202,0,0,0,8.745445138855,1.235113412378e-81,0,2.841507043594,-0.5556661245041,-14.42589921135,0.04860155238753,1.319727532545,-14.93903709495,-26320.1847213,5008.564619347,0,0,259273.200,2296,64,0,91101.33352428
91300,-15521375.63367,2944640.265962,21125864.1232,0,0,0,-0.6784849185375,-0.5558892425649,29623947.99608,29579966.1239821,155443679.2298,0.0001467369039737,0,0,0,8.745025241686,1.234915149762e-81,0,2.841503477504,-0.5557315355369,-14.42678722608,0.04862370799188,1.319737994861,-14.93938503504,-26319.08706511,5008.35574232,0,0,259273.300,2296,64,0,91201.33185364
91400,-15521467.29586,2944381.164891,21125837.20656,0,0,0,-0.6785057105001,-0.555954693597,29624448.82122,29580466.9482711,155446311.0836,0.0001467369054272,0,0,0,8.74460527284,1.234716880633e-81,0,2.841499910413,-0.5557969450917,-14.42767522074,0.04864586331929,1.319748458085,-14.93973288692,-26317.98929147,5008.146842942,0,0,259273.400,2296,64,0,91301.33018307
91500,-15521558.95928,2944122.064673,21125810.28533,0,0,0,-0.678526508365,-0.5560201436154,29624949.62548,29580967.7516682,155448942.8277,0.0001467369068807,0,0,0,8.744185232336,1.234518605008e-81,0,2.841496343813,-0.5558623540468,-14.42856320727,0.04866802170218,1.319758922215,-14.94008066251,-26316.89139058,5007.937919348,0,0,259273.500,2296,64,0,91401.32851257
91600,-15521650.62393,2943862.96531,21125783.35951,0,0,0,-0.6785473121328,-0.5560855926201,29625450.40884,29581468.5341715,155451574.4619,0.0001467369083342,0,0,0,8.743765120193,1.234320322909e-81,0,2.841492772798,-0.5559277615503,-14.42945117408,0.0486901802001,1.319769387251,-14.94042835026,-26315.79330371,5007.728960365,0,0,259273.600,2296,64,0,91501.32684214
91700,-15521742.28982,2943603.866801,21125756.42911,0,0,0,-0.6785681218044,-0.5561510406112,29625951.1713,29581969.295779,155454205.9863,0.0001467369097877,0,0,0,8.743344936431,1.234122034357e-81,0,2.841489202816,-0.5559931681684,-14.43033912888,0.04871233596287,1.319779853195,-14.94077595786,-26314.69525599,5007.520008832,0,0,259273.700,2296,64,0,91601.32517178
91800,-15521833.95695,2943344.769146,21125729.49412,0,0,0,-0.6785889373805,-0.5562164875887,29626451.91286,29582470.0364887,155456837.4009,0.0001467369112412,0,0,0,8.742924681069,1.233923739371e-81,0,2.841485631422,-0.5560585738455,-14.4312270709,0.04873449695218,1.319790320044,-14.94112348456,-26313.59700272,5007.311018184,0,0,259273.800,2296,64,0,91701.32350149
91900,-15521925.6253,2943085.672345,21125702.55454,0,0,0,-0.6786097588618,-0.5562819335528,29626952.63353,29582970.7562988,155459468.7057,0.0001467369126947,0,0,0,8.742504354127,1.233725437972e-81,0,2.841482058879,-0.5561239788267,-14.43211500347,0.04875665801127,1.3198007878,-14.94147093369,-26312.49863199,5007.102005184,0,0,259273.900,2296,64,0,91801.32183126
92000,-15522017.2949,2942826.576399,21125675.61038,0,0,0,-0.6786305862491,-0.5563473785034,29627453.3333,29583471.4549555,155462099.902,0.0001467369141483,0,0,0,8.741832305993,1.233527130181e-81,0,2.841478485624,-0.5561893819262,-14.4330029105,0.04877881898394,1.319811256463,-14.94181828916,-26312.06137056,5007.0187971,0,0,259274.000,2296,64,0,91901.32016111
92100,-15522108.96572,2942567.481307,21125648.66163,0,0,0,-0.6786514195431,-0.5564128224407,29627954.01216,29583972.1329602,155464730.9871,0.0001467369156018,0,0,0,8.741411833783,1.233328816017e-81,0,2.841474913054,-0.5562547846706,-14.4338908127,0.04880098422522,1.319821726032,-14.94216557171,-26310.30162625,5006.683928892,0,0,259274.100,2296,64,0,92001.31849103
92200,-15522200.63779,2942308.387069,21125621.70829,0,0,0,-0.6786722587446,-0.5564782653646,29628454.67011,29584472.7900594,155467361.9623,0.0001467369170553,0,0,0,8.740991290057,1.233130495501e-81,0,2.841471335789,-0.5563201862867,-14.43477869959,0.04882314509435,1.319832196506,-14.94251277083,-26309.20296187,5006.474860013,0,0,259274.200,2296,64,0,92101.31682102
92300,-15522292.31108,2942049.293686,21125594.75037,0,0,0,-0.6786931038543,-0.5565437072754,29628955.30716,29584973.4262511,155469992.8277,0.0001467369185089,0,0,0,8.740570674835,1.232932168654e-81,0,2.841467759551,-0.5563855870105,-14.43566657437,0.04884531115703,1.319842667887,-14.94285988974,-26308.10423877,5006.265779957,0,0,259274.300,2296,64,0,92201.31515108
92400,-15522383.98561,2941790.201157,21125567.78785,0,0,0,-0.678713954873,-0.5566091481729,29629455.9233,29585474.0415333,155472623.5831,0.0001467369199624,0,0,0,8.740149988137,1.232733835496e-81,0,2.841464182168,-0.5564509866221,-14.43655443404,0.04886747460179,1.319853140174,-14.94320692546,-26307.00536884,5006.056671962,0,0,259274.400,2296,64,0,92301.3134812
92500,-15522475.66138,2941531.109484,21125540.82076,0,0,0,-0.6787348118014,-0.5566745880574,29629956.51853,29585974.6359042,155475254.2287,0.000146736921416,0,0,0,8.739729229982,1.232535496047e-81,0,2.841460603496,-0.5565163850457,-14.43744227759,0.04888964074964,1.319863613366,-14.94355387697,-26305.90640102,5005.847545341,0,0,259274.500,2296,64,0,92401.3118114
92600,-15522567.33838,2941272.018664,21125513.84907,0,0,0,-0.6787556746403,-0.5567400269288,29630457.09284,29586475.2093616,155477884.7644,0.0001467369228695,0,0,0,8.73930840039,1.232337150328e-81,0,2.841457024011,-0.556581782682,-14.43833011045,0.04891181084214,1.319874087465,-14.94390074972,-26304.80742342,5005.638416857,0,0,259274.600,2296,64,0,92501.31014167
92700,-15522659.01661,2941012.9287,21125486.8728,0,0,0,-0.6787765433904,-0.5568054647872,29630957.64624,29586975.7619038,155480515.1902,0.0001467369243231,0,0,0,8.73888749938,1.232138798358e-81,0,2.841453445021,-0.5566471791735,-14.43921792777,0.04893397781306,1.319884562469,-14.94424753884,-26303.70827942,5005.429256707,0,0,259274.700,2296,64,0,92601.308472
92800,-15522750.69608,2940753.83959,21125459.89194,0,0,0,-0.6787974180525,-0.5568709016327,29631458.17872,29587476.2935287,155483145.5061,0.0001467369257766,0,0,0,8.738466526972,1.231940440159e-81,0,2.841449862123,-0.5567125747364,-14.44010573248,0.04895614752499,1.319895038378,-14.9445942473,-26302.60900817,5005.220072344,0,0,259274.800,2296,64,0,92701.30680241
92900,-15522842.37678,2940494.751335,21125432.90649,0,0,0,-0.6788182986273,-0.5569363374653,29631958.69028,29587976.8042343,155485775.712,0.0001467369272302,0,0,0,8.738045483185,1.23174207575e-81,0,2.841446279468,-0.5567779690848,-14.4409935207,0.04897831592949,1.319905515193,-14.9449408712,-26301.50962925,5005.010867491,0,0,259274.900,2296,64,0,92801.30513289
93000,-15522934.05872,2940235.663935,21125405.91646,0,0,0,-0.6788391851157,-0.5570017722852,29632459.18092,29588477.2937672,155488405.8093,0.0001467369286838,0,0,0,8.737372676128,1.231543705153e-81,0,2.841442695884,-0.5568433627961,-14.44188130027,0.04900048745632,1.319915992914,-14.94528741841,-26301.07150645,5004.927495494,0,0,259275.000,2296,64,0,92901.30346343
93100,-15523025.74189,2939976.57739,21125378.92184,0,0,0,-0.6788600775182,-0.5570672060923,29632959.65064,29588977.7626286,155491035.7954,0.0001467369301373,0,0,0,8.736951487538,1.231345328387e-81,0,2.841439111065,-0.5569087551662,-14.44276906164,0.04902265780101,1.319926471539,-14.94563387935,-26299.31066585,5004.592418671,0,0,259275.100,2296,64,0,93001.30179405
93200,-15523117.4263,2939717.491701,21125351.92263,0,0,0,-0.6788809758358,-0.5571326388868,29633460.09944,29589478.2105649,155493665.6715,0.0001467369315909,0,0,0,8.736530227633,1.231146945472e-81,0,2.841435527178,-0.5569741465192,-14.4436568092,0.04904483314579,1.31993695107,-14.94598025844,-26298.21103244,5004.383165389,0,0,259275.200,2296,64,0,93101.30012473
93300,-15523209.11194,2939458.406866,21125324.91884,0,0,0,-0.6789018800691,-0.5571980706686,29633960.5273,29589978.6375743,155496295.4376,0.0001467369330445,0,0,0,8.736108896434,1.23094855643e-81,0,2.841431938875,-0.5570395368323,-14.44454454264,0.04906700708566,1.319947431506,-14.94632655538,-26297.1112522,5004.173884168,0,0,259275.300,2296,64,0,93201.29845549
93400,-15523300.79881,2939199.322886,21125297.91046,0,0,0,-0.6789227902188,-0.5572635014379,29634460.93424,29590479.0436547,155498925.0937,0.0001467369344981,0,0,0,8.73568749396,1.230750161279e-81,0,2.841428350975,-0.5571049266047,-14.44543226874,0.0490891808958,1.319957912847,-14.94667277695,-26296.01139365,5003.964588046,0,0,259275.400,2296,64,0,93301.29678631
93500,-15523392.48692,2938940.239762,21125270.89749,0,0,0,-0.6789437062859,-0.5573289311947,29634961.32025,29590979.4288041,155501554.6398,0.0001467369359517,0,0,0,8.73526602023,1.230551760042e-81,0,2.841424762212,-0.5571703147295,-14.44631997247,0.04911135576429,1.319968395093,-14.94701890812,-26294.91142744,5003.755271435,0,0,259275.500,2296,64,0,93401.29511721
93600,-15523484.17626,2938681.157493,21125243.87994,0,0,0,-0.6789646282709,-0.5573943599391,29635461.68532,29591479.7930208,155504184.076,0.0001467369374053,0,0,0,8.734844475265,1.230353352737e-81,0,2.841421172276,-0.5572357021911,-14.4472076672,0.04913353337155,1.319978878244,-14.94736496227,-26293.81135355,5003.545934334,0,0,259275.600,2296,64,0,93501.29344817
93700,-15523575.86683,2938422.076079,21125216.85779,0,0,0,-0.6789855561747,-0.5574597876712,29635962.02946,29591980.1363026,155506813.4021,0.0001467369388589,0,0,0,8.734422859084,1.230154939385e-81,0,2.841417581353,-0.5573010883027,-14.4480953436,0.04915571090953,1.319989362299,-14.94771093008,-26292.71111326,5003.336565569,0,0,259275.700,2296,64,0,93601.29177921
93800,-15523667.55864,2938162.995521,21125189.83107,0,0,0,-0.679006489998,-0.557525214391,29636462.35266,29592480.4586476,155509442.6182,0.0001467369403125,0,0,0,8.734001171706,1.229956520007e-81,0,2.841413991037,-0.5573664739659,-14.44898301391,0.04917789102528,1.319999847259,-14.94805682379,-26291.61089255,5003.127200529,0,0,259275.800,2296,64,0,93701.29011031
93900,-15523759.25169,2937903.915818,21125162.79975,0,0,0,-0.6790274297416,-0.5575906400985,29636962.65493,29592980.7600539,155512071.7243,0.0001467369417661,0,0,0,8.73357941315,1.229758094623e-81,0,2.841410396344,-0.5574318581963,-14.44987066477,0.04920007074629,1.320010333124,-14.94840263005,-26290.51042713,5002.917788923,0,0,259275.900,2296,64,0,93801.28844149
94000,-15523850.94597,2937644.83697,21125135.76385,0,0,0,-0.6790483754062,-0.5576560647939,29637462.93625,29593481.0402679,155514700.7216,0.0001467369432197,0,0,0,8.732905849886,1.229559663253e-81,0,2.841406802552,-0.5574972417361,-14.45075830626,0.04922224994191,1.320020819893,-14.94874835893,-26290.07140381,5002.834245563,0,0,259276.000,2296,64,0,93901.28677273
94100,-15523942.64148,2937385.758979,21125108.72336,0,0,0,-0.6790693269925,-0.5577214884772,29637963.19663,29593981.299791,155517329.6076,0.0001467369446733,0,0,0,8.732483946993,1.229361225917e-81,0,2.841403207343,-0.5575626239769,-14.45164593011,0.04924443033493,1.320031307566,-14.94909400219,-26288.3093299,5002.498934045,0,0,259276.100,2296,64,0,94001.28510404
94200,-15524034.33822,2937126.681843,21125081.67829,0,0,0,-0.6790902845014,-0.5577869111484,29638463.43607,29594481.5383696,155519958.3835,0.000146736946127,0,0,0,8.732061972987,1.229162782635e-81,0,2.841399611336,-0.5576280054166,-14.45253354309,0.04926661371612,1.320041796144,-14.94943956659,-26287.20863935,5002.289479598,0,0,259276.200,2296,64,0,94101.28343543
94300,-15524126.0362,2936867.605562,21125054.62863,0,0,0,-0.6791112479336,-0.5578523328077,29638963.65456,29594981.7560016,155522587.0493,0.0001467369475806,0,0,0,8.731639927889,1.228964333429e-81,0,2.841396014381,-0.5576933854547,-14.45342113704,0.0492887965869,1.320052285626,-14.94978504399,-26286.10793901,5002.080023289,0,0,259276.300,2296,64,0,94201.28176688
94400,-15524217.73542,2936608.530138,21125027.57438,0,0,0,-0.6791322172898,-0.557917753455,29639463.8521,29595481.9526852,155525215.6051,0.0001467369490342,0,0,0,8.731217811718,1.228765878318e-81,0,2.841392418041,-0.5577587649306,-14.45430872335,0.04931098107545,1.320062776012,-14.95013044577,-26285.00701354,5001.870524138,0,0,259276.400,2296,64,0,94301.2800984
94500,-15524309.43586,2936349.455569,21125000.51554,0,0,0,-0.6791531925708,-0.5579831730905,29639964.02869,29595982.1284184,155527844.0507,0.0001467369504879,0,0,0,8.730795624492,1.228567417322e-81,0,2.841388817192,-0.5578241432794,-14.45519629436,0.04933316639411,1.320073267302,-14.95047576429,-26283.90601956,5001.661011949,0,0,259276.500,2296,64,0,94401.27843
94600,-15524401.13754,2936090.381856,21124973.45212,0,0,0,-0.6791741737773,-0.5580485917142,29640464.18433,29596482.2831993,155530472.3863,0.0001467369519415,0,0,0,8.730373366233,1.228368950462e-81,0,2.841385217243,-0.5578895202457,-14.45608384661,0.0493553526664,1.320083759496,-14.95082099609,-26282.80493748,5001.451482996,0,0,259276.600,2296,64,0,94501.27676166
94700,-15524492.84046,2935831.308999,21124946.38411,0,0,0,-0.6791951609102,-0.5581140093262,29640964.31901,29596982.4170259,155533100.6117,0.0001467369533951,0,0,0,8.72995103696,1.228170477758e-81,0,2.841381615814,-0.557954896848,-14.45697139391,0.0493775388308,1.320094252594,-14.95116615498,-26281.70370858,5001.241926104,0,0,259276.700,2296,64,0,94601.27509339
94800,-15524584.54461,2935572.236998,21124919.31152,0,0,0,-0.6792161539701,-0.5581794259265,29641464.43274,29597482.5298963,155535728.727,0.0001467369548488,0,0,0,8.729528636691,1.227971999231e-81,0,2.84137801362,-0.5580202721165,-14.45785892311,0.04939972626425,1.320104746595,-14.95151122781,-26280.60252862,5001.032378525,0,0,259276.800,2296,64,0,94701.2734252
94900,-15524676.24999,2935313.165853,21124892.23434,0,0,0,-0.6792371529579,-0.5582448415153,29641964.52551,29597982.6218085,155538356.7322,0.0001467369563025,0,0,0,8.729106165448,1.2277735149e-81,0,2.841374412171,-0.5580856460726,-14.45874643449,0.04942191585137,1.3201152415,-14.95185621489,-26279.50110395,5000.822784379,0,0,259276.900,2296,64,0,94801.27175707
95000,-15524767.95661,2935054.095565,21124865.15257,0,0,0,-0.6792581578742,-0.5583102560925,29642464.59732,29598482.6925087,155540984.6286,0.0001467369577561,0,0,0,8.728431848695,1.227575024786e-81,0,2.841370805969,-0.558151019062,-14.45963393274,0.04944410390542,1.320125737309,-14.9522011209,-26279.06112138,5000.73905848,0,0,259277.000,2296,64,0,94901.27008901
95100,-15524859.66446,2934795.026132,21124838.06621,0,0,0,-0.6792791687198,-0.5583756696582,29642964.64817,29598982.7424988,155543612.4134,0.0001467369592098,0,0,0,8.728009233579,1.227376528908e-81,0,2.841367200676,-0.5582163915185,-14.46052142376,0.0494662973209,1.320136234021,-14.95254595175,-26277.29795118,5000.403538346,0,0,259277.100,2296,64,0,95001.26842103
95200,-15524951.37354,2934535.957556,21124810.97527,0,0,0,-0.6793001854956,-0.5584410822125,29643464.67805,29599482.7715247,155546240.0882,0.0001467369606634,0,0,0,8.727586547553,1.227178027287e-81,0,2.841363594448,-0.5582817624461,-14.46140889403,0.04948849025555,1.320146731636,-14.95289069392,-26276.19624265,5000.193890184,0,0,259277.200,2296,64,0,95101.26675311
95300,-15525043.08386,2934276.889836,21124783.87974,0,0,0,-0.6793212082022,-0.5585064937555,29643964.68697,29599982.7795847,155548867.6527,0.0001467369621171,0,0,0,8.727163790636,1.226979519944e-81,0,2.841359986907,-0.5583471325338,-14.46229635289,0.04951068159379,1.320157230155,-14.95323535676,-26275.09450476,4999.984236434,0,0,259277.300,2296,64,0,95201.26508526
95400,-15525134.79541,2934017.822972,21124756.77963,0,0,0,-0.6793422368404,-0.5585719042871,29644464.67492,29600482.7666768,155551495.107,0.0001467369635708,0,0,0,8.726740962848,1.226781006899e-81,0,2.841356378004,-0.5584125018561,-14.46318380136,0.0495328743205,1.320167729577,-14.9535799413,-26273.99247322,4999.774526805,0,0,259277.400,2296,64,0,95301.26341749
95500,-15525226.50819,2933758.756965,21124729.67492,0,0,0,-0.6793632714109,-0.5586373138076,29644964.64191,29600982.7327991,155554122.4512,0.0001467369650245,0,0,0,8.726318064209,1.226582488172e-81,0,2.841352770272,-0.558477870339,-14.46407123843,0.04955506881523,1.320178229902,-14.95392444653,-26272.89051998,4999.564832076,0,0,259277.500,2296,64,0,95401.26174978
95600,-15525318.22221,2933499.691815,21124702.56563,0,0,0,-0.6793843119146,-0.5587027223169,29645464.58791,29601482.6779495,155556749.6851,0.0001467369664782,0,0,0,8.725895094737,1.226383963782e-81,0,2.841349157918,-0.5585432372229,-14.46497553289,0.04957726653393,1.320188731129,-14.95428574125,-26271.78834162,4999.355094507,0,0,259277.600,2296,64,0,95501.26008214
95700,-15525409.93746,2933240.627521,21124675.45176,0,0,0,-0.6794053583522,-0.5587681298151,29645964.51295,29601982.6021262,155559376.8089,0.0001467369679318,0,0,0,8.725472054453,1.226185433751e-81,0,2.841345546926,-0.5586086032853,-14.46589206643,0.04959946340933,1.32019923326,-14.95465920715,-26270.6861241,4999.145349488,0,0,259277.700,2296,64,0,95601.25841457
95800,-15525501.65395,2932981.564083,21124648.3333,0,0,0,-0.6794264107244,-0.5588335363023,29646464.41701,29602482.5053272,155562003.8224,0.0001467369693855,0,0,0,8.725048943376,1.225986898098e-81,0,2.841341933722,-0.5586739686337,-14.46680858997,0.0496216586046,1.320209736294,-14.95503259515,-26269.5838087,4998.935585842,0,0,259277.800,2296,64,0,95701.25674707
95900,-15525593.37167,2932722.501503,21124621.21025,0,0,0,-0.6794474690321,-0.5588989417785,29646964.30009,29602982.3875506,155564630.7256,0.0001467369708392,0,0,0,8.724625761526,1.225788356845e-81,0,2.841338320199,-0.558739332298,-14.46772508988,0.0496438582066,1.32022024023,-14.95540589166,-26268.48133668,4998.725792393,0,0,259277.900,2296,64,0,95801.25507965
96000,-15525685.09062,2932463.439779,21124594.08261,0,0,0,-0.6794685332758,-0.5589643462438,29647464.1622,29603482.2485425,155567257.52,0.0001467369722929,0,0,0,8.723950694007,1.22558981001e-81,0,2.841334707066,-0.5588046957157,-14.46864158635,0.04966605616857,1.320230745069,-14.95577911682,-26268.04050253,4998.641904444,0,0,259278.000,2296,64,0,95901.25341229
96100,-15525776.81081,2932204.378911,21124566.95039,0,0,0,-0.6794896034565,-0.5590297496983,29647964.00332,29603982.0888048,155569884.2027,0.0001467369737466,0,0,0,8.723527368752,1.225391257613e-81,0,2.841331089942,-0.5588700577629,-14.46955806359,0.04968825857274,1.32024125081,-14.9561522549,-26266.27619689,4998.306168243,0,0,259278.100,2296,64,0,96001.251745
96200,-15525868.53222,2931945.318901,21124539.81358,0,0,0,-0.6795106795749,-0.5590951521419,29648463.82345,29604481.9080835,155572510.7752,0.0001467369752004,0,0,0,8.723103972789,1.225192699676e-81,0,2.841327473178,-0.5589354185446,-14.47047452309,0.04971046062971,1.320251757454,-14.95652530737,-26265.17347039,4998.096326366,0,0,259278.200,2296,64,0,96101.25007779
96300,-15525960.25488,2931686.259748,21124512.67219,0,0,0,-0.6795317616318,-0.5591605535749,29648963.62261,29604981.7063769,155575137.2374,0.0001467369766541,0,0,0,8.722680506137,1.224994136219e-81,0,2.841323855431,-0.5590007787574,-14.47139097462,0.04973266273797,1.320262265,-14.95689828399,-26264.07069494,4997.886475176,0,0,259278.300,2296,64,0,96201.24841064
96400,-15526051.97876,2931427.201451,21124485.5262,0,0,0,-0.6795528496278,-0.5592259539972,29649463.40077,29605481.4836829,155577763.5893,0.0001467369781078,0,0,0,8.722256968816,1.224795567261e-81,0,2.841320236512,-0.5590661379168,-14.47230741137,0.04975486644702,1.320272773449,-14.957271178,-26262.96775309,4997.67659232,0,0,259278.400,2296,64,0,96301.24674356
96500,-15526143.70388,2931168.144012,21124458.37564,0,0,0,-0.6795739435638,-0.5592913534089,29649963.15795,29605981.2399996,155580389.831,0.0001467369795615,0,0,0,8.721833360846,1.224596992824e-81,0,2.841316616627,-0.5591314956137,-14.47322382762,0.04977706646494,1.320283282799,-14.95764398364,-26261.86474272,4997.466696426,0,0,259278.500,2296,64,0,96401.24507655
96600,-15526235.43023,2930909.08743,21124431.22048,0,0,0,-0.6795950434405,-0.5593567518101,29650462.89413,29606480.975325,155583015.9623,0.0001467369810153,0,0,0,8.721409682246,1.224398412925e-81,0,2.841312997454,-0.5591968525143,-14.4741402327,0.04979927470441,1.320293793052,-14.95801671028,-26260.76155616,4997.256767005,0,0,259278.600,2296,64,0,96501.24340961
96700,-15526327.15782,2930650.031705,21124404.06074,0,0,0,-0.6796161492587,-0.5594221492008,29650962.60933,29606980.6896573,155585641.9833,0.000146736982469,0,0,0,8.720985933036,1.224199827587e-81,0,2.84130937368,-0.5592622090165,-14.47505663219,0.0498214822659,1.320304304207,-14.95838936349,-26259.65830109,4997.046824545,0,0,259278.700,2296,64,0,96601.24174275
96800,-15526418.88664,2930390.976837,21124376.89641,0,0,0,-0.6796372610192,-0.5594875455811,29651462.30352,29607480.3829944,155588267.8939,0.0001467369839227,0,0,0,8.720562113236,1.22400123683e-81,0,2.841305750697,-0.5593275637213,-14.47597300648,0.04984368830735,1.320314816263,-14.95876192367,-26258.55498729,4996.836870909,0,0,259278.800,2296,64,0,96701.24007595
96900,-15526510.61669,2930131.922826,21124349.7275,0,0,0,-0.6796583787226,-0.559552940951,29651961.97672,29607980.0553345,155590893.6942,0.0001467369853765,0,0,0,8.720138222864,1.223802640673e-81,0,2.841302126646,-0.5593929176936,-14.47688937051,0.04986589587877,1.320325329221,-14.95913440575,-26257.45154624,4996.626893058,0,0,259278.900,2296,64,0,96801.23840922
97000,-15526602.34798,2929872.869673,21124322.554,0,0,0,-0.6796795023699,-0.5596183353107,29652461.62892,29608479.7064236,155593519.3855,0.0001467369868302,0,0,0,8.719462407304,1.223604039136e-81,0,2.841298501418,-0.5594582707622,-14.47780572186,0.04988810259846,1.320335843081,-14.95950680734,-26257.00974305,4996.542820707,0,0,259279.000,2296,64,0,96901.23674257
97100,-15526694.08049,2929613.817377,21124295.37591,0,0,0,-0.6797006319616,-0.5596837286602,29652961.26012,29608979.3367636,155596144.9652,0.000146736988284,0,0,0,8.719038373996,1.22340543224e-81,0,2.841294875273,-0.5595236222553,-14.47872205112,0.04991031488592,1.320346357843,-14.95987911903,-26255.24431176,4996.206870303,0,0,259279.100,2296,64,0,97001.23507598
97200,-15526785.81425,2929354.765939,21124268.19323,0,0,0,-0.6797217674987,-0.5597491209995,29653460.87032,29609478.9461008,155598770.4344,0.0001467369897377,0,0,0,8.718614270181,1.223206820004e-81,0,2.841291249656,-0.5595889736591,-14.47963837912,0.04993252569343,1.320356873506,-14.96025136165,-26254.14056727,4995.99683471,0,0,259279.200,2296,64,0,97101.23340946
97300,-15526877.54923,2929095.715358,21124241.00597,0,0,0,-0.6797429089818,-0.5598145123287,29653960.45951,29609978.534433,155601395.7933,0.0001467369911915,0,0,0,8.71819009588,1.22300820245e-81,0,2.841287619883,-0.5596543230802,-14.48055467933,0.04995473811983,1.32036739007,-14.96062350868,-26253.03669553,4995.786774904,0,0,259279.300,2296,64,0,97201.23174301
97400,-15526969.28545,2928836.665635,21124213.81413,0,0,0,-0.6797640564118,-0.5598799026479,29654460.0277,29610478.1017585,155604021.0417,0.0001467369926452,0,0,0,8.717765851113,1.222809579597e-81,0,2.841283990719,-0.5597196721931,-14.48147097522,0.04997694882891,1.320377907536,-14.96099558358,-26251.93271613,4995.576694608,0,0,259279.400,2296,64,0,97301.23007664
97500,-15527061.0229,2928577.616769,21124186.61769,0,0,0,-0.6797852097893,-0.5599452919571,29654959.57487,29610977.6480752,155606646.1798,0.000146736994099,0,0,0,8.717341535898,1.222610951464e-81,0,2.841280360231,-0.5597850200032,-14.48238725284,0.04999916330587,1.320388425903,-14.96136757242,-26250.82860948,4995.366590098,0,0,259279.500,2296,64,0,97401.22841033
97600,-15527152.76158,2928318.568762,21124159.41667,0,0,0,-0.6798063691152,-0.5600106802564,29655459.10104,29611477.1733813,155609271.2075,0.0001467369955528,0,0,0,8.716917150257,1.222412318073e-81,0,2.841276728768,-0.5598503671495,-14.48330352115,0.05002137901807,1.320398945171,-14.96173948418,-26249.7244343,4995.156472549,0,0,259279.600,2296,64,0,97501.22674409
97700,-15527244.5015,2928059.521612,21124132.21106,0,0,0,-0.6798275343902,-0.5600760675459,29655958.60619,29611976.6776747,155611896.1247,0.0001467369970066,0,0,0,8.716492694208,1.222213679444e-81,0,2.841273098221,-0.5599157127382,-14.48421976762,0.05004359508386,1.320409465341,-14.96211130631,-26248.62021019,4994.946345687,0,0,259279.700,2296,64,0,97601.22507792
97800,-15527336.24265,2927800.475319,21124105.00087,0,0,0,-0.6798487056151,-0.5601414538256,29656458.09033,29612476.1609536,155614520.9315,0.0001467369984604,0,0,0,8.716068167771,1.222015035596e-81,0,2.841269463315,-0.5599810577302,-14.48513600572,0.0500658110243,1.320419986411,-14.9624830523,-26247.51589799,4994.736202061,0,0,259279.800,2296,64,0,97701.22341183
97900,-15527427.98503,2927541.429885,21124077.78609,0,0,0,-0.6798698827906,-0.5602068390955,29656957.55346,29612975.6232159,155617145.6279,0.0001467369999141,0,0,0,8.715643570966,1.22181638655e-81,0,2.841265828976,-0.5600464012312,-14.48605222292,0.05008802763514,1.320430508382,-14.96285470962,-26246.41140959,4994.526024908,0,0,259279.900,2296,64,0,97801.2217458
98000,-15527519.72865,2927282.385309,21124050.56672,0,0,0,-0.6798910659176,-0.5602722233559,29657456.99556,29613475.0642079,155619770.2151,0.0001467370013679,0,0,0,8.714967010095,1.221617732325e-81,0,2.841262193293,-0.5601117446125,-14.48696843844,0.0501102465846,1.320441031254,-14.96322629751,-26245.96873525,4994.441786781,0,0,259280.000,2296,80,0,97901.22007985
98100,-15527611.4735,2927023.34159,21124023.34277,0,0,0,-0.6799122549967,-0.5603376066066,29657956.41664,29613974.4844314,155622394.6906,0.0001467370028217,0,0,0,8.714542270821,1.221419072942e-81,0,2.841258556725,-0.560177086499,-14.487884633,0.05013246838256,1.320451555026,-14.96359779667,-26244.20218809,4994.105624035,0,0,259280.100,2296,80,0,98001.21841396
98200,-15527703.21958,2926764.29873,21123996.11423,0,0,0,-0.6799334500287,-0.5604029888478,29658455.81671,29614473.8836326,155625019.0556,0.0001467370042755,0,0,0,8.714117461243,1.221220408421e-81,0,2.841254919072,-0.5602424270487,-14.48880080882,0.05015468661565,1.320462079699,-14.96396920934,-26243.09740605,4993.895391002,0,0,259280.200,2296,80,0,98101.21674814
98300,-15527794.9669,2926505.256728,21123968.88111,0,0,0,-0.6799546510145,-0.5604683700795,29658955.19574,29614973.2618095,155627643.3101,0.0001467370057293,0,0,0,8.713692581381,1.221021738782e-81,0,2.841251282186,-0.5603077669475,-14.48971697551,0.05017690782234,1.320472605273,-14.96434054514,-26241.99259464,4993.685152382,0,0,259280.300,2296,80,0,98201.2150824
98400,-15527886.71544,2926246.215584,21123941.64339,0,0,0,-0.6799758579547,-0.5605337503019,29659454.55376,29615472.6189602,155630267.4541,0.0001467370071831,0,0,0,8.713267631256,1.220823064046e-81,0,2.841247640965,-0.5603731054497,-14.49063312262,0.05019912900896,1.320483131747,-14.96471179362,-26240.88760704,4993.474880233,0,0,259280.400,2296,80,0,98301.21341672
98500,-15527978.46522,2925987.175298,21123914.4011,0,0,0,-0.6799970708501,-0.5605991295148,29659953.89074,29615971.9550827,155632891.4876,0.000146737008637,0,0,0,8.712842610887,1.220624384231e-81,0,2.841244000132,-0.5604384432789,-14.49154926029,0.05022135359714,1.320493659121,-14.96508296493,-26239.78248241,4993.264582008,0,0,259280.500,2296,80,0,98401.21175111
98600,-15528070.21624,2925728.135871,21123887.15421,0,0,0,-0.6800182897016,-0.5606645077186,29660453.20669,29616471.2701752,155635515.4106,0.0001467370100908,0,0,0,8.712417520293,1.220425699358e-81,0,2.84124035855,-0.5605037800548,-14.49246538319,0.05024357930977,1.320504187396,-14.96545405375,-26238.6773382,4993.054280058,0,0,259280.600,2296,80,0,98501.21008558
98700,-15528161.96848,2925469.097302,21123859.90274,0,0,0,-0.6800395145098,-0.5607298849131,29660952.50161,29616970.5642356,155638139.223,0.0001467370115446,0,0,0,8.711992359495,1.220227009448e-81,0,2.841236715563,-0.5605691157549,-14.49338149101,0.05026580555049,1.32051471657,-14.96582505976,-26237.57204717,4992.843950167,0,0,259280.700,2296,80,0,98601.20842011
98800,-15528253.72196,2925210.059592,21123832.64668,0,0,0,-0.6800607452756,-0.5607952610984,29661451.7755,29617469.837262,155640762.9249,0.0001467370129984,0,0,0,8.711567128511,1.220028314519e-81,0,2.84123307128,-0.5606344504859,-14.49429758523,0.0502880303416,1.320525246645,-14.96619598447,-26236.4666191,4992.6335942,0,0,259280.800,2296,80,0,98701.20675472
98900,-15528345.47667,2924951.02274,21123805.38604,0,0,0,-0.6800819819996,-0.5608606362747,29661951.02835,29617969.0892525,155643386.5163,0.0001467370144522,0,0,0,8.711141827363,1.219829614594e-81,0,2.841229428188,-0.5606997842181,-14.49521366546,0.05031025359855,1.32053577762,-14.96656682747,-26235.36109315,4992.423219606,0,0,259280.900,2296,80,0,98801.20508939
99000,-15528437.23262,2924691.986746,21123778.12081,0,0,0,-0.6801032246828,-0.5609260104419,29662450.26017,29618468.3199532,155646009.9985,0.0001467370159061,0,0,0,8.710464523914,1.219630909691e-81,0,2.841225780461,-0.5607651171011,-14.49612973378,0.05033248050644,1.320546309494,-14.96693759085,-26234.91746934,4992.338800803,0,0,259281.000,2296,80,0,98901.20342414
99100,-15528528.98979,2924432.951611,21123750.85099,0,0,0,-0.6801244733257,-0.5609913836001,29662949.47094,29618967.529866,155648633.3688,0.0001467370173599,0,0,0,8.710039080765,1.21943219983e-81,0,2.841222134011,-0.5608304483181,-14.49704577873,0.05035471553304,1.320556842268,-14.96730826318,-26233.14980633,4992.002425715,0,0,259281.100,2296,80,0,99001.20175895
99200,-15528620.7482,2924173.917335,21123723.57659,0,0,0,-0.6801457279293,-0.5610567557495,29663448.66067,29619466.7187371,155651256.6285,0.0001467370188138,0,0,0,8.709613567515,1.219233485031e-81,0,2.841218485325,-0.5608957795419,-14.49796182379,0.0503769447706,1.320567375942,-14.96767886791,-26232.04389863,4991.791978478,0,0,259281.200,2296,80,0,99101.20009384
99300,-15528712.50784,2923914.883918,21123696.2976,0,0,0,-0.6801669884943,-0.56112212689,29663947.82936,29619965.8865646,155653879.7776,0.0001467370202676,0,0,0,8.709187984184,1.219034765315e-81,0,2.84121483639,-0.5609611093538,-14.49887784904,0.05039917587452,1.320577910516,-14.96804938516,-26230.93812797,4991.581557319,0,0,259281.300,2296,80,0,99201.19842879
99400,-15528804.26872,2923655.851359,21123669.01402,0,0,0,-0.6801882550214,-0.5611874970217,29664446.97701,29620465.0333464,155656502.8161,0.0001467370217215,0,0,0,8.708762330793,1.218836040702e-81,0,2.841211187933,-0.5610264377081,-14.49979385386,0.05042140480373,1.320588445989,-14.9684198143,-26229.83213218,4991.371093318,0,0,259281.400,2296,80,0,99301.19676382
99500,-15528896.03082,2923396.819659,21123641.72586,0,0,0,-0.6802095275114,-0.5612528661447,29664946.1036,29620964.1590806,155659125.744,0.0001467370231753,0,0,0,8.70833660736,1.218637311211e-81,0,2.841207535316,-0.5610917654238,-14.50070984972,0.05044363805987,1.320598982361,-14.9687901668,-26228.72602872,4991.160608828,0,0,259281.500,2296,80,0,99401.19509891
99600,-15528987.79416,2923137.788819,21123614.43311,0,0,0,-0.6802308059651,-0.5613182342591,29665445.20915,29621463.2637653,155661748.5613,0.0001467370246292,0,0,0,8.707910813906,1.218438576863e-81,0,2.841203883006,-0.5611570920316,-14.50162583005,0.05046587562887,1.320609519633,-14.9691604361,-26227.61982738,4990.950105712,0,0,259281.600,2296,80,0,99501.19343408
99700,-15529079.55874,2922878.758837,21123587.13577,0,0,0,-0.6802520903832,-0.5613836013649,29665944.29364,29621962.3473986,155664371.268,0.0001467370260831,0,0,0,8.70748495045,1.218239837677e-81,0,2.841200229705,-0.5612224178224,-14.50254179893,0.05048811118761,1.320620057804,-14.96953062629,-26226.513489,4990.739576519,0,0,259281.700,2296,80,0,99601.19176932
99800,-15529171.32454,2922619.729714,21123559.83385,0,0,0,-0.6802733807665,-0.5614489674621,29666443.35708,29622461.4099786,155666993.864,0.0001467370275369,0,0,0,8.707059017013,1.218041093674e-81,0,2.841196575596,-0.5612877424026,-14.50345775083,0.05051034407008,1.320630596874,-14.96990073184,-26225.40722893,4990.529062226,0,0,259281.800,2296,80,0,99701.19010462
99900,-15529263.09158,2922360.701451,21123532.52734,0,0,0,-0.6802946771159,-0.5615143325509,29666942.39947,29622960.4515032,155669616.3494,0.0001467370289908,0,0,0,8.706633013613,1.217842344874e-81,0,2.841192920141,-0.5613530661742,-14.50437369139,0.05053257953082,1.320641136843,-14.97027075841,-26224.30072415,4990.318501368,0,0,259281.900,2296,80,0,99801.18844
100000,-15529354.85985,2922101.674046,21123505.21625,0,0,0,-0.680315979432,-0.5615796966313,29667441.4208,29623459.4717186,155672238.7254,0.0001467370304447,0,0,0,8.705954970324,1.217643591296e-81,0,2.841189265411,-0.5614183885795,-14.50528961279,0.05055481694559,1.320651677711,-14.97064069818,-26223.85616067,4990.233903751,0,0,259282.000,2296,80,0,99901.18677545
100100,-15529446.62935,2921842.647501,21123477.90057,0,0,0,-0.6803372877156,-0.5616450597033,29667940.42107,29623958.4711268,155674860.9895,0.0001467370318986,0,0,0,8.705528825393,1.21744483296e-81,0,2.841185606353,-0.5614837098969,-14.50620551894,0.05057705855374,1.320662219477,-14.97101055505,-26222.0872937,4989.897299558,0,0,259282.100,2296,80,0,100001.185111
100200,-15529538.40008,2921583.621815,21123450.5803,0,0,0,-0.6803586019675,-0.561710421767,29668439.40028,29624457.4494738,155677483.1429,0.0001467370333525,0,0,0,8.705102610564,1.217246069888e-81,0,2.841181947802,-0.5615490307188,-14.50712141814,0.05059929860308,1.320672762143,-14.97138033734,-26220.98050506,4989.686684683,0,0,259282.200,2296,80,0,100101.1834466
100300,-15529630.17205,2921324.596988,21123423.25545,0,0,0,-0.6803799221885,-0.5617757828226,29668938.35843,29624956.4067578,155680105.1856,0.0001467370348063,0,0,0,8.704676325858,1.217047302097e-81,0,2.841178288214,-0.5616143507182,-14.50803730581,0.05062153783537,1.320683305707,-14.97175004048,-26219.87368706,4989.47606422,0,0,259282.300,2296,80,0,100201.1817822
100400,-15529721.94525,2921065.573021,21123395.92601,0,0,0,-0.6804012483794,-0.5618411428699,29669437.29551,29625455.3429768,155682727.1176,0.0001467370362602,0,0,0,8.704249971294,1.21684852961e-81,0,2.841174627417,-0.5616796691103,-14.50895317095,0.05064377848649,1.32069385017,-14.97211965345,-26218.76655583,4989.265384153,0,0,259282.400,2296,80,0,100301.1801179
100500,-15529813.71968,2920806.549913,21123368.59198,0,0,0,-0.6804225805408,-0.5619065019092,29669936.21152,29625954.2581288,155685348.9389,0.0001467370377141,0,0,0,8.703823546892,1.216649752445e-81,0,2.84117096571,-0.5617449864195,-14.50986902089,0.0506660212209,1.320704395531,-14.97248918363,-26217.65938545,4989.054696634,0,0,259282.500,2296,80,0,100401.1784537
100600,-15529905.49534,2920547.527665,21123341.25337,0,0,0,-0.6804439186737,-0.5619718599405,29670435.10647,29626453.152212,155687970.6495,0.000146737039168,0,0,0,8.703397052672,1.216450970622e-81,0,2.84116730465,-0.5618103030546,-14.51078486139,0.05068826571612,1.320714941791,-14.97285863674,-26216.55223465,4988.844012842,0,0,259282.600,2296,80,0,100501.1767896
100700,-15529997.27224,2920288.506277,21123313.91017,0,0,0,-0.6804652627786,-0.5620372169638,29670933.98034,29626952.0252243,155690592.2494,0.000146737040622,0,0,0,8.702970488654,1.216252184162e-81,0,2.841163639246,-0.561875618557,-14.51170068601,0.05071051047751,1.320725488949,-14.97322800638,-26215.44488808,4988.633291796,0,0,259282.700,2296,80,0,100601.1751255
100800,-15530089.05036,2920029.485748,21123286.56239,0,0,0,-0.6804866128566,-0.5621025729791,29671432.83314,29627450.8771638,155693213.7385,0.0001467370420759,0,0,0,8.702543854857,1.216053393084e-81,0,2.841159974829,-0.5619409327774,-14.51261649264,0.05073275714834,1.320736037005,-14.97359729043,-26214.33751215,4988.422565162,0,0,259282.800,2296,80,0,100701.1734616
100900,-15530180.82972,2919770.466079,21123259.21002,0,0,0,-0.6805079689082,-0.5621679279867,29671931.66487,29627949.7080287,155695835.1169,0.0001467370435298,0,0,0,8.702117151301,1.215854597408e-81,0,2.841156308593,-0.5620062463235,-14.51353228983,0.05075500039307,1.320746585959,-14.97396649745,-26213.22986214,4988.211786374,0,0,259282.900,2296,80,0,100801.1717976
101000,-15530272.61032,2919511.447269,21123231.85306,0,0,0,-0.6805293309343,-0.5622332819864,29672430.47552,29628448.517565,155698456.3858,0.0001467370449837,0,0,0,8.701438370914,1.215655797155e-81,0,2.841152641648,-0.5620715590527,-14.51444807556,0.05077725045283,1.320757135811,-14.97433562542,-26212.78439814,4988.127017394,0,0,259283.000,2296,80,0,100901.1701338
101100,-15530364.39214,2919252.42932,21123204.49152,0,0,0,-0.6805506989356,-0.5622986349785,29672929.26509,29628947.3062747,155701077.5426,0.0001467370464376,0,0,0,8.701011526296,1.215456992344e-81,0,2.841148975416,-0.5621368706188,-14.51536384498,0.05079949816704,1.320767686561,-14.9747046695,-26211.01458171,4987.790232524,0,0,259283.100,2296,80,0,101001.16847
101200,-15530456.1752,2918993.41223,21123177.12539,0,0,0,-0.6805720729129,-0.5623639869628,29673428.03359,29629446.0739038,155703698.5887,0.0001467370478916,0,0,0,8.700584611985,1.215258182995e-81,0,2.841145305052,-0.5622021808996,-14.51627959638,0.05082174713922,1.320778238209,-14.97507362799,-26209.90671636,4987.579412758,0,0,259283.200,2296,80,0,101101.1668063
101300,-15530547.95949,2918734.396,21123149.75467,0,0,0,-0.6805934528671,-0.5624293379396,29673926.781,29629944.8204506,155706319.524,0.0001467370493455,0,0,0,8.700157627999,1.215059369128e-81,0,2.841141635063,-0.5622674905574,-14.51719533904,0.0508439955993,1.320788790755,-14.97544251017,-26208.79883143,4987.368589267,0,0,259283.300,2296,80,0,101201.1651427
101400,-15530639.74501,2918475.380631,21123122.37937,0,0,0,-0.6806148387988,-0.5624946879089,29674425.50732,29630443.5459129,155708940.3485,0.0001467370507995,0,0,0,8.69973057436,1.214860550764e-81,0,2.841137963958,-0.5623327990447,-14.5181110653,0.05086624716716,1.320799344198,-14.97581130838,-26207.69076053,4987.157730386,0,0,259283.400,2296,80,0,101301.1634791
101500,-15530731.53176,2918216.366121,21123094.99948,0,0,0,-0.6806362307088,-0.5625600368707,29674924.21256,29630942.250289,155711561.0621,0.0001467370522534,0,0,0,8.699303451086,1.214661727921e-81,0,2.841134291783,-0.5623981063095,-14.51902677441,0.05088850267877,1.320809898539,-14.97618002189,-26206.58267006,4986.946867779,0,0,259283.500,2296,80,0,101401.1618156
101600,-15530823.31974,2917957.352471,21123067.61501,0,0,0,-0.680657628598,-0.562625384825,29675422.89671,29631440.9335768,155714181.665,0.0001467370537073,0,0,0,8.698876258197,1.21446290062e-81,0,2.841130618562,-0.5624634127124,-14.51994247143,0.05091075563743,1.320820453778,-14.97654865577,-26205.4744817,4986.735986546,0,0,259283.600,2296,80,0,101501.1601522
101700,-15530915.10896,2917698.339682,21123040.22595,0,0,0,-0.680679032467,-0.5626907317721,29675921.55977,29631939.5957744,155716802.157,0.0001467370551613,0,0,0,8.698448995714,1.214264068881e-81,0,2.841126945921,-0.5625287181971,-14.52085815558,0.05093300806035,1.320831009914,-14.97691720923,-26204.36611715,4986.525071785,0,0,259283.700,2296,80,0,101601.1584888
101800,-15531006.89941,2917439.327753,21123012.8323,0,0,0,-0.6807004423168,-0.5627560777118,29676420.20174,29632438.2368799,155719422.5382,0.0001467370566153,0,0,0,8.698021663655,1.214065232723e-81,0,2.841123268974,-0.5625940229991,-14.52177383016,0.05095526185327,1.320841566947,-14.97728568557,-26203.25770366,4986.314147711,0,0,259283.800,2296,80,0,101701.1568255
101900,-15531098.69109,2917180.316685,21122985.43407,0,0,0,-0.6807218581479,-0.5628214226443,29676918.82262,29632936.8568914,155722042.8085,0.0001467370580692,0,0,0,8.697594262041,1.213866392167e-81,0,2.841119592643,-0.5626593261153,-14.5226894811,0.05097751685431,1.320852124877,-14.97765407075,-26202.14914334,4986.103195697,0,0,259283.900,2296,80,0,101801.1551623
102000,-15531190.484,2916921.306476,21122958.03125,0,0,0,-0.6807432799613,-0.5628867665697,29677417.42239,29633435.4555548,155724662.9694,0.0001467370595232,0,0,0,8.696914747299,1.213667547233e-81,0,2.841115915432,-0.5627246286308,-14.52360512362,0.0509997769895,1.320862683704,-14.97802237997,-26201.70277882,4986.018255353,0,0,259284.000,2296,80,0,101901.1534991
102100,-15531282.27814,2916662.297128,21122930.62384,0,0,0,-0.6807647077576,-0.562952109488,29677916.00108,29633934.0333723,155727283.018,0.0001467370609772,0,0,0,8.696487205094,1.21346869794e-81,0,2.841112236558,-0.5627899298309,-14.52452074769,0.05102203693277,1.320873243428,-14.97839060324,-26199.9316997,4985.681230202,0,0,259284.100,2296,80,0,102001.1518361
102200,-15531374.07352,2916403.288641,21122903.21185,0,0,0,-0.6807861415377,-0.5630174513992,29678414.55866,29634432.59009,155729902.9557,0.0001467370624311,0,0,0,8.696059593398,1.213269844308e-81,0,2.841108558752,-0.5628552304808,-14.52543636405,0.05104429394326,1.32088380405,-14.97875875127,-26198.82285553,4985.470224172,0,0,259284.200,2296,80,0,102101.1501731
102300,-15531465.87013,2916144.281014,21122875.79527,0,0,0,-0.6808075813024,-0.5630827923035,29678913.09514,29634931.1257058,155732522.7825,0.0001467370638851,0,0,0,8.695631912233,1.213070986357e-81,0,2.841104876583,-0.562920529593,-14.52635195885,0.05106655152708,1.320894365568,-14.97912681023,-26197.71393305,4985.25920324,0,0,259284.300,2296,80,0,102201.1485101
102400,-15531557.66797,2915885.274248,21122848.37411,0,0,0,-0.6808290270523,-0.5631481322008,29679411.61051,29635429.640218,155735142.4985,0.0001467370653391,0,0,0,8.695204161617,1.212872124108e-81,0,2.841101195122,-0.5629858282467,-14.52726754722,0.05108881187651,1.320904927982,-14.97949479525,-26196.60482459,4985.048146918,0,0,259284.400,2296,80,0,102301.1468473
102500,-15531649.46704,2915626.268343,21122820.94836,0,0,0,-0.6808504787884,-0.5632134710913,29679910.10478,29635928.1336244,155737762.1035,0.0001467370667931,0,0,0,8.69477634157,1.212673257579e-81,0,2.84109751261,-0.5630511252761,-14.52818311281,0.05111107629014,1.320915491294,-14.97986269001,-26195.4956574,4984.837079421,0,0,259284.500,2296,80,0,102401.1451845
102600,-15531741.26734,2915367.263298,21122793.51802,0,0,0,-0.6808719365113,-0.5632788089751,29680408.57794,29636426.6059233,155740381.5976,0.0001467370682471,0,0,0,8.694348452113,1.212474386791e-81,0,2.841093828481,-0.5631164219852,-14.52909867392,0.05113334080592,1.320926055502,-14.98023051278,-26194.3863336,4984.625982121,0,0,259284.600,2296,80,0,102501.1435217
102700,-15531833.06888,2915108.259114,21122766.0831,0,0,0,-0.6808934002219,-0.5633441458521,29680907.03,29636925.0571127,155743000.9808,0.0001467370697011,0,0,0,8.693920493264,1.212275511764e-81,0,2.841090143768,-0.5631817171979,-14.53001421404,0.0511556041062,1.320936620606,-14.98059824709,-26193.27705875,4984.414894134,0,0,259284.700,2296,80,0,102601.1418591
102800,-15531924.87164,2914849.255791,21122738.64359,0,0,0,-0.6809148699209,-0.5634094817224,29681405.46094,29637423.4871905,155745620.253,0.0001467370711551,0,0,0,8.693492465044,1.212076632517e-81,0,2.841086459718,-0.5632470116164,-14.53092974302,0.05117786740276,1.320947186607,-14.98096590277,-26192.16765664,4984.203781933,0,0,259284.800,2296,80,0,102701.1401965
102900,-15532016.67564,2914590.253329,21122711.1995,0,0,0,-0.6809363456091,-0.5634748165861,29681903.87077,29637921.896155,155748239.4143,0.0001467370726091,0,0,0,8.693064367472,1.21187774907e-81,0,2.841082771431,-0.5633123047442,-14.53184525391,0.05120013056695,1.320957753504,-14.98133347289,-26191.05805877,4983.992632478,0,0,259284.900,2296,80,0,102801.138534
103000,-15532108.48087,2914331.251728,21122683.75082,0,0,0,-0.6809578272873,-0.5635401504433,29682402.25948,29638420.283752,155750858.4659,0.0001467370740631,0,0,0,8.692384121124,1.211678861444e-81,0,2.841079083586,-0.5633775971477,-14.53276075464,0.05122239891599,1.320968321297,-14.98170096538,-26190.61074479,4983.907511458,0,0,259285.000,2296,80,0,102901.1368715
103100,-15532200.28733,2914072.250988,21122656.29755,0,0,0,-0.6809793149562,-0.563605483294,29682900.62708,29638918.6504839,155753477.4053,0.0001467370755171,0,0,0,8.691955883432,1.211479969657e-81,0,2.841075394599,-0.5634428886113,-14.5336762422,0.05124466782998,1.320978889987,-14.98206837723,-26188.83857917,4983.570279554,0,0,259285.100,2296,80,0,103001.1352092
103200,-15532292.09502,2913813.251109,21122628.8397,0,0,0,-0.6810008086167,-0.5636708151383,29683398.97355,29639416.9960965,155756096.2337,0.0001467370769711,0,0,0,8.691527576454,1.211281073731e-81,0,2.841071704621,-0.5635081785447,-14.5345917083,0.05126693922873,1.320989459572,-14.98243570017,-26187.72879532,4983.359094709,0,0,259285.200,2296,80,0,103101.1335469
103300,-15532383.90395,2913554.252091,21122601.37726,0,0,0,-0.6810223082694,-0.5637361459763,29683897.29891,29639915.3205881,155758714.9511,0.0001467370784252,0,0,0,8.691099200209,1.211082173684e-81,0,2.841068013296,-0.5635734682855,-14.53550717169,0.05128920668069,1.321000030053,-14.98280295296,-26186.61888423,4983.14788565,0,0,259285.300,2296,80,0,103201.1318846
103400,-15532475.7141,2913295.253934,21122573.91024,0,0,0,-0.6810438139153,-0.563801475808,29684395.60314,29640413.6239565,155761333.5574,0.0001467370798792,0,0,0,8.690670754719,1.210883269537e-81,0,2.841064323003,-0.5636387563121,-14.53642261105,0.05131147722621,1.32101060143,-14.98317011426,-26185.50875779,4982.936635613,0,0,259285.400,2296,80,0,103301.1302225
103500,-15532567.52549,2913036.256639,21122546.43863,0,0,0,-0.6810653255551,-0.5638668046334,29684893.88625,29640911.9062,155763952.0528,0.0001467370813332,0,0,0,8.690242240001,1.210684361309e-81,0,2.841060628061,-0.563704043901,-14.53733804428,0.05133374916621,1.321021173703,-14.98353720199,-26184.3985922,4982.725378126,0,0,259285.500,2296,80,0,103401.1285604
103600,-15532659.33811,2912777.260205,21122518.96243,0,0,0,-0.6810868431895,-0.5639321324527,29685392.14823,29641410.1673165,155766570.4371,0.0001467370827873,0,0,0,8.689813656077,1.21048544902e-81,0,2.841056933676,-0.5637693301954,-14.53825345935,0.05135602139833,1.321031746871,-14.98390420414,-26183.28831894,4982.514100149,0,0,259285.600,2296,80,0,103501.1268984
103700,-15532751.15196,2912518.264633,21122491.48165,0,0,0,-0.6811083668193,-0.5639974592659,29685890.38908,29641908.4073042,155769188.7105,0.0001467370842413,0,0,0,8.689385002965,1.210286532691e-81,0,2.841053238594,-0.5638346151296,-14.53916885535,0.05137829624028,1.321042320935,-14.98427111978,-26182.17792822,4982.302799821,0,0,259285.700,2296,80,0,103601.1252364
103800,-15532842.96704,2912259.269922,21122463.99628,0,0,0,-0.6811298964453,-0.564062785073,29686388.60881,29642406.626161,155771806.8727,0.0001467370856954,0,0,0,8.688956280687,1.21008761234e-81,0,2.841049541768,-0.5638998995873,-14.54008424467,0.0514005699186,1.321052895894,-14.98463796133,-26181.06749834,4982.091492042,0,0,259285.800,2296,80,0,103701.1235745
103900,-15532934.78336,2912000.276072,21122436.50632,0,0,0,-0.6811514320684,-0.5641281098741,29686886.80739,29642904.8238851,155774424.9239,0.0001467370871494,0,0,0,8.68852748926,1.209888687987e-81,0,2.841045846149,-0.5639651826745,-14.54099961477,0.05142284558212,1.321063471749,-14.98500471624,-26179.95690207,4981.880152598,0,0,259285.900,2296,80,0,103801.1219127
104000,-15533026.6009,2911741.283084,21122409.01178,0,0,0,-0.6811729736892,-0.5641934336694,29687384.98485,29643403.0002225,155777042.8654,0.0001467370886035,0,0,0,8.687846514057,1.209689759653e-81,0,2.841042146008,-0.5640304650469,-14.54191497485,0.05144511952676,1.321074048499,-14.98537139371,-26179.50860926,4981.794845313,0,0,259286.000,2296,80,0,103901.120251
104100,-15533118.41968,2911482.290958,21122381.51266,0,0,0,-0.6811945213085,-0.5642587564588,29687883.14117,29643901.1556753,155779660.6945,0.0001467370900575,0,0,0,8.687417582982,1.209490827357e-81,0,2.841038446666,-0.5640957463023,-14.54283031927,0.0514673985765,1.321084626144,-14.98573798812,-26177.73538651,4981.457412243,0,0,259286.100,2296,80,0,104001.1185893
104200,-15533210.23968,2911223.299694,21122354.00894,0,0,0,-0.6812160749272,-0.5643240782423,29688381.27635,29644399.2899896,155782278.4125,0.0001467370915116,0,0,0,8.686988582826,1.209291891119e-81,0,2.841034745954,-0.5641610264419,-14.54374564805,0.0514896781872,1.321095204684,-14.98610449949,-26176.62446722,4981.246011332,0,0,259286.200,2296,80,0,104101.1169277
104300,-15533302.06092,2910964.309291,21122326.50064,0,0,0,-0.681237634546,-0.5643893990202,29688879.39038,29644897.4031635,155784896.0194,0.0001467370929657,0,0,0,8.686559513607,1.209092950958e-81,0,2.841031044171,-0.56422630562,-14.54466096334,0.05151195559239,1.321105784119,-14.98647092999,-26175.513499,4981.034601107,0,0,259286.300,2296,80,0,104201.1152662
104400,-15533393.88339,2910705.31975,21122298.98776,0,0,0,-0.6812592001657,-0.5644547187924,29689377.48328,29645395.495195,155787513.5152,0.0001467370944197,0,0,0,8.686130375345,1.208894006896e-81,0,2.841027341716,-0.5642915838214,-14.54557626493,0.05153423679793,1.321116364449,-14.9868372794,-26174.40245246,4980.823175982,0,0,259286.400,2296,80,0,104301.1136047
104500,-15533485.70709,2910446.331071,21122271.47029,0,0,0,-0.681280771787,-0.564520037559,29689875.55503,29645893.5660821,155790130.8999,0.0001467370958738,0,0,0,8.685701168062,1.20869505895e-81,0,2.841023639785,-0.5643568610124,-14.54649155236,0.05155651828226,1.321126945674,-14.98720354727,-26173.29126889,4980.611724779,0,0,259286.500,2296,80,0,104401.1119434
104600,-15533577.53202,2910187.343254,21122243.94823,0,0,0,-0.6813023494109,-0.56458535532,29690373.60564,29646391.615823,155792748.1735,0.0001467370973279,0,0,0,8.685271891775,1.208496107142e-81,0,2.841019933542,-0.5644221369391,-14.54740682206,0.05157880108206,1.321137527794,-14.98756973003,-26172.1799385,4980.400245637,0,0,259286.600,2296,80,0,104501.110282
104700,-15533669.35819,2909928.356299,21122216.42159,0,0,0,-0.681323933038,-0.5646506720756,29690871.6351,29646889.6444157,155795365.3359,0.000146737098782,0,0,0,8.684842546506,1.20829715149e-81,0,2.841016227508,-0.5644874123139,-14.54832208403,0.05160108355367,1.321148110808,-14.98793583768,-26171.06858853,4980.188762769,0,0,259286.700,2296,80,0,104601.1086208
104800,-15533761.18558,2909669.370206,21122188.89036,0,0,0,-0.681345522669,-0.5647159878257,29691369.6434,29647387.6518583,155797982.3872,0.0001467371002361,0,0,0,8.684413132274,1.208098192015e-81,0,2.841012520489,-0.5645526866501,-14.54923733143,0.05162336561275,1.321158694717,-14.98830186341,-26169.95719941,4979.977272451,0,0,259286.800,2296,80,0,104701.1069596
104900,-15533853.01421,2909410.384975,21122161.35455,0,0,0,-0.681367118305,-0.5647813025705,29691867.63056,29647885.6381489,155800599.3273,0.0001467371016902,0,0,0,8.683983649099,1.207899228735e-81,0,2.841008812661,-0.564617959472,-14.5501525576,0.05164565273567,1.32116927952,-14.98866780055,-26168.84557536,4979.765737429,0,0,259286.900,2296,80,0,104801.1052985
105000,-15533944.84406,2909151.400607,21122133.81414,0,0,0,-0.6813887199464,-0.5648466163099,29692365.59656,29648383.6030333,155803216.1576,0.0001467371031443,0,0,0,8.683301947797,1.207700261673e-81,0,2.841005103442,-0.5646832321677,-14.55106778199,0.05166794098391,1.321179865217,-14.98903366857,-26168.39644076,4979.680269957,0,0,259287.000,2296,80,0,104901.1036375
105100,-15534036.67515,2908892.4171,21122106.26916,0,0,0,-0.6814103275943,-0.5649119290442,29692863.54141,29648881.5470139,155805832.8754,0.0001467371045984,0,0,0,8.682872325446,1.207501290846e-81,0,2.841001395449,-0.5647485027388,-14.5519829766,0.05169022926887,1.321190451809,-14.98939943945,-26166.62210215,4979.342624545,0,0,259287.100,2296,80,0,105001.1019765
105200,-15534128.50747,2908633.434456,21122078.71959,0,0,0,-0.6814319412493,-0.5649772407732,29693361.4651,29649379.4698368,155808449.482,0.0001467371060525,0,0,0,8.682442634216,1.207302316274e-81,0,2.840997682301,-0.564813773376,-14.55289817214,0.05171251494221,1.321201039295,-14.98976514392,-26165.5101551,4979.131028056,0,0,259287.200,2296,80,0,105101.1003156
105300,-15534220.34102,2908374.452675,21122051.16543,0,0,0,-0.6814535609123,-0.5650425514972,29693859.36763,29649877.3714998,155811065.9774,0.0001467371075066,0,0,0,8.682012874129,1.207103337978e-81,0,2.840993970069,-0.5648790423932,-14.55381334496,0.05173480249061,1.321211627675,-14.99013075835,-26164.39820804,4978.919431567,0,0,259287.300,2296,80,0,105201.0986548
105400,-15534312.1758,2908115.471756,21122023.60668,0,0,0,-0.681475186584,-0.5651078612161,29694357.24899,29650375.2520012,155813682.3616,0.0001467371089607,0,0,0,8.681583045205,1.206904355976e-81,0,2.840990256719,-0.5649443105874,-14.55472850624,0.05175709364215,1.321222216949,-14.9904962939,-26163.28603586,4978.707792237,0,0,259287.400,2296,80,0,105301.0969941
105500,-15534404.01181,2907856.491699,21121996.04335,0,0,0,-0.6814968182652,-0.56517316993,29694855.1092,29650873.1113389,155816298.6346,0.0001467371104148,0,0,0,8.681153147462,1.20670537029e-81,0,2.840986542257,-0.5650095775969,-14.5556436509,0.0517793856343,1.321232807117,-14.99086174552,-26162.17385388,4978.496151045,0,0,259287.500,2296,80,0,105401.0953334
105600,-15534495.84906,2907597.512505,21121968.47544,0,0,0,-0.6815184559567,-0.565238477639,29695352.94823,29651370.9495111,155818914.7964,0.000146737111869,0,0,0,8.680723180921,1.206506380938e-81,0,2.84098282853,-0.5650748435797,-14.55655878118,0.05180167805951,1.321243398178,-14.99122711543,-26161.06153488,4978.284483775,0,0,259287.600,2296,80,0,105501.0936728
105700,-15534587.68753,2907338.534174,21121940.90294,0,0,0,-0.6815400996592,-0.5653037843431,29695850.76611,29651868.7665158,155821530.8469,0.0001467371133231,0,0,0,8.680293145602,1.20630738794e-81,0,2.840979110508,-0.5651401087375,-14.55747389988,0.05182397271789,1.321253990133,-14.99159240646,-26159.94916693,4978.072807193,0,0,259287.700,2296,80,0,105601.0920122
105800,-15534679.52723,2907079.556705,21121913.32585,0,0,0,-0.6815617493737,-0.5653690900424,29696348.56281,29652366.562351,155824146.7862,0.0001467371147772,0,0,0,8.679863041525,1.206108391315e-81,0,2.840975393159,-0.5652053731066,-14.55838900753,0.05184626415016,1.321264582982,-14.99195761912,-26158.83668152,4977.861108258,0,0,259287.800,2296,80,0,105701.0903518
105900,-15534771.36817,2906820.580099,21121885.74417,0,0,0,-0.6815834051008,-0.565434394737,29696846.33834,29652864.337015,155826762.6143,0.0001467371162314,0,0,0,8.679432868708,1.205909391085e-81,0,2.840971674257,-0.5652706362338,-14.55930409776,0.05186855805604,1.321275176725,-14.99232274708,-26157.72394161,4977.649360895,0,0,259287.900,2296,80,0,105801.0886914
106000,-15534863.21034,2906561.604356,21121858.15791,0,0,0,-0.6816050668413,-0.5654996984269,29697344.09269,29653362.0902534,155829378.3324,0.0001467371176855,0,0,0,8.678750444068,1.205710387267e-81,0,2.840967954722,-0.5653358980059,-14.560219169,0.05189085463833,1.321285771361,-14.99268778874,-26157.27382819,4977.563707158,0,0,259288.000,2296,80,0,105901.087031
106100,-15534955.05373,2906302.629475,21121830.56707,0,0,0,-0.681626734596,-0.5655650011122,29697841.82588,29653859.8225689,155831993.9379,0.0001467371191397,0,0,0,8.678320132548,1.205511379883e-81,0,2.840964234114,-0.5654011592067,-14.56113423222,0.05191315325076,1.32129636689,-14.9930527551,-26155.4985499,4977.225882933,0,0,259288.100,2296,80,0,106001.0853708
106200,-15535046.89836,2906043.655458,21121802.97164,0,0,0,-0.6816484083658,-0.5656303027929,29698339.53788,29654357.5337072,155834609.4321,0.0001467371205938,0,0,0,8.677889752355,1.205312368951e-81,0,2.840960514268,-0.5654664193545,-14.56204928067,0.05193545205943,1.321306963312,-14.99341763942,-26154.38565338,4977.014105767,0,0,259288.200,2296,80,0,106101.0837106
106300,-15535138.74422,2905784.682303,21121775.37162,0,0,0,-0.6816700881513,-0.5656956034692,29698837.22871,29654855.2236664,155837224.815,0.000146737122048,0,0,0,8.67745930351,1.205113354491e-81,0,2.84095678963,-0.5655316786824,-14.56296431764,0.05195774988024,1.321317560628,-14.99378244497,-26153.27263941,4976.80230625,0,0,259288.300,2296,80,0,106201.0820505
106400,-15535230.59131,2905525.710012,21121747.76702,0,0,0,-0.6816917739534,-0.565760903141,29699334.89835,29655352.8924447,155839840.0866,0.0001467371235021,0,0,0,8.677028786031,1.204914336523e-81,0,2.840953065982,-0.5655969363925,-14.56387933191,0.0519800474472,1.321328158836,-14.99414716056,-26152.15947861,4976.590478793,0,0,259288.400,2296,80,0,106301.0803904
106500,-15535322.43963,2905266.738584,21121720.15783,0,0,0,-0.6817134657729,-0.5658262018084,29699832.54681,29655850.54004,155842455.2469,0.0001467371249563,0,0,0,8.676598199939,1.204715315066e-81,0,2.840949340733,-0.5656621938693,-14.56479434292,0.05200234948157,1.321338757938,-14.99451180562,-26151.04635696,4976.378658786,0,0,259288.500,2296,80,0,106401.0787305
106600,-15535414.28918,2905007.768019,21121692.54406,0,0,0,-0.6817351636106,-0.5658914994715,29700330.17409,29656348.1664506,155845070.2958,0.0001467371264105,0,0,0,8.676167545254,1.204516290142e-81,0,2.840945614919,-0.565727449614,-14.56570932964,0.05202465165187,1.321349357932,-14.99487635913,-26149.93301018,4976.166795939,0,0,259288.600,2296,80,0,106501.0770706
106700,-15535506.13996,2904748.798317,21121664.9257,0,0,0,-0.6817568674671,-0.5659567961304,29700827.78018,29656845.7716743,155847685.2335,0.0001467371278646,0,0,0,8.675736821995,1.204317261768e-81,0,2.840941889657,-0.5657927046181,-14.56662430597,0.05204695590517,1.32135995882,-14.99524083501,-26148.81961447,4975.954923779,0,0,259288.700,2296,80,0,106601.0754107
106800,-15535597.99197,2904489.829478,21121637.30275,0,0,0,-0.6817785773435,-0.5660220917851,29701325.36508,29657343.3557093,155850300.0598,0.0001467371293188,0,0,0,8.675306030182,1.204118229964e-81,0,2.840938159817,-0.5658579587242,-14.56753926971,0.05206925981507,1.3213705606,-14.99560523105,-26147.70612087,4975.743032992,0,0,259288.800,2296,80,0,106701.073751
106900,-15535689.84522,2904230.861503,21121609.67522,0,0,0,-0.6818002932403,-0.5660873864357,29701822.92879,29657840.9185537,155852914.7747,0.000146737130773,0,0,0,8.674875169836,1.203919194751e-81,0,2.840934430583,-0.5659232118475,-14.56845421968,0.05209156324619,1.321381163272,-14.99596954607,-26146.59245108,4975.531108677,0,0,259288.900,2296,80,0,106801.0720913
107000,-15535781.69969,2903971.894391,21121582.0431,0,0,0,-0.6818220151584,-0.5661526800822,29702320.47131,29658338.4599533,155855529.3796,0.0001467371322272,0,0,0,8.67419202462,1.203720156148e-81,0,2.840930700489,-0.5659884640696,-14.569369157,0.05211386797075,1.321391766837,-14.99633378121,-26146.14142734,4975.445281714,0,0,259289.000,2296,80,0,106901.0704317
107100,-15535873.55539,2903712.928143,21121554.4064,0,0,0,-0.6818437430987,-0.5662179727247,29702817.99264,29658835.9804107,155858143.8717,0.0001467371336814,0,0,0,8.673761026043,1.203521114174e-81,0,2.84092696922,-0.5660537148,-14.57028407341,0.05213617514951,1.321402371295,-14.99669792822,-26144.36491573,4975.107222795,0,0,259289.100,2296,80,0,107001.0687721
107200,-15535965.41233,2903453.962758,21121526.76511,0,0,0,-0.6818654770618,-0.5662832643633,29703315.49276,29659333.4796717,155860758.2525,0.0001467371351356,0,0,0,8.673329958999,1.203322068849e-81,0,2.840923236382,-0.5661189650075,-14.57119898249,0.0521584831374,1.321412976644,-14.99706200067,-26143.25091314,4974.895235151,0,0,259289.200,2296,80,0,107101.0671126
107300,-15536057.27049,2903194.998237,21121499.11923,0,0,0,-0.6818872170486,-0.566348554998,29703812.97169,29659830.9577343,155863372.5219,0.0001467371365898,0,0,0,8.672898823506,1.203123020193e-81,0,2.840919504636,-0.5661842143752,-14.5721138798,0.0521807932529,1.321423582886,-14.99742599413,-26142.13696928,4974.683258682,0,0,259289.300,2296,80,0,107201.0654532
107400,-15536149.12989,2902936.03458,21121471.46877,0,0,0,-0.6819089630598,-0.5664138446288,29704310.42942,29660328.4145967,155865986.6799,0.000146737138044,0,0,0,8.672467619586,1.202923968226e-81,0,2.840915768634,-0.5662494618044,-14.57302874992,0.05220310234018,1.321434190021,-14.99778989319,-26141.02281008,4974.471241236,0,0,259289.400,2296,80,0,107301.0637939
107500,-15536240.99051,2902677.071786,21121443.81373,0,0,0,-0.6819307150964,-0.566479133256,29704807.86595,29660825.8502568,155868600.7265,0.0001467371394982,0,0,0,8.672036347257,1.202724912966e-81,0,2.840912033256,-0.5663147089923,-14.57394361666,0.05222541453174,1.321444798047,-14.99815372167,-26139.90852363,4974.259199575,0,0,259289.500,2296,80,0,107401.0621346
107600,-15536332.85237,2902418.109856,21121416.15409,0,0,0,-0.6819524731589,-0.5665444208794,29705305.28127,29661323.2647129,155871214.6616,0.0001467371409524,0,0,0,8.67160500654,1.202525854434e-81,0,2.840908296535,-0.5663799550265,-14.57485846722,0.05224772544657,1.321455406965,-14.99851746677,-26138.79414908,4974.04714115,0,0,259289.600,2296,80,0,107501.0604754
107700,-15536424.71546,2902159.14879,21121388.48988,0,0,0,-0.6819742372483,-0.5666097074992,29705802.67539,29661820.6579629,155873828.4853,0.0001467371424066,0,0,0,8.671173597454,1.20232679265e-81,0,2.840904558845,-0.5664451998504,-14.57577330081,0.05227003892022,1.321466016775,-14.99888112771,-26137.67973539,4973.835075274,0,0,259289.700,2296,80,0,107601.0588163
107800,-15536516.57977,2901900.188588,21121360.82107,0,0,0,-0.6819960073653,-0.5666749931154,29706300.0483,29662318.0300049,155876442.1976,0.0001467371438609,0,0,0,8.670742120019,1.202127727632e-81,0,2.84090081991,-0.5665104440096,-14.57668812508,0.05229235066613,1.321476627477,-14.99924471214,-26136.56529232,4973.623003811,0,0,259289.800,2296,80,0,107701.0571572
107900,-15536608.44532,2901641.229249,21121333.14768,0,0,0,-0.6820177835107,-0.5667402777282,29706797.4,29662815.380837,155879055.7984,0.0001467371453151,0,0,0,8.670310574256,1.2019286594e-81,0,2.840897081984,-0.5665756870517,-14.57760293369,0.0523146653956,1.32148723907,-14.99960821372,-26135.45062413,4973.410889506,0,0,259289.900,2296,80,0,107801.0554983
108000,-15536700.3121,2901382.270775,21121305.46971,0,0,0,-0.6820395656853,-0.5668055613375,29707294.73049,29663312.7102051,155881669.289,0.0001467371467693,0,0,0,8.669626711231,1.201729587975e-81,0,2.840893339504,-0.5666409288622,-14.57851772503,0.0523369809645,1.321497851555,-14.99997163086,-26134.99869009,4973.324889317,0,0,259290.000,2296,80,0,107901.0538394
108100,-15536792.18011,2901123.313165,21121277.78715,0,0,0,-0.68206135389,-0.5668708439434,29707792.03976,29663810.0186117,155884282.6669,0.0001467371482236,0,0,0,8.669195027712,1.201530513375e-81,0,2.840889597801,-0.5667061699111,-14.57943250569,0.0523592982072,1.321508464932,-15.00033497015,-26133.22105283,4972.986616194,0,0,259290.100,2296,80,0,108001.0521805
108200,-15536884.04934,2900864.356419,21121250.1,0,0,0,-0.6820831481254,-0.566936125546,29708289.32782,29664307.3058026,155886895.9333,0.0001467371496778,0,0,0,8.66876327593,1.20133143562e-81,0,2.840885854655,-0.5667714098145,-14.58034727029,0.05238161820613,1.3215190792,-15.00069822622,-26132.10619866,4972.7744665,0,0,259290.200,2296,80,0,108101.0505217
108300,-15536975.91981,2900605.400537,21121222.40827,0,0,0,-0.6821049483923,-0.5670014061453,29708786.59466,29664804.571776,155889509.0881,0.000146737151132,0,0,0,8.668331455905,1.20113235473e-81,0,2.840882110598,-0.5668366488369,-14.58126202254,0.05240393363677,1.321529694359,-15.00106140277,-26130.99122703,4972.562294453,0,0,259290.300,2296,80,0,108201.048863
108400,-15537067.79151,2900346.445519,21121194.71195,0,0,0,-0.6821267546917,-0.5670666857414,29709283.84028,29665301.8165297,155892122.1315,0.0001467371525863,0,0,0,8.667899567657,1.200933270725e-81,0,2.840878367392,-0.5669018865226,-14.58217675604,0.05242625204322,1.32154031041,-15.00142449343,-26129.87603027,4972.350079566,0,0,259290.400,2296,80,0,108301.0472044
108500,-15537159.66444,2900087.491366,21121167.01105,0,0,0,-0.6821485670242,-0.5671319643344,29709781.06468,29665799.0400621,155894735.0633,0.0001467371540405,0,0,0,8.667467611206,1.200734183623e-81,0,2.8408746193,-0.5669671236566,-14.58309148181,0.05244857478858,1.321550927351,-15.0017875092,-26128.76079436,4972.137857229,0,0,259290.500,2296,80,0,108401.0455458
108600,-15537251.5386,2899828.538077,21121139.30556,0,0,0,-0.6821703853907,-0.5671972419243,29710278.26786,29666296.2423711,155897347.8836,0.0001467371554948,0,0,0,8.667035586572,1.200535093445e-81,0,2.840870871984,-0.5670323599007,-14.5840061951,0.05247089676541,1.321561545184,-15.00215044536,-26127.64548993,4971.925621852,0,0,259290.600,2296,80,0,108501.0438874
108700,-15537343.41399,2899569.585653,21121111.59548,0,0,0,-0.6821922097919,-0.5672625185112,29710775.44981,29666793.4234548,155899960.5924,0.0001467371569491,0,0,0,8.666603493775,1.20033600021e-81,0,2.840867123708,-0.5670975945219,-14.58492088564,0.05249322079448,1.321572163908,-15.00251329163,-26126.52996037,4971.713343635,0,0,259290.700,2296,80,0,108601.0422289
108800,-15537435.29061,2899310.634093,21121083.88082,0,0,0,-0.6822140402287,-0.5673277940951,29711272.61054,29667290.5833112,155902573.1896,0.0001467371584033,0,0,0,8.666171332834,1.200136903937e-81,0,2.840863374318,-0.5671628287994,-14.58583557135,0.0525155407884,1.321582783522,-15.00287606595,-26125.41447975,4971.501074731,0,0,259290.800,2296,80,0,108701.0405706
108900,-15537527.16846,2899051.683397,21121056.16158,0,0,0,-0.6822358767018,-0.5673930686762,29711769.75003,29667787.7219386,155905185.6753,0.0001467371598576,0,0,0,8.66573910377,1.199937804646e-81,0,2.840859623499,-0.5672280616597,-14.5867502372,0.05253786488262,1.321593404027,-15.00323875327,-26124.29875443,4971.288759261,0,0,259290.900,2296,80,0,108801.0389123
109000,-15537619.04753,2898792.733567,21121028.43775,0,0,0,-0.682257719212,-0.5674583422544,29712266.8683,29668284.8390825,155907798.0507,0.0001467371613119,0,0,0,8.665054525706,1.199738702357e-81,0,2.840855873918,-0.5672932932358,-14.58766488503,0.05256019164243,1.321604025423,-15.00360135547,-26123.84594923,4971.202593297,0,0,259291.000,2296,80,0,108901.0372541
109100,-15537710.92784,2898533.784601,21121000.70933,0,0,0,-0.6822795677602,-0.5675236148299,29712763.96533,29668781.9352458,155910410.3132,0.0001467371627662,0,0,0,8.664622159361,1.199539597089e-81,0,2.840852119453,-0.5673585243341,-14.58857952617,0.05258252009345,1.32161464771,-15.00396388386,-26122.06722547,4970.86411342,0,0,259291.100,2296,80,0,109001.035596
109200,-15537802.80938,2898274.836499,21120972.97633,0,0,0,-0.6823014223471,-0.5675888864026,29713261.04113,29669279.0101741,155913022.4641,0.0001467371642204,0,0,0,8.664189724958,1.199340488862e-81,0,2.840848366089,-0.5674237541136,-14.58949414882,0.05260484809332,1.321625270887,-15.00432632665,-26120.95124565,4970.651749521,0,0,259291.200,2296,80,0,109101.0339379
109300,-15537894.69215,2898015.889263,21120945.23874,0,0,0,-0.6823232829734,-0.5676541569728,29713758.09569,29669776.0638656,155915634.5035,0.0001467371656747,0,0,0,8.663757222518,1.199141377695e-81,0,2.840844611195,-0.5674889830808,-14.59040876007,0.05262717296225,1.321635894954,-15.00468869095,-26119.83518752,4970.439370722,0,0,259291.300,2296,80,0,109201.0322799
109400,-15537986.57615,2897756.942891,21120917.49656,0,0,0,-0.6823451496401,-0.5677194265403,29714255.12901,29670273.0963184,155918246.4312,0.000146737167129,0,0,0,8.66332465206,1.198942263608e-81,0,2.840840855527,-0.5675542107391,-14.59132335298,0.05264950122237,1.321646519912,-15.00505096981,-26118.71893363,4970.226954669,0,0,259291.400,2296,80,0,109301.030622
109500,-15538078.46138,2897497.997385,21120889.7498,0,0,0,-0.6823670223479,-0.5677846951053,29714752.14109,29670770.1075304,155920858.2473,0.0001467371685833,0,0,0,8.662892013605,1.19874314662e-81,0,2.840837098487,-0.5676194379786,-14.59223794001,0.05267183202551,1.32165714576,-15.00541317571,-26117.6027972,4970.014560968,0,0,259291.500,2296,80,0,109401.0289642
109600,-15538170.34784,2897239.052743,21120861.99846,0,0,0,-0.6823889010976,-0.5678499626678,29715249.13193,29671267.0974999,155923469.9517,0.0001467371700376,0,0,0,8.662459307172,1.198544026751e-81,0,2.840833342627,-0.5676846639565,-14.59315250935,0.05269416748749,1.321667772498,-15.00577529683,-26116.48642585,4969.802122563,0,0,259291.600,2296,80,0,109501.0273064
109700,-15538262.23553,2896980.108966,21120834.24253,0,0,0,-0.68241078589,-0.567915229228,29715746.10152,29671764.0662248,155926081.5446,0.0001467371714919,0,0,0,8.662026532781,1.19834490402e-81,0,2.840829581819,-0.5677498887197,-14.59406706166,0.05271650023713,1.321678400126,-15.00613733384,-26115.36998598,4969.58967112,0,0,259291.700,2296,80,0,109601.0256487
109800,-15538354.12445,2896721.166055,21120806.48201,0,0,0,-0.6824326767259,-0.5679804947858,29716243.04987,29672261.0137032,155928693.0257,0.0001467371729462,0,0,0,8.661593690453,1.198145778447e-81,0,2.840825822004,-0.5678151123574,-14.59498159819,0.05273883234462,1.321689028644,-15.006499288,-26114.25347759,4969.377206638,0,0,259291.800,2296,80,0,109701.023991
109900,-15538446.0146,2896462.224009,21120778.71691,0,0,0,-0.682454573606,-0.5680457593413,29716739.97697,29672757.9399333,155931304.3952,0.0001467371744006,0,0,0,8.661160780206,1.197946650051e-81,0,2.840822060815,-0.5678803355443,-14.5958961284,0.05276116447734,1.321699658052,-15.00686116878,-26113.13686153,4969.164721668,0,0,259291.900,2296,80,0,109801.0223335
110000,-15538537.90597,2896203.282827,21120750.94722,0,0,0,-0.6824764765312,-0.5681110228946,29717236.88281,29673254.8446608,155933915.6544,0.0001467371758549,0,0,0,8.660475489878,1.197747518852e-81,0,2.840818298559,-0.5679455573766,-14.59681063961,0.05278349952623,1.321710288349,-15.0072229635,-26112.68303835,4969.078361988,0,0,259292.000,2296,80,0,109901.020676
110100,-15538629.79858,2895944.342512,21120723.17295,0,0,0,-0.6824983855023,-0.5681762854458,29717733.76741,29673751.7283883,155936526.8006,0.0001467371773092,0,0,0,8.660042442825,1.197548384869e-81,0,2.840814536998,-0.5680107782063,-14.59772513677,0.05280583901448,1.321720919537,-15.00758467712,-26110.90323789,4968.739677221,0,0,259292.100,2296,80,0,110001.0190185
110200,-15538721.69242,2895685.403061,21120695.39409,0,0,0,-0.6825203005201,-0.5682415469949,29718230.63075,29674248.5908617,155939137.8351,0.0001467371787635,0,0,0,8.659609327921,1.197349248121e-81,0,2.840810770715,-0.5680759983873,-14.59863962483,0.05282817763864,1.321731551614,-15.00794631459,-26109.7862303,4968.527117744,0,0,259292.200,2296,80,0,110101.0173612
110300,-15538813.58749,2895426.464476,21120667.61065,0,0,0,-0.6825422215854,-0.5683068075419,29718727.47284,29674745.4320791,155941748.7578,0.0001467371802179,0,0,0,8.659176145185,1.197150108629e-81,0,2.840807005529,-0.568141216729,-14.5995540871,0.05285051314104,1.32174218458,-15.00830785923,-26108.6692325,4968.31456013,0,0,259292.300,2296,80,0,110201.0157039
110400,-15538905.48379,2895167.526757,21120639.82262,0,0,0,-0.6825641486989,-0.568372067087,29719224.29367,29675242.2520384,155944359.5689,0.0001467371816722,0,0,0,8.658742894637,1.196950966412e-81,0,2.840803239032,-0.5682064348597,-14.60046854641,0.05287285163375,1.321752818436,-15.00866933387,-26107.55208788,4968.101974577,0,0,259292.400,2296,80,0,110301.0140467
110500,-15538997.38131,2894908.589903,21120612.03,0,0,0,-0.6825860818615,-0.5684373256302,29719721.09324,29675739.0507379,155946970.2682,0.0001467371831266,0,0,0,8.658309576297,1.196751821488e-81,0,2.840799471297,-0.568271651454,-14.60138298418,0.05289519079317,1.321763453181,-15.00903071994,-26106.4347377,4967.889349908,0,0,259292.500,2296,80,0,110401.0123895
110600,-15539089.28007,2894649.653914,21120584.2328,0,0,0,-0.6826080210739,-0.5685025831715,29720217.87154,29676235.8281755,155949580.8558,0.0001467371845809,0,0,0,8.657876190186,1.196552673879e-81,0,2.840795702769,-0.568336867642,-14.60229741626,0.05291753444883,1.321774088815,-15.00939203329,-26105.3174071,4967.676728964,0,0,259292.600,2296,80,0,110501.0107325
110700,-15539181.18005,2894390.718791,21120556.43102,0,0,0,-0.6826299663371,-0.568567839711,29720714.62859,29676732.5843494,155952191.3317,0.0001467371860353,0,0,0,8.657442736322,1.196353523602e-81,0,2.840791934533,-0.568402082499,-14.60321182967,0.05293987743641,1.321784725338,-15.00975326096,-26104.19993946,4967.464081943,0,0,259292.700,2296,80,0,110601.0090755
110800,-15539273.08127,2894131.784534,21120528.62464,0,0,0,-0.6826519176516,-0.5686330952488,29721211.36437,29677229.3192575,155954801.6958,0.0001467371874896,0,0,0,8.657009214727,1.196154370677e-81,0,2.840788162414,-0.5684672965272,-14.60412623145,0.052962220179,1.321795362751,-15.01011441,-26103.08240331,4967.251421884,0,0,259292.800,2296,80,0,110701.0074185
110900,-15539364.98372,2893872.851143,21120500.81369,0,0,0,-0.6826738750185,-0.568698349785,29721708.07888,29677726.0328981,155957411.9482,0.000146737188944,0,0,0,8.656575625419,1.195955215125e-81,0,2.840784390628,-0.5685325089775,-14.60504061112,0.05298456342139,1.321806001052,-15.0104754699,-26101.96468118,4967.038726434,0,0,259292.900,2296,80,0,110801.0057617
111000,-15539456.88739,2893613.918618,21120472.99815,0,0,0,-0.6826958384384,-0.5687636033195,29722204.77212,29678222.7250168,155960022.0901,0.0001467371903983,0,0,0,8.655889625605,1.195756056963e-81,0,2.840780617383,-0.5685977208913,-14.60595498326,0.05300690866181,1.321816640242,-15.01083645529,-26101.50991832,4966.95218794,0,0,259293.000,2296,80,0,110901.0041049
111100,-15539548.79229,2893354.986958,21120445.17802,0,0,0,-0.6827178079121,-0.5688288558525,29722701.44409,29678719.3961165,155962632.1189,0.0001467371918527,0,0,0,8.655455899967,1.195556896213e-81,0,2.840776843396,-0.5686629318266,-14.60686934168,0.05302925570496,1.321827280321,-15.01119735995,-26099.72906072,4966.613302007,0,0,259293.100,2296,80,0,111001.0024482
111200,-15539640.69843,2893096.056165,21120417.3533,0,0,0,-0.6827397834405,-0.5688941073841,29723198.09478,29679216.0459427,155965242.0359,0.0001467371933071,0,0,0,8.655022106683,1.195357732892e-81,0,2.840773070075,-0.5687281419241,-14.60778368836,0.05305160427369,1.321837921289,-15.01155818588,-26098.61111346,4966.400563717,0,0,259293.200,2296,80,0,111101.0007915
111300,-15539732.60579,2892837.126237,21120389.52401,0,0,0,-0.6827617650244,-0.5689593579142,29723694.7242,29679712.6744937,155967851.8411,0.0001467371947615,0,0,0,8.654588245773,1.195158567021e-81,0,2.840769292773,-0.5687933503371,-14.60869801141,0.05307395023664,1.321848563145,-15.01191892121,-26097.49305853,4966.187804937,0,0,259293.300,2296,80,0,111200.999135
111400,-15539824.51438,2892578.197176,21120361.69012,0,0,0,-0.6827837526645,-0.5690246074429,29724191.33235,29680209.2817675,155970461.5345,0.0001467371962158,0,0,0,8.654154317258,1.194959398619e-81,0,2.840765515472,-0.568858558127,-14.60961232573,0.0530963009631,1.32185920589,-15.01227958083,-26096.37485677,4965.975018218,0,0,259293.400,2296,80,0,111300.9974785
111500,-15539916.42421,2892319.26898,21120333.85165,0,0,0,-0.6828057463617,-0.5690898559704,29724687.91921,29680705.8677621,155973071.1161,0.0001467371976702,0,0,0,8.653720321156,1.194760227706e-81,0,2.840761737237,-0.5689237651891,-14.61052662984,0.05311865101506,1.321869849523,-15.01264016327,-26095.25660607,4965.762222186,0,0,259293.500,2296,80,0,111400.995822
111600,-15540008.33526,2892060.341651,21120306.0086,0,0,0,-0.6828277461167,-0.5691551034966,29725184.4848,29681202.4324758,155975680.5858,0.0001467371991246,0,0,0,8.653286257489,1.1945610543e-81,0,2.840757957861,-0.5689889709229,-14.61144091533,0.05314100536354,1.321880494044,-15.01300066012,-26094.13825749,4965.549407527,0,0,259293.600,2296,80,0,111500.9941657
111700,-15540100.24754,2891801.415188,21120278.16096,0,0,0,-0.6828497519304,-0.5692203500217,29725681.0291,29681698.9759064,155978289.9437,0.000146737200579,0,0,0,8.652852126275,1.194361878422e-81,0,2.840754177486,-0.5690541758662,-14.61235518974,0.05316335576798,1.321891139454,-15.01336107892,-26093.0198404,4965.336579829,0,0,259293.700,2296,80,0,111600.9925094
111800,-15540192.16105,2891542.489592,21120250.30873,0,0,0,-0.6828717638035,-0.5692855955457,29726177.55211,29682195.4980522,155980899.1898,0.0001467372020334,0,0,0,8.652417927536,1.19416270009e-81,0,2.840750397822,-0.5691193795183,-14.61326944604,0.05318570642587,1.321901785751,-15.01372141267,-26091.90129605,4965.123727918,0,0,259293.800,2296,80,0,111700.9908532
111900,-15540284.07579,2891283.564862,21120222.45192,0,0,0,-0.6828937817369,-0.5693508400686,29726674.05384,29682691.9989112,155983508.324,0.0001467372034878,0,0,0,8.651983661291,1.193963519324e-81,0,2.840746613567,-0.5691845824444,-14.61418369216,0.05320805920621,1.321912432937,-15.01408166928,-26090.78254615,4964.91083689,0,0,259293.900,2296,80,0,111800.989197
112000,-15540375.99176,2891024.640998,21120194.59052,0,0,0,-0.6829158057314,-0.5694160835905,29727170.53428,29683188.4782291,155986117.3476,0.0001467372049422,0,0,0,8.651296954772,1.193764336143e-81,0,2.840742829981,-0.5692497840156,-14.61509791928,0.05323041663376,1.321923081011,-15.01444183996,-26090.32692193,4964.824134484,0,0,259294.000,2296,80,0,111900.9875409
112100,-15540467.90895,2890765.718001,21120166.72454,0,0,0,-0.6829378357877,-0.5694813261115,29727666.99343,29683684.9365088,155988726.2581,0.0001467372063966,0,0,0,8.650862552673,1.193565150568e-81,0,2.840739045248,-0.5693149846963,-14.61601213391,0.05325277637958,1.321933729972,-15.01480193122,-26088.5449191,4964.485030621,0,0,259294.100,2296,80,0,112000.9858849
112200,-15540559.82738,2890506.79587,21120138.85397,0,0,0,-0.6829598719067,-0.5695465676316,29728163.43129,29684181.3734958,155991335.0566,0.000146737207851,0,0,0,8.650428083134,1.193365962616e-81,0,2.840735259009,-0.5693801852391,-14.61692634662,0.05327513170309,1.321944379821,-15.01516195361,-26087.42585598,4964.272079989,0,0,259294.200,2296,80,0,112100.984229
112300,-15540651.74704,2890247.874606,21120110.97882,0,0,0,-0.6829819140892,-0.5696118081509,29728659.84785,29684677.7891884,155993943.7432,0.0001467372093055,0,0,0,8.649993546175,1.193166772307e-81,0,2.840731472336,-0.5694453838975,-14.6178405329,0.05329748725613,1.321955030558,-15.01552188265,-26086.30687116,4964.059144258,0,0,259294.300,2296,80,0,112200.9825731
112400,-15540743.66792,2889988.954209,21120083.09908,0,0,0,-0.683003962336,-0.5696770476695,29729156.24312,29685174.1835847,155996552.318,0.0001467372107599,0,0,0,8.649558941817,1.192967579662e-81,0,2.840727685971,-0.5695105816957,-14.61875470712,0.05331984543047,1.321965682182,-15.01588173272,-26085.18761227,4963.846156374,0,0,259294.400,2296,80,0,112300.9809173
112500,-15540835.59004,2889730.034678,21120055.21476,0,0,0,-0.6830260166478,-0.5697422861874,29729652.61709,29685670.5566825,155999160.7808,0.0001467372122143,0,0,0,8.649124270079,1.192768384699e-81,0,2.840723895669,-0.5695757782063,-14.61966886328,0.05334220521566,1.321976334694,-15.01624149782,-26084.06833381,4963.633164763,0,0,259294.500,2296,80,0,112400.9792616
112600,-15540927.51338,2889471.116015,21120027.32585,0,0,0,-0.6830480770255,-0.5698075237047,29730148.96976,29686166.9084802,156001769.1316,0.0001467372136688,0,0,0,8.648689530982,1.192569187437e-81,0,2.840720105465,-0.5696409741317,-14.62058301124,0.05336457147815,1.321986988094,-15.0166011878,-26082.94892809,4963.420148939,0,0,259294.600,2296,80,0,112500.977606
112700,-15541019.43795,2889212.198218,21119999.43236,0,0,0,-0.6830701434699,-0.5698727602214,29730645.30112,29686663.2389757,156004377.3706,0.0001467372151232,0,0,0,8.648254724544,1.192369987896e-81,0,2.840716314383,-0.5697061684969,-14.62149713732,0.05338693358499,1.32199764238,-15.01696078901,-26081.82944407,4963.207118213,0,0,259294.700,2296,80,0,112600.9759504
112800,-15541111.36375,2888953.281288,21119971.53428,0,0,0,-0.6830922159817,-0.5699379957376,29731141.61119,29687159.5481672,156006985.4975,0.0001467372165776,0,0,0,8.647819850787,1.192170786096e-81,0,2.840712522103,-0.5697713623531,-14.62241125627,0.05340929697232,1.322008297554,-15.01732031618,-26080.7099209,4962.994080037,0,0,259294.800,2296,80,0,112700.9742949
112900,-15541203.29079,2888694.365225,21119943.63161,0,0,0,-0.6831142945619,-0.5700032302534,29731637.89994,29687655.8360526,156009593.5125,0.0001467372180321,0,0,0,8.647384909731,1.191971582054e-81,0,2.840708730744,-0.5698365553497,-14.62332536316,0.05343165697569,1.322018953615,-15.01767976441,-26079.5902509,4962.781013921,0,0,259294.900,2296,80,0,112800.9726394
113000,-15541295.21905,2888435.450029,21119915.72436,0,0,0,-0.6831363792111,-0.5700684637688,29732134.16739,29688152.1023778,156012201.4169,0.0001467372194865,0,0,0,8.646697499293,1.191772375792e-81,0,2.84070493463,-0.5699017473352,-14.62423945588,0.05345402073901,1.322029610562,-15.01803913158,-26079.13366743,4962.694128975,0,0,259295.000,2296,80,0,112900.9709841
113100,-15541387.14853,2888176.5357,21119887.81253,0,0,0,-0.6831584699303,-0.5701336962838,29732630.41353,29688648.3476455,156014809.208,0.000146737220941,0,0,0,8.646262422859,1.191573167328e-81,0,2.840701139324,-0.5699669380251,-14.62515353043,0.05347639261755,1.322040268397,-15.01839841371,-26077.35059769,4962.354822084,0,0,259295.100,2296,80,0,113000.9693288
113200,-15541479.07925,2887917.622239,21119859.8961,0,0,0,-0.6831805667201,-0.5701989277987,29733126.63836,29689144.5716016,156017416.887,0.0001467372223955,0,0,0,8.645827279192,1.191373956682e-81,0,2.840697342901,-0.5700321275459,-14.62606758859,0.05349875917407,1.322050927119,-15.01875761257,-26076.23061446,4962.141696364,0,0,259295.200,2296,80,0,113100.9676735
113300,-15541571.0112,2887658.709644,21119831.9751,0,0,0,-0.6832026695815,-0.5702641583133,29733622.84187,29689640.7742439,156020024.4541,0.0001467372238499,0,0,0,8.645392068312,1.191174743872e-81,0,2.840693545205,-0.5700973165504,-14.6269816395,0.05352112694251,1.322061586727,-15.01911673733,-26075.11066061,4961.928576231,0,0,259295.300,2296,80,0,113200.9660184
113400,-15541662.94437,2887399.797917,21119804.04951,0,0,0,-0.6832247785152,-0.5703293878278,29734119.02407,29690136.9555707,156022631.9091,0.0001467372253044,0,0,0,8.644956790239,1.190975528918e-81,0,2.840689746455,-0.5701625043715,-14.62789567383,0.05354349232567,1.322072247222,-15.01947577863,-26073.99046205,4961.715409532,0,0,259295.400,2296,80,0,113300.9643633
113500,-15541754.87878,2887140.887057,21119776.11933,0,0,0,-0.6832468935219,-0.5703946163423,29734615.18495,29690633.11558,156025239.2522,0.0001467372267589,0,0,0,8.644521444992,1.19077631184e-81,0,2.840685948592,-0.5702276906931,-14.62880968713,0.05356586089475,1.322082908604,-15.01983473205,-26072.87009708,4961.502211168,0,0,259295.500,2296,80,0,113400.9627083
113600,-15541846.81441,2886881.977065,21119748.18457,0,0,0,-0.6832690146027,-0.5704598438567,29735111.32451,29691129.2542699,156027846.4831,0.0001467372282134,0,0,0,8.644086032592,1.190577092656e-81,0,2.840682146094,-0.5702928765246,-14.62972369356,0.05358823589414,1.322093570872,-15.02019361175,-26071.74974191,4961.289014667,0,0,259295.600,2296,80,0,113500.9610533
113700,-15541938.75127,2886623.06794,21119720.24522,0,0,0,-0.6832911417581,-0.5705250703712,29735607.44275,29691625.3716384,156030453.6021,0.0001467372296678,0,0,0,8.643650553059,1.190377871387e-81,0,2.840678344327,-0.5703580613273,-14.63063768556,0.05361060835646,1.322104234026,-15.02055241019,-26070.62921054,4961.075784639,0,0,259295.700,2296,80,0,113600.9593985
113800,-15542030.68936,2886364.159683,21119692.30129,0,0,0,-0.6833132749891,-0.5705902958858,29736103.53967,29692121.4676838,156033060.609,0.0001467372311223,0,0,0,8.643215006413,1.190178648051e-81,0,2.840674541206,-0.5704232452156,-14.63155166474,0.05363298212333,1.322114898067,-15.02091112896,-26069.50867918,4960.86255461,0,0,259295.800,2296,80,0,113700.9577437
113900,-15542122.62868,2886105.252293,21119664.35277,0,0,0,-0.6833354142964,-0.5706555204005,29736599.61526,29692617.5424039,156035667.5038,0.0001467372325768,0,0,0,8.642779392674,1.189979422667e-81,0,2.840670736888,-0.5704884280459,-14.63246562908,0.05365535518162,1.322125562994,-15.02126976607,-26068.38788353,4960.64927429,0,0,259295.900,2296,80,0,113800.956089
114000,-15542214.56923,2885846.345771,21119636.39967,0,0,0,-0.6833575596809,-0.5707207439155,29737095.66952,29693113.5955446,156038274.2879,0.0001467372340313,0,0,0,8.642091281106,1.189780195255e-81,0,2.840666931672,-0.5705536100413,-14.63337958172,0.053677730074,1.322136228807,-15.02162832464,-26067.93037018,4960.562212393,0,0,259296.000,2296,96,0,113900.9544343
114100,-15542306.51101,2885587.440117,21119608.44198,0,0,0,-0.6833797111434,-0.5707859664308,29737591.70246,29693609.6276087,156040880.9586,0.0001467372354858,0,0,0,8.641655532468,1.189580965835e-81,0,2.840663127427,-0.5706187904786,-14.63429351251,0.05370010811466,1.322146895506,-15.02198679455,-26066.14623351,4960.222702473,0,0,259296.100,2296,96,0,114000.9527797
114200,-15542398.45401,2885328.535331,21119580.47971,0,0,0,-0.6834018686846,-0.5708511879465,29738087.71406,29694105.6383419,156043487.5171,0.0001467372369403,0,0,0,8.641219716803,1.189381734425e-81,0,2.840659318719,-0.5706839702415,-14.63520743385,0.05372248451157,1.32215756309,-15.02234518819,-26065.02525188,4960.009386763,0,0,259296.200,2296,96,0,114100.9511252
114300,-15542490.39825,2885069.631412,21119552.51285,0,0,0,-0.6834240323053,-0.5709164084626,29738583.70434,29694601.6277423,156046093.9636,0.0001467372383948,0,0,0,8.640783834131,1.189182501044e-81,0,2.840655509891,-0.5707491492818,-14.63612134506,0.05374486264826,1.322168231561,-15.02270350489,-26063.90410386,4959.796039388,0,0,259296.300,2296,96,0,114200.9494708
114400,-15542582.34371,2884810.728361,21119524.54141,0,0,0,-0.6834462020065,-0.5709816279791,29739079.67327,29695097.5958079,156048700.298,0.0001467372398494,0,0,0,8.640347884472,1.188983265712e-81,0,2.840651700532,-0.57081432721,-14.63703524067,0.05376724128804,1.322178900918,-15.0230617392,-26062.78287753,4959.582677111,0,0,259296.400,2296,96,0,114300.9478164
114500,-15542674.2904,2884551.826178,21119496.56538,0,0,0,-0.6834683777889,-0.5710468464962,29739575.62088,29695593.542537,156051306.5202,0.0001467372413039,0,0,0,8.639911867847,1.188784028449e-81,0,2.840647889953,-0.5708795034212,-14.6379491122,0.05378962116005,1.32218957116,-15.02341988263,-26061.66166098,4959.369316697,0,0,259296.500,2296,96,0,114400.9461621
114600,-15542766.23832,2884292.924863,21119468.58476,0,0,0,-0.6834905596532,-0.5711120640139,29740071.54714,29696089.4679274,156053912.6303,0.0001467372427584,0,0,0,8.639475784276,1.188584789273e-81,0,2.840644080554,-0.5709446792621,-14.63886297855,0.05381200461415,1.322200242287,-15.02377795408,-26060.54028783,4959.155926481,0,0,259296.600,2296,96,0,114500.9445079
114700,-15542858.18747,2884034.024417,21119440.59956,0,0,0,-0.6835127476004,-0.5711772805323,29740567.45206,29696585.3719773,156056518.6283,0.0001467372442129,0,0,0,8.639039633778,1.188385548203e-81,0,2.840640265999,-0.5710098540152,-14.63977682964,0.05383438532663,1.3222109143,-15.02413594349,-26059.41876785,4958.942508325,0,0,259296.700,2296,96,0,114600.9428537
114800,-15542950.13785,2883775.124838,21119412.60978,0,0,0,-0.6835349416312,-0.5712424960513,29741063.33564,29697081.2546849,156059124.5141,0.0001467372456675,0,0,0,8.638603416374,1.188186305259e-81,0,2.840636452164,-0.5710750281149,-14.64069067157,0.05385676680641,1.322221587199,-15.02449385697,-26058.29720872,4958.729082718,0,0,259296.800,2296,96,0,114700.9411996
114900,-15543042.08945,2883516.226128,21119384.61541,0,0,0,-0.6835571417464,-0.5713077105712,29741559.19788,29697577.1160482,156061730.2877,0.000146737247122,0,0,0,8.638167132083,1.187987060461e-81,0,2.840632637328,-0.5711402005635,-14.64160449034,0.05387915159853,1.322232260983,-15.02485168051,-26057.17553213,4958.51563476,0,0,259296.900,2296,96,0,114800.9395456
115000,-15543134.04229,2883257.328286,21119356.61646,0,0,0,-0.6835793479468,-0.5713729240919,29742055.03877,29698072.9558127,156064335.9505,0.0001467372485765,0,0,0,8.637478322179,1.187787813826e-81,0,2.840628821393,-0.5712053725583,-14.64251830276,0.05390153868784,1.322242935652,-15.02520943093,-26056.71705952,4958.428390324,0,0,259297.000,2296,96,0,114900.9378917
115100,-15543225.99635,2882998.431312,21119328.61292,0,0,0,-0.6836015602333,-0.5714381366135,29742550.85831,29698568.7744817,156066941.4998,0.0001467372500311,0,0,0,8.637041903467,1.187588565376e-81,0,2.840625004653,-0.5712705431629,-14.64343209568,0.0539239271083,1.322253611206,-15.0255670951,-26054.93186572,4958.088679239,0,0,259297.100,2296,96,0,115000.9362378
115200,-15543317.95164,2882739.535206,21119300.60479,0,0,0,-0.6836237786067,-0.5715033481361,29743046.6565,29699064.5718005,156069546.9368,0.0001467372514856,0,0,0,8.636605417936,1.187389315128e-81,0,2.840621188174,-0.5713357127731,-14.64434587466,0.05394631204156,1.322264287645,-15.02592467856,-26053.80989548,4957.875175402,0,0,259297.200,2296,96,0,115100.934584
115300,-15543409.90816,2882480.639969,21119272.59208,0,0,0,-0.6836460030677,-0.5715685586597,29743542.43334,29699560.3477674,156072152.2617,0.0001467372529402,0,0,0,8.636168865605,1.187190063102e-81,0,2.840617367339,-0.571400881377,-14.64525963953,0.0539686971962,1.322274964969,-15.02628218117,-26052.68775884,4957.661639899,0,0,259297.300,2296,96,0,115200.9329302
115400,-15543501.86591,2882221.745601,21119244.57479,0,0,0,-0.6836682336172,-0.5716337681844,29744038.18882,29700056.1023804,156074757.4744,0.0001467372543947,0,0,0,8.635732246495,1.186990809317e-81,0,2.840613547267,-0.5714660491936,-14.64617339336,0.05399108552439,1.322285643177,-15.02663960599,-26051.56559284,4957.448098809,0,0,259297.400,2296,96,0,115300.9312766
115500,-15543593.82489,2881962.852101,21119216.55291,0,0,0,-0.683690470256,-0.5716989767102,29744533.92295,29700551.8356376,156077362.5748,0.0001467372558493,0,0,0,8.635295560624,1.186791553792e-81,0,2.840609725839,-0.571531215955,-14.6470871324,0.05401347892336,1.322296322271,-15.02699694928,-26050.44325064,4957.23452419,0,0,259297.500,2296,96,0,115400.929623
115600,-15543685.78509,2881703.95947,21119188.52644,0,0,0,-0.6837127129849,-0.5717641842373,29745029.63573,29701047.5475371,156079967.563,0.0001467372573039,0,0,0,8.634858808015,1.186592296547e-81,0,2.84060590319,-0.5715963817502,-14.64800085789,0.05403587276323,1.322307002249,-15.02735421229,-26049.32077141,4957.020923495,0,0,259297.600,2296,96,0,115500.9279695
115700,-15543777.74652,2881445.067707,21119160.49539,0,0,0,-0.6837349618047,-0.5718293907656,29745525.32714,29701543.2380769,156082572.439,0.0001467372587584,0,0,0,8.634421988685,1.1863930376e-81,0,2.840602079653,-0.5716615467637,-14.64891457241,0.05405826469686,1.322317683112,-15.02771139761,-26048.19834113,4956.807332113,0,0,259297.700,2296,96,0,115600.926316
115800,-15543869.70918,2881186.176813,21119132.45975,0,0,0,-0.6837572167162,-0.5718945962953,29746020.99719,29702038.9072553,156085177.2027,0.000146737260213,0,0,0,8.633985102657,1.186193776972e-81,0,2.840598256885,-0.571726710247,-14.64982826548,0.05408065520047,1.322328364859,-15.02806849476,-26047.0757738,4956.593714654,0,0,259297.800,2296,96,0,115700.9246627
115900,-15543961.67307,2880927.286788,21119104.41953,0,0,0,-0.6837794777203,-0.5719598008263,29746516.64588,29702534.5550702,156087781.8541,0.0001467372616676,0,0,0,8.633548149949,1.18599451468e-81,0,2.840594429723,-0.5717918730822,-14.65074194947,0.05410304746115,1.32233904749,-15.0284255161,-26045.95300093,4956.38005808,0,0,259297.900,2296,96,0,115800.9230094
116000,-15544053.63819,2880668.397632,21119076.37473,0,0,0,-0.6838017448177,-0.5720250043588,29747012.2732,29703030.1812672,156090386.3946,0.0001467372631222,0,0,0,8.632858644504,1.185795250745e-81,0,2.840590602745,-0.5718570347044,-14.65165561644,0.05412544337253,1.322349731006,-15.02878245373,-26045.49352992,4956.292623654,0,0,259298.000,2296,96,0,115900.9213561
116100,-15544145.60454,2880409.509345,21119048.32534,0,0,0,-0.6838240180093,-0.5720902068928,29747507.87916,29703525.7863495,156092990.8215,0.0001467372645768,0,0,0,8.632421557854,1.185595985185e-81,0,2.840586775064,-0.5719221955989,-14.65256927321,0.05414784375451,1.322360415406,-15.02913931445,-26043.7072692,4955.952709541,0,0,259298.100,2296,96,0,116000.919703
116200,-15544237.57211,2880150.621927,21119020.27136,0,0,0,-0.6838462972958,-0.5721554084284,29748003.46374,29704021.3700625,156095595.1361,0.0001467372660314,0,0,0,8.631984404592,1.18539671802e-81,0,2.840582946129,-0.5719873552289,-14.65348291226,0.05417024083628,1.32237110069,-15.02949609074,-26042.58430055,4955.739015713,0,0,259298.200,2296,96,0,116100.9180499
116300,-15544329.54091,2879891.735378,21118992.2128,0,0,0,-0.6838685826782,-0.5722206089657,29748499.02696,29704516.9324045,156098199.3384,0.000146737267486,0,0,0,8.631547184737,1.185197449268e-81,0,2.840579118117,-0.5720525139504,-14.65439653856,0.0541926367189,1.322381786858,-15.02985278761,-26041.46126339,4955.525308847,0,0,259298.300,2296,96,0,116200.9163969
116400,-15544421.51094,2879632.849698,21118964.14965,0,0,0,-0.6838908741571,-0.5722858085046,29748994.5688,29705012.4733734,156100803.4283,0.0001467372689406,0,0,0,8.631109898309,1.184998178949e-81,0,2.840575285519,-0.5721176716152,-14.65531015005,0.0542150341318,1.32239247391,-15.03020940297,-26040.33798153,4955.311555415,0,0,259298.400,2296,96,0,116300.9147439
116500,-15544513.4822,2879373.964887,21118936.08192,0,0,0,-0.6839131717335,-0.5723510070453,29749490.08927,29705507.9929675,156103407.406,0.0001467372703952,0,0,0,8.630672545329,1.184798907082e-81,0,2.840571453316,-0.5721828283592,-14.65622374862,0.05423743531137,1.322403161846,-15.03056593874,-26039.21470945,4955.097803846,0,0,259298.500,2296,96,0,116400.913091
116600,-15544605.45468,2879115.080945,21118908.00961,0,0,0,-0.6839354754081,-0.5724162045878,29749985.58836,29706003.4911847,156106011.2713,0.0001467372718498,0,0,0,8.630235125817,1.184599633686e-81,0,2.840567620058,-0.5722479844263,-14.6571373377,0.05425983864954,1.322413850665,-15.03092239834,-26038.09137864,4954.884041101,0,0,259298.600,2296,96,0,116500.9114382
116700,-15544697.4284,2878856.197873,21118879.93271,0,0,0,-0.6839577851817,-0.5724814011322,29750481.06607,29706498.9680232,156108615.0242,0.0001467372733044,0,0,0,8.629797639792,1.184400358781e-81,0,2.840563785861,-0.5723131387305,-14.65805090207,0.05428224268484,1.322424540368,-15.03127876656,-26036.96788143,4954.670246691,0,0,259298.700,2296,96,0,116600.9097855
116800,-15544789.40334,2878597.31567,21118851.85122,0,0,0,-0.6839801010552,-0.5725465966785,29750976.5224,29706994.423481,156111218.6648,0.000146737274759,0,0,0,8.629360087275,1.184201082385e-81,0,2.840559950235,-0.5723782927033,-14.65896446179,0.05430464395977,1.322435230955,-15.03163506347,-26035.84428634,4954.456433654,0,0,259298.800,2296,96,0,116700.9081328
116900,-15544881.37951,2878338.434336,21118823.76515,0,0,0,-0.6840024230293,-0.5726117912268,29751471.95735,29707489.8575562,156113822.1931,0.0001467372762137,0,0,0,8.628922468287,1.184001804517e-81,0,2.840556115597,-0.5724434452129,-14.65987800099,0.05432704735819,1.322445922425,-15.03199127321,-26034.72051506,4954.24258709,0,0,259298.900,2296,96,0,116800.9064803
117000,-15544973.35691,2878079.553872,21118795.67449,0,0,0,-0.684024751105,-0.5726769847772,29751967.37091,29707985.2699944,156116425.6103,0.0001467372776683,0,0,0,8.628232270102,1.183802525197e-81,0,2.840552276377,-0.5725085971569,-14.66079153226,0.05434945127303,1.322456614779,-15.03234740836,-26034.26016311,4954.154985026,0,0,259299.000,2296,96,0,116900.9048277
117100,-15545065.33553,2877820.674277,21118767.57925,0,0,0,-0.6840470852829,-0.5727421773297,29752462.76309,29708480.6612988,156119028.9137,0.0001467372791229,0,0,0,8.627794517651,1.183603244443e-81,0,2.840548437809,-0.5725737480288,-14.6617050485,0.05437186135555,1.322467308015,-15.03270346184,-26032.47283546,4953.814867884,0,0,259299.100,2296,96,0,117000.9031753
117200,-15545157.31539,2877561.795552,21118739.47943,0,0,0,-0.684069425564,-0.5728073688844,29752958.13388,29708976.0312149,156121632.1048,0.0001467372805776,0,0,0,8.627356698794,1.183403962276e-81,0,2.840544597909,-0.5726388976418,-14.66261854709,0.05439426984989,1.322478002135,-15.03305943103,-26031.34879011,4953.600969166,0,0,259299.200,2296,96,0,117100.9015229
117300,-15545249.29647,2877302.917697,21118711.37501,0,0,0,-0.684091771949,-0.5728725594413,29753453.48328,29709471.3797407,156124235.1835,0.0001467372820322,0,0,0,8.626918813553,1.183204678713e-81,0,2.840540757082,-0.5727040461669,-14.66353203043,0.05441667675549,1.322488697138,-15.03341531833,-26030.22472518,4953.387066722,0,0,259299.300,2296,96,0,117200.8998706
117400,-15545341.27878,2877044.040711,21118683.26602,0,0,0,-0.6841141244388,-0.5729377490005,29753948.81129,29709966.7068744,156126838.1498,0.0001467372834868,0,0,0,8.626480861946,1.183005393774e-81,0,2.84053691686,-0.5727691938935,-14.66444550256,0.05443908467089,1.322499393024,-15.03377112781,-26029.10046449,4953.173127025,0,0,259299.400,2296,96,0,117300.8982184
117500,-15545433.26232,2876785.164596,21118655.15244,0,0,0,-0.6841364830341,-0.5730029375622,29754444.1179,29710462.0126141,156129441.0036,0.0001467372849415,0,0,0,8.626042843994,1.182806107478e-81,0,2.840533072218,-0.5728343408498,-14.6653589639,0.05446149366459,1.322510089793,-15.03412685986,-26027.97618422,4952.959183604,0,0,259299.500,2296,96,0,117400.8965662
117600,-15545525.24708,2876526.28935,21118627.03427,0,0,0,-0.6841588477358,-0.5730681251262,29754939.40312,29710957.2969578,156132043.745,0.0001467372863962,0,0,0,8.625604759718,1.182606819845e-81,0,2.840529228522,-0.5728994863941,-14.66627240544,0.05448390775138,1.322520787445,-15.0344825055,-26026.85174734,4952.745210379,0,0,259299.600,2296,96,0,117500.8949141
117700,-15545617.23307,2876267.414974,21118598.91152,0,0,0,-0.6841812185447,-0.5731333116927,29755434.66694,29711452.5599037,156134646.3739,0.0001467372878508,0,0,0,8.625166609136,1.182407530893e-81,0,2.84052538304,-0.5729646312936,-14.66718583794,0.05450632064007,1.322531485979,-15.03483807549,-26025.72714405,4952.53120549,0,0,259299.700,2296,96,0,117600.8932621
117800,-15545709.2203,2876008.541467,21118570.78418,0,0,0,-0.6842035954617,-0.5731984972618,29755929.90936,29711947.8014498,156137248.8904,0.0001467372893055,0,0,0,8.62472839227,1.18220824064e-81,0,2.840521536791,-0.5730297750792,-14.66809925481,0.05452873199635,1.322542185397,-15.03519356326,-26024.6025995,4952.317211777,0,0,259299.800,2296,96,0,117700.8916102
117900,-15545801.20874,2875749.668831,21118542.65226,0,0,0,-0.6842259784874,-0.5732636818334,29756425.13038,29712443.0215942,156139851.2945,0.0001467372907601,0,0,0,8.62429010914,1.182008949108e-81,0,2.840517689594,-0.5730949175465,-14.66901265321,0.05455114817978,1.322552885696,-15.03554896594,-26023.47791791,4952.103191987,0,0,259299.900,2296,96,0,117800.8899583
118000,-15545893.19842,2875490.797065,21118514.51576,0,0,0,-0.6842483676228,-0.5733288654078,29756920.33,29712938.2200825,156142453.5873,0.0001467372922148,0,0,0,8.623599221019,1.181809656314e-81,0,2.840513843015,-0.5731600596069,-14.6699260459,0.05457356160353,1.322563586878,-15.03590429633,-26023.01666544,4952.015418559,0,0,259300.000,2296,96,0,117900.8883065
118100,-15545985.18932,2875231.926169,21118486.37467,0,0,0,-0.6842707628687,-0.5733940479848,29757415.50821,29713433.3974179,156145055.7664,0.0001467372936695,0,0,0,8.623160804907,1.181610362277e-81,0,2.840509991968,-0.5732252002121,-14.67083941818,0.05459598009001,1.322574288943,-15.03625953973,-26021.22818278,4951.675081626,0,0,259300.100,2296,96,0,118000.8866547
118200,-15546077.18145,2874973.056144,21118458.22899,0,0,0,-0.6842931642259,-0.5734592295647,29757910.66501,29713928.5533458,156147657.833,0.0001467372951242,0,0,0,8.622722322596,1.181411067016e-81,0,2.840506141298,-0.5732903400286,-14.67175277941,0.05461839526529,1.322584991889,-15.03661470548,-26020.10321733,4951.461007819,0,0,259300.200,2296,96,0,118100.8850031
118300,-15546169.17481,2874714.186988,21118430.07873,0,0,0,-0.6843155716952,-0.5735244101474,29758405.8004,29714423.6878645,156150259.7871,0.0001467372965789,0,0,0,8.622283774108,1.181211770552e-81,0,2.84050228963,-0.57335547877,-14.67266612556,0.05464081492959,1.322595695718,-15.03696978959,-26018.97813442,4951.24691166,0,0,259300.300,2296,96,0,118200.8833515
118400,-15546261.1694,2874455.318703,21118401.92389,0,0,0,-0.6843379852775,-0.573589589733,29758900.91438,29714918.8009719,156152861.6286,0.0001467372980336,0,0,0,8.621845159463,1.181012472902e-81,0,2.840498436987,-0.5734206163889,-14.67357945597,0.05466323374911,1.322606400429,-15.03732479139,-26017.85295363,4951.032796875,0,0,259300.400,2296,96,0,118300.8817
118500,-15546353.16521,2874196.451288,21118373.76446,0,0,0,-0.6843604049734,-0.5736547683216,29759396.00695,29715413.8926661,156155463.3576,0.0001467372994883,0,0,0,8.62140647868,1.180813174085e-81,0,2.840494582936,-0.5734857531479,-14.67449277433,0.05468565395405,1.322617106022,-15.03767971457,-26016.72757708,4950.818644837,0,0,259300.500,2296,96,0,118400.8800485
118600,-15546445.16225,2873937.584744,21118345.60044,0,0,0,-0.684382830784,-0.5737199459132,29759891.07811,29715908.9629454,156158064.9741,0.000146737300943,0,0,0,8.62096773178,1.180613874121e-81,0,2.840490729905,-0.5735508888882,-14.6754060784,0.05470807918354,1.322627812497,-15.03803455691,-26015.60220052,4950.604492798,0,0,259300.600,2296,96,0,118500.8783971
118700,-15546537.16052,2873678.71907,21118317.43184,0,0,0,-0.6844052627099,-0.5737851225079,29760386.12784,29716404.0118077,156160666.4781,0.0001467373023977,0,0,0,8.620528918783,1.180414573029e-81,0,2.840486871969,-0.5736160239385,-14.67631937279,0.05473049791835,1.322638519853,-15.03838932302,-26014.47666735,4950.390310958,0,0,259300.700,2296,96,0,118600.8767458
118800,-15546629.16002,2873419.854267,21118289.25866,0,0,0,-0.684427700752,-0.5738502981058,29760881.15616,29716899.0392511,156163267.8694,0.0001467373038524,0,0,0,8.620090039709,1.180215270827e-81,0,2.840483015063,-0.5736811574678,-14.67723264586,0.05475292223154,1.322649228092,-15.03874400126,-26013.35111461,4950.176125392,0,0,259300.800,2296,96,0,118700.8750946
118900,-15546721.16074,2873160.990335,21118261.08089,0,0,0,-0.6844501449112,-0.5739154727069,29761376.16306,29717394.0452738,156165869.1483,0.0001467373053071,0,0,0,8.619651094579,1.180015967536e-81,0,2.840479156592,-0.5737462901474,-14.67814590702,0.05477534455434,1.322659937212,-15.03909860104,-26012.22531716,4949.96189326,0,0,259300.900,2296,96,0,118800.8734434
119000,-15546813.1627,2872902.127273,21118232.89853,0,0,0,-0.6844725951882,-0.5739806463113,29761871.14854,29717889.0296212,156168470.3158,0.0001467373067618,0,0,0,8.61895951933,1.179816663173e-81,0,2.840475297295,-0.5738114218657,-14.67905915469,0.0547977721911,1.322670647213,-15.03945312081,-26011.76308586,4949.873933569,0,0,259301.000,2296,96,0,118900.8717923
119100,-15546905.16587,2872643.265082,21118204.71159,0,0,0,-0.6844950515839,-0.574045818919,29762366.11259,29718383.9927966,156171071.3695,0.0001467373082165,0,0,0,8.618520441698,1.179617357758e-81,0,2.840471438744,-0.5738765525583,-14.67997238799,0.05482020152012,1.322681358096,-15.03980755967,-26009.97363416,4949.533412233,0,0,259301.100,2296,96,0,119000.8701413
119200,-15546997.17028,2872384.403761,21118176.52007,0,0,0,-0.6845175140991,-0.57411099053,29762861.05521,29718878.9345455,156173672.3106,0.0001467373096712,0,0,0,8.618081298076,1.179418051309e-81,0,2.84046757568,-0.5739416823009,-14.68088560796,0.05484262772324,1.32269206986,-15.04016191869,-26008.84755285,4949.319126084,0,0,259301.200,2296,96,0,119100.8684904
119300,-15547089.17591,2872125.543312,21118148.32396,0,0,0,-0.6845399827345,-0.5741761611446,29763355.97641,29719373.854866,156176273.139,0.000146737311126,0,0,0,8.617642088485,1.179218743846e-81,0,2.840463713258,-0.5740068110484,-14.68179881398,0.05486505478889,1.322702782506,-15.04051619724,-26007.7215009,4949.104845524,0,0,259301.300,2296,96,0,119200.8668395
119400,-15547181.18277,2871866.683733,21118120.12327,0,0,0,-0.6845624574912,-0.5742413307627,29763850.87617,29719868.7537563,156178873.8548,0.0001467373125807,0,0,0,8.617202812943,1.179019435387e-81,0,2.84045984922,-0.5740719388012,-14.68271200606,0.05488748356637,1.322713496033,-15.04087039533,-26006.59517489,4948.890512809,0,0,259301.400,2296,96,0,119300.8651887
119500,-15547273.19086,2871607.825026,21118091.91799,0,0,0,-0.6845849383697,-0.5743064993843,29764345.75451,29720363.6312142,156181474.4581,0.0001467373140355,0,0,0,8.616763471473,1.178820125953e-81,0,2.84045598468,-0.5741370656187,-14.68362518502,0.05490991436464,1.322724210441,-15.0412245138,-26005.46885866,4948.676181957,0,0,259301.500,2296,96,0,119400.863538
119600,-15547365.20018,2871348.967189,21118063.70813,0,0,0,-0.6846074253711,-0.5743716670096,29764840.61141,29720858.4872381,156184074.9486,0.0001467373154902,0,0,0,8.616324064093,1.178620815561e-81,0,2.840452118847,-0.5742021914598,-14.68453835029,0.05493235029372,1.322734925729,-15.04157855209,-26004.34254243,4948.461851105,0,0,259301.600,2296,96,0,119500.8618873
119700,-15547457.21072,2871090.110224,21118035.49368,0,0,0,-0.684629918496,-0.5744368336385,29765335.44687,29721353.321826,156186675.3266,0.0001467373169449,0,0,0,8.615884590825,1.178421504231e-81,0,2.84044825399,-0.5742673159646,-14.68545149682,0.05495478083489,1.322745641899,-15.04193250514,-26003.21605001,4948.247486725,0,0,259301.700,2296,96,0,119600.8602367
119800,-15547549.22249,2870831.25413,21118007.27465,0,0,0,-0.6846524177454,-0.5745019992713,29765830.26089,29721848.1349759,156189275.5918,0.0001467373183997,0,0,0,8.615445051687,1.17822219198e-81,0,2.840444384173,-0.5743324397389,-14.68636463311,0.05497721462078,1.32275635895,-15.04228638146,-26002.08942055,4948.033096269,0,0,259301.800,2296,96,0,119700.8585862
119900,-15547641.23549,2870572.398907,21117979.05103,0,0,0,-0.68467492312,-0.5745671639078,29766325.05348,29722342.9266859,156191875.7444,0.0001467373198545,0,0,0,8.615005446701,1.17802287883e-81,0,2.840440515012,-0.5743975627812,-14.68727775913,0.05499964690059,1.322767076881,-15.04264018103,-26000.96266385,4947.818681598,0,0,259301.900,2296,96,0,119800.8569357
120000,-15547733.24971,2870313.544555,21117950.82283,0,0,0,-0.6846974346207,-0.5746323275483,29766819.82462,29722837.6967017,156194475.7857,0.0001467373213092,0,0,0,8.614313187135,1.177823564798e-81,0,2.840436644957,-0.5744626841727,-14.68819086201,0.05502208264006,1.322777795693,-15.04299389099,-26000.49957118,4947.730557993,0,0,259302.000,2296,96,0,119900.8552854
120100,-15547825.26516,2870054.691075,21117922.59004,0,0,0,-0.6847199522483,-0.5746974901926,29767314.57432,29723332.4455264,156197075.7129,0.000146737322764,0,0,0,8.613873450129,1.177624249903e-81,0,2.840432773743,-0.574527805242,-14.68910396037,0.05504452333902,1.322788515385,-15.04334752995,-25998.7090232,4947.389828041,0,0,259302.100,2296,96,0,120000.8536351
120200,-15547917.28184,2869795.838466,21117894.35267,0,0,0,-0.6847424760036,-0.574762651841,29767809.30258,29723827.1729055,156199675.5275,0.0001467373242188,0,0,0,8.61343364734,1.177424934165e-81,0,2.840428901346,-0.5745929249388,-14.69001703949,0.05506695832981,1.322799235958,-15.04370108321,-25997.58199243,4947.175361216,0,0,259302.200,2296,96,0,120100.8519848
120300,-15548009.29974,2869536.986728,21117866.11071,0,0,0,-0.6847650058874,-0.5748278124934,29768304.00939,29724321.8788371,156202275.2293,0.0001467373256735,0,0,0,8.61299377879,1.177225617601e-81,0,2.840425029582,-0.5746580439181,-14.69093010854,0.05508939845233,1.322809957411,-15.04405455995,-25996.4549225,4946.96088694,0,0,259302.300,2296,96,0,120200.8503347
120400,-15548101.31888,2869278.135862,21117837.86417,0,0,0,-0.6847875419006,-0.57489297215,29768798.69475,29724816.5633194,156204874.8185,0.0001467373271283,0,0,0,8.612553844499,1.177026300233e-81,0,2.840421153342,-0.5747231614993,-14.691843158,0.05511183811188,1.322820679744,-15.04440795063,-25995.32763724,4946.746371686,0,0,259302.400,2296,96,0,120300.8486846
120500,-15548193.33924,2869019.285868,21117809.61304,0,0,0,-0.684810084044,-0.5749581308107,29769293.35865,29725311.2263504,156207474.2948,0.0001467373285831,0,0,0,8.612113844487,1.176826982077e-81,0,2.8404172776,-0.5747882780519,-14.69275619303,0.05513427804266,1.322831402958,-15.04476126044,-25994.20031282,4946.531848982,0,0,259302.500,2296,96,0,120400.8470346
120600,-15548285.36082,2868760.436745,21117781.35733,0,0,0,-0.6848326323184,-0.5750232884757,29769788.00111,29725805.8679282,156210073.6585,0.0001467373300379,0,0,0,8.611673778773,1.176627663153e-81,0,2.840413400788,-0.5748533941073,-14.69366922109,0.0551567213844,1.322842127052,-15.04511449684,-25993.07286115,4946.317302063,0,0,259302.600,2296,96,0,120500.8453846
120700,-15548377.38363,2868501.588494,21117753.09704,0,0,0,-0.6848551867246,-0.575088445145,29770282.62211,29726300.4880509,156212672.9094,0.0001467373314927,0,0,0,8.611233647379,1.17642834348e-81,0,2.84040952288,-0.5749185088498,-14.69458223073,0.05517916299722,1.322852852025,-15.0454676484,-25991.94535075,4946.102743968,0,0,259302.700,2296,96,0,120600.8437347
120800,-15548469.40767,2868242.741115,21117724.83216,0,0,0,-0.6848777472635,-0.5751536008186,29770777.22165,29726795.0867166,156215272.0476,0.0001467373329475,0,0,0,8.610793450324,1.176229023077e-81,0,2.840405645775,-0.5749836226547,-14.69549522724,0.05520160806185,1.322863577879,-15.04582072038,-25990.81778162,4945.888174698,0,0,259302.800,2296,96,0,120700.8420849
120900,-15548561.43294,2867983.894608,21117696.56269,0,0,0,-0.6849003139359,-0.5752187554967,29771271.79973,29727289.6639235,156217871.073,0.0001467373344023,0,0,0,8.610353187629,1.176029701963e-81,0,2.840401764284,-0.5750487354941,-14.6964082102,0.05522405250684,1.322874304612,-15.04617371239,-25989.68999715,4945.673564449,0,0,259302.900,2296,96,0,120800.8404352
121000,-15548653.45944,2867725.048972,21117668.28864,0,0,0,-0.6849228867426,-0.5752839091793,29771766.35635,29727784.2194169,156220469.9869,0.0001467373358571,0,0,0,8.609660246562,1.175830380156e-81,0,2.840397883358,-0.5751138472578,-14.69732117808,0.05524649774002,1.322885032225,-15.04652662291,-25989.22593545,4945.585256442,0,0,259303.000,2296,96,0,120900.8387855
121100,-15548745.48716,2867466.204209,21117640.01001,0,0,0,-0.6849454656845,-0.5753490618664,29772260.89151,29728278.7537002,156223068.7867,0.0001467373373119,0,0,0,8.609219852328,1.175631057676e-81,0,2.840394000792,-0.5751789578418,-14.69823412942,0.05526894440953,1.322895760718,-15.04687945048,-25987.43426181,4945.244312286,0,0,259303.100,2296,96,0,121000.837136
121200,-15548837.5161,2867207.360317,21117611.72679,0,0,0,-0.6849680507623,-0.5754142135581,29772755.40521,29728773.2665189,156225667.4738,0.0001467373387667,0,0,0,8.608779392521,1.175431734541e-81,0,2.840390117529,-0.5752440676955,-14.69914707053,0.05529139351869,1.32290649009,-15.0472322014,-25986.30628158,4945.029664785,0,0,259303.200,2296,96,0,121100.8354864
121300,-15548929.54628,2866948.517298,21117583.43899,0,0,0,-0.6849906419769,-0.5754793642544,29773249.89744,29729267.7578711,156228266.048,0.0001467373402215,0,0,0,8.608338867161,1.175232410771e-81,0,2.840386233101,-0.5753091767317,-14.70006000016,0.05531384307187,1.322917220342,-15.04758487445,-25985.17818388,4944.814994931,0,0,259303.300,2296,96,0,121200.833837
121400,-15549021.57768,2866689.675151,21117555.1466,0,0,0,-0.6850132393292,-0.5755445139555,29773744.3682,29729762.2277548,156230864.5094,0.0001467373416763,0,0,0,8.607898276268,1.175033086383e-81,0,2.840382349552,-0.5753742843631,-14.7009729101,0.05533629268938,1.322927951473,-15.04793746142,-25984.04994915,4944.600299001,0,0,259303.400,2296,96,0,121300.8321876
121500,-15549113.61031,2866430.833876,21117526.84963,0,0,0,-0.6850358428199,-0.5756096626614,29774238.81749,29730256.6761683,156233462.858,0.0001467373431312,0,0,0,8.607457619862,1.174833761398e-81,0,2.840378461446,-0.57543939126,-14.70188580975,0.05535874289887,1.322938683483,-15.04828997169,-25982.92158718,4944.385578856,0,0,259303.500,2296,96,0,121400.8305383
121600,-15549205.64416,2866171.993473,21117498.54807,0,0,0,-0.6850584524499,-0.5756748103721,29774733.24531,29730751.1031095,156236061.0937,0.000146737344586,0,0,0,8.607016897963,1.174634435834e-81,0,2.840374573635,-0.5755044969878,-14.702798693,0.05538119478949,1.322949416372,-15.04864239919,-25981.79321541,4944.170856848,0,0,259303.600,2296,96,0,121500.8288891
121700,-15549297.67924,2865913.153943,21117470.24193,0,0,0,-0.68508106822,-0.5757399570877,29775227.65165,29731245.5085765,156238659.2166,0.0001467373460408,0,0,0,8.606576110592,1.174435109709e-81,0,2.840370684793,-0.5755696021498,-14.70371156831,0.05540364794536,1.322960150141,-15.04899621461,-25980.66475555,4943.956118077,0,0,259303.700,2296,96,0,121600.8272399
121800,-15549389.71555,2865654.315284,21117441.9312,0,0,0,-0.685103690131,-0.5758051028083,29775722.03652,29731739.8925676,156241257.2267,0.0001467373474957,0,0,0,8.606135257769,1.174235783043e-81,0,2.840366795144,-0.575634705836,-14.70462442294,0.05542610241979,1.322970884788,-15.04937567825,-25979.53618802,4943.741358817,0,0,259303.800,2296,96,0,121700.8255908
121900,-15549481.75309,2865395.477499,21117413.61589,0,0,0,-0.6851263181838,-0.5758702475339,29776216.39991,29732234.2550806,156243855.1238,0.0001467373489505,0,0,0,8.605694339515,1.174036455854e-81,0,2.84036290601,-0.5756998085509,-14.70553726394,0.0554485558422,1.322981620315,-15.04975506413,-25978.4074443,4943.526566029,0,0,259303.900,2296,96,0,121800.8239418
122000,-15549573.79185,2865136.640586,21117385.29599,0,0,0,-0.6851489523791,-0.5759353912646,29776710.74182,29732728.5958612,156246452.9095,0.0001467373504054,0,0,0,8.605000719765,1.173837128162e-81,0,2.840359012255,-0.5757649103217,-14.7064500917,0.05547101416363,1.32299235672,-15.05013437264,-25977.94239398,4943.438069895,0,0,259304.000,2296,96,0,121900.8222929
122100,-15549665.83184,2864877.804545,21117356.97151,0,0,0,-0.6851715927179,-0.5760005340005,29777205.06225,29733222.9154128,156249050.5809,0.0001467373518602,0,0,0,8.604559670454,1.173637799984e-81,0,2.840355119093,-0.5758300110918,-14.70736290544,0.05549347196002,1.323003094004,-15.05051360299,-25976.14969258,4943.096930161,0,0,259304.100,2296,96,0,122000.820644
122200,-15549757.87305,2864618.969377,21117328.64245,0,0,0,-0.685194239201,-0.5760656757416,29777699.36119,29733717.2134806,156251648.1394,0.0001467373533151,0,0,0,8.604118555778,1.173438471341e-81,0,2.840351224828,-0.5758951108099,-14.70827570442,0.05551593117188,1.323013832166,-15.05089275447,-25975.02062585,4942.882075906,0,0,259304.200,2296,96,0,122100.8189952
122300,-15549849.91549,2864360.135082,21117300.3088,0,0,0,-0.6852168918291,-0.5761308164879,29778193.63865,29734211.4900629,156254245.585,0.00014673735477,0,0,0,8.603677375758,1.17323914225e-81,0,2.840347329161,-0.5759602096893,-14.70918903665,0.05553838828297,1.323024571207,-15.05127237508,-25973.89151017,4942.667212337,0,0,259304.300,2296,96,0,122200.8173465
122400,-15549941.95916,2864101.301659,21117271.97056,0,0,0,-0.6852395506031,-0.5761959562395,29778687.89462,29734705.7451577,156256842.9177,0.0001467373562248,0,0,0,8.603236130414,1.173039812731e-81,0,2.840343432815,-0.5760253072392,-14.71012459855,0.05556084638878,1.323035311127,-15.05167416124,-25972.76227704,4942.452326417,0,0,259304.400,2296,96,0,122300.8156978
122500,-15550034.00405,2863842.46911,21117243.62775,0,0,0,-0.6852622155239,-0.5762610949966,29779182.12911,29735199.9787632,156259440.1375,0.0001467373576797,0,0,0,8.602794819765,1.172840482802e-81,0,2.840339537052,-0.5760904041653,-14.71106015148,0.05558331122242,1.323046051924,-15.05207587433,-25971.63297539,4942.237427458,0,0,259304.500,2296,96,0,122400.8140492
122600,-15550126.05017,2863583.637433,21117215.28034,0,0,0,-0.6852848865923,-0.5763262327591,29779676.3421,29735694.1908774,156262037.2443,0.0001467373591346,0,0,0,8.602353443833,1.172641152483e-81,0,2.840335636785,-0.5761555000629,-14.71199568963,0.05560577200419,1.323056793601,-15.05247750855,-25970.50352692,4942.02250056,0,0,259304.600,2296,96,0,122500.8124007
122700,-15550218.09752,2863324.806629,21117186.92835,0,0,0,-0.685307563809,-0.5763913695271,29780170.5336,29736188.3814984,156264634.2382,0.0001467373605895,0,0,0,8.601912002637,1.172441821791e-81,0,2.840331736918,-0.5762205950869,-14.71293121522,0.05562823665523,1.323067536155,-15.05287906611,-25969.37393162,4941.807545722,0,0,259304.700,2296,96,0,122600.8107523
122800,-15550310.14609,2863065.976698,21117158.57178,0,0,0,-0.685330247175,-0.5764565053006,29780664.7036,29736682.5506244,156267231.1191,0.0001467373620443,0,0,0,8.601470496197,1.172242490746e-81,0,2.840327836142,-0.5762856889632,-14.71386672432,0.05565069921479,1.323078279587,-15.05328054309,-25968.24436568,4941.592596471,0,0,259304.800,2296,96,0,122700.8091039
122900,-15550402.19589,2862807.14764,21117130.21062,0,0,0,-0.685352936691,-0.5765216400798,29781158.85211,29737176.6982534,156269827.8871,0.0001467373634992,0,0,0,8.601028924535,1.172043159367e-81,0,2.840323934309,-0.5763507817154,-14.71480221727,0.05567316330626,1.323089023897,-15.05368193983,-25967.11470187,4941.377628595,0,0,259304.900,2296,96,0,122800.8074556
123000,-15550494.24692,2862548.319455,21117101.84488,0,0,0,-0.685375632358,-0.5765867738647,29781652.97912,29737670.8241308,156272424.5434,0.0001467373649541,0,0,0,8.600334628925,1.171843827672e-81,0,2.840320031432,-0.5764158736161,-14.71573769797,0.05569562873257,1.323099769085,-15.05408326026,-25966.64871187,4941.288953647,0,0,259305.000,2296,96,0,122900.8058074
123100,-15550586.29917,2862289.492144,21117073.47456,0,0,0,-0.6853983341766,-0.5766519066554,29782147.08462,29738164.9287602,156275021.0854,0.000146737366409,0,0,0,8.59989292669,1.17164449568e-81,0,2.84031612903,-0.576480964426,-14.716673163,0.05571810135789,1.323110515151,-15.05448450094,-25964.8549827,4940.947618335,0,0,259305.100,2296,96,0,123000.8041592
123200,-15550678.35265,2862030.665705,21117045.09965,0,0,0,-0.6854210421479,-0.5767170384518,29782641.16863,29738659.0118869,156277617.5144,0.0001467373678639,0,0,0,8.599451159298,1.17144516341e-81,0,2.840312222107,-0.5765460545251,-14.71760861782,0.05574056888228,1.323121262095,-15.05488566734,-25963.72493714,4940.732577816,0,0,259305.200,2296,96,0,123100.8025111
123300,-15550770.40736,2861771.84014,21117016.72015,0,0,0,-0.6854437562725,-0.5767821692541,29783135.23113,29739153.073509,156280213.8303,0.0001467373693188,0,0,0,8.599009326771,1.171245830881e-81,0,2.840308315916,-0.5766111428991,-14.71854404784,0.055763038043,1.323132009916,-15.05528674489,-25962.59492095,4940.517542884,0,0,259305.300,2296,96,0,123200.8008631
123400,-15550862.46329,2861513.015448,21116988.33607,0,0,0,-0.6854664765513,-0.5768472990624,29783629.27212,29739647.1136246,156282810.0333,0.0001467373707738,0,0,0,8.598567429128,1.171046498111e-81,0,2.840304408545,-0.5766762309087,-14.71947947263,0.05578550719724,1.323142758615,-15.05568775314,-25961.46465026,4940.302459523,0,0,259305.400,2296,96,0,123300.7992152
123500,-15550954.52044,2861254.19163,21116959.94741,0,0,0,-0.6854892029852,-0.5769124278766,29784123.29161,29740141.1322319,156285406.1233,0.0001467373722287,0,0,0,8.598125466391,1.17084716512e-81,0,2.840300500073,-0.5767413175236,-14.72041487737,0.0558079771113,1.323153508191,-15.0560886773,-25960.33436978,4940.0873743,0,0,259305.500,2296,96,0,123400.7975673
123600,-15551046.57883,2860995.368685,21116931.55416,0,0,0,-0.685511935575,-0.5769775556969,29784617.28958,29740635.1293289,156288002.1002,0.0001467373736836,0,0,0,8.597683438578,1.170647831925e-81,0,2.840296592148,-0.5768064041,-14.72135028155,0.05583045213461,1.323164258645,-15.05648953687,-25959.20395227,4939.872262999,0,0,259305.600,2296,96,0,123500.7959195
123700,-15551138.63844,2860736.546614,21116903.15633,0,0,0,-0.6855346743215,-0.5770426825233,29785111.26605,29741129.1049137,156290597.964,0.0001467373751385,0,0,0,8.597241345711,1.170448498545e-81,0,2.840292679643,-0.5768714886107,-14.72228565605,0.05585292681005,1.323175009976,-15.0568903027,-25958.07338793,4939.657123759,0,0,259305.700,2296,96,0,123600.7942718
123800,-15551230.69927,2860477.725416,21116874.75391,0,0,0,-0.6855574192256,-0.5771078083558,29785605.22099,29741623.0589844,156293193.7149,0.0001467373765934,0,0,0,8.596799187809,1.170249165001e-81,0,2.840288768063,-0.5769365724447,-14.72322102083,0.05587540093725,1.323185762184,-15.05729099479,-25956.94283338,4939.441986382,0,0,259305.800,2296,96,0,123700.7926241
123900,-15551322.76133,2860218.905092,21116846.34691,0,0,0,-0.6855801702881,-0.5771729331946,29786099.15443,29742116.9915392,156295789.3526,0.0001467373780484,0,0,0,8.596356964893,1.170049831309e-81,0,2.840284854911,-0.577001655496,-14.72415637436,0.05589787668415,1.323196515269,-15.05769161159,-25955.81205371,4939.226806164,0,0,259305.900,2296,96,0,123800.7909766
124000,-15551414.82462,2859960.085642,21116817.93532,0,0,0,-0.6856029275098,-0.5772380570397,29786593.06634,29742610.9023233,156298384.8786,0.0001467373795033,0,0,0,8.59566199625,1.16985049749e-81,0,2.840280940902,-0.5770667371677,-14.72509170805,0.05592034939338,1.323207269231,-15.05809214455,-25955.34512404,4939.137952402,0,0,259306.000,2296,96,0,123900.7893291
124100,-15551506.88914,2859701.267065,21116789.51915,0,0,0,-0.6856256908915,-0.5773031798911,29787086.95674,29743104.7918404,156300980.2902,0.0001467373809583,0,0,0,8.595219643245,1.16965116356e-81,0,2.840277025571,-0.5771318182541,-14.72602703334,0.05594283131685,1.32321802407,-15.05849260508,-25953.55029858,4938.796408474,0,0,259306.100,2296,96,0,124000.7876816
124200,-15551598.95488,2859442.449362,21116761.0984,0,0,0,-0.6856484604342,-0.577368301749,29787580.82561,29743598.6598358,156303575.5887,0.0001467373824132,0,0,0,8.594777225293,1.169451829541e-81,0,2.840273111445,-0.577196897718,-14.72696233531,0.05596530936042,1.323228779786,-15.05889297828,-25952.41928399,4938.581183553,0,0,259306.200,2296,96,0,124100.7860343
124300,-15551691.02184,2859183.632534,21116732.67306,0,0,0,-0.6856712361385,-0.5774334226133,29788074.67296,29744092.5063076,156306170.774,0.0001467373838682,0,0,0,8.594334742415,1.169252495449e-81,0,2.840269192679,-0.5772619766701,-14.72789762992,0.05598779042755,1.323239536378,-15.05929328012,-25951.28820087,4938.365945593,0,0,259306.300,2296,96,0,124200.784387
124400,-15551783.09004,2858924.816579,21116704.24313,0,0,0,-0.6856940180055,-0.5774985424841,29788568.49879,29744586.331254,156308765.8463,0.0001467373853231,0,0,0,8.59389219463,1.169053161304e-81,0,2.840265273732,-0.5773270549134,-14.72883291435,0.0560102705092,1.323250293847,-15.05969350777,-25950.15687305,4938.150661066,0,0,259306.400,2296,96,0,124300.7827397
124500,-15551875.15945,2858666.001498,21116675.80863,0,0,0,-0.6857168060358,-0.5775636613616,29789062.30309,29745080.1346729,156311360.8054,0.0001467373867781,0,0,0,8.593449581959,1.168853827124e-81,0,2.840261354322,-0.577392131694,-14.72976817776,0.05603275123234,1.323261052193,-15.06009365042,-25949.02554523,4937.93537654,0,0,259306.500,2296,96,0,124400.7810926
124600,-15551967.2301,2858407.187291,21116647.36953,0,0,0,-0.6857396002304,-0.5776287792456,29789556.08585,29745573.9165626,156313955.6514,0.000146737388233,0,0,0,8.593006904423,1.168654492929e-81,0,2.840257433699,-0.5774572078019,-14.7307034315,0.05605523492174,1.323271811415,-15.0604937194,-25947.89422719,4937.720093876,0,0,259306.600,2296,96,0,124500.7794455
124700,-15552059.30197,2858148.373958,21116618.92586,0,0,0,-0.68576240059,-0.5776938961364,29790049.84709,29746067.6769211,156316550.3843,0.000146737389688,0,0,0,8.592564162041,1.168455158736e-81,0,2.840253512325,-0.577522282562,-14.73163866586,0.05607771793411,1.323282571513,-15.06089370503,-25946.76273297,4937.504777685,0,0,259306.700,2296,96,0,124600.7777985
124800,-15552151.37506,2857889.5615,21116590.4776,0,0,0,-0.6857852071156,-0.577759012034,29790543.5868,29746561.4157465,156319145.004,0.000146737391143,0,0,0,8.592121354834,1.168255824565e-81,0,2.84024959129,-0.5775873563999,-14.73257388698,0.05610020278773,1.323293332488,-15.06129361344,-25945.63115065,4937.28944473,0,0,259306.800,2296,96,0,124700.7761516
124900,-15552243.44939,2857630.749916,21116562.02475,0,0,0,-0.6858080198079,-0.5778241269384,29791037.30497,29747055.133037,156321739.5105,0.000146737392598,0,0,0,8.591678482822,1.168056490434e-81,0,2.840245665578,-0.5776524295007,-14.7335090975,0.05612268854261,1.323304094338,-15.06169344728,-25944.49939215,4937.074078247,0,0,259306.900,2296,96,0,124800.7745047
125000,-15552335.52493,2857371.939206,21116533.56732,0,0,0,-0.6858308386678,-0.5778892408497,29791531.0016,29747548.8285379,156324333.9052,0.0001467373940529,0,0,0,8.590982843976,1.167857156361e-81,0,2.840241740666,-0.577717501213,-14.73444428806,0.05614517457832,1.323314857065,-15.06209319719,-25944.03156196,4936.985053122,0,0,259307.000,2296,96,0,124900.7728579
125100,-15552427.60171,2857113.12937,21116505.1053,0,0,0,-0.6858536636961,-0.5779543537679,29792024.67669,29748042.5027527,156326928.1853,0.0001467373955079,0,0,0,8.590539842359,1.167657822367e-81,0,2.840237814613,-0.5777825720994,-14.73537946676,0.05616766659442,1.323325620668,-15.06249287128,-25942.23567937,4936.643308029,0,0,259307.100,2296,96,0,125000.7712112
125200,-15552519.67971,2856854.320409,21116476.63871,0,0,0,-0.6858764948937,-0.5780194656932,29792518.33025,29748536.1554268,156329522.3523,0.0001467373969629,0,0,0,8.590096776004,1.167458488468e-81,0,2.840233887335,-0.5778476422985,-14.73631463558,0.05619015297609,1.323336385147,-15.06289247154,-25941.10367616,4936.42789498,0,0,259307.200,2296,96,0,125100.7695645
125300,-15552611.75893,2856595.512323,21116448.16752,0,0,0,-0.6858993322614,-0.5780845766255,29793011.96226,29749029.7865584,156332116.4061,0.0001467373984179,0,0,0,8.589653644933,1.167259154684e-81,0,2.840229960623,-0.5779127111249,-14.73724978467,0.05621264430277,1.323347150501,-15.06329198812,-25939.97164358,4936.212476343,0,0,259307.300,2296,96,0,125200.767918
125400,-15552703.83938,2856336.705111,21116419.69176,0,0,0,-0.6859221758,-0.5781496865649,29793505.57272,29749523.3961455,156334710.3466,0.0001467373998729,0,0,0,8.589210449164,1.167059821034e-81,0,2.840226029517,-0.5779777792512,-14.7381849237,0.05623513496311,1.323357916731,-15.06369143069,-25938.83934672,4935.997007415,0,0,259307.400,2296,96,0,125300.7662715
125500,-15552795.92106,2856077.898773,21116391.2114,0,0,0,-0.6859450255103,-0.5782147955115,29793999.16164,29750016.9841863,156337304.1739,0.0001467374013279,0,0,0,8.588767188719,1.166860487536e-81,0,2.840222099091,-0.5780428461985,-14.73912004578,0.05625762525158,1.323368683837,-15.06409079239,-25937.70705965,4935.781540349,0,0,259307.500,2296,96,0,125400.764625
125600,-15552888.00396,2855819.09331,21116362.72647,0,0,0,-0.6859678813933,-0.5782799034654,29794492.72902,29750510.5506788,156339897.888,0.0001467374027829,0,0,0,8.588323863617,1.166661154208e-81,0,2.840218167499,-0.5781079121615,-14.74005515372,0.05628012215826,1.323379451818,-15.064490076,-25936.57468449,4935.56605652,0,0,259307.600,2296,96,0,125500.7629787
125700,-15552980.08809,2855560.288722,21116334.23695,0,0,0,-0.6859907434498,-0.5783450104266,29794986.27484,29751004.0956211,156342491.4888,0.000146737404238,0,0,0,8.58788047388,1.16646182107e-81,0,2.840214234622,-0.5781729768823,-14.7409902438,0.05630261466727,1.323390220675,-15.06488927784,-25935.44211355,4935.350535437,0,0,259307.700,2296,96,0,125600.7613324
125800,-15553072.17344,2855301.485009,21116305.74284,0,0,0,-0.6860136116805,-0.5784101163952,29795479.79911,29751497.6190113,156345084.9764,0.000146737405693,0,0,0,8.587437019527,1.16626248814e-81,0,2.840210300669,-0.5782380408275,-14.74192532274,0.05632511119784,1.323400990407,-15.06528840461,-25934.30950347,4935.135006905,0,0,259307.800,2296,96,0,125700.7596862
125900,-15553164.26002,2855042.682171,21116277.24415,0,0,0,-0.6860364860864,-0.5784752213712,29795973.30182,29751991.1208477,156347678.3507,0.000146737407148,0,0,0,8.586993500579,1.166063155436e-81,0,2.84020636745,-0.5783031037915,-14.74286038758,0.05634760403095,1.323411761015,-15.06568745336,-25933.17677592,4934.91945602,0,0,259307.900,2296,96,0,125800.75804
126000,-15553256.34782,2854783.880208,21116248.74088,0,0,0,-0.6860593666682,-0.5785403253547,29796466.78298,29752484.6008754,156350271.6131,0.000146737408603,0,0,0,8.586297194362,1.165863822978e-81,0,2.840202429967,-0.5783681659043,-14.74379544018,0.05637010189973,1.323422532497,-15.06608642597,-25932.70795712,4934.830242768,0,0,259308.000,2296,96,0,125900.7563939
126100,-15553348.43685,2854525.079119,21116220.23302,0,0,0,-0.6860822534268,-0.5786054283457,29796960.24259,29752978.0595981,156352864.7609,0.000146737410058,0,0,0,8.585853546294,1.165664490784e-81,0,2.840198492628,-0.5784332268811,-14.74473047646,0.0563926037009,1.323433304855,-15.06648531835,-25930.91097825,4934.488289058,0,0,259308.100,2296,96,0,126000.7547479
126200,-15553440.52711,2854266.278906,21116191.72058,0,0,0,-0.6861051463631,-0.5786705303443,29797453.68063,29753471.4967612,156355457.7953,0.0001467374115131,0,0,0,8.585409833697,1.165465158871e-81,0,2.840194554243,-0.5784982870758,-14.7456655015,0.05641510262437,1.323444078087,-15.06688413559,-25929.77797663,4934.27268602,0,0,259308.200,2296,96,0,126100.753102
126300,-15553532.61859,2854007.479568,21116163.20355,0,0,0,-0.6861280454779,-0.5787356313506,29797947.09711,29753964.9123627,156358050.7165,0.0001467374129681,0,0,0,8.584966056593,1.165265827261e-81,0,2.840190614726,-0.5785633460836,-14.74660050948,0.05643760256427,1.323454852195,-15.06728287188,-25928.64489671,4934.05706808,0,0,259308.300,2296,96,0,126200.7514562
126400,-15553624.7113,2853748.681105,21116134.68194,0,0,0,-0.686150950772,-0.5788007313647,29798440.49203,29754458.3064008,156360643.5243,0.0001467374144232,0,0,0,8.584522215002,1.165066495969e-81,0,2.840186674752,-0.5786284040446,-14.74753550242,0.05646010227569,1.323465627177,-15.06768152924,-25927.51169933,4933.841427788,0,0,259308.400,2296,96,0,126300.7498104
126500,-15553716.80523,2853489.883517,21116106.15575,0,0,0,-0.6861738622463,-0.5788658303865,29798933.86538,29754951.6788735,156363236.2188,0.0001467374158782,0,0,0,8.584078308943,1.164867165016e-81,0,2.84018273488,-0.5786934610151,-14.74847048112,0.05648260478925,1.323476403034,-15.06808010848,-25926.37839428,4933.625767007,0,0,259308.500,2296,96,0,126400.7481647
126600,-15553808.90038,2853231.086804,21116077.62497,0,0,0,-0.6861967799016,-0.5789309284162,29799427.21717,29755445.0297791,156365828.8,0.0001467374173333,0,0,0,8.583634338438,1.16466783442e-81,0,2.840178790533,-0.5787585170201,-14.74940544594,0.05650511090631,1.323487179766,-15.06847860997,-25925.24499134,4933.4100876,0,0,259308.600,2296,96,0,126500.746519
126700,-15553900.99677,2852972.290967,21116049.08961,0,0,0,-0.6862197037387,-0.5789960254537,29799920.54738,29755938.3591155,156368421.2678,0.0001467374187883,0,0,0,8.583190303507,1.164468504199e-81,0,2.84017484666,-0.5788235719475,-14.75034039528,0.05652761630179,1.323497957372,-15.0688770321,-25924.11151989,4933.194395155,0,0,259308.700,2296,96,0,126600.7448734
126800,-15553993.09437,2852713.496005,21116020.54966,0,0,0,-0.6862426337586,-0.5790611214993,29800413.85603,29756431.6668809,156371013.6223,0.0001467374202434,0,0,0,8.58274620417,1.164269174372e-81,0,2.840170901902,-0.5788886260181,-14.75127533231,0.05655012088137,1.323508735852,-15.06927537805,-25922.97798971,4932.978691533,0,0,259308.800,2296,96,0,126700.7432279
126900,-15554085.19321,2852454.701919,21115992.00513,0,0,0,-0.686265569962,-0.5791262165529,29800907.1431,29756924.9530733,156373605.8634,0.0001467374216985,0,0,0,8.582302040447,1.164069844957e-81,0,2.840166955831,-0.5789536789623,-14.75221025314,0.05657262439269,1.323519515207,-15.06967364396,-25921.84421482,4932.762941346,0,0,259308.900,2296,96,0,126800.7415825
127000,-15554177.29327,2852195.908708,21115963.45601,0,0,0,-0.6862885123498,-0.5791913106145,29801400.4086,29757418.2174382,156376197.9925,0.0001467374231535,0,0,0,8.581605069699,1.163870515974e-81,0,2.840163010481,-0.5790187310317,-14.75314516141,0.05659513342029,1.323530295436,-15.07007183344,-25921.37448571,4932.673554868,0,0,259309.000,2296,96,0,126900.7399372
127100,-15554269.39455,2851937.116373,21115934.90231,0,0,0,-0.6863114609228,-0.5792564036843,29801893.65252,29757911.4604792,156378790.0068,0.0001467374246086,0,0,0,8.581160777341,1.16367118744e-81,0,2.840159060596,-0.5790837822498,-14.75408005744,0.05661764367495,1.323541076539,-15.07046994683,-25919.57655737,4932.331420481,0,0,259309.100,2296,96,0,127000.7382919
127200,-15554361.49706,2851678.324913,21115906.34403,0,0,0,-0.6863344156818,-0.5793214957624,29802386.87487,29758404.6819415,156381381.9077,0.0001467374260637,0,0,0,8.580716420666,1.163471859375e-81,0,2.840155111232,-0.5791488323048,-14.75501493675,0.05664015536532,1.323551858517,-15.07086797967,-25918.44245947,4932.115608826,0,0,259309.200,2296,96,0,127100.7366467
127300,-15554453.60079,2851419.534329,21115877.78116,0,0,0,-0.6863573766278,-0.5793865868487,29802880.07563,29758897.8818233,156383973.6953,0.0001467374275188,0,0,0,8.580271999692,1.163272531796e-81,0,2.84015116096,-0.5792138811065,-14.75594979805,0.05666266358307,1.323562641368,-15.07126593066,-25917.30845945,4931.899815798,0,0,259309.300,2296,96,0,127200.7350015
127400,-15554545.70575,2851160.744621,21115849.21371,0,0,0,-0.6863803437615,-0.5794516769433,29803373.25481,29759391.0601228,156386565.3694,0.0001467374289739,0,0,0,8.579827514442,1.163073204722e-81,0,2.840147209089,-0.579278929311,-14.75688465077,0.05668517469807,1.323573425093,-15.07166380924,-25916.17412664,4931.683959439,0,0,259309.400,2296,96,0,127300.7333565
