utc_time,sat,constellation,jump_m,jump_cycles,dt_s
2026-06-24 04:59:25,C31,C,1.911,9.95,7
2026-06-24 05:02:20,C31,C,-0.098,-0.51,1
2026-06-24 05:02:21,C31,C,-0.215,-1.12,1
2026-06-24 05:02:23,C31,C,-0.157,-0.82,2
2026-06-24 05:02:28,C31,C,-0.099,-0.52,1
2026-06-24 05:03:11,C31,C,1.624,8.46,1
2026-06-24 05:03:15,C31,C,-0.081,-0.42,1
2026-06-24 05:12:49,C06,C,0.309,1.61,1
2026-06-24 05:12:49,C09,C,0.165,0.86,1
2026-06-24 05:12:49,C13,C,-0.243,-1.27,1
2026-06-24 05:12:49,C14,C,-0.314,-1.63,1
2026-06-24 05:12:49,C21,C,-0.125,-0.65,1
2026-06-24 05:12:49,C22,C,0.342,1.78,1
2026-06-24 05:12:49,C23,C,0.204,1.06,1
2026-06-24 05:12:49,C25,C,0.654,3.41,1
2026-06-24 05:12:49,C28,C,-0.377,-1.96,1
2026-06-24 05:12:49,C34,C,0.450,2.34,1
2026-06-24 05:12:49,C37,C,-0.311,-1.62,1
2026-06-24 05:12:49,C42,C,-0.450,-2.34,1
2026-06-24 05:12:49,E13,E,0.353,1.86,1
2026-06-24 05:12:49,E14,E,-0.719,-3.78,1
2026-06-24 05:12:49,E15,E,0.618,3.25,1
2026-06-24 05:12:49,E21,E,0.326,1.71,1
2026-06-24 05:12:49,E23,E,-0.203,-1.07,1
2026-06-24 05:12:49,E26,E,-0.148,-0.78,1
2026-06-24 05:12:49,E27,E,0.645,3.39,1
2026-06-24 05:12:49,E31,E,-0.453,-2.38,1
2026-06-24 05:12:49,E33,E,-0.426,-2.24,1
2026-06-24 05:12:49,G01,G,-0.553,-2.90,1
2026-06-24 05:12:49,G02,G,-0.374,-1.97,1
2026-06-24 05:12:49,G08,G,-0.286,-1.50,1
2026-06-24 05:12:49,G10,G,-0.108,-0.57,1
2026-06-24 05:12:49,G16,G,0.512,2.69,1
2026-06-24 05:12:49,G18,G,0.711,3.74,1
2026-06-24 05:12:49,G23,G,0.314,1.65,1
2026-06-24 05:12:49,G26,G,0.744,3.91,1
2026-06-24 05:12:49,G27,G,0.076,0.40,1
2026-06-24 05:40:06,E15,E,6.457,33.93,13
2026-06-24 05:44:15,G18,G,0.079,0.42,1
2026-06-24 05:44:19,G18,G,8.207,43.13,4
2026-06-24 05:44:20,G18,G,3.418,17.96,1
2026-06-24 05:44:25,G18,G,-0.106,-0.55,1
2026-06-24 05:44:26,E15,E,5.040,26.49,15
2026-06-24 05:44:27,E15,E,0.833,4.38,1
2026-06-24 05:44:28,E15,E,0.826,4.34,1
2026-06-24 05:44:29,E15,E,0.612,3.22,1
2026-06-24 05:44:30,E15,E,0.554,2.91,1
2026-06-24 05:44:31,E15,E,0.593,3.12,1
2026-06-24 05:44:32,E15,E,0.574,3.02,1
2026-06-24 05:44:33,E15,E,0.405,2.13,1
2026-06-24 05:44:34,E15,E,0.312,1.64,1
2026-06-24 05:44:46,E15,E,-1.036,-5.44,11
2026-06-24 05:44:59,E15,E,4.737,24.90,4
2026-06-24 05:45:19,G18,G,-0.471,-2.48,1
2026-06-24 05:45:24,G18,G,-4.578,-24.06,5
2026-06-24 05:45:25,G18,G,-0.093,-0.49,1
2026-06-24 05:45:27,G18,G,0.091,0.48,1
2026-06-24 05:45:31,G18,G,-0.098,-0.51,1
2026-06-24 05:45:40,G18,G,-0.565,-2.97,2
2026-06-24 05:45:43,G18,G,-1.058,-5.56,3
2026-06-24 05:45:44,G18,G,0.102,0.54,1
2026-06-24 05:45:54,G18,G,-1.900,-9.98,9
2026-06-24 05:56:57,E27,E,13.892,73.00,4
2026-06-24 05:58:04,E27,E,-0.385,-2.03,6
2026-06-24 05:58:41,E27,E,-1.900,-9.98,16
2026-06-24 06:00:10,E27,E,0.576,3.03,15
2026-06-24 06:00:31,E27,E,5.318,27.95,9
2026-06-24 06:01:18,E27,E,2.244,11.79,18
2026-06-24 06:01:19,E27,E,0.433,2.28,1
2026-06-24 06:01:20,E27,E,0.408,2.14,1
2026-06-24 06:01:21,E27,E,0.372,1.96,1
2026-06-24 06:01:22,E27,E,0.279,1.47,1
2026-06-24 06:01:39,E27,E,5.342,28.07,8
2026-06-24 06:01:53,E27,E,-1.128,-5.93,9
2026-06-24 06:02:10,E27,E,1.333,7.00,17
2026-06-24 06:03:44,C06,C,0.121,0.63,1
2026-06-24 06:04:12,G30,G,1.329,6.99,2
2026-06-24 06:13:09,E07,E,-794953.728,-4177510.04,24
2026-06-24 06:13:17,E07,E,0.120,0.63,1
2026-06-24 06:13:24,E07,E,-3.812,-20.03,5
2026-06-24 06:13:31,E07,E,-5.143,-27.03,3
2026-06-24 06:13:35,E07,E,-0.094,-0.49,1
2026-06-24 06:13:47,E07,E,0.100,0.52,1
2026-06-24 06:14:26,E07,E,8.368,43.97,3
2026-06-24 06:14:39,E07,E,-10.439,-54.86,11
2026-06-24 06:14:53,E07,E,-0.088,-0.46,1
2026-06-24 06:15:04,E07,E,0.101,0.53,1
2026-06-24 06:15:17,E07,E,0.955,5.02,7
2026-06-24 06:16:13,E07,E,7.992,42.00,3
2026-06-24 06:16:42,E07,E,1.886,9.91,6
2026-06-24 06:17:20,C09,C,-0.191,-0.99,1
2026-06-24 06:17:20,C13,C,0.183,0.95,1
2026-06-24 06:17:20,C21,C,-0.204,-1.06,1
2026-06-24 06:17:20,C23,C,-0.459,-2.39,1
2026-06-24 06:17:20,C25,C,-0.625,-3.25,1
2026-06-24 06:17:20,C28,C,0.381,1.98,1
2026-06-24 06:17:20,C33,C,0.625,3.26,1
2026-06-24 06:17:20,C34,C,-0.448,-2.33,1
2026-06-24 06:17:20,C42,C,0.305,1.59,1
2026-06-24 06:17:20,E07,E,0.443,2.33,1
2026-06-24 06:17:20,E08,E,0.315,1.65,1
2026-06-24 06:17:20,E13,E,-0.408,-2.15,1
2026-06-24 06:17:20,E14,E,0.410,2.16,1
2026-06-24 06:17:20,E21,E,-0.495,-2.60,1
2026-06-24 06:17:20,E31,E,0.436,2.29,1
2026-06-24 06:17:20,E32,E,0.156,0.82,1
2026-06-24 06:17:20,E33,E,0.372,1.96,1
2026-06-24 06:17:20,G01,G,0.493,2.59,1
2026-06-24 06:17:20,G02,G,0.206,1.08,1
2026-06-24 06:17:20,G07,G,-0.298,-1.57,1
2026-06-24 06:17:20,G08,G,0.128,0.67,1
2026-06-24 06:17:20,G10,G,-0.268,-1.41,1
2026-06-24 06:17:20,G16,G,-0.698,-3.67,1
2026-06-24 06:17:20,G23,G,-0.591,-3.11,1
2026-06-24 06:17:20,G26,G,-0.699,-3.68,1
2026-06-24 06:17:20,G27,G,-0.292,-1.53,1
2026-06-24 06:17:20,G30,G,-0.081,-0.42,1
2026-06-24 06:17:20,G32,G,0.459,2.41,1
2026-06-24 06:18:46,G26,G,19.987,105.03,2
2026-06-24 06:18:56,G26,G,-0.961,-5.05,1
2026-06-24 06:19:06,G26,G,0.386,2.03,1
2026-06-24 06:19:08,G26,G,0.378,1.99,1
2026-06-24 06:22:47,E32,E,0.103,0.54,1
2026-06-24 06:24:54,G30,G,2.095,11.01,1
2026-06-24 06:24:56,G30,G,0.196,1.03,1
2026-06-24 06:25:01,G30,G,-0.574,-3.01,1
2026-06-24 06:25:06,G30,G,-3.806,-20.00,1
2026-06-24 06:25:07,G30,G,2.092,10.99,1
2026-06-24 06:25:08,G30,G,0.099,0.52,1
2026-06-24 06:25:13,G30,G,-0.090,-0.47,1
2026-06-24 06:25:18,G30,G,7.325,38.50,1
2026-06-24 06:25:19,G30,G,-0.095,-0.50,1
2026-06-24 06:25:24,G30,G,0.103,0.54,1
2026-06-24 06:25:25,G30,G,-0.101,-0.53,1
2026-06-24 06:25:27,G30,G,0.098,0.51,1
2026-06-24 06:25:28,G30,G,-5.518,-29.00,1
2026-06-24 06:25:33,G30,G,-3.904,-20.52,1
2026-06-24 06:25:34,G30,G,-0.189,-0.99,1
2026-06-24 06:25:35,G30,G,-1.714,-9.01,1
2026-06-24 06:25:36,G30,G,0.753,3.96,1
2026-06-24 06:25:37,G30,G,2.201,11.57,1
2026-06-24 06:25:38,G30,G,0.093,0.49,1
2026-06-24 06:25:40,G30,G,0.568,2.99,2
2026-06-24 06:25:43,G30,G,-0.096,-0.51,1
2026-06-24 06:25:49,G30,G,-0.086,-0.45,1
2026-06-24 06:25:53,G30,G,0.086,0.45,1
2026-06-24 06:26:05,G30,G,-8.454,-44.42,1
2026-06-24 06:26:06,G30,G,1.507,7.92,1
2026-06-24 06:26:13,G30,G,-0.186,-0.98,1
2026-06-24 06:26:27,G30,G,0.094,0.49,1
2026-06-24 06:26:31,G30,G,-0.096,-0.51,1
2026-06-24 06:27:18,E07,E,-0.097,-0.51,1
2026-06-24 06:27:37,G30,G,0.092,0.48,1
2026-06-24 06:27:43,G30,G,-0.099,-0.52,1
2026-06-24 06:27:58,G30,G,0.098,0.51,1
2026-06-24 06:28:01,G30,G,-0.096,-0.50,1
2026-06-24 06:28:23,G30,G,0.089,0.47,1
2026-06-24 06:28:25,G30,G,-0.092,-0.48,1
2026-06-24 06:28:33,G30,G,0.096,0.50,1
2026-06-24 06:28:35,G30,G,7.801,40.99,2
2026-06-24 06:28:37,G30,G,-0.107,-0.56,1
2026-06-24 06:28:41,G30,G,0.283,1.49,1
2026-06-24 06:28:43,G30,G,-0.098,-0.52,1
2026-06-24 06:28:50,G30,G,0.285,1.50,1
2026-06-24 06:28:51,G30,G,-0.185,-0.97,1
2026-06-24 06:28:53,G30,G,0.381,2.00,1
2026-06-24 06:28:55,G30,G,-0.113,-0.59,1
2026-06-24 06:29:44,E07,E,0.096,0.51,1
2026-06-24 06:31:18,G30,G,-0.668,-3.51,1
2026-06-24 06:31:19,G30,G,-0.097,-0.51,1
2026-06-24 06:34:29,G30,G,1.426,7.49,1
2026-06-24 06:34:31,G30,G,-0.095,-0.50,1
2026-06-24 06:35:11,E07,E,-0.094,-0.50,1
2026-06-24 06:35:21,G30,G,-0.189,-0.99,2
2026-06-24 06:35:53,G30,G,-2.469,-12.98,2
2026-06-24 06:35:56,G30,G,2.671,14.03,1
2026-06-24 06:36:15,G30,G,0.385,2.02,1
2026-06-24 06:37:07,G30,G,-0.187,-0.98,2
2026-06-24 06:37:08,G30,G,-0.959,-5.04,1
2026-06-24 06:37:13,G30,G,-2.658,-13.97,1
2026-06-24 06:37:15,G30,G,2.094,11.00,2
2026-06-24 06:37:19,G30,G,-1.708,-8.98,1
2026-06-24 06:37:31,G30,G,2.769,14.55,2
2026-06-24 06:37:33,G30,G,0.183,0.96,2
2026-06-24 06:37:37,G30,G,-0.102,-0.54,1
2026-06-24 06:37:38,G30,G,-2.936,-15.43,1
2026-06-24 06:37:40,G30,G,2.856,15.01,1
2026-06-24 06:37:43,G30,G,-0.100,-0.52,1
2026-06-24 06:38:14,G30,G,-0.966,-5.08,3
2026-06-24 06:38:16,G30,G,1.700,8.93,1
2026-06-24 06:38:17,G30,G,-2.669,-14.02,1
2026-06-24 06:38:20,G30,G,6.381,33.53,3
2026-06-24 06:38:25,G30,G,-0.093,-0.49,1
2026-06-24 06:38:29,G30,G,-7.320,-38.47,2
2026-06-24 06:38:31,G30,G,-0.087,-0.46,1
2026-06-24 06:38:38,G30,G,1.812,9.52,1
2026-06-24 06:38:43,G30,G,-0.092,-0.48,1
2026-06-24 06:38:46,G30,G,0.090,0.47,1
2026-06-24 06:38:47,G30,G,0.191,1.01,1
2026-06-24 06:38:49,G30,G,-0.113,-0.59,1
2026-06-24 06:38:50,G30,G,0.102,0.54,1
2026-06-24 06:38:54,G30,G,0.193,1.02,1
2026-06-24 06:38:55,G30,G,-0.386,-2.03,1
2026-06-24 06:39:01,G30,G,0.092,0.48,1
2026-06-24 06:39:03,G30,G,0.101,0.53,1
2026-06-24 06:39:04,G30,G,0.182,0.95,1
2026-06-24 06:39:19,G30,G,-0.110,-0.58,1
2026-06-24 06:39:26,G30,G,0.103,0.54,1
2026-06-24 06:39:32,G30,G,-2.864,-15.05,2
2026-06-24 06:39:34,G30,G,0.869,4.57,2
2026-06-24 06:39:40,G30,G,3.703,19.46,5
2026-06-24 06:39:42,G30,G,0.088,0.46,2
2026-06-24 06:39:43,G30,G,-2.284,-12.00,1
2026-06-24 06:39:49,G30,G,-0.099,-0.52,1
2026-06-24 06:39:53,C25,C,19.964,103.96,7
2026-06-24 06:39:54,G30,G,-0.096,-0.51,3
2026-06-24 06:39:55,G30,G,-0.092,-0.48,1
2026-06-24 06:40:02,G30,G,-1.235,-6.49,2
2026-06-24 06:40:03,G30,G,-0.761,-4.00,1
2026-06-24 06:40:07,G30,G,-1.903,-10.00,2
2026-06-24 06:40:08,G30,G,1.726,9.07,1
2026-06-24 06:40:09,G30,G,-0.086,-0.45,1
2026-06-24 06:40:18,G30,G,0.462,2.43,9
2026-06-24 06:40:20,G30,G,-1.329,-6.99,1
2026-06-24 06:40:23,G30,G,-0.193,-1.02,3
2026-06-24 06:40:26,G30,G,1.046,5.50,2
2026-06-24 06:40:29,G30,G,0.562,2.95,1
2026-06-24 06:40:31,G30,G,1.334,7.01,1
2026-06-24 06:40:32,G30,G,-0.176,-0.92,1
2026-06-24 06:40:34,G30,G,-0.377,-1.98,1
2026-06-24 06:40:44,G30,G,-0.193,-1.02,1
2026-06-24 06:40:45,C25,C,-0.799,-4.16,1
2026-06-24 06:40:47,G30,G,0.189,0.99,1
2026-06-24 06:40:50,G30,G,-0.567,-2.98,3
2026-06-24 06:40:53,G30,G,3.419,17.97,1
2026-06-24 06:40:54,C25,C,2.428,12.64,9
2026-06-24 06:40:55,G30,G,-0.100,-0.52,1
2026-06-24 06:40:57,C25,C,-0.084,-0.44,1
2026-06-24 06:40:57,G30,G,0.100,0.53,1
2026-06-24 06:41:01,G30,G,-0.097,-0.51,1
2026-06-24 06:41:16,C25,C,-3.063,-15.95,15
2026-06-24 06:41:22,C25,C,0.175,0.91,1
2026-06-24 06:41:50,G30,G,0.091,0.48,1
2026-06-24 06:41:55,G30,G,-0.098,-0.51,1
2026-06-24 06:42:03,G30,G,0.096,0.51,1
2026-06-24 06:42:07,G30,G,-0.095,-0.50,1
2026-06-24 06:42:28,G30,G,0.092,0.48,1
2026-06-24 06:42:31,G30,G,-0.095,-0.50,1
2026-06-24 06:42:36,G30,G,0.084,0.44,1
2026-06-24 06:42:43,G30,G,-0.095,-0.50,1
2026-06-24 06:42:45,G30,G,0.096,0.50,1
2026-06-24 06:42:49,G30,G,-0.103,-0.54,1
2026-06-24 06:44:01,G30,G,0.101,0.53,1
2026-06-24 06:44:07,G30,G,-0.094,-0.49,1
2026-06-24 06:44:11,G30,G,0.092,0.48,1
2026-06-24 06:44:22,G30,G,-0.377,-1.98,2
2026-06-24 06:44:23,G30,G,-1.143,-6.01,1
2026-06-24 06:44:24,G30,G,-0.293,-1.54,1
2026-06-24 06:44:28,G30,G,0.091,0.48,1
2026-06-24 06:45:19,G03,G,0.945,4.96,1
2026-06-24 06:45:20,G03,G,-1.712,-9.00,1
2026-06-24 06:45:21,G03,G,-0.190,-1.00,1
2026-06-24 06:45:23,G03,G,0.194,1.02,1
2026-06-24 06:45:24,G03,G,2.657,13.96,1
2026-06-24 06:45:25,G03,G,-0.188,-0.99,1
2026-06-24 06:45:26,G07,G,17.414,91.51,7
2026-06-24 06:50:31,C09,C,0.181,0.94,1
2026-06-24 06:50:31,C13,C,-0.153,-0.80,1
2026-06-24 06:50:31,C14,C,0.126,0.66,1
2026-06-24 06:50:31,C21,C,0.356,1.85,1
2026-06-24 06:50:31,C23,C,0.500,2.60,1
2026-06-24 06:50:31,C27,C,-0.519,-2.70,1
2026-06-24 06:50:31,C28,C,-0.382,-1.99,1
2026-06-24 06:50:31,C33,C,-0.638,-3.32,1
2026-06-24 06:50:31,C34,C,0.436,2.27,1
2026-06-24 06:50:31,C37,C,0.129,0.67,1
2026-06-24 06:50:31,C38,C,0.082,0.43,1
2026-06-24 06:50:31,C42,C,-0.143,-0.75,1
2026-06-24 06:50:31,E07,E,-0.491,-2.58,1
2026-06-24 06:50:31,E08,E,-0.219,-1.15,1
2026-06-24 06:50:31,E13,E,0.385,2.03,1
2026-06-24 06:50:31,E21,E,0.533,2.80,1
2026-06-24 06:50:31,E23,E,0.138,0.73,1
2026-06-24 06:50:31,E31,E,-0.368,-1.93,1
2026-06-24 06:50:31,E33,E,-0.342,-1.80,1
2026-06-24 06:50:31,G01,G,-0.440,-2.31,1
2026-06-24 06:50:31,G02,G,-0.131,-0.69,1
2026-06-24 06:50:31,G03,G,-0.785,-4.13,1
2026-06-24 06:50:31,G10,G,0.407,2.14,1
2026-06-24 06:50:31,G16,G,0.692,3.64,1
2026-06-24 06:50:31,G23,G,0.630,3.31,1
2026-06-24 06:50:31,G27,G,0.396,2.08,1
2026-06-24 06:50:31,G32,G,-0.411,-2.16,1
2026-06-24 06:59:47,G23,G,0.097,0.51,1
2026-06-24 06:59:49,G23,G,-0.096,-0.50,1
2026-06-24 07:00:58,G23,G,0.098,0.52,1
2026-06-24 07:01:07,G23,G,-0.094,-0.49,1
2026-06-24 07:01:40,G23,G,0.095,0.50,1
2026-06-24 07:01:43,G23,G,-0.093,-0.49,1
2026-06-24 07:02:36,G23,G,0.091,0.48,1
2026-06-24 07:02:37,G23,G,-0.095,-0.50,1
2026-06-24 07:02:52,G23,G,0.101,0.53,1
2026-06-24 07:02:55,G23,G,-0.092,-0.48,1
2026-06-24 07:02:57,G23,G,0.091,0.48,1
2026-06-24 07:03:01,G23,G,-0.091,-0.48,1
2026-06-24 07:03:02,G23,G,0.183,0.96,1
2026-06-24 07:03:03,G23,G,6.951,36.53,1
2026-06-24 07:03:07,G23,G,-0.106,-0.55,1
2026-06-24 07:03:10,G23,G,0.101,0.53,1
2026-06-24 07:03:13,G23,G,-0.095,-0.50,1
2026-06-24 07:03:16,G23,G,-3.990,-20.97,2
2026-06-24 07:03:19,G23,G,-0.203,-1.06,1
2026-06-24 07:03:39,G23,G,0.101,0.53,1
2026-06-24 07:03:43,G23,G,-0.094,-0.49,1
2026-06-24 07:04:34,G23,G,0.098,0.51,1
2026-06-24 07:04:43,G23,G,-0.101,-0.53,1
2026-06-24 07:05:06,G23,G,0.087,0.46,1
2026-06-24 07:05:07,G23,G,-0.098,-0.51,1
2026-06-24 07:05:08,G23,G,0.097,0.51,1
2026-06-24 07:05:13,G23,G,-0.097,-0.51,1
2026-06-24 07:05:36,G23,G,0.096,0.50,1
2026-06-24 07:05:37,G23,G,-0.209,-1.10,1
2026-06-24 07:05:38,G23,G,3.920,20.60,1
2026-06-24 07:05:43,G23,G,-0.101,-0.53,1
2026-06-24 07:05:49,G23,G,-0.092,-0.48,1
2026-06-24 07:05:50,G23,G,0.092,0.49,1
2026-06-24 07:06:43,G23,G,-0.099,-0.52,1
2026-06-24 07:06:44,G23,G,0.089,0.47,1
2026-06-24 07:06:52,G23,G,-0.190,-1.00,1
2026-06-24 07:06:53,G23,G,-0.105,-0.55,1
2026-06-24 07:07:12,G23,G,-2.591,-13.61,17
2026-06-24 07:07:13,G23,G,-0.094,-0.49,1
2026-06-24 07:07:31,G23,G,-18.102,-95.13,11
2026-06-24 07:08:53,E32,E,-0.098,-0.52,1
2026-06-24 07:09:38,G16,G,0.093,0.49,1
2026-06-24 07:09:43,G16,G,-0.094,-0.50,1
2026-06-24 07:10:18,G16,G,0.096,0.50,1
2026-06-24 07:10:19,G16,G,-0.098,-0.52,1
2026-06-24 07:10:37,G16,G,0.096,0.51,1
2026-06-24 07:10:43,G16,G,-0.092,-0.48,1
2026-06-24 07:10:56,G16,G,0.089,0.47,1
2026-06-24 07:11:01,G16,G,-0.092,-0.48,1
2026-06-24 07:12:04,E32,E,0.104,0.55,1
2026-06-24 07:18:28,G16,G,0.100,0.52,1
2026-06-24 07:18:31,G16,G,-0.089,-0.47,1
2026-06-24 07:18:41,G16,G,0.099,0.52,1
2026-06-24 07:18:43,G16,G,-0.090,-0.47,1
2026-06-24 07:18:46,G16,G,0.094,0.49,1
2026-06-24 07:18:49,G16,G,-0.103,-0.54,1
2026-06-24 07:18:52,G16,G,0.091,0.48,1
2026-06-24 07:18:55,G16,G,-0.092,-0.48,1
2026-06-24 07:19:13,G16,G,0.087,0.45,1
2026-06-24 07:19:25,G16,G,-0.089,-0.47,1
2026-06-24 07:19:41,G16,G,0.093,0.49,1
2026-06-24 07:19:43,G16,G,-0.100,-0.53,1
2026-06-24 07:19:44,G16,G,0.089,0.47,1
2026-06-24 07:20:19,G16,G,-0.081,-0.43,1
2026-06-24 07:20:21,G16,G,0.101,0.53,1
2026-06-24 07:20:31,G16,G,-0.092,-0.48,1
2026-06-24 07:20:32,G16,G,0.085,0.45,1
2026-06-24 07:20:46,G16,G,-0.086,-0.45,1
2026-06-24 07:20:47,G16,G,-0.121,-0.63,1
2026-06-24 07:21:18,G16,G,26.454,139.02,6
2026-06-24 07:21:31,G16,G,-0.284,-1.49,1
2026-06-24 07:21:32,G16,G,-0.305,-1.60,1
2026-06-24 07:21:51,G16,G,-2.308,-12.13,17
2026-06-24 07:22:38,E32,E,-0.092,-0.49,1
2026-06-24 07:30:56,C09,C,-0.070,-0.36,1
2026-06-24 07:30:56,C13,C,0.169,0.88,1
2026-06-24 07:30:56,C14,C,-0.234,-1.22,1
2026-06-24 07:30:56,C21,C,-0.395,-2.05,1
2026-06-24 07:30:56,C23,C,-0.388,-2.02,1
2026-06-24 07:30:56,C27,C,0.654,3.41,1
2026-06-24 07:30:56,C28,C,0.437,2.27,1
2026-06-24 07:30:56,C33,C,0.622,3.24,1
2026-06-24 07:30:56,C34,C,-0.350,-1.82,1
2026-06-24 07:30:56,C37,C,-0.198,-1.03,1
2026-06-24 07:30:56,C38,C,-0.072,-0.38,1
2026-06-24 07:30:56,C41,C,0.833,4.34,1
2026-06-24 07:30:56,E07,E,0.543,2.85,1
2026-06-24 07:30:56,E08,E,0.151,0.79,1
2026-06-24 07:30:56,E13,E,-0.259,-1.36,1
2026-06-24 07:30:56,E14,E,-0.454,-2.39,1
2026-06-24 07:30:56,E21,E,-0.444,-2.33,1
2026-06-24 07:30:56,E23,E,-0.205,-1.08,1
2026-06-24 07:30:56,E29,E,0.688,3.62,1
2026-06-24 07:30:56,E31,E,0.306,1.61,1
2026-06-24 07:30:56,E33,E,0.386,2.03,1
2026-06-24 07:30:56,G01,G,0.439,2.30,1
2026-06-24 07:30:56,G02,G,0.135,0.71,1
2026-06-24 07:30:56,G03,G,0.822,4.32,1
2026-06-24 07:30:56,G08,G,-0.101,-0.53,1
2026-06-24 07:30:56,G10,G,-0.425,-2.23,1
2026-06-24 07:30:56,G14,G,0.535,2.81,1
2026-06-24 07:30:56,G22,G,0.640,3.36,1
2026-06-24 07:30:56,G27,G,-0.420,-2.21,1
2026-06-24 07:30:56,G32,G,0.329,1.73,1
2026-06-24 07:38:21,E32,E,0.105,0.55,1
2026-06-24 07:41:32,C34,C,-66602868.771,-346818615.54,6
2026-06-24 07:41:34,C34,C,-0.088,-0.46,1
2026-06-24 07:42:20,C34,C,0.959,4.99,3
2026-06-24 07:43:11,C34,C,0.197,1.03,5
2026-06-24 07:43:37,C34,C,0.571,2.97,7
2026-06-24 07:45:07,C34,C,-0.961,-5.00,4
2026-06-24 07:45:25,C34,C,-0.295,-1.54,5
2026-06-24 07:45:28,C34,C,-0.096,-0.50,1
2026-06-24 07:45:55,C34,C,1.726,8.99,7
2026-06-24 07:45:58,C34,C,-0.196,-1.02,1
2026-06-24 07:46:10,C34,C,1.528,7.96,8
2026-06-24 07:46:28,C34,C,-0.571,-2.97,18
2026-06-24 07:46:43,G17,G,1.330,6.99,1
2026-06-24 07:46:47,G17,G,-0.384,-2.02,1
2026-06-24 07:47:28,G17,G,0.187,0.98,1
2026-06-24 07:53:50,E21,E,-0.094,-0.49,1
2026-06-24 07:53:51,E21,E,-0.277,-1.46,1
2026-06-24 07:56:30,C23,C,21.898,114.03,2
2026-06-24 07:57:36,C23,C,0.188,0.98,8
2026-06-24 07:59:11,C23,C,0.767,3.99,4
2026-06-24 07:59:42,C23,C,-0.963,-5.02,31
2026-06-24 07:59:45,C23,C,-0.093,-0.48,1
2026-06-24 07:59:47,C23,C,0.864,4.50,2
2026-06-24 08:29:15,G10,G,10.500,55.18,9
2026-06-24 08:29:22,G10,G,-0.140,-0.73,1
2026-06-24 08:29:28,G10,G,-0.170,-0.89,3
2026-06-24 08:29:40,G10,G,-0.373,-1.96,1
2026-06-24 08:29:56,C14,C,0.425,2.22,1
2026-06-24 08:29:56,C27,C,-0.637,-3.32,1
2026-06-24 08:29:56,C28,C,-0.289,-1.51,1
2026-06-24 08:29:56,C33,C,-0.291,-1.52,1
2026-06-24 08:29:56,C37,C,0.299,1.56,1
2026-06-24 08:29:56,C38,C,0.231,1.20,1
2026-06-24 08:29:56,C41,C,-0.762,-3.97,1
2026-06-24 08:29:56,C42,C,0.303,1.58,1
2026-06-24 08:29:56,E07,E,-0.300,-1.58,1
2026-06-24 08:29:56,E08,E,0.137,0.72,1
2026-06-24 08:29:56,E13,E,0.232,1.22,1
2026-06-24 08:29:56,E14,E,1.023,5.38,1
2026-06-24 08:29:56,E16,E,-0.497,-2.61,1
2026-06-24 08:29:56,E23,E,0.367,1.93,1
2026-06-24 08:29:56,E26,E,0.063,0.33,1
2026-06-24 08:29:56,E29,E,-0.685,-3.60,1
2026-06-24 08:29:56,E33,E,-0.302,-1.58,1
2026-06-24 08:29:56,G01,G,-0.262,-1.38,1
2026-06-24 08:29:56,G03,G,-0.562,-2.95,1
2026-06-24 08:29:56,G08,G,0.375,1.97,1
2026-06-24 08:29:56,G14,G,-0.148,-0.78,1
2026-06-24 08:29:56,G17,G,-0.748,-3.93,1
2026-06-24 08:29:56,G22,G,-0.334,-1.76,1
2026-06-24 08:29:56,G27,G,0.525,2.76,1
2026-06-24 08:29:56,G32,G,0.052,0.27,1
2026-06-24 08:31:43,G10,G,118.514,622.79,123
2026-06-24 08:31:53,G10,G,0.127,0.67,1
2026-06-24 08:31:55,G10,G,-0.162,-0.85,1
2026-06-24 08:45:08,E13,E,23.022,120.98,6
2026-06-24 08:46:10,C37,C,16.884,87.92,2
2026-06-24 08:46:34,C37,C,-0.175,-0.91,1
2026-06-24 08:46:35,C37,C,0.082,0.43,1
2026-06-24 08:46:39,C37,C,-0.106,-0.55,1
2026-06-24 08:48:10,C09,C,-0.057,-0.30,1
2026-06-24 08:48:10,C13,C,-0.108,-0.56,1
2026-06-24 08:48:10,C14,C,-0.475,-2.47,1
2026-06-24 08:48:10,C27,C,0.584,3.04,1
2026-06-24 08:48:10,C28,C,0.198,1.03,1
2026-06-24 08:48:10,C33,C,0.146,0.76,1
2026-06-24 08:48:10,C37,C,-0.311,-1.62,1
2026-06-24 08:48:10,C38,C,-0.306,-1.59,1
2026-06-24 08:48:10,C41,C,0.673,3.51,1
2026-06-24 08:48:10,C42,C,-0.391,-2.04,1
2026-06-24 08:48:10,E07,E,0.178,0.93,1
2026-06-24 08:48:10,E08,E,-0.236,-1.24,1
2026-06-24 08:48:10,E12,E,0.527,2.77,1
2026-06-24 08:48:10,E13,E,-0.255,-1.34,1
2026-06-24 08:48:10,E16,E,0.380,2.00,1
2026-06-24 08:48:10,E19,E,0.737,3.87,1
2026-06-24 08:48:10,E23,E,-0.417,-2.19,1
2026-06-24 08:48:10,E26,E,-0.107,-0.56,1
2026-06-24 08:48:10,E29,E,0.618,3.25,1
2026-06-24 08:48:10,E31,E,-0.112,-0.59,1
2026-06-24 08:48:10,E33,E,0.249,1.31,1
2026-06-24 08:48:10,G01,G,0.178,0.94,1
2026-06-24 08:48:10,G02,G,-0.070,-0.37,1
2026-06-24 08:48:10,G03,G,0.432,2.27,1
2026-06-24 08:48:10,G04,G,0.847,4.45,1
2026-06-24 08:48:10,G08,G,-0.465,-2.44,1
2026-06-24 08:48:10,G17,G,0.685,3.60,1
2026-06-24 08:48:10,G22,G,0.191,1.00,1
2026-06-24 08:48:10,G27,G,-0.555,-2.92,1
2026-06-24 08:48:10,G32,G,-0.190,-1.00,1
2026-06-24 08:49:54,E13,E,-15.423,-81.05,12
2026-06-24 08:50:06,C14,C,-5.479,-28.53,7
2026-06-24 08:50:09,C14,C,-0.090,-0.47,1
2026-06-24 08:50:43,E13,E,6.088,31.99,6
2026-06-24 08:54:33,G27,G,0.101,0.53,1
2026-06-24 08:54:37,G27,G,-0.093,-0.49,1
2026-06-24 08:54:43,G27,G,0.091,0.48,1
2026-06-24 08:54:44,G27,G,33.684,177.01,1
2026-06-24 08:54:55,G27,G,-0.091,-0.48,1
2026-06-24 08:54:56,G27,G,0.102,0.54,1
2026-06-24 08:55:01,G27,G,-0.099,-0.52,1
2026-06-24 08:55:27,G27,G,0.093,0.49,1
2026-06-24 08:55:31,G27,G,-0.092,-0.48,1
2026-06-24 08:55:56,G27,G,0.086,0.45,1
2026-06-24 08:56:01,G27,G,-0.096,-0.51,1
2026-06-24 08:56:02,G27,G,0.089,0.47,1
2026-06-24 08:56:03,G27,G,-0.092,-0.49,1
2026-06-24 09:01:07,G27,G,5.057,26.57,4
2026-06-24 09:01:08,G27,G,-0.101,-0.53,1
2026-06-24 09:01:11,G27,G,-0.672,-3.53,3
2026-06-24 09:01:21,G27,G,-0.107,-0.56,1
2026-06-24 09:02:48,E19,E,-13.328,-70.04,1
2026-06-24 09:05:10,E08,E,-24.642,-129.50,9
2026-06-24 09:09:10,C09,C,6.915,36.01,14
2026-06-24 09:10:06,C09,C,-100848063.777,-525142332.52,10
2026-06-24 09:10:10,C09,C,-0.095,-0.49,1
2026-06-24 09:10:44,C09,C,-58344.866,-303817.03,32
2026-06-24 09:13:43,C09,C,-17.693,-92.13,156
2026-06-24 09:13:45,C09,C,-0.082,-0.43,1
2026-06-24 09:13:46,C09,C,-0.101,-0.52,1
2026-06-24 09:13:53,C09,C,0.105,0.55,1
2026-06-24 09:13:57,C09,C,-0.096,-0.50,1
2026-06-24 09:14:03,C09,C,0.403,2.10,1
2026-06-24 09:39:46,E23,E,0.079,0.41,1
2026-06-24 09:40:20,E23,E,-0.094,-0.50,1
2026-06-24 09:43:04,E23,E,0.088,0.46,1
2026-06-24 09:43:28,G06,G,-0.763,-4.01,1
2026-06-24 09:45:35,G06,G,5.137,26.99,1
2026-06-24 09:45:45,G06,G,0.390,2.05,1
2026-06-24 09:46:06,G06,G,-0.288,-1.51,1
2026-06-24 09:46:13,G06,G,-0.099,-0.52,1
2026-06-24 09:47:31,E23,E,31.598,166.05,3
2026-06-24 09:48:53,E23,E,-0.096,-0.51,1
2026-06-24 09:48:55,G06,G,1.051,5.52,1
2026-06-24 09:49:01,G06,G,-0.085,-0.45,1
2026-06-24 09:49:56,C42,C,-4.615,-24.03,9
2026-06-24 09:50:15,E23,E,0.094,0.49,1
2026-06-24 09:50:26,C42,C,0.375,1.96,11
2026-06-24 09:50:43,C42,C,0.770,4.01,17
2026-06-24 09:51:26,C42,C,-1.634,-8.51,34
2026-06-24 09:51:28,C42,C,-0.102,-0.53,1
2026-06-24 09:51:40,E23,E,4.019,21.12,6
2026-06-24 09:52:11,E23,E,-5.132,-26.97,15
2026-06-24 10:04:43,G32,G,-15.228,-80.02,1
2026-06-24 10:05:40,G32,G,8.755,46.01,6
2026-06-24 10:05:44,G32,G,-0.102,-0.54,1
2026-06-24 10:05:49,G32,G,-0.095,-0.50,1
2026-06-24 10:05:57,C07,C,0.062,0.32,1
2026-06-24 10:05:57,C10,C,0.141,0.73,1
2026-06-24 10:05:57,C13,C,-0.659,-3.43,1
2026-06-24 10:05:57,C28,C,-0.434,-2.26,1
2026-06-24 10:05:57,C30,C,0.454,2.36,1
2026-06-24 10:05:57,C32,C,0.461,2.40,1
2026-06-24 10:05:57,C33,C,-0.541,-2.82,1
2026-06-24 10:05:57,C38,C,-0.738,-3.84,1
2026-06-24 10:05:57,E07,E,-0.492,-2.59,1
2026-06-24 10:05:57,E10,E,0.290,1.53,1
2026-06-24 10:05:57,E12,E,0.219,1.15,1
2026-06-24 10:05:57,E16,E,-0.293,-1.54,1
2026-06-24 10:05:57,E19,E,0.415,2.18,1
2026-06-24 10:05:57,E25,E,0.089,0.47,1
2026-06-24 10:05:57,E26,E,-0.480,-2.52,1
2026-06-24 10:05:57,E28,E,0.472,2.48,1
2026-06-24 10:05:57,E31,E,-0.622,-3.27,1
2026-06-24 10:05:57,E33,E,-0.152,-0.80,1
2026-06-24 10:05:57,G01,G,-0.385,-2.02,1
2026-06-24 10:05:57,G02,G,-0.554,-2.91,1
2026-06-24 10:05:57,G03,G,-0.271,-1.43,1
2026-06-24 10:05:57,G04,G,0.398,2.09,1
2026-06-24 10:05:57,G06,G,0.450,2.36,1
2026-06-24 10:05:57,G08,G,-0.816,-4.29,1
2026-06-24 10:05:57,G09,G,0.592,3.11,1
2026-06-24 10:05:57,G14,G,-0.601,-3.16,1
2026-06-24 10:05:57,G19,G,0.452,2.37,1
2026-06-24 10:05:57,G22,G,-0.491,-2.58,1
2026-06-24 10:05:57,G31,G,0.232,1.22,1
2026-06-24 10:05:57,G32,G,-0.765,-4.02,1
2026-06-24 10:06:02,G32,G,0.094,0.49,1
2026-06-24 10:06:08,G32,G,-0.230,-1.21,1
2026-06-24 10:06:17,G32,G,40.473,212.69,9
2026-06-24 10:11:25,C07,C,-0.083,-0.43,1
2026-06-24 10:11:25,C10,C,-0.159,-0.83,1
2026-06-24 10:11:25,C13,C,0.647,3.37,1
2026-06-24 10:11:25,C27,C,-0.050,-0.26,1
2026-06-24 10:11:25,C28,C,0.433,2.25,1
2026-06-24 10:11:25,C30,C,-0.474,-2.47,1
2026-06-24 10:11:25,C32,C,-0.478,-2.49,1
2026-06-24 10:11:25,C33,C,0.532,2.77,1
2026-06-24 10:11:25,C38,C,0.714,3.72,1
2026-06-24 10:11:25,E07,E,0.488,2.57,1
2026-06-24 10:11:25,E10,E,-0.316,-1.66,1
2026-06-24 10:11:25,E12,E,-0.243,-1.28,1
2026-06-24 10:11:25,E16,E,0.291,1.53,1
2026-06-24 10:11:25,E19,E,-0.425,-2.23,1
2026-06-24 10:11:25,E25,E,-0.095,-0.50,1
2026-06-24 10:11:25,E26,E,0.460,2.42,1
2026-06-24 10:11:25,E28,E,-0.502,-2.64,1
2026-06-24 10:11:25,E31,E,0.599,3.15,1
2026-06-24 10:11:25,E33,E,0.131,0.69,1
2026-06-24 10:11:25,G01,G,0.381,2.00,1
2026-06-24 10:11:25,G02,G,0.541,2.84,1
2026-06-24 10:11:25,G03,G,0.269,1.41,1
2026-06-24 10:11:25,G04,G,-0.397,-2.09,1
2026-06-24 10:11:25,G06,G,-0.480,-2.52,1
2026-06-24 10:11:25,G08,G,0.781,4.10,1
2026-06-24 10:11:25,G09,G,-0.612,-3.21,1
2026-06-24 10:11:25,G14,G,0.581,3.05,1
2026-06-24 10:11:25,G19,G,-0.451,-2.37,1
2026-06-24 10:11:25,G22,G,0.481,2.53,1
2026-06-24 10:11:25,G31,G,-0.233,-1.22,1
2026-06-24 10:11:33,G08,G,-0.098,-0.52,1
2026-06-24 10:11:37,G08,G,-0.099,-0.52,1
2026-06-24 10:11:48,G08,G,0.069,0.36,1
2026-06-24 10:11:55,G08,G,-0.093,-0.49,1
2026-06-24 10:12:00,G08,G,0.102,0.53,1
2026-06-24 10:12:01,G08,G,-0.092,-0.49,1
2026-06-24 10:12:02,G08,G,0.088,0.46,1
2026-06-24 10:12:07,G08,G,-0.093,-0.49,1
2026-06-24 10:12:09,G08,G,0.084,0.44,1
2026-06-24 10:12:13,G08,G,-0.098,-0.51,1
2026-06-24 10:12:16,G08,G,0.089,0.47,1
2026-06-24 10:12:25,G08,G,-0.095,-0.50,1
2026-06-24 10:12:26,G08,G,0.098,0.52,1
2026-06-24 10:12:31,G08,G,-0.094,-0.49,1
2026-06-24 10:12:34,G08,G,0.098,0.51,1
2026-06-24 10:12:55,G08,G,-0.096,-0.50,1
2026-06-24 10:12:57,G08,G,0.086,0.45,1
2026-06-24 10:23:40,C38,C,39.757,207.02,3
2026-06-24 10:23:45,C38,C,-0.092,-0.48,1
2026-06-24 10:23:46,C38,C,-0.102,-0.53,1
2026-06-24 10:23:51,C38,C,-0.096,-0.50,1
2026-06-24 10:23:58,C38,C,-0.091,-0.47,1
2026-06-24 10:32:25,G14,G,0.096,0.51,1
2026-06-24 10:32:26,G14,G,-0.346,-1.82,1
2026-06-24 10:32:27,G14,G,-0.613,-3.22,1
2026-06-24 10:32:44,G14,G,18.841,99.01,17
2026-06-24 10:32:49,G14,G,-0.095,-0.50,1
2026-06-24 10:32:55,G14,G,-0.408,-2.15,1
2026-06-24 10:32:57,G14,G,-0.858,-4.51,1
2026-06-24 10:32:58,G14,G,-0.055,-0.29,1
2026-06-24 10:33:07,G14,G,0.147,0.77,1
2026-06-24 10:41:43,E04,E,6.287,33.04,4
2026-06-24 10:41:52,E04,E,-0.288,-1.51,2
2026-06-24 10:41:56,E04,E,-0.675,-3.55,4
2026-06-24 10:47:06,E31,E,0.087,0.46,1
2026-06-24 10:51:21,E31,E,-0.089,-0.47,1
2026-06-24 10:55:22,G22,G,-0.111,-0.58,1
2026-06-24 10:55:43,G22,G,-0.271,-1.43,21
2026-06-24 10:55:50,G22,G,15.230,80.03,1
2026-06-24 10:55:53,G22,G,0.759,3.99,1
2026-06-24 10:55:57,G22,G,-0.414,-2.18,1
2026-06-24 10:56:06,G22,G,-17.100,-89.86,9
2026-06-24 10:56:19,E31,E,0.106,0.56,1
2026-06-24 10:56:49,G22,G,-2.256,-11.86,6
2026-06-24 10:56:52,G22,G,-0.084,-0.44,1
2026-06-24 10:58:43,E31,E,31.397,164.99,3
2026-06-24 10:59:18,E31,E,1.146,6.02,4
2026-06-24 11:00:40,E31,E,-2.094,-11.00,36
2026-06-24 11:18:42,E16,E,-0.142,-0.74,1
2026-06-24 11:18:42,E25,E,0.057,0.30,1
2026-06-24 11:18:42,E26,E,0.285,1.50,1
2026-06-24 11:18:43,E16,E,0.165,0.87,1
2026-06-24 11:18:43,E25,E,0.685,3.60,1
2026-06-24 11:18:43,E26,E,0.128,0.67,1
2026-06-24 11:18:44,E25,E,0.813,4.27,1
2026-06-24 11:18:45,E25,E,0.983,5.17,1
2026-06-24 11:18:46,E25,E,1.125,5.91,1
2026-06-24 11:18:47,E25,E,1.170,6.15,1
2026-06-24 11:18:48,E25,E,1.134,5.96,1
2026-06-24 11:18:49,E25,E,1.165,6.12,1
2026-06-24 11:18:50,E25,E,1.142,6.00,1
2026-06-24 11:18:51,E25,E,1.186,6.23,1
2026-06-24 11:18:52,E25,E,1.179,6.20,1
2026-06-24 11:18:53,E25,E,1.164,6.12,1
2026-06-24 11:18:54,E25,E,1.054,5.54,1
2026-06-24 11:18:55,E25,E,0.979,5.14,1
2026-06-24 11:18:56,E25,E,0.987,5.19,1
2026-06-24 11:18:57,E25,E,0.995,5.23,1
2026-06-24 11:18:58,E25,E,1.040,5.46,1
2026-06-24 11:18:59,E25,E,1.001,5.26,1
2026-06-24 11:19:00,E25,E,1.047,5.50,1
2026-06-24 11:19:01,E25,E,0.996,5.23,1
2026-06-24 11:19:02,E25,E,1.010,5.30,1
2026-06-24 11:19:03,E25,E,1.064,5.59,1
2026-06-24 11:19:04,E25,E,1.033,5.43,1
2026-06-24 11:19:05,E25,E,0.898,4.72,1
2026-06-24 11:19:06,E25,E,0.729,3.83,1
2026-06-24 11:19:07,E25,E,0.646,3.40,1
2026-06-24 11:19:08,E25,E,0.639,3.36,1
2026-06-24 11:19:09,E25,E,0.662,3.48,1
2026-06-24 11:19:10,E25,E,0.722,3.79,1
2026-06-24 11:19:11,E25,E,0.664,3.49,1
2026-06-24 11:19:12,E25,E,0.743,3.91,1
2026-06-24 11:19:13,E25,E,0.749,3.94,1
2026-06-24 11:19:14,E25,E,0.742,3.90,1
2026-06-24 11:19:15,E25,E,0.792,4.16,1
2026-06-24 11:19:16,E25,E,0.865,4.54,1
2026-06-24 11:19:17,E25,E,0.875,4.60,1
2026-06-24 11:19:18,E25,E,0.909,4.78,1
2026-06-24 11:19:19,E25,E,0.996,5.23,1
2026-06-24 11:19:20,E25,E,1.101,5.79,1
2026-06-24 11:19:21,E25,E,1.075,5.65,1
2026-06-24 11:19:22,E25,E,1.008,5.30,1
2026-06-24 11:19:23,E25,E,0.977,5.13,1
2026-06-24 11:19:24,E25,E,0.992,5.21,1
2026-06-24 11:19:25,E25,E,1.083,5.69,1
2026-06-24 11:19:26,E25,E,0.965,5.07,1
2026-06-24 11:19:27,E25,E,1.117,5.87,1
2026-06-24 11:19:28,E25,E,1.041,5.47,1
2026-06-24 11:19:29,E25,E,1.080,5.68,1
2026-06-24 11:19:30,E25,E,1.037,5.45,1
2026-06-24 11:19:31,E25,E,1.003,5.27,1
2026-06-24 11:19:32,E25,E,1.031,5.42,1
2026-06-24 11:19:33,E25,E,0.993,5.22,1
2026-06-24 11:19:34,E25,E,1.020,5.36,1
2026-06-24 11:19:35,E25,E,0.985,5.18,1
2026-06-24 11:19:36,E25,E,1.051,5.52,1
2026-06-24 11:19:37,E25,E,1.057,5.56,1
2026-06-24 11:19:38,E25,E,1.002,5.27,1
2026-06-24 11:19:39,E25,E,1.005,5.28,1
2026-06-24 11:19:40,E25,E,0.984,5.17,1
2026-06-24 11:19:41,E25,E,0.903,4.75,1
2026-06-24 11:19:42,E25,E,0.797,4.19,1
2026-06-24 11:19:43,E25,E,0.714,3.75,1
2026-06-24 11:19:44,E25,E,0.762,4.01,1
2026-06-24 11:19:45,E25,E,0.690,3.62,1
2026-06-24 11:19:46,E25,E,0.761,4.00,1
2026-06-24 11:19:47,E25,E,0.735,3.86,1
2026-06-24 11:19:48,E25,E,0.792,4.16,1
2026-06-24 11:19:49,E25,E,0.879,4.62,1
2026-06-24 11:19:50,E25,E,0.967,5.08,1
2026-06-24 11:19:51,E25,E,0.967,5.08,1
2026-06-24 11:19:52,E25,E,0.994,5.22,1
2026-06-24 11:19:53,E25,E,0.979,5.14,1
2026-06-24 11:19:54,E25,E,1.001,5.26,1
2026-06-24 11:19:55,E25,E,0.948,4.98,1
2026-06-24 11:19:56,E25,E,1.005,5.28,1
2026-06-24 11:19:57,E25,E,1.083,5.69,1
2026-06-24 11:19:58,E25,E,1.127,5.92,1
2026-06-24 11:19:59,E25,E,1.073,5.64,1
2026-06-24 11:20:00,E25,E,0.938,4.93,1
2026-06-24 11:20:01,E25,E,0.868,4.56,1
2026-06-24 11:20:02,E25,E,0.946,4.97,1
2026-06-24 11:20:03,E25,E,0.977,5.13,1
2026-06-24 11:20:04,E25,E,0.864,4.54,1
2026-06-24 11:20:05,E25,E,0.912,4.80,1
2026-06-24 11:20:06,E25,E,0.960,5.05,1
2026-06-24 11:20:07,E25,E,0.990,5.20,1
2026-06-24 11:20:08,E25,E,0.965,5.07,1
2026-06-24 11:20:09,E25,E,0.927,4.87,1
2026-06-24 11:20:10,E25,E,0.752,3.95,1
2026-06-24 11:20:11,E25,E,0.804,4.22,1
2026-06-24 11:20:12,E25,E,0.817,4.29,1
2026-06-24 11:20:13,E25,E,0.873,4.59,1
2026-06-24 11:20:14,E25,E,0.746,3.92,1
2026-06-24 11:20:15,E25,E,0.704,3.70,1
2026-06-24 11:20:16,E25,E,0.680,3.57,1
2026-06-24 11:20:17,E25,E,0.696,3.66,1
2026-06-24 11:20:18,E25,E,0.621,3.27,1
2026-06-24 11:20:19,E25,E,0.544,2.86,1
2026-06-24 11:20:20,E25,E,0.502,2.64,1
2026-06-24 11:20:21,E25,E,0.598,3.14,1
2026-06-24 11:20:22,E25,E,0.533,2.80,1
2026-06-24 11:20:23,E25,E,0.475,2.50,1
2026-06-24 11:20:24,E25,E,0.606,3.18,1
2026-06-24 11:20:25,E25,E,0.527,2.77,1
2026-06-24 11:20:26,E25,E,0.499,2.62,1
2026-06-24 11:20:27,E25,E,0.578,3.04,1
2026-06-24 11:20:28,E25,E,0.552,2.90,1
2026-06-24 11:20:29,E25,E,0.566,2.98,1
2026-06-24 11:20:30,E25,E,0.519,2.73,1
2026-06-24 11:20:31,E25,E,0.453,2.38,1
2026-06-24 11:20:32,E25,E,0.449,2.36,1
2026-06-24 11:20:33,E25,E,0.446,2.35,1
2026-06-24 11:20:34,E25,E,0.489,2.57,1
2026-06-24 11:20:35,E25,E,0.510,2.68,1
2026-06-24 11:20:36,E25,E,0.445,2.34,1
2026-06-24 11:20:37,E25,E,0.418,2.19,1
2026-06-24 11:20:38,E25,E,0.403,2.12,1
2026-06-24 11:20:39,E25,E,0.456,2.40,1
2026-06-24 11:20:40,E25,E,0.450,2.36,1
2026-06-24 11:20:41,E25,E,0.423,2.23,1
2026-06-24 11:20:42,E25,E,0.320,1.68,1
2026-06-24 11:20:43,E25,E,0.269,1.41,1
2026-06-24 11:20:44,E25,E,0.062,0.33,1
2026-06-24 11:20:48,E25,E,-0.094,-0.49,1
2026-06-24 11:22:34,C25,C,-146849502.370,-764683894.92,16872
2026-06-24 11:22:48,C07,C,0.169,0.88,1
2026-06-24 11:22:48,C10,C,0.275,1.43,1
2026-06-24 11:22:48,C11,C,0.723,3.76,1
2026-06-24 11:22:48,C13,C,-0.491,-2.56,1
2026-06-24 11:22:48,C25,C,0.606,3.16,1
2026-06-24 11:22:48,C27,C,-0.100,-0.52,1
2026-06-24 11:22:48,C28,C,-0.444,-2.31,1
2026-06-24 11:22:48,C30,C,0.522,2.72,1
2026-06-24 11:22:48,C32,C,0.491,2.56,1
2026-06-24 11:22:48,C33,C,-0.396,-2.06,1
2026-06-24 11:22:48,C41,C,-0.082,-0.43,1
2026-06-24 11:22:48,E04,E,0.743,3.90,1
2026-06-24 11:22:48,E07,E,-0.399,-2.10,1
2026-06-24 11:22:48,E10,E,0.561,2.95,1
2026-06-24 11:22:48,E12,E,0.404,2.12,1
2026-06-24 11:22:48,E16,E,-0.267,-1.40,1
2026-06-24 11:22:48,E19,E,0.407,2.14,1
2026-06-24 11:22:48,E26,E,-0.307,-1.61,1
2026-06-24 11:22:48,E28,E,0.647,3.40,1
2026-06-24 11:22:48,E29,E,-0.106,-0.56,1
2026-06-24 11:22:48,E33,E,-0.061,-0.32,1
2026-06-24 11:22:48,G01,G,-0.388,-2.04,1
2026-06-24 11:22:48,G02,G,-0.438,-2.30,1
2026-06-24 11:22:48,G03,G,-0.242,-1.27,1
2026-06-24 11:22:48,G04,G,0.186,0.98,1
2026-06-24 11:22:48,G06,G,0.659,3.46,1
2026-06-24 11:22:48,G09,G,0.601,3.16,1
2026-06-24 11:22:48,G17,G,-0.182,-0.95,1
2026-06-24 11:22:48,G19,G,0.220,1.16,1
2026-06-24 11:22:48,G28,G,-0.246,-1.29,1
2026-06-24 11:25:04,E07,E,0.083,0.44,1
2026-06-24 11:26:02,E25,E,0.104,0.55,1
2026-06-24 11:26:44,E07,E,-14.464,-76.01,11
2026-06-24 11:27:27,C13,C,46.849,243.95,3
2026-06-24 11:28:44,C13,C,0.781,4.06,7
2026-06-24 11:29:29,C13,C,0.973,5.07,4
2026-06-24 11:30:50,G02,G,0.102,0.54,1
2026-06-24 11:30:55,G02,G,-0.097,-0.51,1
2026-06-24 11:32:02,G07,G,-154760450.597,-813271657.02,17195
2026-06-24 11:33:26,E25,E,-0.095,-0.50,1
2026-06-24 11:34:12,E25,E,0.106,0.56,1
2026-06-24 11:35:47,G02,G,0.098,0.52,1
2026-06-24 11:35:49,G02,G,-0.093,-0.49,1
2026-06-24 11:35:54,E16,E,14.626,76.86,2
2026-06-24 11:36:03,G02,G,0.099,0.52,1
2026-06-24 11:36:07,G02,G,-0.096,-0.51,1
2026-06-24 11:36:23,G02,G,0.097,0.51,1
2026-06-24 11:36:25,G02,G,-0.097,-0.51,1
2026-06-24 11:36:45,G07,G,0.097,0.51,1
2026-06-24 11:36:48,G02,G,0.095,0.50,1
2026-06-24 11:36:49,G02,G,-0.095,-0.50,1
2026-06-24 11:36:49,G07,G,-0.096,-0.50,1
2026-06-24 11:39:13,G02,G,0.101,0.53,1
2026-06-24 11:39:19,G02,G,-0.096,-0.50,1
2026-06-24 11:39:32,E26,E,0.098,0.51,1
2026-06-24 11:39:40,G02,G,0.099,0.52,1
2026-06-24 11:39:43,G02,G,-0.094,-0.49,1
2026-06-24 11:39:46,G02,G,0.092,0.49,1
2026-06-24 11:39:49,G02,G,-0.098,-0.51,1
2026-06-24 11:39:52,G02,G,0.088,0.46,1
2026-06-24 11:39:55,G02,G,-0.098,-0.51,1
2026-06-24 11:40:26,G02,G,0.101,0.53,1
2026-06-24 11:40:31,G02,G,-0.093,-0.49,1
2026-06-24 11:40:32,E25,E,-0.100,-0.53,1
2026-06-24 11:40:33,G02,G,0.093,0.49,1
2026-06-24 11:40:37,G02,G,-0.091,-0.48,1
2026-06-24 11:40:45,G02,G,0.088,0.46,1
2026-06-24 11:40:54,G02,G,24.085,126.57,1
2026-06-24 11:40:56,G02,G,-0.675,-3.55,1
2026-06-24 11:41:01,G02,G,-0.095,-0.50,1
2026-06-24 11:42:04,G02,G,3.796,19.95,3
2026-06-24 11:42:07,G02,G,-0.179,-0.94,3
2026-06-24 11:42:27,G02,G,-1.515,-7.96,6
2026-06-24 11:43:08,G02,G,-0.138,-0.72,1
2026-06-24 11:43:09,G02,G,-0.441,-2.32,1
2026-06-24 11:43:48,E25,E,0.105,0.55,1
2026-06-24 11:44:33,G02,G,-0.098,-0.52,1
2026-06-24 11:50:14,C07,C,0.162,0.84,1
2026-06-24 11:50:14,C10,C,0.051,0.27,1
2026-06-24 11:50:14,C11,C,-0.374,-1.95,1
2026-06-24 11:50:14,C20,C,-0.420,-2.19,1
2026-06-24 11:50:14,C24,C,0.066,0.34,1
2026-06-24 11:50:14,C25,C,-0.286,-1.49,1
2026-06-24 11:50:14,C27,C,0.518,2.70,1
2026-06-24 11:50:14,C28,C,0.767,3.99,1
2026-06-24 11:50:14,C29,C,-0.466,-2.43,1
2026-06-24 11:50:14,C30,C,-0.106,-0.55,1
2026-06-24 11:50:14,C32,C,-0.114,-0.59,1
2026-06-24 11:50:14,C33,C,0.669,3.49,1
2026-06-24 11:50:14,C41,C,0.438,2.28,1
2026-06-24 11:50:14,E04,E,-0.425,-2.23,1
2026-06-24 11:50:14,E06,E,-0.467,-2.45,1
2026-06-24 11:50:14,E10,E,-0.252,-1.32,1
2026-06-24 11:50:14,E11,E,-0.373,-1.96,1
2026-06-24 11:50:14,E12,E,-0.062,-0.32,1
2026-06-24 11:50:14,E26,E,0.610,3.21,1
2026-06-24 11:50:14,E28,E,-0.285,-1.50,1
2026-06-24 11:50:14,E29,E,0.485,2.55,1
2026-06-24 11:50:14,E33,E,0.416,2.18,1
2026-06-24 11:50:14,G01,G,0.737,3.87,1
2026-06-24 11:50:14,G03,G,0.568,2.98,1
2026-06-24 11:50:14,G04,G,0.272,1.43,1
2026-06-24 11:50:14,G06,G,-0.294,-1.55,1
2026-06-24 11:50:14,G07,G,-0.459,-2.41,1
2026-06-24 11:50:14,G09,G,-0.163,-0.86,1
2026-06-24 11:50:14,G11,G,-0.532,-2.80,1
2026-06-24 11:50:14,G17,G,0.589,3.09,1
2026-06-24 11:50:14,G19,G,0.275,1.44,1
2026-06-24 11:50:14,G31,G,0.461,2.42,1
2026-06-24 11:54:14,E26,E,-0.096,-0.50,1
2026-06-24 11:54:26,E26,E,0.104,0.55,1
2026-06-24 11:57:52,C23,C,-159981405.963,-833065162.99,14278
2026-06-24 12:22:58,C33,C,6.732,35.06,4
2026-06-24 12:32:32,G31,G,-10.363,-54.46,2
2026-06-24 12:32:37,G31,G,-0.366,-1.92,1
2026-06-24 12:32:43,G31,G,-0.098,-0.52,1
2026-06-24 12:33:51,G31,G,0.087,0.46,1
2026-06-24 12:33:52,G31,G,0.175,0.92,1
2026-06-24 12:33:55,G31,G,-0.104,-0.54,1
2026-06-24 12:34:44,G30,G,-149581686.762,-786057069.39,21016
2026-06-24 12:35:17,C07,C,-0.148,-0.77,1
2026-06-24 12:35:17,C10,C,-0.052,-0.27,1
2026-06-24 12:35:17,C11,C,0.263,1.37,1
2026-06-24 12:35:17,C20,C,0.451,2.35,1
2026-06-24 12:35:17,C23,C,0.490,2.55,1
2026-06-24 12:35:17,C24,C,-0.212,-1.10,1
2026-06-24 12:35:17,C25,C,0.231,1.20,1
2026-06-24 12:35:17,C27,C,-0.597,-3.11,1
2026-06-24 12:35:17,C28,C,-0.676,-3.52,1
2026-06-24 12:35:17,C29,C,0.436,2.27,1
2026-06-24 12:35:17,C30,C,-0.076,-0.39,1
2026-06-24 12:35:17,C32,C,0.058,0.30,1
2026-06-24 12:35:17,C41,C,-0.417,-2.17,1
2026-06-24 12:35:17,E04,E,0.403,2.12,1
2026-06-24 12:35:17,E06,E,0.518,2.72,1
2026-06-24 12:35:17,E10,E,0.246,1.29,1
2026-06-24 12:35:17,E11,E,0.437,2.30,1
2026-06-24 12:35:17,E19,E,-0.114,-0.60,1
2026-06-24 12:35:17,E28,E,0.202,1.06,1
2026-06-24 12:35:17,E29,E,-0.491,-2.58,1
2026-06-24 12:35:17,E33,E,-0.456,-2.40,1
2026-06-24 12:35:17,G01,G,-0.704,-3.70,1
2026-06-24 12:35:17,G03,G,-0.531,-2.79,1
2026-06-24 12:35:17,G04,G,-0.410,-2.15,1
2026-06-24 12:35:17,G06,G,0.159,0.83,1
2026-06-24 12:35:17,G07,G,0.494,2.60,1
2026-06-24 12:35:17,G11,G,0.563,2.96,1
2026-06-24 12:35:17,G17,G,-0.599,-3.15,1
2026-06-24 12:35:17,G19,G,-0.473,-2.48,1
2026-06-24 12:35:17,G21,G,0.524,2.75,1
2026-06-24 12:35:17,G30,G,0.636,3.34,1
2026-06-24 12:35:39,C24,C,-21838252.881,-113717513.52,4
2026-06-24 12:35:43,C24,C,-23290.063,-121277.47,4
2026-06-24 12:35:47,C24,C,-23289.596,-121275.04,4
2026-06-24 12:36:05,C28,C,30.717,159.95,4
2026-06-24 12:36:33,C28,C,-0.769,-4.01,11
2026-06-24 12:38:03,G01,G,0.092,0.48,1
2026-06-24 12:38:07,G01,G,-0.092,-0.48,1
2026-06-24 12:40:19,G01,G,0.095,0.50,1
2026-06-24 12:40:25,G01,G,-0.091,-0.48,1
2026-06-24 12:41:39,G01,G,0.099,0.52,1
2026-06-24 12:41:43,G01,G,-0.095,-0.50,1
2026-06-24 12:42:48,G01,G,0.097,0.51,1
2026-06-24 12:42:49,G01,G,-0.100,-0.53,1
2026-06-24 12:42:52,G01,G,0.099,0.52,1
2026-06-24 12:42:56,G01,G,0.109,0.57,1
2026-06-24 12:46:53,G30,G,0.089,0.47,1
2026-06-24 12:46:55,G30,G,-0.096,-0.50,1
2026-06-24 12:47:23,G30,G,0.095,0.50,1
2026-06-24 12:47:25,G30,G,-0.091,-0.48,1
2026-06-24 12:47:41,G30,G,0.090,0.47,1
2026-06-24 12:47:43,G30,G,-0.095,-0.50,1
2026-06-24 12:48:06,G30,G,0.091,0.48,1
2026-06-24 12:48:07,G30,G,-0.092,-0.48,1
2026-06-24 12:48:48,G30,G,0.092,0.48,1
2026-06-24 12:48:49,G30,G,-0.093,-0.49,1
2026-06-24 12:49:02,G30,G,0.095,0.50,1
2026-06-24 12:49:07,G30,G,-0.094,-0.49,1
2026-06-24 12:49:52,G30,G,0.093,0.49,1
2026-06-24 12:49:55,G30,G,-0.093,-0.49,1
2026-06-24 13:11:40,C37,C,-190768319.627,-993380701.50,15764
2026-06-24 13:22:00,G17,G,0.099,0.52,1
2026-06-24 13:22:13,G17,G,-0.090,-0.47,1
2026-06-24 13:22:14,G17,G,0.092,0.49,1
2026-06-24 13:23:15,G17,G,49.750,261.44,33
2026-06-24 13:25:24,C07,C,0.178,0.93,1
2026-06-24 13:25:24,C10,C,0.097,0.51,1
2026-06-24 13:25:24,C12,C,-0.487,-2.54,1
2026-06-24 13:25:24,C20,C,-0.406,-2.11,1
2026-06-24 13:25:24,C23,C,-0.425,-2.21,1
2026-06-24 13:25:24,C27,C,0.620,3.23,1
2026-06-24 13:25:24,C29,C,-0.213,-1.11,1
2026-06-24 13:25:24,C30,C,0.327,1.70,1
2026-06-24 13:25:24,C37,C,-0.611,-3.18,1
2026-06-24 13:25:24,C41,C,0.409,2.13,1
2026-06-24 13:25:24,E04,E,-0.269,-1.42,1
2026-06-24 13:25:24,E06,E,-0.451,-2.37,1
2026-06-24 13:25:24,E09,E,-0.541,-2.84,1
2026-06-24 13:25:24,E10,E,-0.082,-0.43,1
2026-06-24 13:25:24,E11,E,-0.357,-1.88,1
2026-06-24 13:25:24,E12,E,0.179,0.94,1
2026-06-24 13:25:24,E18,E,-0.517,-2.72,1
2026-06-24 13:25:24,E19,E,0.246,1.29,1
2026-06-24 13:25:24,E29,E,0.477,2.51,1
2026-06-24 13:25:24,E33,E,0.524,2.75,1
2026-06-24 13:25:24,G03,G,0.539,2.83,1
2026-06-24 13:25:24,G04,G,0.508,2.67,1
2026-06-24 13:25:24,G06,G,0.147,0.77,1
2026-06-24 13:25:24,G07,G,-0.319,-1.67,1
2026-06-24 13:25:24,G09,G,0.233,1.23,1
2026-06-24 13:25:24,G11,G,-0.378,-1.99,1
2026-06-24 13:25:24,G19,G,0.584,3.07,1
2026-06-24 13:25:24,G21,G,-0.542,-2.85,1
2026-06-24 13:25:24,G30,G,-0.667,-3.51,1
2026-06-24 13:33:00,E36,E,0.100,0.53,1
2026-06-24 13:35:13,E36,E,-0.097,-0.51,1
2026-06-24 13:37:11,E36,E,0.099,0.52,1
2026-06-24 13:45:04,G03,G,0.082,0.43,1
2026-06-24 13:45:13,C07,C,-4.395,-22.89,1
2026-06-24 13:45:21,C07,C,-0.767,-3.99,7
2026-06-24 13:47:53,C10,C,-0.096,-0.50,1
2026-06-24 13:47:53,C11,C,-0.118,-0.61,1
2026-06-24 13:47:53,C12,C,0.497,2.59,1
2026-06-24 13:47:53,C20,C,0.399,2.08,1
2026-06-24 13:47:53,C23,C,0.357,1.86,1
2026-06-24 13:47:53,C25,C,-0.109,-0.57,1
2026-06-24 13:47:53,C27,C,-0.578,-3.01,1
2026-06-24 13:47:53,C29,C,0.102,0.53,1
2026-06-24 13:47:53,C30,C,-0.397,-2.07,1
2026-06-24 13:47:53,C32,C,-0.065,-0.34,1
2026-06-24 13:47:53,C37,C,0.648,3.37,1
2026-06-24 13:47:53,C41,C,-0.396,-2.06,1
2026-06-24 13:47:53,E04,E,0.219,1.15,1
2026-06-24 13:47:53,E06,E,0.420,2.20,1
2026-06-24 13:47:53,E09,E,0.529,2.78,1
2026-06-24 13:47:53,E11,E,0.300,1.58,1
2026-06-24 13:47:53,E12,E,-0.250,-1.31,1
2026-06-24 13:47:53,E18,E,0.261,1.37,1
2026-06-24 13:47:53,E19,E,-0.272,-1.43,1
2026-06-24 13:47:53,E29,E,-0.433,-2.28,1
2026-06-24 13:47:53,E33,E,-0.527,-2.77,1
2026-06-24 13:47:53,E36,E,0.601,3.16,1
2026-06-24 13:47:53,G04,G,-0.507,-2.66,1
2026-06-24 13:47:53,G05,G,0.671,3.53,1
2026-06-24 13:47:53,G06,G,-0.272,-1.43,1
2026-06-24 13:47:53,G07,G,0.213,1.12,1
2026-06-24 13:47:53,G09,G,-0.293,-1.54,1
2026-06-24 13:47:53,G11,G,0.261,1.37,1
2026-06-24 13:47:53,G19,G,-0.557,-2.92,1
2026-06-24 13:47:53,G21,G,0.545,2.87,1
2026-06-24 13:47:53,G30,G,0.638,3.35,1
2026-06-24 13:50:12,E36,E,-0.097,-0.51,1
2026-06-24 13:56:28,E21,E,179238136.178,941902762.94,21237
2026-06-24 13:56:36,E21,E,0.101,0.53,1
2026-06-24 14:00:16,C35,C,-317407.275,-1652822.98,4
2026-06-24 14:01:52,C27,C,31.311,163.04,6
2026-06-24 14:02:09,C27,C,-0.568,-2.96,3
2026-06-24 14:03:37,C27,C,0.676,3.52,84
2026-06-24 14:03:39,C27,C,-0.109,-0.57,1
2026-06-24 14:03:51,G19,G,45.671,240.00,2
2026-06-24 14:04:07,E29,E,-14.858,-78.08,18
2026-06-24 14:04:37,E29,E,-1.324,-6.96,9
2026-06-24 14:05:00,G19,G,6.378,33.52,16
2026-06-24 14:05:02,G19,G,-0.100,-0.52,1
2026-06-24 14:05:07,G19,G,-6.181,-32.48,1
2026-06-24 14:05:14,G19,G,-0.101,-0.53,1
2026-06-24 14:05:20,G19,G,0.104,0.55,1
2026-06-24 14:05:31,G19,G,3.222,16.93,11
2026-06-24 14:05:37,G19,G,-0.096,-0.50,1
2026-06-24 14:05:38,G19,G,0.095,0.50,1
2026-06-24 14:05:43,G19,G,-0.096,-0.50,1
2026-06-24 14:05:44,G19,G,0.095,0.50,1
2026-06-24 14:05:49,G19,G,-0.101,-0.53,1
2026-06-24 14:05:50,G19,G,0.098,0.51,1
2026-06-24 14:05:55,G19,G,-0.096,-0.50,1
2026-06-24 14:05:58,G19,G,0.096,0.51,1
2026-06-24 14:06:07,G19,G,-0.098,-0.51,1
2026-06-24 14:06:12,G19,G,0.092,0.48,1
2026-06-24 14:06:19,G19,G,-0.092,-0.48,1
2026-06-24 14:06:20,G19,G,0.092,0.48,1
2026-06-24 14:06:29,G19,G,0.067,0.35,1
2026-06-24 14:06:32,G19,G,-2.938,-15.44,2
2026-06-24 14:06:37,G19,G,-0.094,-0.49,1
2026-06-24 14:06:41,G19,G,0.076,0.40,1
2026-06-24 14:06:53,G19,G,-1.049,-5.51,9
2026-06-24 14:06:56,G19,G,-0.478,-2.51,1
2026-06-24 14:06:57,G19,G,-0.745,-3.91,1
2026-06-24 14:06:58,E33,E,0.099,0.52,1
2026-06-24 14:15:22,E33,E,-0.091,-0.48,1
2026-06-24 14:15:31,G04,G,-27.213,-143.00,1
2026-06-24 14:16:30,E23,E,170125102.116,894013445.71,15847
2026-06-24 14:17:12,E33,E,0.099,0.52,1
2026-06-24 14:18:33,E21,E,-0.098,-0.51,1
2026-06-24 14:19:07,E33,E,53.276,279.97,3
2026-06-24 14:34:05,G04,G,2.849,14.97,1
2026-06-24 14:41:40,E18,E,14.085,74.01,5
2026-06-24 14:42:01,E18,E,-0.372,-1.95,16
2026-06-24 14:42:18,E18,E,-0.571,-3.00,4
2026-06-24 14:44:48,E23,E,-0.097,-0.51,1
2026-06-24 14:49:50,G14,G,212908600.876,1118842249.16,15403
2026-06-24 14:54:55,G04,G,-0.088,-0.46,1
2026-06-24 14:54:56,G04,G,0.091,0.48,1
2026-06-24 14:54:58,G04,G,6.590,34.63,1
2026-06-24 15:00:30,C10,C,-0.111,-0.58,1
2026-06-24 15:00:30,C11,C,-0.399,-2.08,1
2026-06-24 15:00:30,C12,C,0.451,2.35,1
2026-06-24 15:00:30,C19,C,0.556,2.89,1
2026-06-24 15:00:30,C20,C,0.303,1.58,1
2026-06-24 15:00:30,C25,C,-0.430,-2.24,1
2026-06-24 15:00:30,C29,C,-0.265,-1.38,1
2026-06-24 15:00:30,C30,C,-0.477,-2.49,1
2026-06-24 15:00:30,C32,C,-0.182,-0.95,1
2026-06-24 15:00:30,C35,C,0.202,1.05,1
2026-06-24 15:00:30,C37,C,0.509,2.65,1
2026-06-24 15:00:30,E06,E,0.259,1.36,1
2026-06-24 15:00:30,E09,E,0.421,2.21,1
2026-06-24 15:00:30,E10,E,-0.324,-1.70,1
2026-06-24 15:00:30,E12,E,-0.475,-2.49,1
2026-06-24 15:00:30,E19,E,-0.320,-1.68,1
2026-06-24 15:00:30,E21,E,0.284,1.49,1
2026-06-24 15:00:30,E23,E,0.569,2.99,1
2026-06-24 15:00:30,E28,E,-0.158,-0.83,1
2026-06-24 15:00:30,E36,E,0.461,2.42,1
2026-06-24 15:00:30,G05,G,0.668,3.51,1
2026-06-24 15:00:30,G06,G,-0.577,-3.03,1
2026-06-24 15:00:30,G07,G,-0.187,-0.98,1
2026-06-24 15:00:30,G09,G,-0.411,-2.16,1
2026-06-24 15:00:30,G11,G,-0.243,-1.28,1
2026-06-24 15:00:30,G14,G,0.653,3.43,1
2026-06-24 15:00:30,G20,G,0.586,3.08,1
2026-06-24 15:00:30,G21,G,0.370,1.95,1
2026-06-24 15:00:30,G30,G,0.301,1.58,1
2026-06-24 15:00:37,C10,C,0.120,0.63,1
2026-06-24 15:00:37,C11,C,0.400,2.08,1
2026-06-24 15:00:37,C12,C,-0.454,-2.36,1
2026-06-24 15:00:37,C19,C,-0.558,-2.90,1
2026-06-24 15:00:37,C20,C,-0.303,-1.58,1
2026-06-24 15:00:37,C25,C,0.422,2.20,1
2026-06-24 15:00:37,C29,C,0.266,1.39,1
2026-06-24 15:00:37,C30,C,0.475,2.47,1
2026-06-24 15:00:37,C32,C,0.183,0.95,1
2026-06-24 15:00:37,C35,C,-0.203,-1.06,1
2026-06-24 15:00:37,C37,C,-0.510,-2.66,1
2026-06-24 15:00:37,E06,E,-0.258,-1.36,1
2026-06-24 15:00:37,E09,E,-0.422,-2.22,1
2026-06-24 15:00:37,E10,E,0.321,1.69,1
2026-06-24 15:00:37,E12,E,0.472,2.48,1
2026-06-24 15:00:37,E19,E,0.317,1.67,1
2026-06-24 15:00:37,E21,E,-0.284,-1.49,1
2026-06-24 15:00:37,E23,E,-0.568,-2.98,1
2026-06-24 15:00:37,E28,E,0.154,0.81,1
2026-06-24 15:00:37,E36,E,-0.463,-2.43,1
2026-06-24 15:00:37,G05,G,-0.668,-3.51,1
2026-06-24 15:00:37,G06,G,0.575,3.02,1
2026-06-24 15:00:37,G07,G,0.185,0.97,1
2026-06-24 15:00:37,G09,G,0.413,2.17,1
2026-06-24 15:00:37,G11,G,0.243,1.28,1
2026-06-24 15:00:37,G14,G,-0.658,-3.46,1
2026-06-24 15:00:37,G20,G,-0.587,-3.08,1
2026-06-24 15:00:37,G21,G,-0.369,-1.94,1
2026-06-24 15:00:37,G30,G,-0.301,-1.58,1
2026-06-24 15:12:07,C10,C,-9.011,-46.92,2
2026-06-24 15:12:21,C10,C,-0.185,-0.96,2
2026-06-24 15:17:51,C10,C,2.110,10.99,9
2026-06-24 15:18:45,C10,C,258335221.808,1345219291.99,4
2026-06-24 15:18:49,C10,C,-23208.654,-120853.55,4
2026-06-24 15:18:54,C10,C,-29010.640,-151066.01,4
2026-06-24 15:18:58,C10,C,-0.098,-0.51,1
2026-06-24 15:18:58,E31,E,161839125.368,850470344.01,15483
2026-06-24 15:21:08,E31,E,0.112,0.59,1
2026-06-24 15:23:44,G22,G,200636299.813,1054350871.80,16004
2026-06-24 15:33:12,C30,C,30.338,157.98,14
2026-06-24 15:33:22,C30,C,-0.200,-1.04,3
2026-06-24 15:34:06,C30,C,-7.582,-39.48,28
2026-06-24 15:40:52,E12,E,0.102,0.54,1
2026-06-24 15:41:43,E31,E,-0.098,-0.51,1
2026-06-24 15:55:38,E12,E,22.454,118.00,1
2026-06-24 16:01:12,G06,G,-0.124,-0.65,1
2026-06-24 16:01:26,G06,G,23.197,121.90,7
2026-06-24 16:01:35,G06,G,7.037,36.98,6
2026-06-24 16:01:36,G06,G,1.528,8.03,1
2026-06-24 16:01:37,G06,G,0.189,0.99,1
2026-06-24 16:01:43,G06,G,-0.091,-0.48,1
2026-06-24 16:01:46,G06,G,-0.304,-1.60,1
2026-06-24 16:01:48,G06,G,0.059,0.31,1
2026-06-24 16:01:52,G06,G,0.061,0.32,1
2026-06-24 16:04:22,G09,G,0.100,0.53,1
2026-06-24 16:04:25,G09,G,-0.098,-0.51,1
2026-06-24 16:04:26,G09,G,0.097,0.51,1
2026-06-24 16:04:31,G09,G,-0.099,-0.52,1
2026-06-24 16:04:32,E12,E,6.674,35.07,2
2026-06-24 16:04:33,G09,G,0.094,0.50,1
2026-06-24 16:04:37,G09,G,-0.098,-0.52,1
2026-06-24 16:04:42,G09,G,0.101,0.53,1
2026-06-24 16:04:49,G09,G,-0.095,-0.50,1
2026-06-24 16:05:19,G09,G,0.093,0.49,1
2026-06-24 16:05:22,E12,E,-0.200,-1.05,1
2026-06-24 16:05:25,G09,G,-0.089,-0.47,1
2026-06-24 16:05:38,G09,G,0.091,0.48,1
2026-06-24 16:05:43,G09,G,-0.101,-0.53,1
2026-06-24 16:09:56,G18,G,127804478.678,671617068.49,37408
2026-06-24 16:13:09,C11,C,-0.345,-1.80,1
2026-06-24 16:13:09,C12,C,0.355,1.85,1
2026-06-24 16:13:09,C19,C,0.559,2.91,1
2026-06-24 16:13:09,C20,C,0.156,0.81,1
2026-06-24 16:13:09,C23,C,-0.360,-1.88,1
2026-06-24 16:13:09,C29,C,-0.354,-1.85,1
2026-06-24 16:13:09,C32,C,-0.300,-1.56,1
2026-06-24 16:13:09,C35,C,-0.140,-0.73,1
2026-06-24 16:13:09,C37,C,0.134,0.70,1
2026-06-24 16:13:09,E06,E,0.158,0.83,1
2026-06-24 16:13:09,E09,E,0.336,1.77,1
2026-06-24 16:13:09,E10,E,-0.460,-2.42,1
2026-06-24 16:13:09,E11,E,-0.336,-1.77,1
2026-06-24 16:13:09,E12,E,-0.474,-2.49,1
2026-06-24 16:13:09,E19,E,-0.273,-1.43,1
2026-06-24 16:13:09,E23,E,0.410,2.15,1
2026-06-24 16:13:09,E28,E,-0.192,-1.01,1
2026-06-24 16:13:09,E31,E,0.680,3.57,1
2026-06-24 16:13:09,E34,E,0.571,3.00,1
2026-06-24 16:13:09,E36,E,0.131,0.69,1
2026-06-24 16:13:09,G05,G,0.409,2.15,1
2026-06-24 16:13:09,G07,G,-0.379,-1.99,1
2026-06-24 16:13:09,G09,G,-0.415,-2.18,1
2026-06-24 16:13:09,G11,G,-0.499,-2.62,1
2026-06-24 16:13:09,G14,G,0.574,3.01,1
2026-06-24 16:13:09,G15,G,0.744,3.91,1
2026-06-24 16:13:09,G18,G,0.584,3.07,1
2026-06-24 16:13:09,G20,G,0.506,2.66,1
2026-06-24 16:13:09,G22,G,0.704,3.70,1
2026-06-24 16:13:09,G30,G,-0.090,-0.47,1
2026-06-24 16:13:59,C11,C,35.317,183.90,6
2026-06-24 16:14:33,C11,C,1.537,8.00,18
2026-06-24 16:14:45,C11,C,-0.097,-0.50,1
2026-06-24 16:16:19,E12,E,5.903,31.02,2
2026-06-24 16:18:31,G09,G,0.094,0.49,1
2026-06-24 16:18:37,G09,G,-0.099,-0.52,1
2026-06-24 16:20:39,G09,G,0.099,0.52,1
2026-06-24 16:20:55,G09,G,-0.094,-0.49,1
2026-06-24 16:21:09,G09,G,0.096,0.51,1
2026-06-24 16:21:13,G09,G,-0.096,-0.50,1
2026-06-24 16:21:30,E19,E,-11.412,-59.97,1
2026-06-24 16:21:58,G09,G,0.098,0.52,1
2026-06-24 16:22:01,G09,G,-0.099,-0.52,1
2026-06-24 16:22:26,G09,G,0.089,0.47,1
2026-06-24 16:22:31,G09,G,-0.093,-0.49,1
2026-06-24 16:23:08,G09,G,0.098,0.51,1
2026-06-24 16:23:11,E12,E,-8.927,-46.91,2
2026-06-24 16:23:13,G09,G,-0.103,-0.54,1
2026-06-24 16:23:15,G09,G,0.096,0.50,1
2026-06-24 16:23:19,G09,G,-0.090,-0.47,1
2026-06-24 16:23:21,E12,E,0.774,4.07,6
2026-06-24 16:23:24,G09,G,0.096,0.51,1
2026-06-24 16:23:25,G09,G,-0.096,-0.51,1
2026-06-24 16:23:34,E12,E,0.753,3.96,13
2026-06-24 16:23:42,G09,G,0.099,0.52,1
2026-06-24 16:23:43,G09,G,-0.102,-0.53,1
2026-06-24 16:24:08,G09,G,0.090,0.47,1
2026-06-24 16:24:13,G09,G,-0.097,-0.51,1
2026-06-24 16:24:37,G09,G,0.086,0.45,1
2026-06-24 16:24:43,G09,G,-0.098,-0.51,1
2026-06-24 16:24:47,G09,G,0.103,0.54,1
2026-06-24 16:24:49,G09,G,-0.102,-0.54,1
2026-06-24 16:25:00,G09,G,0.099,0.52,1
2026-06-24 16:25:01,G09,G,-0.093,-0.49,1
2026-06-24 16:25:04,G09,G,0.094,0.49,1
2026-06-24 16:25:07,G09,G,-0.099,-0.52,1
2026-06-24 16:25:12,G09,G,0.102,0.54,1
2026-06-24 16:25:13,G09,G,-0.104,-0.55,1
2026-06-24 16:25:32,G09,G,0.095,0.50,1
2026-06-24 16:25:37,C29,C,18.431,95.98,11
2026-06-24 16:25:37,G09,G,-0.094,-0.49,1
2026-06-24 16:25:38,G09,G,0.092,0.48,1
2026-06-24 16:25:43,G09,G,-0.096,-0.50,1
2026-06-24 16:25:45,G09,G,0.097,0.51,1
2026-06-24 16:25:46,C29,C,0.383,1.99,6
2026-06-24 16:25:49,G09,G,-0.096,-0.50,1
2026-06-24 16:26:00,C29,C,1.532,7.98,3
2026-06-24 16:26:14,G09,G,0.099,0.52,1
2026-06-24 16:26:19,G09,G,-0.093,-0.49,1
2026-06-24 16:26:23,G09,G,0.098,0.52,1
2026-06-24 16:26:31,G09,G,-0.093,-0.49,1
2026-06-24 16:26:38,G09,G,0.096,0.50,1
2026-06-24 16:26:49,G09,G,-0.091,-0.48,1
2026-06-24 16:29:54,G09,G,0.097,0.51,1
2026-06-24 16:29:55,G09,G,-0.083,-0.43,1
2026-06-24 16:29:56,G09,G,0.086,0.45,1
2026-06-24 16:30:04,G09,G,-0.120,-0.63,1
2026-06-24 16:30:07,G09,G,-0.178,-0.93,1
2026-06-24 16:30:09,G09,G,-0.124,-0.65,1
2026-06-24 16:30:10,G09,G,0.314,1.65,1
2026-06-24 16:30:12,G09,G,-0.076,-0.40,1
2026-06-24 16:30:14,G09,G,-0.102,-0.54,1
2026-06-24 16:30:15,G09,G,-0.087,-0.46,1
2026-06-24 16:30:16,G09,G,-0.083,-0.44,1
2026-06-24 16:30:17,G09,G,-0.111,-0.59,1
2026-06-24 16:30:20,G09,G,-0.126,-0.66,1
2026-06-24 16:36:36,C12,C,-0.209,-1.09,1
2026-06-24 16:36:36,C19,C,-0.452,-2.36,1
2026-06-24 16:36:36,C23,C,0.499,2.60,1
2026-06-24 16:36:36,C32,C,0.422,2.20,1
2026-06-24 16:36:36,C35,C,0.291,1.51,1
2026-06-24 16:36:36,C36,C,-0.723,-3.76,1
2026-06-24 16:36:36,C37,C,0.083,0.43,1
2026-06-24 16:36:36,E04,E,0.147,0.77,1
2026-06-24 16:36:36,E05,E,-0.468,-2.46,1
2026-06-24 16:36:36,E09,E,-0.231,-1.21,1
2026-06-24 16:36:36,E10,E,0.538,2.83,1
2026-06-24 16:36:36,E11,E,0.469,2.47,1
2026-06-24 16:36:36,E19,E,0.341,1.79,1
2026-06-24 16:36:36,E21,E,0.223,1.17,1
2026-06-24 16:36:36,E23,E,-0.230,-1.21,1
2026-06-24 16:36:36,E28,E,0.279,1.47,1
2026-06-24 16:36:36,E31,E,-0.586,-3.08,1
2026-06-24 16:36:36,E34,E,-0.403,-2.12,1
2026-06-24 16:36:36,E36,E,0.073,0.38,1
2026-06-24 16:36:36,G05,G,-0.176,-0.92,1
2026-06-24 16:36:36,G07,G,0.473,2.48,1
2026-06-24 16:36:36,G11,G,0.580,3.05,1
2026-06-24 16:36:36,G14,G,-0.385,-2.02,1
2026-06-24 16:36:36,G15,G,-0.653,-3.43,1
2026-06-24 16:36:36,G18,G,-0.373,-1.96,1
2026-06-24 16:36:36,G20,G,-0.381,-2.00,1
2026-06-24 16:36:36,G21,G,0.222,1.17,1
2026-06-24 16:36:36,G22,G,-0.549,-2.89,1
2026-06-24 16:36:36,G30,G,0.264,1.39,1
2026-06-24 16:38:33,E19,E,3.048,16.02,2
2026-06-24 16:40:47,E19,E,-1.141,-6.00,1
2026-06-24 16:43:50,E19,E,-2.272,-11.94,2
2026-06-24 16:44:15,E19,E,-2.083,-10.95,3
2026-06-24 16:44:33,E19,E,2.111,11.10,10
2026-06-24 16:48:52,C22,C,115680300.919,602377683.58,39776
2026-06-24 16:49:06,E19,E,0.762,4.01,8
2026-06-24 16:51:51,C35,C,15.849,82.53,8
2026-06-24 16:51:57,C35,C,-0.109,-0.57,1
2026-06-24 16:52:16,C35,C,0.114,0.59,1
2026-06-24 16:52:21,C35,C,-0.091,-0.48,1
2026-06-24 16:52:34,C35,C,-5.784,-30.12,1
2026-06-24 16:52:36,C35,C,-0.405,-2.11,1
2026-06-24 16:52:48,C35,C,1.828,9.52,12
2026-06-24 16:52:51,C35,C,-0.096,-0.50,1
2026-06-24 16:56:25,E19,E,0.666,3.50,51
2026-06-24 16:57:12,E19,E,1.345,7.07,1
2026-06-24 16:57:42,E19,E,-0.558,-2.93,21
2026-06-24 16:58:49,E19,E,1.514,7.95,4
2026-06-24 16:59:10,E19,E,-2.262,-11.89,4
2026-06-24 17:01:14,G11,G,0.095,0.50,1
2026-06-24 17:01:19,G11,G,-0.094,-0.50,1
2026-06-24 17:01:20,G11,G,0.098,0.51,1
2026-06-24 17:01:25,G11,G,-0.099,-0.52,1
2026-06-24 17:02:00,G11,G,0.095,0.50,1
2026-06-24 17:02:01,G11,G,-0.093,-0.49,1
2026-06-24 17:02:06,G11,G,0.096,0.50,1
2026-06-24 17:02:19,G11,G,-0.096,-0.50,1
2026-06-24 17:02:25,G11,G,0.095,0.50,1
2026-06-24 17:02:43,G11,G,-0.104,-0.54,1
2026-06-24 17:02:44,G11,G,0.098,0.52,1
2026-06-24 17:02:49,G11,G,-0.091,-0.48,1
2026-06-24 17:02:50,G11,G,0.094,0.49,1
2026-06-24 17:02:55,G11,G,-0.088,-0.46,1
2026-06-24 17:03:18,G11,G,0.092,0.48,1
2026-06-24 17:03:19,G11,G,-0.092,-0.48,1
2026-06-24 17:03:20,G11,G,0.091,0.48,1
2026-06-24 17:03:25,G11,G,-0.089,-0.47,1
2026-06-24 17:04:42,G11,G,0.102,0.54,1
2026-06-24 17:04:43,G11,G,-0.094,-0.50,1
2026-06-24 17:04:50,G11,G,0.100,0.53,1
2026-06-24 17:05:01,G11,G,-0.087,-0.46,1
2026-06-24 17:05:04,G11,G,0.090,0.48,1
2026-06-24 17:05:07,G11,G,-0.091,-0.48,1
2026-06-24 17:05:12,G11,G,0.096,0.51,1
2026-06-24 17:05:19,G11,G,-0.095,-0.50,1
2026-06-24 17:05:32,G11,G,0.099,0.52,1
2026-06-24 17:05:37,G11,G,-0.089,-0.47,1
2026-06-24 17:05:38,G11,G,0.084,0.44,1
2026-06-24 17:06:02,G11,G,31.370,164.85,1
2026-06-24 17:06:19,G11,G,-0.092,-0.48,1
2026-06-24 17:06:21,G11,G,0.108,0.57,1
2026-06-24 17:06:46,G11,G,1.374,7.22,7
2026-06-24 17:08:28,E16,E,177119542.871,930769479.96,19953
2026-06-24 17:12:04,E10,E,18.467,97.04,3
2026-06-24 17:12:14,E10,E,1.513,7.95,9
2026-06-24 17:14:49,E21,E,0.080,0.42,1
2026-06-24 17:15:36,G07,G,0.100,0.52,1
2026-06-24 17:15:37,G07,G,-0.096,-0.51,1
2026-06-24 17:19:17,G07,G,0.094,0.49,1
2026-06-24 17:19:19,G07,G,-0.097,-0.51,1
2026-06-24 17:19:30,G07,G,0.093,0.49,1
2026-06-24 17:19:31,G07,G,-0.095,-0.50,1
2026-06-24 17:24:13,G07,G,0.095,0.50,1
2026-06-24 17:24:19,G07,G,-0.092,-0.48,1
2026-06-24 17:25:17,G07,G,0.093,0.49,1
2026-06-24 17:25:19,G07,G,-0.105,-0.55,1
2026-06-24 17:25:20,G07,G,0.111,0.58,1
2026-06-24 17:25:25,G07,G,-0.099,-0.52,1
2026-06-24 17:25:26,G07,G,0.108,0.57,1
2026-06-24 17:25:31,G07,G,-0.093,-0.49,1
2026-06-24 17:25:59,C19,C,0.296,1.54,1
2026-06-24 17:25:59,C20,C,-0.220,-1.14,1
2026-06-24 17:25:59,C22,C,0.625,3.26,1
2026-06-24 17:25:59,C32,C,-0.524,-2.73,1
2026-06-24 17:25:59,C36,C,0.659,3.43,1
2026-06-24 17:25:59,C37,C,-0.351,-1.83,1
2026-06-24 17:25:59,E04,E,-0.228,-1.20,1
2026-06-24 17:25:59,E05,E,0.432,2.27,1
2026-06-24 17:25:59,E06,E,-0.057,-0.30,1
2026-06-24 17:25:59,E09,E,0.140,0.73,1
2026-06-24 17:25:59,E11,E,-0.526,-2.76,1
2026-06-24 17:25:59,E16,E,0.651,3.42,1
2026-06-24 17:25:59,E23,E,-0.053,-0.28,1
2026-06-24 17:25:59,E28,E,-0.330,-1.73,1
2026-06-24 17:25:59,E31,E,0.430,2.26,1
2026-06-24 17:25:59,E34,E,0.129,0.68,1
2026-06-24 17:25:59,E36,E,-0.330,-1.74,1
2026-06-24 17:25:59,G05,G,-0.215,-1.13,1
2026-06-24 17:25:59,G07,G,-0.491,-2.58,1
2026-06-24 17:25:59,G15,G,0.531,2.79,1
2026-06-24 17:25:59,G20,G,0.221,1.16,1
2026-06-24 17:25:59,G21,G,-0.514,-2.70,1
2026-06-24 17:25:59,G22,G,0.237,1.24,1
2026-06-24 17:25:59,G24,G,0.671,3.53,1
2026-06-24 17:25:59,G30,G,-0.427,-2.24,1
2026-06-24 17:26:16,G07,G,0.094,0.49,1
2026-06-24 17:26:19,G07,G,-0.095,-0.50,1
2026-06-24 17:28:19,G07,G,0.088,0.46,1
2026-06-24 17:28:25,G07,G,-0.096,-0.51,1
2026-06-24 17:28:38,G07,G,0.100,0.52,1
2026-06-24 17:28:43,G07,G,-0.096,-0.51,1
2026-06-24 17:29:15,G07,G,0.088,0.46,1
2026-06-24 17:29:19,G07,G,-0.096,-0.50,1
2026-06-24 17:29:27,G07,G,0.102,0.53,1
2026-06-24 17:29:37,G07,G,-0.098,-0.52,1
2026-06-24 17:29:42,G07,G,0.091,0.48,1
2026-06-24 17:29:43,G07,G,-0.094,-0.49,1
2026-06-24 17:29:44,G07,G,0.092,0.48,1
2026-06-24 17:29:49,G07,G,-0.095,-0.50,1
2026-06-24 17:30:00,G07,G,0.094,0.49,1
2026-06-24 17:30:07,G07,G,-0.094,-0.50,1
2026-06-24 17:30:27,G07,G,0.095,0.50,1
2026-06-24 17:31:00,E11,E,0.088,0.46,1
2026-06-24 17:33:38,G23,G,98314444.631,516645893.61,37562
2026-06-24 17:39:04,E11,E,23.781,124.97,1
2026-06-24 17:47:38,G17,G,159613968.383,838777065.13,15862
2026-06-24 17:56:13,E11,E,246414399.810,1294916410.97,24
2026-06-24 17:57:56,E11,E,8.172,42.95,1
2026-06-24 17:59:28,E11,E,-6.857,-36.03,1
2026-06-24 18:03:36,E11,E,-3.431,-18.03,54
2026-06-24 18:13:25,C08,C,-0.365,-1.90,1
2026-06-24 18:13:25,C12,C,0.129,0.67,1
2026-06-24 18:13:25,C19,C,-0.193,-1.00,1
2026-06-24 18:13:25,C20,C,0.300,1.56,1
2026-06-24 18:13:25,C22,C,-0.694,-3.61,1
2026-06-24 18:13:25,C36,C,-0.645,-3.36,1
2026-06-24 18:13:25,C37,C,0.364,1.90,1
2026-06-24 18:13:25,E04,E,0.176,0.92,1
2026-06-24 18:13:25,E05,E,-0.533,-2.80,1
2026-06-24 18:13:25,E09,E,-0.177,-0.93,1
2026-06-24 18:13:25,E16,E,-0.735,-3.86,1
2026-06-24 18:13:25,E23,E,0.168,0.88,1
2026-06-24 18:13:25,E28,E,0.252,1.33,1
2026-06-24 18:13:25,E31,E,-0.325,-1.71,1
2026-06-24 18:13:25,E36,E,0.334,1.76,1
2026-06-24 18:13:25,G05,G,0.392,2.06,1
2026-06-24 18:13:25,G14,G,0.155,0.81,1
2026-06-24 18:13:25,G15,G,-0.449,-2.36,1
2026-06-24 18:13:25,G17,G,-0.551,-2.89,1
2026-06-24 18:13:25,G18,G,0.145,0.76,1
2026-06-24 18:13:25,G20,G,-0.147,-0.77,1
2026-06-24 18:13:25,G21,G,0.536,2.82,1
2026-06-24 18:13:25,G23,G,-0.740,-3.89,1
2026-06-24 18:13:25,G24,G,-0.646,-3.39,1
2026-06-24 18:13:25,G30,G,0.361,1.90,1
2026-06-24 18:24:56,G19,G,181898154.109,955881251.51,15468
2026-06-24 18:26:12,G19,G,0.095,0.50,1
2026-06-24 18:26:13,G19,G,-0.096,-0.51,1
2026-06-24 18:26:42,E28,E,0.093,0.49,1
2026-06-24 18:32:52,E28,E,-0.090,-0.47,1
2026-06-24 18:35:28,E15,E,75737388.906,398002665.00,46225
2026-06-24 18:38:53,C08,C,0.262,1.37,1
2026-06-24 18:38:53,C12,C,-0.299,-1.56,1
2026-06-24 18:38:53,C20,C,-0.435,-2.26,1
2026-06-24 18:38:53,C22,C,0.577,3.00,1
2026-06-24 18:38:53,C36,C,0.497,2.59,1
2026-06-24 18:38:53,C37,C,-0.446,-2.32,1
2026-06-24 18:38:53,C39,C,0.719,3.75,1
2026-06-24 18:38:53,E04,E,-0.265,-1.39,1
2026-06-24 18:38:53,E05,E,0.465,2.44,1
2026-06-24 18:38:53,E06,E,-0.131,-0.69,1
2026-06-24 18:38:53,E09,E,0.066,0.35,1
2026-06-24 18:38:53,E15,E,0.226,1.19,1
2026-06-24 18:38:53,E16,E,0.631,3.32,1
2026-06-24 18:38:53,E23,E,-0.311,-1.63,1
2026-06-24 18:38:53,E28,E,-0.326,-1.71,1
2026-06-24 18:38:53,E31,E,0.140,0.74,1
2026-06-24 18:38:53,E34,E,-0.174,-0.91,1
2026-06-24 18:38:53,E36,E,-0.395,-2.08,1
2026-06-24 18:38:53,G05,G,-0.540,-2.84,1
2026-06-24 18:38:53,G12,G,0.867,4.56,1
2026-06-24 18:38:53,G13,G,0.840,4.41,1
2026-06-24 18:38:53,G14,G,-0.339,-1.78,1
2026-06-24 18:38:53,G15,G,0.245,1.29,1
2026-06-24 18:38:53,G17,G,0.398,2.09,1
2026-06-24 18:38:53,G18,G,-0.288,-1.51,1
2026-06-24 18:38:53,G19,G,0.636,3.34,1
2026-06-24 18:38:53,G21,G,-0.603,-3.17,1
2026-06-24 18:38:53,G22,G,-0.211,-1.11,1
2026-06-24 18:38:53,G23,G,0.560,2.94,1
2026-06-24 18:38:53,G24,G,0.502,2.64,1
2026-06-24 18:38:53,G30,G,-0.419,-2.20,1
2026-06-24 18:41:59,E28,E,0.081,0.42,1
2026-06-24 18:45:20,G10,G,72368226.845,380297598.87,36805
2026-06-24 18:46:17,G18,G,0.094,0.49,1
2026-06-24 18:46:19,G18,G,-0.090,-0.47,1
2026-06-24 18:46:58,G18,G,0.096,0.50,1
2026-06-24 18:47:01,G18,G,-0.103,-0.54,1
2026-06-24 18:47:37,G18,G,0.090,0.47,1
2026-06-24 18:47:43,G18,G,-0.101,-0.53,1
2026-06-24 18:47:45,G18,G,0.099,0.52,1
2026-06-24 18:47:49,G18,G,10.369,54.49,1
2026-06-24 18:47:55,G18,G,-0.191,-1.00,1
2026-06-24 18:48:04,G18,G,0.098,0.51,1
2026-06-24 18:48:11,G30,G,0.096,0.50,1
2026-06-24 18:48:13,G30,G,-0.097,-0.51,1
2026-06-24 18:48:15,G18,G,0.089,0.47,1
2026-06-24 18:49:17,E28,E,-23.010,-120.92,5
2026-06-24 18:49:50,G18,G,1.064,5.59,1
2026-06-24 18:49:51,G18,G,0.116,0.61,1
2026-06-24 18:49:57,E28,E,-1.164,-6.12,12
2026-06-24 18:50:00,E36,E,0.096,0.50,1
2026-06-24 18:50:12,E28,E,-0.098,-0.52,1
2026-06-24 18:50:19,E28,E,0.076,0.40,1
2026-06-24 18:51:20,G21,G,9.887,51.95,1
2026-06-24 18:51:21,G21,G,0.192,1.01,1
2026-06-24 18:51:25,G21,G,-0.191,-1.01,1
2026-06-24 18:52:27,G21,G,0.186,0.98,11
2026-06-24 18:53:38,G21,G,0.496,2.61,1
2026-06-24 18:53:44,G21,G,0.217,1.14,1
2026-06-24 18:53:50,G21,G,-6.089,-32.00,1
2026-06-24 18:53:51,G21,G,0.204,1.07,1
2026-06-24 18:54:29,G21,G,0.199,1.05,1
2026-06-24 18:54:45,G21,G,1.981,10.41,14
2026-06-24 18:54:58,G21,G,-0.294,-1.55,1
2026-06-24 18:55:58,E25,E,188238684.295,989200962.52,25909
2026-06-24 18:56:11,E36,E,-0.100,-0.52,1
2026-06-24 18:58:33,G30,G,-36.445,-191.52,1
2026-06-24 18:58:37,G30,G,-0.089,-0.47,1
2026-06-24 18:58:42,G30,G,0.094,0.50,1
2026-06-24 18:58:43,G30,G,-0.098,-0.52,1
2026-06-24 18:58:59,E15,E,0.100,0.52,1
2026-06-24 19:00:30,E15,E,-0.092,-0.49,1
2026-06-24 19:01:24,E36,E,0.086,0.45,1
2026-06-24 19:04:06,G30,G,0.092,0.48,1
2026-06-24 19:04:07,G30,G,-0.090,-0.47,1
2026-06-24 19:06:16,G30,G,0.098,0.51,1
2026-06-24 19:06:19,G30,G,-0.095,-0.50,1
2026-06-24 19:06:56,G30,G,0.098,0.51,1
2026-06-24 19:07:01,G30,G,-0.102,-0.54,1
2026-06-24 19:07:02,G30,G,0.098,0.52,1
2026-06-24 19:07:07,G30,G,-0.090,-0.47,1
2026-06-24 19:07:08,G30,G,0.093,0.49,1
2026-06-24 19:07:13,G30,G,-0.106,-0.55,1
2026-06-24 19:08:25,G30,G,0.084,0.44,1
2026-06-24 19:08:31,G30,G,-0.084,-0.44,1
2026-06-24 19:08:32,G30,G,0.088,0.46,1
2026-06-24 19:08:37,G30,G,-0.086,-0.45,1
2026-06-24 19:09:22,G30,G,0.089,0.47,1
2026-06-24 19:09:31,G30,G,-0.096,-0.51,1
2026-06-24 19:09:47,G30,G,0.093,0.49,1
2026-06-24 19:09:49,G30,G,-0.100,-0.52,1
2026-06-24 19:09:52,C21,C,65079260.588,338884787.91,40807
2026-06-24 19:09:59,G30,G,0.091,0.48,1
2026-06-24 19:10:01,G30,G,-0.092,-0.48,1
2026-06-24 19:10:18,G30,G,0.092,0.48,1
2026-06-24 19:10:19,G30,G,-0.096,-0.51,1
2026-06-24 19:10:25,G30,G,0.090,0.47,1
2026-06-24 19:10:37,G30,G,-0.097,-0.51,1
2026-06-24 19:10:38,G30,G,0.098,0.51,1
2026-06-24 19:10:43,G30,G,-0.096,-0.50,1
2026-06-24 19:10:44,G30,G,0.097,0.51,1
2026-06-24 19:11:01,G30,G,-0.090,-0.47,1
2026-06-24 19:11:02,G30,G,0.098,0.51,1
2026-06-24 19:11:13,G30,G,-0.094,-0.49,1
2026-06-24 19:11:16,G30,G,0.101,0.53,1
2026-06-24 19:11:25,G30,G,-0.085,-0.45,1
2026-06-24 19:11:29,G30,G,0.099,0.52,1
2026-06-24 19:11:31,G30,G,-0.090,-0.47,1
2026-06-24 19:11:39,G30,G,0.091,0.48,1
2026-06-24 19:11:43,G30,G,-0.095,-0.50,1
2026-06-24 19:11:45,G30,G,0.091,0.48,1
2026-06-24 19:11:49,G30,G,-0.096,-0.50,1
2026-06-24 19:11:51,G30,G,0.103,0.54,1
2026-06-24 19:12:01,G30,G,-0.096,-0.50,1
2026-06-24 19:12:02,G30,G,0.097,0.51,1
2026-06-24 19:12:07,G30,G,-0.091,-0.48,1
2026-06-24 19:12:15,G30,G,0.091,0.48,1
2026-06-24 19:12:25,G30,G,-0.094,-0.49,1
2026-06-24 19:12:46,G30,G,0.092,0.48,1
2026-06-24 19:12:54,G30,G,0.601,3.16,1
2026-06-24 19:20:40,C28,C,61663647.562,321098794.56,24241
2026-06-24 19:24:54,E34,E,0.084,0.44,1
2026-06-24 19:25:23,C28,C,-0.053,-0.27,1
2026-06-24 19:25:24,C28,C,0.061,0.32,1
2026-06-24 19:26:26,C28,C,-2061821.384,-10736445.00,55
2026-06-24 19:26:56,C28,C,0.126,0.66,1
2026-06-24 19:26:58,C27,C,108364312.587,564281412.48,19390
2026-06-24 19:27:03,C28,C,-0.112,-0.58,1
2026-06-24 19:27:45,C28,C,1.144,5.95,41
2026-06-24 19:27:58,E34,E,-0.094,-0.49,1
2026-06-24 19:29:53,C28,C,0.182,0.95,1
2026-06-24 19:31:44,C37,C,-46.098,-240.04,10
2026-06-24 19:32:37,E34,E,0.090,0.47,1
2026-06-24 19:34:07,E34,E,-0.102,-0.53,1
2026-06-24 19:35:42,E15,E,0.108,0.57,1
2026-06-24 19:36:07,C30,C,164609133.700,857162955.72,14519
2026-06-24 19:37:26,E34,E,0.113,0.59,1
2026-06-24 19:39:41,E34,E,20.581,108.15,9
2026-06-24 19:39:44,C28,C,1.539,8.02,1
2026-06-24 19:41:22,E23,E,0.083,0.43,1
2026-06-24 19:43:44,E23,E,-0.087,-0.46,1
2026-06-24 19:44:00,E23,E,0.098,0.52,1
2026-06-24 19:45:30,E15,E,-0.094,-0.49,1
2026-06-24 19:45:34,E23,E,-0.102,-0.54,1
2026-06-24 19:45:58,E23,E,0.108,0.57,1
2026-06-24 19:46:31,E23,E,-0.099,-0.52,1
2026-06-24 19:47:14,E23,E,0.094,0.49,1
2026-06-24 19:47:16,E15,E,0.089,0.47,1
2026-06-24 19:48:45,E23,E,-23.606,-124.05,20
2026-06-24 19:49:02,C20,C,-2.688,-14.00,3
2026-06-24 19:49:26,C20,C,-1.533,-7.99,3
2026-06-24 19:49:30,C20,C,-0.186,-0.97,3
2026-06-24 19:49:43,C20,C,-1.350,-7.03,3
2026-06-24 19:49:44,C08,C,0.068,0.35,1
2026-06-24 19:49:44,C12,C,0.696,3.63,1
2026-06-24 19:49:44,C19,C,0.549,2.86,1
2026-06-24 19:49:44,C20,C,0.721,3.75,1
2026-06-24 19:49:44,C21,C,-0.514,-2.68,1
2026-06-24 19:49:44,C27,C,-0.261,-1.36,1
2026-06-24 19:49:44,C30,C,-0.439,-2.29,1
2026-06-24 19:49:44,C39,C,-0.425,-2.21,1
2026-06-24 19:49:44,E03,E,-0.439,-2.31,1
2026-06-24 19:49:44,E04,E,0.541,2.84,1
2026-06-24 19:49:44,E05,E,-0.166,-0.87,1
2026-06-24 19:49:44,E06,E,0.474,2.49,1
2026-06-24 19:49:44,E09,E,0.315,1.66,1
2026-06-24 19:49:44,E16,E,-0.190,-1.00,1
2026-06-24 19:49:44,E25,E,-0.507,-2.66,1
2026-06-24 19:49:44,E31,E,0.366,1.92,1
2026-06-24 19:49:44,G05,G,0.735,3.86,1
2026-06-24 19:49:44,G10,G,-0.296,-1.56,1
2026-06-24 19:49:44,G12,G,-0.520,-2.73,1
2026-06-24 19:49:44,G13,G,-0.452,-2.37,1
2026-06-24 19:49:44,G14,G,0.687,3.61,1
2026-06-24 19:49:44,G15,G,0.415,2.18,1
2026-06-24 19:49:44,G17,G,0.204,1.07,1
2026-06-24 19:49:44,G19,G,-0.239,-1.25,1
2026-06-24 19:49:44,G20,G,0.551,2.90,1
2026-06-24 19:49:44,G22,G,0.663,3.48,1
2026-06-24 19:49:44,G23,G,0.131,0.69,1
2026-06-24 19:49:44,G25,G,-0.685,-3.60,1
2026-06-24 19:49:54,C20,C,-0.963,-5.01,3
2026-06-24 19:49:58,C20,C,-0.482,-2.51,3
2026-06-24 19:50:03,C20,C,-0.095,-0.50,1
2026-06-24 19:50:07,G05,G,-3.996,-21.00,4
2026-06-24 19:50:18,C20,C,-1.237,-6.44,3
2026-06-24 19:50:22,C20,C,-0.102,-0.53,1
2026-06-24 19:50:25,G05,G,0.192,1.01,1
2026-06-24 19:50:26,C20,C,-0.482,-2.51,1
2026-06-24 19:50:27,C20,C,-0.090,-0.47,1
2026-06-24 19:50:27,G05,G,0.291,1.53,1
2026-06-24 19:50:31,G05,G,-0.085,-0.45,1
2026-06-24 19:50:38,G05,G,-6.193,-32.54,4
2026-06-24 19:50:39,G05,G,0.101,0.53,1
2026-06-24 19:50:44,G05,G,-0.096,-0.50,1
2026-06-24 19:50:47,C20,C,-0.059,-0.31,1
2026-06-24 19:50:49,G05,G,-0.091,-0.48,1
2026-06-24 19:50:51,G05,G,0.106,0.56,1
2026-06-24 19:50:52,C20,C,-0.108,-0.56,1
2026-06-24 19:50:57,G05,G,3.903,20.51,1
2026-06-24 19:51:06,G05,G,0.284,1.49,6
2026-06-24 19:51:07,G05,G,-0.096,-0.50,1
2026-06-24 19:51:08,G05,G,0.288,1.51,1
2026-06-24 19:51:13,C20,C,-5.090,-26.50,2
2026-06-24 19:51:13,G05,G,-0.099,-0.52,1
2026-06-24 19:51:16,C20,C,-0.100,-0.52,1
2026-06-24 19:51:24,C20,C,0.130,0.68,1
2026-06-24 19:51:25,G05,G,3.143,16.51,10
2026-06-24 19:51:26,C20,C,-0.710,-3.70,2
2026-06-24 19:51:26,G05,G,0.092,0.48,1
2026-06-24 19:51:27,C20,C,-0.092,-0.48,1
2026-06-24 19:51:28,C20,C,-0.098,-0.51,1
2026-06-24 19:51:31,C08,C,-0.056,-0.29,1
2026-06-24 19:51:31,C12,C,-0.688,-3.58,1
2026-06-24 19:51:31,C19,C,-0.540,-2.81,1
2026-06-24 19:51:31,C20,C,-0.713,-3.71,1
2026-06-24 19:51:31,C21,C,0.523,2.72,1
2026-06-24 19:51:31,C27,C,0.268,1.40,1
2026-06-24 19:51:31,C30,C,0.460,2.39,1
2026-06-24 19:51:31,C39,C,0.433,2.25,1
2026-06-24 19:51:31,E03,E,0.458,2.41,1
2026-06-24 19:51:31,E04,E,-0.529,-2.78,1
2026-06-24 19:51:31,E05,E,0.175,0.92,1
2026-06-24 19:51:31,E06,E,-0.464,-2.44,1
2026-06-24 19:51:31,E09,E,-0.305,-1.60,1
2026-06-24 19:51:31,E16,E,0.194,1.02,1
2026-06-24 19:51:31,E25,E,0.515,2.71,1
2026-06-24 19:51:31,E31,E,-0.359,-1.88,1
2026-06-24 19:51:31,G05,G,-0.803,-4.22,1
2026-06-24 19:51:31,G10,G,0.296,1.55,1
2026-06-24 19:51:31,G12,G,0.527,2.77,1
2026-06-24 19:51:31,G13,G,0.458,2.40,1
2026-06-24 19:51:31,G14,G,-0.679,-3.57,1
2026-06-24 19:51:31,G15,G,-0.415,-2.18,1
2026-06-24 19:51:31,G17,G,-0.204,-1.07,1
2026-06-24 19:51:31,G19,G,0.240,1.26,1
2026-06-24 19:51:31,G20,G,-0.546,-2.87,1
2026-06-24 19:51:31,G22,G,-0.654,-3.44,1
2026-06-24 19:51:31,G23,G,-0.134,-0.70,1
2026-06-24 19:51:31,G25,G,0.695,3.65,1
2026-06-24 19:51:32,G05,G,-0.092,-0.48,1
2026-06-24 19:51:34,G05,G,0.096,0.51,1
2026-06-24 19:51:38,G05,G,-0.106,-0.56,1
2026-06-24 19:51:44,G05,G,-3.978,-20.91,2
2026-06-24 19:51:45,G05,G,-0.595,-3.13,1
2026-06-24 19:51:46,G05,G,0.396,2.08,1
2026-06-24 19:51:47,G05,G,-2.471,-12.99,1
2026-06-24 19:51:48,G05,G,-0.190,-1.00,1
2026-06-24 19:51:49,G05,G,0.953,5.01,1
2026-06-24 19:51:52,G05,G,-0.324,-1.70,1
2026-06-24 19:51:57,C20,C,-2.588,-13.47,1
2026-06-24 19:51:57,G05,G,-0.184,-0.97,1
2026-06-24 19:51:58,C20,C,0.090,0.47,1
2026-06-24 19:52:01,G05,G,-0.053,-0.28,1
2026-06-24 19:52:02,G05,G,-0.993,-5.22,1
2026-06-24 19:52:03,G05,G,0.179,0.94,1
2026-06-24 19:52:06,G05,G,-0.722,-3.79,1
2026-06-24 19:52:17,C20,C,-0.051,-0.27,1
2026-06-24 19:52:19,C20,C,0.101,0.52,2
2026-06-24 19:52:21,C20,C,0.102,0.53,2
2026-06-24 19:52:31,C20,C,0.197,1.02,1
2026-06-24 19:52:35,C20,C,0.200,1.04,1
2026-06-24 19:52:54,C20,C,-4.031,-20.99,2
2026-06-24 19:52:57,C20,C,-0.289,-1.51,2
2026-06-24 19:53:03,C20,C,-0.112,-0.58,1
2026-06-24 19:53:08,C20,C,-1.733,-9.03,2
2026-06-24 19:53:09,C20,C,-0.098,-0.51,1
2026-06-24 19:53:10,C20,C,-0.097,-0.50,1
2026-06-24 19:54:22,C20,C,0.590,3.07,2
2026-06-24 19:54:55,C20,C,-4.222,-21.98,2
2026-06-24 19:55:02,C20,C,0.375,1.95,1
2026-06-24 19:59:30,C20,C,-5.753,-29.96,5
2026-06-24 19:59:37,C20,C,-0.877,-4.57,4
2026-06-24 19:59:39,C20,C,-0.094,-0.49,1
2026-06-24 20:00:17,C20,C,2.992,15.58,5
2026-06-24 20:00:21,C20,C,-0.097,-0.50,1
2026-06-24 20:00:28,C20,C,0.261,1.36,1
2026-06-24 20:02:33,G14,G,-40.573,-213.21,5
2026-06-24 20:02:34,G14,G,-0.054,-0.28,1
2026-06-24 20:02:38,G14,G,-0.100,-0.52,1
2026-06-24 20:02:39,G14,G,0.091,0.48,1
2026-06-24 20:02:44,G14,G,-0.088,-0.46,1
2026-06-24 20:02:49,G14,G,0.098,0.52,1
2026-06-24 20:02:53,G14,G,0.194,1.02,1
2026-06-24 20:02:54,G14,G,0.095,0.50,1
2026-06-24 20:03:06,G14,G,5.244,27.56,12
2026-06-24 20:03:13,G14,G,0.077,0.41,1
2026-06-24 20:08:51,E04,E,174004381.031,914399194.00,111
2026-06-24 20:10:04,C14,C,42911303.459,223450417.85,40752
2026-06-24 20:10:04,E04,E,-2.873,-15.10,13
2026-06-24 20:10:07,C11,C,180153584.237,938106988.82,14121
2026-06-24 20:10:13,C11,C,-3.262,-16.99,6
2026-06-24 20:10:15,C11,C,-0.092,-0.48,1
2026-06-24 20:10:16,C11,C,-0.097,-0.51,1
2026-06-24 20:10:53,C11,C,4.324,22.52,1
2026-06-24 20:10:57,C11,C,-0.110,-0.57,1
2026-06-24 20:11:21,C11,C,0.776,4.04,2
2026-06-24 20:11:41,C11,C,0.854,4.45,3
2026-06-24 20:11:45,C11,C,-0.093,-0.49,1
2026-06-24 20:11:52,E04,E,1.049,5.51,6
2026-06-24 20:12:02,E04,E,-1.159,-6.09,6
2026-06-24 20:12:11,E04,E,-0.245,-1.29,5
2026-06-24 20:12:12,E04,E,0.183,0.96,1
2026-06-24 20:12:23,E04,E,2.492,13.10,5
2026-06-24 20:12:40,E04,E,0.098,0.51,9
2026-06-24 20:12:54,E04,E,-0.393,-2.07,4
2026-06-24 20:13:18,C11,C,0.580,3.02,3
2026-06-24 20:14:09,C11,C,1.151,6.00,5
2026-06-24 20:14:21,C11,C,0.386,2.01,3
2026-06-24 20:14:32,C11,C,0.194,1.01,3
2026-06-24 20:14:32,C28,C,0.291,1.52,1
2026-06-24 20:14:33,C28,C,-0.095,-0.50,1
2026-06-24 20:14:52,C11,C,0.956,4.98,4
2026-06-24 20:15:15,C11,C,1.730,9.01,2
2026-06-24 20:30:02,G32,G,64310710.493,337955064.65,37425
2026-06-24 20:30:20,C12,C,-3.779,-19.68,1
2026-06-24 20:30:21,C12,C,-0.082,-0.43,1
2026-06-24 20:30:27,C12,C,-0.959,-4.99,1
2026-06-24 20:30:44,C12,C,-1.432,-7.46,1
2026-06-24 20:30:45,C12,C,-0.099,-0.51,1
2026-06-24 20:30:58,C12,C,-0.097,-0.50,1
2026-06-24 20:31:03,C12,C,-0.982,-5.12,1
2026-06-24 20:31:09,C12,C,-0.096,-0.50,1
2026-06-24 20:31:10,C12,C,-0.119,-0.62,1
2026-06-24 20:31:11,C12,C,-0.072,-0.38,1
2026-06-24 20:31:19,C12,C,-2.109,-10.98,2
2026-06-24 20:31:27,C12,C,0.351,1.83,1
2026-06-24 20:31:28,C12,C,-1.105,-5.75,1
2026-06-24 20:31:29,C12,C,-1.052,-5.48,1
2026-06-24 20:31:33,C12,C,-0.099,-0.51,1
2026-06-24 20:31:36,C12,C,-0.342,-1.78,1
2026-06-24 20:31:37,C12,C,-0.531,-2.77,1
2026-06-24 20:31:39,C12,C,-0.107,-0.55,1
2026-06-24 20:31:45,C12,C,1.435,7.47,2
2026-06-24 20:31:50,C12,C,0.485,2.53,1
2026-06-24 20:31:51,C12,C,-0.180,-0.94,1
2026-06-24 20:31:57,C12,C,-0.196,-1.02,1
2026-06-24 20:32:18,C12,C,1.160,6.04,1
2026-06-24 20:32:20,C12,C,-1.250,-6.51,2
2026-06-24 20:32:21,C12,C,-0.095,-0.49,1
2026-06-24 20:32:40,C12,C,-3.946,-20.55,3
2026-06-24 20:32:45,C12,C,-0.094,-0.49,1
2026-06-24 20:32:49,C12,C,0.094,0.49,1
2026-06-24 20:32:51,C12,C,-0.103,-0.54,1
2026-06-24 20:33:10,C12,C,0.172,0.90,1
2026-06-24 20:33:11,C12,C,-2.757,-14.36,1
2026-06-24 20:33:15,C12,C,-0.093,-0.48,1
2026-06-24 20:33:20,C12,C,-0.855,-4.45,1
2026-06-24 20:33:25,C12,C,-0.765,-3.98,2
2026-06-24 20:33:27,C12,C,0.482,2.51,2
2026-06-24 20:33:32,C12,C,-2.465,-12.83,1
2026-06-24 20:33:33,C12,C,-0.176,-0.92,1
2026-06-24 20:33:34,C12,C,0.178,0.93,1
2026-06-24 20:33:39,C12,C,-0.191,-0.99,1
2026-06-24 20:33:48,C12,C,-2.709,-14.11,3
2026-06-24 20:33:57,C12,C,2.108,10.97,2
2026-06-24 20:34:09,C12,C,-0.576,-3.00,2
2026-06-24 20:34:24,C12,C,0.092,0.48,3
2026-06-24 20:34:27,C12,C,-0.124,-0.65,1
2026-06-24 20:34:33,C12,C,0.767,3.99,2
2026-06-24 20:34:39,C12,C,0.669,3.49,1
2026-06-24 20:34:45,C12,C,-0.095,-0.49,1
2026-06-24 20:35:01,C12,C,-0.379,-1.98,2
2026-06-24 20:35:10,C12,C,1.138,5.93,2
2026-06-24 20:35:14,C12,C,-0.197,-1.03,1
2026-06-24 20:35:24,C12,C,0.086,0.45,1
2026-06-24 20:35:27,C12,C,-0.094,-0.49,1
2026-06-24 20:35:42,C12,C,0.186,0.97,1
2026-06-24 20:36:01,C12,C,0.578,3.01,2
2026-06-24 20:36:08,C12,C,-0.076,-0.39,1
2026-06-24 20:36:11,C12,C,-1.268,-6.60,3
2026-06-24 20:36:13,C12,C,0.768,4.00,1
2026-06-24 20:36:18,C12,C,-0.774,-4.03,3
2026-06-24 20:36:21,C12,C,-0.196,-1.02,1
2026-06-24 20:36:25,C12,C,0.959,4.99,3
2026-06-24 20:36:47,C12,C,-1.930,-10.05,14
2026-06-24 20:36:51,C12,C,-0.102,-0.53,1
2026-06-24 20:36:52,C12,C,-0.100,-0.52,1
2026-06-24 20:36:58,C12,C,0.752,3.92,2
2026-06-24 20:37:00,E32,E,69963349.769,367659884.54,46032
2026-06-24 20:37:01,C12,C,-0.953,-4.96,1
2026-06-24 20:37:06,C12,C,-0.664,-3.46,4
2026-06-24 20:37:09,C12,C,-0.088,-0.46,1
2026-06-24 20:37:11,C12,C,-0.288,-1.50,1
2026-06-24 20:37:14,C12,C,-0.675,-3.52,1
2026-06-24 20:37:15,C12,C,0.094,0.49,1
2026-06-24 20:37:29,C12,C,0.478,2.49,14
2026-06-24 20:37:34,C12,C,0.383,1.99,5
2026-06-24 20:37:39,C12,C,2.993,15.59,5
2026-06-24 20:37:45,C12,C,-3.854,-20.07,6
2026-06-24 20:37:53,C12,C,15.263,79.48,5
2026-06-24 20:37:57,C12,C,-12.578,-65.50,4
2026-06-24 20:38:23,C12,C,-2.594,-13.51,26
2026-06-24 20:38:27,C12,C,0.098,0.51,4
2026-06-24 20:38:28,C12,C,-0.106,-0.55,1
2026-06-24 20:38:42,C12,C,0.388,2.02,14
2026-06-24 20:38:57,C12,C,2.492,12.97,15
2026-06-24 20:39:15,C12,C,1.142,5.94,17
2026-06-24 20:40:07,C12,C,211545582.294,1101573360.55,52
2026-06-24 20:40:28,C29,C,190349891.360,991201835.71,15264
2026-06-24 20:40:29,C12,C,-3.560,-18.54,22
2026-06-24 20:40:53,C12,C,-2.597,-13.52,24
2026-06-24 20:41:00,C12,C,-1.630,-8.49,7
2026-06-24 20:41:23,C12,C,-0.199,-1.04,23
2026-06-24 20:41:25,C12,C,0.279,1.45,2
2026-06-24 20:41:49,C12,C,3.938,20.50,23
2026-06-24 20:41:52,C12,C,0.417,2.17,1
2026-06-24 20:41:56,C12,C,-1.202,-6.26,4
2026-06-24 20:42:10,C12,C,0.761,3.96,3
2026-06-24 20:43:22,C12,C,-6.335,-32.99,68
2026-06-24 20:43:30,C12,C,-0.127,-0.66,1
2026-06-24 20:46:38,G22,G,0.104,0.55,1
2026-06-24 20:46:39,G22,G,0.230,1.21,1
2026-06-24 20:46:40,G22,G,0.070,0.37,1
2026-06-24 20:49:32,G22,G,-0.097,-0.51,1
2026-06-24 20:49:33,G22,G,0.196,1.03,1
2026-06-24 20:51:32,C29,C,26.313,137.02,3
2026-06-24 20:51:33,C29,C,-0.095,-0.50,1
2026-06-24 20:51:35,C29,C,-0.483,-2.52,2
2026-06-24 20:51:40,C29,C,-0.191,-0.99,1
2026-06-24 20:51:45,C29,C,-0.482,-2.51,1
2026-06-24 20:51:51,C29,C,-0.095,-0.50,1
2026-06-24 20:52:15,C29,C,0.096,0.50,1
2026-06-24 20:52:16,C29,C,-0.099,-0.51,1
2026-06-24 20:52:19,C29,C,-4.126,-21.49,2
2026-06-24 20:52:22,C29,C,0.092,0.48,1
2026-06-24 20:52:35,C29,C,0.670,3.49,2
2026-06-24 20:52:39,C29,C,-0.094,-0.49,1
2026-06-24 20:52:47,C29,C,2.207,11.49,2
2026-06-24 20:52:51,C29,C,-0.094,-0.49,1
2026-06-24 20:52:59,C29,C,0.071,0.37,2
2026-06-24 20:53:03,C29,C,0.861,4.49,3
2026-06-24 20:53:07,C29,C,0.664,3.46,2
2026-06-24 20:53:10,C29,C,-0.097,-0.50,1
2026-06-24 20:53:31,C29,C,-0.096,-0.50,2
2026-06-24 20:53:34,C29,C,-0.094,-0.49,1
2026-06-24 20:53:41,C29,C,1.447,7.54,1
2026-06-24 20:53:45,C29,C,-0.098,-0.51,1
2026-06-24 20:55:57,C29,C,-0.101,-0.53,1
2026-06-24 20:55:58,C29,C,-0.095,-0.50,1
2026-06-24 21:03:55,C08,C,-0.071,-0.37,1
2026-06-24 21:03:55,C11,C,0.616,3.21,1
2026-06-24 21:03:55,C14,C,0.515,2.68,1
2026-06-24 21:03:55,C19,C,-0.587,-3.06,1
2026-06-24 21:03:55,C21,C,0.299,1.56,1
2026-06-24 21:03:55,C22,C,-0.294,-1.53,1
2026-06-24 21:03:55,C29,C,0.654,3.40,1
2026-06-24 21:03:55,C30,C,0.459,2.39,1
2026-06-24 21:03:55,C36,C,-0.072,-0.37,1
2026-06-24 21:03:55,C39,C,0.374,1.95,1
2026-06-24 21:03:55,E03,E,0.494,2.59,1
2026-06-24 21:03:55,E06,E,-0.470,-2.47,1
2026-06-24 21:03:55,E09,E,-0.405,-2.13,1
2026-06-24 21:03:55,E25,E,0.444,2.33,1
2026-06-24 21:03:55,E31,E,-0.399,-2.10,1
2026-06-24 21:03:55,E32,E,0.608,3.19,1
2026-06-24 21:03:55,G10,G,-0.092,-0.48,1
2026-06-24 21:03:55,G12,G,0.235,1.23,1
2026-06-24 21:03:55,G13,G,0.188,0.99,1
2026-06-24 21:03:55,G15,G,-0.631,-3.32,1
2026-06-24 21:03:55,G17,G,-0.461,-2.42,1
2026-06-24 21:03:55,G19,G,-0.122,-0.64,1
2026-06-24 21:03:55,G20,G,-0.629,-3.31,1
2026-06-24 21:03:55,G23,G,-0.430,-2.26,1
2026-06-24 21:03:55,G24,G,-0.168,-0.88,1
2026-06-24 21:03:55,G25,G,0.626,3.29,1
2026-06-24 21:03:55,G32,G,0.710,3.73,1
2026-06-24 21:10:23,G20,G,6.281,33.00,2
2026-06-24 21:10:24,G20,G,-0.946,-4.97,1
2026-06-24 21:10:25,G20,G,-0.383,-2.01,1
2026-06-24 21:11:16,C42,C,24077724.759,125379031.27,40787
2026-06-24 21:12:16,G20,G,-3.623,-19.04,2
2026-06-24 21:12:17,G20,G,0.768,4.04,1
2026-06-24 21:12:19,G20,G,-0.574,-3.02,1
2026-06-24 21:12:25,G20,G,-0.379,-1.99,2
2026-06-24 21:12:26,G20,G,0.189,0.99,1
2026-06-24 21:12:27,G20,G,0.570,2.99,1
2026-06-24 21:12:28,G20,G,0.572,3.00,1
2026-06-24 21:12:29,G20,G,0.761,4.00,1
2026-06-24 21:12:30,G20,G,-0.189,-0.99,1
2026-06-24 21:12:31,G20,G,-0.381,-2.00,1
2026-06-24 21:12:32,G20,G,-0.093,-0.49,1
2026-06-24 21:12:37,G20,G,-0.095,-0.50,1
2026-06-24 21:13:31,G20,G,0.105,0.55,1
2026-06-24 21:13:38,G20,G,-0.093,-0.49,1
2026-06-24 21:14:43,G20,G,-1.617,-8.50,3
2026-06-24 21:14:44,G20,G,-0.097,-0.51,1
2026-06-24 21:15:05,G20,G,0.104,0.55,1
2026-06-24 21:15:08,G20,G,-0.095,-0.50,1
2026-06-24 21:15:13,G20,G,0.091,0.48,1
2026-06-24 21:15:20,G20,G,-0.097,-0.51,1
2026-06-24 21:15:27,G20,G,-1.135,-5.96,2
2026-06-24 21:15:32,G20,G,-0.384,-2.02,2
2026-06-24 21:15:39,G20,G,-0.573,-3.01,2
2026-06-24 21:17:06,G20,G,-2.957,-15.54,2
2026-06-24 21:17:07,G20,G,-0.572,-3.01,1
2026-06-24 21:17:14,G20,G,5.712,30.02,3
2026-06-24 21:17:20,G20,G,-0.090,-0.47,1
2026-06-24 21:17:22,G20,G,1.144,6.01,2
2026-06-24 21:17:25,G20,G,-6.573,-34.54,2
2026-06-24 21:17:29,G20,G,1.437,7.55,4
2026-06-24 21:17:35,G20,G,-4.561,-23.97,2
2026-06-24 21:17:40,G20,G,-0.257,-1.35,1
2026-06-24 21:17:41,G20,G,13.949,73.30,1
2026-06-24 21:17:44,G20,G,-0.185,-0.97,1
2026-06-24 21:17:46,G20,G,0.091,0.48,1
2026-06-24 21:17:50,G20,G,-0.103,-0.54,1
2026-06-24 21:17:58,G20,G,-11.796,-61.99,3
2026-06-24 21:17:59,G20,G,-2.282,-11.99,1
2026-06-24 21:18:00,G20,G,0.551,2.89,1
2026-06-24 21:18:02,G20,G,-0.934,-4.91,2
2026-06-24 21:18:07,G20,G,-0.094,-0.49,1
2026-06-24 21:18:08,G20,G,-0.094,-0.49,1
2026-06-24 21:18:11,G20,G,0.086,0.45,1
2026-06-24 21:18:13,G20,G,-0.958,-5.04,2
2026-06-24 21:18:14,G20,G,0.681,3.58,1
2026-06-24 21:18:20,G20,G,1.006,5.29,2
2026-06-24 21:18:21,G20,G,-2.157,-11.33,1
2026-06-24 21:18:22,G20,G,-0.570,-3.00,1
2026-06-24 21:18:23,G20,G,-0.954,-5.01,1
2026-06-24 21:18:29,G20,G,-0.185,-0.97,6
2026-06-24 21:18:31,G20,G,0.095,0.50,2
2026-06-24 21:18:32,G20,G,-0.100,-0.53,1
2026-06-24 21:18:34,G20,G,-1.229,-6.46,2
2026-06-24 21:18:37,G20,G,1.039,5.46,3
2026-06-24 21:18:43,G20,G,-3.335,-17.53,3
2026-06-24 21:18:46,G20,G,2.379,12.50,3
2026-06-24 21:18:47,G20,G,-1.144,-6.01,1
2026-06-24 21:18:48,G20,G,-1.333,-7.01,1
2026-06-24 21:18:49,G20,G,0.572,3.01,1
2026-06-24 21:18:52,G20,G,0.566,2.97,1
2026-06-24 21:18:57,G20,G,-0.382,-2.01,1
2026-06-24 21:18:58,G20,G,0.197,1.03,1
2026-06-24 21:19:03,G20,G,-0.379,-1.99,4
2026-06-24 21:19:04,G20,G,0.762,4.00,1
2026-06-24 21:19:06,G20,G,3.423,17.99,2
2026-06-24 21:19:07,G20,G,-2.662,-13.99,1
2026-06-24 21:19:11,G20,G,0.085,0.44,1
2026-06-24 21:19:23,G20,G,0.070,0.37,1
2026-06-24 21:20:31,G20,G,3.898,20.48,3
2026-06-24 21:20:38,G20,G,-0.096,-0.51,1
2026-06-24 21:20:55,G20,G,0.096,0.50,1
2026-06-24 21:21:02,G20,G,-0.096,-0.50,1
2026-06-24 21:21:04,G20,G,0.100,0.53,1
2026-06-24 21:21:08,G20,G,-0.099,-0.52,1
2026-06-24 21:21:27,G17,G,-0.076,-0.40,1
2026-06-24 21:21:30,G17,G,-7.239,-38.04,2
2026-06-24 21:22:13,G20,G,0.097,0.51,1
2026-06-24 21:22:20,G20,G,-0.095,-0.50,1
2026-06-24 21:22:49,G20,G,0.087,0.46,1
2026-06-24 21:22:56,G20,G,-0.096,-0.51,1
2026-06-24 21:23:03,G20,G,0.094,0.49,1
2026-06-24 21:23:06,G20,G,-3.420,-17.97,1
2026-06-24 21:23:08,G20,G,-0.088,-0.46,1
2026-06-24 21:23:23,G20,G,0.096,0.50,1
2026-06-24 21:23:24,G20,G,-0.946,-4.97,1
2026-06-24 21:23:32,G20,G,-0.091,-0.48,1
2026-06-24 21:23:45,G20,G,0.106,0.56,1
2026-06-24 21:23:50,G20,G,-0.091,-0.48,1
2026-06-24 21:24:07,G20,G,0.095,0.50,1
2026-06-24 21:24:14,G20,G,-0.092,-0.49,1
2026-06-24 21:24:31,G20,G,0.101,0.53,1
2026-06-24 21:24:38,G20,G,-0.093,-0.49,1
2026-06-24 21:24:42,E06,E,0.054,0.28,1
2026-06-24 21:24:42,G20,G,0.101,0.53,1
2026-06-24 21:24:44,G20,G,-0.096,-0.50,1
2026-06-24 21:24:54,E06,E,-13.515,-71.02,8
2026-06-24 21:24:59,G20,G,0.097,0.51,1
2026-06-24 21:25:08,G20,G,-0.091,-0.48,1
2026-06-24 21:25:10,E06,E,0.570,2.99,4
2026-06-24 21:25:14,E06,E,-1.327,-6.98,3
2026-06-24 21:25:19,G20,G,0.091,0.48,1
2026-06-24 21:25:23,G20,G,-0.509,-2.67,1
2026-06-24 21:25:24,G20,G,-7.007,-36.82,1
2026-06-24 21:25:25,G20,G,0.192,1.01,1
2026-06-24 21:25:31,G20,G,1.143,6.01,5
2026-06-24 21:25:32,G20,G,-0.086,-0.45,1
2026-06-24 21:25:44,G20,G,-0.100,-0.52,1
2026-06-24 21:25:45,G20,G,0.100,0.53,1
2026-06-24 21:25:50,E06,E,0.102,0.54,11
2026-06-24 21:25:54,E06,E,-0.101,-0.53,1
2026-06-24 21:25:56,E06,E,0.092,0.48,1
2026-06-24 21:25:56,G20,G,-0.090,-0.47,1
2026-06-24 21:25:57,G20,G,0.092,0.48,1
2026-06-24 21:26:02,G20,G,-0.092,-0.48,1
2026-06-24 21:26:04,G20,G,0.092,0.48,1
2026-06-24 21:26:08,G20,G,-0.102,-0.54,1
2026-06-24 21:26:11,E06,E,-4.391,-23.08,3
2026-06-24 21:26:11,G20,G,0.093,0.49,1
2026-06-24 21:26:14,G20,G,-0.100,-0.53,1
2026-06-24 21:26:19,G20,G,0.092,0.49,1
2026-06-24 21:26:26,E06,E,0.588,3.09,2
2026-06-24 21:26:30,E06,E,-2.188,-11.50,3
2026-06-24 21:26:31,E06,E,0.089,0.47,1
2026-06-24 21:26:32,G20,G,-0.093,-0.49,1
2026-06-24 21:26:34,E06,E,1.054,5.54,3
2026-06-24 21:26:41,E06,E,1.146,6.02,6
2026-06-24 21:26:41,G20,G,0.096,0.51,1
2026-06-24 21:26:50,E06,E,-6.006,-31.56,9
2026-06-24 21:26:50,G20,G,-0.093,-0.49,1
2026-06-24 21:26:54,G20,G,0.098,0.52,1
2026-06-24 21:26:57,C08,C,0.172,0.90,1
2026-06-24 21:26:57,C11,C,-0.508,-2.65,1
2026-06-24 21:26:57,C14,C,-0.330,-1.72,1
2026-06-24 21:26:57,C19,C,0.647,3.37,1
2026-06-24 21:26:57,C21,C,-0.081,-0.42,1
2026-06-24 21:26:57,C22,C,0.471,2.45,1
2026-06-24 21:26:57,C27,C,0.194,1.01,1
2026-06-24 21:26:57,C29,C,-0.594,-3.09,1
2026-06-24 21:26:57,C30,C,-0.287,-1.49,1
2026-06-24 21:26:57,C36,C,0.194,1.01,1
2026-06-24 21:26:57,C39,C,-0.250,-1.30,1
2026-06-24 21:26:57,C42,C,-0.511,-2.66,1
2026-06-24 21:26:57,E02,E,-0.538,-2.83,1
2026-06-24 21:26:57,E03,E,-0.355,-1.87,1
2026-06-24 21:26:57,E05,E,0.161,0.84,1
2026-06-24 21:26:57,E09,E,0.526,2.77,1
2026-06-24 21:26:57,E16,E,0.159,0.84,1
2026-06-24 21:26:57,E25,E,-0.292,-1.53,1
2026-06-24 21:26:57,E31,E,0.484,2.54,1
2026-06-24 21:26:57,E32,E,-0.516,-2.71,1
2026-06-24 21:26:57,G10,G,0.298,1.57,1
2026-06-24 21:26:57,G15,G,0.737,3.87,1
2026-06-24 21:26:57,G19,G,0.343,1.80,1
2026-06-24 21:26:57,G20,G,0.704,3.70,1
2026-06-24 21:26:57,G23,G,0.543,2.85,1
2026-06-24 21:26:57,G24,G,0.338,1.78,1
2026-06-24 21:26:57,G25,G,-0.457,-2.40,1
2026-06-24 21:26:57,G29,G,-0.728,-3.82,1
2026-06-24 21:26:57,G32,G,-0.574,-3.02,1
2026-06-24 21:26:59,E06,E,3.982,20.93,4
2026-06-24 21:27:02,G20,G,-0.091,-0.48,1
2026-06-24 21:27:03,E06,E,0.963,5.06,3
2026-06-24 21:27:09,G20,G,0.100,0.53,1
2026-06-24 21:27:14,G20,G,-0.096,-0.50,1
2026-06-24 21:27:17,G20,G,0.071,0.37,1
2026-06-24 21:27:20,E06,E,-2.382,-12.52,17
2026-06-24 21:27:27,E06,E,-2.467,-12.96,3
2026-06-24 21:27:38,G20,G,-0.103,-0.54,1
2026-06-24 21:27:41,E06,E,1.702,8.94,4
2026-06-24 21:27:45,G20,G,0.100,0.52,1
2026-06-24 21:27:50,G20,G,-0.096,-0.51,1
2026-06-24 21:27:54,E06,E,-5.150,-27.06,1
2026-06-24 21:27:55,G20,G,0.091,0.48,1
2026-06-24 21:28:00,E06,E,3.815,20.05,5
2026-06-24 21:28:14,E06,E,-1.328,-6.98,3
2026-06-24 21:28:21,E06,E,2.778,14.60,6
2026-06-24 21:28:26,G20,G,-0.106,-0.56,1
2026-06-24 21:28:27,G20,G,0.100,0.53,1
2026-06-24 21:28:28,E06,E,-0.188,-0.99,4
2026-06-24 21:28:54,G20,G,0.740,3.89,1
2026-06-24 21:28:55,G20,G,0.194,1.02,1
2026-06-24 21:29:18,G20,G,5.807,30.52,21
2026-06-24 21:29:19,G20,G,-0.963,-5.06,1
2026-06-24 21:29:58,C19,C,1.046,5.45,1
2026-06-24 21:30:03,C19,C,-0.099,-0.52,1
2026-06-24 21:30:07,C19,C,0.091,0.47,2
2026-06-24 21:30:09,C19,C,-0.101,-0.53,1
2026-06-24 21:30:13,C19,C,-0.484,-2.52,3
2026-06-24 21:30:15,C19,C,-0.094,-0.49,1
2026-06-24 21:30:23,C19,C,0.578,3.01,1
2026-06-24 21:30:31,C19,C,-0.577,-3.01,2
2026-06-24 21:30:44,C19,C,-2.020,-10.52,2
2026-06-24 21:30:45,C19,C,-0.093,-0.48,1
2026-06-24 21:30:47,C19,C,-1.533,-7.98,1
2026-06-24 21:30:51,C19,C,-0.193,-1.00,1
2026-06-24 21:31:09,C19,C,-2.206,-11.49,3
2026-06-24 21:31:15,C19,C,-0.097,-0.51,1
2026-06-24 21:31:17,C19,C,-0.297,-1.55,1
2026-06-24 21:31:19,C19,C,-0.199,-1.04,1
2026-06-24 21:31:21,C19,C,-0.104,-0.54,1
2026-06-24 21:31:24,C19,C,-0.286,-1.49,1
2026-06-24 21:31:27,C19,C,-0.098,-0.51,1
2026-06-24 21:31:44,C19,C,-3.744,-19.49,1
2026-06-24 21:31:45,C19,C,-0.092,-0.48,1
2026-06-24 21:31:53,C19,C,-1.821,-9.48,2
2026-06-24 21:31:57,C19,C,-0.100,-0.52,1
2026-06-24 21:32:07,C19,C,0.960,5.00,2
2026-06-24 21:32:27,C19,C,-3.553,-18.50,2
2026-06-24 21:32:33,C19,C,-0.094,-0.49,1
2026-06-24 21:32:56,C19,C,-3.555,-18.51,3
2026-06-24 21:32:57,C19,C,-0.094,-0.49,1
2026-06-24 21:33:02,G28,G,123860233.905,650889922.32,36121
2026-06-24 21:33:19,C19,C,-3.206,-16.69,1
2026-06-24 21:33:21,C19,C,-0.093,-0.48,1
2026-06-24 21:33:41,C19,C,0.100,0.52,2
2026-06-24 21:33:45,C19,C,-0.091,-0.48,1
2026-06-24 21:34:33,C19,C,0.111,0.58,1
2026-06-24 21:34:35,C19,C,-2.605,-13.56,1
2026-06-24 21:34:39,C19,C,-0.194,-1.01,1
2026-06-24 21:35:06,C19,C,-1.342,-6.99,4
2026-06-24 21:35:13,C19,C,-2.219,-11.55,2
2026-06-24 21:35:15,C19,C,-0.097,-0.50,1
2026-06-24 21:35:41,C19,C,2.592,13.50,4
2026-06-24 21:35:45,C19,C,-0.098,-0.51,1
2026-06-24 21:35:58,C19,C,3.451,17.97,2
2026-06-24 21:36:13,C19,C,-0.172,-0.90,1
2026-06-24 21:36:22,C19,C,-1.906,-9.93,4
2026-06-24 21:36:26,C19,C,2.580,13.43,3
2026-06-24 21:36:27,C19,C,-0.087,-0.46,1
2026-06-24 21:36:41,C19,C,0.180,0.94,1
2026-06-24 21:36:43,C19,C,-1.811,-9.43,2
2026-06-24 21:36:46,C19,C,-2.214,-11.53,3
2026-06-24 21:36:51,C19,C,-0.189,-0.98,1
2026-06-24 21:36:57,C19,C,-2.471,-12.87,4
2026-06-24 21:37:00,C19,C,-0.092,-0.48,1
2026-06-24 21:37:03,C19,C,-0.098,-0.51,1
2026-06-24 21:37:17,C19,C,0.671,3.49,3
2026-06-24 21:37:23,C19,C,-2.597,-13.52,4
2026-06-24 21:37:31,C19,C,-1.547,-8.06,2
2026-06-24 21:38:05,C19,C,-0.103,-0.53,1
2026-06-24 21:38:11,C19,C,-1.240,-6.45,6
2026-06-24 21:38:27,C19,C,0.121,0.63,1
2026-06-24 21:38:36,C19,C,3.880,20.21,9
2026-06-24 21:38:39,C19,C,-0.178,-0.93,1
2026-06-24 21:38:56,G11,G,160165827.043,841677101.96,16319
2026-06-24 21:39:28,C19,C,-5.969,-31.08,48
2026-06-24 21:39:32,C19,C,0.084,0.44,1
2026-06-24 21:39:33,C19,C,-0.771,-4.01,1
2026-06-24 21:39:34,C19,C,-0.057,-0.29,1
2026-06-24 21:39:36,C19,C,3.071,15.99,1
2026-06-24 21:40:44,G06,G,120593037.687,633720690.31,20325
2026-06-24 21:45:58,E08,E,38247733.539,200993196.34,45623
2026-06-24 21:47:52,G23,G,5.042,26.49,1
2026-06-24 21:47:55,G23,G,-0.096,-0.51,1
2026-06-24 21:49:01,E08,E,0.091,0.48,1
2026-06-24 21:50:28,E12,E,93804799.553,492947548.77,19607
2026-06-24 21:50:58,E33,E,9811276.717,51558607.14,27100
2026-06-24 21:51:27,E12,E,0.761,4.00,14
2026-06-24 21:51:45,E12,E,-1.528,-8.03,9
2026-06-24 21:52:38,E12,E,3.442,18.09,7
2026-06-24 21:53:42,C08,C,-8.444,-43.97,3
2026-06-24 21:55:16,E12,E,-2.847,-14.96,9
2026-06-24 21:55:45,E12,E,-1.519,-7.98,1
2026-06-24 21:57:50,E08,E,-0.100,-0.52,1
2026-06-24 21:58:03,G23,G,-0.087,-0.46,1
2026-06-24 21:58:04,G23,G,0.095,0.50,1
2026-06-24 21:58:21,G23,G,1.982,10.41,7
2026-06-24 21:58:25,G23,G,-0.104,-0.55,1
2026-06-24 21:58:26,G23,G,0.093,0.49,1
2026-06-24 21:58:31,G23,G,1.685,8.86,1
2026-06-24 21:58:32,G23,G,0.668,3.51,1
2026-06-24 21:58:40,G23,G,-7.494,-39.38,8
2026-06-24 21:58:43,G23,G,-0.096,-0.51,1
2026-06-24 21:59:01,G23,G,0.525,2.76,1
2026-06-24 21:59:02,G23,G,0.093,0.49,1
2026-06-24 21:59:03,G23,G,0.205,1.08,1
2026-06-24 21:59:04,G23,G,0.329,1.73,1
2026-06-24 21:59:07,G23,G,-0.069,-0.36,1
2026-06-24 22:04:35,G15,G,-0.110,-0.58,1
2026-06-24 22:06:19,G15,G,-0.095,-0.50,1
2026-06-24 22:06:20,G15,G,0.100,0.52,1
2026-06-24 22:06:37,G15,G,-0.092,-0.48,1
2026-06-24 22:06:39,G15,G,0.109,0.57,1
2026-06-24 22:06:55,G15,G,-0.100,-0.52,1
2026-06-24 22:06:56,G15,G,0.094,0.49,1
2026-06-24 22:07:29,G15,G,0.089,0.47,1
2026-06-24 22:07:34,G15,G,0.303,1.59,1
2026-06-24 22:07:55,G15,G,7.190,37.78,1
2026-06-24 22:07:56,G15,G,-0.065,-0.34,1
2026-06-24 22:08:01,G15,G,-0.099,-0.52,1
2026-06-24 22:08:12,G15,G,-0.384,-2.02,1
2026-06-24 22:08:13,G15,G,-0.539,-2.83,1
2026-06-24 22:09:00,E10,E,99307462.599,521864238.25,17803
2026-06-24 22:09:28,E10,E,0.097,0.51,1
2026-06-24 22:09:41,G15,G,-0.325,-1.71,88
2026-06-24 22:09:44,G15,G,0.138,0.73,1
2026-06-24 22:09:51,G15,G,0.575,3.02,1
2026-06-24 22:09:56,G15,G,0.096,0.50,1
2026-06-24 22:10:00,G15,G,0.507,2.66,1
2026-06-24 22:10:01,G15,G,-0.137,-0.72,1
2026-06-24 22:10:08,G15,G,0.095,0.50,1
2026-06-24 22:10:10,G15,G,0.063,0.33,1
2026-06-24 22:10:16,G15,G,-0.228,-1.20,1
2026-06-24 22:10:18,G15,G,-0.080,-0.42,1
2026-06-24 22:10:22,G15,G,1.196,6.29,1
2026-06-24 22:10:24,G15,G,-3.887,-20.43,2
2026-06-24 22:10:30,G15,G,0.943,4.95,5
2026-06-24 22:10:31,G15,G,3.880,20.39,1
2026-06-24 22:10:37,G15,G,-0.086,-0.45,1
2026-06-24 22:10:41,G15,G,-1.815,-9.54,4
2026-06-24 22:10:42,G15,G,0.855,4.49,1
2026-06-24 22:10:47,G15,G,-0.855,-4.49,5
2026-06-24 22:10:48,G15,G,1.999,10.50,1
2026-06-24 22:10:49,G15,G,-0.107,-0.56,1
2026-06-24 22:10:50,G15,G,0.984,5.17,1
2026-06-24 22:10:51,G15,G,-0.301,-1.58,1
2026-06-24 22:10:53,G15,G,1.099,5.77,1
2026-06-24 22:13:02,E31,E,0.093,0.49,1
2026-06-24 22:16:10,C35,C,-179094375.570,-932591411.34,19385
2026-06-24 22:16:27,C11,C,0.179,0.93,1
2026-06-24 22:16:27,C14,C,-0.110,-0.57,1
2026-06-24 22:16:27,C21,C,-0.371,-1.93,1
2026-06-24 22:16:27,C22,C,-0.733,-3.82,1
2026-06-24 22:16:27,C26,C,0.351,1.83,1
2026-06-24 22:16:27,C27,C,-0.564,-2.94,1
2026-06-24 22:16:27,C29,C,0.356,1.85,1
2026-06-24 22:16:27,C30,C,-0.139,-0.72,1
2026-06-24 22:16:27,C35,C,0.509,2.65,1
2026-06-24 22:16:27,C36,C,-0.421,-2.19,1
2026-06-24 22:16:27,C42,C,0.133,0.69,1
2026-06-24 22:16:27,E02,E,0.331,1.74,1
2026-06-24 22:16:27,E05,E,-0.511,-2.69,1
2026-06-24 22:16:27,E08,E,0.404,2.12,1
2026-06-24 22:16:27,E09,E,-0.707,-3.72,1
2026-06-24 22:16:27,E10,E,0.369,1.94,1
2026-06-24 22:16:27,E12,E,0.297,1.56,1
2026-06-24 22:16:27,E16,E,-0.412,-2.17,1
2026-06-24 22:16:27,E31,E,-0.592,-3.11,1
2026-06-24 22:16:27,E32,E,0.264,1.39,1
2026-06-24 22:16:27,G10,G,-0.599,-3.15,1
2026-06-24 22:16:27,G11,G,0.258,1.36,1
2026-06-24 22:16:27,G12,G,-0.356,-1.87,1
2026-06-24 22:16:27,G13,G,-0.346,-1.82,1
2026-06-24 22:16:27,G19,G,-0.700,-3.68,1
2026-06-24 22:16:27,G24,G,-0.656,-3.45,1
2026-06-24 22:16:27,G25,G,0.095,0.50,1
2026-06-24 22:16:27,G28,G,0.481,2.53,1
2026-06-24 22:16:27,G29,G,0.554,2.91,1
2026-06-24 22:16:27,G32,G,0.188,0.99,1
2026-06-24 22:20:50,E31,E,-0.094,-0.49,1
2026-06-24 22:21:01,E10,E,-0.096,-0.51,1
2026-06-24 22:22:23,E31,E,0.084,0.44,1
2026-06-24 22:23:10,E31,E,-152986053.525,-803947137.47,17
2026-06-24 22:23:13,E31,E,0.101,0.53,1
2026-06-24 22:23:49,E31,E,-1.147,-6.03,4
2026-06-24 22:23:52,E31,E,-0.098,-0.52,1
2026-06-24 22:23:59,E31,E,0.112,0.59,1
2026-06-24 22:25:30,E09,E,-10.177,-53.48,3
2026-06-24 22:25:39,E09,E,-0.098,-0.51,1
2026-06-24 22:26:01,E09,E,0.094,0.50,1
2026-06-24 22:26:03,E09,E,-0.098,-0.52,1
2026-06-24 22:26:05,E09,E,0.081,0.42,1
2026-06-24 22:26:08,E09,E,-0.082,-0.43,1
2026-06-24 22:26:09,E09,E,0.107,0.56,1
2026-06-24 22:26:17,E09,E,-0.092,-0.48,1
2026-06-24 22:26:21,E09,E,0.093,0.49,1
2026-06-24 22:26:23,E09,E,-3.608,-18.96,2
2026-06-24 22:26:29,E09,E,-0.097,-0.51,1
2026-06-24 22:26:32,E09,E,0.111,0.58,1
2026-06-24 22:26:34,E09,E,-0.100,-0.52,1
2026-06-24 22:26:35,E09,E,0.102,0.54,1
2026-06-24 22:26:39,E09,E,-0.108,-0.57,1
2026-06-24 22:26:44,E09,E,0.097,0.51,1
2026-06-24 22:26:47,E09,E,-0.091,-0.48,1
2026-06-24 22:26:58,E09,E,0.105,0.55,1
2026-06-24 22:27:12,E09,E,-0.767,-4.03,1
2026-06-24 22:27:19,E09,E,-0.305,-1.60,2
2026-06-24 22:27:29,G19,G,0.098,0.52,1
2026-06-24 22:27:31,G19,G,-0.090,-0.47,1
2026-06-24 22:27:32,G19,G,0.094,0.49,1
2026-06-24 22:27:36,E09,E,-0.942,-4.95,3
2026-06-24 22:27:37,G19,G,-0.096,-0.51,1
2026-06-24 22:27:41,E09,E,-0.567,-2.98,3
2026-06-24 22:28:03,E09,E,-1.904,-10.00,4
2026-06-24 22:28:16,E09,E,0.121,0.63,1
2026-06-24 22:28:17,E09,E,0.193,1.01,1
2026-06-24 22:28:18,E09,E,0.169,0.89,1
2026-06-24 22:28:20,E09,E,0.559,2.94,2
2026-06-24 22:28:29,E09,E,-0.097,-0.51,1
2026-06-24 22:28:32,E09,E,1.144,6.01,3
2026-06-24 22:28:36,E09,E,-0.586,-3.08,2
2026-06-24 22:28:38,G19,G,0.094,0.50,1
2026-06-24 22:28:43,G19,G,-0.099,-0.52,1
2026-06-24 22:28:50,E09,E,0.092,0.48,1
2026-06-24 22:28:53,E09,E,-0.100,-0.53,1
2026-06-24 22:28:58,E09,E,0.093,0.49,1
2026-06-24 22:29:00,E09,E,-0.097,-0.51,1
2026-06-24 22:29:04,E09,E,0.085,0.45,1
2026-06-24 22:29:08,E09,E,-0.102,-0.54,1
2026-06-24 22:29:16,E09,E,0.107,0.56,1
2026-06-24 22:29:19,E09,E,-0.100,-0.53,1
2026-06-24 22:29:20,E09,E,0.107,0.56,1
2026-06-24 22:29:23,E09,E,-3.631,-19.08,3
2026-06-24 22:29:36,E09,E,1.166,6.13,3
2026-06-24 22:29:44,E09,E,-0.102,-0.54,1
2026-06-24 22:29:45,E09,E,0.094,0.49,1
2026-06-24 22:29:52,E09,E,-0.086,-0.45,1
2026-06-24 22:29:53,E09,E,0.073,0.38,1
2026-06-24 22:29:57,E09,E,-0.885,-4.65,3
2026-06-24 22:30:10,E09,E,0.966,5.08,2
2026-06-24 22:30:52,G10,G,14.836,77.96,3
2026-06-24 22:30:55,E09,E,-0.586,-3.08,2
2026-06-24 22:30:57,G10,G,0.180,0.95,5
2026-06-24 22:31:31,G10,G,-0.200,-1.05,7
2026-06-24 22:32:00,G10,G,0.367,1.93,7
2026-06-24 22:32:05,G10,G,0.093,0.49,1
2026-06-24 22:32:29,G10,G,-2.471,-12.99,24
2026-06-24 22:32:30,G19,G,0.096,0.51,1
2026-06-24 22:32:31,G19,G,-0.099,-0.52,1
2026-06-24 22:33:05,E09,E,-0.908,-4.77,4
2026-06-24 22:33:06,E09,E,-0.765,-4.02,1
2026-06-24 22:33:07,E09,E,-0.714,-3.75,1
2026-06-24 22:33:07,G10,G,10.751,56.50,38
2026-06-24 22:33:08,E09,E,-0.650,-3.42,1
2026-06-24 22:33:09,E09,E,-0.773,-4.06,1
2026-06-24 22:33:10,E09,E,-0.821,-4.32,1
2026-06-24 22:33:11,E09,E,-0.663,-3.48,1
2026-06-24 22:33:12,E09,E,-0.697,-3.66,1
2026-06-24 22:33:13,E09,E,-0.696,-3.66,1
2026-06-24 22:33:14,E09,E,-0.577,-3.03,1
2026-06-24 22:33:15,E09,E,-0.566,-2.97,1
2026-06-24 22:33:16,E09,E,-0.520,-2.73,1
2026-06-24 22:33:17,E09,E,-0.576,-3.03,1
2026-06-24 22:33:18,E09,E,-0.458,-2.41,1
2026-06-24 22:33:19,E09,E,-0.443,-2.33,1
2026-06-24 22:33:20,E09,E,-0.304,-1.60,1
2026-06-24 22:33:21,E09,E,0.061,0.32,1
2026-06-24 22:33:25,E09,E,-0.371,-1.95,1
2026-06-24 22:33:39,E09,E,-5.528,-29.05,7
2026-06-24 22:33:52,E09,E,1.514,7.96,5
2026-06-24 22:33:59,E09,E,2.059,10.82,5
2026-06-24 22:34:04,E09,E,-0.373,-1.96,4
2026-06-24 22:34:25,E09,E,-1.906,-10.02,11
2026-06-24 22:34:30,E09,E,-0.741,-3.89,5
2026-06-24 22:34:33,E09,E,0.592,3.11,2
2026-06-24 22:34:43,E09,E,2.098,11.03,7
2026-06-24 22:35:02,E09,E,2.594,13.63,17
2026-06-24 22:35:07,E09,E,-3.424,-17.99,4
2026-06-24 22:35:11,E09,E,-1.137,-5.97,2
2026-06-24 22:35:34,G19,G,0.090,0.47,1
2026-06-24 22:35:37,G19,G,-0.100,-0.52,1
2026-06-24 22:35:38,G19,G,0.096,0.51,1
2026-06-24 22:35:43,G19,G,-0.095,-0.50,1
2026-06-24 22:36:07,G19,G,0.094,0.49,1
2026-06-24 22:36:19,G19,G,-0.097,-0.51,1
2026-06-24 22:36:38,G19,G,0.096,0.50,1
2026-06-24 22:36:59,G19,G,-29.500,-155.02,4
2026-06-24 22:37:08,G19,G,-0.198,-1.04,1
2026-06-24 22:37:11,G19,G,-0.120,-0.63,1
2026-06-24 22:37:12,G19,G,-1.341,-7.05,1
2026-06-24 22:37:13,G19,G,-2.646,-13.91,1
2026-06-24 22:37:14,G19,G,-0.244,-1.28,1
2026-06-24 22:37:30,G19,G,-0.218,-1.14,1
2026-06-24 22:49:56,G31,G,95377478.525,501212032.55,36961
2026-06-24 22:55:54,E12,E,-0.092,-0.48,1
2026-06-24 23:04:01,C14,C,0.268,1.40,1
2026-06-24 23:04:01,C21,C,0.461,2.40,1
2026-06-24 23:04:01,C22,C,0.578,3.01,1
2026-06-24 23:04:01,C26,C,-0.446,-2.32,1
2026-06-24 23:04:01,C29,C,-0.253,-1.32,1
2026-06-24 23:04:01,C30,C,0.299,1.56,1
2026-06-24 23:04:01,C35,C,-0.653,-3.40,1
2026-06-24 23:04:01,C36,C,0.373,1.94,1
2026-06-24 23:04:01,E02,E,-0.376,-1.98,1
2026-06-24 23:04:01,E03,E,0.107,0.56,1
2026-06-24 23:04:01,E05,E,0.532,2.80,1
2026-06-24 23:04:01,E08,E,-0.395,-2.07,1
2026-06-24 23:04:01,E10,E,-0.432,-2.27,1
2026-06-24 23:04:01,E12,E,-0.270,-1.42,1
2026-06-24 23:04:01,E16,E,0.341,1.79,1
2026-06-24 23:04:01,E32,E,-0.188,-0.99,1
2026-06-24 23:04:01,E33,E,0.148,0.78,1
2026-06-24 23:04:01,G06,G,0.241,1.27,1
2026-06-24 23:04:01,G11,G,-0.136,-0.72,1
2026-06-24 23:04:01,G12,G,0.390,2.05,1
2026-06-24 23:04:01,G13,G,0.355,1.87,1
2026-06-24 23:04:01,G24,G,0.651,3.42,1
2026-06-24 23:04:01,G28,G,-0.554,-2.91,1
2026-06-24 23:04:01,G29,G,-0.494,-2.60,1
2026-06-24 23:04:01,G31,G,-0.672,-3.53,1
2026-06-24 23:07:43,C22,C,-10.182,-53.02,2
2026-06-24 23:08:12,C22,C,-1.346,-7.01,3
2026-06-24 23:08:35,C22,C,-1.147,-5.97,2
2026-06-24 23:08:41,C22,C,-0.382,-1.99,2
2026-06-24 23:08:58,C22,C,6.331,32.97,1
2026-06-24 23:09:00,C22,C,-6.821,-35.52,2
2026-06-24 23:09:04,C22,C,-0.092,-0.48,1
2026-06-24 23:11:23,C22,C,-4.229,-22.02,6
2026-06-24 23:11:42,C22,C,-0.771,-4.01,8
2026-06-24 23:11:57,C22,C,0.376,1.96,15
2026-06-24 23:11:58,E11,E,-115001172.911,-604335242.58,18495
2026-06-24 23:12:00,C22,C,-0.381,-1.98,3
2026-06-24 23:12:23,C22,C,-138256752.031,-719939189.00,16
2026-06-24 23:12:27,C22,C,-0.201,-1.05,4
2026-06-24 23:12:52,C22,C,0.293,1.53,25
2026-06-24 23:13:30,C22,C,-2.113,-11.00,37
2026-06-24 23:13:32,C22,C,-0.579,-3.02,2
2026-06-24 23:14:15,C22,C,0.463,2.41,42
2026-06-24 23:23:19,G06,G,-10.006,-52.58,1
2026-06-24 23:23:25,G06,G,-0.101,-0.53,1
2026-06-24 23:23:40,G06,G,-0.674,-3.54,1
2026-06-24 23:23:43,G06,G,-0.093,-0.49,1
2026-06-24 23:23:50,G06,G,-0.581,-3.05,1
2026-06-24 23:23:52,G06,G,1.517,7.97,1
2026-06-24 23:23:58,G06,G,0.480,2.52,1
2026-06-24 23:24:01,G06,G,-0.095,-0.50,1
2026-06-24 23:24:02,G06,G,-2.383,-12.52,1
2026-06-24 23:24:07,G06,G,-0.090,-0.47,1
2026-06-24 23:25:14,G06,G,3.337,17.53,1
2026-06-24 23:25:18,G06,G,-0.207,-1.09,1
2026-06-24 23:25:25,G06,G,-0.094,-0.49,1
2026-06-24 23:25:26,G06,G,-0.093,-0.49,1
2026-06-24 23:25:31,G06,G,-0.096,-0.50,1
2026-06-24 23:25:49,G06,G,-1.800,-9.46,1
2026-06-24 23:25:55,G06,G,-0.094,-0.49,1
2026-06-24 23:26:10,C33,C,2800727.886,14584125.07,39788
2026-06-24 23:26:37,G06,G,0.089,0.47,1
2026-06-24 23:26:45,G06,G,0.287,1.51,3
2026-06-24 23:27:45,G06,G,2.664,14.00,1
2026-06-24 23:28:53,C11,C,-0.081,-0.42,1
2026-06-24 23:28:53,C14,C,-0.316,-1.65,1
2026-06-24 23:28:53,C21,C,-0.454,-2.36,1
2026-06-24 23:28:53,C26,C,0.485,2.53,1
2026-06-24 23:28:53,C29,C,0.162,0.85,1
2026-06-24 23:28:53,C30,C,-0.359,-1.87,1
2026-06-24 23:28:53,C33,C,0.339,1.76,1
2026-06-24 23:28:53,C35,C,0.671,3.49,1
2026-06-24 23:28:53,C36,C,-0.357,-1.86,1
2026-06-24 23:28:53,C42,C,-0.127,-0.66,1
2026-06-24 23:28:53,E02,E,0.396,2.08,1
2026-06-24 23:28:53,E03,E,-0.175,-0.92,1
2026-06-24 23:28:53,E05,E,-0.513,-2.69,1
2026-06-24 23:28:53,E08,E,0.352,1.85,1
2026-06-24 23:28:53,E10,E,0.405,2.13,1
2026-06-24 23:28:53,E11,E,0.567,2.98,1
2026-06-24 23:28:53,E12,E,0.208,1.09,1
2026-06-24 23:28:53,E16,E,-0.298,-1.56,1
2026-06-24 23:28:53,E32,E,0.122,0.64,1
2026-06-24 23:28:53,G06,G,-0.338,-1.77,1
2026-06-24 23:28:53,G12,G,-0.385,-2.03,1
2026-06-24 23:28:53,G13,G,-0.345,-1.81,1
2026-06-24 23:28:53,G24,G,-0.619,-3.25,1
2026-06-24 23:28:53,G28,G,0.541,2.84,1
2026-06-24 23:28:53,G29,G,0.411,2.16,1
2026-06-24 23:28:53,G31,G,0.719,3.78,1
2026-06-24 23:28:53,G32,G,-0.142,-0.74,1
2026-06-24 23:29:58,G06,G,-1.532,-8.05,1
2026-06-24 23:30:20,G06,G,0.691,3.63,1
2026-06-24 23:30:25,G06,G,-0.090,-0.47,1
2026-06-24 23:33:32,G06,G,0.051,0.27,1
2026-06-24 23:38:20,G26,G,-32920060.316,-172996084.59,62281
2026-06-24 23:41:11,G06,G,-0.381,-2.00,1
2026-06-24 23:44:32,G18,G,-163852799.915,-861052275.18,17681
2026-06-24 23:44:37,G18,G,-0.099,-0.52,1
2026-06-24 23:44:55,G18,G,0.093,0.49,1
2026-06-24 23:45:00,G18,G,-6.843,-35.96,2
2026-06-24 23:45:01,G18,G,-1.523,-8.01,1
2026-06-24 23:45:05,G18,G,2.860,15.03,2
2026-06-24 23:45:08,G18,G,-0.093,-0.49,1
2026-06-24 23:45:13,G18,G,-0.374,-1.97,2
2026-06-24 23:45:17,G18,G,1.776,9.33,2
2026-06-24 23:45:20,G18,G,-0.093,-0.49,1
2026-06-24 23:45:24,G18,G,-3.516,-18.48,2
2026-06-24 23:45:25,G18,G,-0.088,-0.46,1
2026-06-24 23:45:28,G18,G,0.094,0.49,1
2026-06-24 23:45:31,G18,G,-0.097,-0.51,1
2026-06-24 23:45:37,G18,G,1.813,9.53,4
2026-06-24 23:45:43,G18,G,10.848,57.00,5
2026-06-24 23:45:45,G18,G,0.094,0.49,1
2026-06-24 23:45:49,G18,G,-8.272,-43.47,2
2026-06-24 23:45:54,G18,G,1.035,5.44,2
2026-06-24 23:45:55,G18,G,-0.095,-0.50,1
2026-06-24 23:45:56,G18,G,0.110,0.58,1
2026-06-24 23:46:03,G18,G,-2.474,-13.00,1
2026-06-24 23:46:08,G18,G,-0.090,-0.47,1
2026-06-24 23:46:11,G18,G,9.793,51.46,3
2026-06-24 23:46:14,G18,G,-6.054,-31.81,2
2026-06-24 23:46:18,G18,G,5.337,28.05,3
2026-06-24 23:46:23,G18,G,0.284,1.49,1
2026-06-24 23:46:25,G18,G,-0.099,-0.52,1
2026-06-24 23:46:28,G18,G,0.107,0.56,1
2026-06-24 23:46:30,G18,G,-1.150,-6.04,2
2026-06-24 23:46:33,G18,G,0.095,0.50,2
2026-06-24 23:46:37,G18,G,0.240,1.26,2
2026-06-24 23:46:39,G18,G,0.520,2.73,2
2026-06-24 23:46:41,G18,G,1.431,7.52,2
2026-06-24 23:46:45,G18,G,-0.379,-1.99,3
2026-06-24 23:46:49,G18,G,0.375,1.97,2
2026-06-24 23:46:50,G18,G,-0.096,-0.51,1
2026-06-24 23:47:02,G18,G,-1.396,-7.34,1
2026-06-24 23:47:07,G18,G,-0.484,-2.54,2
2026-06-24 23:47:09,G18,G,-0.189,-0.99,2
2026-06-24 23:47:14,G18,G,0.091,0.48,2
2026-06-24 23:47:20,G18,G,0.192,1.01,3
2026-06-24 23:47:21,G18,G,0.567,2.98,1
2026-06-24 23:47:22,G18,G,1.142,6.00,1
2026-06-24 23:47:23,G18,G,-1.333,-7.00,1
2026-06-24 23:47:25,G18,G,0.192,1.01,2
2026-06-24 23:47:31,G18,G,-0.098,-0.51,1
2026-06-24 23:47:41,G18,G,-1.518,-7.98,2
2026-06-24 23:47:57,G18,G,1.043,5.48,3
2026-06-24 23:47:58,G18,G,0.763,4.01,1
2026-06-24 23:48:00,G18,G,-1.426,-7.49,2
2026-06-24 23:48:01,G18,G,-1.240,-6.52,1
2026-06-24 23:48:06,G18,G,-5.994,-31.50,2
2026-06-24 23:48:08,G18,G,-0.095,-0.50,1
2026-06-24 23:48:14,G18,G,5.898,30.99,3
2026-06-24 23:48:17,G18,G,2.280,11.98,2
2026-06-24 23:48:19,G18,G,-0.094,-0.49,1
2026-06-24 23:48:22,G18,G,0.097,0.51,1
2026-06-24 23:48:23,G18,G,-1.994,-10.48,1
2026-06-24 23:48:28,G18,G,-0.383,-2.01,2
2026-06-24 23:48:32,G18,G,-0.089,-0.47,1
2026-06-24 23:48:41,G18,G,-0.463,-2.43,2
2026-06-24 23:48:43,G18,G,3.600,18.92,2
2026-06-24 23:48:55,G18,G,3.422,17.98,2
2026-06-24 23:49:01,G18,G,0.381,2.00,1
2026-06-24 23:49:03,G18,G,1.333,7.00,1
2026-06-24 23:49:04,C24,C,140859722.724,733493540.47,40397
2026-06-24 23:49:07,G18,G,-0.191,-1.00,1
2026-06-24 23:49:12,G18,G,-1.705,-8.96,2
2026-06-24 23:49:17,G18,G,5.228,27.47,3
2026-06-24 23:49:19,G18,G,-1.804,-9.48,2
2026-06-24 23:49:22,G18,G,1.812,9.52,3
2026-06-24 23:49:26,G18,G,-0.094,-0.49,1
2026-06-24 23:49:31,G18,G,0.473,2.49,2
2026-06-24 23:49:33,G18,G,-0.667,-3.51,1
2026-06-24 23:49:37,G18,G,-0.189,-0.99,1
2026-06-24 23:49:43,G18,G,-0.191,-1.00,1
2026-06-24 23:49:47,G18,G,-0.303,-1.59,1
2026-06-24 23:49:49,G18,G,-0.096,-0.50,1
2026-06-24 23:49:54,G18,G,0.287,1.51,2
2026-06-24 23:49:55,G18,G,-0.100,-0.53,1
2026-06-24 23:49:58,G18,G,-2.184,-11.48,2
2026-06-24 23:50:01,G18,G,3.329,17.49,3
2026-06-24 23:50:29,G18,G,1.736,9.12,2
2026-06-24 23:50:36,G18,G,0.185,0.97,2
2026-06-24 23:52:00,E36,E,-224812471.756,-1181397512.85,17310
2026-06-24 23:57:22,C31,C,-39065776.589,-203425750.30,67959
2026-06-24 23:58:24,G24,G,-10.470,-55.02,4
2026-06-24 23:58:25,G24,G,1.903,10.00,1
2026-06-24 23:59:59,C31,C,4.222,21.99,2
2026-06-25 00:00:00,G24,G,0.174,0.91,1
2026-06-25 00:00:02,G24,G,0.107,0.56,2
2026-06-25 00:00:07,G24,G,-0.190,-1.00,5
2026-06-25 00:15:27,C21,C,-3.448,-17.95,2
2026-06-25 00:15:28,E07,E,-10556018.746,-55472252.91,46084
2026-06-25 00:18:51,C21,C,-2.053,-10.69,26
2026-06-25 00:18:52,C21,C,0.079,0.41,1
2026-06-25 00:18:53,C21,C,0.160,0.83,1
2026-06-25 00:18:55,C21,C,-0.182,-0.95,1
2026-06-25 00:18:57,C21,C,-0.095,-0.49,1
2026-06-25 00:19:15,C21,C,0.182,0.95,1
2026-06-25 00:19:34,C21,C,-6.502,-33.86,16
2026-06-25 00:19:39,C21,C,0.062,0.32,1
2026-06-25 00:19:40,C21,C,-0.103,-0.54,1
2026-06-25 00:19:45,E05,E,0.103,0.54,1
2026-06-25 00:19:55,C21,C,7.110,37.03,13
2026-06-25 00:20:05,C21,C,0.080,0.42,1
2026-06-25 00:22:05,C21,C,-111921651.252,-582805408.42,119
2026-06-25 00:22:09,C21,C,-0.107,-0.56,1
2026-06-25 00:22:49,E05,E,-0.092,-0.48,1
2026-06-25 00:29:58,E05,E,0.107,0.56,1
2026-06-25 00:32:56,E05,E,-25.898,-136.10,5
2026-06-25 00:35:55,C14,C,8.651,45.05,3
2026-06-25 00:36:10,C30,C,0.104,0.54,1
2026-06-25 00:36:48,C14,C,-1.729,-9.00,3
2026-06-25 00:36:54,C14,C,-0.182,-0.95,3
2026-06-25 00:39:32,C14,C,-3.266,-17.01,2
2026-06-25 00:39:37,C14,C,0.404,2.10,3
2026-06-25 00:39:48,C14,C,-1.928,-10.04,3
2026-06-25 00:40:00,C14,C,1.158,6.03,3
2026-06-25 00:40:05,C14,C,-0.382,-1.99,4
2026-06-25 00:40:46,C14,C,-1.735,-9.03,3
2026-06-25 00:40:50,C14,C,-0.190,-0.99,2
2026-06-25 00:40:58,C14,C,-0.392,-2.04,4
2026-06-25 00:41:05,C14,C,-0.203,-1.06,4
2026-06-25 00:41:37,C11,C,-0.366,-1.91,1
2026-06-25 00:41:37,C24,C,0.682,3.55,1
2026-06-25 00:41:37,C26,C,0.398,2.07,1
2026-06-25 00:41:37,C29,C,-0.200,-1.04,1
2026-06-25 00:41:37,C31,C,0.781,4.07,1
2026-06-25 00:41:37,C35,C,0.434,2.26,1
2026-06-25 00:41:37,C36,C,-0.393,-2.05,1
2026-06-25 00:41:37,C39,C,-0.167,-0.87,1
2026-06-25 00:41:37,C42,C,-0.314,-1.63,1
2026-06-25 00:41:37,E02,E,0.361,1.90,1
2026-06-25 00:41:37,E03,E,-0.370,-1.94,1
2026-06-25 00:41:37,E07,E,0.488,2.56,1
2026-06-25 00:41:37,E10,E,0.104,0.55,1
2026-06-25 00:41:37,E11,E,0.381,2.00,1
2026-06-25 00:41:37,E12,E,-0.115,-0.61,1
2026-06-25 00:41:37,E16,E,-0.242,-1.27,1
2026-06-25 00:41:37,E30,E,0.554,2.91,1
2026-06-25 00:41:37,E32,E,-0.174,-0.91,1
2026-06-25 00:41:37,E36,E,0.715,3.76,1
2026-06-25 00:41:37,G11,G,-0.345,-1.81,1
2026-06-25 00:41:37,G12,G,-0.409,-2.15,1
2026-06-25 00:41:37,G13,G,-0.386,-2.03,1
2026-06-25 00:41:37,G18,G,0.773,4.06,1
2026-06-25 00:41:37,G25,G,-0.227,-1.19,1
2026-06-25 00:41:37,G26,G,0.666,3.50,1
2026-06-25 00:41:37,G28,G,0.214,1.12,1
2026-06-25 00:41:37,G31,G,0.546,2.87,1
2026-06-25 00:41:37,G32,G,-0.406,-2.13,1
2026-06-25 00:41:50,C11,C,0.360,1.87,1
2026-06-25 00:41:50,C24,C,-0.685,-3.57,1
2026-06-25 00:41:50,C26,C,-0.398,-2.07,1
2026-06-25 00:41:50,C29,C,0.200,1.04,1
2026-06-25 00:41:50,C31,C,-0.785,-4.09,1
2026-06-25 00:41:50,C35,C,-0.433,-2.25,1
2026-06-25 00:41:50,C36,C,0.394,2.05,1
2026-06-25 00:41:50,C39,C,0.168,0.87,1
2026-06-25 00:41:50,C42,C,0.308,1.61,1
2026-06-25 00:41:50,E02,E,-0.364,-1.92,1
2026-06-25 00:41:50,E03,E,0.369,1.94,1
2026-06-25 00:41:50,E07,E,-0.480,-2.52,1
2026-06-25 00:41:50,E10,E,-0.104,-0.54,1
2026-06-25 00:41:50,E11,E,-0.379,-1.99,1
2026-06-25 00:41:50,E12,E,0.110,0.58,1
2026-06-25 00:41:50,E16,E,0.244,1.28,1
2026-06-25 00:41:50,E30,E,-0.555,-2.92,1
2026-06-25 00:41:50,E32,E,0.173,0.91,1
2026-06-25 00:41:50,E36,E,-0.720,-3.78,1
2026-06-25 00:41:50,G11,G,0.343,1.80,1
2026-06-25 00:41:50,G12,G,0.409,2.15,1
2026-06-25 00:41:50,G13,G,0.380,2.00,1
2026-06-25 00:41:50,G18,G,-0.777,-4.09,1
2026-06-25 00:41:50,G25,G,0.224,1.18,1
2026-06-25 00:41:50,G26,G,-0.667,-3.51,1
2026-06-25 00:41:50,G28,G,-0.214,-1.13,1
2026-06-25 00:41:50,G31,G,-0.547,-2.88,1
2026-06-25 00:41:50,G32,G,0.409,2.15,1
2026-06-25 00:50:40,C36,C,-47.443,-247.05,2
2026-06-25 00:51:45,C36,C,-0.956,-4.98,2
2026-06-25 00:52:05,C36,C,0.571,2.97,3
2026-06-25 00:52:18,C36,C,-0.956,-4.98,3
2026-06-25 00:52:25,C36,C,0.955,4.97,2
2026-06-25 00:52:29,C36,C,-0.183,-0.95,4
2026-06-25 00:52:33,C36,C,-1.353,-7.04,4
2026-06-25 00:53:13,C36,C,-180392285.710,-939349970.03,21
2026-06-25 00:53:20,C36,C,-38370.458,-199805.05,4
2026-06-25 00:53:52,C36,C,0.385,2.00,3
2026-06-25 00:54:10,C36,C,-262301.371,-1365872.07,16
2026-06-25 00:54:16,C36,C,0.775,4.04,5
2026-06-25 00:54:43,C36,C,0.573,2.99,3
2026-06-25 00:54:55,C36,C,-0.383,-1.99,3
2026-06-25 00:55:16,C42,C,0.085,0.44,1
2026-06-25 00:55:17,C42,C,0.210,1.09,1
2026-06-25 00:55:19,C42,C,0.261,1.36,1
2026-06-25 00:55:21,C42,C,-0.181,-0.94,1
2026-06-25 00:55:24,C42,C,0.328,1.71,1
2026-06-25 00:55:28,C42,C,21.538,112.15,1
2026-06-25 00:55:29,C42,C,0.170,0.89,1
2026-06-25 00:55:35,C36,C,0.768,4.00,2
2026-06-25 00:56:02,G16,G,-59978008.677,-315186562.93,63251
2026-06-25 00:56:23,C42,C,-1.348,-7.02,36
2026-06-25 00:56:26,C42,C,0.191,1.00,1
2026-06-25 00:56:34,C42,C,0.123,0.64,1
2026-06-25 00:56:39,C42,C,-0.103,-0.53,1
2026-06-25 00:56:53,C36,C,-901160.740,-4692580.45,6
2026-06-25 00:56:54,C42,C,-0.381,-1.99,1
2026-06-25 00:56:57,C36,C,-0.098,-0.51,1
2026-06-25 00:57:23,C36,C,2.012,10.48,11
2026-06-25 00:57:28,C36,C,-0.087,-0.45,1
2026-06-25 00:57:40,C36,C,-0.575,-2.99,2
2026-06-25 00:57:45,C36,C,0.186,0.97,4
2026-06-25 00:57:58,C06,C,-60450836.812,-314783370.72,68051
2026-06-25 00:58:13,C36,C,2.869,14.94,25
2026-06-25 00:58:22,C36,C,-0.195,-1.02,1
2026-06-25 01:04:06,E12,E,0.088,0.46,1
2026-06-25 01:05:21,G11,G,-0.084,-0.44,1
2026-06-25 01:10:33,G05,G,-248020123.070,-1303354543.65,19105
2026-06-25 01:13:44,G04,G,23087482.576,121325539.82,37126
2026-06-25 01:13:49,G05,G,1.712,9.00,1
2026-06-25 01:20:53,G13,G,-22.744,-119.52,1
2026-06-25 01:20:55,G13,G,-0.097,-0.51,1
2026-06-25 01:25:54,G12,G,0.071,0.37,1
2026-06-25 01:26:00,G12,G,0.677,3.56,1
2026-06-25 01:26:01,G12,G,0.074,0.39,1
2026-06-25 01:26:05,G12,G,-41.748,-219.39,4
2026-06-25 01:27:37,G12,G,5.606,29.46,8
2026-06-25 01:27:43,G12,G,-0.098,-0.52,1
2026-06-25 01:27:48,G12,G,0.455,2.39,1
2026-06-25 01:27:49,G12,G,0.087,0.45,1
2026-06-25 01:28:12,G12,G,16.264,85.47,23
2026-06-25 01:28:13,G12,G,3.811,20.03,1
2026-06-25 01:28:15,G12,G,0.447,2.35,1
2026-06-25 01:29:14,G27,G,-71613214.910,-376329984.37,59259
2026-06-25 01:29:51,G13,G,0.494,2.59,1
2026-06-25 01:29:52,G13,G,-0.090,-0.47,1
2026-06-25 01:29:56,G13,G,1.696,8.91,4
2026-06-25 01:29:57,G13,G,0.185,0.97,1
2026-06-25 01:29:59,G13,G,0.217,1.14,1
2026-06-25 01:30:15,G13,G,6.745,35.45,15
2026-06-25 01:30:16,G13,G,2.099,11.03,1
2026-06-25 01:30:17,G13,G,0.943,4.95,1
2026-06-25 01:30:18,G13,G,1.340,7.04,1
2026-06-25 01:30:19,G13,G,2.469,12.97,1
2026-06-25 01:30:25,G13,G,-0.094,-0.49,1
2026-06-25 01:30:33,E16,E,-36.718,-192.95,1
2026-06-25 01:30:34,G13,G,7.145,37.55,5
2026-06-25 01:30:36,G13,G,0.187,0.98,1
2026-06-25 01:30:37,G13,G,-1.614,-8.48,1
2026-06-25 01:30:38,G13,G,0.094,0.49,1
2026-06-25 01:30:51,G13,G,17.972,94.45,12
2026-06-25 01:30:55,G13,G,-0.193,-1.02,1
2026-06-25 01:31:00,G13,G,0.100,0.52,1
2026-06-25 01:32:50,G32,G,-12.093,-63.55,1
2026-06-25 01:32:55,G32,G,-0.093,-0.49,1
2026-06-25 01:33:05,G32,G,0.230,1.21,1
2026-06-25 01:33:10,G32,G,-0.748,-3.93,1
2026-06-25 01:33:38,G32,G,-0.268,-1.41,1
2026-06-25 01:33:40,G32,G,0.178,0.93,1
2026-06-25 01:33:56,G32,G,-0.100,-0.52,1
2026-06-25 01:33:58,G32,G,0.092,0.49,1
2026-06-25 01:34:02,G32,G,-0.103,-0.54,1
2026-06-25 01:34:04,G32,G,0.093,0.49,1
2026-06-25 01:34:06,G32,G,-2.666,-14.01,2
2026-06-25 01:34:08,G32,G,-0.098,-0.51,1
2026-06-25 01:34:09,G32,G,0.103,0.54,1
2026-06-25 01:34:14,G32,G,-0.094,-0.49,1
2026-06-25 01:34:16,G32,G,0.099,0.52,1
2026-06-25 01:34:20,G32,G,-2.482,-13.04,2
2026-06-25 01:34:24,G32,G,1.536,8.07,1
2026-06-25 01:34:38,G32,G,-0.099,-0.52,1
2026-06-25 01:34:44,G32,G,2.761,14.51,1
2026-06-25 01:34:45,G32,G,0.092,0.49,1
2026-06-25 01:34:49,G32,G,-0.097,-0.51,1
2026-06-25 01:34:56,G32,G,-0.096,-0.51,1
2026-06-25 01:34:57,G32,G,0.098,0.51,1
2026-06-25 01:35:05,G32,G,-2.962,-15.56,5
2026-06-25 01:35:18,G32,G,3.327,17.48,4
2026-06-25 01:35:39,G32,G,-3.242,-17.04,4
2026-06-25 01:35:44,G32,G,-0.095,-0.50,1
2026-06-25 01:35:47,G32,G,0.083,0.44,1
2026-06-25 01:35:54,G32,G,-5.453,-28.66,6
2026-06-25 01:35:58,G32,G,7.931,41.68,4
2026-06-25 01:36:04,G32,G,-12.091,-63.54,6
2026-06-25 01:36:27,G32,G,4.656,24.47,3
2026-06-25 01:36:36,G32,G,6.628,34.83,8
2026-06-25 01:36:38,G32,G,-9.577,-50.33,2
2026-06-25 01:36:39,G32,G,-2.471,-12.98,1
2026-06-25 01:36:41,G32,G,-0.380,-2.00,2
2026-06-25 01:36:44,G32,G,4.756,24.99,2
2026-06-25 01:37:02,G32,G,-0.107,-0.56,1
2026-06-25 01:37:09,G32,G,-0.323,-1.70,1
2026-06-25 01:37:10,G32,G,-0.156,-0.82,1
2026-06-25 01:37:41,G32,G,-15.132,-79.52,7
2026-06-25 01:37:44,G32,G,-0.094,-0.49,1
2026-06-25 01:40:06,E16,E,2.669,14.02,4
2026-06-25 01:43:25,E16,E,-1.058,-5.56,8
2026-06-25 01:44:24,E16,E,2.371,12.46,8
2026-06-25 01:45:02,E12,E,-3.407,-17.90,8
2026-06-25 01:45:37,E12,E,-2.279,-11.98,5
2026-06-25 01:46:54,C11,C,-15.930,-82.95,12
2026-06-25 01:47:42,E12,E,1.348,7.08,26
2026-06-25 01:47:49,C11,C,-0.781,-4.07,19
2026-06-25 01:47:51,C11,C,-0.105,-0.54,1
2026-06-25 01:47:52,C11,C,-0.092,-0.48,1
2026-06-25 01:48:03,C11,C,-122131526.484,-635970908.02,6
2026-06-25 01:48:17,E12,E,-5.131,-26.97,11
2026-06-25 01:48:33,C11,C,0.952,4.96,27
2026-06-25 01:48:58,E34,E,-216145419.663,-1135851846.70,22157
2026-06-25 01:49:16,C11,C,3.161,16.46,43
2026-06-25 01:49:30,C11,C,0.744,3.88,10
2026-06-25 01:49:33,C11,C,-0.116,-0.60,1
2026-06-25 01:54:14,C06,C,0.267,1.39,1
2026-06-25 01:54:14,C24,C,0.478,2.49,1
2026-06-25 01:54:14,C29,C,-0.516,-2.69,1
2026-06-25 01:54:14,C31,C,0.460,2.40,1
2026-06-25 01:54:14,C35,C,-0.079,-0.41,1
2026-06-25 01:54:14,C39,C,-0.493,-2.57,1
2026-06-25 01:54:14,E02,E,0.156,0.82,1
2026-06-25 01:54:14,E03,E,-0.478,-2.51,1
2026-06-25 01:54:14,E08,E,-0.373,-1.96,1
2026-06-25 01:54:14,E10,E,-0.357,-1.87,1
2026-06-25 01:54:14,E11,E,-0.124,-0.65,1
2026-06-25 01:54:14,E25,E,-0.241,-1.27,1
2026-06-25 01:54:14,E30,E,0.451,2.37,1
2026-06-25 01:54:14,E32,E,-0.453,-2.38,1
2026-06-25 01:54:14,E34,E,0.670,3.52,1
2026-06-25 01:54:14,E36,E,0.391,2.06,1
2026-06-25 01:54:14,G04,G,0.061,0.32,1
2026-06-25 01:54:14,G05,G,0.227,1.19,1
2026-06-25 01:54:14,G16,G,0.595,3.13,1
2026-06-25 01:54:14,G18,G,0.338,1.77,1
2026-06-25 01:54:14,G25,G,-0.516,-2.71,1
2026-06-25 01:54:14,G26,G,0.380,2.00,1
2026-06-25 01:54:14,G27,G,0.684,3.60,1
2026-06-25 01:54:14,G28,G,-0.387,-2.04,1
2026-06-25 01:54:14,G29,G,-0.390,-2.05,1
2026-06-25 01:54:14,G31,G,-0.061,-0.32,1
2026-06-25 01:55:34,C34,C,-11052060.973,-57550981.76,65292
2026-06-25 01:58:16,E03,E,0.117,0.61,1
2026-06-25 01:58:19,E03,E,-0.090,-0.47,1
2026-06-25 01:58:21,E03,E,0.093,0.49,1
2026-06-25 01:58:26,E03,E,-0.100,-0.52,1
2026-06-25 01:58:29,E03,E,0.097,0.51,1
2026-06-25 01:58:33,E03,E,-0.099,-0.52,1
2026-06-25 01:58:59,E03,E,0.095,0.50,1
2026-06-25 01:59:05,E03,E,-0.099,-0.52,1
2026-06-25 01:59:08,E03,E,0.099,0.52,1
2026-06-25 01:59:10,E03,E,-0.095,-0.50,1
2026-06-25 01:59:16,E03,E,0.084,0.44,1
2026-06-25 01:59:19,E03,E,-0.097,-0.51,1
2026-06-25 01:59:38,E03,E,0.100,0.52,1
2026-06-25 01:59:40,E03,E,-10.674,-56.09,2
2026-06-25 01:59:42,E03,E,-0.089,-0.47,1
2026-06-25 01:59:49,E03,E,-1.051,-5.52,2
2026-06-25 01:59:51,E03,E,-0.096,-0.50,1
2026-06-25 01:59:59,E03,E,4.972,26.13,3
2026-06-25 02:00:06,E03,E,0.192,1.01,3
2026-06-25 02:00:13,E03,E,0.391,2.05,3
2026-06-25 02:00:18,E03,E,-0.873,-4.59,2
2026-06-25 02:00:20,E03,E,-0.089,-0.47,1
2026-06-25 02:00:23,E03,E,-2.101,-11.04,3
2026-06-25 02:00:30,E03,E,-2.663,-13.99,3
2026-06-25 02:00:51,E03,E,-1.053,-5.53,3
2026-06-25 02:00:53,E03,E,-0.097,-0.51,1
2026-06-25 02:00:56,E03,E,2.860,15.03,3
2026-06-25 02:01:01,E03,E,0.092,0.48,1
2026-06-25 02:01:05,E03,E,-0.100,-0.53,1
2026-06-25 02:01:06,E03,E,0.102,0.54,1
2026-06-25 02:01:13,E03,E,-0.094,-0.50,1
2026-06-25 02:01:14,E03,E,0.088,0.46,1
2026-06-25 02:01:19,E03,E,-2.089,-10.98,2
2026-06-25 02:01:21,E03,E,-0.104,-0.55,1
2026-06-25 02:01:23,E03,E,-0.659,-3.46,2
2026-06-25 02:01:28,E03,E,3.345,17.58,3
2026-06-25 02:02:08,E03,E,0.303,1.59,2
2026-06-25 02:02:11,E03,E,-0.092,-0.48,1
2026-06-25 02:02:12,E03,E,0.101,0.53,1
2026-06-25 02:02:17,E03,E,-2.098,-11.02,2
2026-06-25 02:02:18,E03,E,-0.092,-0.48,1
2026-06-25 02:02:20,E03,E,-3.134,-16.47,1
2026-06-25 02:02:28,E03,E,-0.096,-0.51,1
2026-06-25 02:02:29,E03,E,0.097,0.51,1
2026-06-25 02:02:34,E03,E,-0.089,-0.47,1
2026-06-25 02:02:35,E03,E,0.079,0.42,1
2026-06-25 02:02:38,G23,G,-183167356.971,-962550957.57,14601
2026-06-25 02:02:40,E03,E,-0.178,-0.94,1
2026-06-25 02:02:43,E03,E,4.729,24.85,3
2026-06-25 02:02:44,E03,E,-0.097,-0.51,1
2026-06-25 02:02:47,E03,E,0.408,2.14,3
2026-06-25 02:02:51,E03,E,-0.600,-3.15,4
2026-06-25 02:02:54,E03,E,-1.999,-10.51,2
2026-06-25 02:03:03,E03,E,-0.089,-0.47,1
2026-06-25 02:03:09,E03,E,0.110,0.58,1
2026-06-25 02:03:11,E03,E,-0.099,-0.52,1
2026-06-25 02:03:19,E03,E,2.080,10.93,2
2026-06-25 02:03:22,E03,E,-0.468,-2.46,3
2026-06-25 02:03:25,E03,E,-2.370,-12.45,3
2026-06-25 02:03:26,E03,E,0.101,0.53,1
2026-06-25 02:03:29,E03,E,-0.197,-1.04,3
2026-06-25 02:03:35,E03,E,4.746,24.94,3
2026-06-25 02:03:37,E03,E,-0.103,-0.54,1
2026-06-25 02:03:39,E03,E,0.099,0.52,1
2026-06-25 02:03:43,E03,E,-0.095,-0.50,1
2026-06-25 02:03:44,E03,E,0.084,0.44,1
2026-06-25 02:03:49,E03,E,-0.090,-0.47,1
2026-06-25 02:03:52,E03,E,-1.798,-9.45,2
2026-06-25 02:03:56,E03,E,-0.100,-0.52,1
2026-06-25 02:04:02,E03,E,0.090,0.47,1
2026-06-25 02:04:05,E03,E,-0.098,-0.51,1
2026-06-25 02:04:12,E03,E,0.093,0.49,1
2026-06-25 02:04:15,E03,E,-0.101,-0.53,1
2026-06-25 02:04:18,E03,E,0.092,0.49,2
2026-06-25 02:04:21,E03,E,0.858,4.51,3
2026-06-25 02:04:24,E03,E,0.570,2.99,3
2026-06-25 02:04:26,E03,E,6.002,31.54,1
2026-06-25 02:04:30,E03,E,-0.091,-0.48,1
2026-06-25 02:04:32,E03,E,0.106,0.56,1
2026-06-25 02:04:37,E03,E,-0.094,-0.49,1
2026-06-25 02:04:38,E03,E,0.094,0.49,1
2026-06-25 02:04:44,E03,E,-0.088,-0.46,1
2026-06-25 02:04:46,E03,E,0.088,0.46,1
2026-06-25 02:04:48,E03,E,-0.085,-0.44,1
2026-06-25 02:04:49,E03,E,0.093,0.49,1
2026-06-25 02:04:51,E03,E,-7.909,-41.56,2
2026-06-25 02:05:08,E03,E,-0.713,-3.75,3
2026-06-25 02:05:09,E03,E,-0.422,-2.22,1
2026-06-25 02:05:10,E03,E,-0.441,-2.32,1
2026-06-25 02:05:11,E03,E,-0.488,-2.57,1
2026-06-25 02:05:13,E03,E,1.371,7.20,2
2026-06-25 02:05:14,E03,E,-0.538,-2.83,1
2026-06-25 02:05:15,E03,E,-0.088,-0.46,1
2026-06-25 02:05:18,E03,E,-2.842,-14.94,3
2026-06-25 02:05:34,E03,E,4.475,23.51,4
2026-06-25 02:05:40,E03,E,-0.093,-0.49,1
2026-06-25 02:05:41,E03,E,0.094,0.49,1
2026-06-25 02:05:53,E03,E,-3.416,-17.95,4
2026-06-25 02:06:07,E03,E,-0.096,-0.51,1
2026-06-25 02:06:08,E03,E,0.116,0.61,1
2026-06-25 02:06:14,E03,E,-0.094,-0.50,1
2026-06-25 02:06:15,E03,E,0.103,0.54,1
2026-06-25 02:06:18,E03,E,-0.093,-0.49,1
2026-06-25 02:06:19,E03,E,0.103,0.54,1
2026-06-25 02:06:26,E03,E,-0.099,-0.52,1
2026-06-25 02:06:28,E03,E,0.100,0.53,1
2026-06-25 02:06:30,E03,E,-1.344,-7.06,2
2026-06-25 02:06:34,E03,E,-0.097,-0.51,1
2026-06-25 02:06:36,E03,E,0.096,0.51,1
2026-06-25 02:06:41,E03,E,-0.096,-0.50,1
2026-06-25 02:06:47,E03,E,0.096,0.51,1
2026-06-25 02:07:04,E03,E,-0.949,-4.98,2
2026-06-25 02:07:38,E03,E,-0.093,-0.49,1
2026-06-25 02:07:40,E03,E,0.092,0.48,1
2026-06-25 02:07:53,E03,E,-0.097,-0.51,1
2026-06-25 02:07:59,E03,E,0.103,0.54,1
2026-06-25 02:08:04,E03,E,0.377,1.98,1
2026-06-25 02:08:09,E03,E,-0.957,-5.03,3
2026-06-25 02:08:31,E03,E,-0.098,-0.52,1
2026-06-25 02:08:39,E03,E,0.102,0.54,1
2026-06-25 02:08:57,E03,E,1.920,10.09,6
2026-06-25 02:09:04,E03,E,-1.527,-8.03,2
2026-06-25 02:09:11,E03,E,0.945,4.97,6
2026-06-25 02:09:19,E03,E,0.861,4.52,3
2026-06-25 02:09:24,E03,E,-2.657,-13.96,2
2026-06-25 02:09:43,E03,E,1.319,6.93,2
2026-06-25 02:09:53,E03,E,5.212,27.39,5
2026-06-25 02:20:31,C06,C,-0.301,-1.57,1
2026-06-25 02:20:31,C24,C,-0.482,-2.51,1
2026-06-25 02:20:31,C26,C,0.055,0.28,1
2026-06-25 02:20:31,C29,C,0.434,2.26,1
2026-06-25 02:20:31,C31,C,-0.443,-2.30,1
2026-06-25 02:20:31,C34,C,-0.745,-3.88,1
2026-06-25 02:20:31,C35,C,0.107,0.56,1
2026-06-25 02:20:31,C39,C,0.449,2.34,1
2026-06-25 02:20:31,E02,E,-0.201,-1.06,1
2026-06-25 02:20:31,E08,E,0.327,1.72,1
2026-06-25 02:20:31,E10,E,0.342,1.80,1
2026-06-25 02:20:31,E11,E,0.156,0.82,1
2026-06-25 02:20:31,E25,E,0.184,0.97,1
2026-06-25 02:20:31,E30,E,-0.542,-2.85,1
2026-06-25 02:20:31,E32,E,0.354,1.86,1
2026-06-25 02:20:31,E34,E,-0.739,-3.88,1
2026-06-25 02:20:31,E36,E,-0.358,-1.88,1
2026-06-25 02:20:31,G05,G,-0.146,-0.77,1
2026-06-25 02:20:31,G16,G,-0.642,-3.37,1
2026-06-25 02:20:31,G18,G,-0.250,-1.32,1
2026-06-25 02:20:31,G23,G,-0.722,-3.79,1
2026-06-25 02:20:31,G25,G,0.464,2.44,1
2026-06-25 02:20:31,G26,G,-0.361,-1.90,1
2026-06-25 02:20:31,G27,G,-0.732,-3.85,1
2026-06-25 02:20:31,G28,G,0.423,2.22,1
2026-06-25 02:20:31,G29,G,0.346,1.82,1
2026-06-25 02:20:31,G31,G,0.156,0.82,1
2026-06-25 02:34:10,C25,C,54798963.871,285352585.16,40984
2026-06-25 02:43:10,G04,G,8.848,46.50,1
2026-06-25 02:43:13,G04,G,-0.096,-0.51,1
2026-06-25 02:44:59,G25,G,-13.700,-72.00,1
2026-06-25 02:48:50,C29,C,-22.888,-119.18,11
2026-06-25 02:48:51,C29,C,-0.072,-0.37,1
2026-06-25 02:48:52,C29,C,-0.088,-0.46,1
2026-06-25 02:49:19,C29,C,0.080,0.42,1
2026-06-25 02:50:20,G10,G,-175105240.667,-920184250.44,15431
2026-06-25 02:50:27,C29,C,-4.701,-24.48,68
2026-06-25 02:50:52,E32,E,0.100,0.52,1
2026-06-25 02:51:01,E32,E,-0.093,-0.49,1
2026-06-25 02:51:12,E10,E,0.101,0.53,1
2026-06-25 02:51:16,E32,E,0.088,0.46,1
2026-06-25 02:51:59,E32,E,-7.815,-41.07,3
2026-06-25 02:52:03,E32,E,-0.100,-0.53,1
2026-06-25 02:52:16,E32,E,0.097,0.51,1
2026-06-25 02:52:37,E10,E,-7.813,-41.06,10
2026-06-25 02:52:37,E32,E,-0.397,-2.08,5
2026-06-25 02:52:58,E32,E,-0.090,-0.47,1
2026-06-25 02:53:03,E32,E,0.099,0.52,1
2026-06-25 02:53:08,E32,E,-1.524,-8.01,2
2026-06-25 02:53:25,E32,E,2.289,12.03,2
2026-06-25 02:54:13,E32,E,-3.430,-18.02,16
2026-06-25 02:54:14,E32,E,-0.051,-0.27,1
2026-06-25 02:54:29,E32,E,2.135,11.22,15
2026-06-25 02:56:48,G04,G,3.603,18.93,2
2026-06-25 02:57:46,G04,G,0.364,1.91,10
2026-06-25 02:57:48,G04,G,-0.084,-0.44,1
2026-06-25 02:57:49,G04,G,-0.102,-0.54,1
2026-06-25 02:58:10,G04,G,2.556,13.43,21
2026-06-25 03:02:08,G08,G,-107518814.186,-565015182.09,60548
2026-06-25 03:02:27,G08,G,0.094,0.50,1
2026-06-25 03:02:32,G08,G,-0.094,-0.49,1
2026-06-25 03:02:56,G08,G,0.095,0.50,1
2026-06-25 03:02:58,E08,E,0.102,0.54,1
2026-06-25 03:03:02,G08,G,-0.091,-0.48,1
2026-06-25 03:03:26,G08,G,0.099,0.52,1
2026-06-25 03:03:32,G08,G,-0.092,-0.48,1
2026-06-25 03:04:10,E08,E,-0.093,-0.49,1
2026-06-25 03:06:58,C12,C,-139656138.641,-727226162.31,23008
2026-06-25 03:06:58,C39,C,-24.204,-126.03,11
2026-06-25 03:07:11,C06,C,0.080,0.42,1
2026-06-25 03:07:11,C24,C,0.141,0.74,1
2026-06-25 03:07:11,C25,C,0.622,3.24,1
2026-06-25 03:07:11,C26,C,-0.394,-2.05,1
2026-06-25 03:07:11,C31,C,0.123,0.64,1
2026-06-25 03:07:11,C34,C,0.545,2.84,1
2026-06-25 03:07:11,C35,C,-0.364,-1.89,1
2026-06-25 03:07:11,E07,E,-0.304,-1.60,1
2026-06-25 03:07:11,E08,E,-0.435,-2.29,1
2026-06-25 03:07:11,E11,E,-0.434,-2.28,1
2026-06-25 03:07:11,E25,E,-0.374,-1.96,1
2026-06-25 03:07:11,E30,E,0.400,2.10,1
2026-06-25 03:07:11,E34,E,0.510,2.68,1
2026-06-25 03:07:11,G05,G,-0.286,-1.51,1
2026-06-25 03:07:11,G08,G,0.631,3.31,1
2026-06-25 03:07:11,G10,G,0.645,3.39,1
2026-06-25 03:07:11,G16,G,0.371,1.95,1
2026-06-25 03:07:11,G18,G,-0.179,-0.94,1
2026-06-25 03:07:11,G23,G,0.569,2.99,1
2026-06-25 03:07:11,G27,G,0.505,2.65,1
2026-06-25 03:07:11,G28,G,-0.643,-3.38,1
2026-06-25 03:07:11,G29,G,-0.497,-2.61,1
2026-06-25 03:07:11,G31,G,-0.520,-2.73,1
2026-06-25 03:07:14,C12,C,-0.658,-3.43,9
2026-06-25 03:07:49,C12,C,-2.783,-14.49,13
2026-06-25 03:07:52,C12,C,-0.100,-0.52,1
2026-06-25 03:08:15,E08,E,0.077,0.40,1
2026-06-25 03:08:18,C12,C,1.722,8.97,3
2026-06-25 03:08:26,C12,C,0.377,1.96,3
2026-06-25 03:08:36,C12,C,-0.375,-1.95,6
2026-06-25 03:09:08,E08,E,13.882,72.95,16
2026-06-25 03:09:36,E08,E,-0.955,-5.02,3
2026-06-25 03:09:55,C12,C,0.379,1.98,22
2026-06-25 03:09:55,E08,E,0.959,5.04,10
2026-06-25 03:10:35,C12,C,-0.764,-3.98,13
2026-06-25 03:10:37,E08,E,-2.861,-15.03,28
2026-06-25 03:10:39,E08,E,-0.111,-0.58,1
2026-06-25 03:11:44,C12,C,-0.767,-3.99,11
2026-06-25 03:12:14,C12,C,1.719,8.95,2
2026-06-25 03:12:20,C12,C,-0.382,-1.99,6
2026-06-25 03:12:48,C12,C,-0.948,-4.94,26
2026-06-25 03:13:30,C12,C,-0.942,-4.91,23
2026-06-25 03:14:16,C19,C,-283863025.444,-1478149264.50,20080
2026-06-25 03:14:50,C12,C,0.569,2.96,6
2026-06-25 03:15:22,C12,C,0.382,1.99,9
2026-06-25 03:16:35,C12,C,-1.343,-6.99,3
2026-06-25 03:16:39,C12,C,0.189,0.98,4
2026-06-25 03:16:48,C12,C,-0.383,-1.99,8
2026-06-25 03:18:58,E15,E,-188914085.816,-992750221.48,27024
2026-06-25 03:30:28,E27,E,-117514198.365,-617541280.47,77294
2026-06-25 03:34:35,G05,G,-2.100,-11.04,2
2026-06-25 03:34:37,G05,G,-0.102,-0.54,1
2026-06-25 03:38:38,G07,G,32611963.779,171377026.36,36479
2026-06-25 03:43:16,C22,C,-97996367.050,-510292799.32,16136
2026-06-25 03:50:55,G28,G,-0.112,-0.59,1
2026-06-25 03:51:02,G28,G,-0.096,-0.50,1
2026-06-25 03:51:03,G28,G,0.095,0.50,1
2026-06-25 03:51:10,G28,G,0.172,0.90,1
2026-06-25 03:51:18,G28,G,-17.020,-89.44,8
2026-06-25 03:53:38,G02,G,-127620107.403,-670648190.91,58145
2026-06-25 03:56:07,G29,G,0.092,0.48,1
2026-06-25 03:56:13,G29,G,-0.098,-0.51,1
2026-06-25 03:56:47,G29,G,0.098,0.51,1
2026-06-25 03:56:55,G29,G,-0.088,-0.46,1
2026-06-25 03:57:47,G29,G,0.088,0.46,1
2026-06-25 03:58:01,G29,G,-0.099,-0.52,1
2026-06-25 03:58:46,G29,G,6.564,34.49,1
2026-06-25 03:58:47,G29,G,-0.195,-1.02,1
2026-06-25 03:58:49,G29,G,-0.095,-0.50,1
2026-06-25 03:59:00,G29,G,0.095,0.50,1
2026-06-25 03:59:01,G29,G,-0.093,-0.49,1
2026-06-25 03:59:08,G29,G,0.101,0.53,1
2026-06-25 03:59:13,G29,G,-0.097,-0.51,1
2026-06-25 03:59:42,G02,G,-0.088,-0.47,1
2026-06-25 03:59:43,G02,G,-0.104,-0.55,1
2026-06-25 03:59:47,G29,G,0.097,0.51,1
2026-06-25 03:59:49,G29,G,-0.088,-0.46,1
2026-06-25 03:59:54,G29,G,0.094,0.49,1
2026-06-25 03:59:55,G29,G,-0.086,-0.45,1
2026-06-25 04:00:17,G29,G,0.100,0.52,1
2026-06-25 04:00:19,G29,G,-0.096,-0.50,1
2026-06-25 04:00:20,C06,C,0.117,0.61,1
2026-06-25 04:00:20,C19,C,-0.188,-0.98,1
2026-06-25 04:00:20,C22,C,-0.473,-2.46,1
2026-06-25 04:00:20,C24,C,0.255,1.33,1
2026-06-25 04:00:20,C25,C,-0.377,-1.96,1
2026-06-25 04:00:20,C26,C,0.643,3.35,1
2026-06-25 04:00:20,C31,C,0.157,0.82,1
2026-06-25 04:00:20,C34,C,-0.329,-1.72,1
2026-06-25 04:00:20,C35,C,0.516,2.69,1
2026-06-25 04:00:20,E02,E,0.268,1.41,1
2026-06-25 04:00:20,E11,E,0.582,3.06,1
2026-06-25 04:00:20,E15,E,-0.537,-2.82,1
2026-06-25 04:00:20,E25,E,0.530,2.78,1
2026-06-25 04:00:20,E27,E,-0.467,-2.45,1
2026-06-25 04:00:20,E30,E,-0.222,-1.16,1
2026-06-25 04:00:20,E34,E,-0.212,-1.11,1
2026-06-25 04:00:20,E36,E,0.327,1.72,1
2026-06-25 04:00:20,G02,G,-0.646,-3.40,1
2026-06-25 04:00:20,G07,G,-0.398,-2.09,1
2026-06-25 04:00:20,G08,G,-0.496,-2.61,1
2026-06-25 04:00:20,G10,G,-0.524,-2.75,1
2026-06-25 04:00:20,G18,G,0.522,2.74,1
2026-06-25 04:00:20,G23,G,-0.245,-1.29,1
2026-06-25 04:00:20,G26,G,0.390,2.05,1
2026-06-25 04:00:20,G27,G,-0.261,-1.37,1
2026-06-25 04:00:20,G29,G,0.578,3.04,1
2026-06-25 04:00:20,G31,G,0.698,3.67,1
2026-06-25 04:00:24,G29,G,0.093,0.49,1
2026-06-25 04:00:25,G29,G,-0.090,-0.47,1
2026-06-25 04:01:19,G29,G,0.089,0.47,1
2026-06-25 04:01:25,G29,G,-0.097,-0.51,1
2026-06-25 04:01:47,G29,G,0.096,0.50,1
2026-06-25 04:01:49,G29,G,-0.092,-0.48,1
2026-06-25 04:01:52,G29,G,0.099,0.52,1
2026-06-25 04:02:01,G29,G,0.309,1.62,1
2026-06-25 04:02:02,G29,G,-0.991,-5.21,1
2026-06-25 04:02:07,G29,G,-0.187,-0.98,1
2026-06-25 04:02:09,G29,G,0.100,0.53,1
2026-06-25 04:02:12,E11,E,-23.200,-121.92,2
2026-06-25 04:02:12,G29,G,2.379,12.50,1
2026-06-25 04:02:13,G29,G,-0.099,-0.52,1
2026-06-25 04:02:19,G29,G,-0.094,-0.50,1
2026-06-25 04:02:21,G29,G,0.093,0.49,1
2026-06-25 04:02:25,G29,G,-0.093,-0.49,1
2026-06-25 04:02:29,G29,G,0.093,0.49,1
2026-06-25 04:02:37,G29,G,-0.210,-1.10,1
2026-06-25 04:02:38,G29,G,-0.065,-0.34,1
2026-06-25 04:03:05,G29,G,-0.625,-3.29,1
2026-06-25 04:03:06,G29,G,-0.139,-0.73,1
2026-06-25 04:03:07,G29,G,-0.071,-0.37,1
2026-06-25 04:03:08,G29,G,-0.909,-4.78,1
2026-06-25 04:03:09,G29,G,-1.752,-9.21,1
2026-06-25 04:03:13,G29,G,-0.097,-0.51,1
2026-06-25 04:03:18,G29,G,0.102,0.53,1
2026-06-25 04:03:25,G29,G,-0.098,-0.52,1
2026-06-25 04:03:31,G29,G,0.087,0.46,1
2026-06-25 04:09:13,E11,E,6.662,35.01,2
2026-06-25 04:09:36,E11,E,-0.755,-3.97,6
2026-06-25 04:09:57,E11,E,-2.091,-10.99,8
2026-06-25 04:10:12,E11,E,-0.191,-1.00,14
2026-06-25 04:11:00,E11,E,0.402,2.11,6
2026-06-25 04:12:32,E11,E,-4.928,-25.89,13
2026-06-25 04:13:05,E11,E,3.622,19.03,6
2026-06-25 04:13:28,E11,E,2.864,15.05,11
2026-06-25 04:19:44,C06,C,-0.239,-1.25,1
2026-06-25 04:19:44,C12,C,-0.231,-1.20,1
2026-06-25 04:19:44,C22,C,0.365,1.90,1
2026-06-25 04:19:44,C24,C,-0.443,-2.31,1
2026-06-25 04:19:44,C25,C,0.197,1.02,1
2026-06-25 04:19:44,C26,C,-0.752,-3.92,1
2026-06-25 04:19:44,C31,C,-0.296,-1.54,1
2026-06-25 04:19:44,C34,C,0.192,1.00,1
2026-06-25 04:19:44,C35,C,-0.606,-3.15,1
2026-06-25 04:19:44,E02,E,-0.417,-2.19,1
2026-06-25 04:19:44,E15,E,0.422,2.22,1
2026-06-25 04:19:44,E25,E,-0.633,-3.33,1
2026-06-25 04:19:44,E27,E,0.388,2.04,1
2026-06-25 04:19:44,E30,E,0.080,0.42,1
2026-06-25 04:19:44,E36,E,-0.473,-2.48,1
2026-06-25 04:19:44,G02,G,0.522,2.74,1
2026-06-25 04:19:44,G07,G,0.227,1.19,1
2026-06-25 04:19:44,G08,G,0.384,2.02,1
2026-06-25 04:19:44,G10,G,0.376,1.98,1
2026-06-25 04:19:44,G16,G,-0.210,-1.11,1
2026-06-25 04:19:44,G18,G,-0.658,-3.46,1
2026-06-25 04:19:44,G26,G,-0.573,-3.01,1
2026-06-25 04:19:44,G27,G,0.109,0.57,1
2026-06-25 04:19:44,G31,G,-0.765,-4.02,1
2026-06-25 04:26:08,E25,E,-13.122,-68.96,2
2026-06-25 04:27:40,C21,C,-89112927.911,-464034400.55,14731
2026-06-25 04:27:52,E25,E,1.713,9.00,6
2026-06-25 04:36:57,C12,C,-0.957,-4.98,4
2026-06-25 04:37:04,C23,C,23049863.776,120026689.40,41054
2026-06-25 04:38:40,G31,G,0.090,0.47,1
2026-06-25 04:38:44,G31,G,-0.095,-0.50,1
2026-06-25 04:39:31,G31,G,0.096,0.50,1
2026-06-25 04:39:32,G31,G,8.277,43.50,1
2026-06-25 04:39:37,G31,G,-0.089,-0.47,1
2026-06-25 04:39:38,G31,G,-0.097,-0.51,1
2026-06-25 04:42:04,G31,G,0.094,0.50,1
2026-06-25 04:42:08,G31,G,-0.095,-0.50,1
2026-06-25 04:42:10,G31,G,0.095,0.50,1
2026-06-25 04:42:14,G31,G,-0.089,-0.47,1
2026-06-25 04:42:33,G31,G,0.086,0.45,1
2026-06-25 04:43:09,C12,C,0.964,5.02,12
2026-06-25 04:43:10,C38,C,-138680156.064,-722143964.92,65774
2026-06-25 04:43:14,G31,G,-0.098,-0.52,1
2026-06-25 04:43:15,G31,G,0.098,0.51,1
2026-06-25 04:43:16,C12,C,0.186,0.97,3
2026-06-25 04:43:26,G31,G,0.235,1.24,1
2026-06-25 04:43:42,G31,G,-0.723,-3.80,16
2026-06-25 04:55:38,G01,G,-134858678.683,-708687139.73,58361
2026-06-25 04:55:57,G01,G,-13.231,-69.53,19
2026-06-25 04:56:02,G01,G,-0.092,-0.48,1
2026-06-25 04:56:07,G01,G,-0.093,-0.49,1
2026-06-25 04:56:09,G01,G,0.116,0.61,1
2026-06-25 04:56:22,G01,G,1.511,7.94,13
2026-06-25 04:56:25,G01,G,-0.093,-0.49,1
2026-06-25 04:56:27,G01,G,0.093,0.49,1
2026-06-25 04:56:30,G01,G,3.244,17.05,2
2026-06-25 04:56:31,G01,G,-0.101,-0.53,1
2026-06-25 04:56:34,G01,G,0.099,0.52,1
2026-06-25 04:56:37,G01,G,-0.091,-0.48,1
2026-06-25 04:56:45,G01,G,0.096,0.50,1
2026-06-25 04:56:51,G01,G,3.043,15.99,3
2026-06-25 04:56:55,G01,G,-0.097,-0.51,1
2026-06-25 04:57:13,G01,G,0.097,0.51,1
2026-06-25 04:57:23,G01,G,1.430,7.51,9
2026-06-25 04:57:46,G01,G,-0.484,-2.54,1
2026-06-25 04:57:49,G01,G,-0.096,-0.51,1
2026-06-25 05:00:52,C14,C,-191429120.487,-996821664.99,15573
2026-06-25 05:03:46,C09,C,35721591.218,186011699.49,71382
2026-06-25 05:06:48,C26,C,-7.312,-38.08,14
2026-06-25 05:06:52,C26,C,0.093,0.49,1
2026-06-25 05:06:54,C26,C,-0.094,-0.49,1
2026-06-25 05:06:58,C26,C,0.055,0.29,1
2026-06-25 05:07:03,C26,C,-0.083,-0.43,1
2026-06-25 05:07:25,C26,C,0.372,1.94,9
2026-06-25 05:07:38,C26,C,-0.111,-0.58,1
2026-06-25 05:07:54,C26,C,-5.564,-28.98,16
2026-06-25 05:07:57,C26,C,-0.102,-0.53,1
2026-06-25 05:08:00,C26,C,2.785,14.50,1
2026-06-25 05:08:02,C26,C,0.085,0.44,1
2026-06-25 05:08:03,C26,C,1.837,9.57,1
2026-06-25 05:08:06,C26,C,0.109,0.57,1
2026-06-25 05:28:14,G30,G,14989954.212,78772741.06,36920
2026-06-25 05:29:42,G30,G,0.288,1.51,1
2026-06-25 05:29:43,G30,G,-3.811,-20.03,1
2026-06-25 05:29:44,G30,G,3.049,16.02,1
2026-06-25 05:29:49,G30,G,-0.089,-0.47,1
2026-06-25 05:32:30,C06,C,-0.130,-0.68,1
2026-06-25 05:32:30,C14,C,0.712,3.71,1
2026-06-25 05:32:30,C19,C,-0.228,-1.19,1
2026-06-25 05:32:30,C21,C,0.660,3.44,1
2026-06-25 05:32:30,C22,C,0.261,1.36,1
2026-06-25 05:32:30,C23,C,0.455,2.37,1
2026-06-25 05:32:30,C24,C,-0.491,-2.56,1
2026-06-25 05:32:30,C31,C,-0.238,-1.24,1
2026-06-25 05:32:30,C34,C,0.207,1.08,1
2026-06-25 05:32:30,C35,C,-0.388,-2.02,1
2026-06-25 05:32:30,C38,C,0.566,2.95,1
2026-06-25 05:32:30,E02,E,-0.419,-2.20,1
2026-06-25 05:32:30,E15,E,0.425,2.23,1
2026-06-25 05:32:30,E27,E,0.474,2.49,1
2026-06-25 05:32:30,E34,E,-0.051,-0.27,1
2026-06-25 05:32:30,E36,E,-0.384,-2.02,1
2026-06-25 05:32:30,G01,G,0.708,3.72,1
2026-06-25 05:32:30,G02,G,0.482,2.53,1
2026-06-25 05:32:30,G08,G,0.411,2.16,1
2026-06-25 05:32:30,G10,G,0.139,0.73,1
2026-06-25 05:32:30,G16,G,-0.437,-2.29,1
2026-06-25 05:32:30,G18,G,-0.500,-2.63,1
2026-06-25 05:32:30,G23,G,-0.273,-1.43,1
2026-06-25 05:32:30,G26,G,-0.587,-3.08,1
2026-06-25 05:32:30,G30,G,0.277,1.46,1
2026-06-25 05:33:03,C35,C,-0.185,-0.97,1
2026-06-25 05:34:47,G32,G,-196202397.015,-1031050555.33,14221
2026-06-25 05:34:50,G32,G,-0.096,-0.51,1
2026-06-25 05:35:07,G32,G,0.095,0.50,1
2026-06-25 05:35:13,G32,G,-0.093,-0.49,1
2026-06-25 05:35:14,G32,G,0.099,0.52,1
2026-06-25 05:35:31,G32,G,-0.094,-0.49,1
2026-06-25 05:35:40,G32,G,0.104,0.55,1
2026-06-25 05:35:58,G32,G,6.469,34.00,15
2026-06-25 05:36:02,G32,G,-0.097,-0.51,1
2026-06-25 05:36:23,G32,G,-7.799,-40.99,9
2026-06-25 05:36:26,G32,G,-0.088,-0.46,1
2026-06-25 05:36:31,G32,G,-0.096,-0.50,1
2026-06-25 05:37:18,G32,G,0.089,0.47,1
2026-06-25 05:37:19,G32,G,-0.094,-0.49,1
2026-06-25 05:37:23,G32,G,0.574,3.02,1
2026-06-25 05:37:35,G32,G,0.103,0.54,1
2026-06-25 05:37:37,G32,G,-0.098,-0.51,1
2026-06-25 05:37:39,G32,G,0.088,0.46,1
2026-06-25 05:37:43,G32,G,-0.088,-0.46,1
2026-06-25 05:38:22,G32,G,0.093,0.49,1
2026-06-25 05:38:31,G32,G,-0.091,-0.48,1
2026-06-25 05:40:35,C06,C,0.124,0.65,1
2026-06-25 05:40:35,C14,C,-0.731,-3.81,1
2026-06-25 05:40:35,C19,C,0.251,1.31,1
2026-06-25 05:40:35,C21,C,-0.657,-3.42,1
2026-06-25 05:40:35,C22,C,-0.227,-1.18,1
2026-06-25 05:40:35,C23,C,-0.427,-2.22,1
2026-06-25 05:40:35,C24,C,0.488,2.54,1
2026-06-25 05:40:35,C25,C,0.070,0.37,1
2026-06-25 05:40:35,C31,C,0.233,1.21,1
2026-06-25 05:40:35,C34,C,-0.203,-1.06,1
2026-06-25 05:40:35,C38,C,-0.578,-3.01,1
2026-06-25 05:40:35,E02,E,0.419,2.20,1
2026-06-25 05:40:35,E15,E,-0.414,-2.17,1
2026-06-25 05:40:35,E27,E,-0.463,-2.43,1
2026-06-25 05:40:35,E34,E,0.059,0.31,1
2026-06-25 05:40:35,E36,E,0.363,1.91,1
2026-06-25 05:40:35,G01,G,-0.711,-3.74,1
2026-06-25 05:40:35,G02,G,-0.465,-2.45,1
2026-06-25 05:40:35,G08,G,-0.400,-2.10,1
2026-06-25 05:40:35,G10,G,-0.097,-0.51,1
2026-06-25 05:40:35,G16,G,0.456,2.40,1
2026-06-25 05:40:35,G18,G,-12.460,-65.48,4
2026-06-25 05:40:35,G23,G,0.303,1.59,1
2026-06-25 05:40:35,G26,G,0.577,3.03,1
2026-06-25 05:40:35,G30,G,-0.249,-1.31,1
2026-06-25 05:40:35,G32,G,-0.611,-3.21,1
2026-06-25 05:40:51,G18,G,-0.980,-5.15,1
2026-06-25 05:41:11,G18,G,-2.364,-12.42,20
2026-06-25 05:41:14,G18,G,-0.096,-0.51,1
2026-06-25 05:41:24,G18,G,2.938,15.44,2
2026-06-25 05:41:30,G18,G,2.104,11.06,6
2026-06-25 05:41:37,G18,G,-0.092,-0.49,1
2026-06-25 05:41:39,G18,G,0.092,0.48,1
2026-06-25 05:41:44,G18,G,-3.809,-20.02,5
2026-06-25 05:41:50,G18,G,-0.098,-0.51,1
2026-06-25 05:42:03,G18,G,0.752,3.95,10
2026-06-25 05:48:29,G32,G,0.094,0.49,1
2026-06-25 05:48:31,G32,G,-0.090,-0.47,1
2026-06-25 05:48:32,G32,G,0.093,0.49,1
2026-06-25 05:48:37,G32,G,-0.097,-0.51,1
2026-06-25 05:48:42,G32,G,0.096,0.50,1
2026-06-25 05:48:43,G32,G,-0.101,-0.53,1
2026-06-25 05:49:28,E09,E,17617993.452,92583180.47,26057
2026-06-25 05:50:39,E09,E,0.094,0.49,1
2026-06-25 05:53:46,C42,C,-188877295.126,-983533640.68,17809
2026-06-25 05:53:46,E09,E,-0.096,-0.50,1
2026-06-25 05:55:58,E13,E,-166763549.422,-876348367.08,75894
2026-06-25 05:57:04,C13,C,-167106634.909,-870168099.90,66454
2026-06-25 05:58:52,C19,C,0.183,0.95,1
2026-06-25 05:58:55,C19,C,-0.051,-0.26,1
2026-06-25 05:59:15,C06,C,0.098,0.51,1
2026-06-25 05:59:16,C06,C,0.077,0.40,1
2026-06-25 05:59:28,E05,E,-292207209.680,-1535559251.04,19585
2026-06-25 06:05:58,E21,E,-350248064.201,-1840566000.17,45869
2026-06-25 06:16:08,G26,G,0.096,0.50,1
2026-06-25 06:16:19,G26,G,0.167,0.88,1
2026-06-25 06:16:31,G30,G,5.991,31.48,1
2026-06-25 06:16:32,G26,G,4.155,21.83,3
2026-06-25 06:16:36,G30,G,-0.196,-1.03,1
2026-06-25 06:16:37,G30,G,-0.097,-0.51,1
2026-06-25 06:16:41,G26,G,-1.618,-8.50,8
2026-06-25 06:16:46,G30,G,-2.092,-10.99,3
2026-06-25 06:16:49,G30,G,-0.082,-0.43,1
2026-06-25 06:17:01,G30,G,-0.103,-0.54,1
2026-06-25 06:17:04,G30,G,0.091,0.48,1
2026-06-25 06:17:07,G30,G,-0.095,-0.50,1
2026-06-25 06:17:08,G30,G,0.099,0.52,1
2026-06-25 06:17:13,G30,G,-0.100,-0.53,1
2026-06-25 06:18:05,G30,G,0.100,0.52,1
2026-06-25 06:18:07,G30,G,-0.100,-0.52,1
2026-06-25 06:18:13,G30,G,0.092,0.48,1
2026-06-25 06:18:19,G30,G,-0.088,-0.46,1
2026-06-25 06:18:38,G30,G,0.098,0.51,1
2026-06-25 06:18:43,G30,G,-0.092,-0.48,1
2026-06-25 06:19:49,G30,G,0.100,0.53,1
2026-06-25 06:19:55,G30,G,-0.096,-0.51,1
2026-06-25 06:19:56,G30,G,0.099,0.52,1
2026-06-25 06:20:01,G30,G,-0.086,-0.45,1
2026-06-25 06:20:02,G30,G,0.091,0.48,1
2026-06-25 06:20:19,G30,G,-0.098,-0.52,1
2026-06-25 06:20:24,G30,G,0.102,0.53,1
2026-06-25 06:20:25,G30,G,-0.096,-0.51,1
2026-06-25 06:20:29,G30,G,0.090,0.47,1
2026-06-25 06:20:38,G03,G,-134231533.533,-705391469.71,59728
2026-06-25 06:20:43,G03,G,0.096,0.50,1
2026-06-25 06:20:44,G03,G,-2.965,-15.58,1
2026-06-25 06:20:49,G30,G,-0.098,-0.52,1
2026-06-25 06:20:51,G30,G,0.087,0.46,1
2026-06-25 06:20:55,G30,G,-0.100,-0.53,1
2026-06-25 06:20:57,G03,G,-0.492,-2.59,11
2026-06-25 06:20:58,G30,G,2.672,14.04,2
2026-06-25 06:21:01,G03,G,-4.853,-25.50,2
2026-06-25 06:21:04,G03,G,7.031,36.95,1
2026-06-25 06:21:07,G03,G,-0.191,-1.00,1
2026-06-25 06:21:19,G03,G,0.093,0.49,1
2026-06-25 06:21:25,G03,G,-0.093,-0.49,1
2026-06-25 06:21:34,G03,G,0.089,0.47,1
2026-06-25 06:21:43,G03,G,-0.093,-0.49,1
2026-06-25 06:21:59,G30,G,0.274,1.44,3
2026-06-25 06:22:07,G30,G,-0.098,-0.52,1
2026-06-25 06:22:13,G30,G,0.091,0.48,1
2026-06-25 06:22:19,G30,G,-0.093,-0.49,1
2026-06-25 06:22:20,G30,G,0.094,0.49,1
2026-06-25 06:22:25,G30,G,-0.092,-0.48,1
2026-06-25 06:22:26,G30,G,0.106,0.56,1
2026-06-25 06:22:31,G30,G,-0.093,-0.49,1
2026-06-25 06:22:34,G30,G,0.094,0.49,1
2026-06-25 06:22:37,G30,G,-0.096,-0.50,1
2026-06-25 06:22:48,G30,G,0.965,5.07,2
2026-06-25 06:22:49,G30,G,-0.197,-1.04,1
2026-06-25 06:22:51,G30,G,0.102,0.53,1
2026-06-25 06:22:53,G30,G,-0.791,-4.16,1
2026-06-25 06:23:01,G30,G,-0.089,-0.47,1
2026-06-25 06:23:02,G30,G,0.103,0.54,1
2026-06-25 06:23:07,G30,G,-0.099,-0.52,1
2026-06-25 06:23:13,G30,G,0.093,0.49,1
2026-06-25 06:23:19,G30,G,-0.092,-0.48,1
2026-06-25 06:23:25,G30,G,0.087,0.46,1
2026-06-25 06:23:27,G03,G,0.096,0.51,1
2026-06-25 06:23:28,G30,G,-0.088,-0.46,1
2026-06-25 06:23:29,G30,G,-2.490,-13.08,1
2026-06-25 06:23:31,G03,G,-0.093,-0.49,1
2026-06-25 06:23:31,G30,G,-0.081,-0.43,1
2026-06-25 06:23:33,G30,G,-2.365,-12.43,1
2026-06-25 06:23:35,G30,G,1.923,10.10,1
2026-06-25 06:23:36,G30,G,-2.224,-11.69,1
2026-06-25 06:23:41,G30,G,2.836,14.90,1
2026-06-25 06:23:58,G30,G,0.486,2.55,1
2026-06-25 06:24:01,G30,G,-0.194,-1.02,1
2026-06-25 06:24:05,G30,G,0.093,0.49,1
2026-06-25 06:24:07,G30,G,-0.092,-0.48,1
2026-06-25 06:24:32,G03,G,0.096,0.51,1
2026-06-25 06:24:38,G03,G,1.236,6.49,1
2026-06-25 06:24:43,G03,G,-0.195,-1.03,1
2026-06-25 06:24:45,G03,G,0.094,0.49,1
2026-06-25 06:24:49,G30,G,0.093,0.49,1
2026-06-25 06:24:55,G03,G,-0.100,-0.53,1
2026-06-25 06:24:55,G30,G,-0.091,-0.48,1
2026-06-25 06:24:59,G30,G,0.095,0.50,1
2026-06-25 06:25:07,G30,G,-0.093,-0.49,1
2026-06-25 06:25:11,G03,G,0.093,0.49,1
2026-06-25 06:25:13,G03,G,-0.090,-0.47,1
2026-06-25 06:25:14,G03,G,0.096,0.50,1
2026-06-25 06:25:19,G03,G,-0.100,-0.53,1
2026-06-25 06:25:23,G30,G,2.482,13.04,1
2026-06-25 06:25:25,G30,G,-0.193,-1.02,1
2026-06-25 06:25:30,G30,G,0.096,0.50,1
2026-06-25 06:25:31,G30,G,-0.099,-0.52,1
2026-06-25 06:25:32,G30,G,0.090,0.47,1
2026-06-25 06:25:37,G30,G,-0.093,-0.49,1
2026-06-25 06:25:40,G30,G,4.472,23.50,1
2026-06-25 06:25:42,G30,G,0.102,0.54,1
2026-06-25 06:25:43,G30,G,-0.098,-0.51,1
2026-06-25 06:25:55,G30,G,-0.096,-0.50,1
2026-06-25 06:25:57,G30,G,0.090,0.48,1
2026-06-25 06:26:01,G30,G,-0.105,-0.55,1
2026-06-25 06:26:02,G30,G,0.100,0.53,1
2026-06-25 06:26:09,G30,G,-2.660,-13.98,3
2026-06-25 06:26:12,G30,G,-0.761,-4.00,1
2026-06-25 06:26:13,G30,G,-0.101,-0.53,1
2026-06-25 06:26:14,G30,G,0.096,0.50,1
2026-06-25 06:26:19,G30,G,-0.093,-0.49,1
2026-06-25 06:26:48,G30,G,0.104,0.55,1
2026-06-25 06:26:50,G30,G,-1.247,-6.55,2
2026-06-25 06:26:55,G30,G,-0.190,-1.00,1
2026-06-25 06:27:09,G30,G,0.094,0.50,1
2026-06-25 06:27:13,G30,G,-0.090,-0.47,1
2026-06-25 06:27:31,G30,G,0.098,0.52,1
2026-06-25 06:27:37,G30,G,-0.092,-0.48,1
2026-06-25 06:27:58,G30,G,0.094,0.49,1
2026-06-25 06:28:01,G30,G,-0.096,-0.50,1
2026-06-25 06:28:37,G30,G,0.099,0.52,1
2026-06-25 06:28:43,G30,G,-1.241,-6.52,1
2026-06-25 06:28:49,G30,G,0.183,0.96,1
2026-06-25 06:28:54,G30,G,0.095,0.50,2
2026-06-25 06:28:55,G30,G,-2.666,-14.01,1
2026-06-25 06:29:01,G30,G,-0.082,-0.43,1
2026-06-25 06:29:02,G30,G,0.086,0.45,1
2026-06-25 06:29:03,G30,G,5.520,29.01,1
2026-06-25 06:29:10,G30,G,-0.211,-1.11,1
2026-06-25 06:29:15,G30,G,0.386,2.03,1
2026-06-25 06:29:18,G30,G,0.402,2.11,1
2026-06-25 06:29:19,G30,G,-0.116,-0.61,1
2026-06-25 06:29:20,G30,G,0.108,0.57,1
2026-06-25 06:29:25,G30,G,-0.096,-0.50,1
2026-06-25 06:29:39,G30,G,-0.185,-0.97,1
2026-06-25 06:29:55,G30,G,0.096,0.51,1
2026-06-25 06:30:01,G30,G,-0.088,-0.46,1
2026-06-25 06:30:03,G30,G,0.095,0.50,1
2026-06-25 06:30:07,G30,G,-0.096,-0.51,1
2026-06-25 06:30:13,G30,G,0.097,0.51,1
2026-06-25 06:30:19,G30,G,-0.096,-0.50,1
2026-06-25 06:30:22,G30,G,0.103,0.54,1
2026-06-25 06:30:24,G30,G,-2.847,-14.96,1
2026-06-25 06:30:29,G30,G,-3.143,-16.52,2
2026-06-25 06:30:31,G30,G,-0.193,-1.01,1
2026-06-25 06:30:32,G30,G,0.096,0.51,1
2026-06-25 06:30:37,G30,G,-0.093,-0.49,1
2026-06-25 06:30:40,G30,G,0.091,0.48,1
2026-06-25 06:30:47,G30,G,5.046,26.52,1
2026-06-25 06:30:49,G30,G,-0.189,-0.99,1
2026-06-25 06:30:50,G30,G,0.098,0.52,1
2026-06-25 06:30:58,G30,G,-1.335,-7.01,1
2026-06-25 06:30:59,G30,G,-1.324,-6.96,1
2026-06-25 06:31:08,G14,G,-339727401.699,-1785279545.57,37667
2026-06-25 06:31:20,G30,G,1.910,10.04,5
2026-06-25 06:31:23,G30,G,1.613,8.48,2
2026-06-25 06:31:24,G30,G,-2.283,-12.00,1
2026-06-25 06:31:25,G30,G,-4.383,-23.03,1
2026-06-25 06:31:31,G30,G,-0.090,-0.47,1
2026-06-25 06:31:34,G30,G,5.234,27.50,1
2026-06-25 06:31:37,G30,G,-0.096,-0.51,1
2026-06-25 06:31:43,G30,G,0.107,0.56,1
2026-06-25 06:31:49,G30,G,-0.192,-1.01,1
2026-06-25 06:31:50,G30,G,0.092,0.49,1
2026-06-25 06:31:55,G30,G,-0.086,-0.45,1
2026-06-25 06:31:56,G30,G,-0.674,-3.54,1
2026-06-25 06:31:57,G14,G,0.091,0.48,1
2026-06-25 06:32:01,G30,G,-0.094,-0.50,1
2026-06-25 06:32:02,G14,G,-0.102,-0.54,1
2026-06-25 06:32:09,G30,G,0.093,0.49,1
2026-06-25 06:32:11,G30,G,0.564,2.96,1
2026-06-25 06:32:13,G30,G,0.093,0.49,1
2026-06-25 06:32:18,G30,G,0.091,0.48,1
2026-06-25 06:32:19,G30,G,-0.091,-0.48,1
2026-06-25 06:32:24,G14,G,0.099,0.52,1
2026-06-25 06:32:25,G30,G,0.101,0.53,1
2026-06-25 06:32:26,G14,G,-0.094,-0.49,1
2026-06-25 06:32:31,G30,G,-0.089,-0.47,1
2026-06-25 06:32:32,G30,G,0.091,0.48,1
2026-06-25 06:32:47,G14,G,0.096,0.50,1
2026-06-25 06:32:50,G14,G,-0.087,-0.46,1
2026-06-25 06:33:01,G14,G,0.098,0.51,1
2026-06-25 06:33:01,G30,G,-1.333,-7.01,1
2026-06-25 06:33:02,G30,G,-1.904,-10.00,1
2026-06-25 06:33:08,G14,G,-0.098,-0.51,1
2026-06-25 06:33:09,G14,G,0.099,0.52,1
2026-06-25 06:33:13,G30,G,-0.097,-0.51,1
2026-06-25 06:33:16,G30,G,0.096,0.50,1
2026-06-25 06:33:19,G30,G,-0.096,-0.50,1
2026-06-25 06:33:20,G14,G,-0.100,-0.52,1
2026-06-25 06:33:21,G30,G,0.093,0.49,1
2026-06-25 06:33:25,G30,G,-0.088,-0.46,1
2026-06-25 06:33:29,G30,G,0.085,0.45,1
2026-06-25 06:33:43,G30,G,-0.093,-0.49,1
2026-06-25 06:33:47,G14,G,0.097,0.51,1
2026-06-25 06:33:50,G14,G,-0.089,-0.47,1
2026-06-25 06:33:56,G30,G,0.088,0.46,1
2026-06-25 06:34:01,G30,G,-0.095,-0.50,1
2026-06-25 06:34:03,G30,G,0.098,0.52,1
2026-06-25 06:34:04,G14,G,0.097,0.51,1
2026-06-25 06:34:13,G30,G,-0.096,-0.51,1
2026-06-25 06:34:14,G14,G,-0.094,-0.49,1
2026-06-25 06:34:15,G03,G,0.767,4.03,2
2026-06-25 06:34:15,G30,G,0.088,0.46,1
2026-06-25 06:34:19,G30,G,-0.088,-0.46,1
2026-06-25 06:34:21,G30,G,0.095,0.50,1
2026-06-25 06:34:22,G30,G,2.668,14.02,1
2026-06-25 06:34:25,G30,G,-0.100,-0.53,1
2026-06-25 06:34:30,G30,G,0.094,0.50,1
2026-06-25 06:34:31,G30,G,-0.091,-0.48,1
2026-06-25 06:34:32,G30,G,-0.185,-0.97,1
2026-06-25 06:34:36,G30,G,-0.273,-1.44,1
2026-06-25 06:34:37,G30,G,-0.102,-0.53,1
2026-06-25 06:34:50,G03,G,-0.097,-0.51,2
2026-06-25 06:34:55,G03,G,-0.099,-0.52,1
2026-06-25 06:35:04,G30,G,0.095,0.50,1
2026-06-25 06:35:07,G30,G,-0.101,-0.53,1
2026-06-25 06:35:20,G30,G,0.078,0.41,1
2026-06-25 06:35:24,G30,G,0.746,3.92,1
2026-06-25 06:35:25,G30,G,-0.165,-0.87,1
2026-06-25 06:35:29,G30,G,-0.306,-1.61,1
2026-06-25 06:35:30,G30,G,0.392,2.06,1
2026-06-25 06:35:31,G30,G,-0.097,-0.51,1
2026-06-25 06:35:35,G30,G,0.289,1.52,1
2026-06-25 06:35:37,G30,G,-0.096,-0.50,1
2026-06-25 06:35:40,G30,G,-0.093,-0.49,1
2026-06-25 06:35:41,G30,G,-0.196,-1.03,1
2026-06-25 06:35:43,G30,G,-0.387,-2.03,1
2026-06-25 06:35:46,G30,G,-3.982,-20.93,2
2026-06-25 06:35:49,G30,G,-0.099,-0.52,1
2026-06-25 06:36:01,G30,G,-0.083,-0.43,1
2026-06-25 06:36:07,G30,G,1.436,7.55,2
2026-06-25 06:36:19,G30,G,-0.088,-0.46,1
2026-06-25 06:36:22,G30,G,1.143,6.01,1
2026-06-25 06:36:23,G30,G,0.093,0.49,1
2026-06-25 06:36:25,G30,G,-0.099,-0.52,1
2026-06-25 06:36:32,G30,G,0.087,0.46,1
2026-06-25 06:36:38,G30,G,0.229,1.21,1
2026-06-25 06:36:49,G30,G,3.719,19.54,11
2026-06-25 06:36:55,G30,G,-2.388,-12.55,1
2026-06-25 06:37:01,G30,G,-0.094,-0.49,1
2026-06-25 06:37:02,G30,G,-0.102,-0.54,1
2026-06-25 06:37:05,G30,G,-0.174,-0.91,1
2026-06-25 06:37:07,G30,G,-0.092,-0.49,1
2026-06-25 06:37:15,G30,G,0.072,0.38,1
2026-06-25 06:37:17,G07,G,22.353,117.46,2
2026-06-25 06:37:18,G07,G,0.197,1.04,1
2026-06-25 06:37:19,G07,G,-0.101,-0.53,1
2026-06-25 06:37:19,G30,G,-0.080,-0.42,1
2026-06-25 06:37:22,G30,G,0.296,1.56,1
2026-06-25 06:37:25,G30,G,-0.091,-0.48,1
2026-06-25 06:37:30,G30,G,0.278,1.46,1
2026-06-25 06:37:31,G30,G,-0.366,-1.92,1
2026-06-25 06:37:37,G30,G,0.189,0.99,1
2026-06-25 06:37:43,G30,G,-0.096,-0.50,1
2026-06-25 06:37:44,G30,G,0.103,0.54,1
2026-06-25 06:37:45,G30,G,-0.287,-1.51,1
2026-06-25 06:37:48,G30,G,1.323,6.95,1
2026-06-25 06:37:49,G30,G,-0.091,-0.48,1
2026-06-25 06:37:50,G30,G,-2.860,-15.03,1
2026-06-25 06:37:55,G30,G,-0.094,-0.50,1
2026-06-25 06:38:20,G30,G,0.099,0.52,1
2026-06-25 06:38:29,G07,G,1.428,7.50,12
2026-06-25 06:38:29,G30,G,-4.088,-21.48,9
2026-06-25 06:38:31,G30,G,-0.076,-0.40,1
2026-06-25 06:38:32,G07,G,-0.094,-0.50,1
2026-06-25 06:38:37,G30,G,-0.100,-0.52,1
2026-06-25 06:38:46,G30,G,0.088,0.46,1
2026-06-25 06:38:55,G30,G,-0.096,-0.50,1
2026-06-25 06:38:56,G30,G,0.109,0.57,1
2026-06-25 06:39:01,G30,G,-0.094,-0.49,1
2026-06-25 06:39:37,G30,G,0.104,0.55,1
2026-06-25 06:39:38,G07,G,-0.115,-0.60,1
2026-06-25 06:39:42,G07,G,-0.851,-4.47,4
2026-06-25 06:39:43,G07,G,-2.365,-12.43,1
2026-06-25 06:39:43,G30,G,-0.094,-0.49,1
2026-06-25 06:39:48,G07,G,0.096,0.50,1
2026-06-25 06:39:48,G30,G,0.087,0.46,1
2026-06-25 06:39:49,E02,E,0.098,0.51,1
2026-06-25 06:39:49,G07,G,-0.099,-0.52,1
2026-06-25 06:39:53,G07,G,-0.060,-0.32,1
2026-06-25 06:40:06,G30,G,5.306,27.88,2
2026-06-25 06:40:07,G07,G,-0.400,-2.10,1
2026-06-25 06:40:07,G30,G,-0.955,-5.02,1
2026-06-25 06:40:10,G03,G,0.097,0.51,1
2026-06-25 06:40:13,G03,G,-0.089,-0.47,1
2026-06-25 06:40:30,C24,C,3.469,18.06,3
2026-06-25 06:40:38,G07,G,-0.085,-0.45,1
2026-06-25 06:41:09,G03,G,0.098,0.52,1
2026-06-25 06:41:10,G07,G,0.883,4.64,1
2026-06-25 06:41:11,G07,G,-0.358,-1.88,1
2026-06-25 06:41:13,G03,G,-0.100,-0.53,1
2026-06-25 06:42:29,C24,C,-149041197.206,-776096625.07,48
2026-06-25 06:42:46,C24,C,-6.060,-31.56,12
2026-06-25 06:44:57,E02,E,-0.099,-0.52,1
2026-06-25 06:45:31,C09,C,-0.186,-0.97,1
2026-06-25 06:45:31,C13,C,0.503,2.62,1
2026-06-25 06:45:31,C14,C,0.500,2.61,1
2026-06-25 06:45:31,C21,C,0.272,1.41,1
2026-06-25 06:45:31,C22,C,-0.291,-1.51,1
2026-06-25 06:45:31,C23,C,-0.053,-0.28,1
2026-06-25 06:45:31,C25,C,-0.453,-2.36,1
2026-06-25 06:45:31,C31,C,-0.414,-2.16,1
2026-06-25 06:45:31,C34,C,-0.061,-0.32,1
2026-06-25 06:45:31,C38,C,0.415,2.16,1
2026-06-25 06:45:31,C42,C,0.651,3.39,1
2026-06-25 06:45:31,E02,E,-0.574,-3.01,1
2026-06-25 06:45:31,E05,E,0.363,1.90,1
2026-06-25 06:45:31,E13,E,0.435,2.28,1
2026-06-25 06:45:31,E15,E,0.119,0.62,1
2026-06-25 06:45:31,E21,E,0.506,2.66,1
2026-06-25 06:45:31,E27,E,0.072,0.38,1
2026-06-25 06:45:31,E30,E,-0.416,-2.18,1
2026-06-25 06:45:31,E34,E,-0.293,-1.54,1
2026-06-25 06:45:31,E36,E,-0.444,-2.33,1
2026-06-25 06:45:31,G01,G,0.437,2.29,1
2026-06-25 06:45:31,G02,G,0.130,0.68,1
2026-06-25 06:45:31,G03,G,0.782,4.11,1
2026-06-25 06:45:31,G10,G,-0.408,-2.14,1
2026-06-25 06:45:31,G14,G,0.602,3.17,1
2026-06-25 06:45:31,G16,G,-0.696,-3.66,1
2026-06-25 06:45:31,G23,G,-0.629,-3.30,1
2026-06-25 06:45:31,G27,G,-0.394,-2.07,1
2026-06-25 06:45:31,G32,G,0.411,2.16,1
2026-06-25 06:49:47,E36,E,-17.493,-91.93,8
2026-06-25 06:50:49,E02,E,0.099,0.52,1
2026-06-25 06:50:59,E02,E,-0.093,-0.49,1
2026-06-25 06:52:37,E02,E,0.096,0.51,1
2026-06-25 06:53:28,E03,E,125806058.242,661115298.23,17014
2026-06-25 06:53:46,C37,C,639194.309,3328452.50,40913
2026-06-25 06:54:08,E02,E,-3.606,-18.95,9
2026-06-25 06:54:09,E02,E,-0.910,-4.78,1
2026-06-25 06:54:10,E02,E,-0.883,-4.64,1
2026-06-25 06:54:11,E02,E,-0.927,-4.87,1
2026-06-25 06:54:12,E02,E,-0.977,-5.13,1
2026-06-25 06:54:13,E02,E,-0.946,-4.97,1
2026-06-25 06:54:14,E02,E,-0.969,-5.09,1
2026-06-25 06:54:15,E02,E,-1.023,-5.38,1
2026-06-25 06:54:16,E02,E,-1.055,-5.55,1
2026-06-25 06:54:17,E02,E,-1.107,-5.82,1
2026-06-25 06:54:18,E02,E,-1.037,-5.45,1
2026-06-25 06:54:19,E02,E,-1.300,-6.83,1
2026-06-25 06:54:22,E02,E,-2.393,-12.58,3
2026-06-25 06:54:23,E02,E,-1.575,-8.27,1
2026-06-25 06:54:24,E02,E,-1.549,-8.14,1
2026-06-25 06:54:25,E02,E,-1.412,-7.42,1
2026-06-25 06:54:26,E02,E,-1.504,-7.91,1
2026-06-25 06:54:27,E02,E,-1.468,-7.71,1
2026-06-25 06:54:34,E02,E,-9.034,-47.47,7
2026-06-25 06:54:35,E02,E,-1.090,-5.73,1
2026-06-25 06:54:36,E02,E,-1.020,-5.36,1
2026-06-25 06:54:37,E02,E,-0.930,-4.89,1
2026-06-25 06:54:38,E02,E,-0.838,-4.40,1
2026-06-25 06:54:39,E02,E,-0.735,-3.86,1
2026-06-25 06:54:40,E02,E,-0.670,-3.52,1
2026-06-25 06:54:41,E02,E,-0.475,-2.49,1
2026-06-25 06:54:42,E02,E,-0.475,-2.50,1
2026-06-25 06:54:43,E02,E,-0.411,-2.16,1
2026-06-25 06:54:44,E02,E,-0.118,-0.62,1
2026-06-25 06:59:13,G23,G,-3.413,-17.94,1
2026-06-25 06:59:21,G23,G,3.034,15.95,1
2026-06-25 07:01:47,G23,G,1.521,7.99,1
2026-06-25 07:02:23,G23,G,-0.096,-0.50,1
2026-06-25 07:02:27,G23,G,-0.270,-1.42,1
2026-06-25 07:02:32,G22,G,42479150.963,223229444.98,36778
2026-06-25 07:02:33,G23,G,-1.340,-7.04,5
2026-06-25 07:02:34,G23,G,-0.092,-0.49,1
2026-06-25 07:03:40,G23,G,-8.012,-42.10,54
2026-06-25 07:03:54,G23,G,-0.080,-0.42,1
2026-06-25 07:03:56,G23,G,-14.652,-77.00,1
2026-06-25 07:05:30,G16,G,0.095,0.50,1
2026-06-25 07:05:31,G16,G,-0.095,-0.50,1
2026-06-25 07:05:34,G16,G,0.096,0.50,1
2026-06-25 07:05:37,G16,G,-0.100,-0.52,1
2026-06-25 07:06:02,G16,G,0.094,0.49,1
2026-06-25 07:06:07,G16,G,-0.102,-0.53,1
2026-06-25 07:06:16,G16,G,0.100,0.53,1
2026-06-25 07:06:19,G16,G,-0.101,-0.53,1
2026-06-25 07:07:17,G16,G,0.092,0.49,1
2026-06-25 07:07:19,G16,G,-0.094,-0.49,1
2026-06-25 07:07:31,G16,G,0.095,0.50,1
2026-06-25 07:07:37,G16,G,-0.101,-0.53,1
2026-06-25 07:12:45,G16,G,0.099,0.52,1
2026-06-25 07:12:49,G16,G,-0.096,-0.50,1
2026-06-25 07:14:21,G16,G,0.095,0.50,1
2026-06-25 07:14:25,G16,G,-0.085,-0.45,1
2026-06-25 07:14:31,G16,G,0.099,0.52,1
2026-06-25 07:14:43,G16,G,-0.102,-0.54,1
2026-06-25 07:14:54,G16,G,0.089,0.47,1
2026-06-25 07:14:55,G16,G,-0.091,-0.48,1
2026-06-25 07:15:15,G16,G,0.092,0.48,1
2026-06-25 07:15:37,G16,G,-0.094,-0.49,1
2026-06-25 07:15:38,G16,G,0.088,0.46,1
2026-06-25 07:15:43,G16,G,-0.094,-0.49,1
2026-06-25 07:15:44,G16,G,0.095,0.50,1
2026-06-25 07:15:49,G16,G,-0.102,-0.54,1
2026-06-25 07:15:50,G16,G,0.100,0.53,1
2026-06-25 07:16:25,G16,G,-0.096,-0.50,1
2026-06-25 07:16:28,G16,G,0.098,0.51,1
2026-06-25 07:16:37,G16,G,-0.111,-0.58,1
2026-06-25 07:16:38,G16,G,0.103,0.54,1
2026-06-25 07:17:00,E32,E,149317288.777,784667648.60,15746
2026-06-25 07:17:13,G16,G,0.091,0.48,1
2026-06-25 07:17:14,G16,G,0.090,0.47,1
2026-06-25 07:17:19,G16,G,0.108,0.56,1
2026-06-25 07:17:22,G16,G,-0.102,-0.54,1
2026-06-25 07:17:23,G16,G,-0.183,-0.96,1
2026-06-25 07:17:24,G16,G,0.054,0.28,1
2026-06-25 07:17:25,G16,G,0.051,0.27,1
2026-06-25 07:20:11,E09,E,0.101,0.53,1
2026-06-25 07:20:44,C09,C,0.234,1.22,1
2026-06-25 07:20:44,C13,C,-0.454,-2.36,1
2026-06-25 07:20:44,C14,C,-0.284,-1.48,1
2026-06-25 07:20:44,C22,C,0.497,2.59,1
2026-06-25 07:20:44,C23,C,0.280,1.46,1
2026-06-25 07:20:44,C25,C,0.537,2.80,1
2026-06-25 07:20:44,C31,C,0.498,2.59,1
2026-06-25 07:20:44,C34,C,0.200,1.04,1
2026-06-25 07:20:44,C37,C,-0.151,-0.79,1
2026-06-25 07:20:44,C38,C,-0.324,-1.69,1
2026-06-25 07:20:44,C42,C,-0.517,-2.69,1
2026-06-25 07:20:44,E03,E,-0.480,-2.52,1
2026-06-25 07:20:44,E05,E,-0.180,-0.95,1
2026-06-25 07:20:44,E09,E,0.234,1.23,1
2026-06-25 07:20:44,E13,E,-0.348,-1.83,1
2026-06-25 07:20:44,E21,E,-0.352,-1.85,1
2026-06-25 07:20:44,E27,E,0.154,0.81,1
2026-06-25 07:20:44,E30,E,0.551,2.89,1
2026-06-25 07:20:44,E32,E,-0.495,-2.60,1
2026-06-25 07:20:44,E34,E,0.359,1.89,1
2026-06-25 07:20:44,G01,G,-0.291,-1.53,1
2026-06-25 07:20:44,G03,G,-0.677,-3.56,1
2026-06-25 07:20:44,G08,G,0.231,1.21,1
2026-06-25 07:20:44,G10,G,0.573,3.01,1
2026-06-25 07:20:44,G14,G,-0.404,-2.12,1
2026-06-25 07:20:44,G22,G,-0.498,-2.62,1
2026-06-25 07:20:44,G27,G,0.566,2.97,1
2026-06-25 07:20:44,G32,G,-0.201,-1.06,1
2026-06-25 07:27:58,C33,C,210246528.782,1094808848.02,22718
2026-06-25 07:28:35,E09,E,-0.100,-0.53,1
2026-06-25 07:30:04,C28,C,122634392.210,638589461.82,40529
2026-06-25 07:30:38,E09,E,0.090,0.47,1
2026-06-25 07:49:38,G17,G,76488086.026,401947604.99,37686
2026-06-25 07:51:28,E08,E,161812094.809,850328297.46,16845
2026-06-25 07:58:21,C09,C,-0.205,-1.07,1
2026-06-25 07:58:21,C13,C,0.454,2.36,1
2026-06-25 07:58:21,C14,C,0.078,0.41,1
2026-06-25 07:58:21,C21,C,-0.215,-1.12,1
2026-06-25 07:58:21,C22,C,-0.583,-3.04,1
2026-06-25 07:58:21,C23,C,-0.385,-2.01,1
2026-06-25 07:58:21,C25,C,-0.479,-2.50,1
2026-06-25 07:58:21,C28,C,0.546,2.84,1
2026-06-25 07:58:21,C31,C,-0.482,-2.51,1
2026-06-25 07:58:21,C33,C,0.705,3.67,1
2026-06-25 07:58:21,C34,C,-0.281,-1.46,1
2026-06-25 07:58:21,C38,C,0.272,1.42,1
2026-06-25 07:58:21,C42,C,0.366,1.91,1
2026-06-25 07:58:21,E03,E,0.440,2.31,1
2026-06-25 07:58:21,E08,E,0.584,3.07,1
2026-06-25 07:58:21,E13,E,0.327,1.72,1
2026-06-25 07:58:21,E21,E,0.211,1.11,1
2026-06-25 07:58:21,E27,E,-0.306,-1.61,1
2026-06-25 07:58:21,E30,E,-0.570,-3.00,1
2026-06-25 07:58:21,E32,E,0.544,2.86,1
2026-06-25 07:58:21,E34,E,-0.340,-1.79,1
2026-06-25 07:58:21,G01,G,0.203,1.07,1
2026-06-25 07:58:21,G02,G,-0.080,-0.42,1
2026-06-25 07:58:21,G03,G,0.559,2.94,1
2026-06-25 07:58:21,G08,G,-0.401,-2.11,1
2026-06-25 07:58:21,G10,G,-0.600,-3.15,1
2026-06-25 07:58:21,G14,G,0.195,1.02,1
2026-06-25 07:58:21,G17,G,0.627,3.30,1
2026-06-25 07:58:21,G22,G,0.351,1.85,1
2026-06-25 07:58:21,G27,G,-0.634,-3.33,1
2026-06-25 07:59:23,C31,C,5.178,26.96,3
2026-06-25 07:59:36,C31,C,0.206,1.07,3
2026-06-25 07:59:39,C31,C,-0.189,-0.99,2
2026-06-25 08:01:13,C25,C,27.754,144.52,6
2026-06-25 08:01:15,C25,C,-0.099,-0.52,1
2026-06-25 08:01:35,C25,C,-0.284,-1.48,5
2026-06-25 08:01:40,C25,C,-0.096,-0.50,1
2026-06-25 08:01:45,C25,C,0.576,3.00,4
2026-06-25 08:03:13,C25,C,3.026,15.76,7
2026-06-25 08:03:15,C25,C,-0.092,-0.48,1
2026-06-25 08:03:17,C31,C,-0.206,-1.07,10
2026-06-25 08:04:12,C25,C,-3.245,-16.90,4
2026-06-25 08:04:14,C31,C,-0.769,-4.00,2
2026-06-25 08:04:35,C31,C,0.571,2.97,7
2026-06-25 08:04:36,C25,C,0.953,4.96,5
2026-06-25 08:05:06,C25,C,-1.640,-8.54,3
2026-06-25 08:05:09,C25,C,-0.106,-0.55,1
2026-06-25 08:05:21,C25,C,1.234,6.42,3
2026-06-25 08:05:27,C25,C,-0.107,-0.56,1
2026-06-25 08:05:30,C25,C,-1.041,-5.42,3
2026-06-25 08:05:33,C25,C,-0.097,-0.50,1
2026-06-25 08:05:50,C25,C,0.278,1.45,1
2026-06-25 08:05:58,C25,C,-2.018,-10.51,8
2026-06-25 08:06:22,C31,C,0.774,4.03,6
2026-06-25 08:07:23,C31,C,-0.956,-4.98,27
2026-06-25 08:07:43,C31,C,-2.504,-13.04,17
2026-06-25 08:25:12,G10,G,-0.050,-0.26,1
2026-06-25 08:25:13,G10,G,0.132,0.69,1
2026-06-25 08:25:14,G10,G,0.336,1.77,1
2026-06-25 08:25:18,G10,G,-0.052,-0.27,1
2026-06-25 08:25:20,G10,G,-0.082,-0.43,1
2026-06-25 08:25:21,G10,G,0.051,0.27,1
2026-06-25 08:25:23,G10,G,0.394,2.07,1
2026-06-25 08:25:51,G10,G,9.867,51.85,28
2026-06-25 08:25:59,G10,G,-0.097,-0.51,1
2026-06-25 08:26:00,G10,G,0.094,0.50,1
2026-06-25 08:27:47,G10,G,160.296,842.36,107
2026-06-25 08:29:20,G04,G,223483284.620,1174412587.31,19870
2026-06-25 08:31:58,E23,E,-15145846.299,-79591959.50,45781
2026-06-25 08:40:13,E30,E,0.100,0.52,1
2026-06-25 08:40:26,C23,C,21.508,112.00,6
2026-06-25 08:41:04,E30,E,-0.092,-0.49,1
2026-06-25 08:41:53,E30,E,0.092,0.48,1
2026-06-25 08:42:15,C23,C,-0.692,-3.60,1
2026-06-25 08:42:21,C23,C,-0.108,-0.56,1
2026-06-25 08:43:07,C23,C,-3.153,-16.42,6
2026-06-25 08:43:10,C23,C,-0.106,-0.55,1
2026-06-25 08:43:45,C23,C,6.333,32.98,4
2026-06-25 08:44:11,E30,E,-0.096,-0.51,1
2026-06-25 08:44:50,C23,C,7.871,40.99,51
2026-06-25 08:45:04,C23,C,-0.081,-0.42,1
2026-06-25 08:45:30,C23,C,-1.246,-6.49,23
2026-06-25 08:45:45,C23,C,-0.113,-0.59,1
2026-06-25 08:45:56,E30,E,0.103,0.54,1
2026-06-25 08:47:42,C23,C,-6.538,-34.04,116
2026-06-25 08:47:46,C23,C,-0.104,-0.54,1
2026-06-25 08:48:47,E30,E,6.857,36.03,4
2026-06-25 08:49:27,E30,E,1.533,8.06,6
2026-06-25 08:49:49,E30,E,-2.073,-10.90,6
2026-06-25 08:50:01,E30,E,0.178,0.94,2
2026-06-25 08:55:30,E26,E,146695276.521,770888881.19,75561
2026-06-25 08:56:57,G27,G,0.218,1.15,1
2026-06-25 08:57:19,G27,G,0.117,0.61,1
2026-06-25 08:57:21,G27,G,3.393,17.83,2
2026-06-25 08:57:37,G27,G,-0.088,-0.46,1
2026-06-25 08:57:38,G27,G,0.090,0.47,1
2026-06-25 08:57:49,C37,C,-0.111,-0.58,1
2026-06-25 09:00:14,G28,G,132654041.867,697101695.06,18528
2026-06-25 09:01:24,G28,G,-0.061,-0.32,1
2026-06-25 09:01:38,G28,G,-0.093,-0.49,1
2026-06-25 09:01:45,G28,G,0.100,0.52,1
2026-06-25 09:01:50,G28,G,1.996,10.49,1
2026-06-25 09:01:55,G28,G,-0.091,-0.48,1
2026-06-25 09:02:00,G28,G,0.467,2.46,2
2026-06-25 09:02:01,G28,G,-0.095,-0.50,1
2026-06-25 09:02:05,G28,G,-0.283,-1.49,1
2026-06-25 09:02:07,G28,G,-0.087,-0.45,1
2026-06-25 09:02:14,G28,G,-0.096,-0.50,1
2026-06-25 09:02:31,G28,G,0.093,0.49,1
2026-06-25 09:02:37,C09,C,0.149,0.78,1
2026-06-25 09:02:37,C13,C,-0.335,-1.74,1
2026-06-25 09:02:37,C14,C,0.288,1.50,1
2026-06-25 09:02:37,C21,C,0.489,2.55,1
2026-06-25 09:02:37,C28,C,-0.545,-2.84,1
2026-06-25 09:02:37,C33,C,-0.583,-3.03,1
2026-06-25 09:02:37,C34,C,0.447,2.33,1
2026-06-25 09:02:37,C38,C,-0.061,-0.32,1
2026-06-25 09:02:37,E03,E,-0.181,-0.95,1
2026-06-25 09:02:37,E05,E,0.284,1.49,1
2026-06-25 09:02:37,E08,E,-0.587,-3.09,1
2026-06-25 09:02:37,E13,E,-0.277,-1.46,1
2026-06-25 09:02:37,E15,E,0.109,0.57,1
2026-06-25 09:02:37,E21,E,0.108,0.56,1
2026-06-25 09:02:37,E23,E,-0.334,-1.75,1
2026-06-25 09:02:37,E26,E,-0.449,-2.36,1
2026-06-25 09:02:37,E27,E,0.474,2.49,1
2026-06-25 09:02:37,E32,E,-0.423,-2.22,1
2026-06-25 09:02:37,E34,E,0.339,1.78,1
2026-06-25 09:02:37,G02,G,0.218,1.15,1
2026-06-25 09:02:37,G03,G,-0.220,-1.16,1
2026-06-25 09:02:37,G04,G,-0.741,-3.89,1
2026-06-25 09:02:37,G08,G,0.613,3.22,1
2026-06-25 09:02:37,G14,G,0.213,1.12,1
2026-06-25 09:02:37,G17,G,-0.522,-2.74,1
2026-06-25 09:02:37,G28,G,-0.430,-2.26,1
2026-06-25 09:02:37,G32,G,0.393,2.07,1
2026-06-25 09:02:43,G28,G,-0.095,-0.50,1
2026-06-25 09:02:52,G28,G,0.096,0.50,1
2026-06-25 09:02:56,G28,G,-0.095,-0.50,1
2026-06-25 09:03:26,G28,G,0.098,0.52,1
2026-06-25 09:03:32,G28,G,-0.091,-0.48,1
2026-06-25 09:03:33,G28,G,0.094,0.50,1
2026-06-25 09:03:37,G28,G,-0.093,-0.49,1
2026-06-25 09:03:38,G28,G,0.093,0.49,1
2026-06-25 09:04:02,G28,G,-0.088,-0.46,1
2026-06-25 09:04:04,G28,G,0.096,0.51,1
2026-06-25 09:04:07,G28,G,-0.091,-0.48,1
2026-06-25 09:04:14,G28,G,0.091,0.48,1
2026-06-25 09:04:20,G28,G,-0.094,-0.49,1
2026-06-25 09:04:38,G28,G,0.093,0.49,1
2026-06-25 09:04:41,C09,C,4.237,22.06,3
2026-06-25 09:04:55,C09,C,0.192,1.00,5
2026-06-25 09:05:08,G28,G,-0.098,-0.52,1
2026-06-25 09:05:14,G19,G,62632783.813,329137500.43,37664
2026-06-25 09:05:18,C09,C,214329874.951,1116071903.07,4
2026-06-25 09:05:52,C09,C,0.377,1.96,31
2026-06-25 09:05:58,C09,C,-0.202,-1.05,2
2026-06-25 09:05:59,G28,G,0.096,0.50,1
2026-06-25 09:06:01,G28,G,-0.089,-0.47,1
2026-06-25 09:06:53,C09,C,-0.208,-1.08,25
2026-06-25 09:07:41,C09,C,1.139,5.93,46
2026-06-25 09:07:47,C09,C,-0.099,-0.51,1
2026-06-25 09:07:52,C09,C,-0.084,-0.44,1
2026-06-25 09:08:00,C09,C,0.120,0.62,1
2026-06-25 09:11:48,C13,C,0.304,1.58,1
2026-06-25 09:11:48,C14,C,-0.329,-1.71,1
2026-06-25 09:11:48,C21,C,-0.514,-2.68,1
2026-06-25 09:11:48,C28,C,0.531,2.77,1
2026-06-25 09:11:48,C33,C,0.547,2.85,1
2026-06-25 09:11:48,C34,C,-0.470,-2.45,1
2026-06-25 09:11:48,C42,C,-0.069,-0.36,1
2026-06-25 09:11:48,E03,E,0.128,0.67,1
2026-06-25 09:11:48,E05,E,-0.326,-1.71,1
2026-06-25 09:11:48,E08,E,0.566,2.97,1
2026-06-25 09:11:48,E13,E,0.269,1.41,1
2026-06-25 09:11:48,E15,E,-0.119,-0.63,1
2026-06-25 09:11:48,E21,E,-0.155,-0.81,1
2026-06-25 09:11:48,E23,E,0.295,1.55,1
2026-06-25 09:11:48,E26,E,0.455,2.39,1
2026-06-25 09:11:48,E27,E,-0.487,-2.56,1
2026-06-25 09:11:48,E32,E,0.388,2.04,1
2026-06-25 09:11:48,E34,E,-0.349,-1.84,1
2026-06-25 09:11:48,G02,G,-0.244,-1.28,1
2026-06-25 09:11:48,G03,G,0.167,0.88,1
2026-06-25 09:11:48,G04,G,0.735,3.86,1
2026-06-25 09:11:48,G08,G,-0.629,-3.30,1
2026-06-25 09:11:48,G14,G,-0.262,-1.38,1
2026-06-25 09:11:48,G17,G,0.488,2.56,1
2026-06-25 09:11:48,G19,G,0.754,3.96,1
2026-06-25 09:11:48,G22,G,-0.080,-0.42,1
2026-06-25 09:11:48,G28,G,0.393,2.06,1
2026-06-25 09:11:48,G32,G,-0.436,-2.29,1
2026-06-25 09:13:13,C09,C,-2331883.649,-12142730.09,310
2026-06-25 09:13:16,C09,C,-0.096,-0.50,1
2026-06-25 09:16:10,C07,C,253092722.221,1317920220.91,70123
2026-06-25 09:17:58,C41,C,201907809.112,1051386946.46,65944
2026-06-25 09:20:02,G31,G,153413303.525,806192351.38,16572
2026-06-25 09:22:28,E07,E,183359624.605,963561330.80,20728
2026-06-25 09:33:26,G09,G,240440006.029,1263520759.74,61386
2026-06-25 09:38:34,C27,C,76505612.072,398384798.57,40818
2026-06-25 09:42:46,C10,C,-14520159.671,-75610281.77,66194
2026-06-25 09:43:50,G06,G,119771167.678,629401734.26,36159
2026-06-25 09:44:52,G06,G,0.097,0.51,1
2026-06-25 09:44:55,G06,G,-0.092,-0.48,1
2026-06-25 09:44:56,G06,G,3.804,19.99,1
2026-06-25 09:44:58,G06,G,-2.285,-12.01,1
2026-06-25 09:45:01,G06,G,-0.187,-0.98,1
2026-06-25 09:45:02,G06,G,0.094,0.49,1
2026-06-25 09:45:07,G06,G,-0.093,-0.49,1
2026-06-25 09:45:31,G06,G,0.097,0.51,1
2026-06-25 09:45:37,G06,G,-0.090,-0.47,1
2026-06-25 09:45:38,G06,G,0.091,0.48,1
2026-06-25 09:45:43,G06,G,-0.088,-0.46,1
2026-06-25 09:46:01,G06,G,0.481,2.53,1
2026-06-25 09:46:13,G06,G,-0.089,-0.47,1
2026-06-25 09:46:15,G06,G,0.081,0.42,1
2026-06-25 09:46:21,G06,G,-2.092,-10.99,1
2026-06-25 09:46:25,G06,G,2.167,11.39,1
2026-06-25 09:46:26,G06,G,0.110,0.58,1
2026-06-25 09:46:31,G06,G,-0.090,-0.48,1
2026-06-25 09:46:38,G06,G,0.096,0.50,1
2026-06-25 09:46:43,G06,G,-0.099,-0.52,1
2026-06-25 09:47:08,G06,G,0.088,0.46,1
2026-06-25 09:47:13,G06,G,-0.098,-0.52,1
2026-06-25 09:47:16,G06,G,0.094,0.49,1
2026-06-25 09:47:19,G06,G,-0.094,-0.49,1
2026-06-25 09:49:58,G08,G,0.094,0.50,1
2026-06-25 09:50:02,G08,G,-0.090,-0.47,1
2026-06-25 09:50:29,G08,G,0.091,0.48,1
2026-06-25 09:50:32,G08,G,-0.091,-0.48,1
2026-06-25 09:50:46,G06,G,0.096,0.51,1
2026-06-25 09:50:49,G06,G,-0.097,-0.51,1
2026-06-25 09:50:50,G06,G,0.103,0.54,1
2026-06-25 09:51:01,G06,G,-0.092,-0.48,1
2026-06-25 09:51:03,G06,G,0.094,0.50,1
2026-06-25 09:51:07,G06,G,-0.096,-0.51,1
2026-06-25 09:51:12,G08,G,0.101,0.53,1
2026-06-25 09:51:14,G08,G,-0.095,-0.50,1
2026-06-25 09:51:17,G08,G,0.095,0.50,1
2026-06-25 09:51:20,G08,G,-0.103,-0.54,1
2026-06-25 09:53:49,G32,G,0.094,0.50,1
2026-06-25 09:53:55,G32,G,-0.100,-0.52,1
2026-06-25 09:55:30,G06,G,0.093,0.49,1
2026-06-25 09:55:31,G06,G,-0.093,-0.49,1
2026-06-25 09:55:40,G32,G,0.096,0.51,1
2026-06-25 09:55:43,G32,G,-0.092,-0.48,1
2026-06-25 09:59:04,G32,G,0.097,0.51,1
2026-06-25 09:59:07,G32,G,-0.097,-0.51,1
2026-06-25 09:59:15,G08,G,0.093,0.49,1
2026-06-25 09:59:16,G32,G,0.097,0.51,1
2026-06-25 09:59:19,G32,G,-0.089,-0.47,1
2026-06-25 09:59:20,G08,G,-0.095,-0.50,1
2026-06-25 09:59:20,G32,G,0.097,0.51,1
2026-06-25 09:59:31,G32,G,-0.096,-0.51,1
2026-06-25 09:59:51,G06,G,0.097,0.51,1
2026-06-25 09:59:55,G06,G,-0.090,-0.47,1
2026-06-25 10:00:07,G32,G,0.097,0.51,1
2026-06-25 10:00:13,G32,G,-0.102,-0.54,1
2026-06-25 10:00:22,G32,G,0.095,0.50,1
2026-06-25 10:00:23,G32,G,-3.908,-20.54,1
2026-06-25 10:00:25,G32,G,-0.190,-1.00,1
2026-06-25 10:00:27,G32,G,0.094,0.49,1
2026-06-25 10:00:31,G32,G,-0.105,-0.55,1
2026-06-25 10:00:32,G32,G,0.098,0.51,1
2026-06-25 10:00:46,G32,G,-2.643,-13.89,4
2026-06-25 10:00:55,G32,G,-0.095,-0.50,1
2026-06-25 10:01:19,G32,G,0.094,0.49,1
2026-06-25 10:01:25,G32,G,-0.093,-0.49,1
2026-06-25 10:01:51,G32,G,0.088,0.46,1
2026-06-25 10:01:55,G32,G,-0.094,-0.49,1
2026-06-25 10:02:00,G32,G,0.106,0.56,1
2026-06-25 10:02:01,G32,G,-0.100,-0.52,1
2026-06-25 10:02:02,G32,G,0.090,0.48,1
2026-06-25 10:02:03,E34,E,11.419,60.01,6
2026-06-25 10:02:07,G32,G,-0.099,-0.52,1
2026-06-25 10:02:08,G32,G,0.093,0.49,1
2026-06-25 10:02:13,G32,G,-0.092,-0.48,1
2026-06-25 10:02:15,G32,G,0.094,0.49,1
2026-06-25 10:07:18,G08,G,0.094,0.49,1
2026-06-25 10:07:20,G08,G,-0.100,-0.53,1
2026-06-25 10:07:36,G08,G,0.096,0.51,1
2026-06-25 10:07:44,G08,G,-0.096,-0.51,1
2026-06-25 10:07:48,G08,G,0.102,0.54,1
2026-06-25 10:08:14,G08,G,-0.095,-0.50,1
2026-06-25 10:08:18,G08,G,0.103,0.54,1
2026-06-25 10:08:32,G08,G,-0.096,-0.50,1
2026-06-25 10:08:33,G08,G,0.097,0.51,1
2026-06-25 10:08:35,G08,G,0.081,0.43,1
2026-06-25 10:08:37,G08,G,0.061,0.32,1
2026-06-25 10:08:44,G08,G,-0.101,-0.53,1
2026-06-25 10:08:47,G08,G,0.089,0.47,1
2026-06-25 10:08:52,G08,G,0.109,0.57,1
2026-06-25 10:09:14,G08,G,13.410,70.47,22
2026-06-25 10:09:19,G08,G,-0.098,-0.52,1
2026-06-25 10:09:30,G08,G,3.694,19.41,9
2026-06-25 10:09:32,G08,G,-0.104,-0.55,1
2026-06-25 10:09:33,G08,G,-0.192,-1.01,1
2026-06-25 10:09:34,G08,G,-0.744,-3.91,1
2026-06-25 10:09:35,G08,G,-0.185,-0.97,1
2026-06-25 10:11:07,E27,E,0.091,0.48,1
2026-06-25 10:13:58,E27,E,41.678,219.02,7
2026-06-25 10:15:06,C21,C,258805015.872,1347665632.96,32
2026-06-25 10:15:08,G14,G,0.098,0.51,1
2026-06-25 10:15:14,G14,G,-0.095,-0.50,1
2026-06-25 10:17:16,E27,E,-0.097,-0.51,1
2026-06-25 10:17:57,E27,E,0.092,0.48,1
2026-06-25 10:19:33,G14,G,0.098,0.52,1
2026-06-25 10:19:38,G14,G,-0.100,-0.52,1
2026-06-25 10:19:56,E27,E,-3.793,-19.93,9
2026-06-25 10:20:04,E27,E,-0.093,-0.49,1
2026-06-25 10:20:19,E27,E,0.090,0.47,1
2026-06-25 10:20:29,E27,E,-0.096,-0.50,1
2026-06-25 10:20:38,E27,E,0.100,0.53,1
2026-06-25 10:20:50,E27,E,3.040,15.98,9
2026-06-25 10:21:13,E27,E,-8.003,-42.06,19
2026-06-25 10:21:31,E27,E,3.237,17.01,8
2026-06-25 10:23:16,G14,G,0.100,0.52,1
2026-06-25 10:23:20,G14,G,-0.095,-0.50,1
2026-06-25 10:23:23,G14,G,0.101,0.53,1
2026-06-25 10:23:26,G14,G,-0.094,-0.49,1
2026-06-25 10:25:29,C07,C,0.151,0.79,1
2026-06-25 10:25:29,C10,C,0.236,1.23,1
2026-06-25 10:25:29,C13,C,-0.085,-0.44,1
2026-06-25 10:25:29,C14,C,-0.559,-2.91,1
2026-06-25 10:25:29,C27,C,0.579,3.02,1
2026-06-25 10:25:29,C28,C,0.259,1.35,1
2026-06-25 10:25:29,C33,C,0.139,0.73,1
2026-06-25 10:25:29,C34,C,-0.616,-3.21,1
2026-06-25 10:25:29,C38,C,-0.374,-1.95,1
2026-06-25 10:25:29,C41,C,0.555,2.89,1
2026-06-25 10:25:29,C42,C,-0.439,-2.29,1
2026-06-25 10:25:29,E03,E,-0.294,-1.55,1
2026-06-25 10:25:29,E07,E,0.598,3.14,1
2026-06-25 10:25:29,E08,E,0.239,1.26,1
2026-06-25 10:25:29,E13,E,0.124,0.65,1
2026-06-25 10:25:29,E15,E,-0.280,-1.47,1
2026-06-25 10:25:29,E21,E,-0.446,-2.34,1
2026-06-25 10:25:29,E23,E,-0.118,-0.62,1
2026-06-25 10:25:29,E26,E,0.423,2.22,1
2026-06-25 10:25:29,G01,G,-0.337,-1.77,1
2026-06-25 10:25:29,G02,G,-0.477,-2.51,1
2026-06-25 10:25:29,G03,G,-0.231,-1.21,1
2026-06-25 10:25:29,G04,G,0.408,2.14,1
2026-06-25 10:25:29,G06,G,0.592,3.11,1
2026-06-25 10:25:29,G09,G,0.684,3.60,1
2026-06-25 10:25:29,G14,G,-0.476,-2.50,1
2026-06-25 10:25:29,G19,G,0.469,2.46,1
2026-06-25 10:25:29,G22,G,-0.409,-2.15,1
2026-06-25 10:25:29,G28,G,-0.053,-0.28,1
2026-06-25 10:25:29,G31,G,0.248,1.30,1
2026-06-25 10:25:34,G14,G,0.092,0.48,1
2026-06-25 10:25:44,G14,G,-0.097,-0.51,1
2026-06-25 10:25:49,G14,G,0.095,0.50,1
2026-06-25 10:25:56,G14,G,-0.095,-0.50,1
2026-06-25 10:26:23,G14,G,0.097,0.51,1
2026-06-25 10:26:38,G14,G,-0.101,-0.53,1
2026-06-25 10:26:40,G14,G,0.097,0.51,1
2026-06-25 10:26:44,G14,G,-0.092,-0.48,1
2026-06-25 10:26:46,G14,G,0.097,0.51,1
2026-06-25 10:27:02,G14,G,-0.090,-0.47,1
2026-06-25 10:27:20,G14,G,0.104,0.55,1
2026-06-25 10:27:23,G14,G,18.089,95.06,3
2026-06-25 10:27:25,G14,G,-0.103,-0.54,1
2026-06-25 10:27:58,G14,G,-2.202,-11.57,15
2026-06-25 10:28:08,G14,G,3.328,17.49,1
2026-06-25 10:28:09,G14,G,0.096,0.50,1
2026-06-25 10:28:15,G14,G,0.076,0.40,1
2026-06-25 10:28:17,G14,G,-0.099,-0.52,1
2026-06-25 10:28:20,G14,G,-0.101,-0.53,1
2026-06-25 10:28:21,G14,G,0.193,1.02,1
2026-06-25 10:28:40,G14,G,-4.287,-22.53,17
2026-06-25 10:28:41,G14,G,0.096,0.51,1
2026-06-25 10:28:43,G14,G,-0.100,-0.53,1
2026-06-25 10:28:44,G14,G,0.216,1.13,1
2026-06-25 10:29:17,C34,C,0.096,0.50,1
2026-06-25 10:29:21,C34,C,-0.090,-0.47,1
2026-06-25 10:29:37,G14,G,6.733,35.38,51
2026-06-25 10:29:43,G14,G,-0.084,-0.44,1
2026-06-25 10:29:45,G14,G,1.770,9.30,1
2026-06-25 10:29:55,G14,G,294523141.281,1547729553.74,10
2026-06-25 10:30:01,G14,G,-0.080,-0.42,1
2026-06-25 10:46:35,C07,C,-0.145,-0.75,1
2026-06-25 10:46:35,C10,C,-0.242,-1.26,1
2026-06-25 10:46:35,C13,C,0.159,0.83,1
2026-06-25 10:46:35,C14,C,0.522,2.72,1
2026-06-25 10:46:35,C27,C,-0.583,-3.04,1
2026-06-25 10:46:35,C28,C,-0.197,-1.03,1
2026-06-25 10:46:35,C33,C,-0.077,-0.40,1
2026-06-25 10:46:35,C38,C,0.420,2.19,1
2026-06-25 10:46:35,C41,C,-0.534,-2.78,1
2026-06-25 10:46:35,C42,C,0.440,2.29,1
2026-06-25 10:46:35,E03,E,0.335,1.76,1
2026-06-25 10:46:35,E07,E,-0.599,-3.15,1
2026-06-25 10:46:35,E08,E,-0.174,-0.92,1
2026-06-25 10:46:35,E13,E,-0.123,-0.65,1
2026-06-25 10:46:35,E15,E,0.279,1.47,1
2026-06-25 10:46:35,E21,E,0.416,2.19,1
2026-06-25 10:46:35,E23,E,0.167,0.88,1
2026-06-25 10:46:35,E26,E,-0.464,-2.44,1
2026-06-25 10:46:35,E32,E,0.080,0.42,1
2026-06-25 10:46:35,G01,G,0.372,1.96,1
2026-06-25 10:46:35,G02,G,0.475,2.49,1
2026-06-25 10:46:35,G03,G,0.258,1.36,1
2026-06-25 10:46:35,G04,G,-0.319,-1.68,1
2026-06-25 10:46:35,G06,G,-0.621,-3.26,1
2026-06-25 10:46:35,G09,G,-0.661,-3.47,1
2026-06-25 10:46:35,G17,G,0.077,0.40,1
2026-06-25 10:46:35,G19,G,-0.373,-1.96,1
2026-06-25 10:46:35,G22,G,0.384,2.02,1
2026-06-25 10:46:35,G28,G,0.151,0.79,1
2026-06-25 10:46:35,G31,G,-0.150,-0.79,1
2026-06-25 10:48:27,G22,G,17.225,90.52,1
2026-06-25 10:48:31,G22,G,-0.098,-0.52,1
2026-06-25 10:48:36,G22,G,-1.037,-5.45,2
2026-06-25 10:48:37,G22,G,-0.105,-0.55,1
2026-06-25 10:48:39,G22,G,0.416,2.19,1
2026-06-25 10:48:40,G22,G,0.066,0.34,1
2026-06-25 10:48:41,G22,G,0.175,0.92,1
2026-06-25 10:48:50,G22,G,-0.108,-0.57,1
2026-06-25 10:48:51,G22,G,0.098,0.51,1
2026-06-25 10:48:56,G22,G,-0.090,-0.47,1
2026-06-25 10:49:02,G22,G,0.093,0.49,1
2026-06-25 10:49:08,G22,G,-0.103,-0.54,1
2026-06-25 10:49:32,G22,G,0.107,0.56,1
2026-06-25 10:49:38,G22,G,-0.100,-0.52,1
2026-06-25 10:49:45,G22,G,0.092,0.49,1
2026-06-25 10:50:02,G22,G,-10.868,-57.11,8
2026-06-25 10:50:12,G22,G,7.407,38.92,2
2026-06-25 10:50:26,G22,G,0.293,1.54,2
2026-06-25 10:50:31,G22,G,4.183,21.98,1
2026-06-25 10:50:32,G22,G,2.277,11.97,1
2026-06-25 10:50:41,G22,G,-0.189,-0.99,1
2026-06-25 10:50:42,G22,G,-4.650,-24.44,1
2026-06-25 10:51:02,G22,G,-0.098,-0.51,1
2026-06-25 10:51:05,G22,G,0.090,0.47,1
2026-06-25 10:51:17,G22,G,2.582,13.57,8
2026-06-25 10:51:20,G22,G,-0.105,-0.55,1
2026-06-25 10:51:29,G22,G,-2.852,-14.99,5
2026-06-25 10:51:32,G22,G,-0.096,-0.51,1
2026-06-25 10:51:35,G22,G,0.094,0.49,1
2026-06-25 10:51:56,G22,G,-0.855,-4.49,4
2026-06-25 11:05:39,E21,E,0.098,0.52,1
2026-06-25 11:07:23,E21,E,-0.092,-0.48,1
2026-06-25 11:09:10,C26,C,87507987.884,455677056.66,21663
2026-06-25 11:09:29,C26,C,-0.390,-2.03,17
2026-06-25 11:14:12,E21,E,0.100,0.53,1
2026-06-25 11:14:27,E21,E,-0.098,-0.52,1
2026-06-25 11:14:44,E21,E,0.093,0.49,1
2026-06-25 11:14:55,E21,E,17.512,92.02,6
2026-06-25 11:15:13,G28,G,-7.138,-37.51,1
2026-06-25 11:15:19,G28,G,-0.096,-0.51,1
2026-06-25 11:15:56,G28,G,0.688,3.61,1
2026-06-25 11:15:58,G28,G,-0.379,-1.99,1
2026-06-25 11:16:01,G28,G,-0.104,-0.54,1
2026-06-25 11:16:19,E21,E,-1.741,-9.15,39
2026-06-25 11:16:30,E21,E,-0.948,-4.98,5
2026-06-25 11:16:44,E21,E,-3.433,-18.04,13
2026-06-25 11:17:30,E21,E,6.847,35.98,33
2026-06-25 11:21:02,C14,C,-11.122,-57.91,2
2026-06-25 11:21:09,C14,C,-0.482,-2.51,6
2026-06-25 11:21:14,C14,C,-2.318,-12.07,2
2026-06-25 11:21:15,C14,C,-0.074,-0.39,1
2026-06-25 11:21:26,C14,C,1.160,6.04,7
2026-06-25 11:21:27,C14,C,-0.200,-1.04,1
2026-06-25 11:21:57,C14,C,5.390,28.07,18
2026-06-25 11:22:02,C14,C,2.308,12.02,4
2026-06-25 11:22:22,C14,C,-4.036,-21.01,8
2026-06-25 11:22:55,C14,C,-1.721,-8.96,8
2026-06-25 11:23:26,G11,G,82795690.894,435094292.29,37085
2026-06-25 11:23:31,C14,C,2.014,10.49,33
2026-06-25 11:23:34,C14,C,-0.094,-0.49,1
2026-06-25 11:24:56,G28,G,-0.342,-1.79,1
2026-06-25 11:25:08,G28,G,-9.731,-51.13,12
2026-06-25 11:25:13,G28,G,-0.099,-0.52,1
2026-06-25 11:25:20,G07,G,211163069.161,1109669418.09,17049
2026-06-25 11:25:20,G28,G,-0.097,-0.51,1
2026-06-25 11:25:24,G28,G,0.102,0.53,1
2026-06-25 11:25:26,G28,G,-0.096,-0.51,1
2026-06-25 11:25:27,G28,G,0.090,0.47,1
2026-06-25 11:25:32,G28,G,-0.096,-0.50,1
2026-06-25 11:25:35,G28,G,0.092,0.49,1
2026-06-25 11:25:50,G28,G,-0.096,-0.51,1
2026-06-25 11:26:07,G28,G,0.088,0.46,1
2026-06-25 11:26:14,G28,G,-0.092,-0.48,1
2026-06-25 11:26:32,G28,G,0.101,0.53,1
2026-06-25 11:26:56,G28,G,-0.093,-0.49,1
2026-06-25 11:26:57,G28,G,0.098,0.51,1
2026-06-25 11:27:10,G28,G,0.178,0.94,1
2026-06-25 11:27:16,C24,C,281112948.764,1463828893.56,17066
2026-06-25 11:27:58,E29,E,155200668.375,815585017.05,76967
2026-06-25 11:30:20,E23,E,0.110,0.58,1
2026-06-25 11:35:17,E23,E,-0.095,-0.50,1
2026-06-25 11:35:18,G02,G,4.183,21.98,1
2026-06-25 11:36:43,E23,E,0.093,0.49,1
2026-06-25 11:37:04,E23,E,-0.096,-0.50,1
2026-06-25 11:38:06,E23,E,0.085,0.45,1
2026-06-25 11:38:27,G02,G,-0.180,-0.95,1
2026-06-25 11:38:43,G02,G,-0.373,-1.96,2
2026-06-25 11:39:34,C07,C,0.081,0.42,1
2026-06-25 11:39:34,C10,C,0.188,0.98,1
2026-06-25 11:39:34,C13,C,-0.371,-1.93,1
2026-06-25 11:39:34,C24,C,0.538,2.80,1
2026-06-25 11:39:34,C26,C,0.276,1.44,1
2026-06-25 11:39:34,C27,C,0.430,2.24,1
2026-06-25 11:39:34,C28,C,-0.068,-0.35,1
2026-06-25 11:39:34,C33,C,-0.096,-0.50,1
2026-06-25 11:39:34,C38,C,-0.519,-2.70,1
2026-06-25 11:39:34,C41,C,0.400,2.09,1
2026-06-25 11:39:34,C42,C,-0.429,-2.23,1
2026-06-25 11:39:34,E03,E,-0.412,-2.17,1
2026-06-25 11:39:34,E07,E,0.481,2.53,1
2026-06-25 11:39:34,E15,E,-0.338,-1.78,1
2026-06-25 11:39:34,E23,E,-0.289,-1.52,1
2026-06-25 11:39:34,E26,E,0.461,2.42,1
2026-06-25 11:39:34,E29,E,0.685,3.60,1
2026-06-25 11:39:34,E32,E,-0.258,-1.36,1
2026-06-25 11:39:34,G01,G,-0.491,-2.58,1
2026-06-25 11:39:34,G02,G,-0.503,-2.64,1
2026-06-25 11:39:34,G03,G,-0.329,-1.73,1
2026-06-25 11:39:34,G06,G,0.549,2.89,1
2026-06-25 11:39:34,G07,G,0.684,3.59,1
2026-06-25 11:39:34,G09,G,0.433,2.28,1
2026-06-25 11:39:34,G11,G,0.762,4.00,1
2026-06-25 11:39:34,G17,G,-0.332,-1.75,1
2026-06-25 11:39:34,G31,G,-0.185,-0.97,1
2026-06-25 11:45:52,C32,C,195008517.630,1015460525.21,65033
2026-06-25 11:53:58,E33,E,75934622.111,399039132.49,45070
2026-06-25 12:03:04,C30,C,27116285.235,141201613.04,41210
2026-06-25 12:04:32,G21,G,244817791.292,1286526176.58,61774
2026-06-25 12:11:34,C25,C,175584751.246,914315876.49,14729
2026-06-25 12:18:56,E03,E,-7.228,-37.98,3
2026-06-25 12:20:10,E03,E,1.708,8.97,53
2026-06-25 12:20:31,E03,E,3.925,20.63,17
2026-06-25 12:20:46,E03,E,3.999,21.01,12
2026-06-25 12:29:01,C42,C,-9.023,-46.98,5
2026-06-25 12:29:10,G31,G,0.117,0.62,1
2026-06-25 12:29:13,G31,G,-11.239,-59.06,1
2026-06-25 12:29:14,G31,G,2.660,13.98,1
2026-06-25 12:29:19,G31,G,-0.096,-0.50,1
2026-06-25 12:29:24,G31,G,0.092,0.48,1
2026-06-25 12:29:26,G30,G,228272414.338,1199579633.84,20956
2026-06-25 12:29:26,G31,G,0.196,1.03,1
2026-06-25 12:29:32,G31,G,-0.569,-2.99,2
2026-06-25 12:29:37,G31,G,-0.097,-0.51,1
2026-06-25 12:29:50,G31,G,0.124,0.65,1
2026-06-25 12:29:52,G31,G,-2.286,-12.01,1
2026-06-25 12:29:53,G31,G,-1.801,-9.46,1
2026-06-25 12:29:55,G31,G,2.857,15.02,1
2026-06-25 12:29:56,G31,G,-0.952,-5.00,1
2026-06-25 12:29:58,G31,G,-0.954,-5.01,1
2026-06-25 12:30:01,G31,G,-1.327,-6.98,3
2026-06-25 12:30:03,G31,G,1.148,6.03,2
2026-06-25 12:30:04,G31,G,0.747,3.93,1
2026-06-25 12:30:05,G31,G,-1.706,-8.97,1
2026-06-25 12:30:06,G31,G,2.660,13.98,1
2026-06-25 12:30:08,G31,G,9.417,49.49,1
2026-06-25 12:31:41,C07,C,0.117,0.61,1
2026-06-25 12:31:41,C13,C,0.620,3.23,1
2026-06-25 12:31:41,C24,C,-0.286,-1.49,1
2026-06-25 12:31:41,C25,C,-0.545,-2.84,1
2026-06-25 12:31:41,C26,C,0.106,0.55,1
2026-06-25 12:31:41,C28,C,0.445,2.32,1
2026-06-25 12:31:41,C30,C,-0.514,-2.68,1
2026-06-25 12:31:41,C32,C,-0.490,-2.55,1
2026-06-25 12:31:41,C33,C,0.324,1.69,1
2026-06-25 12:31:41,C41,C,-0.125,-0.65,1
2026-06-25 12:31:41,C42,C,0.498,2.59,1
2026-06-25 12:31:41,E07,E,-0.159,-0.84,1
2026-06-25 12:31:41,E08,E,0.346,1.82,1
2026-06-25 12:31:41,E13,E,0.272,1.43,1
2026-06-25 12:31:41,E15,E,0.513,2.69,1
2026-06-25 12:31:41,E26,E,-0.230,-1.21,1
2026-06-25 12:31:41,E29,E,-0.531,-2.79,1
2026-06-25 12:31:41,E32,E,0.474,2.49,1
2026-06-25 12:31:41,E33,E,-0.534,-2.81,1
2026-06-25 12:31:41,G01,G,0.672,3.53,1
2026-06-25 12:31:41,G03,G,0.502,2.64,1
2026-06-25 12:31:41,G04,G,0.382,2.01,1
2026-06-25 12:31:41,G06,G,-0.187,-0.98,1
2026-06-25 12:31:41,G07,G,-0.524,-2.75,1
2026-06-25 12:31:41,G11,G,-0.590,-3.10,1
2026-06-25 12:31:41,G17,G,0.559,2.94,1
2026-06-25 12:31:41,G19,G,0.445,2.34,1
2026-06-25 12:31:41,G21,G,-0.560,-2.94,1
2026-06-25 12:31:41,G30,G,-0.672,-3.53,1
2026-06-25 12:31:42,C38,C,6.780,35.30,5
2026-06-25 12:32:38,C38,C,0.765,3.98,11
2026-06-25 12:34:34,C38,C,0.062,0.32,1
2026-06-25 12:35:59,C38,C,-0.125,-0.65,1
2026-06-25 12:36:05,C38,C,3.891,20.26,6
2026-06-25 12:36:09,C38,C,-0.079,-0.41,1
2026-06-25 12:36:19,G01,G,2.194,11.53,3
2026-06-25 12:36:25,G01,G,-0.101,-0.53,1
2026-06-25 12:36:33,C38,C,-1.238,-6.45,2
2026-06-25 12:36:39,C38,C,-0.094,-0.49,1
2026-06-25 12:37:16,C38,C,-0.938,-4.88,20
2026-06-25 12:37:36,C38,C,-5.755,-29.97,12
2026-06-25 12:37:45,C38,C,3.171,16.51,6
2026-06-25 12:37:51,C38,C,-0.092,-0.48,1
2026-06-25 12:37:59,C38,C,-0.213,-1.11,1
2026-06-25 12:38:42,G01,G,-1.450,-7.62,7
2026-06-25 12:38:43,G01,G,-0.578,-3.04,1
2026-06-25 12:38:49,G01,G,-0.092,-0.48,1
2026-06-25 12:38:50,G01,G,0.092,0.49,1
2026-06-25 12:38:52,C38,C,212651642.938,1107332908.58,21
2026-06-25 12:38:57,C38,C,-0.104,-0.54,1
2026-06-25 12:39:08,C38,C,-0.098,-0.51,1
2026-06-25 12:39:13,C38,C,0.188,0.98,5
2026-06-25 12:39:15,C38,C,-0.099,-0.52,1
2026-06-25 12:39:54,C38,C,-0.380,-1.98,32
2026-06-25 12:40:16,C38,C,-5.763,-30.01,19
2026-06-25 12:43:12,G30,G,0.087,0.46,1
2026-06-25 12:43:19,G30,G,-0.097,-0.51,1
2026-06-25 12:44:10,G30,G,0.093,0.49,1
2026-06-25 12:44:13,G30,G,-0.097,-0.51,1
2026-06-25 12:44:26,G30,G,0.093,0.49,1
2026-06-25 12:44:31,G30,G,-0.095,-0.50,1
2026-06-25 12:47:09,G30,G,0.091,0.48,1
2026-06-25 12:47:13,G30,G,-0.101,-0.53,1
2026-06-25 12:48:13,E15,E,10.847,57.00,4
2026-06-25 12:49:06,E15,E,-2.866,-15.06,5
2026-06-25 12:52:12,E15,E,2.267,11.91,5
2026-06-25 12:53:16,C07,C,-0.098,-0.51,1
2026-06-25 12:53:16,C13,C,-0.584,-3.04,1
2026-06-25 12:53:16,C24,C,0.233,1.21,1
2026-06-25 12:53:16,C25,C,0.597,3.11,1
2026-06-25 12:53:16,C26,C,-0.165,-0.86,1
2026-06-25 12:53:16,C27,C,-0.062,-0.32,1
2026-06-25 12:53:16,C28,C,-0.472,-2.46,1
2026-06-25 12:53:16,C30,C,0.482,2.51,1
2026-06-25 12:53:16,C32,C,0.511,2.66,1
2026-06-25 12:53:16,C33,C,-0.301,-1.57,1
2026-06-25 12:53:16,C41,C,0.116,0.60,1
2026-06-25 12:53:16,E07,E,0.121,0.63,1
2026-06-25 12:53:16,E08,E,-0.342,-1.80,1
2026-06-25 12:53:16,E13,E,-0.296,-1.56,1
2026-06-25 12:53:16,E26,E,0.204,1.07,1
2026-06-25 12:53:16,E29,E,0.539,2.83,1
2026-06-25 12:53:16,E32,E,-0.439,-2.31,1
2026-06-25 12:53:16,E33,E,0.572,3.00,1
2026-06-25 12:53:16,G03,G,-0.470,-2.47,1
2026-06-25 12:53:16,G04,G,-0.405,-2.13,1
2026-06-25 12:53:16,G06,G,0.097,0.51,1
2026-06-25 12:53:16,G07,G,0.499,2.62,1
2026-06-25 12:53:16,G09,G,-0.056,-0.29,1
2026-06-25 12:53:16,G11,G,0.567,2.98,1
2026-06-25 12:53:16,G17,G,-0.507,-2.67,1
2026-06-25 12:53:16,G19,G,-0.479,-2.52,1
2026-06-25 12:53:16,G21,G,0.603,3.17,1
2026-06-25 12:53:16,G30,G,0.738,3.88,1
2026-06-25 13:11:18,C26,C,-2.733,-14.23,1
2026-06-25 13:12:40,C11,C,136600951.703,711317002.18,40968
2026-06-25 13:15:14,G17,G,0.083,0.44,1
2026-06-25 13:15:19,G17,G,-0.095,-0.50,1
2026-06-25 13:16:24,G17,G,0.092,0.48,1
2026-06-25 13:16:37,G17,G,-0.093,-0.49,1
2026-06-25 13:17:03,G17,G,0.089,0.47,1
2026-06-25 13:17:07,G17,G,-0.097,-0.51,1
2026-06-25 13:17:14,G17,G,0.091,0.48,1
2026-06-25 13:17:31,G17,G,-0.083,-0.44,1
2026-06-25 13:17:32,G17,G,0.092,0.48,1
2026-06-25 13:17:40,G17,G,0.483,2.54,1
2026-06-25 13:17:41,G17,G,2.016,10.60,1
2026-06-25 13:17:42,G17,G,0.787,4.14,1
2026-06-25 13:17:43,G17,G,0.213,1.12,1
2026-06-25 13:17:59,G17,G,0.204,1.07,1
2026-06-25 13:18:00,G17,G,0.410,2.16,1
2026-06-25 13:18:01,G17,G,2.333,12.26,1
2026-06-25 13:18:02,G17,G,0.662,3.48,1
2026-06-25 13:18:24,G17,G,37.381,196.44,10
2026-06-25 13:18:37,G17,G,1.052,5.53,12
2026-06-25 13:19:16,G17,G,-1.433,-7.53,36
2026-06-25 13:19:20,G17,G,-0.096,-0.50,1
2026-06-25 13:21:29,G03,G,0.094,0.49,1
2026-06-25 13:21:31,G03,G,-0.093,-0.49,1
2026-06-25 13:23:12,G03,G,0.109,0.57,1
2026-06-25 13:23:13,G03,G,-0.108,-0.57,1
2026-06-25 13:23:32,G03,G,0.095,0.50,1
2026-06-25 13:23:37,G03,G,-0.097,-0.51,1
2026-06-25 13:23:46,G03,G,0.091,0.48,1
2026-06-25 13:23:49,G03,G,-0.091,-0.48,1
2026-06-25 13:27:42,G03,G,0.103,0.54,1
2026-06-25 13:27:43,G03,G,-0.104,-0.55,1
2026-06-25 13:27:45,G03,G,0.099,0.52,1
2026-06-25 13:27:49,G03,G,-0.094,-0.49,1
2026-06-25 13:28:42,C13,C,9.589,49.93,3
2026-06-25 13:29:21,G03,G,0.096,0.50,1
2026-06-25 13:29:28,C23,C,191463930.064,997002927.59,16896
2026-06-25 13:29:31,G03,G,-0.098,-0.51,1
2026-06-25 13:30:19,G03,G,0.094,0.49,1
2026-06-25 13:30:20,C13,C,3.174,16.53,75
2026-06-25 13:30:21,C13,C,-0.099,-0.52,1
2026-06-25 13:30:25,G03,G,-0.093,-0.49,1
2026-06-25 13:30:27,G03,G,0.092,0.49,1
2026-06-25 13:30:31,G03,G,-0.088,-0.46,1
2026-06-25 13:30:53,C13,C,-2.882,-15.01,23
2026-06-25 13:31:17,C13,C,1.933,10.07,22
2026-06-25 13:31:45,C13,C,219995991.922,1145576861.03,19
2026-06-25 13:33:14,G03,G,0.095,0.50,1
2026-06-25 13:33:19,G03,G,-0.096,-0.51,1
2026-06-25 13:33:21,G03,G,0.094,0.49,1
2026-06-25 13:33:25,G03,G,-0.092,-0.48,1
2026-06-25 13:33:38,G03,G,0.097,0.51,1
2026-06-25 13:33:43,G03,G,-0.094,-0.49,1
2026-06-25 13:33:49,G03,G,0.101,0.53,1
2026-06-25 13:33:55,G03,G,-0.096,-0.50,1
2026-06-25 13:34:18,G03,G,0.086,0.45,1
2026-06-25 13:34:19,G03,G,-0.087,-0.46,1
2026-06-25 13:34:52,G03,G,0.093,0.49,1
2026-06-25 13:35:04,G03,G,1.712,9.00,5
2026-06-25 13:35:05,G03,G,0.958,5.04,1
2026-06-25 13:35:06,G03,G,-0.760,-3.99,1
2026-06-25 13:35:07,G03,G,0.380,2.00,1
2026-06-25 13:35:11,G03,G,0.087,0.45,1
2026-06-25 13:37:27,E32,E,0.079,0.41,1
2026-06-25 13:38:21,E32,E,-0.088,-0.46,1
2026-06-25 13:40:12,G03,G,-5.228,-27.47,1
2026-06-25 13:40:13,G03,G,1.138,5.98,1
2026-06-25 13:40:18,G03,G,0.087,0.46,1
2026-06-25 13:40:19,G03,G,-0.086,-0.45,1
2026-06-25 13:40:25,G03,G,-0.094,-0.50,1
2026-06-25 13:40:27,G03,G,0.089,0.47,1
2026-06-25 13:40:31,G03,G,-0.099,-0.52,1
2026-06-25 13:40:49,G03,G,0.078,0.41,1
2026-06-25 13:42:12,E32,E,0.087,0.46,1
2026-06-25 13:42:50,E32,E,-0.093,-0.49,1
2026-06-25 13:42:51,G05,G,108890034.409,572220992.99,36494
2026-06-25 13:43:34,E32,E,0.092,0.48,1
2026-06-25 13:43:38,E32,E,-0.096,-0.50,1
2026-06-25 13:43:49,E32,E,0.087,0.46,1
2026-06-25 13:44:49,E32,E,-5.892,-30.96,6
2026-06-25 13:44:50,E32,E,0.114,0.60,1
2026-06-25 13:45:11,E32,E,-1.988,-10.45,6
2026-06-25 13:45:28,E02,E,26908766.851,141406524.22,24610
2026-06-25 13:45:37,E32,E,10.080,52.97,9
2026-06-25 13:46:06,E32,E,-11.135,-58.52,14
2026-06-25 13:59:45,G19,G,31.371,164.85,1
2026-06-25 13:59:46,G19,G,0.410,2.15,1
2026-06-25 14:00:29,G19,G,2.106,11.07,9
2026-06-25 14:01:08,G20,G,-138138713.301,-725923837.98,59501
2026-06-25 14:01:25,G19,G,1.625,8.54,1
2026-06-25 14:01:31,G19,G,-0.089,-0.47,1
2026-06-25 14:02:24,G19,G,0.259,1.36,1
2026-06-25 14:02:25,G19,G,0.202,1.06,1
2026-06-25 14:02:27,G19,G,-3.036,-15.95,2
2026-06-25 14:02:31,G19,G,-0.090,-0.47,1
2026-06-25 14:02:45,G19,G,2.382,12.52,2
2026-06-25 14:02:49,G19,G,-0.100,-0.53,1
2026-06-25 14:02:50,G19,G,0.197,1.03,1
2026-06-25 14:02:58,G19,G,0.310,1.63,1
2026-06-25 14:03:01,G19,G,-0.097,-0.51,1
2026-06-25 14:03:02,G19,G,0.094,0.49,1
2026-06-25 14:03:13,G19,G,0.096,0.50,1
2026-06-25 14:03:19,G19,G,4.937,25.95,4
2026-06-25 14:03:21,G19,G,-0.374,-1.96,1
2026-06-25 14:03:25,G19,G,0.254,1.33,1
2026-06-25 14:06:52,C10,C,-0.161,-0.84,1
2026-06-25 14:06:52,C11,C,0.291,1.52,1
2026-06-25 14:06:52,C23,C,0.609,3.17,1
2026-06-25 14:06:52,C24,C,-0.258,-1.34,1
2026-06-25 14:06:52,C25,C,0.298,1.55,1
2026-06-25 14:06:52,C27,C,-0.486,-2.53,1
2026-06-25 14:06:52,C28,C,-0.606,-3.16,1
2026-06-25 14:06:52,C32,C,0.339,1.76,1
2026-06-25 14:06:52,C33,C,-0.426,-2.22,1
2026-06-25 14:06:52,C41,C,-0.120,-0.63,1
2026-06-25 14:06:52,E02,E,0.219,1.15,1
2026-06-25 14:06:52,E07,E,-0.192,-1.01,1
2026-06-25 14:06:52,E08,E,-0.462,-2.43,1
2026-06-25 14:06:52,E13,E,-0.561,-2.95,1
2026-06-25 14:06:52,E26,E,-0.207,-1.09,1
2026-06-25 14:06:52,E29,E,0.273,1.44,1
2026-06-25 14:06:52,E33,E,0.327,1.72,1
2026-06-25 14:06:52,G04,G,-0.566,-2.97,1
2026-06-25 14:06:52,G05,G,0.639,3.36,1
2026-06-25 14:06:52,G06,G,-0.461,-2.42,1
2026-06-25 14:06:52,G09,G,-0.400,-2.10,1
2026-06-25 14:06:52,G20,G,0.579,3.04,1
2026-06-25 14:06:52,G21,G,0.456,2.40,1
2026-06-25 14:06:52,G30,G,0.501,2.63,1
2026-06-25 14:09:58,E30,E,88438628.616,464748130.17,19185
2026-06-25 14:11:28,E19,E,123376009.716,648345307.03,76312
2026-06-25 14:12:16,C29,C,4375133.161,22782466.49,40908
2026-06-25 14:16:24,C10,C,0.140,0.73,1
2026-06-25 14:16:24,C11,C,-0.271,-1.41,1
2026-06-25 14:16:24,C23,C,-0.630,-3.28,1
2026-06-25 14:16:24,C24,C,0.276,1.44,1
2026-06-25 14:16:24,C25,C,-0.279,-1.45,1
2026-06-25 14:16:24,C27,C,0.482,2.51,1
2026-06-25 14:16:24,C28,C,0.560,2.91,1
2026-06-25 14:16:24,C29,C,-0.417,-2.17,1
2026-06-25 14:16:24,C32,C,-0.360,-1.87,1
2026-06-25 14:16:24,C33,C,0.399,2.08,1
2026-06-25 14:16:24,C41,C,0.106,0.55,1
2026-06-25 14:16:24,E02,E,-0.211,-1.11,1
2026-06-25 14:16:24,E07,E,0.180,0.94,1
2026-06-25 14:16:24,E08,E,0.422,2.22,1
2026-06-25 14:16:24,E13,E,0.543,2.85,1
2026-06-25 14:16:24,E19,E,-0.502,-2.64,1
2026-06-25 14:16:24,E26,E,0.221,1.16,1
2026-06-25 14:16:24,E29,E,-0.278,-1.46,1
2026-06-25 14:16:24,E30,E,-0.483,-2.54,1
2026-06-25 14:16:24,E33,E,-0.322,-1.69,1
2026-06-25 14:16:24,G04,G,0.530,2.79,1
2026-06-25 14:16:24,G05,G,-0.669,-3.51,1
2026-06-25 14:16:24,G06,G,0.474,2.49,1
2026-06-25 14:16:24,G09,G,0.392,2.06,1
2026-06-25 14:16:24,G20,G,-0.597,-3.14,1
2026-06-25 14:16:24,G21,G,-0.466,-2.45,1
2026-06-25 14:16:24,G30,G,-0.489,-2.57,1
2026-06-25 14:29:04,C28,C,-0.073,-0.38,1
2026-06-25 14:29:49,C28,C,14.467,75.33,45
2026-06-25 14:39:42,G04,G,-23.693,-124.51,2
2026-06-25 14:39:43,G04,G,-0.097,-0.51,1
2026-06-25 14:39:56,G04,G,0.670,3.52,1
2026-06-25 14:40:01,G04,G,-0.098,-0.52,1
2026-06-25 14:40:16,G04,G,0.100,0.53,1
2026-06-25 14:40:19,G04,G,-0.098,-0.52,1
2026-06-25 14:40:37,G04,G,0.566,2.97,2
2026-06-25 14:45:32,G14,G,-92552389.902,-486366091.64,15330
2026-06-25 14:45:54,G04,G,2.196,11.54,1
2026-06-25 14:45:55,G04,G,-0.185,-0.97,1
2026-06-25 14:45:58,E27,E,136745751.040,718603771.89,15862
2026-06-25 14:46:01,G04,G,-0.090,-0.47,1
2026-06-25 14:46:16,C20,C,179748671.098,935998499.85,67548
2026-06-25 14:46:41,G04,G,-1.049,-5.51,2
2026-06-25 14:46:43,G04,G,-0.098,-0.51,1
2026-06-25 14:46:50,G04,G,0.665,3.50,1
2026-06-25 14:46:54,G04,G,-0.280,-1.47,1
2026-06-25 14:47:01,G04,G,-0.097,-0.51,1
2026-06-25 14:47:14,G04,G,0.096,0.51,1
2026-06-25 14:47:19,G04,G,-0.101,-0.53,1
2026-06-25 14:47:25,G04,G,0.088,0.46,1
2026-06-25 14:47:37,G04,G,-0.091,-0.48,1
2026-06-25 14:47:51,G04,G,0.093,0.49,1
2026-06-25 14:47:55,G04,G,-0.091,-0.48,1
2026-06-25 14:48:00,G04,G,0.099,0.52,1
2026-06-25 14:48:01,G04,G,-0.089,-0.47,1
2026-06-25 14:48:04,G04,G,0.084,0.44,1
2026-06-25 14:48:07,G04,G,-0.096,-0.51,1
2026-06-25 14:48:47,G04,G,0.085,0.45,1
2026-06-25 14:48:49,G04,G,-0.099,-0.52,1
2026-06-25 14:48:54,G04,G,0.099,0.52,1
2026-06-25 14:49:01,G04,G,-0.097,-0.51,1
2026-06-25 14:49:11,G04,G,0.093,0.49,1
2026-06-25 14:49:19,G04,G,-0.096,-0.51,1
2026-06-25 14:49:28,C37,C,212419180.447,1106122415.39,21099
2026-06-25 14:49:34,G04,G,0.088,0.47,1
2026-06-25 14:49:37,G04,G,-0.096,-0.50,1
2026-06-25 14:49:41,G04,G,0.098,0.51,1
2026-06-25 14:49:43,G04,G,-0.095,-0.50,1
2026-06-25 14:49:46,G04,G,0.091,0.48,1
2026-06-25 14:49:49,G04,G,-0.093,-0.49,1
2026-06-25 14:50:18,G04,G,0.372,1.95,1
2026-06-25 14:50:19,G04,G,-0.097,-0.51,1
2026-06-25 14:50:25,G04,G,-0.093,-0.49,1
2026-06-25 14:50:33,G04,G,-0.099,-0.52,1
2026-06-25 14:50:37,G04,G,-0.097,-0.51,1
2026-06-25 14:50:38,G04,G,0.100,0.53,1
2026-06-25 14:50:42,G04,G,0.059,0.31,1
2026-06-25 14:52:11,E19,E,-0.099,-0.52,1
2026-06-25 15:00:46,E08,E,0.087,0.46,1
2026-06-25 15:01:28,E12,E,6871614.646,36110578.69,47564
2026-06-25 15:01:34,E13,E,0.099,0.52,1
2026-06-25 15:04:53,E08,E,-0.093,-0.49,1
2026-06-25 15:05:08,E08,E,0.103,0.54,1
2026-06-25 15:06:44,G22,G,-175182091.132,-920588102.36,15287
2026-06-25 15:07:11,G22,G,0.096,0.50,1
2026-06-25 15:07:13,G22,G,-0.101,-0.53,1
2026-06-25 15:08:22,E13,E,5.910,31.06,3
2026-06-25 15:09:26,E13,E,-3.135,-16.48,8
2026-06-25 15:10:05,E13,E,-11.069,-58.17,31
2026-06-25 15:10:22,G22,G,0.090,0.47,1
2026-06-25 15:10:25,G22,G,-0.099,-0.52,1
2026-06-25 15:11:05,G22,G,0.104,0.54,1
2026-06-25 15:11:07,G22,G,-0.093,-0.49,1
2026-06-25 15:11:49,G22,G,0.096,0.50,1
2026-06-25 15:11:55,G22,G,-0.095,-0.50,1
2026-06-25 15:14:46,G22,G,0.099,0.52,1
2026-06-25 15:14:49,G22,G,-0.093,-0.49,1
2026-06-25 15:14:54,G22,G,0.098,0.52,1
2026-06-25 15:14:55,G22,G,-0.101,-0.53,1
2026-06-25 15:15:17,G22,G,0.101,0.53,1
2026-06-25 15:15:19,G22,G,-0.095,-0.50,1
2026-06-25 15:15:20,G22,G,0.097,0.51,1
2026-06-25 15:15:25,G22,G,-0.095,-0.50,1
2026-06-25 15:20:47,C11,C,-0.191,-0.99,1
2026-06-25 15:20:47,C20,C,0.461,2.40,1
2026-06-25 15:20:47,C23,C,0.342,1.78,1
2026-06-25 15:20:47,C25,C,-0.203,-1.06,1
2026-06-25 15:20:47,C27,C,-0.583,-3.04,1
2026-06-25 15:20:47,C30,C,-0.419,-2.18,1
2026-06-25 15:20:47,C32,C,0.159,0.83,1
2026-06-25 15:20:47,C33,C,-0.521,-2.71,1
2026-06-25 15:20:47,C37,C,0.627,3.26,1
2026-06-25 15:20:47,C41,C,-0.326,-1.70,1
2026-06-25 15:20:47,E02,E,-0.194,-1.02,1
2026-06-25 15:20:47,E07,E,-0.350,-1.84,1
2026-06-25 15:20:47,E12,E,0.395,2.08,1
2026-06-25 15:20:47,E19,E,0.337,1.77,1
2026-06-25 15:20:47,E26,E,-0.558,-2.93,1
2026-06-25 15:20:47,E27,E,0.468,2.46,1
2026-06-25 15:20:47,E30,E,0.217,1.14,1
2026-06-25 15:20:47,E33,E,-0.100,-0.52,1
2026-06-25 15:20:47,G05,G,0.479,2.52,1
2026-06-25 15:20:47,G06,G,-0.730,-3.84,1
2026-06-25 15:20:47,G07,G,-0.418,-2.20,1
2026-06-25 15:20:47,G09,G,-0.555,-2.92,1
2026-06-25 15:20:47,G11,G,-0.507,-2.67,1
2026-06-25 15:20:47,G14,G,0.532,2.80,1
2026-06-25 15:20:47,G20,G,0.423,2.22,1
2026-06-25 15:20:47,G21,G,0.129,0.68,1
2026-06-25 15:20:47,G22,G,0.576,3.03,1
2026-06-25 15:24:56,G15,G,-137788725.685,-724084640.65,62043
2026-06-25 15:27:26,C33,C,0.208,1.08,1
2026-06-25 15:34:48,G06,G,0.091,0.48,1
2026-06-25 15:34:49,G06,G,-0.090,-0.47,1
2026-06-25 15:35:04,G06,G,0.093,0.49,1
2026-06-25 15:35:07,G06,G,-0.102,-0.53,1
2026-06-25 15:35:32,G06,G,0.098,0.51,1
2026-06-25 15:35:37,G06,G,-0.094,-0.49,1
2026-06-25 15:35:51,G06,G,0.093,0.49,1
2026-06-25 15:35:55,G06,G,-0.099,-0.52,1
2026-06-25 15:35:56,G06,G,0.099,0.52,1
2026-06-25 15:36:01,G06,G,-0.095,-0.50,1
2026-06-25 15:36:09,G06,G,0.089,0.47,1
2026-06-25 15:36:13,G06,G,-0.093,-0.49,1
2026-06-25 15:36:14,G06,G,0.090,0.47,1
2026-06-25 15:36:19,G06,G,-0.097,-0.51,1
2026-06-25 15:38:09,G15,G,-6.852,-36.01,2
2026-06-25 15:38:28,E10,E,1297536.289,6818599.22,45814
2026-06-25 15:38:49,G06,G,0.096,0.50,1
2026-06-25 15:38:55,G06,G,-0.093,-0.49,1
2026-06-25 15:39:11,G06,G,0.094,0.49,1
2026-06-25 15:39:13,G06,G,-0.094,-0.49,1
2026-06-25 15:39:14,C27,C,-0.585,-3.04,1
2026-06-25 15:39:33,C27,C,-0.112,-0.58,1
2026-06-25 15:39:46,C27,C,21.914,114.11,7
2026-06-25 15:39:47,C27,C,0.382,1.99,1
2026-06-25 15:39:57,C27,C,1.263,6.58,7
2026-06-25 15:40:01,C27,C,0.108,0.56,1
2026-06-25 15:40:04,C27,C,-0.871,-4.53,3
2026-06-25 15:40:12,C27,C,0.092,0.48,1
2026-06-25 15:40:45,G06,G,0.090,0.47,1
2026-06-25 15:40:49,G06,G,-0.097,-0.51,1
2026-06-25 15:41:09,G06,G,0.096,0.50,1
2026-06-25 15:41:13,G06,G,-0.100,-0.53,1
2026-06-25 15:42:58,C12,C,110913117.087,577553706.36,39582
2026-06-25 15:44:58,E28,E,111517751.186,586029737.86,75276
2026-06-25 15:47:19,G06,G,0.101,0.53,1
2026-06-25 15:47:25,G06,G,-0.099,-0.52,1
2026-06-25 15:53:01,G06,G,0.092,0.49,1
2026-06-25 15:53:11,G06,G,6.284,33.02,1
2026-06-25 15:53:13,G06,G,-0.101,-0.53,1
2026-06-25 15:53:31,G06,G,0.088,0.46,1
2026-06-25 15:53:43,G06,G,-0.096,-0.51,1
2026-06-25 15:53:48,G06,G,0.093,0.49,1
2026-06-25 15:53:49,G06,G,-0.090,-0.48,1
2026-06-25 15:53:50,G06,G,0.087,0.46,1
2026-06-25 15:54:01,G06,G,-0.110,-0.58,1
2026-06-25 15:54:03,G06,G,0.090,0.48,1
2026-06-25 15:54:13,G06,G,-0.103,-0.54,1
2026-06-25 15:54:27,G06,G,0.092,0.48,1
2026-06-25 15:54:31,G06,G,-0.092,-0.48,1
2026-06-25 15:54:32,G06,G,0.099,0.52,1
2026-06-25 15:54:37,G06,G,-0.096,-0.50,1
2026-06-25 15:54:38,G06,G,0.083,0.44,1
2026-06-25 15:54:49,G06,G,-0.091,-0.48,1
2026-06-25 15:56:25,G06,G,0.092,0.49,1
2026-06-25 15:56:31,G06,G,-0.096,-0.51,1
2026-06-25 15:56:41,G06,G,0.098,0.51,1
2026-06-25 15:56:43,G06,G,-0.089,-0.47,1
2026-06-25 15:56:46,G06,G,0.094,0.49,1
2026-06-25 15:56:49,G06,G,-0.099,-0.52,1
2026-06-25 15:56:53,G06,G,0.104,0.55,1
2026-06-25 15:56:55,G06,G,-0.095,-0.50,1
2026-06-25 15:56:56,G06,G,0.089,0.47,1
2026-06-25 15:57:07,G06,G,-0.094,-0.49,1
2026-06-25 15:57:12,G06,G,0.105,0.55,1
2026-06-25 15:57:40,G06,G,-0.277,-1.46,1
2026-06-25 15:57:51,G06,G,3.355,17.63,11
2026-06-25 15:58:14,G06,G,1.691,8.89,23
2026-06-25 15:58:24,G06,G,0.130,0.68,1
2026-06-25 15:58:26,G06,G,-2.213,-11.63,2
2026-06-25 16:00:14,C11,C,0.410,2.14,1
2026-06-25 16:00:14,C12,C,-0.458,-2.39,1
2026-06-25 16:00:14,C20,C,-0.417,-2.17,1
2026-06-25 16:00:14,C23,C,-0.078,-0.40,1
2026-06-25 16:00:14,C25,C,0.459,2.39,1
2026-06-25 16:00:14,C29,C,0.270,1.40,1
2026-06-25 16:00:14,C30,C,0.542,2.82,1
2026-06-25 16:00:14,C37,C,-0.538,-2.80,1
2026-06-25 16:00:14,C41,C,0.455,2.37,1
2026-06-25 16:00:14,E07,E,0.417,2.19,1
2026-06-25 16:00:14,E10,E,-0.370,-1.94,1
2026-06-25 16:00:14,E12,E,-0.186,-0.98,1
2026-06-25 16:00:14,E19,E,-0.251,-1.32,1
2026-06-25 16:00:14,E26,E,0.667,3.50,1
2026-06-25 16:00:14,E27,E,-0.372,-1.95,1
2026-06-25 16:00:14,E28,E,-0.337,-1.77,1
2026-06-25 16:00:14,E29,E,0.080,0.42,1
2026-06-25 16:00:14,E33,E,0.351,1.84,1
2026-06-25 16:00:14,G05,G,-0.257,-1.35,1
2026-06-25 16:00:14,G07,G,0.570,2.99,1
2026-06-25 16:00:14,G09,G,0.617,3.24,1
2026-06-25 16:00:14,G11,G,0.688,3.62,1
2026-06-25 16:00:14,G14,G,-0.403,-2.12,1
2026-06-25 16:00:14,G15,G,-0.545,-2.86,1
2026-06-25 16:00:14,G20,G,-0.315,-1.66,1
2026-06-25 16:00:14,G21,G,0.147,0.77,1
2026-06-25 16:00:14,G22,G,-0.517,-2.72,1
2026-06-25 16:00:14,G30,G,0.249,1.31,1
2026-06-25 16:05:58,E21,E,163670828.526,860096009.07,17297
2026-06-25 16:07:32,G18,G,25363476.047,133285966.23,37514
2026-06-25 16:07:37,G18,G,-0.095,-0.50,1
2026-06-25 16:26:13,G09,G,-0.595,-3.13,1
2026-06-25 16:26:14,G09,G,0.326,1.72,1
2026-06-25 16:26:19,G09,G,-0.365,-1.92,1
2026-06-25 16:28:55,C30,C,18.496,96.31,14
2026-06-25 16:28:57,C30,C,-0.103,-0.53,1
2026-06-25 16:29:21,C30,C,0.289,1.51,10
2026-06-25 16:29:27,C30,C,-0.087,-0.46,1
2026-06-25 16:29:44,C30,C,-1.546,-8.05,9
2026-06-25 16:30:04,C30,C,0.107,0.56,1
2026-06-25 16:30:15,C30,C,2.300,11.98,10
2026-06-25 16:30:21,C30,C,-0.106,-0.55,1
2026-06-25 16:30:26,C30,C,0.092,0.48,1
2026-06-25 16:30:53,C30,C,-2.019,-10.51,27
2026-06-25 16:31:00,C30,C,0.099,0.51,1
2026-06-25 16:31:20,C30,C,13.718,71.43,20
2026-06-25 16:32:13,C30,C,-4.132,-21.52,50
2026-06-25 16:34:32,C11,C,-0.448,-2.33,1
2026-06-25 16:34:32,C12,C,0.521,2.71,1
2026-06-25 16:34:32,C20,C,0.441,2.30,1
2026-06-25 16:34:32,C23,C,-0.085,-0.44,1
2026-06-25 16:34:32,C25,C,-0.541,-2.82,1
2026-06-25 16:34:32,C29,C,-0.362,-1.89,1
2026-06-25 16:34:32,C32,C,-0.053,-0.28,1
2026-06-25 16:34:32,C37,C,0.479,2.50,1
2026-06-25 16:34:32,C41,C,-0.487,-2.54,1
2026-06-25 16:34:32,E07,E,-0.380,-2.00,1
2026-06-25 16:34:32,E10,E,0.273,1.44,1
2026-06-25 16:34:32,E12,E,0.053,0.28,1
2026-06-25 16:34:32,E19,E,0.262,1.38,1
2026-06-25 16:34:32,E21,E,0.560,2.94,1
2026-06-25 16:34:32,E26,E,-0.618,-3.25,1
2026-06-25 16:34:32,E27,E,0.306,1.61,1
2026-06-25 16:34:32,E28,E,0.382,2.01,1
2026-06-25 16:34:32,E29,E,-0.081,-0.43,1
2026-06-25 16:34:32,E30,E,-0.142,-0.75,1
2026-06-25 16:34:32,E33,E,-0.448,-2.36,1
2026-06-25 16:34:32,G05,G,0.080,0.42,1
2026-06-25 16:34:32,G07,G,-0.560,-2.94,1
2026-06-25 16:34:32,G11,G,-0.659,-3.46,1
2026-06-25 16:34:32,G14,G,0.289,1.52,1
2026-06-25 16:34:32,G15,G,0.568,2.99,1
2026-06-25 16:34:32,G18,G,0.276,1.45,1
2026-06-25 16:34:32,G20,G,0.295,1.55,1
2026-06-25 16:34:32,G21,G,-0.319,-1.67,1
2026-06-25 16:34:32,G22,G,0.457,2.40,1
2026-06-25 16:34:32,G30,G,-0.356,-1.87,1
2026-06-25 16:47:32,G24,G,-135486301.512,-711985319.95,60442
2026-06-25 16:47:43,C29,C,0.074,0.39,1
2026-06-25 16:47:45,C29,C,-0.100,-0.52,1
2026-06-25 16:47:46,C29,C,0.100,0.52,1
2026-06-25 16:47:51,C29,C,-0.083,-0.43,1
2026-06-25 16:47:56,C29,C,11.313,58.91,4
2026-06-25 16:49:03,C11,C,8.543,44.49,1
2026-06-25 16:49:05,C11,C,0.117,0.61,1
2026-06-25 16:49:09,C11,C,-0.185,-0.96,1
2026-06-25 16:50:19,C11,C,0.106,0.55,1
2026-06-25 16:51:03,C11,C,-0.420,-2.19,44
2026-06-25 16:51:09,C11,C,-0.092,-0.48,1
2026-06-25 16:51:38,C11,C,8.459,44.05,24
2026-06-25 16:51:51,C11,C,0.196,1.02,1
2026-06-25 16:52:24,C11,C,-4.715,-24.55,32
2026-06-25 16:52:27,C11,C,-0.091,-0.47,1
2026-06-25 16:53:06,C11,C,0.872,4.54,30
2026-06-25 16:53:09,C11,C,-0.086,-0.45,1
2026-06-25 16:53:47,G11,G,0.099,0.52,1
2026-06-25 16:53:49,G11,G,-0.095,-0.50,1
2026-06-25 16:55:12,G11,G,0.104,0.54,1
2026-06-25 16:55:19,G11,G,-0.094,-0.49,1
2026-06-25 16:57:19,G11,G,0.086,0.45,1
2026-06-25 16:57:25,G11,G,-0.086,-0.45,1
2026-06-25 16:57:42,G11,G,0.092,0.49,1
2026-06-25 16:57:43,G11,G,-0.094,-0.49,1
2026-06-25 16:58:12,G11,G,0.096,0.51,1
2026-06-25 16:58:13,G11,G,-0.092,-0.48,1
2026-06-25 16:58:15,G11,G,0.093,0.49,1
2026-06-25 16:58:25,G11,G,-0.100,-0.52,1
2026-06-25 16:58:43,G11,G,0.099,0.52,1
2026-06-25 16:58:46,G11,G,3.139,16.49,2
2026-06-25 16:58:49,G11,G,-0.094,-0.50,1
2026-06-25 16:58:53,G11,G,0.850,4.47,1
2026-06-25 16:58:56,G11,G,0.095,0.50,1
2026-06-25 16:59:01,G11,G,-0.094,-0.49,1
2026-06-25 17:00:04,G11,G,0.106,0.56,1
2026-06-25 17:00:13,G11,G,-0.093,-0.49,1
2026-06-25 17:00:52,G11,G,0.087,0.46,1
2026-06-25 17:01:01,G11,G,-0.096,-0.51,1
2026-06-25 17:01:03,G11,G,0.094,0.49,1
2026-06-25 17:01:07,G11,G,-0.092,-0.48,1
2026-06-25 17:01:08,G11,G,0.094,0.50,1
2026-06-25 17:01:13,G11,G,-0.096,-0.50,1
2026-06-25 17:01:25,G11,G,0.098,0.52,1
2026-06-25 17:01:29,G11,G,-0.308,-1.62,1
2026-06-25 17:01:48,G11,G,5.149,27.06,1
2026-06-25 17:01:55,G11,G,-1.884,-9.90,1
2026-06-25 17:02:18,G11,G,-3.312,-17.41,6
2026-06-25 17:02:19,G11,G,-0.087,-0.46,1
2026-06-25 17:02:27,G11,G,-0.298,-1.57,1
2026-06-25 17:02:37,G11,G,-12.922,-67.90,10
2026-06-25 17:02:39,G11,G,-0.166,-0.87,1
2026-06-25 17:02:50,G11,G,8.081,42.46,3
2026-06-25 17:05:40,C19,C,83658735.623,435632990.02,40005
2026-06-25 17:09:58,E04,E,-74865704.575,-393421932.92,75423
2026-06-25 17:11:20,G07,G,0.099,0.52,1
2026-06-25 17:11:26,G07,G,-0.096,-0.51,1
2026-06-25 17:15:02,G07,G,0.098,0.52,1
2026-06-25 17:15:08,G07,G,-0.101,-0.53,1
2026-06-25 17:15:17,G07,G,0.094,0.50,1
2026-06-25 17:15:32,G07,G,-0.099,-0.52,1
2026-06-25 17:17:53,G07,G,0.102,0.54,1
2026-06-25 17:17:56,G07,G,-0.088,-0.46,1
2026-06-25 17:18:01,G07,G,0.096,0.51,1
2026-06-25 17:18:08,G07,G,-0.094,-0.50,1
2026-06-25 17:18:30,G07,G,0.093,0.49,1
2026-06-25 17:18:32,G07,G,-0.099,-0.52,1
2026-06-25 17:18:35,G07,G,0.086,0.45,1
2026-06-25 17:18:44,G07,G,-0.093,-0.49,1
2026-06-25 17:19:01,G07,G,0.088,0.46,1
2026-06-25 17:19:08,G07,G,-0.093,-0.49,1
2026-06-25 17:19:09,G07,G,0.105,0.55,1
2026-06-25 17:19:20,G07,G,-0.091,-0.48,1
2026-06-25 17:19:32,G07,G,0.103,0.54,1
2026-06-25 17:19:38,G07,G,-0.096,-0.50,1
2026-06-25 17:20:07,G07,G,0.097,0.51,1
2026-06-25 17:20:14,G07,G,-0.092,-0.48,1
2026-06-25 17:20:18,G07,G,0.098,0.51,1
2026-06-25 17:20:26,G07,G,-0.093,-0.49,1
2026-06-25 17:20:54,G07,G,0.100,0.53,1
2026-06-25 17:21:02,G07,G,-0.086,-0.45,1
2026-06-25 17:21:17,G07,G,0.101,0.53,1
2026-06-25 17:21:26,G07,G,-0.099,-0.52,1
2026-06-25 17:21:54,G07,G,0.093,0.49,1
2026-06-25 17:21:56,G07,G,-0.095,-0.50,1
2026-06-25 17:21:57,G07,G,0.095,0.50,1
2026-06-25 17:22:02,G07,G,-0.095,-0.50,1
2026-06-25 17:22:26,G07,G,0.090,0.47,1
2026-06-25 17:22:28,E11,E,-12697733.892,-66727041.97,47330
2026-06-25 17:22:32,G07,G,-0.090,-0.47,1
2026-06-25 17:23:20,G23,G,47854728.654,251478296.41,37164
2026-06-25 17:24:20,G07,G,0.096,0.51,1
2026-06-25 17:24:26,G07,G,-0.103,-0.54,1
2026-06-25 17:25:05,G07,G,0.096,0.50,1
2026-06-25 17:25:08,G07,G,-0.097,-0.51,1
2026-06-25 17:25:17,G07,G,0.094,0.49,1
2026-06-25 17:25:26,G07,G,-0.103,-0.54,1
2026-06-25 17:25:28,G07,G,0.090,0.47,1
2026-06-25 17:25:44,G07,G,-0.098,-0.51,1
2026-06-25 17:26:20,G07,G,0.110,0.58,1
2026-06-25 17:26:27,G07,G,-0.059,-0.31,1
2026-06-25 17:30:28,C08,C,-136484780.828,-710712069.95,70333
2026-06-25 17:34:56,C25,C,-0.116,-0.60,1
2026-06-25 17:35:00,C25,C,-9.121,-47.50,4
2026-06-25 17:35:11,C25,C,0.501,2.61,5
2026-06-25 17:35:15,C25,C,-0.101,-0.53,1
2026-06-25 17:35:25,C25,C,0.170,0.88,1
2026-06-25 17:36:17,C25,C,-5.078,-26.44,6
2026-06-25 17:36:21,C25,C,-0.099,-0.51,1
2026-06-25 17:36:36,C25,C,-0.110,-0.57,1
2026-06-25 17:36:39,C25,C,-0.109,-0.57,1
2026-06-25 17:36:52,C25,C,5.359,27.91,5
2026-06-25 17:37:22,C25,C,8.167,42.53,25
2026-06-25 17:37:58,E23,E,-197136731.376,-1035960515.54,21471
2026-06-25 17:40:20,G17,G,-213058034.638,-1119627528.89,15660
2026-06-25 17:43:56,C08,C,-0.195,-1.02,1
2026-06-25 17:43:56,C12,C,-0.391,-2.03,1
2026-06-25 17:43:56,C19,C,-0.525,-2.73,1
2026-06-25 17:43:56,C20,C,-0.221,-1.15,1
2026-06-25 17:43:56,C23,C,0.476,2.48,1
2026-06-25 17:43:56,C32,C,0.395,2.06,1
2026-06-25 17:43:56,C37,C,-0.089,-0.46,1
2026-06-25 17:43:56,C41,C,0.649,3.38,1
2026-06-25 17:43:56,E04,E,-0.362,-1.90,1
2026-06-25 17:43:56,E07,E,0.463,2.43,1
2026-06-25 17:43:56,E10,E,0.145,0.76,1
2026-06-25 17:43:56,E11,E,-0.090,-0.47,1
2026-06-25 17:43:56,E12,E,0.354,1.86,1
2026-06-25 17:43:56,E19,E,-0.138,-0.72,1
2026-06-25 17:43:56,E21,E,-0.405,-2.13,1
2026-06-25 17:43:56,E23,E,-0.532,-2.80,1
2026-06-25 17:43:56,E27,E,0.087,0.46,1
2026-06-25 17:43:56,E28,E,-0.304,-1.60,1
2026-06-25 17:43:56,E29,E,0.240,1.26,1
2026-06-25 17:43:56,E30,E,0.494,2.60,1
2026-06-25 17:43:56,E33,E,0.615,3.23,1
2026-06-25 17:43:56,G05,G,0.471,2.47,1
2026-06-25 17:43:56,G14,G,0.222,1.16,1
2026-06-25 17:43:56,G15,G,-0.344,-1.81,1
2026-06-25 17:43:56,G17,G,-0.380,-2.00,1
2026-06-25 17:43:56,G18,G,0.236,1.24,1
2026-06-25 17:43:56,G21,G,0.704,3.70,1
2026-06-25 17:43:56,G23,G,-0.601,-3.16,1
2026-06-25 17:43:56,G24,G,-0.502,-2.64,1
2026-06-25 17:43:56,G30,G,0.565,2.97,1
2026-06-25 17:48:28,C08,C,0.210,1.09,1
2026-06-25 17:48:28,C12,C,0.406,2.12,1
2026-06-25 17:48:28,C19,C,0.550,2.87,1
2026-06-25 17:48:28,C20,C,0.231,1.20,1
2026-06-25 17:48:28,C23,C,-0.463,-2.41,1
2026-06-25 17:48:28,C32,C,-0.386,-2.01,1
2026-06-25 17:48:28,C37,C,0.091,0.47,1
2026-06-25 17:48:28,C41,C,-0.639,-3.32,1
2026-06-25 17:48:28,E04,E,0.392,2.06,1
2026-06-25 17:48:28,E07,E,-0.438,-2.30,1
2026-06-25 17:48:28,E10,E,-0.146,-0.77,1
2026-06-25 17:48:28,E11,E,0.096,0.50,1
2026-06-25 17:48:28,E12,E,-0.345,-1.81,1
2026-06-25 17:48:28,E19,E,0.159,0.83,1
2026-06-25 17:48:28,E21,E,0.418,2.20,1
2026-06-25 17:48:28,E23,E,0.572,3.00,1
2026-06-25 17:48:28,E27,E,-0.086,-0.45,1
2026-06-25 17:48:28,E28,E,0.331,1.74,1
2026-06-25 17:48:28,E29,E,-0.221,-1.16,1
2026-06-25 17:48:28,E30,E,-0.479,-2.52,1
2026-06-25 17:48:28,E33,E,-0.580,-3.05,1
2026-06-25 17:48:28,G05,G,-0.476,-2.50,1
2026-06-25 17:48:28,G14,G,-0.220,-1.16,1
2026-06-25 17:48:28,G15,G,0.352,1.85,1
2026-06-25 17:48:28,G17,G,0.397,2.09,1
2026-06-25 17:48:28,G18,G,-0.232,-1.22,1
2026-06-25 17:48:28,G21,G,-0.690,-3.63,1
2026-06-25 17:48:28,G23,G,0.617,3.24,1
2026-06-25 17:48:28,G24,G,0.514,2.70,1
2026-06-25 17:48:28,G30,G,-0.542,-2.85,1
2026-06-25 17:49:03,C41,C,0.050,0.26,1
2026-06-25 17:49:04,C41,C,-19.511,-101.60,1
2026-06-25 17:49:09,C41,C,-0.099,-0.52,1
2026-06-25 17:49:37,C41,C,2.210,11.51,5
2026-06-25 17:49:39,C41,C,-0.096,-0.50,1
2026-06-25 17:49:48,C41,C,-2.203,-11.47,3
2026-06-25 17:49:51,C41,C,-0.086,-0.45,1
2026-06-25 18:09:02,G12,G,-134954786.839,-709192191.49,60047
2026-06-25 18:09:20,G12,G,0.090,0.47,1
2026-06-25 18:09:26,G12,G,-0.102,-0.54,1
2026-06-25 18:10:20,G12,G,0.098,0.51,1
2026-06-25 18:10:26,G12,G,-0.098,-0.51,1
2026-06-25 18:12:02,G13,G,-138163343.770,-726053271.97,60060
2026-06-25 18:12:29,G12,G,0.090,0.47,1
2026-06-25 18:12:32,G12,G,-0.098,-0.51,1
2026-06-25 18:15:04,E30,E,-9.432,-49.56,12
2026-06-25 18:16:14,E30,E,-2.659,-13.97,2
2026-06-25 18:16:42,E30,E,-2.855,-15.00,6
2026-06-25 18:17:09,E30,E,-0.098,-0.51,1
2026-06-25 18:17:16,E30,E,0.100,0.52,1
2026-06-25 18:17:24,E30,E,2.651,13.93,5
2026-06-25 18:18:21,E30,E,-0.093,-0.49,1
2026-06-25 18:18:25,E30,E,0.096,0.51,1
2026-06-25 18:23:19,E33,E,2.084,10.95,1
2026-06-25 18:25:26,E33,E,7.239,38.04,16
2026-06-25 18:26:08,G19,G,-202533097.462,-1064318610.72,15762
2026-06-25 18:26:40,E33,E,-7.236,-38.03,26
2026-06-25 18:27:15,E33,E,8.371,43.99,6
2026-06-25 18:27:32,E33,E,-7.254,-38.12,4
2026-06-25 18:27:56,E33,E,4.008,21.06,24
2026-06-25 18:28:01,E33,E,-2.869,-15.08,2
2026-06-25 18:28:24,E33,E,4.270,22.44,21
2026-06-25 18:39:58,E06,E,92878143.137,488077936.44,76290
2026-06-25 18:40:09,G10,G,37673307.753,197974568.46,36731
2026-06-25 18:40:24,E06,E,0.098,0.51,1
2026-06-25 18:42:14,G18,G,0.093,0.49,1
2026-06-25 18:42:19,G18,G,-0.096,-0.51,1
2026-06-25 18:42:21,G18,G,0.097,0.51,1
2026-06-25 18:42:25,G18,G,-0.096,-0.50,1
2026-06-25 18:43:33,G18,G,0.097,0.51,1
2026-06-25 18:43:37,G18,G,-0.090,-0.47,1
2026-06-25 18:43:40,G18,G,0.100,0.53,1
2026-06-25 18:43:43,G18,G,-0.092,-0.48,1
2026-06-25 18:43:53,G18,G,0.102,0.53,1
2026-06-25 18:43:55,G18,G,-0.091,-0.48,1
2026-06-25 18:44:12,G18,G,0.095,0.50,1
2026-06-25 18:44:13,G18,G,-0.098,-0.51,1
2026-06-25 18:44:14,G18,G,0.103,0.54,1
2026-06-25 18:44:37,G18,G,-0.103,-0.54,1
2026-06-25 18:44:57,G18,G,0.101,0.53,1
2026-06-25 18:45:01,G18,G,-0.103,-0.54,1
2026-06-25 18:45:02,G18,G,0.106,0.56,1
2026-06-25 18:45:51,G18,G,0.065,0.34,1
2026-06-25 18:45:53,G18,G,0.083,0.44,1
2026-06-25 18:46:52,G21,G,-6.663,-35.02,1
2026-06-25 18:46:59,G10,G,0.094,0.50,1
2026-06-25 18:47:02,G10,G,-0.097,-0.51,1
2026-06-25 18:47:25,G21,G,-3.135,-16.47,1
2026-06-25 18:47:29,G21,G,2.471,12.98,1
2026-06-25 18:47:30,G21,G,0.200,1.05,1
2026-06-25 18:47:37,G21,G,-0.107,-0.56,1
2026-06-25 18:47:43,G21,G,1.802,9.47,1
2026-06-25 18:47:49,G21,G,-0.094,-0.49,1
2026-06-25 18:47:55,G18,G,70.972,372.96,122
2026-06-25 18:47:59,G18,G,0.107,0.56,1
2026-06-25 18:48:04,E06,E,-0.099,-0.52,1
2026-06-25 18:48:32,G21,G,-0.374,-1.96,13
2026-06-25 18:49:09,G21,G,-0.113,-0.59,1
2026-06-25 18:49:22,G21,G,-0.084,-0.44,1
2026-06-25 18:49:49,G21,G,0.111,0.58,1
2026-06-25 18:50:30,G21,G,0.528,2.77,1
2026-06-25 18:50:31,G21,G,0.328,1.72,1
2026-06-25 18:50:32,G21,G,1.251,6.57,1
2026-06-25 18:50:35,G21,G,0.609,3.20,2
2026-06-25 18:57:05,G30,G,0.097,0.51,1
2026-06-25 18:57:07,G30,G,-0.095,-0.50,1
2026-06-25 18:57:18,G30,G,0.095,0.50,1
2026-06-25 18:57:19,G30,G,-0.085,-0.45,1
2026-06-25 18:57:21,G30,G,0.097,0.51,1
2026-06-25 18:57:25,G30,G,-0.092,-0.48,1
2026-06-25 18:58:09,G30,G,0.101,0.53,1
2026-06-25 18:58:13,G30,G,-0.097,-0.51,1
2026-06-25 18:58:16,G30,G,0.097,0.51,1
2026-06-25 18:58:19,G30,G,-0.101,-0.53,1
2026-06-25 18:59:03,G30,G,0.091,0.48,1
2026-06-25 18:59:07,G30,G,-0.093,-0.49,1
2026-06-25 19:00:04,C36,C,-7297017.982,-37997487.51,64902
2026-06-25 19:02:15,G30,G,0.097,0.51,1
2026-06-25 19:02:19,G30,G,-0.098,-0.52,1
2026-06-25 19:02:40,C19,C,0.343,1.79,1
2026-06-25 19:02:40,C20,C,-0.201,-1.05,1
2026-06-25 19:02:40,C23,C,-0.616,-3.21,1
2026-06-25 19:02:40,C32,C,-0.674,-3.51,1
2026-06-25 19:02:40,C36,C,0.507,2.64,1
2026-06-25 19:02:40,C37,C,-0.297,-1.55,1
2026-06-25 19:02:40,E04,E,0.362,1.90,1
2026-06-25 19:02:40,E06,E,0.413,2.17,1
2026-06-25 19:02:40,E10,E,-0.483,-2.54,1
2026-06-25 19:02:40,E11,E,-0.312,-1.64,1
2026-06-25 19:02:40,E12,E,-0.553,-2.90,1
2026-06-25 19:02:40,E23,E,0.481,2.53,1
2026-06-25 19:02:40,E27,E,-0.459,-2.41,1
2026-06-25 19:02:40,E28,E,0.222,1.17,1
2026-06-25 19:02:40,E29,E,-0.405,-2.13,1
2026-06-25 19:02:40,G05,G,-0.773,-4.06,1
2026-06-25 19:02:40,G10,G,0.512,2.69,1
2026-06-25 19:02:40,G12,G,0.654,3.44,1
2026-06-25 19:02:40,G13,G,0.604,3.18,1
2026-06-25 19:02:40,G14,G,-0.625,-3.28,1
2026-06-25 19:02:40,G15,G,-0.124,-0.65,1
2026-06-25 19:02:40,G17,G,0.068,0.36,1
2026-06-25 19:02:40,G19,G,0.406,2.13,1
2026-06-25 19:02:40,G20,G,-0.350,-1.84,1
2026-06-25 19:02:40,G22,G,-0.538,-2.83,1
2026-06-25 19:02:40,G23,G,0.191,1.00,1
2026-06-25 19:02:40,G24,G,0.208,1.10,1
2026-06-25 19:02:40,G30,G,-0.588,-3.09,1
2026-06-25 19:03:03,G30,G,0.091,0.48,1
2026-06-25 19:03:07,G30,G,-0.094,-0.49,1
2026-06-25 19:03:46,G30,G,0.098,0.52,1
2026-06-25 19:03:49,G30,G,-0.100,-0.52,1
2026-06-25 19:04:13,G30,G,0.080,0.42,1
2026-06-25 19:04:31,G30,G,-0.095,-0.50,1
2026-06-25 19:04:34,E12,E,4.373,22.98,1
2026-06-25 19:05:18,G30,G,0.092,0.48,1
2026-06-25 19:05:31,G30,G,-0.100,-0.52,1
2026-06-25 19:05:39,G30,G,0.098,0.51,1
2026-06-25 19:05:49,G30,G,-0.087,-0.46,1
2026-06-25 19:06:08,G30,G,0.103,0.54,1
2026-06-25 19:06:13,G30,G,-0.100,-0.52,1
2026-06-25 19:06:22,G30,G,0.094,0.49,1
2026-06-25 19:06:25,G30,G,-0.092,-0.48,1
2026-06-25 19:06:30,G30,G,0.083,0.44,1
2026-06-25 19:06:31,G30,G,-0.089,-0.47,1
2026-06-25 19:06:32,G30,G,0.104,0.55,1
2026-06-25 19:06:37,G30,G,-0.093,-0.49,1
2026-06-25 19:06:47,G30,G,0.099,0.52,1
2026-06-25 19:06:55,G30,G,-0.089,-0.47,1
2026-06-25 19:07:04,G30,G,0.106,0.56,1
2026-06-25 19:07:07,G30,G,-34.912,-183.46,1
2026-06-25 19:07:13,G30,G,-0.097,-0.51,1
2026-06-25 19:07:19,G30,G,-0.092,-0.49,1
2026-06-25 19:07:22,G30,G,0.094,0.49,1
2026-06-25 19:07:25,G30,G,-0.100,-0.52,1
2026-06-25 19:07:50,G30,G,0.088,0.46,1
2026-06-25 19:07:55,G30,G,-0.094,-0.49,1
2026-06-25 19:07:56,G30,G,0.088,0.46,1
2026-06-25 19:08:01,G30,G,-0.092,-0.48,1
2026-06-25 19:08:03,G30,G,0.093,0.49,1
2026-06-25 19:08:07,G30,G,-0.096,-0.51,1
2026-06-25 19:08:11,G30,G,0.090,0.47,1
2026-06-25 19:08:25,G30,G,-0.095,-0.50,1
2026-06-25 19:08:38,G30,G,0.091,0.48,1
2026-06-25 19:08:43,G30,G,-0.099,-0.52,1
2026-06-25 19:08:47,G30,G,0.092,0.48,1
2026-06-25 19:08:52,C13,C,-121582962.617,-633114392.01,20214
2026-06-25 19:08:52,G30,G,0.195,1.02,1
2026-06-25 19:09:12,E12,E,-0.393,-2.07,14
2026-06-25 19:12:01,C13,C,-0.967,-5.04,5
2026-06-25 19:13:04,C38,C,-142388292.099,-741453202.33,23566
2026-06-25 19:14:14,E12,E,-3.625,-19.05,4
2026-06-25 19:14:30,E12,E,3.232,16.98,1
2026-06-25 19:16:28,C28,C,-254639854.535,-1325976544.87,17194
2026-06-25 19:17:20,E12,E,0.370,1.94,4
2026-06-25 19:18:40,E12,E,0.760,4.00,24
2026-06-25 19:18:43,E12,E,0.953,5.01,3
2026-06-25 19:18:45,E12,E,-3.441,-18.08,2
2026-06-25 19:18:47,E12,E,-1.888,-9.92,2
2026-06-25 19:18:51,E12,E,2.112,11.10,4
2026-06-25 19:18:55,E12,E,-2.254,-11.85,2
2026-06-25 19:18:57,E12,E,0.348,1.83,2
2026-06-25 19:23:46,C22,C,44389705.299,231148844.19,40698
2026-06-25 19:26:36,E11,E,7.626,40.08,1
2026-06-25 19:27:37,C12,C,0.055,0.29,1
2026-06-25 19:27:37,C13,C,-0.303,-1.58,1
2026-06-25 19:27:37,C19,C,-0.278,-1.45,1
2026-06-25 19:27:37,C20,C,0.292,1.52,1
2026-06-25 19:27:37,C22,C,-0.622,-3.24,1
2026-06-25 19:27:37,C23,C,0.555,2.89,1
2026-06-25 19:27:37,C28,C,-0.427,-2.22,1
2026-06-25 19:27:37,C32,C,0.661,3.44,1
2026-06-25 19:27:37,C36,C,-0.538,-2.80,1
2026-06-25 19:27:37,C37,C,0.322,1.68,1
2026-06-25 19:27:37,C38,C,-0.112,-0.59,1
2026-06-25 19:27:37,E04,E,-0.395,-2.08,1
2026-06-25 19:27:37,E06,E,-0.490,-2.58,1
2026-06-25 19:27:37,E10,E,0.457,2.40,1
2026-06-25 19:27:37,E11,E,0.345,1.81,1
2026-06-25 19:27:37,E23,E,-0.471,-2.48,1
2026-06-25 19:27:37,E27,E,0.470,2.47,1
2026-06-25 19:27:37,E28,E,-0.228,-1.20,1
2026-06-25 19:27:37,E29,E,0.405,2.13,1
2026-06-25 19:27:37,G05,G,0.711,3.74,1
2026-06-25 19:27:37,G10,G,-0.454,-2.39,1
2026-06-25 19:27:37,G12,G,-0.642,-3.37,1
2026-06-25 19:27:37,G13,G,-0.579,-3.04,1
2026-06-25 19:27:37,G14,G,0.619,3.25,1
2026-06-25 19:27:37,G15,G,0.243,1.28,1
2026-06-25 19:27:37,G19,G,-0.379,-1.99,1
2026-06-25 19:27:37,G20,G,0.419,2.20,1
2026-06-25 19:27:37,G22,G,0.572,3.01,1
2026-06-25 19:27:37,G23,G,-0.060,-0.31,1
2026-06-25 19:27:37,G24,G,-0.161,-0.84,1
2026-06-25 19:29:16,E10,E,0.098,0.52,1
2026-06-25 19:29:44,E10,E,7.807,41.03,2
2026-06-25 19:29:53,E10,E,2.103,11.05,2
2026-06-25 19:30:13,E10,E,2.072,10.89,19
2026-06-25 19:30:24,E10,E,-6.839,-35.94,10
2026-06-25 19:30:42,E10,E,-0.390,-2.05,8
2026-06-25 19:30:49,E10,E,2.465,12.96,5
2026-06-25 19:31:22,E10,E,0.368,1.93,18
2026-06-25 19:38:28,E31,E,-79923761.488,-420002201.40,76426
2026-06-25 19:40:54,E11,E,3.408,17.91,2
2026-06-25 19:41:58,E31,E,-0.092,-0.48,1
2026-06-25 19:42:47,G05,G,0.088,0.46,1
2026-06-25 19:42:50,G05,G,-0.097,-0.51,1
2026-06-25 19:45:36,G05,G,0.091,0.48,1
2026-06-25 19:45:38,G05,G,-0.091,-0.48,1
2026-06-25 19:46:03,G05,G,0.094,0.49,1
2026-06-25 19:46:14,G05,G,-0.092,-0.48,1
2026-06-25 19:46:17,G05,G,-9.525,-50.06,1
2026-06-25 19:46:23,G05,G,-0.652,-3.43,2
2026-06-25 19:46:25,G05,G,-1.527,-8.02,1
2026-06-25 19:46:31,G05,G,-0.089,-0.47,1
2026-06-25 19:46:39,G05,G,3.329,17.49,2
2026-06-25 19:46:43,G05,G,-0.089,-0.47,1
2026-06-25 19:46:54,G05,G,-1.700,-8.94,1
2026-06-25 19:46:55,G05,G,0.181,0.95,1
2026-06-25 19:47:04,C27,C,-219469569.343,-1142835640.52,14810
2026-06-25 19:47:10,G05,G,0.851,4.47,7
2026-06-25 19:47:20,G05,G,-0.093,-0.49,1
2026-06-25 19:47:22,G05,G,0.096,0.50,1
2026-06-25 19:47:41,G05,G,-5.434,-28.55,9
2026-06-25 19:56:32,G25,G,-144498995.689,-759347347.52,60572
2026-06-25 19:58:25,G14,G,-20.935,-110.01,5
2026-06-25 19:58:54,G14,G,1.687,8.87,7
2026-06-25 19:58:55,G14,G,-0.096,-0.51,1
2026-06-25 19:59:19,G14,G,21.210,111.46,17
2026-06-25 19:59:22,G14,G,-3.039,-15.97,1
2026-06-25 19:59:23,G14,G,-2.481,-13.04,1
2026-06-25 20:02:41,C32,C,-24.385,-126.98,4
2026-06-25 20:03:58,E09,E,71938601.332,378039901.56,45109
2026-06-25 20:13:56,C38,C,-2.310,-12.03,3
2026-06-25 20:16:24,C08,C,-0.105,-0.55,1
2026-06-25 20:16:24,C12,C,-0.375,-1.95,1
2026-06-25 20:16:24,C20,C,-0.557,-2.90,1
2026-06-25 20:16:24,C22,C,0.487,2.54,1
2026-06-25 20:16:24,C27,C,0.476,2.48,1
2026-06-25 20:16:24,C28,C,0.269,1.40,1
2026-06-25 20:16:24,C36,C,0.425,2.22,1
2026-06-25 20:16:24,C37,C,-0.444,-2.31,1
2026-06-25 20:16:24,C38,C,-0.173,-0.90,1
2026-06-25 20:16:24,E04,E,0.279,1.46,1
2026-06-25 20:16:24,E06,E,0.440,2.31,1
2026-06-25 20:16:24,E09,E,0.499,2.62,1
2026-06-25 20:16:24,E19,E,-0.236,-1.24,1
2026-06-25 20:16:24,E21,E,-0.267,-1.41,1
2026-06-25 20:16:24,E23,E,0.260,1.37,1
2026-06-25 20:16:24,E27,E,-0.562,-2.95,1
2026-06-25 20:16:24,E28,E,0.050,0.26,1
2026-06-25 20:16:24,E29,E,-0.521,-2.74,1
2026-06-25 20:16:24,E31,E,0.536,2.82,1
2026-06-25 20:16:24,G10,G,0.109,0.57,1
2026-06-25 20:16:24,G12,G,0.390,2.05,1
2026-06-25 20:16:24,G13,G,0.321,1.68,1
2026-06-25 20:16:24,G15,G,-0.572,-3.01,1
2026-06-25 20:16:24,G17,G,-0.367,-1.93,1
2026-06-25 20:16:24,G19,G,0.072,0.38,1
2026-06-25 20:16:24,G20,G,-0.643,-3.38,1
2026-06-25 20:16:24,G22,G,-0.664,-3.49,1
2026-06-25 20:16:24,G23,G,-0.326,-1.71,1
2026-06-25 20:16:24,G24,G,-0.081,-0.42,1
2026-06-25 20:16:24,G25,G,0.658,3.46,1
2026-06-25 20:23:14,G32,G,59431922.748,312316862.01,37253
2026-06-25 20:27:59,C38,C,0.949,4.94,35
2026-06-25 20:31:34,E27,E,0.100,0.53,1
2026-06-25 20:35:29,G22,G,0.090,0.47,1
2026-06-25 20:35:31,G22,G,-0.091,-0.48,1
2026-06-25 20:35:33,G22,G,0.095,0.50,1
2026-06-25 20:35:37,G22,G,-0.106,-0.56,1
2026-06-25 20:36:28,G22,G,0.099,0.52,1
2026-06-25 20:36:43,G22,G,-0.098,-0.52,1
2026-06-25 20:37:26,G22,G,0.100,0.53,1
2026-06-25 20:37:31,G22,G,-0.095,-0.50,1
2026-06-25 20:37:39,E27,E,-0.098,-0.51,1
2026-06-25 20:38:03,E27,E,0.092,0.48,1
2026-06-25 20:38:33,G22,G,0.103,0.54,1
2026-06-25 20:38:37,G22,G,-0.099,-0.52,1
2026-06-25 20:39:32,E27,E,-16.373,-86.04,5
2026-06-25 20:39:51,E27,E,-1.143,-6.00,7
2026-06-25 20:39:59,E27,E,-0.563,-2.96,6
2026-06-25 20:42:04,G22,G,0.095,0.50,1
2026-06-25 20:42:07,G22,G,-0.095,-0.50,1
2026-06-25 20:42:08,G22,G,0.095,0.50,1
2026-06-25 20:42:25,G22,G,-0.096,-0.50,1
2026-06-25 20:42:33,G22,G,0.100,0.52,1
2026-06-25 20:42:43,G22,G,-0.098,-0.51,1
2026-06-25 20:43:58,G22,G,0.089,0.47,1
2026-06-25 20:44:01,G22,G,-0.089,-0.47,1
2026-06-25 20:44:31,G22,G,0.089,0.47,1
2026-06-25 20:44:37,G22,G,-0.096,-0.51,1
2026-06-25 20:44:57,G22,G,0.104,0.55,1
2026-06-25 20:45:01,G22,G,-0.093,-0.49,1
2026-06-25 20:45:15,G22,G,0.088,0.46,1
2026-06-25 20:45:19,G22,G,-0.096,-0.51,1
2026-06-25 20:45:28,G22,G,0.102,0.54,1
2026-06-25 20:45:31,G22,G,-0.102,-0.54,1
2026-06-25 20:45:43,G22,G,0.086,0.45,1
2026-06-25 20:45:52,G22,G,-0.189,-0.99,1
2026-06-25 20:52:16,C30,C,-191019068.218,-994686415.21,15601
2026-06-25 21:08:16,E29,E,-34.832,-183.04,1
2026-06-25 21:11:31,C12,C,0.414,2.16,1
2026-06-25 21:11:31,C13,C,0.078,0.41,1
2026-06-25 21:11:31,C19,C,0.202,1.05,1
2026-06-25 21:11:31,C20,C,0.495,2.58,1
2026-06-25 21:11:31,C22,C,-0.391,-2.04,1
2026-06-25 21:11:31,C27,C,-0.540,-2.81,1
2026-06-25 21:11:31,C28,C,-0.168,-0.87,1
2026-06-25 21:11:31,C30,C,-0.749,-3.90,1
2026-06-25 21:11:31,C36,C,-0.502,-2.61,1
2026-06-25 21:11:31,C37,C,0.295,1.54,1
2026-06-25 21:11:31,E04,E,-0.271,-1.43,1
2026-06-25 21:11:31,E06,E,-0.507,-2.66,1
2026-06-25 21:11:31,E09,E,-0.663,-3.49,1
2026-06-25 21:11:31,E19,E,0.248,1.31,1
2026-06-25 21:11:31,E21,E,0.233,1.23,1
2026-06-25 21:11:31,E23,E,-0.222,-1.16,1
2026-06-25 21:11:31,E31,E,-0.618,-3.25,1
2026-06-25 21:11:31,G10,G,0.082,0.43,1
2026-06-25 21:11:31,G12,G,-0.246,-1.29,1
2026-06-25 21:11:31,G13,G,-0.207,-1.09,1
2026-06-25 21:11:31,G15,G,0.569,2.99,1
2026-06-25 21:11:31,G17,G,0.415,2.18,1
2026-06-25 21:11:31,G19,G,0.119,0.62,1
2026-06-25 21:11:31,G20,G,0.552,2.90,1
2026-06-25 21:11:31,G23,G,0.374,1.97,1
2026-06-25 21:11:31,G24,G,0.139,0.73,1
2026-06-25 21:11:31,G25,G,-0.662,-3.48,1
2026-06-25 21:11:31,G32,G,-0.765,-4.02,1
2026-06-25 21:12:20,G29,G,-138018608.054,-725292680.64,61723
2026-06-25 21:22:49,G20,G,0.102,0.53,1
2026-06-25 21:22:50,G20,G,-0.798,-4.19,1
2026-06-25 21:22:51,G20,G,-0.152,-0.80,1
2026-06-25 21:22:56,G20,G,-0.095,-0.50,1
2026-06-25 21:23:03,G20,G,0.101,0.53,1
2026-06-25 21:23:08,G20,G,-0.087,-0.46,1
2026-06-25 21:23:12,G20,G,0.099,0.52,1
2026-06-25 21:23:20,G20,G,-0.089,-0.47,1
2026-06-25 21:23:29,G20,G,0.093,0.49,1
2026-06-25 21:23:32,G20,G,-0.088,-0.46,1
2026-06-25 21:23:34,G20,G,0.089,0.47,1
2026-06-25 21:23:56,G20,G,-0.099,-0.52,1
2026-06-25 21:24:06,G20,G,0.088,0.46,1
2026-06-25 21:24:08,G20,G,-0.097,-0.51,1
2026-06-25 21:24:10,G20,G,0.084,0.44,1
2026-06-25 21:24:21,G20,G,-0.101,-0.53,1
2026-06-25 21:24:24,G20,G,0.059,0.31,1
2026-06-25 21:24:25,G20,G,-0.521,-2.74,1
2026-06-25 21:24:32,G20,G,-0.094,-0.49,1
2026-06-25 21:24:37,G20,G,0.091,0.48,1
2026-06-25 21:24:46,G20,G,0.483,2.54,1
2026-06-25 21:24:58,G20,G,1.567,8.23,1
2026-06-25 21:25:03,G20,G,-18.132,-95.29,5
2026-06-25 21:25:07,G20,G,-0.091,-0.48,1
2026-06-25 21:25:13,G20,G,0.103,0.54,1
2026-06-25 21:25:16,G20,G,-3.991,-20.97,3
2026-06-25 21:25:21,G20,G,0.367,1.93,1
2026-06-25 21:28:15,G28,G,-270248173.790,-1420163738.58,36065
2026-06-25 21:28:34,C39,C,-198300481.576,-1032602645.35,66094
2026-06-25 21:30:38,C08,C,-0.141,-0.73,1
2026-06-25 21:30:38,C12,C,-0.568,-2.96,1
2026-06-25 21:30:38,C13,C,-0.286,-1.49,1
2026-06-25 21:30:38,C19,C,-0.408,-2.12,1
2026-06-25 21:30:38,C20,C,-0.610,-3.18,1
2026-06-25 21:30:38,C22,C,0.155,0.81,1
2026-06-25 21:30:38,C27,C,0.342,1.78,1
2026-06-25 21:30:38,C28,C,-0.062,-0.32,1
2026-06-25 21:30:38,C30,C,0.646,3.36,1
2026-06-25 21:30:38,C36,C,0.351,1.83,1
2026-06-25 21:30:38,C37,C,-0.413,-2.15,1
2026-06-25 21:30:38,C39,C,0.543,2.83,1
2026-06-25 21:30:38,E04,E,0.069,0.36,1
2026-06-25 21:30:38,E06,E,0.328,1.73,1
2026-06-25 21:30:38,E09,E,0.515,2.71,1
2026-06-25 21:30:38,E19,E,-0.421,-2.21,1
2026-06-25 21:30:38,E21,E,-0.375,-1.97,1
2026-06-25 21:30:38,E28,E,-0.187,-0.98,1
2026-06-25 21:30:38,E31,E,0.458,2.41,1
2026-06-25 21:30:38,G10,G,-0.295,-1.55,1
2026-06-25 21:30:38,G15,G,-0.697,-3.66,1
2026-06-25 21:30:38,G19,G,-0.347,-1.83,1
2026-06-25 21:30:38,G23,G,-0.509,-2.68,1
2026-06-25 21:30:38,G24,G,-0.329,-1.73,1
2026-06-25 21:30:38,G25,G,0.464,2.44,1
2026-06-25 21:30:38,G28,G,0.646,3.39,1
2026-06-25 21:30:38,G29,G,0.773,4.06,1
2026-06-25 21:30:38,G32,G,0.584,3.07,1
2026-06-25 21:30:41,C21,C,-244413885.269,-1272727239.41,40516
2026-06-25 21:34:02,G06,G,-256636805.159,-1348635513.65,20136
2026-06-25 21:34:08,G11,G,-220390919.505,-1158162098.95,16272
2026-06-25 21:41:00,G23,G,0.100,0.52,1
2026-06-25 21:41:01,G23,G,-0.097,-0.51,1
2026-06-25 21:43:04,C11,C,-184324773.144,-959827464.05,17384
2026-06-25 21:43:43,G23,G,0.089,0.47,1
2026-06-25 21:43:49,G23,G,-0.091,-0.48,1
2026-06-25 21:50:18,G23,G,0.090,0.47,1
2026-06-25 21:50:19,G23,G,-0.099,-0.52,1
2026-06-25 21:50:21,G23,G,0.091,0.48,1
2026-06-25 21:50:25,G23,G,-0.095,-0.50,1
2026-06-25 21:50:49,G23,G,0.087,0.46,1
2026-06-25 21:50:55,G23,G,-0.099,-0.52,1
2026-06-25 21:50:57,G23,G,0.098,0.52,1
2026-06-25 21:51:01,G23,G,-0.097,-0.51,1
2026-06-25 21:51:28,G23,G,0.090,0.47,1
2026-06-25 21:51:31,G23,G,-0.093,-0.49,1
2026-06-25 21:52:03,G06,G,-6.855,-36.03,2
2026-06-25 21:52:34,G23,G,0.085,0.45,1
2026-06-25 21:52:49,G23,G,-0.096,-0.51,1
2026-06-25 21:52:53,G23,G,0.097,0.51,1
2026-06-25 21:52:55,G23,G,-0.103,-0.54,1
2026-06-25 21:52:56,G23,G,0.096,0.51,1
2026-06-25 21:53:01,G23,G,-0.095,-0.50,1
2026-06-25 21:53:05,G23,G,0.099,0.52,1
2026-06-25 21:53:07,G23,G,-0.098,-0.51,1
2026-06-25 21:53:19,G23,G,0.089,0.47,1
2026-06-25 21:53:31,G23,G,-0.099,-0.52,1
2026-06-25 21:53:32,G23,G,0.094,0.49,1
2026-06-25 21:53:37,G23,G,-0.088,-0.46,1
2026-06-25 21:53:43,G23,G,0.095,0.50,1
2026-06-25 21:53:48,G23,G,-0.593,-3.11,1
2026-06-25 21:53:49,G23,G,-0.321,-1.69,1
2026-06-25 21:53:50,G23,G,-0.129,-0.68,1
2026-06-25 21:53:52,G23,G,0.408,2.15,1
2026-06-25 21:53:53,G23,G,0.220,1.15,1
2026-06-25 21:54:02,G23,G,-5.493,-28.87,9
2026-06-25 21:54:26,G23,G,0.085,0.45,1
2026-06-25 21:54:27,G23,G,0.647,3.40,1
2026-06-25 21:54:28,G23,G,2.762,14.52,1
2026-06-25 21:54:29,G23,G,1.086,5.71,1
2026-06-25 21:54:36,C08,C,0.093,0.48,1
2026-06-25 21:54:39,C08,C,-0.092,-0.48,1
2026-06-25 21:54:42,G23,G,-3.158,-16.60,13
2026-06-25 21:54:43,G23,G,-0.095,-0.50,1
2026-06-25 21:54:44,C08,C,0.182,0.95,1
2026-06-25 21:54:47,C08,C,0.243,1.26,1
2026-06-25 21:54:48,C08,C,0.144,0.75,1
2026-06-25 21:54:50,C08,C,0.104,0.54,1
2026-06-25 21:54:51,C08,C,0.787,4.10,1
2026-06-25 21:54:54,C08,C,-7.739,-40.30,3
2026-06-25 21:54:57,C08,C,-0.116,-0.61,1
2026-06-25 21:54:58,E13,E,34582829.264,181733994.38,24286
2026-06-25 21:57:53,C20,C,-155513247.347,-809798288.54,4
2026-06-25 21:58:06,C20,C,-17.924,-93.33,13
2026-06-25 21:58:23,C20,C,3.262,16.99,7
2026-06-25 21:58:41,C20,C,-3.065,-15.96,7
2026-06-25 21:59:21,C20,C,-4.416,-23.00,32
2026-06-25 21:59:28,E26,E,-282596038.542,-1485052205.82,17961
2026-06-25 22:00:42,E26,E,-0.353,-1.86,1
2026-06-25 22:03:42,G15,G,0.495,2.60,1
2026-06-25 22:03:59,G15,G,-9.239,-48.55,2
2026-06-25 22:04:23,G15,G,-5.274,-27.71,1
2026-06-25 22:04:25,G15,G,0.069,0.36,1
2026-06-25 22:04:29,G15,G,-0.082,-0.43,1
2026-06-25 22:05:50,G15,G,15.027,78.97,80
2026-06-25 22:05:55,G15,G,-0.107,-0.56,1
2026-06-25 22:06:02,G15,G,0.091,0.48,1
2026-06-25 22:06:03,G15,G,0.104,0.55,1
2026-06-25 22:06:06,G15,G,0.097,0.51,1
2026-06-25 22:06:20,G15,G,0.095,0.50,1
2026-06-25 22:06:35,G15,G,0.076,0.40,1
2026-06-25 22:06:41,G15,G,0.329,1.73,1
2026-06-25 22:06:42,G15,G,1.143,6.01,1
2026-06-25 22:06:43,G15,G,0.378,1.99,1
2026-06-25 22:06:44,G15,G,1.450,7.62,1
2026-06-25 22:06:45,G15,G,0.527,2.77,1
2026-06-25 22:06:46,G15,G,0.388,2.04,1
2026-06-25 22:06:47,G15,G,0.298,1.57,1
2026-06-25 22:06:49,G15,G,0.598,3.14,1
2026-06-25 22:06:50,G15,G,0.948,4.98,1
2026-06-25 22:06:51,G15,G,0.425,2.23,1
2026-06-25 22:06:53,G15,G,0.180,0.95,1
2026-06-25 22:06:58,G15,G,1.116,5.87,1
2026-06-25 22:06:59,G15,G,1.687,8.86,1
2026-06-25 22:07:00,G15,G,1.801,9.47,1
2026-06-25 22:07:15,G15,G,18.615,97.82,15
2026-06-25 22:07:24,G15,G,1.290,6.78,1
2026-06-25 22:07:25,G15,G,0.442,2.32,1
2026-06-25 22:07:26,G15,G,0.531,2.79,1
2026-06-25 22:16:02,G10,G,0.100,0.53,1
2026-06-25 22:16:08,G10,G,-0.098,-0.52,1
2026-06-25 22:21:58,C29,C,-177023596.385,-921808320.71,19943
2026-06-25 22:23:16,G10,G,0.093,0.49,1
2026-06-25 22:23:20,G10,G,-0.095,-0.50,1
2026-06-25 22:25:15,G10,G,0.092,0.48,1
2026-06-25 22:25:32,G10,G,-0.095,-0.50,1
2026-06-25 22:25:36,G10,G,0.094,0.50,1
2026-06-25 22:25:38,G10,G,-0.095,-0.50,1
2026-06-25 22:25:43,G10,G,0.094,0.49,1
2026-06-25 22:25:50,G10,G,-0.098,-0.51,1
2026-06-25 22:26:09,G10,G,0.098,0.51,1
2026-06-25 22:26:32,G10,G,-0.095,-0.50,1
2026-06-25 22:26:33,G10,G,0.094,0.49,1
2026-06-25 22:26:38,G10,G,-0.095,-0.50,1
2026-06-25 22:26:40,G10,G,0.108,0.57,1
2026-06-25 22:26:56,G10,G,-0.091,-0.48,1
2026-06-25 22:27:01,G10,G,0.085,0.45,1
2026-06-25 22:27:41,G10,G,9.881,51.92,24
2026-06-25 22:27:44,G10,G,-0.100,-0.52,1
2026-06-25 22:27:48,G10,G,0.094,0.49,1
2026-06-25 22:27:50,G10,G,-0.089,-0.47,1
2026-06-25 22:27:51,G10,G,0.083,0.43,1
2026-06-25 22:28:53,C12,C,-14.207,-73.98,29
2026-06-25 22:29:38,C37,C,-22.091,-115.03,5
2026-06-25 22:29:39,C37,C,-0.194,-1.01,1
2026-06-25 22:30:52,C37,C,1.922,10.01,5
2026-06-25 22:31:52,C37,C,-0.747,-3.89,6
2026-06-25 22:31:53,C12,C,-1.156,-6.02,3
2026-06-25 22:31:58,C12,C,0.594,3.09,3
2026-06-25 22:32:00,E19,E,0.104,0.55,1
2026-06-25 22:32:01,C37,C,-0.569,-2.97,5
2026-06-25 22:32:03,C37,C,-0.197,-1.02,1
2026-06-25 22:32:28,E16,E,-255927834.092,-1344909845.55,74881
2026-06-25 22:32:44,C12,C,-0.379,-1.97,2
2026-06-25 22:33:16,G19,G,-0.433,-2.27,1
2026-06-25 22:33:17,G19,G,-0.134,-0.71,1
2026-06-25 22:33:26,C12,C,0.193,1.00,1
2026-06-25 22:33:33,G19,G,-0.243,-1.28,1
2026-06-25 22:33:46,C12,C,-0.971,-5.06,9
2026-06-25 22:34:11,C12,C,0.101,0.52,7
2026-06-25 22:34:16,C12,C,-0.084,-0.44,1
2026-06-25 22:34:22,C12,C,0.087,0.45,4
2026-06-25 22:34:27,C12,C,-0.097,-0.50,1
2026-06-25 22:35:15,C12,C,-14.121,-73.53,46
2026-06-25 22:38:28,C14,C,1935658.940,10079484.05,40490
2026-06-25 22:38:58,E05,E,19582409.346,102906255.68,45731
2026-06-25 22:43:51,G31,G,-290481714.439,-1526491712.35,36822
2026-06-25 22:44:39,C11,C,0.514,2.68,1
2026-06-25 22:44:39,C14,C,0.249,1.30,1
2026-06-25 22:44:39,C19,C,-0.703,-3.66,1
2026-06-25 22:44:39,C21,C,0.055,0.28,1
2026-06-25 22:44:39,C22,C,-0.444,-2.31,1
2026-06-25 22:44:39,C27,C,-0.247,-1.29,1
2026-06-25 22:44:39,C28,C,-0.577,-3.01,1
2026-06-25 22:44:39,C29,C,0.562,2.93,1
2026-06-25 22:44:39,C30,C,0.320,1.66,1
2026-06-25 22:44:39,C39,C,0.362,1.88,1
2026-06-25 22:44:39,E04,E,-0.437,-2.30,1
2026-06-25 22:44:39,E05,E,0.432,2.27,1
2026-06-25 22:44:39,E06,E,-0.178,-0.94,1
2026-06-25 22:44:39,E09,E,0.095,0.50,1
2026-06-25 22:44:39,E16,E,0.352,1.85,1
2026-06-25 22:44:39,E19,E,-0.681,-3.58,1
2026-06-25 22:44:39,E21,E,-0.551,-2.89,1
2026-06-25 22:44:39,E23,E,-0.305,-1.60,1
2026-06-25 22:44:39,E26,E,0.340,1.79,1
2026-06-25 22:44:39,E28,E,-0.602,-3.17,1
2026-06-25 22:44:39,E31,E,0.113,0.59,1
2026-06-25 22:44:39,G06,G,-0.239,-1.26,1
2026-06-25 22:44:39,G11,G,0.134,0.70,1
2026-06-25 22:44:39,G12,G,-0.448,-2.35,1
2026-06-25 22:44:39,G13,G,-0.418,-2.20,1
2026-06-25 22:44:39,G24,G,-0.723,-3.80,1
2026-06-25 22:44:39,G28,G,0.480,2.52,1
2026-06-25 22:44:39,G29,G,0.465,2.44,1
2026-06-25 22:44:39,G31,G,0.575,3.02,1
2026-06-25 22:49:01,G06,G,-1.328,-6.98,1
2026-06-25 22:49:02,G06,G,0.183,0.96,1
2026-06-25 22:55:11,C11,C,-0.553,-2.88,1
2026-06-25 22:55:11,C14,C,-0.252,-1.31,1
2026-06-25 22:55:11,C19,C,0.638,3.32,1
2026-06-25 22:55:11,C22,C,0.433,2.26,1
2026-06-25 22:55:11,C27,C,0.251,1.31,1
2026-06-25 22:55:11,C28,C,0.548,2.85,1
2026-06-25 22:55:11,C29,C,-0.623,-3.25,1
2026-06-25 22:55:11,C30,C,-0.325,-1.69,1
2026-06-25 22:55:11,C36,C,-0.076,-0.40,1
2026-06-25 22:55:11,C39,C,-0.415,-2.16,1
2026-06-25 22:55:11,E04,E,0.425,2.24,1
2026-06-25 22:55:11,E05,E,-0.473,-2.49,1
2026-06-25 22:55:11,E06,E,0.174,0.91,1
2026-06-25 22:55:11,E09,E,-0.096,-0.51,1
2026-06-25 22:55:11,E16,E,-0.408,-2.15,1
2026-06-25 22:55:11,E19,E,0.624,3.28,1
2026-06-25 22:55:11,E21,E,0.478,2.51,1
2026-06-25 22:55:11,E23,E,0.269,1.41,1
2026-06-25 22:55:11,E26,E,-0.376,-1.98,1
2026-06-25 22:55:11,E28,E,0.570,2.99,1
2026-06-25 22:55:11,E31,E,-0.145,-0.76,1
2026-06-25 22:55:11,G06,G,0.255,1.34,1
2026-06-25 22:55:11,G11,G,-0.124,-0.65,1
2026-06-25 22:55:11,G12,G,0.419,2.20,1
2026-06-25 22:55:11,G13,G,0.388,2.04,1
2026-06-25 22:55:11,G24,G,0.681,3.58,1
2026-06-25 22:55:11,G28,G,-0.520,-2.73,1
2026-06-25 22:55:11,G29,G,-0.475,-2.49,1
2026-06-25 22:55:11,G31,G,-0.630,-3.31,1
2026-06-25 22:56:06,C28,C,0.090,0.47,1
2026-06-25 23:07:05,E19,E,-23.042,-121.09,1
2026-06-25 23:17:28,E33,E,-247444407.308,-1300329136.90,17341
2026-06-25 23:18:39,C19,C,-15.604,-81.25,2
2026-06-25 23:18:40,C19,C,-0.089,-0.46,1
2026-06-25 23:20:01,C19,C,-0.126,-0.66,9
2026-06-25 23:20:04,C19,C,-0.096,-0.50,1
2026-06-25 23:21:49,G06,G,-1.430,-7.51,2
2026-06-25 23:21:55,G06,G,-0.095,-0.50,1
2026-06-25 23:26:01,E21,E,0.094,0.49,1
2026-06-25 23:29:32,G26,G,-135994937.189,-714658218.47,61970
2026-06-25 23:30:19,G06,G,-0.101,-0.53,3
2026-06-25 23:30:20,G06,G,-1.327,-6.97,1
2026-06-25 23:30:21,G06,G,2.277,11.96,1
2026-06-25 23:30:22,G06,G,0.390,2.05,1
2026-06-25 23:30:23,G06,G,-0.192,-1.01,1
2026-06-25 23:30:24,G06,G,0.954,5.01,1
2026-06-25 23:30:25,G06,G,1.516,7.96,1
2026-06-25 23:30:31,G06,G,-0.100,-0.53,1
2026-06-25 23:33:51,E21,E,-12.767,-67.09,8
2026-06-25 23:34:06,E21,E,-6.644,-34.91,11
2026-06-25 23:34:16,E21,E,3.599,18.91,4
2026-06-25 23:34:40,E21,E,-4.017,-21.11,2
2026-06-25 23:35:28,E21,E,2.091,10.99,6
2026-06-25 23:35:50,G26,G,0.095,0.50,1
2026-06-25 23:35:55,G26,G,-0.099,-0.52,1
2026-06-25 23:37:05,G06,G,-0.694,-3.65,1
2026-06-25 23:37:06,G06,G,-1.979,-10.40,1
2026-06-25 23:37:07,G06,G,-1.262,-6.63,1
2026-06-25 23:37:08,G06,G,-1.037,-5.45,1
2026-06-25 23:37:10,C42,C,440353.663,2293037.08,39758
2026-06-25 23:38:18,G26,G,0.095,0.50,1
2026-06-25 23:38:19,G26,G,-0.097,-0.51,1
2026-06-25 23:43:08,G18,G,-164307883.099,-863443753.45,17702
2026-06-25 23:47:03,G24,G,0.091,0.48,1
2026-06-25 23:47:08,G24,G,-0.098,-0.52,1
2026-06-25 23:47:13,G26,G,0.085,0.45,1
2026-06-25 23:47:19,G26,G,-0.096,-0.50,1
2026-06-25 23:47:21,G24,G,0.093,0.49,1
2026-06-25 23:47:26,G24,G,-0.098,-0.52,1
2026-06-25 23:47:30,G24,G,0.091,0.48,1
2026-06-25 23:47:38,G24,G,-0.090,-0.47,1
2026-06-25 23:48:30,G24,G,0.105,0.55,1
2026-06-25 23:48:32,G24,G,-0.083,-0.44,1
2026-06-25 23:50:49,G24,G,0.090,0.48,1
2026-06-25 23:51:26,G24,G,-0.092,-0.48,1
2026-06-25 23:53:23,G24,G,0.111,0.59,1
2026-06-25 23:53:32,G24,G,-0.091,-0.48,1
2026-06-25 23:54:51,G24,G,0.091,0.48,1
2026-06-25 23:54:56,G24,G,-0.094,-0.50,1
2026-06-25 23:55:04,G24,G,0.104,0.55,1
2026-06-25 23:55:14,G24,G,-0.095,-0.50,1
2026-06-25 23:55:27,G24,G,0.106,0.56,1
2026-06-25 23:55:38,G24,G,-0.097,-0.51,1
2026-06-25 23:55:40,G24,G,0.078,0.41,1
2026-06-25 23:55:56,G24,G,-0.094,-0.49,1
2026-06-25 23:56:04,G24,G,0.096,0.50,1
2026-06-25 23:56:18,G24,G,-0.050,-0.26,1
2026-06-25 23:58:52,C11,C,0.404,2.11,1
2026-06-25 23:58:52,C21,C,-0.210,-1.09,1
2026-06-25 23:58:52,C22,C,-0.453,-2.36,1
2026-06-25 23:58:52,C27,C,-0.445,-2.32,1
2026-06-25 23:58:52,C29,C,0.598,3.11,1
2026-06-25 23:58:52,C30,C,0.052,0.27,1
2026-06-25 23:58:52,C39,C,0.453,2.36,1
2026-06-25 23:58:52,C42,C,0.192,1.00,1
2026-06-25 23:58:52,E04,E,-0.487,-2.56,1
2026-06-25 23:58:52,E05,E,0.369,1.94,1
2026-06-25 23:58:52,E06,E,-0.352,-1.85,1
2026-06-25 23:58:52,E09,E,-0.132,-0.70,1
2026-06-25 23:58:52,E13,E,-0.221,-1.16,1
2026-06-25 23:58:52,E16,E,0.450,2.36,1
2026-06-25 23:58:52,E23,E,-0.228,-1.20,1
2026-06-25 23:58:52,E26,E,0.215,1.13,1
2026-06-25 23:58:52,E28,E,-0.508,-2.67,1
2026-06-25 23:58:52,E31,E,0.124,0.65,1
2026-06-25 23:58:52,E33,E,0.592,3.11,1
2026-06-25 23:58:52,G11,G,-0.190,-1.00,1
2026-06-25 23:58:52,G12,G,-0.431,-2.26,1
2026-06-25 23:58:52,G13,G,-0.395,-2.07,1
2026-06-25 23:58:52,G18,G,0.741,3.89,1
2026-06-25 23:58:52,G25,G,-0.162,-0.85,1
2026-06-25 23:58:52,G26,G,0.651,3.42,1
2026-06-25 23:58:52,G28,G,0.396,2.08,1
2026-06-25 23:58:52,G29,G,0.199,1.04,1
2026-06-25 23:58:52,G31,G,0.652,3.43,1
2026-06-25 23:58:52,G32,G,-0.336,-1.76,1
2026-06-26 00:18:40,C35,C,-180147061.714,-938073024.33,67475
2026-06-26 00:20:37,C22,C,-9.508,-49.51,4
2026-06-26 00:20:39,C22,C,-0.094,-0.49,1
2026-06-26 00:21:03,C22,C,0.287,1.49,1
2026-06-26 00:21:09,C22,C,-0.098,-0.51,1
2026-06-26 00:21:22,C26,C,-286144639.796,-1490030229.17,40204
2026-06-26 00:21:58,C22,C,5.756,29.97,9
2026-06-26 00:22:24,C22,C,-0.081,-0.42,1
2026-06-26 00:22:27,C22,C,-3.531,-18.39,1
2026-06-26 00:22:30,C22,C,-0.195,-1.02,1
2026-06-26 00:22:34,E28,E,-27.965,-146.96,14
2026-06-26 00:22:35,C22,C,0.068,0.35,1
2026-06-26 00:22:58,E12,E,178569716.925,938390196.05,18241
2026-06-26 00:23:04,C22,C,9.138,47.58,27
2026-06-26 00:23:24,E28,E,1.909,10.03,4
2026-06-26 00:24:17,E28,E,-0.092,-0.49,12
2026-06-26 00:24:30,E28,E,0.071,0.37,1
2026-06-26 00:38:05,C11,C,-0.204,-1.06,1
2026-06-26 00:38:05,C14,C,0.175,0.91,1
2026-06-26 00:38:05,C21,C,0.310,1.61,1
2026-06-26 00:38:05,C26,C,-0.681,-3.55,1
2026-06-26 00:38:05,C27,C,0.482,2.51,1
2026-06-26 00:38:05,C29,C,-0.455,-2.37,1
2026-06-26 00:38:05,C30,C,0.144,0.75,1
2026-06-26 00:38:05,C35,C,-0.779,-4.06,1
2026-06-26 00:38:05,C36,C,0.104,0.54,1
2026-06-26 00:38:05,C39,C,-0.399,-2.08,1
2026-06-26 00:38:05,E04,E,0.465,2.44,1
2026-06-26 00:38:05,E05,E,-0.204,-1.07,1
2026-06-26 00:38:05,E06,E,0.412,2.16,1
2026-06-26 00:38:05,E09,E,0.273,1.43,1
2026-06-26 00:38:05,E12,E,-0.718,-3.77,1
2026-06-26 00:38:05,E16,E,-0.459,-2.41,1
2026-06-26 00:38:05,E23,E,0.220,1.16,1
2026-06-26 00:38:05,E31,E,-0.095,-0.50,1
2026-06-26 00:38:05,E33,E,-0.510,-2.68,1
2026-06-26 00:38:05,G11,G,0.372,1.96,1
2026-06-26 00:38:05,G12,G,0.437,2.30,1
2026-06-26 00:38:05,G13,G,0.407,2.14,1
2026-06-26 00:38:05,G18,G,-0.745,-3.91,1
2026-06-26 00:38:05,G25,G,0.252,1.32,1
2026-06-26 00:38:05,G26,G,-0.640,-3.36,1
2026-06-26 00:38:05,G28,G,-0.184,-0.97,1
2026-06-26 00:38:05,G31,G,-0.517,-2.72,1
2026-06-26 00:38:05,G32,G,0.434,2.28,1
2026-06-26 00:43:16,C27,C,0.097,0.51,1
2026-06-26 00:43:21,C27,C,-6.139,-31.97,5
2026-06-26 00:43:22,C27,C,-0.096,-0.50,1
2026-06-26 00:53:35,C42,C,2.303,11.99,12
2026-06-26 00:54:58,C21,C,0.096,0.50,1
2026-06-26 00:55:04,C21,C,-0.093,-0.48,1
2026-06-26 00:55:14,C21,C,0.274,1.43,1
2026-06-26 00:55:36,C21,C,8.928,46.49,21
2026-06-26 00:55:53,C21,C,-0.111,-0.58,1
2026-06-26 00:55:58,C21,C,-0.077,-0.40,1
2026-06-26 00:56:14,C14,C,3.058,15.92,29
2026-06-26 00:56:28,C42,C,355441911.726,1850879309.02,17
2026-06-26 00:56:31,C21,C,-1.449,-7.54,23
2026-06-26 00:56:33,C21,C,-0.076,-0.40,1
2026-06-26 00:56:39,C42,C,-61395.302,-319701.45,6
2026-06-26 00:56:43,C42,C,-24326.803,-126676.05,4
2026-06-26 00:56:44,G16,G,240817759.441,1265505867.32,63557
2026-06-26 00:56:45,C42,C,-0.104,-0.54,1
2026-06-26 00:56:53,C21,C,-0.268,-1.40,1
2026-06-26 00:56:55,C14,C,0.582,3.03,9
2026-06-26 00:57:09,C21,C,3.737,19.46,15
2026-06-26 00:57:10,C21,C,-0.081,-0.42,1
2026-06-26 00:57:15,C21,C,-0.097,-0.51,1
2026-06-26 00:57:28,C06,C,248357255.243,1293261401.68,68287
2026-06-26 00:57:43,C14,C,0.188,0.98,17
2026-06-26 00:57:45,C21,C,0.385,2.00,7
2026-06-26 00:57:46,C21,C,-0.114,-0.59,1
2026-06-26 00:57:49,C21,C,0.323,1.68,1
2026-06-26 00:57:50,C14,C,0.771,4.02,2
2026-06-26 00:57:51,C21,C,-0.965,-5.02,1
2026-06-26 00:57:52,C21,C,-0.117,-0.61,1
2026-06-26 00:58:32,G05,G,136886593.248,719343902.69,18641
2026-06-26 00:58:42,G05,G,0.098,0.52,1
2026-06-26 00:58:43,G05,G,-0.100,-0.53,1
2026-06-26 00:58:46,G05,G,0.099,0.52,1
2026-06-26 00:58:49,G05,G,-0.092,-0.48,1
2026-06-26 01:00:07,G05,G,0.089,0.47,1
2026-06-26 01:00:13,G05,G,-0.092,-0.48,1
2026-06-26 01:00:14,G05,G,0.096,0.51,1
2026-06-26 01:00:19,G05,G,-0.100,-0.53,1
2026-06-26 01:01:12,G11,G,0.372,1.96,1
2026-06-26 01:01:58,E10,E,177317584.678,931810196.68,19813
2026-06-26 01:02:23,E04,E,0.081,0.42,1
2026-06-26 01:02:32,G05,G,0.093,0.49,1
2026-06-26 01:02:37,G05,G,-0.093,-0.49,1
2026-06-26 01:04:51,E04,E,-0.094,-0.49,1
2026-06-26 01:05:28,E03,E,-13218015.136,-69461138.36,45880
2026-06-26 01:07:04,G05,G,0.089,0.47,1
2026-06-26 01:07:07,G05,G,-0.084,-0.44,1
2026-06-26 01:09:15,G13,G,0.097,0.51,1
2026-06-26 01:09:19,G13,G,-0.097,-0.51,1
2026-06-26 01:09:24,G13,G,0.098,0.51,1
2026-06-26 01:09:25,G13,G,-20.457,-107.50,1
2026-06-26 01:09:49,G05,G,0.089,0.47,1
2026-06-26 01:09:55,G05,G,-0.091,-0.48,1
2026-06-26 01:10:07,G05,G,0.099,0.52,1
2026-06-26 01:10:13,G05,G,-0.099,-0.52,1
2026-06-26 01:10:19,E04,E,0.106,0.56,1
2026-06-26 01:11:06,G12,G,0.099,0.52,1
2026-06-26 01:11:08,G12,G,-0.094,-0.49,1
2026-06-26 01:11:27,G13,G,0.094,0.49,1
2026-06-26 01:11:31,G13,G,-0.098,-0.51,1
2026-06-26 01:11:34,E04,E,-19.817,-104.14,21
2026-06-26 01:11:42,G05,G,0.098,0.51,1
2026-06-26 01:11:43,G05,G,-0.099,-0.52,1
2026-06-26 01:11:48,G05,G,0.102,0.54,1
2026-06-26 01:11:49,G05,G,-0.101,-0.53,1
2026-06-26 01:12:10,G13,G,0.097,0.51,1
2026-06-26 01:12:13,G13,G,-0.094,-0.50,1
2026-06-26 01:12:18,G13,G,0.085,0.45,1
2026-06-26 01:12:19,G13,G,0.098,0.52,1
2026-06-26 01:12:26,G13,G,0.099,0.52,1
2026-06-26 01:12:31,G13,G,-0.094,-0.49,1
2026-06-26 01:12:52,C06,C,0.265,1.38,1
2026-06-26 01:12:52,C11,C,-0.154,-0.80,1
2026-06-26 01:12:52,C26,C,0.533,2.77,1
2026-06-26 01:12:52,C29,C,0.109,0.57,1
2026-06-26 01:12:52,C30,C,-0.453,-2.36,1
2026-06-26 01:12:52,C35,C,0.575,2.99,1
2026-06-26 01:12:52,C36,C,-0.385,-2.00,1
2026-06-26 01:12:52,C39,C,0.124,0.65,1
2026-06-26 01:12:52,E03,E,0.288,1.51,1
2026-06-26 01:12:52,E05,E,-0.134,-0.70,1
2026-06-26 01:12:52,E06,E,-0.581,-3.05,1
2026-06-26 01:12:52,E09,E,-0.526,-2.76,1
2026-06-26 01:12:52,E10,E,0.582,3.06,1
2026-06-26 01:12:52,E12,E,0.567,2.98,1
2026-06-26 01:12:52,E16,E,0.279,1.47,1
2026-06-26 01:12:52,E23,E,-0.396,-2.08,1
2026-06-26 01:12:52,E26,E,-0.302,-1.58,1
2026-06-26 01:12:52,E31,E,-0.109,-0.57,1
2026-06-26 01:12:52,E33,E,0.199,1.05,1
2026-06-26 01:12:52,G05,G,0.350,1.84,1
2026-06-26 01:12:52,G12,G,-0.610,-3.21,1
2026-06-26 01:12:52,G13,G,-0.595,-3.13,1
2026-06-26 01:12:52,G16,G,0.560,2.94,1
2026-06-26 01:12:52,G18,G,0.474,2.49,1
2026-06-26 01:12:52,G25,G,-0.502,-2.64,1
2026-06-26 01:12:52,G26,G,0.419,2.20,1
2026-06-26 01:12:52,G28,G,-0.216,-1.14,1
2026-06-26 01:12:52,G29,G,-0.335,-1.76,1
2026-06-26 01:12:52,G31,G,0.142,0.75,1
2026-06-26 01:12:52,G32,G,-0.603,-3.17,1
2026-06-26 01:13:00,G12,G,0.101,0.53,1
2026-06-26 01:13:02,G12,G,-0.084,-0.44,1
2026-06-26 01:13:05,G13,G,0.091,0.48,1
2026-06-26 01:13:07,G13,G,-0.097,-0.51,1
2026-06-26 01:13:10,G12,G,0.087,0.46,1
2026-06-26 01:13:14,G12,G,-0.090,-0.47,1
2026-06-26 01:13:15,G12,G,0.092,0.48,1
2026-06-26 01:13:19,G13,G,0.096,0.50,1
2026-06-26 01:13:20,G12,G,-0.093,-0.49,1
2026-06-26 01:13:25,G13,G,-0.097,-0.51,1
2026-06-26 01:14:12,G12,G,0.094,0.49,1
2026-06-26 01:14:14,G12,G,-0.090,-0.47,1
2026-06-26 01:14:47,G13,G,0.096,0.50,1
2026-06-26 01:14:55,G13,G,-0.096,-0.51,1
2026-06-26 01:15:12,G13,G,0.096,0.51,1
2026-06-26 01:15:13,G13,G,-0.098,-0.51,1
2026-06-26 01:15:30,G13,G,0.094,0.50,1
2026-06-26 01:15:31,G13,G,-0.100,-0.53,1
2026-06-26 01:16:01,G13,G,0.087,0.46,1
2026-06-26 01:16:07,G13,G,-0.100,-0.52,1
2026-06-26 01:16:15,G05,G,0.098,0.52,1
2026-06-26 01:16:19,G05,G,-0.093,-0.49,1
2026-06-26 01:16:19,G13,G,0.089,0.47,1
2026-06-26 01:16:25,G13,G,-0.095,-0.50,1
2026-06-26 01:16:34,C09,C,35625705.847,185512399.20,57780
2026-06-26 01:16:37,G13,G,0.098,0.51,1
2026-06-26 01:16:43,G13,G,-0.101,-0.53,1
2026-06-26 01:17:12,G12,G,0.094,0.50,1
2026-06-26 01:17:14,G12,G,-0.100,-0.53,1
2026-06-26 01:17:15,G12,G,0.099,0.52,1
2026-06-26 01:17:20,G12,G,-0.089,-0.47,1
2026-06-26 01:17:29,G12,G,0.093,0.49,1
2026-06-26 01:17:32,G12,G,-0.094,-0.49,1
2026-06-26 01:17:50,G04,G,16131798.351,84773172.51,37619
2026-06-26 01:20:07,G13,G,0.093,0.49,1
2026-06-26 01:20:13,G13,G,-0.093,-0.49,1
2026-06-26 01:20:23,G13,G,0.085,0.45,1
2026-06-26 01:20:25,G13,G,-0.091,-0.48,1
2026-06-26 01:20:30,G13,G,0.091,0.48,1
2026-06-26 01:20:31,G13,G,-0.090,-0.47,1
2026-06-26 01:20:32,G13,G,0.094,0.50,1
2026-06-26 01:20:49,G13,G,-0.093,-0.49,1
2026-06-26 01:21:09,G12,G,0.092,0.48,1
2026-06-26 01:21:14,G12,G,-0.098,-0.51,1
2026-06-26 01:21:35,G12,G,0.093,0.49,1
2026-06-26 01:21:50,G12,G,-0.094,-0.49,1
2026-06-26 01:22:16,E12,E,-380587345.598,-2000000000.01,1
2026-06-26 01:22:29,G12,G,0.089,0.47,1
2026-06-26 01:22:38,G12,G,-0.100,-0.52,1
2026-06-26 01:22:39,G12,G,0.109,0.57,1
2026-06-26 01:22:41,G12,G,0.292,1.53,1
2026-06-26 01:23:34,G13,G,0.099,0.52,1
2026-06-26 01:23:43,G13,G,-0.099,-0.52,1
2026-06-26 01:24:17,G13,G,0.093,0.49,1
2026-06-26 01:24:19,G13,G,-0.093,-0.49,1
2026-06-26 01:24:23,G13,G,0.094,0.49,1
2026-06-26 01:24:25,G13,G,-0.092,-0.49,1
2026-06-26 01:24:44,G13,G,0.092,0.48,1
2026-06-26 01:24:49,G13,G,-0.091,-0.48,1
2026-06-26 01:25:01,G13,G,0.090,0.47,1
2026-06-26 01:25:07,G13,G,-0.094,-0.49,1
2026-06-26 01:25:20,G27,G,242626925.052,1275013096.78,59260
2026-06-26 01:25:38,G13,G,0.088,0.46,1
2026-06-26 01:25:49,G13,G,-0.092,-0.48,1
2026-06-26 01:25:54,G27,G,0.105,0.55,1
2026-06-26 01:26:00,G13,G,0.095,0.50,1
2026-06-26 01:26:01,G27,G,-0.093,-0.49,1
2026-06-26 01:26:13,G13,G,-0.099,-0.52,1
2026-06-26 01:26:26,G13,G,0.102,0.54,1
2026-06-26 01:26:31,G13,G,-0.092,-0.48,1
2026-06-26 01:27:19,G32,G,0.098,0.52,1
2026-06-26 01:27:25,G32,G,-0.099,-0.52,1
2026-06-26 01:28:12,G32,G,0.094,0.49,1
2026-06-26 01:28:26,G32,G,-6.195,-32.56,5
2026-06-26 01:28:48,G32,G,-0.297,-1.56,1
2026-06-26 01:28:58,E25,E,99507559.579,522915754.98,75644
2026-06-26 01:29:13,G32,G,-0.099,-0.52,1
2026-06-26 01:29:14,G32,G,0.090,0.47,1
2026-06-26 01:29:28,G32,G,0.288,1.51,1
2026-06-26 01:29:31,G32,G,-0.190,-1.00,1
2026-06-26 01:29:32,G32,G,0.101,0.53,1
2026-06-26 01:29:35,G32,G,0.092,0.48,1
2026-06-26 01:29:37,G32,G,-0.187,-0.98,1
2026-06-26 01:29:42,G32,G,0.097,0.51,1
2026-06-26 01:29:43,G32,G,-0.098,-0.52,1
2026-06-26 01:29:45,G32,G,0.086,0.45,1
2026-06-26 01:29:50,G32,G,-0.202,-1.06,1
2026-06-26 01:30:01,G32,G,-0.094,-0.50,1
2026-06-26 01:30:12,G32,G,0.100,0.53,1
2026-06-26 01:30:13,G32,G,-1.141,-6.00,1
2026-06-26 01:30:17,G32,G,0.370,1.94,1
2026-06-26 01:30:32,G32,G,-6.772,-35.59,11
2026-06-26 01:31:06,G27,G,0.093,0.49,1
2026-06-26 01:31:07,G27,G,-0.090,-0.47,1
2026-06-26 01:31:09,G32,G,4.186,22.00,1
2026-06-26 01:31:19,G32,G,0.675,3.55,2
2026-06-26 01:31:25,G32,G,-0.093,-0.49,1
2026-06-26 01:31:35,G32,G,-0.564,-2.97,2
2026-06-26 01:31:56,G32,G,4.658,24.48,8
2026-06-26 01:32:02,G32,G,-0.095,-0.50,1
2026-06-26 01:32:05,E25,E,0.089,0.47,1
2026-06-26 01:32:16,G32,G,-14.844,-78.00,8
2026-06-26 01:32:19,G32,G,-0.091,-0.48,1
2026-06-26 01:32:20,G32,G,-0.098,-0.51,1
2026-06-26 01:32:22,G32,G,0.090,0.47,1
2026-06-26 01:32:31,G32,G,-0.099,-0.52,1
2026-06-26 01:32:33,G32,G,0.084,0.44,1
2026-06-26 01:32:38,G32,G,-1.802,-9.47,5
2026-06-26 01:32:46,G32,G,4.850,25.49,1
2026-06-26 01:32:51,G32,G,-5.225,-27.46,3
2026-06-26 01:35:13,E25,E,-0.098,-0.51,1
2026-06-26 01:55:29,E06,E,0.100,0.53,1
2026-06-26 01:56:05,E06,E,-0.090,-0.47,1
2026-06-26 01:56:51,E06,E,0.102,0.54,1
2026-06-26 01:57:09,E06,E,-0.098,-0.51,1
2026-06-26 01:57:40,E06,E,0.089,0.47,1
2026-06-26 01:58:33,E06,E,-19.408,-101.99,8
2026-06-26 01:59:05,E06,E,-0.555,-2.92,7
2026-06-26 01:59:20,E06,E,-0.759,-3.99,8
2026-06-26 01:59:40,E06,E,-1.904,-10.01,12
2026-06-26 01:59:51,E06,E,3.019,15.87,2
2026-06-26 02:00:09,E06,E,-1.627,-8.55,17
2026-06-26 02:03:02,G23,G,193097345.994,1014733402.09,14867
2026-06-26 02:14:10,C31,C,199023753.043,1036368909.68,65175
2026-06-26 02:21:34,C06,C,-0.249,-1.30,1
2026-06-26 02:21:34,C09,C,-0.417,-2.17,1
2026-06-26 02:21:34,C11,C,0.327,1.70,1
2026-06-26 02:21:34,C26,C,-0.525,-2.73,1
2026-06-26 02:21:34,C29,C,0.122,0.64,1
2026-06-26 02:21:34,C30,C,0.468,2.44,1
2026-06-26 02:21:34,C31,C,-0.716,-3.73,1
2026-06-26 02:21:34,C35,C,-0.475,-2.47,1
2026-06-26 02:21:34,C36,C,0.471,2.45,1
2026-06-26 02:21:34,C39,C,0.085,0.44,1
2026-06-26 02:21:34,E03,E,-0.076,-0.40,1
2026-06-26 02:21:34,E05,E,0.290,1.53,1
2026-06-26 02:21:34,E09,E,0.408,2.14,1
2026-06-26 02:21:34,E10,E,-0.664,-3.49,1
2026-06-26 02:21:34,E12,E,-0.504,-2.65,1
2026-06-26 02:21:34,E16,E,-0.326,-1.71,1
2026-06-26 02:21:34,E23,E,0.320,1.68,1
2026-06-26 02:21:34,E25,E,-0.541,-2.85,1
2026-06-26 02:21:34,E26,E,0.410,2.15,1
2026-06-26 02:21:34,E31,E,0.111,0.58,1
2026-06-26 02:21:34,E33,E,0.060,0.31,1
2026-06-26 02:21:34,G04,G,0.074,0.39,1
2026-06-26 02:21:34,G05,G,-0.060,-0.31,1
2026-06-26 02:21:34,G16,G,-0.582,-3.06,1
2026-06-26 02:21:34,G18,G,-0.167,-0.88,1
2026-06-26 02:21:34,G23,G,-0.676,-3.55,1
2026-06-26 02:21:34,G25,G,0.516,2.71,1
2026-06-26 02:21:34,G26,G,-0.293,-1.54,1
2026-06-26 02:21:34,G27,G,-0.677,-3.56,1
2026-06-26 02:21:34,G28,G,0.489,2.57,1
2026-06-26 02:21:34,G29,G,0.399,2.10,1
2026-06-26 02:21:34,G31,G,0.236,1.24,1
2026-06-26 02:26:42,C06,C,0.260,1.35,1
2026-06-26 02:26:42,C09,C,0.440,2.29,1
2026-06-26 02:26:42,C11,C,-0.310,-1.62,1
2026-06-26 02:26:42,C26,C,0.536,2.79,1
2026-06-26 02:26:42,C29,C,-0.114,-0.59,1
2026-06-26 02:26:42,C30,C,-0.440,-2.29,1
2026-06-26 02:26:42,C31,C,0.724,3.77,1
2026-06-26 02:26:42,C35,C,0.482,2.51,1
2026-06-26 02:26:42,C36,C,-0.453,-2.36,1
2026-06-26 02:26:42,C39,C,-0.083,-0.43,1
2026-06-26 02:26:42,E03,E,0.073,0.38,1
2026-06-26 02:26:42,E05,E,-0.280,-1.47,1
2026-06-26 02:26:42,E09,E,-0.368,-1.93,1
2026-06-26 02:26:42,E10,E,0.681,3.58,1
2026-06-26 02:26:42,E12,E,0.509,2.67,1
2026-06-26 02:26:42,E16,E,0.347,1.82,1
2026-06-26 02:26:42,E23,E,-0.302,-1.59,1
2026-06-26 02:26:42,E25,E,0.571,3.00,1
2026-06-26 02:26:42,E26,E,-0.404,-2.12,1
2026-06-26 02:26:42,E31,E,-0.094,-0.49,1
2026-06-26 02:26:42,E33,E,-0.057,-0.30,1
2026-06-26 02:26:42,G04,G,-0.079,-0.41,1
2026-06-26 02:26:42,G05,G,0.057,0.30,1
2026-06-26 02:26:42,G16,G,0.597,3.14,1
2026-06-26 02:26:42,G18,G,0.161,0.84,1
2026-06-26 02:26:42,G23,G,0.706,3.71,1
2026-06-26 02:26:42,G25,G,-0.500,-2.63,1
2026-06-26 02:26:42,G26,G,0.298,1.57,1
2026-06-26 02:26:42,G27,G,0.690,3.63,1
2026-06-26 02:26:42,G28,G,-0.479,-2.52,1
2026-06-26 02:26:42,G29,G,-0.377,-1.98,1
2026-06-26 02:26:42,G31,G,-0.240,-1.26,1
2026-06-26 02:27:28,E11,E,183394612.268,963745192.21,24369
2026-06-26 02:32:33,E09,E,-0.057,-0.30,1
2026-06-26 02:32:45,E09,E,-14.613,-76.79,12
2026-06-26 02:33:34,E09,E,-6.486,-34.08,19
2026-06-26 02:35:16,C24,C,55991370.185,291561757.74,41038
2026-06-26 02:36:45,E26,E,-5.431,-28.54,14
2026-06-26 02:43:49,G04,G,7.048,37.04,4
2026-06-26 02:47:26,G10,G,204567892.572,1075011531.20,15572
2026-06-26 02:53:19,G04,G,-4.173,-21.93,6
2026-06-26 03:00:45,G25,G,-0.054,-0.28,1
2026-06-26 03:00:46,G25,G,-0.498,-2.62,1
2026-06-26 03:02:26,G25,G,-0.063,-0.33,1
2026-06-26 03:02:31,G25,G,3.010,15.82,5
2026-06-26 03:02:37,G25,G,3.433,18.04,1
2026-06-26 03:02:43,G25,G,-0.101,-0.53,1
2026-06-26 03:03:17,G25,G,-0.205,-1.08,1
2026-06-26 03:07:56,G08,G,238801149.092,1254908508.41,61101
2026-06-26 03:08:39,C30,C,4.418,23.00,9
2026-06-26 03:08:58,C30,C,0.762,3.97,7
2026-06-26 03:09:14,C30,C,0.203,1.06,6
2026-06-26 03:09:42,C30,C,0.756,3.94,15
2026-06-26 03:11:10,C20,C,270988881.429,1411110218.19,18704
2026-06-26 03:11:46,C20,C,0.215,1.12,1
2026-06-26 03:17:02,E05,E,-9.150,-48.09,8
2026-06-26 03:19:13,E05,E,15.037,79.02,16
2026-06-26 03:22:22,C12,C,131583138.704,685187933.13,17226
2026-06-26 03:22:44,C36,C,-15.948,-83.05,6
2026-06-26 03:30:25,G05,G,0.103,0.54,1
2026-06-26 03:30:27,G05,G,0.200,1.05,1
2026-06-26 03:30:34,G05,G,15.590,81.93,7
2026-06-26 03:30:35,G05,G,-1.129,-5.94,1
2026-06-26 03:30:36,G05,G,-0.577,-3.03,1
2026-06-26 03:30:37,G05,G,-0.943,-4.96,1
2026-06-26 03:35:27,E03,E,-2.674,-14.05,10
2026-06-26 03:36:06,E03,E,1.128,5.93,3
2026-06-26 03:36:08,E03,E,0.390,2.05,2
2026-06-26 03:36:11,E03,E,0.374,1.96,3
2026-06-26 03:36:17,E03,E,-2.085,-10.96,3
2026-06-26 03:36:25,E03,E,-0.754,-3.96,8
2026-06-26 03:36:44,G07,G,30689269.023,161273197.22,36617
2026-06-26 03:37:10,G07,G,0.092,0.48,1
2026-06-26 03:37:19,G07,G,-0.095,-0.50,1
2026-06-26 03:38:22,G07,G,0.092,0.48,1
2026-06-26 03:38:25,G07,G,-0.096,-0.50,1
2026-06-26 03:40:35,C06,C,-0.097,-0.51,1
2026-06-26 03:40:35,C09,C,0.095,0.50,1
2026-06-26 03:40:35,C11,C,-0.574,-2.99,1
2026-06-26 03:40:35,C12,C,0.407,2.12,1
2026-06-26 03:40:35,C20,C,0.325,1.69,1
2026-06-26 03:40:35,C24,C,0.448,2.33,1
2026-06-26 03:40:35,C29,C,-0.485,-2.52,1
2026-06-26 03:40:35,C31,C,0.412,2.14,1
2026-06-26 03:40:35,C39,C,-0.591,-3.08,1
2026-06-26 03:40:35,E10,E,0.223,1.17,1
2026-06-26 03:40:35,E11,E,0.450,2.36,1
2026-06-26 03:40:35,E25,E,0.366,1.92,1
2026-06-26 03:40:35,E31,E,-0.444,-2.33,1
2026-06-26 03:40:35,E33,E,-0.513,-2.70,1
2026-06-26 03:40:35,G07,G,0.447,2.35,1
2026-06-26 03:40:35,G08,G,0.505,2.65,1
2026-06-26 03:40:35,G10,G,0.548,2.88,1
2026-06-26 03:40:35,G16,G,0.089,0.47,1
2026-06-26 03:40:35,G18,G,-0.469,-2.46,1
2026-06-26 03:40:35,G23,G,0.330,1.73,1
2026-06-26 03:40:35,G26,G,-0.309,-1.62,1
2026-06-26 03:40:35,G27,G,0.304,1.60,1
2026-06-26 03:40:35,G28,G,-0.714,-3.75,1
2026-06-26 03:40:35,G29,G,-0.589,-3.10,1
2026-06-26 03:40:35,G31,G,-0.699,-3.67,1
2026-06-26 03:40:42,G07,G,0.092,0.48,1
2026-06-26 03:40:43,G07,G,-0.094,-0.49,1
2026-06-26 03:42:49,G29,G,0.094,0.50,1
2026-06-26 03:43:01,G29,G,-0.093,-0.49,1
2026-06-26 03:43:49,G29,G,0.099,0.52,1
2026-06-26 03:43:55,G29,G,-0.104,-0.55,1
2026-06-26 03:46:14,G28,G,-9.119,-47.92,1
2026-06-26 03:47:00,G28,G,-0.090,-0.47,1
2026-06-26 03:47:01,G28,G,0.071,0.37,1
2026-06-26 03:47:04,C19,C,152514919.224,794185207.19,16019
2026-06-26 03:47:04,G28,G,-0.224,-1.18,1
2026-06-26 03:47:09,G28,G,0.866,4.55,5
2026-06-26 03:47:10,G28,G,0.371,1.95,1
2026-06-26 03:47:19,G28,G,1.078,5.66,1
2026-06-26 03:47:43,G28,G,-26.594,-139.75,24
2026-06-26 03:47:45,G28,G,0.103,0.54,1
2026-06-26 03:51:10,C32,C,35738217.306,186098275.89,28097
2026-06-26 03:51:44,C32,C,-2.868,-14.93,2
2026-06-26 03:51:47,C32,C,0.082,0.43,1
2026-06-26 03:51:52,C32,C,0.088,0.46,1
2026-06-26 03:51:56,G02,G,241749051.285,1270399839.00,58316
2026-06-26 03:51:57,C32,C,-3.791,-19.74,1
2026-06-26 03:52:16,C32,C,11.233,58.49,18
2026-06-26 03:52:21,C32,C,-0.105,-0.55,1
2026-06-26 03:53:50,G29,G,0.098,0.51,1
2026-06-26 03:53:55,G29,G,-0.103,-0.54,1
2026-06-26 03:54:35,G29,G,0.094,0.49,1
2026-06-26 03:54:37,G29,G,-0.092,-0.49,1
2026-06-26 03:55:05,G29,G,0.097,0.51,1
2026-06-26 03:55:07,G29,G,-0.096,-0.50,1
2026-06-26 03:55:30,G29,G,0.092,0.48,1
2026-06-26 03:55:31,G29,G,-0.092,-0.48,1
2026-06-26 03:55:44,G29,G,0.102,0.54,1
2026-06-26 03:55:48,G29,G,13.288,69.83,1
2026-06-26 03:55:49,G29,G,-0.093,-0.49,1
2026-06-26 03:55:50,G29,G,0.096,0.51,1
2026-06-26 03:55:55,G29,G,-0.101,-0.53,1
2026-06-26 03:56:41,G29,G,0.092,0.48,1
2026-06-26 03:56:53,G29,G,15.033,79.00,10
2026-06-26 03:56:55,G29,G,-0.094,-0.49,1
2026-06-26 03:57:29,G29,G,-22.647,-119.01,1
2026-06-26 03:57:31,G29,G,-0.199,-1.04,1
2026-06-26 03:57:33,G29,G,0.082,0.43,1
2026-06-26 03:57:37,G29,G,-0.095,-0.50,1
2026-06-26 03:57:40,G29,G,0.095,0.50,1
2026-06-26 03:57:43,G29,G,-0.098,-0.51,1
2026-06-26 03:58:11,G29,G,0.095,0.50,1
2026-06-26 03:58:19,G29,G,-0.094,-0.50,1
2026-06-26 03:58:25,G29,G,0.097,0.51,1
2026-06-26 03:58:37,G29,G,-0.088,-0.46,1
2026-06-26 03:58:41,G29,G,0.094,0.49,1
2026-06-26 03:58:43,G29,G,-0.088,-0.46,1
2026-06-26 03:58:44,G29,G,0.094,0.50,1
2026-06-26 03:58:49,G29,G,-0.124,-0.65,1
2026-06-26 03:58:50,G29,G,-0.257,-1.35,1
2026-06-26 03:58:51,G29,G,-0.463,-2.44,1
2026-06-26 04:00:28,E36,E,152199400.761,799813249.30,76201
2026-06-26 04:00:58,E36,E,0.112,0.59,1
2026-06-26 04:01:34,E36,E,-0.096,-0.50,1
2026-06-26 04:02:17,E36,E,0.103,0.54,1
2026-06-26 04:05:29,C06,C,0.215,1.12,1
2026-06-26 04:05:29,C11,C,0.634,3.30,1
2026-06-26 04:05:29,C12,C,-0.272,-1.41,1
2026-06-26 04:05:29,C19,C,-0.407,-2.12,1
2026-06-26 04:05:29,C20,C,-0.152,-0.79,1
2026-06-26 04:05:29,C24,C,-0.278,-1.45,1
2026-06-26 04:05:29,C26,C,0.250,1.30,1
2026-06-26 04:05:29,C29,C,0.575,2.99,1
2026-06-26 04:05:29,C31,C,-0.282,-1.47,1
2026-06-26 04:05:29,C35,C,0.157,0.82,1
2026-06-26 04:05:29,C39,C,0.722,3.76,1
2026-06-26 04:05:29,E11,E,-0.298,-1.57,1
2026-06-26 04:05:29,E12,E,0.230,1.21,1
2026-06-26 04:05:29,E16,E,0.171,0.90,1
2026-06-26 04:05:29,E25,E,-0.259,-1.36,1
2026-06-26 04:05:29,E31,E,0.568,2.99,1
2026-06-26 04:05:29,E33,E,0.626,3.29,1
2026-06-26 04:05:29,E36,E,-0.475,-2.50,1
2026-06-26 04:05:29,G02,G,-0.551,-2.89,1
2026-06-26 04:05:29,G07,G,-0.281,-1.48,1
2026-06-26 04:05:29,G08,G,-0.404,-2.12,1
2026-06-26 04:05:29,G10,G,-0.418,-2.20,1
2026-06-26 04:05:29,G16,G,0.136,0.72,1
2026-06-26 04:05:29,G18,G,0.627,3.29,1
2026-06-26 04:05:29,G23,G,-0.109,-0.57,1
2026-06-26 04:05:29,G26,G,0.517,2.72,1
2026-06-26 04:05:29,G27,G,-0.153,-0.80,1
2026-06-26 04:05:29,G31,G,0.773,4.06,1
2026-06-26 04:06:27,E36,E,-0.087,-0.46,1
2026-06-26 04:31:34,C11,C,13.446,70.02,12
2026-06-26 04:32:12,C11,C,0.191,0.99,13
2026-06-26 04:32:38,C11,C,-0.191,-1.00,5
2026-06-26 04:34:28,E02,E,59146045.248,310814565.60,45723
2026-06-26 04:34:53,G31,G,-3.802,-19.98,1
2026-06-26 04:37:10,C22,C,184406958.236,960255423.40,15240
2026-06-26 04:39:20,G31,G,0.419,2.20,1
2026-06-26 04:39:22,G31,G,0.120,0.63,1
2026-06-26 04:39:24,G31,G,0.247,1.30,1
2026-06-26 04:39:39,G31,G,7.364,38.70,15
2026-06-26 04:40:08,G31,G,5.948,31.26,26
2026-06-26 04:46:10,C34,C,186500461.457,971156844.04,65808
2026-06-26 04:54:24,C06,C,-0.170,-0.89,1
2026-06-26 04:54:24,C12,C,0.174,0.90,1
2026-06-26 04:54:24,C19,C,0.414,2.16,1
2026-06-26 04:54:24,C22,C,0.611,3.18,1
2026-06-26 04:54:24,C24,C,0.131,0.68,1
2026-06-26 04:54:24,C26,C,-0.392,-2.04,1
2026-06-26 04:54:24,C29,C,-0.461,-2.40,1
2026-06-26 04:54:24,C31,C,0.287,1.49,1
2026-06-26 04:54:24,C34,C,0.521,2.71,1
2026-06-26 04:54:24,C35,C,-0.168,-0.87,1
2026-06-26 04:54:24,C39,C,-0.628,-3.27,1
2026-06-26 04:54:24,E02,E,0.556,2.92,1
2026-06-26 04:54:24,E10,E,-0.056,-0.29,1
2026-06-26 04:54:24,E11,E,0.230,1.21,1
2026-06-26 04:54:24,E12,E,-0.288,-1.51,1
2026-06-26 04:54:24,E16,E,-0.239,-1.25,1
2026-06-26 04:54:24,E25,E,0.250,1.31,1
2026-06-26 04:54:24,E31,E,-0.512,-2.69,1
2026-06-26 04:54:24,E33,E,-0.509,-2.68,1
2026-06-26 04:54:24,E36,E,0.543,2.85,1
2026-06-26 04:54:24,G02,G,0.531,2.79,1
2026-06-26 04:54:24,G07,G,0.136,0.72,1
2026-06-26 04:54:24,G08,G,0.435,2.29,1
2026-06-26 04:54:24,G10,G,0.297,1.56,1
2026-06-26 04:54:24,G16,G,-0.327,-1.72,1
2026-06-26 04:54:24,G18,G,-0.581,-3.05,1
2026-06-26 04:54:24,G23,G,-0.120,-0.63,1
2026-06-26 04:54:24,G26,G,-0.595,-3.13,1
2026-06-26 04:54:24,G27,G,0.091,0.48,1
2026-06-26 04:54:32,G01,G,241510856.323,1269148116.02,58541
2026-06-26 04:57:01,G01,G,0.096,0.51,1
2026-06-26 04:57:07,G01,G,-0.095,-0.50,1
2026-06-26 05:00:04,C25,C,19915884.276,103707235.73,40958
2026-06-26 05:01:21,E33,E,2.464,12.95,11
2026-06-26 05:01:29,E33,E,0.382,2.01,1
2026-06-26 05:01:51,E33,E,-8.196,-43.07,15
2026-06-26 05:02:32,E33,E,7.328,38.51,36
2026-06-26 05:02:37,E33,E,3.220,16.92,4
2026-06-26 05:08:10,C39,C,-0.085,-0.44,1
2026-06-26 05:08:15,C39,C,-0.090,-0.47,1
2026-06-26 05:08:17,C39,C,0.106,0.55,1
2026-06-26 05:08:20,C39,C,0.389,2.03,1
2026-06-26 05:08:21,C39,C,0.189,0.98,1
2026-06-26 05:08:27,C39,C,-0.102,-0.53,1
2026-06-26 05:10:08,C39,C,0.304,1.58,1
2026-06-26 05:10:09,C39,C,0.446,2.32,1
2026-06-26 05:11:10,C39,C,-2.688,-14.00,61
2026-06-26 05:11:22,C39,C,0.188,0.98,1
2026-06-26 05:11:23,C39,C,-6.339,-33.01,1
2026-06-26 05:11:24,C39,C,-0.069,-0.36,1
2026-06-26 05:11:27,C39,C,-0.071,-0.37,1
2026-06-26 05:11:28,C39,C,0.386,2.01,1
2026-06-26 05:14:40,E31,E,0.088,0.46,1
2026-06-26 05:22:11,E31,E,-0.105,-0.55,1
2026-06-26 05:22:39,E31,E,0.098,0.51,1
2026-06-26 05:24:16,G18,G,0.099,0.52,1
2026-06-26 05:24:19,G18,G,-0.096,-0.50,1
2026-06-26 05:26:26,E31,E,-0.088,-0.46,1
2026-06-26 05:32:42,G18,G,0.093,0.49,1
2026-06-26 05:32:43,G18,G,-0.097,-0.51,1
2026-06-26 05:33:07,G18,G,0.099,0.52,1
2026-06-26 05:33:13,G18,G,-0.097,-0.51,1
2026-06-26 05:33:16,G18,G,0.093,0.49,1
2026-06-26 05:33:19,G18,G,-0.093,-0.49,1
2026-06-26 05:35:14,G18,G,0.098,0.51,1
2026-06-26 05:35:15,G18,G,9.418,49.49,1
2026-06-26 05:35:19,G18,G,-0.200,-1.05,1
2026-06-26 05:35:33,G18,G,0.095,0.50,1
2026-06-26 05:35:37,G18,G,-0.101,-0.53,1
2026-06-26 05:35:42,G18,G,0.099,0.52,1
2026-06-26 05:35:49,G18,G,-0.093,-0.49,1
2026-06-26 05:35:57,G18,G,0.100,0.53,1
2026-06-26 05:36:07,G18,G,-0.100,-0.53,1
2026-06-26 05:36:17,G18,G,3.048,16.02,2
2026-06-26 05:36:18,G18,G,0.305,1.60,1
2026-06-26 05:36:24,G18,G,0.089,0.47,1
2026-06-26 05:36:25,G18,G,2.099,11.03,1
2026-06-26 05:36:35,G18,G,3.053,16.04,6
2026-06-26 05:36:37,G18,G,-0.098,-0.52,1
2026-06-26 05:36:38,G18,G,-0.089,-0.47,1
2026-06-26 05:36:46,G18,G,0.100,0.53,1
2026-06-26 05:36:52,G18,G,-6.085,-31.98,5
2026-06-26 05:36:55,G18,G,-0.092,-0.48,1
2026-06-26 05:37:18,G18,G,2.378,12.49,1
2026-06-26 05:37:19,G18,G,-0.099,-0.52,1
2026-06-26 05:37:21,G18,G,0.086,0.45,1
2026-06-26 05:37:26,G18,G,-4.667,-24.53,5
2026-06-26 05:39:14,G32,G,179790759.182,944806816.42,14766
2026-06-26 05:41:20,G30,G,8074464.034,42431594.89,37947
2026-06-26 05:41:30,C29,C,225697391.053,1175265542.46,4
2026-06-26 05:41:34,C29,C,-0.095,-0.49,1
2026-06-26 05:43:35,C29,C,14.613,76.09,6
2026-06-26 05:44:09,C29,C,-0.769,-4.00,4
2026-06-26 05:44:30,C29,C,0.377,1.96,2
2026-06-26 05:48:58,C06,C,0.121,0.63,1
2026-06-26 05:48:58,C12,C,0.062,0.32,1
2026-06-26 05:48:58,C19,C,-0.224,-1.17,1
2026-06-26 05:48:58,C20,C,0.223,1.16,1
2026-06-26 05:48:58,C22,C,-0.684,-3.56,1
2026-06-26 05:48:58,C24,C,0.104,0.54,1
2026-06-26 05:48:58,C25,C,-0.450,-2.34,1
2026-06-26 05:48:58,C26,C,0.452,2.36,1
2026-06-26 05:48:58,C31,C,-0.257,-1.34,1
2026-06-26 05:48:58,C34,C,-0.584,-3.04,1
2026-06-26 05:48:58,C35,C,0.173,0.90,1
2026-06-26 05:48:58,E02,E,-0.585,-3.07,1
2026-06-26 05:48:58,E10,E,0.128,0.67,1
2026-06-26 05:48:58,E11,E,-0.124,-0.65,1
2026-06-26 05:48:58,E12,E,0.289,1.52,1
2026-06-26 05:48:58,E16,E,0.336,1.77,1
2026-06-26 05:48:58,E25,E,-0.109,-0.57,1
2026-06-26 05:48:58,E36,E,-0.523,-2.75,1
2026-06-26 05:48:58,G01,G,-0.692,-3.64,1
2026-06-26 05:48:58,G02,G,-0.428,-2.25,1
2026-06-26 05:48:58,G07,G,0.067,0.35,1
2026-06-26 05:48:58,G08,G,-0.361,-1.90,1
2026-06-26 05:48:58,G16,G,0.494,2.60,1
2026-06-26 05:48:58,G23,G,0.359,1.89,1
2026-06-26 05:48:58,G26,G,0.568,2.98,1
2026-06-26 05:48:58,G30,G,-0.183,-0.96,1
2026-06-26 05:48:58,G32,G,-0.622,-3.27,1
2026-06-26 05:51:20,C06,C,5.560,28.95,4
2026-06-26 05:51:46,C06,C,0.187,0.98,6
2026-06-26 05:54:51,C06,C,-0.766,-3.99,6
2026-06-26 05:55:07,C06,C,1.141,5.94,16
2026-06-26 05:55:10,C06,C,0.378,1.97,3
2026-06-26 05:55:11,C06,C,0.108,0.56,1
2026-06-26 05:56:20,G30,G,2.947,15.48,1
2026-06-26 05:56:25,G30,G,-0.092,-0.48,1
2026-06-26 05:57:52,C21,C,201113588.269,1047251230.12,17998
2026-06-26 06:00:28,E28,E,71832944.098,377484669.04,20157
2026-06-26 06:00:58,E04,E,102305815.218,537620687.61,17356
2026-06-26 06:07:08,E12,E,380587345.596,2000000000.00,1
2026-06-26 06:08:09,C09,C,-0.085,-0.44,1
2026-06-26 06:08:09,C12,C,-0.209,-1.09,1
2026-06-26 06:08:09,C19,C,0.059,0.31,1
2026-06-26 06:08:09,C20,C,-0.350,-1.82,1
2026-06-26 06:08:09,C21,C,0.738,3.84,1
2026-06-26 06:08:09,C22,C,0.584,3.04,1
2026-06-26 06:08:09,C24,C,-0.242,-1.26,1
2026-06-26 06:08:09,C25,C,0.306,1.59,1
2026-06-26 06:08:09,C26,C,-0.506,-2.63,1
2026-06-26 06:08:09,C31,C,0.170,0.89,1
2026-06-26 06:08:09,C34,C,0.529,2.76,1
2026-06-26 06:08:09,C35,C,-0.245,-1.28,1
2026-06-26 06:08:09,E02,E,0.490,2.58,1
2026-06-26 06:08:09,E04,E,0.563,2.96,1
2026-06-26 06:08:09,E10,E,-0.209,-1.10,1
2026-06-26 06:08:09,E12,E,-380587345.936,-2000000001.79,1
2026-06-26 06:08:09,E16,E,-0.427,-2.24,1
2026-06-26 06:08:09,E28,E,0.490,2.57,1
2026-06-26 06:08:09,E36,E,0.437,2.30,1
2026-06-26 06:08:09,G01,G,0.603,3.17,1
2026-06-26 06:08:09,G02,G,0.316,1.66,1
2026-06-26 06:08:09,G07,G,-0.187,-0.98,1
2026-06-26 06:08:09,G08,G,0.240,1.26,1
2026-06-26 06:08:09,G10,G,-0.151,-0.79,1
2026-06-26 06:08:09,G16,G,-0.588,-3.09,1
2026-06-26 06:08:09,G23,G,-0.473,-2.48,1
2026-06-26 06:08:09,G26,G,-0.591,-3.11,1
2026-06-26 06:08:09,G27,G,-0.177,-0.93,1
2026-06-26 06:08:09,G32,G,0.569,2.99,1
2026-06-26 06:09:35,G26,G,0.090,0.47,1
2026-06-26 06:09:37,G26,G,-0.094,-0.49,1
2026-06-26 06:10:12,G26,G,0.090,0.47,1
2026-06-26 06:10:13,G26,G,-0.094,-0.50,1
2026-06-26 06:10:15,G26,G,0.097,0.51,1
2026-06-26 06:10:19,G26,G,-0.101,-0.53,1
2026-06-26 06:10:21,G26,G,0.093,0.49,1
2026-06-26 06:10:25,G26,G,-0.093,-0.49,1
2026-06-26 06:10:27,G26,G,0.101,0.53,1
2026-06-26 06:10:31,G26,G,-0.097,-0.51,1
2026-06-26 06:10:51,G26,G,0.098,0.52,1
2026-06-26 06:10:55,G26,G,-0.094,-0.49,1
2026-06-26 06:10:58,G26,G,0.092,0.48,1
2026-06-26 06:11:01,G26,G,-0.096,-0.50,1
2026-06-26 06:11:02,G26,G,0.094,0.49,1
2026-06-26 06:11:19,G26,G,-0.097,-0.51,1
2026-06-26 06:11:22,G26,G,0.094,0.50,1
2026-06-26 06:11:25,G26,G,-0.090,-0.47,1
2026-06-26 06:11:26,G26,G,0.088,0.46,1
2026-06-26 06:11:31,G26,G,-0.097,-0.51,1
2026-06-26 06:11:41,G26,G,0.103,0.54,1
2026-06-26 06:11:43,G26,G,-0.098,-0.52,1
2026-06-26 06:11:45,G26,G,0.085,0.44,1
2026-06-26 06:11:49,G26,G,-0.089,-0.47,1
2026-06-26 06:11:53,G26,G,0.097,0.51,1
2026-06-26 06:11:55,G26,G,-0.100,-0.53,1
2026-06-26 06:11:56,G26,G,0.100,0.53,1
2026-06-26 06:12:19,G26,G,-0.104,-0.55,1
2026-06-26 06:12:20,G26,G,0.102,0.53,1
2026-06-26 06:12:37,G26,G,0.240,1.26,1
2026-06-26 06:12:38,G26,G,0.345,1.81,1
2026-06-26 06:13:19,G26,G,1.983,10.42,39
2026-06-26 06:15:38,G30,G,-1.040,-5.46,1
2026-06-26 06:15:40,G30,G,1.909,10.03,1
2026-06-26 06:15:43,G30,G,-0.095,-0.50,1
2026-06-26 06:15:48,G30,G,0.109,0.58,1
2026-06-26 06:15:49,G30,G,1.225,6.44,1
2026-06-26 06:15:54,G30,G,-0.384,-2.02,1
2026-06-26 06:15:55,G30,G,-0.091,-0.48,1
2026-06-26 06:16:01,G30,G,-0.097,-0.51,1
2026-06-26 06:16:02,G30,G,0.074,0.39,1
2026-06-26 06:16:11,G30,G,0.099,0.52,1
2026-06-26 06:16:13,G30,G,-0.099,-0.52,1
2026-06-26 06:16:16,G30,G,3.144,16.52,2
2026-06-26 06:16:19,G30,G,-0.086,-0.45,1
2026-06-26 06:16:25,G30,G,-1.431,-7.52,1
2026-06-26 06:16:28,G30,G,-3.420,-17.97,2
2026-06-26 06:16:31,G30,G,-0.104,-0.55,1
2026-06-26 06:16:43,G30,G,7.523,39.54,7
2026-06-26 06:16:45,G30,G,0.174,0.92,1
2026-06-26 06:16:49,G30,G,0.129,0.68,1
2026-06-26 06:16:50,G30,G,-10.403,-54.67,1
2026-06-26 06:16:55,G30,G,-0.186,-0.98,1
2026-06-26 06:16:57,G30,G,0.082,0.43,1
2026-06-26 06:17:00,E12,E,380587345.595,1999999999.99,1
2026-06-26 06:17:02,G30,G,5.607,29.46,1
2026-06-26 06:17:07,G30,G,-0.103,-0.54,1
2026-06-26 06:17:37,G30,G,-0.097,-0.51,1
2026-06-26 06:17:38,G30,G,0.093,0.49,1
2026-06-26 06:17:48,G30,G,0.659,3.46,1
2026-06-26 06:17:49,G30,G,-0.058,-0.31,1
2026-06-26 06:18:01,G30,G,-0.085,-0.45,1
2026-06-26 06:18:03,G30,G,0.095,0.50,1
2026-06-26 06:18:07,G30,G,-0.099,-0.52,1
2026-06-26 06:18:09,G30,G,0.097,0.51,1
2026-06-26 06:18:13,G30,G,-0.081,-0.43,1
2026-06-26 06:18:14,G30,G,0.078,0.41,1
2026-06-26 06:18:20,G30,G,-1.246,-6.55,1
2026-06-26 06:18:25,G30,G,-0.085,-0.45,1
2026-06-26 06:18:26,G30,G,-1.802,-9.47,1
2026-06-26 06:18:29,G30,G,-3.803,-19.98,1
2026-06-26 06:18:31,G30,G,-0.195,-1.02,1
2026-06-26 06:18:33,G30,G,0.100,0.53,1
2026-06-26 06:18:37,G30,G,-0.105,-0.55,1
2026-06-26 06:18:38,G30,G,0.098,0.51,1
2026-06-26 06:18:40,G30,G,4.663,24.50,1
2026-06-26 06:18:43,G30,G,-0.191,-1.00,1
2026-06-26 06:18:48,G30,G,-3.513,-18.46,4
2026-06-26 06:18:49,G30,G,2.474,13.00,1
2026-06-26 06:18:55,G30,G,-0.088,-0.46,1
2026-06-26 06:19:28,G30,G,-1.704,-8.95,1
2026-06-26 06:19:35,G30,G,-0.575,-3.02,1
2026-06-26 06:19:42,G30,G,1.140,5.99,1
2026-06-26 06:21:00,G30,G,2.381,12.51,1
2026-06-26 06:21:01,G30,G,-0.096,-0.50,1
2026-06-26 06:21:14,G07,G,0.099,0.52,1
2026-06-26 06:21:19,G07,G,-0.094,-0.49,1
2026-06-26 06:21:22,G07,G,0.085,0.45,1
2026-06-26 06:21:28,G30,G,-0.570,-2.99,2
2026-06-26 06:21:30,G30,G,-0.105,-0.55,1
2026-06-26 06:21:31,G07,G,-0.093,-0.49,1
2026-06-26 06:21:31,G30,G,0.184,0.97,1
2026-06-26 06:21:35,G07,G,0.097,0.51,1
2026-06-26 06:21:35,G30,G,0.382,2.01,1
2026-06-26 06:21:36,G30,G,0.671,3.53,1
2026-06-26 06:21:37,G07,G,-0.094,-0.49,1
2026-06-26 06:21:39,G07,G,0.094,0.49,1
2026-06-26 06:21:42,G30,G,1.165,6.12,1
2026-06-26 06:21:50,G30,G,0.550,2.89,1
2026-06-26 06:21:55,G07,G,-0.099,-0.52,1
2026-06-26 06:21:58,G07,G,0.101,0.53,1
2026-06-26 06:21:59,G30,G,2.186,11.49,2
2026-06-26 06:22:00,G30,G,-0.566,-2.98,1
2026-06-26 06:22:01,G07,G,-0.096,-0.50,1
2026-06-26 06:22:02,G30,G,-3.997,-21.00,2
2026-06-26 06:22:06,G07,G,0.100,0.53,1
2026-06-26 06:22:07,G30,G,-0.094,-0.49,1
2026-06-26 06:22:09,G07,G,-4.569,-24.01,1
2026-06-26 06:22:19,G07,G,-0.390,-2.05,1
2026-06-26 06:22:24,G07,G,-1.337,-7.03,5
2026-06-26 06:22:26,G07,G,3.545,18.63,2
2026-06-26 06:22:31,G07,G,-0.183,-0.96,1
2026-06-26 06:22:36,G07,G,0.090,0.47,1
2026-06-26 06:22:37,G07,G,-0.091,-0.48,1
2026-06-26 06:22:41,G30,G,2.003,10.53,1
2026-06-26 06:22:43,G30,G,-0.100,-0.52,1
2026-06-26 06:23:02,G30,G,2.187,11.49,2
2026-06-26 06:23:06,G30,G,-0.114,-0.60,1
2026-06-26 06:23:07,G30,G,-0.737,-3.87,1
2026-06-26 06:23:13,G30,G,-0.101,-0.53,1
2026-06-26 06:23:19,G30,G,-0.090,-0.47,1
2026-06-26 06:23:25,G30,G,0.090,0.47,1
2026-06-26 06:23:31,G30,G,-0.095,-0.50,1
2026-06-26 06:23:48,C20,C,7.480,38.95,13
2026-06-26 06:24:17,G30,G,0.083,0.44,1
2026-06-26 06:24:19,G30,G,-0.090,-0.47,1
2026-06-26 06:24:29,G30,G,0.097,0.51,1
2026-06-26 06:24:31,G30,G,-0.100,-0.52,1
2026-06-26 06:24:40,G30,G,0.108,0.57,1
2026-06-26 06:24:43,G30,G,-0.089,-0.47,1
2026-06-26 06:24:49,G30,G,0.089,0.47,1
2026-06-26 06:25:01,G30,G,-0.097,-0.51,1
2026-06-26 06:25:05,G30,G,0.095,0.50,1
2026-06-26 06:25:07,G30,G,-0.097,-0.51,1
2026-06-26 06:25:10,G07,G,0.097,0.51,1
2026-06-26 06:25:13,G07,G,-0.092,-0.48,1
2026-06-26 06:25:44,G30,G,0.096,0.50,1
2026-06-26 06:25:49,G30,G,-0.095,-0.50,1
2026-06-26 06:26:08,G30,G,0.087,0.46,1
2026-06-26 06:26:13,G30,G,-0.094,-0.50,1
2026-06-26 06:26:14,G30,G,0.104,0.54,1
2026-06-26 06:26:15,G30,G,-3.231,-16.98,1
2026-06-26 06:26:17,G30,G,-0.382,-2.01,1
2026-06-26 06:26:25,G30,G,-0.098,-0.52,1
2026-06-26 06:26:38,G30,G,0.096,0.50,1
2026-06-26 06:26:43,G30,G,-0.096,-0.51,1
2026-06-26 06:26:53,G30,G,0.095,0.50,1
2026-06-26 06:26:55,G30,G,-0.094,-0.49,1
2026-06-26 06:26:57,G30,G,0.095,0.50,1
2026-06-26 06:27:07,G30,G,-0.101,-0.53,1
2026-06-26 06:27:08,G30,G,0.096,0.50,1
2026-06-26 06:27:17,G30,G,2.458,12.91,3
2026-06-26 06:27:19,G30,G,-0.092,-0.48,1
2026-06-26 06:27:26,G30,G,-0.079,-0.41,1
2026-06-26 06:27:29,G30,G,0.778,4.09,1
2026-06-26 06:27:30,G30,G,-2.775,-14.58,1
2026-06-26 06:27:39,G30,G,-0.755,-3.97,1
2026-06-26 06:29:30,G30,G,-0.566,-2.97,9
2026-06-26 06:29:32,G07,G,0.098,0.51,1
2026-06-26 06:29:33,G30,G,0.466,2.45,2
2026-06-26 06:29:34,G30,G,1.540,8.09,1
2026-06-26 06:29:35,G30,G,-1.999,-10.51,1
2026-06-26 06:29:37,G07,G,-0.092,-0.48,1
2026-06-26 06:29:40,G30,G,0.654,3.44,1
2026-06-26 06:29:43,G30,G,-0.103,-0.54,1
2026-06-26 06:29:49,G30,G,-0.100,-0.52,1
2026-06-26 06:29:55,G30,G,-0.086,-0.45,1
2026-06-26 06:30:17,G30,G,0.751,3.95,2
2026-06-26 06:30:18,G30,G,2.781,14.61,1
2026-06-26 06:30:19,G30,G,-2.673,-14.04,1
2026-06-26 06:30:21,G30,G,-1.715,-9.01,1
2026-06-26 06:30:25,G30,G,-0.096,-0.51,1
2026-06-26 06:30:28,G30,G,1.627,8.55,1
2026-06-26 06:30:31,G30,G,0.389,2.04,1
2026-06-26 06:30:37,G30,G,-2.360,-12.40,2
2026-06-26 06:30:38,G14,G,39291517.007,206478315.49,37873
2026-06-26 06:30:40,G30,G,1.509,7.93,1
2026-06-26 06:30:42,G30,G,1.434,7.53,2
2026-06-26 06:30:43,G30,G,-0.186,-0.98,1
2026-06-26 06:30:47,G30,G,-1.536,-8.07,1
2026-06-26 06:30:48,G30,G,1.629,8.56,1
2026-06-26 06:30:49,G30,G,-0.573,-3.01,1
2026-06-26 06:30:58,E06,E,123670016.270,649890321.90,16242
2026-06-26 06:31:00,G30,G,-0.555,-2.92,8
2026-06-26 06:31:02,G30,G,2.187,11.49,1
2026-06-26 06:31:04,G30,G,0.864,4.54,2
2026-06-26 06:31:06,G30,G,-1.237,-6.50,1
2026-06-26 06:31:13,G30,G,-0.095,-0.50,1
2026-06-26 06:31:42,G30,G,-4.759,-25.01,1
2026-06-26 06:31:44,G30,G,1.519,7.98,1
2026-06-26 06:31:47,G30,G,0.573,3.01,2
2026-06-26 06:31:49,G30,G,-0.204,-1.07,1
2026-06-26 06:31:52,G30,G,0.195,1.03,1
2026-06-26 06:31:54,G30,G,-0.104,-0.55,2
2026-06-26 06:32:07,G30,G,1.436,7.54,13
2026-06-26 06:32:11,G30,G,-5.134,-26.98,1
2026-06-26 06:32:14,G30,G,-0.089,-0.47,1
2026-06-26 06:32:16,G30,G,0.282,1.48,1
2026-06-26 06:32:19,G30,G,-0.098,-0.52,1
2026-06-26 06:32:25,G30,G,-0.100,-0.53,1
2026-06-26 06:32:26,G03,G,236217306.433,1241330323.60,60694
2026-06-26 06:32:26,G30,G,1.062,5.58,1
2026-06-26 06:32:31,G30,G,-0.095,-0.50,1
2026-06-26 06:32:34,G30,G,0.088,0.46,1
2026-06-26 06:32:37,G30,G,-3.141,-16.51,1
2026-06-26 06:32:41,G30,G,3.055,16.06,1
2026-06-26 06:32:43,G30,G,-0.197,-1.04,1
2026-06-26 06:32:44,G30,G,0.102,0.53,1
2026-06-26 06:32:49,G30,G,-0.094,-0.49,1
2026-06-26 06:33:17,G30,G,0.094,0.49,1
2026-06-26 06:33:19,G30,G,-0.091,-0.48,1
2026-06-26 06:33:20,G30,G,0.093,0.49,1
2026-06-26 06:33:25,G30,G,-0.105,-0.55,1
2026-06-26 06:33:26,G30,G,0.097,0.51,1
2026-06-26 06:33:31,G30,G,-0.101,-0.53,1
2026-06-26 06:33:32,G30,G,0.094,0.50,1
2026-06-26 06:33:37,G30,G,-0.097,-0.51,1
2026-06-26 06:33:40,G30,G,0.096,0.50,1
2026-06-26 06:33:43,G30,G,-0.097,-0.51,1
2026-06-26 06:33:45,G30,G,0.099,0.52,1
2026-06-26 06:33:49,G30,G,-0.090,-0.47,1
2026-06-26 06:33:50,G30,G,0.080,0.42,1
2026-06-26 06:33:51,G07,G,0.096,0.50,1
2026-06-26 06:33:55,G07,G,-0.100,-0.53,1
2026-06-26 06:33:55,G30,G,-0.087,-0.46,1
2026-06-26 06:34:15,G30,G,0.101,0.53,1
2026-06-26 06:34:19,G30,G,-0.091,-0.48,1
2026-06-26 06:34:20,G30,G,0.094,0.50,1
2026-06-26 06:34:25,G30,G,-0.104,-0.55,1
2026-06-26 06:34:28,G30,G,0.093,0.49,1
2026-06-26 06:34:31,G30,G,-0.101,-0.53,1
2026-06-26 06:35:24,G07,G,0.096,0.51,1
2026-06-26 06:35:25,G07,G,-0.096,-0.51,1
2026-06-26 06:35:51,G07,G,0.083,0.44,1
2026-06-26 06:35:55,G07,G,-0.106,-0.56,1
2026-06-26 06:35:57,G07,G,0.090,0.47,1
2026-06-26 06:35:57,G30,G,0.093,0.49,1
2026-06-26 06:35:59,G30,G,2.576,13.54,1
2026-06-26 06:36:01,G30,G,-0.100,-0.53,1
2026-06-26 06:36:08,G30,G,0.105,0.55,1
2026-06-26 06:36:13,G07,G,-0.089,-0.47,1
2026-06-26 06:36:13,G30,G,-0.096,-0.51,1
2026-06-26 06:36:16,G03,G,0.094,0.49,1
2026-06-26 06:36:17,G07,G,0.109,0.57,1
2026-06-26 06:36:17,G30,G,-1.059,-5.57,2
2026-06-26 06:36:18,G30,G,-4.190,-22.02,1
2026-06-26 06:36:19,G30,G,3.990,20.97,1
2026-06-26 06:36:20,G03,G,-0.091,-0.48,1
2026-06-26 06:36:23,G03,G,0.097,0.51,1
2026-06-26 06:36:24,G30,G,1.711,8.99,1
2026-06-26 06:36:25,G30,G,-0.104,-0.55,1
2026-06-26 06:36:26,G03,G,-0.094,-0.49,1
2026-06-26 06:36:28,G30,G,-0.853,-4.48,1
2026-06-26 06:36:31,G07,G,-0.103,-0.54,1
2026-06-26 06:36:31,G30,G,-0.092,-0.49,1
2026-06-26 06:36:34,G07,G,0.098,0.52,1
2026-06-26 06:36:37,G07,G,-0.089,-0.47,1
2026-06-26 06:36:38,G07,G,0.086,0.45,1
2026-06-26 06:37:06,G07,G,0.161,0.84,1
2026-06-26 06:37:07,G07,G,-1.194,-6.27,1
2026-06-26 06:39:27,G07,G,-66398354.431,-348925707.59,140
2026-06-26 06:39:34,G07,G,-0.093,-0.49,1
2026-06-26 06:39:35,G07,G,-1.024,-5.38,1
2026-06-26 06:39:36,G07,G,-0.636,-3.34,1
2026-06-26 06:39:37,G07,G,-0.439,-2.30,1
2026-06-26 06:39:38,G07,G,-0.515,-2.70,1
2026-06-26 06:43:34,C14,C,209099926.744,1088838190.32,20743
2026-06-26 06:43:58,E19,E,22019307.541,115712242.12,27411
2026-06-26 06:44:24,E19,E,0.091,0.48,1
2026-06-26 06:45:58,E09,E,148955294.552,782765356.10,15140
2026-06-26 06:46:18,E09,E,0.098,0.52,1
2026-06-26 06:52:58,E34,E,132692504.252,697303816.26,75043
2026-06-26 06:55:08,C26,C,5.392,28.08,5
2026-06-26 06:55:09,C26,C,-0.190,-0.99,1
2026-06-26 06:55:29,C26,C,0.108,0.56,1
2026-06-26 06:55:37,C26,C,0.079,0.41,8
2026-06-26 06:55:43,C26,C,-0.103,-0.54,1
2026-06-26 06:55:45,C26,C,-0.099,-0.52,1
2026-06-26 06:56:30,G23,G,-0.079,-0.42,1
2026-06-26 06:56:36,C26,C,3.478,18.11,10
2026-06-26 06:56:37,G23,G,10.930,57.44,7
2026-06-26 06:56:38,G23,G,0.101,0.53,1
2026-06-26 06:56:39,C26,C,-0.200,-1.04,1
2026-06-26 06:56:43,G23,G,-0.099,-0.52,1
2026-06-26 06:56:49,C26,C,0.308,1.60,1
2026-06-26 06:56:54,G23,G,0.092,0.48,1
2026-06-26 06:56:59,G23,G,-0.189,-0.99,5
2026-06-26 06:57:01,G23,G,-0.094,-0.49,1
2026-06-26 06:57:12,G23,G,0.099,0.52,1
2026-06-26 06:57:19,G23,G,-0.101,-0.53,1
2026-06-26 06:57:20,G23,G,0.093,0.49,1
2026-06-26 06:57:43,G23,G,-9.143,-48.05,13
2026-06-26 06:57:50,G23,G,-0.093,-0.49,1
2026-06-26 06:57:57,C26,C,-41.801,-217.67,68
2026-06-26 06:58:01,G23,G,-27.125,-142.54,9
2026-06-26 06:58:04,C26,C,0.120,0.62,1
2026-06-26 06:58:05,G23,G,0.097,0.51,1
2026-06-26 06:58:07,G23,G,-0.097,-0.51,1
2026-06-26 06:58:08,G23,G,-0.094,-0.49,1
2026-06-26 06:58:15,G23,G,0.092,0.49,1
2026-06-26 06:58:19,G23,G,-0.107,-0.56,1
2026-06-26 06:58:20,G23,G,0.100,0.52,1
2026-06-26 06:58:26,G23,G,-7.400,-38.89,5
2026-06-26 06:58:43,G23,G,-9.614,-50.52,17
2026-06-26 06:58:48,G23,G,0.093,0.49,1
2026-06-26 06:59:06,G23,G,-31.226,-164.09,17
2026-06-26 06:59:10,G23,G,0.850,4.47,3
2026-06-26 06:59:21,G23,G,21.395,112.43,10
2026-06-26 06:59:22,G23,G,-0.216,-1.13,1
2026-06-26 06:59:32,G23,G,-0.149,-0.78,1
2026-06-26 06:59:40,G23,G,-0.408,-2.14,1
2026-06-26 06:59:41,G23,G,-0.548,-2.88,1
2026-06-26 06:59:44,G23,G,-10.377,-54.53,3
2026-06-26 06:59:46,G23,G,-0.091,-0.48,1
2026-06-26 07:00:20,E09,E,-0.098,-0.52,1
2026-06-26 07:02:10,G16,G,0.098,0.52,1
2026-06-26 07:02:13,G16,G,-0.099,-0.52,1
2026-06-26 07:02:28,G16,G,0.090,0.47,1
2026-06-26 07:02:31,G16,G,-0.093,-0.49,1
2026-06-26 07:03:09,G16,G,0.099,0.52,1
2026-06-26 07:03:13,G16,G,-0.089,-0.47,1
2026-06-26 07:03:58,G16,G,0.096,0.50,1
2026-06-26 07:04:01,G16,G,-0.099,-0.52,1
2026-06-26 07:08:10,C12,C,-6.140,-31.97,6
2026-06-26 07:09:01,G16,G,0.088,0.46,1
2026-06-26 07:09:07,G16,G,-0.094,-0.50,1
2026-06-26 07:09:10,G16,G,0.094,0.49,1
2026-06-26 07:09:13,G16,G,-0.098,-0.51,1
2026-06-26 07:10:17,G16,G,0.090,0.47,1
2026-06-26 07:10:19,G16,G,-0.101,-0.53,1
2026-06-26 07:10:22,G16,G,0.092,0.48,1
2026-06-26 07:10:25,G16,G,-0.085,-0.45,1
2026-06-26 07:10:28,G16,G,0.098,0.51,1
2026-06-26 07:10:31,G16,G,-0.091,-0.48,1
2026-06-26 07:10:33,G16,G,0.096,0.51,1
2026-06-26 07:10:37,G16,G,-0.091,-0.48,1
2026-06-26 07:10:41,G16,G,0.100,0.53,1
2026-06-26 07:10:43,G16,G,-0.096,-0.50,1
2026-06-26 07:11:02,G16,G,0.100,0.53,1
2026-06-26 07:11:07,G16,G,-0.088,-0.46,1
2026-06-26 07:11:08,G16,G,0.096,0.50,1
2026-06-26 07:11:10,C23,C,1100594.612,5731084.96,40830
2026-06-26 07:11:13,G16,G,-0.100,-0.52,1
2026-06-26 07:11:26,G16,G,0.088,0.46,1
2026-06-26 07:11:31,G16,G,-0.091,-0.48,1
2026-06-26 07:11:34,G16,G,0.097,0.51,1
2026-06-26 07:11:43,G16,G,-0.108,-0.57,1
2026-06-26 07:11:44,G16,G,0.108,0.57,1
2026-06-26 07:12:07,G16,G,-0.096,-0.50,1
2026-06-26 07:12:08,G16,G,0.089,0.47,1
2026-06-26 07:12:19,G16,G,8.661,45.51,1
2026-06-26 07:12:25,G16,G,-0.097,-0.51,1
2026-06-26 07:12:27,G16,G,0.468,2.46,1
2026-06-26 07:12:31,G16,G,-0.089,-0.47,1
2026-06-26 07:12:32,G16,G,-0.094,-0.49,1
2026-06-26 07:12:37,G16,G,-0.089,-0.47,1
2026-06-26 07:12:43,G16,G,-0.096,-0.50,1
2026-06-26 07:12:44,G16,G,0.103,0.54,1
2026-06-26 07:13:15,G16,G,0.087,0.46,1
2026-06-26 07:13:18,G16,G,-0.146,-0.76,1
2026-06-26 07:13:20,G16,G,-0.098,-0.52,1
2026-06-26 07:13:24,G16,G,0.094,0.50,1
2026-06-26 07:13:27,G16,G,-0.065,-0.34,1
2026-06-26 07:13:28,G16,G,0.166,0.87,1
2026-06-26 07:13:31,G16,G,0.085,0.45,1
2026-06-26 07:13:44,G16,G,0.092,0.48,1
2026-06-26 07:13:48,G16,G,-1.270,-6.67,3
2026-06-26 07:14:02,G22,G,31176368.082,163832920.05,37690
2026-06-26 07:22:08,C09,C,-0.287,-1.49,1
2026-06-26 07:22:08,C14,C,0.607,3.16,1
2026-06-26 07:22:08,C19,C,-0.529,-2.75,1
2026-06-26 07:22:08,C21,C,0.523,2.72,1
2026-06-26 07:22:08,C23,C,0.130,0.68,1
2026-06-26 07:22:08,C24,C,-0.590,-3.07,1
2026-06-26 07:22:08,C25,C,-0.280,-1.46,1
2026-06-26 07:22:08,C31,C,-0.192,-1.00,1
2026-06-26 07:22:08,C34,C,0.281,1.46,1
2026-06-26 07:22:08,C35,C,-0.521,-2.71,1
2026-06-26 07:22:08,E04,E,0.261,1.37,1
2026-06-26 07:22:08,E06,E,0.410,2.15,1
2026-06-26 07:22:08,E09,E,0.476,2.50,1
2026-06-26 07:22:08,E10,E,-0.434,-2.28,1
2026-06-26 07:22:08,E11,E,-0.288,-1.52,1
2026-06-26 07:22:08,E12,E,-0.480,-2.52,1
2026-06-26 07:22:08,E16,E,-0.663,-3.49,1
2026-06-26 07:22:08,E19,E,-0.167,-0.88,1
2026-06-26 07:22:08,E25,E,-0.516,-2.71,1
2026-06-26 07:22:08,E28,E,0.073,0.38,1
2026-06-26 07:22:08,E34,E,0.353,1.85,1
2026-06-26 07:22:08,E36,E,0.103,0.54,1
2026-06-26 07:22:08,G01,G,0.222,1.17,1
2026-06-26 07:22:08,G02,G,-0.081,-0.43,1
2026-06-26 07:22:08,G03,G,0.608,3.19,1
2026-06-26 07:22:08,G08,G,-0.314,-1.65,1
2026-06-26 07:22:08,G10,G,-0.639,-3.36,1
2026-06-26 07:22:08,G14,G,0.322,1.69,1
2026-06-26 07:22:08,G22,G,0.424,2.23,1
2026-06-26 07:22:08,G27,G,-0.637,-3.35,1
2026-06-26 07:22:08,G32,G,0.118,0.62,1
2026-06-26 07:32:08,C09,C,0.233,1.21,1
2026-06-26 07:32:08,C14,C,-0.659,-3.43,1
2026-06-26 07:32:08,C19,C,0.511,2.66,1
2026-06-26 07:32:08,C21,C,-0.549,-2.86,1
2026-06-26 07:32:08,C23,C,-0.132,-0.69,1
2026-06-26 07:32:08,C24,C,0.532,2.77,1
2026-06-26 07:32:08,C25,C,0.270,1.41,1
2026-06-26 07:32:08,C31,C,0.165,0.86,1
2026-06-26 07:32:08,C34,C,-0.320,-1.66,1
2026-06-26 07:32:08,C35,C,0.478,2.49,1
2026-06-26 07:32:08,E04,E,-0.279,-1.47,1
2026-06-26 07:32:08,E06,E,-0.443,-2.33,1
2026-06-26 07:32:08,E09,E,-0.534,-2.80,1
2026-06-26 07:32:08,E10,E,0.380,2.00,1
2026-06-26 07:32:08,E11,E,0.241,1.27,1
2026-06-26 07:32:08,E12,E,0.436,2.29,1
2026-06-26 07:32:08,E16,E,0.590,3.10,1
2026-06-26 07:32:08,E19,E,0.161,0.85,1
2026-06-26 07:32:08,E25,E,0.491,2.58,1
2026-06-26 07:32:08,E28,E,-0.079,-0.42,1
2026-06-26 07:32:08,E34,E,-0.398,-2.09,1
2026-06-26 07:32:08,E36,E,-0.142,-0.75,1
2026-06-26 07:32:08,G01,G,-0.251,-1.32,1
2026-06-26 07:32:08,G03,G,-0.629,-3.30,1
2026-06-26 07:32:08,G08,G,0.310,1.63,1
2026-06-26 07:32:08,G10,G,0.602,3.16,1
2026-06-26 07:32:08,G14,G,-0.316,-1.66,1
2026-06-26 07:32:08,G22,G,-0.438,-2.30,1
2026-06-26 07:32:08,G27,G,0.605,3.18,1
2026-06-26 07:32:08,G32,G,-0.113,-0.59,1
2026-06-26 07:32:19,E16,E,4.381,23.02,1
2026-06-26 07:33:04,C42,C,-143028537.986,-744787130.68,23290
2026-06-26 07:37:28,E30,E,1334611.956,7013433.17,47933
2026-06-26 07:39:27,G17,G,77566413.315,407614253.14,37332
2026-06-26 07:46:58,C38,C,111590535.162,581081200.05,40738
2026-06-26 07:50:59,E12,E,23.393,122.93,2
2026-06-26 07:52:45,E12,E,0.962,5.05,3
2026-06-26 07:52:48,E12,E,-0.578,-3.04,3
2026-06-26 07:53:47,E12,E,2.472,12.99,10
2026-06-26 07:53:57,E12,E,1.489,7.83,5
2026-06-26 07:54:09,E12,E,-3.821,-20.08,8
2026-06-26 07:55:50,E12,E,0.752,3.95,27
2026-06-26 07:56:12,E12,E,-0.190,-1.00,7
2026-06-26 07:57:05,E12,E,1.332,7.00,28
2026-06-26 07:57:29,E12,E,1.134,5.96,5
2026-06-26 07:57:31,E12,E,0.377,1.98,2
2026-06-26 07:58:31,E12,E,3.447,18.11,12
2026-06-26 07:58:50,E12,E,-5.133,-26.97,2
2026-06-26 07:59:29,E12,E,2.103,11.05,8
2026-06-26 08:00:31,E12,E,0.868,4.56,18
2026-06-26 08:00:58,E12,E,-8.085,-42.49,9
2026-06-26 08:01:47,E12,E,4.982,26.18,12
2026-06-26 08:02:48,E12,E,-2.089,-10.98,10
2026-06-26 08:03:29,E12,E,1.118,5.87,3
2026-06-26 08:03:50,E12,E,-1.709,-8.98,21
2026-06-26 08:04:12,E12,E,-4.746,-24.94,7
2026-06-26 08:04:24,E12,E,-0.573,-3.01,2
2026-06-26 08:04:29,E12,E,1.732,9.10,4
2026-06-26 08:04:54,E19,E,-3.053,-16.04,1
2026-06-26 08:04:58,E12,E,1.144,6.01,5
2026-06-26 08:05:12,E12,E,1.891,9.94,14
2026-06-26 08:05:20,C24,C,0.164,0.85,1
2026-06-26 08:06:17,C24,C,14.112,73.49,11
2026-06-26 08:06:21,C24,C,-0.102,-0.53,1
2026-06-26 08:07:02,C24,C,-2.121,-11.05,8
2026-06-26 08:07:22,C24,C,-0.576,-3.00,5
2026-06-26 08:13:16,C19,C,-1.726,-8.99,10
2026-06-26 08:13:56,C19,C,-0.765,-3.98,3
2026-06-26 08:14:07,C19,C,-0.189,-0.99,11
2026-06-26 08:14:43,E19,E,0.377,1.98,8
2026-06-26 08:15:52,C19,C,0.961,5.00,5
2026-06-26 08:16:11,C19,C,0.187,0.98,5
2026-06-26 08:16:23,C19,C,0.578,3.01,10
2026-06-26 08:16:33,C19,C,-0.387,-2.01,10
2026-06-26 08:16:50,C19,C,-0.966,-5.03,2
2026-06-26 08:17:03,E19,E,1.160,6.10,2
2026-06-26 08:17:21,C19,C,-0.363,-1.89,7
2026-06-26 08:17:48,C19,C,-1.152,-6.00,3
2026-06-26 08:18:08,E19,E,-33207436.277,-174506255.46,20
2026-06-26 08:18:19,E19,E,-7.432,-39.06,1
2026-06-26 08:18:20,G04,G,-151265358.731,-794904825.30,19486
2026-06-26 08:18:30,G04,G,0.095,0.50,1
2026-06-26 08:18:33,E19,E,5.511,28.96,11
2026-06-26 08:18:38,G04,G,-0.089,-0.47,1
2026-06-26 08:19:06,G04,G,0.095,0.50,1
2026-06-26 08:19:13,E19,E,-2.682,-14.10,5
2026-06-26 08:19:13,G04,G,1.333,7.00,4
2026-06-26 08:19:26,G04,G,-0.093,-0.49,1
2026-06-26 08:19:45,E19,E,-547510.659,-2877187.93,29
2026-06-26 08:19:49,E19,E,0.095,0.50,1
2026-06-26 08:20:03,E19,E,-2.171,-11.41,9
2026-06-26 08:20:04,E19,E,0.609,3.20,1
2026-06-26 08:20:05,E19,E,0.537,2.82,1
2026-06-26 08:20:06,E19,E,0.609,3.20,1
2026-06-26 08:20:07,E19,E,0.626,3.29,1
2026-06-26 08:20:08,E19,E,0.751,3.95,1
2026-06-26 08:20:09,E19,E,0.824,4.33,1
2026-06-26 08:20:10,E19,E,0.853,4.48,1
2026-06-26 08:20:11,E19,E,0.898,4.72,1
2026-06-26 08:20:12,E19,E,0.942,4.95,1
2026-06-26 08:20:13,E19,E,0.815,4.28,1
2026-06-26 08:20:14,E19,E,0.665,3.50,1
2026-06-26 08:20:14,G10,G,0.068,0.36,1
2026-06-26 08:20:15,E19,E,0.665,3.49,1
2026-06-26 08:20:16,E19,E,0.796,4.18,1
2026-06-26 08:20:17,E19,E,0.763,4.01,1
2026-06-26 08:20:18,E19,E,0.808,4.25,1
2026-06-26 08:20:19,E19,E,0.875,4.60,1
2026-06-26 08:20:20,E19,E,0.907,4.77,1
2026-06-26 08:20:21,E19,E,0.991,5.21,1
2026-06-26 08:20:22,E19,E,0.930,4.89,1
2026-06-26 08:20:23,E19,E,0.851,4.47,1
2026-06-26 08:20:24,E19,E,0.877,4.61,1
2026-06-26 08:20:25,E19,E,0.970,5.10,1
2026-06-26 08:20:26,E19,E,0.993,5.22,1
2026-06-26 08:20:27,E19,E,1.082,5.69,1
2026-06-26 08:20:28,E19,E,1.120,5.89,1
2026-06-26 08:20:29,E19,E,1.191,6.26,1
2026-06-26 08:20:30,E19,E,1.105,5.81,1
2026-06-26 08:20:31,E19,E,1.016,5.34,1
2026-06-26 08:20:31,G10,G,-0.100,-0.53,1
2026-06-26 08:20:32,E19,E,1.034,5.43,1
2026-06-26 08:20:33,E19,E,1.176,6.18,1
2026-06-26 08:20:33,G10,G,0.102,0.54,1
2026-06-26 08:20:34,E19,E,1.103,5.80,1
2026-06-26 08:20:35,E19,E,1.068,5.61,1
2026-06-26 08:20:36,E19,E,1.188,6.24,1
2026-06-26 08:20:37,E19,E,1.263,6.64,1
2026-06-26 08:20:42,E19,E,5.947,31.25,5
2026-06-26 08:20:43,E19,E,1.623,8.53,1
2026-06-26 08:20:44,E19,E,1.587,8.34,1
2026-06-26 08:20:45,E19,E,1.513,7.95,1
2026-06-26 08:20:46,E19,E,1.412,7.42,1
2026-06-26 08:20:47,E19,E,1.370,7.20,1
2026-06-26 08:20:48,E19,E,1.302,6.84,1
2026-06-26 08:20:49,E19,E,1.216,6.39,1
2026-06-26 08:20:50,E19,E,1.142,6.00,1
2026-06-26 08:20:51,E19,E,1.139,5.99,1
2026-06-26 08:20:52,E19,E,1.284,6.75,1
2026-06-26 08:20:53,E19,E,1.357,7.13,1
2026-06-26 08:20:54,E19,E,1.533,8.05,1
2026-06-26 08:20:55,E19,E,1.435,7.54,1
2026-06-26 08:20:56,E19,E,1.285,6.75,1
2026-06-26 08:20:57,E19,E,1.281,6.73,1
2026-06-26 08:20:58,E19,E,1.340,7.04,1
2026-06-26 08:20:59,E19,E,1.307,6.87,1
2026-06-26 08:21:00,E19,E,1.232,6.47,1
2026-06-26 08:21:01,E19,E,1.158,6.09,1
2026-06-26 08:21:02,E19,E,1.194,6.28,1
2026-06-26 08:21:03,E19,E,1.076,5.65,1
2026-06-26 08:21:04,E19,E,0.854,4.49,1
2026-06-26 08:21:05,E19,E,0.708,3.72,1
2026-06-26 08:21:06,E19,E,0.879,4.62,1
2026-06-26 08:21:07,E19,E,0.959,5.04,1
2026-06-26 08:21:08,E19,E,0.978,5.14,1
2026-06-26 08:21:09,E19,E,0.857,4.51,1
2026-06-26 08:21:09,G10,G,0.116,0.61,1
2026-06-26 08:21:10,E19,E,0.900,4.73,1
2026-06-26 08:21:11,E19,E,1.029,5.41,1
2026-06-26 08:21:12,E19,E,1.186,6.23,1
2026-06-26 08:21:13,E19,E,1.167,6.13,1
2026-06-26 08:21:14,E19,E,1.112,5.84,1
2026-06-26 08:21:15,E19,E,1.172,6.16,1
2026-06-26 08:21:16,E19,E,1.061,5.57,1
2026-06-26 08:21:17,E19,E,0.998,5.25,1
2026-06-26 08:21:18,E19,E,1.119,5.88,1
2026-06-26 08:21:19,E19,E,1.183,6.21,1
2026-06-26 08:21:20,E19,E,1.163,6.11,1
2026-06-26 08:21:21,E19,E,1.241,6.52,1
2026-06-26 08:21:22,E19,E,0.985,5.18,1
2026-06-26 08:21:23,E19,E,0.979,5.14,1
2026-06-26 08:21:24,E19,E,0.980,5.15,1
2026-06-26 08:21:25,E19,E,1.051,5.52,1
2026-06-26 08:21:26,E19,E,1.102,5.79,1
2026-06-26 08:21:27,E19,E,1.288,6.77,1
2026-06-26 08:21:29,G10,G,10.277,54.00,17
2026-06-26 08:21:33,G10,G,0.098,0.52,1
2026-06-26 08:21:34,G10,G,0.171,0.90,1
2026-06-26 08:21:35,G10,G,0.112,0.59,1
2026-06-26 08:21:37,G10,G,0.136,0.72,1
2026-06-26 08:21:50,E19,E,25.475,133.87,23
2026-06-26 08:21:51,E19,E,1.230,6.46,1
2026-06-26 08:21:52,E19,E,1.281,6.73,1
2026-06-26 08:21:53,E19,E,1.314,6.90,1
2026-06-26 08:21:54,E19,E,1.358,7.13,1
2026-06-26 08:21:55,E19,E,1.488,7.82,1
2026-06-26 08:21:56,E19,E,1.431,7.52,1
2026-06-26 08:21:57,E19,E,1.498,7.87,1
2026-06-26 08:21:58,E05,E,169943822.150,893060813.06,18149
2026-06-26 08:21:58,E19,E,1.413,7.43,1
2026-06-26 08:21:59,E19,E,1.303,6.85,1
2026-06-26 08:21:59,G10,G,12.760,67.05,22
2026-06-26 08:22:00,E19,E,1.288,6.77,1
2026-06-26 08:22:00,G10,G,5.700,29.95,1
2026-06-26 08:22:01,E19,E,1.273,6.69,1
2026-06-26 08:22:01,G10,G,4.377,23.00,1
2026-06-26 08:22:02,E19,E,1.311,6.89,1
2026-06-26 08:22:03,E19,E,1.308,6.88,1
2026-06-26 08:22:04,E19,E,1.261,6.63,1
2026-06-26 08:22:05,E19,E,1.333,7.01,1
2026-06-26 08:22:06,E19,E,1.364,7.17,1
2026-06-26 08:22:07,E19,E,1.131,5.94,1
2026-06-26 08:22:08,E19,E,0.987,5.19,1
2026-06-26 08:22:09,E19,E,0.916,4.81,1
2026-06-26 08:22:10,E19,E,0.853,4.48,1
2026-06-26 08:22:11,E19,E,0.659,3.46,1
2026-06-26 08:23:27,G10,G,106.749,560.97,83
2026-06-26 08:23:31,G10,G,-0.094,-0.50,1
2026-06-26 08:30:42,C35,C,25.537,132.98,6
2026-06-26 08:31:41,C35,C,0.105,0.55,1
2026-06-26 08:31:45,C35,C,-0.095,-0.49,1
2026-06-26 08:32:17,C35,C,-2.597,-13.52,7
2026-06-26 08:32:22,C35,C,-0.094,-0.49,1
2026-06-26 08:32:41,C35,C,1.916,9.98,8
2026-06-26 08:34:45,C35,C,0.570,2.97,9
2026-06-26 08:35:15,C35,C,1.144,5.96,8
2026-06-26 08:35:54,C09,C,-0.203,-1.06,1
2026-06-26 08:35:54,C14,C,0.476,2.48,1
2026-06-26 08:35:54,C21,C,0.220,1.14,1
2026-06-26 08:35:54,C22,C,-0.386,-2.01,1
2026-06-26 08:35:54,C23,C,-0.214,-1.11,1
2026-06-26 08:35:54,C25,C,-0.438,-2.28,1
2026-06-26 08:35:54,C31,C,-0.374,-1.95,1
2026-06-26 08:35:54,C34,C,0.139,0.72,1
2026-06-26 08:35:54,C38,C,0.540,2.81,1
2026-06-26 08:35:54,C42,C,0.632,3.29,1
2026-06-26 08:35:54,E02,E,-0.320,-1.68,1
2026-06-26 08:35:54,E05,E,0.581,3.05,1
2026-06-26 08:35:54,E06,E,0.204,1.07,1
2026-06-26 08:35:54,E09,E,0.422,2.22,1
2026-06-26 08:35:54,E10,E,-0.387,-2.03,1
2026-06-26 08:35:54,E11,E,-0.299,-1.57,1
2026-06-26 08:35:54,E25,E,-0.578,-3.04,1
2026-06-26 08:35:54,E28,E,-0.236,-1.24,1
2026-06-26 08:35:54,E30,E,0.172,0.90,1
2026-06-26 08:35:54,E34,E,0.348,1.83,1
2026-06-26 08:35:54,G02,G,-0.205,-1.08,1
2026-06-26 08:35:54,G03,G,0.308,1.62,1
2026-06-26 08:35:54,G04,G,0.697,3.66,1
2026-06-26 08:35:54,G08,G,-0.596,-3.13,1
2026-06-26 08:35:54,G14,G,-0.121,-0.63,1
2026-06-26 08:35:54,G17,G,0.549,2.88,1
2026-06-26 08:35:54,G22,G,0.071,0.37,1
2026-06-26 08:35:54,G27,G,-0.709,-3.73,1
2026-06-26 08:35:54,G32,G,-0.313,-1.64,1
2026-06-26 08:42:06,C25,C,6.806,35.44,8
2026-06-26 08:42:09,C25,C,-0.091,-0.47,1
2026-06-26 08:42:39,C25,C,-3.644,-18.97,21
2026-06-26 08:42:55,C25,C,-0.054,-0.28,1
2026-06-26 08:43:20,C25,C,5.775,30.07,19
2026-06-26 08:43:21,C25,C,-0.194,-1.01,1
2026-06-26 08:44:03,C25,C,-7.301,-38.02,32
2026-06-26 08:46:43,G27,G,0.097,0.51,1
2026-06-26 08:46:49,G27,G,-0.091,-0.48,1
2026-06-26 08:48:10,G27,G,0.096,0.51,1
2026-06-26 08:48:13,G27,G,-0.102,-0.54,1
2026-06-26 08:49:33,G27,G,0.089,0.47,1
2026-06-26 08:49:37,G27,G,-0.093,-0.49,1
2026-06-26 08:50:31,G27,G,0.074,0.39,1
2026-06-26 08:50:37,G27,G,-0.092,-0.49,1
2026-06-26 08:50:49,G27,G,0.106,0.56,1
2026-06-26 08:50:55,G27,G,-0.095,-0.50,1
2026-06-26 08:51:09,G27,G,0.092,0.48,1
2026-06-26 08:51:19,G27,G,-0.094,-0.50,1
2026-06-26 08:51:29,G27,G,0.094,0.49,1
2026-06-26 08:51:31,G27,G,-0.095,-0.50,1
2026-06-26 08:51:47,G27,G,0.093,0.49,1
2026-06-26 08:51:49,G27,G,-0.095,-0.50,1
2026-06-26 08:52:15,G27,G,0.094,0.49,1
2026-06-26 08:52:19,G27,G,-0.099,-0.52,1
2026-06-26 08:52:31,G27,G,0.117,0.61,1
2026-06-26 08:52:43,G27,G,-0.090,-0.47,1
2026-06-26 08:52:45,G27,G,0.089,0.47,1
2026-06-26 08:52:49,G27,G,-0.088,-0.46,1
2026-06-26 08:53:00,C09,C,12.673,65.99,29
2026-06-26 08:53:05,G27,G,0.110,0.58,1
2026-06-26 08:53:16,G27,G,32.827,172.51,10
2026-06-26 08:53:17,G27,G,2.105,11.06,1
2026-06-26 08:53:18,G27,G,-1.349,-7.09,1
2026-06-26 08:53:19,G27,G,1.916,10.07,1
2026-06-26 08:53:25,G27,G,-0.089,-0.47,1
2026-06-26 08:53:31,G27,G,-0.426,-2.24,1
2026-06-26 08:53:35,G27,G,-5.574,-29.29,4
2026-06-26 08:53:37,G27,G,-0.110,-0.58,1
2026-06-26 08:54:22,C09,C,-0.762,-3.97,25
2026-06-26 08:54:31,C09,C,-0.196,-1.02,3
2026-06-26 08:55:14,G19,G,67042842.130,352312513.31,37301
2026-06-26 08:55:18,G19,G,0.096,0.51,1
2026-06-26 08:55:19,G19,G,-0.097,-0.51,1
2026-06-26 08:55:33,G19,G,0.094,0.50,1
2026-06-26 08:55:37,G19,G,-0.092,-0.48,1
2026-06-26 08:55:50,G28,G,132453858.719,696049725.52,18483
2026-06-26 08:56:02,G28,G,-10.563,-55.51,7
2026-06-26 08:56:08,G28,G,-0.084,-0.44,1
2026-06-26 08:56:12,G28,G,2.757,14.49,3
2026-06-26 08:56:14,G28,G,-0.101,-0.53,1
2026-06-26 08:56:33,G28,G,-2.182,-11.47,9
2026-06-26 08:56:43,G28,G,-0.097,-0.51,1
2026-06-26 08:56:49,G28,G,0.090,0.47,1
2026-06-26 08:57:01,G28,G,-0.096,-0.50,1
2026-06-26 08:57:04,G28,G,0.102,0.54,1
2026-06-26 08:57:06,G28,G,-4.576,-24.05,2
2026-06-26 08:57:07,G28,G,-0.098,-0.52,1
2026-06-26 08:57:13,G28,G,0.087,0.46,1
2026-06-26 08:57:14,G28,G,-0.198,-1.04,1
2026-06-26 08:57:15,G28,G,-0.191,-1.01,1
2026-06-26 08:57:22,G28,G,0.095,0.50,2
2026-06-26 08:57:25,G28,G,-0.191,-1.00,1
2026-06-26 08:57:52,G28,G,0.094,0.49,1
2026-06-26 08:57:55,G28,G,-0.100,-0.53,1
2026-06-26 08:57:59,G28,G,0.096,0.51,1
2026-06-26 08:58:01,G28,G,-0.096,-0.51,1
2026-06-26 08:58:15,G28,G,0.094,0.49,1
2026-06-26 08:58:19,G28,G,-0.097,-0.51,1
2026-06-26 08:58:22,G28,G,0.098,0.51,1
2026-06-26 08:58:25,G28,G,-0.099,-0.52,1
2026-06-26 08:58:50,G28,G,0.092,0.49,1
2026-06-26 08:59:01,G28,G,-0.097,-0.51,1
2026-06-26 08:59:08,G28,G,0.098,0.52,1
2026-06-26 08:59:13,G28,G,-0.092,-0.49,1
2026-06-26 08:59:14,G28,G,0.086,0.45,1
2026-06-26 08:59:19,G28,G,-0.090,-0.47,1
2026-06-26 08:59:40,G28,G,0.095,0.50,1
2026-06-26 08:59:55,G28,G,-0.102,-0.54,1
2026-06-26 09:00:09,G28,G,0.094,0.49,1
2026-06-26 09:00:24,G28,G,0.102,0.54,1
2026-06-26 09:00:47,C09,C,0.761,3.96,30
2026-06-26 09:02:22,C13,C,82590561.949,430070729.39,40767
2026-06-26 09:02:52,C09,C,1.918,9.99,4
2026-06-26 09:03:20,C09,C,-0.584,-3.04,1
2026-06-26 09:03:25,C09,C,-0.095,-0.49,1
2026-06-26 09:04:58,G19,G,0.094,0.49,1
2026-06-26 09:05:01,G19,G,-0.096,-0.51,1
2026-06-26 09:08:28,C07,C,-133012887.582,-692633010.73,69865
2026-06-26 09:12:34,C07,C,-1600239.491,-8332866.96,19
2026-06-26 09:15:29,C07,C,-0.303,-1.58,1
2026-06-26 09:15:29,C13,C,-0.610,-3.18,1
2026-06-26 09:15:29,C14,C,-0.304,-1.58,1
2026-06-26 09:15:29,C22,C,0.507,2.64,1
2026-06-26 09:15:29,C31,C,0.462,2.40,1
2026-06-26 09:15:29,C38,C,-0.531,-2.76,1
2026-06-26 09:15:29,C42,C,-0.533,-2.77,1
2026-06-26 09:15:29,E02,E,0.423,2.22,1
2026-06-26 09:15:29,E04,E,0.220,1.15,1
2026-06-26 09:15:29,E05,E,-0.615,-3.23,1
2026-06-26 09:15:29,E09,E,-0.283,-1.49,1
2026-06-26 09:15:29,E10,E,0.365,1.92,1
2026-06-26 09:15:29,E11,E,0.305,1.60,1
2026-06-26 09:15:29,E25,E,0.509,2.68,1
2026-06-26 09:15:29,E28,E,0.368,1.93,1
2026-06-26 09:15:29,E34,E,-0.357,-1.87,1
2026-06-26 09:15:29,G01,G,0.061,0.32,1
2026-06-26 09:15:29,G02,G,0.276,1.45,1
2026-06-26 09:15:29,G03,G,-0.106,-0.56,1
2026-06-26 09:15:29,G04,G,-0.704,-3.70,1
2026-06-26 09:15:29,G08,G,0.655,3.44,1
2026-06-26 09:15:29,G14,G,0.314,1.65,1
2026-06-26 09:15:29,G17,G,-0.441,-2.32,1
2026-06-26 09:15:29,G19,G,-0.735,-3.86,1
2026-06-26 09:15:29,G22,G,0.138,0.73,1
2026-06-26 09:15:29,G28,G,-0.352,-1.85,1
2026-06-26 09:15:29,G32,G,0.480,2.52,1
2026-06-26 09:16:06,E25,E,0.089,0.47,1
2026-06-26 09:17:45,E25,E,-0.091,-0.48,1
2026-06-26 09:18:25,E25,E,0.100,0.52,1
2026-06-26 09:21:37,E25,E,8.930,46.93,23
2026-06-26 09:22:05,E25,E,1.519,7.98,12
2026-06-26 09:22:26,G31,G,150068140.554,788613401.31,16937
2026-06-26 09:25:05,G31,G,0.099,0.52,1
2026-06-26 09:25:07,G31,G,-0.100,-0.53,1
2026-06-26 09:25:51,G31,G,0.098,0.51,1
2026-06-26 09:25:55,G31,G,-0.096,-0.50,1
2026-06-26 09:25:58,G31,G,0.086,0.45,1
2026-06-26 09:26:01,G31,G,-0.097,-0.51,1
