epoch_s,sat_id,gps_tow,d_rx_hz,d_truth_hz,raw_resid_hz,common_mode_hz,corrected_resid_hz,excluded_outlier
29.000,E12,259229.000,14623.000,15015.385,-392.385,-392.933,0.548,0
29.000,E19,259229.000,12787.000,13182.602,-395.602,-392.933,-2.669,0
29.000,E21,259229.000,-16125.000,-15721.341,-403.659,-392.933,-10.725,0
29.000,E26,259229.000,-27658.000,-27264.519,-393.481,-392.933,-0.548,0
29.000,E33,259229.000,-10202.000,-9819.418,-382.582,-392.933,10.351,0
29.000,G02,259229.000,3380.000,3766.481,-386.481,-392.933,6.452,0
29.000,G06,259229.000,12340.000,12728.740,-388.740,-392.933,4.193,0
29.000,G07,259229.000,7311.000,7704.570,-393.570,-392.933,-0.637,0
29.000,G09,259229.000,28123.000,28523.284,-400.284,-392.933,-7.351,0
29.000,G11,259229.000,-4487.000,-4106.461,-380.539,-392.933,12.394,0
29.000,G13,259229.000,-9693.000,-9293.138,-399.862,-392.933,-6.929,0
29.000,G15,259229.000,-6554.000,-6151.015,-402.985,-392.933,-10.052,0
29.000,G20,259229.000,22794.000,23185.658,-391.658,-392.933,1.275,0
29.000,G30,259229.000,2305.000,2697.040,-392.040,-392.933,0.893,0
30.000,E12,259230.000,14589.000,14981.362,-392.362,-392.970,0.608,0
30.000,E19,259230.000,12759.000,13155.056,-396.056,-392.970,-3.086,0
30.000,E21,259230.000,-16135.000,-15731.052,-403.948,-392.970,-10.978,0
30.000,E26,259230.000,-27689.000,-27295.332,-393.668,-392.970,-0.698,0
30.000,E33,259230.000,-10254.000,-9871.877,-382.123,-392.970,10.847,0
30.000,G02,259230.000,3333.000,3719.149,-386.149,-392.970,6.821,0
30.000,G06,259230.000,12298.000,12687.507,-389.507,-392.970,3.463,0
30.000,G07,259230.000,7278.000,7671.527,-393.527,-392.970,-0.557,0
30.000,G09,259230.000,28104.000,28504.089,-400.089,-392.970,-7.119,0
30.000,G11,259230.000,-4543.000,-4162.709,-380.291,-392.970,12.679,0
30.000,G13,259230.000,-9711.000,-9311.614,-399.386,-392.970,-6.416,0
30.000,G15,259230.000,-6566.000,-6163.007,-402.993,-392.970,-10.023,0
30.000,G20,259230.000,22758.000,23149.437,-391.437,-392.970,1.533,0
30.000,G30,259230.000,2270.000,2662.413,-392.413,-392.970,0.557,0
31.000,E12,259231.000,14554.000,14947.305,-393.305,-393.389,0.084,0
31.000,E19,259231.000,12731.000,13127.488,-396.488,-393.389,-3.099,0
31.000,E21,259231.000,-16145.000,-15740.747,-404.253,-393.389,-10.864,0
31.000,E26,259231.000,-27720.000,-27326.093,-393.907,-393.389,-0.518,0
31.000,E33,259231.000,-10307.000,-9924.313,-382.687,-393.389,10.702,0
31.000,G02,259231.000,3285.000,3671.802,-386.802,-393.389,6.587,0
31.000,G06,259231.000,12257.000,12646.240,-389.240,-393.389,4.149,0
31.000,G07,259231.000,7245.000,7638.473,-393.473,-393.389,-0.084,0
31.000,G09,259231.000,28084.000,28484.858,-400.858,-393.389,-7.469,0
31.000,G11,259231.000,-4600.000,-4218.947,-381.053,-393.389,12.337,0
31.000,G13,259231.000,-9730.000,-9330.084,-399.916,-393.389,-6.527,0
31.000,G15,259231.000,-6578.000,-6175.000,-403.000,-393.389,-9.611,0
31.000,G20,259231.000,22721.000,23113.167,-392.167,-393.389,1.222,0
31.000,G30,259231.000,2235.000,2627.781,-392.781,-393.389,0.608,0
32.000,E12,259232.000,14520.000,14913.217,-393.217,-393.217,0.000,0
32.000,E19,259232.000,12704.000,13099.898,-395.898,-393.217,-2.681,0
32.000,E21,259232.000,-16154.000,-15750.425,-403.575,-393.217,-10.358,0
32.000,E26,259232.000,-27750.000,-27356.804,-393.196,-393.217,0.021,0
32.000,E33,259232.000,-10359.000,-9976.727,-382.273,-393.217,10.944,0
32.000,G02,259232.000,3238.000,3624.440,-386.440,-393.217,6.777,0
32.000,G06,259232.000,12216.000,12604.941,-388.941,-393.217,4.277,0
32.000,G07,259232.000,7212.000,7605.406,-393.406,-393.217,-0.189,0
32.000,G09,259232.000,28065.000,28465.591,-400.591,-393.217,-7.374,0
32.000,G11,259232.000,-4656.000,-4275.177,-380.823,-393.217,12.395,0
32.000,G13,259232.000,-9748.000,-9348.546,-399.454,-393.217,-6.236,0
32.000,G15,259232.000,-6590.000,-6186.992,-403.008,-393.217,-9.790,0
32.000,G20,259232.000,22685.000,23076.846,-391.846,-393.217,1.371,0
32.000,G22,259232.000,-1703.000,-1307.856,-395.144,-393.217,-1.926,0
32.000,G30,259232.000,2201.000,2593.146,-392.146,-393.217,1.071,0
33.000,E12,259233.000,14487.000,14879.097,-392.097,-393.328,1.232,0
33.000,E19,259233.000,12676.000,13072.287,-396.287,-393.328,-2.959,0
33.000,E21,259233.000,-16164.000,-15760.087,-403.913,-393.328,-10.585,0
33.000,E26,259233.000,-27781.000,-27387.464,-393.536,-393.328,-0.208,0
33.000,E33,259233.000,-10412.000,-10029.119,-382.881,-393.328,10.447,0
33.000,G02,259233.000,3191.000,3577.064,-386.064,-393.328,7.264,0
33.000,G06,259233.000,12175.000,12563.608,-388.608,-393.328,4.721,0
33.000,G07,259233.000,7179.000,7572.328,-393.328,-393.328,0.000,0
33.000,G09,259233.000,28046.000,28446.289,-400.289,-393.328,-6.960,0
33.000,G11,259233.000,-4712.000,-4331.398,-380.602,-393.328,12.727,0
33.000,G13,259233.000,-9766.000,-9367.003,-398.997,-393.328,-5.669,0
33.000,G15,259233.000,-6602.000,-6198.985,-403.015,-393.328,-9.687,0
33.000,G20,259233.000,22649.000,23040.477,-391.477,-393.328,1.852,0
33.000,G22,259233.000,-1730.000,-1334.928,-395.072,-393.328,-1.743,0
33.000,G30,259233.000,2166.000,2558.507,-392.507,-393.328,0.821,0
34.000,E12,259234.000,14452.000,14844.944,-392.944,-393.239,0.294,0
34.000,E19,259234.000,12649.000,13044.654,-395.654,-393.239,-2.416,0
34.000,E21,259234.000,-16173.000,-15769.732,-403.268,-393.239,-10.029,0
34.000,E26,259234.000,-27812.000,-27418.073,-393.927,-393.239,-0.689,0
34.000,E33,259234.000,-10464.000,-10081.488,-382.512,-393.239,10.727,0
34.000,G02,259234.000,3144.000,3529.673,-385.673,-393.239,7.566,0
34.000,G06,259234.000,12133.000,12522.241,-389.241,-393.239,3.997,0
34.000,G07,259234.000,7146.000,7539.239,-393.239,-393.239,0.000,0
34.000,G09,259234.000,28027.000,28426.950,-399.950,-393.239,-6.711,0
34.000,G11,259234.000,-4768.000,-4387.610,-380.390,-393.239,12.848,0
34.000,G13,259234.000,-9785.000,-9385.452,-399.548,-393.239,-6.309,0
34.000,G15,259234.000,-6614.000,-6210.977,-403.023,-393.239,-9.784,0
34.000,G20,259234.000,22612.000,23004.057,-392.057,-393.239,1.182,0
34.000,G22,259234.000,-1757.000,-1361.990,-395.010,-393.239,-1.772,0
34.000,G30,259234.000,2131.000,2523.864,-392.864,-393.239,0.374,0
35.000,E12,259235.000,14418.000,14810.760,-392.760,-393.137,0.378,0
35.000,E19,259235.000,12621.000,13017.000,-396.000,-393.137,-2.863,0
35.000,E21,259235.000,-16183.000,-15779.361,-403.639,-393.137,-10.502,0
35.000,E26,259235.000,-27842.000,-27448.630,-393.370,-393.137,-0.233,0
35.000,E33,259235.000,-10516.000,-10133.835,-382.165,-393.137,10.972,0
35.000,G02,259235.000,3096.000,3482.267,-386.267,-393.137,6.870,0
35.000,G06,259235.000,12092.000,12480.842,-388.842,-393.137,4.295,0
35.000,G07,259235.000,7113.000,7506.137,-393.137,-393.137,0.000,0
35.000,G09,259235.000,28008.000,28407.575,-399.575,-393.137,-6.438,0
35.000,G11,259235.000,-4824.000,-4443.812,-380.188,-393.137,12.949,0
35.000,G13,259235.000,-9803.000,-9403.895,-399.105,-393.137,-5.968,0
35.000,G15,259235.000,-6626.000,-6222.969,-403.031,-393.137,-9.894,0
35.000,G20,259235.000,22576.000,22967.588,-391.588,-393.137,1.549,0
35.000,G22,259235.000,-1784.000,-1389.041,-394.959,-393.137,-1.822,0
35.000,G30,259235.000,2097.000,2489.217,-392.217,-393.137,0.920,0
36.000,E12,259236.000,14384.000,14776.543,-392.543,-393.863,1.320,0
36.000,E19,259236.000,12593.000,12989.324,-396.324,-393.863,-2.461,0
36.000,E21,259236.000,-16193.000,-15788.973,-404.027,-393.863,-10.164,0
36.000,E26,259236.000,-27873.000,-27479.137,-393.863,-393.863,0.000,0
36.000,E33,259236.000,-10569.000,-10186.158,-382.842,-393.863,11.022,0
36.000,G02,259236.000,3048.000,3434.848,-386.848,-393.863,7.015,0
36.000,G06,259236.000,12050.000,12439.410,-389.410,-393.863,4.453,0
36.000,G07,259236.000,7079.000,7473.024,-394.024,-393.863,-0.161,0
36.000,G09,259236.000,27988.000,28388.164,-400.164,-393.863,-6.301,0
36.000,G11,259236.000,-4881.000,-4500.005,-380.995,-393.863,12.868,0
36.000,G13,259236.000,-9822.000,-9422.331,-399.669,-393.863,-5.806,0
36.000,G15,259236.000,-6638.000,-6234.961,-403.039,-393.863,-9.176,0
36.000,G20,259236.000,22539.000,22931.069,-392.069,-393.863,1.794,0
36.000,G22,259236.000,-1811.000,-1416.081,-394.919,-393.863,-1.056,0
36.000,G30,259236.000,2062.000,2454.567,-392.567,-393.863,1.296,0
37.000,E12,259237.000,14349.000,14742.294,-393.294,-393.408,0.114,0
37.000,E19,259237.000,12565.000,12961.627,-396.627,-393.408,-3.219,0
37.000,E21,259237.000,-16203.000,-15798.569,-404.431,-393.408,-11.023,0
37.000,E26,259237.000,-27903.000,-27509.592,-393.408,-393.408,0.000,0
37.000,E33,259237.000,-10621.000,-10238.459,-382.541,-393.408,10.867,0
37.000,G02,259237.000,3001.000,3387.414,-386.414,-393.408,6.994,0
37.000,G06,259237.000,12009.000,12397.944,-388.944,-393.408,4.463,0
37.000,G07,259237.000,7046.000,7439.900,-393.900,-393.408,-0.492,0
37.000,G09,259237.000,27968.000,28368.717,-400.717,-393.408,-7.310,0
37.000,G11,259237.000,-4937.000,-4556.187,-380.813,-393.408,12.595,0
37.000,G13,259237.000,-9841.000,-9440.760,-400.240,-393.408,-6.832,0
37.000,G15,259237.000,-6650.000,-6246.953,-403.047,-393.408,-9.639,0
37.000,G20,259237.000,22503.000,22894.501,-391.501,-393.408,1.906,0
37.000,G22,259237.000,-1838.000,-1443.111,-394.889,-393.408,-1.482,0
37.000,G30,259237.000,2027.000,2419.912,-392.912,-393.408,0.495,0
38.000,E12,259238.000,14315.000,14708.013,-393.013,-393.764,0.750,0
38.000,E19,259238.000,12537.000,12933.908,-396.908,-393.764,-3.144,0
38.000,E21,259238.000,-16212.000,-15808.149,-403.851,-393.764,-10.087,0
38.000,E26,259238.000,-27934.000,-27539.997,-394.003,-393.764,-0.240,0
38.000,E33,259238.000,-10674.000,-10290.737,-383.263,-393.764,10.501,0
38.000,G02,259238.000,2953.000,3339.966,-386.966,-393.764,6.798,0
38.000,G06,259238.000,11967.000,12356.446,-389.446,-393.764,4.317,0
38.000,G07,259238.000,7013.000,7406.764,-393.764,-393.764,0.000,0
38.000,G09,259238.000,27949.000,28349.235,-400.235,-393.764,-6.471,0
38.000,G11,259238.000,-4994.000,-4612.360,-381.640,-393.764,12.124,0
38.000,G13,259238.000,-9859.000,-9459.183,-399.817,-393.764,-6.053,0
38.000,G15,259238.000,-6662.000,-6258.945,-403.055,-393.764,-9.291,0
38.000,G20,259238.000,22466.000,22857.884,-391.884,-393.764,1.880,0
38.000,G22,259238.000,-1866.000,-1470.130,-395.870,-393.764,-2.107,0
38.000,G30,259238.000,1992.000,2385.255,-393.255,-393.764,0.509,0
39.000,E12,259239.000,14280.000,14673.701,-393.701,-394.616,0.915,0
39.000,E19,259239.000,12509.000,12906.168,-397.168,-394.616,-2.552,0
39.000,E21,259239.000,-16222.000,-15817.712,-404.288,-394.616,-9.672,0
39.000,E26,259239.000,-27965.000,-27570.350,-394.650,-394.616,-0.034,0
39.000,E33,259239.000,-10727.000,-10342.992,-384.008,-394.616,10.608,0
39.000,G02,259239.000,2906.000,3292.503,-386.503,-394.616,8.113,0
39.000,G06,259239.000,11925.000,12314.915,-389.915,-394.616,4.701,0
39.000,G07,259239.000,6979.000,7373.616,-394.616,-394.616,0.000,0
39.000,G09,259239.000,27929.000,28329.716,-400.716,-394.616,-6.100,0
39.000,G11,259239.000,-5050.000,-4668.523,-381.477,-394.616,13.139,0
39.000,G13,259239.000,-9878.000,-9477.599,-400.401,-394.616,-5.785,0
39.000,G15,259239.000,-6675.000,-6270.937,-404.063,-394.616,-9.447,0
39.000,G20,259239.000,22429.000,22821.217,-392.217,-394.616,2.399,0
39.000,G22,259239.000,-1893.000,-1497.138,-395.862,-394.616,-1.246,0
39.000,G30,259239.000,1957.000,2350.593,-393.593,-394.616,1.023,0
40.000,E12,259240.000,14245.000,14639.357,-394.357,-394.457,0.101,0
40.000,E19,259240.000,12481.000,12878.406,-397.406,-394.457,-2.949,0
40.000,E21,259240.000,-16232.000,-15827.259,-404.741,-394.457,-10.284,0
40.000,E26,259240.000,-27996.000,-27600.653,-395.347,-394.457,-0.890,0
40.000,E33,259240.000,-10779.000,-10395.223,-383.777,-394.457,10.681,0
40.000,G02,259240.000,2858.000,3245.027,-387.027,-394.457,7.430,0
40.000,G06,259240.000,11883.000,12273.352,-390.352,-394.457,4.105,0
40.000,G07,259240.000,6946.000,7340.457,-394.457,-394.457,0.000,0
40.000,G09,259240.000,27909.000,28310.161,-401.161,-394.457,-6.704,0
40.000,G11,259240.000,-5107.000,-4724.676,-382.324,-394.457,12.133,0
40.000,G13,259240.000,-9897.000,-9496.008,-400.992,-394.457,-6.535,0
40.000,G15,259240.000,-6687.000,-6282.928,-404.072,-394.457,-9.615,0
40.000,G20,259240.000,22392.000,22784.500,-392.500,-394.457,1.957,0
40.000,G22,259240.000,-1921.000,-1524.135,-396.865,-394.457,-2.408,0
40.000,G30,259240.000,1922.000,2315.928,-393.928,-394.457,0.529,0
41.000,E12,259241.000,14211.000,14604.980,-393.980,-394.287,0.307,0
41.000,E19,259241.000,12454.000,12850.623,-396.623,-394.287,-2.336,0
41.000,E21,259241.000,-16242.000,-15836.790,-405.210,-394.287,-10.923,0
41.000,E26,259241.000,-28026.000,-27630.904,-395.096,-394.287,-0.809,0
41.000,E33,259241.000,-10831.000,-10447.431,-383.569,-394.287,10.718,0
41.000,G02,259241.000,2810.000,3197.538,-387.538,-394.287,6.749,0
41.000,G06,259241.000,11842.000,12231.755,-389.755,-394.287,4.531,0
41.000,G07,259241.000,6913.000,7307.287,-394.287,-394.287,0.000,0
41.000,G09,259241.000,27890.000,28290.570,-400.570,-394.287,-6.283,0
41.000,G11,259241.000,-5163.000,-4780.818,-382.182,-394.287,12.105,0
41.000,G13,259241.000,-9915.000,-9514.411,-400.589,-394.287,-6.303,0
41.000,G15,259241.000,-6699.000,-6294.919,-404.081,-394.287,-9.794,0
41.000,G20,259241.000,22355.000,22747.735,-392.735,-394.287,1.552,0
41.000,G22,259241.000,-1947.000,-1551.122,-395.878,-394.287,-1.592,0
41.000,G30,259241.000,1888.000,2281.260,-393.260,-394.287,1.027,0
42.000,E12,259242.000,14177.000,14570.573,-393.573,-394.105,0.533,0
42.000,E19,259242.000,12426.000,12822.819,-396.819,-394.105,-2.713,0
42.000,E21,259242.000,-16251.000,-15846.304,-404.696,-394.105,-10.591,0
42.000,E26,259242.000,-28056.000,-27661.104,-394.896,-394.105,-0.791,0
42.000,E33,259242.000,-10883.000,-10499.616,-383.384,-394.105,10.722,0
42.000,G02,259242.000,2763.000,3150.034,-387.034,-394.105,7.071,0
42.000,G06,259242.000,11800.000,12190.127,-390.127,-394.105,3.979,0
42.000,G07,259242.000,6880.000,7274.105,-394.105,-394.105,0.000,0
42.000,G09,259242.000,27870.000,28270.943,-400.943,-394.105,-6.838,0
42.000,G11,259242.000,-5219.000,-4836.950,-382.050,-394.105,12.055,0
42.000,G13,259242.000,-9933.000,-9532.806,-400.194,-394.105,-6.088,0
42.000,G15,259242.000,-6711.000,-6306.911,-404.089,-394.105,-9.984,0
42.000,G20,259242.000,22319.000,22710.920,-391.920,-394.105,2.186,0
42.000,G22,259242.000,-1974.000,-1578.097,-395.903,-394.105,-1.798,0
42.000,G30,259242.000,1853.000,2246.588,-393.588,-394.105,0.517,0
43.000,E12,259243.000,14142.000,14536.133,-394.133,-394.133,0.000,0
43.000,E19,259243.000,12398.000,12794.993,-396.993,-394.133,-2.860,0
43.000,E21,259243.000,-16261.000,-15855.802,-405.198,-394.133,-11.065,0
43.000,E26,259243.000,-28086.000,-27691.252,-394.748,-394.133,-0.615,0
43.000,E33,259243.000,-10936.000,-10551.777,-384.223,-394.133,9.910,0
43.000,G02,259243.000,2715.000,3102.517,-387.517,-394.133,6.616,0
43.000,G06,259243.000,11758.000,12148.466,-390.466,-394.133,3.667,0
43.000,G07,259243.000,6847.000,7240.913,-393.913,-394.133,0.220,0
43.000,G09,259243.000,27850.000,28251.280,-401.280,-394.133,-7.147,0
43.000,G11,259243.000,-5275.000,-4893.071,-381.929,-394.133,12.204,0
43.000,G13,259243.000,-9952.000,-9551.195,-400.805,-394.133,-6.672,0
43.000,G15,259243.000,-6723.000,-6318.902,-404.098,-394.133,-9.965,0
43.000,G20,259243.000,22282.000,22674.055,-392.055,-394.133,2.078,0
43.000,G22,259243.000,-2001.000,-1605.062,-395.938,-394.133,-1.805,0
43.000,G30,259243.000,1818.000,2211.913,-393.913,-394.133,0.220,0
44.000,E12,259244.000,14108.000,14501.662,-393.662,-394.650,0.988,0
44.000,E19,259244.000,12370.000,12767.146,-397.146,-394.650,-2.496,0
44.000,E21,259244.000,-16270.000,-15865.283,-404.717,-394.650,-10.067,0
44.000,E26,259244.000,-28116.000,-27721.350,-394.650,-394.650,0.000,0
44.000,E33,259244.000,-10988.000,-10603.914,-384.086,-394.650,10.564,0
44.000,G02,259244.000,2668.000,3054.987,-386.987,-394.650,7.663,0
44.000,G06,259244.000,11717.000,12106.772,-389.772,-394.650,4.878,0
44.000,G07,259244.000,6813.000,7207.709,-394.709,-394.650,-0.059,0
44.000,G09,259244.000,27830.000,28231.581,-401.581,-394.650,-6.931,0
44.000,G11,259244.000,-5331.000,-4949.181,-381.819,-394.650,12.831,0
44.000,G13,259244.000,-9970.000,-9569.577,-400.423,-394.650,-5.773,0
44.000,G15,259244.000,-6735.000,-6330.892,-404.108,-394.650,-9.458,0
44.000,G20,259244.000,22244.000,22637.142,-393.142,-394.650,1.508,0
44.000,G22,259244.000,-2028.000,-1632.015,-395.985,-394.650,-1.335,0
44.000,G30,259244.000,1783.000,2177.234,-394.234,-394.650,0.416,0
45.000,E12,259245.000,14074.000,14467.159,-393.159,-394.494,1.334,0
45.000,E19,259245.000,12343.000,12739.278,-396.278,-394.494,-1.784,0
45.000,E21,259245.000,-16279.000,-15874.748,-404.252,-394.494,-9.758,0
45.000,E26,259245.000,-28146.000,-27751.397,-394.603,-394.494,-0.110,0
45.000,E33,259245.000,-11040.000,-10656.028,-383.972,-394.494,10.521,0
45.000,G02,259245.000,2621.000,3007.444,-386.444,-394.494,8.050,0
45.000,G06,259245.000,11675.000,12065.046,-390.046,-394.494,4.447,0
45.000,G07,259245.000,6780.000,7174.494,-394.494,-394.494,0.000,0
45.000,G09,259245.000,27811.000,28211.846,-400.846,-394.494,-6.353,0
45.000,G11,259245.000,-5387.000,-5005.281,-381.719,-394.494,12.774,0
45.000,G13,259245.000,-9988.000,-9587.952,-400.048,-394.494,-5.555,0
45.000,G15,259245.000,-6746.000,-6342.883,-403.117,-394.494,-8.624,0
45.000,G20,259245.000,22208.000,22600.179,-392.179,-394.494,2.314,0
45.000,G22,259245.000,-2055.000,-1658.958,-396.042,-394.494,-1.549,0
45.000,G30,259245.000,1749.000,2142.553,-393.553,-394.494,0.941,0
46.000,E12,259246.000,14039.000,14432.625,-393.625,-394.267,0.642,0
46.000,E19,259246.000,12315.000,12711.388,-396.388,-394.267,-2.121,0
46.000,E21,259246.000,-16289.000,-15884.197,-404.803,-394.267,-10.536,0
46.000,E26,259246.000,-28176.000,-27781.392,-394.608,-394.267,-0.341,0
46.000,E33,259246.000,-11092.000,-10708.117,-383.883,-394.267,10.385,0
46.000,G02,259246.000,2573.000,2959.887,-386.887,-394.267,7.380,0
46.000,G06,259246.000,11634.000,12023.288,-389.288,-394.267,4.979,0
46.000,G07,259246.000,6747.000,7141.267,-394.267,-394.267,0.000,0
46.000,G09,259246.000,27792.000,28192.075,-400.075,-394.267,-5.808,0
46.000,G11,259246.000,-5443.000,-5061.369,-381.631,-394.267,12.636,0
46.000,G13,259246.000,-10007.000,-9606.320,-400.680,-394.267,-6.413,0
46.000,G15,259246.000,-6758.000,-6354.873,-403.127,-394.267,-8.859,0
46.000,G20,259246.000,22171.000,22563.167,-392.167,-394.267,2.100,0
46.000,G22,259246.000,-2082.000,-1685.889,-396.111,-394.267,-1.843,0
46.000,G30,259246.000,1715.000,2107.868,-392.868,-394.267,1.399,0
47.000,E12,259247.000,14005.000,14398.059,-393.059,-394.030,0.971,0
47.000,E19,259247.000,12287.000,12683.477,-396.477,-394.030,-2.447,0
47.000,E21,259247.000,-16298.000,-15893.629,-404.371,-394.030,-10.341,0
47.000,E26,259247.000,-28206.000,-27811.336,-394.664,-394.030,-0.634,0
47.000,E33,259247.000,-11144.000,-10760.183,-383.817,-394.030,10.213,0
47.000,G02,259247.000,2526.000,2912.317,-386.317,-394.030,7.713,0
47.000,G06,259247.000,11592.000,11981.498,-389.498,-394.030,4.532,0
47.000,G07,259247.000,6714.000,7108.030,-394.030,-394.030,0.000,0
47.000,G09,259247.000,27772.000,28172.268,-400.268,-394.030,-6.238,0
47.000,G11,259247.000,-5499.000,-5117.446,-381.554,-394.030,12.476,0
47.000,G13,259247.000,-10025.000,-9624.681,-400.319,-394.030,-6.289,0
47.000,G15,259247.000,-6770.000,-6366.864,-403.136,-394.030,-9.106,0
47.000,G20,259247.000,22134.000,22526.106,-392.106,-394.030,1.924,0
47.000,G22,259247.000,-2109.000,-1712.809,-396.191,-394.030,-2.160,0
47.000,G30,259247.000,1680.000,2073.180,-393.180,-394.030,0.850,0
48.000,E12,259248.000,13970.000,14363.462,-393.462,-393.782,0.320,0
48.000,E19,259248.000,12259.000,12655.545,-396.545,-393.782,-2.764,0
48.000,E21,259248.000,-16308.000,-15903.045,-404.955,-393.782,-11.174,0
48.000,E26,259248.000,-28236.000,-27841.229,-394.771,-393.782,-0.989,0
48.000,E33,259248.000,-11196.000,-10812.224,-383.776,-393.782,10.006,0
48.000,G02,259248.000,2478.000,2864.734,-386.734,-393.782,7.047,0
48.000,G06,259248.000,11550.000,11939.676,-389.676,-393.782,4.106,0
48.000,G07,259248.000,6681.000,7074.782,-393.782,-393.782,0.000,0
48.000,G09,259248.000,27752.000,28152.425,-400.425,-393.782,-6.643,0
48.000,G11,259248.000,-5555.000,-5173.511,-381.489,-393.782,12.293,0
48.000,G13,259248.000,-10043.000,-9643.036,-399.964,-393.782,-6.183,0
48.000,G15,259248.000,-6782.000,-6378.854,-403.146,-393.782,-9.365,0
48.000,G20,259248.000,22097.000,22488.996,-391.996,-393.782,1.786,0
48.000,G22,259248.000,-2135.000,-1739.719,-395.281,-393.782,-1.500,0
48.000,G30,259248.000,1645.000,2038.489,-393.489,-393.782,0.293,0
49.000,E12,259249.000,13936.000,14328.834,-392.834,-393.523,0.689,0
49.000,E19,259249.000,12231.000,12627.592,-396.592,-393.523,-3.070,0
49.000,E21,259249.000,-16317.000,-15912.444,-404.556,-393.523,-11.033,0
49.000,E26,259249.000,-28265.000,-27871.071,-393.929,-393.523,-0.407,0
49.000,E33,259249.000,-11248.000,-10864.241,-383.759,-393.523,9.764,0
49.000,G02,259249.000,2431.000,2817.139,-386.139,-393.523,7.384,0
49.000,G06,259249.000,11508.000,11897.821,-389.821,-393.523,3.701,0
49.000,G07,259249.000,6648.000,7041.523,-393.523,-393.523,0.000,0
49.000,G09,259249.000,27732.000,28132.546,-400.546,-393.523,-7.023,0
49.000,G11,259249.000,-5611.000,-5229.565,-381.435,-393.523,12.088,0
49.000,G13,259249.000,-10062.000,-9661.383,-400.617,-393.523,-7.094,0
49.000,G15,259249.000,-6794.000,-6390.843,-403.157,-393.523,-9.634,0
49.000,G20,259249.000,22060.000,22451.837,-391.837,-393.523,1.686,0
49.000,G22,259249.000,-2162.000,-1766.616,-395.384,-393.523,-1.861,0
49.000,G30,259249.000,1611.000,2003.795,-392.795,-393.523,0.728,0
50.000,E12,259250.000,13901.000,14294.174,-393.174,-394.139,0.965,0
50.000,E19,259250.000,12203.000,12599.618,-396.618,-394.139,-2.479,0
50.000,E21,259250.000,-16326.000,-15921.827,-404.173,-394.139,-10.034,0
50.000,E26,259250.000,-28295.000,-27900.861,-394.139,-394.139,0.000,0
50.000,E33,259250.000,-11300.000,-10916.234,-383.766,-394.139,10.373,0
50.000,G02,259250.000,2383.000,2769.530,-386.530,-394.139,7.609,0
50.000,G06,259250.000,11467.000,11855.935,-388.935,-394.139,5.204,0
50.000,G07,259250.000,6614.000,7008.253,-394.253,-394.139,-0.114,0
50.000,G09,259250.000,27712.000,28112.631,-400.631,-394.139,-6.492,0
50.000,G11,259250.000,-5667.000,-5285.607,-381.393,-394.139,12.746,0
50.000,G13,259250.000,-10080.000,-9679.724,-400.276,-394.139,-6.137,0
50.000,G15,259250.000,-6806.000,-6402.833,-403.167,-394.139,-9.028,0
50.000,G20,259250.000,22023.000,22414.629,-391.629,-394.139,2.510,0
50.000,G22,259250.000,-2189.000,-1793.503,-395.497,-394.139,-1.358,0
50.000,G30,259250.000,1576.000,1969.098,-393.098,-394.139,1.041,0
51.000,E12,259251.000,13866.000,14259.483,-393.483,-393.972,0.489,0
51.000,E19,259251.000,12175.000,12571.623,-396.623,-393.972,-2.651,0
51.000,E21,259251.000,-16336.000,-15931.194,-404.806,-393.972,-10.834,0
51.000,E26,259251.000,-28325.000,-27930.600,-394.400,-393.972,-0.428,0
51.000,E33,259251.000,-11352.000,-10968.202,-383.798,-393.972,10.173,0
51.000,G02,259251.000,2335.000,2721.910,-386.910,-393.972,7.062,0
51.000,G06,259251.000,11425.000,11814.017,-389.017,-393.972,4.954,0
51.000,G07,259251.000,6581.000,6974.972,-393.972,-393.972,0.000,0
51.000,G09,259251.000,27692.000,28092.679,-400.679,-393.972,-6.708,0
51.000,G11,259251.000,-5723.000,-5341.638,-381.362,-393.972,12.609,0
51.000,G13,259251.000,-10098.000,-9698.057,-399.943,-393.972,-5.971,0
51.000,G15,259251.000,-6818.000,-6414.822,-403.178,-393.972,-9.206,0
51.000,G20,259251.000,21986.000,22377.372,-391.372,-393.972,2.600,0
51.000,G22,259251.000,-2216.000,-1820.378,-395.622,-393.972,-1.650,0
51.000,G30,259251.000,1541.000,1934.398,-393.398,-393.972,0.574,0
52.000,E12,259252.000,13831.000,14224.761,-393.761,-394.680,0.919,0
52.000,E19,259252.000,12147.000,12543.607,-396.607,-394.680,-1.927,0
52.000,E21,259252.000,-16345.000,-15940.545,-404.455,-394.680,-9.776,0
52.000,E26,259252.000,-28355.000,-27960.288,-394.712,-394.680,-0.032,0
52.000,E33,259252.000,-11404.000,-11020.145,-383.855,-394.680,10.825,0
52.000,G02,259252.000,2287.000,2674.276,-387.276,-394.680,7.404,0
52.000,G06,259252.000,11382.000,11772.068,-390.068,-394.680,4.612,0
52.000,G07,259252.000,6547.000,6941.680,-394.680,-394.680,0.000,0
52.000,G09,259252.000,27672.000,28072.692,-400.692,-394.680,-6.012,0
52.000,G11,259252.000,-5779.000,-5397.656,-381.344,-394.680,13.336,0
52.000,G13,259252.000,-10117.000,-9716.384,-400.616,-394.680,-5.936,0
52.000,G15,259252.000,-6830.000,-6426.811,-403.189,-394.680,-8.509,0
52.000,G20,259252.000,21948.000,22340.066,-392.066,-394.680,2.614,0
52.000,G22,259252.000,-2243.000,-1847.242,-395.758,-394.680,-1.078,0
52.000,G30,259252.000,1506.000,1899.695,-393.695,-394.680,0.984,0
53.000,E12,259253.000,13797.000,14190.007,-393.007,-394.377,1.370,0
53.000,E19,259253.000,12119.000,12515.570,-396.570,-394.377,-2.192,0
53.000,E21,259253.000,-16355.000,-15949.879,-405.121,-394.377,-10.744,0
53.000,E26,259253.000,-28385.000,-27989.924,-395.076,-394.377,-0.698,0
53.000,E33,259253.000,-11456.000,-11072.064,-383.936,-394.377,10.441,0
53.000,G02,259253.000,2240.000,2626.630,-386.630,-394.377,7.747,0
53.000,G06,259253.000,11341.000,11730.087,-389.087,-394.377,5.291,0
53.000,G07,259253.000,6514.000,6908.377,-394.377,-394.377,0.000,0
53.000,G09,259253.000,27652.000,28052.669,-400.669,-394.377,-6.291,0
53.000,G11,259253.000,-5835.000,-5453.662,-381.338,-394.377,13.040,0
53.000,G13,259253.000,-10135.000,-9734.704,-400.296,-394.377,-5.919,0
53.000,G15,259253.000,-6842.000,-6438.800,-403.200,-394.377,-8.823,0
53.000,G20,259253.000,21911.000,22302.711,-391.711,-394.377,2.667,0
53.000,G22,259253.000,-2270.000,-1874.094,-395.906,-394.377,-1.528,0
53.000,G30,259253.000,1472.000,1864.990,-392.990,-394.377,1.387,0
54.000,E12,259254.000,13762.000,14155.223,-393.223,-394.064,0.841,0
54.000,E19,259254.000,12091.000,12487.511,-396.511,-394.064,-2.447,0
54.000,E21,259254.000,-16364.000,-15959.196,-404.804,-394.064,-10.739,0
54.000,E26,259254.000,-28414.000,-28019.510,-394.490,-394.064,-0.426,0
54.000,E33,259254.000,-11508.000,-11123.957,-384.043,-394.064,10.022,0
54.000,G02,259254.000,2192.000,2578.972,-386.972,-394.064,7.092,0
54.000,G06,259254.000,11298.000,11688.074,-390.074,-394.064,3.990,0
54.000,G07,259254.000,6481.000,6875.064,-394.064,-394.064,0.000,0
54.000,G09,259254.000,27632.000,28032.609,-400.609,-394.064,-6.545,0
54.000,G11,259254.000,-5891.000,-5509.656,-381.344,-394.064,12.720,0
54.000,G13,259254.000,-10154.000,-9753.016,-400.984,-394.064,-6.919,0
54.000,G15,259254.000,-6854.000,-6450.788,-403.212,-394.064,-9.147,0
54.000,G20,259254.000,21873.000,22265.307,-392.307,-394.064,1.757,0
54.000,G22,259254.000,-2297.000,-1900.935,-396.065,-394.064,-2.000,0
54.000,G30,259254.000,1437.000,1830.282,-393.282,-394.064,0.782,0
55.000,E12,259255.000,13727.000,14120.408,-393.408,-394.741,1.333,0
55.000,E19,259255.000,12062.000,12459.432,-397.432,-394.741,-2.692,0
55.000,E21,259255.000,-16374.000,-15968.498,-405.502,-394.741,-10.762,0
55.000,E26,259255.000,-28444.000,-28049.044,-394.956,-394.741,-0.216,0
55.000,E33,259255.000,-11560.000,-11175.826,-384.174,-394.741,10.567,0
55.000,G02,259255.000,2144.000,2531.302,-387.302,-394.741,7.438,0
55.000,G06,259255.000,11256.000,11646.030,-390.030,-394.741,4.711,0
55.000,G07,259255.000,6447.000,6841.741,-394.741,-394.741,0.000,0
55.000,G09,259255.000,27612.000,28012.514,-400.514,-394.741,-5.773,0
55.000,G11,259255.000,-5948.000,-5565.637,-382.363,-394.741,12.378,0
55.000,G13,259255.000,-10172.000,-9771.322,-400.678,-394.741,-5.937,0
55.000,G15,259255.000,-6867.000,-6462.777,-404.223,-394.741,-9.483,0
55.000,G20,259255.000,21836.000,22227.854,-391.854,-394.741,2.886,0
55.000,G22,259255.000,-2324.000,-1927.765,-396.235,-394.741,-1.495,0
55.000,G30,259255.000,1402.000,1795.571,-393.571,-394.741,1.169,0
56.000,E12,259256.000,13692.000,14085.561,-393.561,-394.406,0.845,0
56.000,E19,259256.000,12034.000,12431.332,-397.332,-394.406,-2.926,0
56.000,E21,259256.000,-16383.000,-15977.783,-405.217,-394.406,-10.811,0
56.000,E26,259256.000,-28474.000,-28078.526,-395.474,-394.406,-1.067,0
56.000,E33,259256.000,-11612.000,-11227.670,-384.330,-394.406,10.076,0
56.000,G02,259256.000,2096.000,2483.620,-387.620,-394.406,6.786,0
56.000,G06,259256.000,11214.000,11603.954,-389.954,-394.406,4.452,0
56.000,G07,259256.000,6414.000,6808.406,-394.406,-394.406,0.000,0
56.000,G09,259256.000,27591.000,27992.382,-401.382,-394.406,-6.975,0
56.000,G11,259256.000,-6004.000,-5621.606,-382.394,-394.406,12.012,0
56.000,G13,259256.000,-10190.000,-9789.621,-400.379,-394.406,-5.973,0
56.000,G15,259256.000,-6879.000,-6474.765,-404.235,-394.406,-9.829,0
56.000,G20,259256.000,21798.000,22190.353,-392.353,-394.406,2.053,0
56.000,G22,259256.000,-2351.000,-1954.583,-396.417,-394.406,-2.011,0
56.000,G30,259256.000,1367.000,1760.858,-393.858,-394.406,0.549,0
57.000,E12,259257.000,13657.000,14050.684,-393.684,-394.142,0.458,0
57.000,E19,259257.000,12006.000,12403.211,-397.211,-394.142,-3.069,0
57.000,E21,259257.000,-16392.000,-15987.051,-404.949,-394.142,-10.807,0
57.000,E26,259257.000,-28503.000,-28107.958,-395.042,-394.142,-0.900,0
57.000,E33,259257.000,-11664.000,-11279.488,-384.512,-394.142,9.630,0
57.000,G02,259257.000,2049.000,2435.926,-386.926,-394.142,7.216,0
57.000,G06,259257.000,11172.000,11561.847,-389.847,-394.142,4.295,0
57.000,G07,259257.000,6381.000,6775.061,-394.061,-394.142,0.080,0
57.000,G09,259257.000,27571.000,27972.214,-401.214,-394.142,-7.072,0
57.000,G11,259257.000,-6060.000,-5677.562,-382.438,-394.142,11.704,0
57.000,G13,259257.000,-10209.000,-9807.912,-401.088,-394.142,-6.946,0
57.000,G15,259257.000,-6891.000,-6486.752,-404.248,-394.142,-10.106,0
57.000,G20,259257.000,21760.000,22152.803,-392.803,-394.142,1.339,0
57.000,G22,259257.000,-2378.000,-1981.389,-396.611,-394.142,-2.469,0
57.000,G30,259257.000,1332.000,1726.142,-394.142,-394.142,0.000,0
58.000,E12,259258.000,13623.000,14015.775,-392.775,-393.706,0.931,0
58.000,E19,259258.000,11979.000,12375.069,-396.069,-393.706,-2.363,0
58.000,E21,259258.000,-16401.000,-15996.304,-404.696,-393.706,-10.990,0
58.000,E26,259258.000,-28532.000,-28137.338,-394.662,-393.706,-0.956,0
58.000,E33,259258.000,-11715.000,-11331.281,-383.719,-393.706,9.987,0
58.000,G02,259258.000,2001.000,2388.220,-387.220,-393.706,6.486,0
58.000,G06,259258.000,11130.000,11519.709,-389.709,-393.706,3.997,0
58.000,G07,259258.000,6348.000,6741.706,-393.706,-393.706,0.000,0
58.000,G09,259258.000,27552.000,27952.010,-400.010,-393.706,-6.304,0
58.000,G11,259258.000,-6115.000,-5733.505,-381.495,-393.706,12.211,0
58.000,G13,259258.000,-10227.000,-9826.197,-400.803,-393.706,-7.097,0
58.000,G15,259258.000,-6902.000,-6498.740,-403.260,-393.706,-9.554,0
58.000,G20,259258.000,21723.000,22115.204,-392.204,-393.706,1.502,0
58.000,G22,259258.000,-2404.000,-2008.183,-395.817,-393.706,-2.111,0
58.000,G30,259258.000,1298.000,1691.424,-393.424,-393.706,0.283,0
59.000,E12,259259.000,13588.000,13980.836,-392.836,-394.334,1.498,0
59.000,E19,259259.000,11950.000,12346.906,-396.906,-394.334,-2.573,0
59.000,E21,259259.000,-16410.000,-16005.540,-404.460,-394.334,-10.127,0
59.000,E26,259259.000,-28561.000,-28166.666,-394.334,-394.334,0.000,0
59.000,E33,259259.000,-11767.000,-11383.048,-383.952,-394.334,10.382,0
59.000,G02,259259.000,1954.000,2340.503,-386.503,-394.334,7.831,0
59.000,G06,259259.000,11088.000,11477.540,-389.540,-394.334,4.794,0
59.000,G07,259259.000,6314.000,6708.340,-394.340,-394.334,-0.006,0
59.000,G09,259259.000,27531.000,27931.770,-400.770,-394.334,-6.436,0
59.000,G11,259259.000,-6171.000,-5789.434,-381.566,-394.334,12.768,0
59.000,G13,259259.000,-10245.000,-9844.474,-400.526,-394.334,-6.192,0
59.000,G15,259259.000,-6914.000,-6510.727,-403.273,-394.334,-8.940,0
59.000,G20,259259.000,21686.000,22077.557,-391.557,-394.334,2.777,0
59.000,G22,259259.000,-2431.000,-2034.966,-396.034,-394.334,-1.700,0
59.000,G30,259259.000,1264.000,1656.703,-392.703,-394.334,1.631,0
60.000,E12,259260.000,13553.000,13945.866,-392.866,-393.964,1.098,0
60.000,E19,259260.000,11922.000,12318.723,-396.723,-393.964,-2.759,0
60.000,E21,259260.000,-16419.000,-16014.759,-404.241,-393.964,-10.277,0
60.000,E26,259260.000,-28591.000,-28195.943,-395.057,-393.964,-1.092,0
60.000,E33,259260.000,-11818.000,-11434.790,-383.210,-393.964,10.755,0
60.000,G02,259260.000,1906.000,2292.774,-386.774,-393.964,7.190,0
60.000,G06,259260.000,11046.000,11435.339,-389.339,-393.964,4.625,0
60.000,G07,259260.000,6281.000,6674.964,-393.964,-393.964,0.000,0
60.000,G09,259260.000,27511.000,27911.494,-400.494,-393.964,-6.530,0
60.000,G11,259260.000,-6227.000,-5845.351,-381.649,-393.964,12.315,0
60.000,G13,259260.000,-10263.000,-9862.744,-400.256,-393.964,-6.291,0
60.000,G15,259260.000,-6926.000,-6522.713,-403.287,-393.964,-9.322,0
60.000,G20,259260.000,21648.000,22039.861,-391.861,-393.964,2.103,0
60.000,G22,259260.000,-2457.000,-2061.737,-395.263,-393.964,-1.299,0
60.000,G30,259260.000,1229.000,1621.980,-392.980,-393.964,0.985,0
61.000,E12,259261.000,13518.000,13910.866,-392.866,-393.578,0.712,0
61.000,E19,259261.000,11894.000,12290.518,-396.518,-393.578,-2.941,0
61.000,E21,259261.000,-16429.000,-16023.963,-405.037,-393.578,-11.460,0
61.000,E26,259261.000,-28620.000,-28225.169,-394.831,-393.578,-1.253,0
61.000,E33,259261.000,-11870.000,-11486.507,-383.493,-393.578,10.084,0
61.000,G02,259261.000,1858.000,2245.034,-387.034,-393.578,6.544,0
61.000,G06,259261.000,11004.000,11393.108,-389.108,-393.578,4.470,0
61.000,G07,259261.000,6248.000,6641.578,-393.578,-393.578,0.000,0
61.000,G09,259261.000,27491.000,27891.182,-400.182,-393.578,-6.604,0
61.000,G11,259261.000,-6283.000,-5901.254,-381.746,-393.578,11.832,0
61.000,G13,259261.000,-10281.000,-9881.008,-399.992,-393.578,-6.415,0
61.000,G15,259261.000,-6938.000,-6534.700,-403.300,-393.578,-9.723,0
61.000,G20,259261.000,21610.000,22002.116,-392.116,-393.578,1.462,0
61.000,G22,259261.000,-2484.000,-2088.496,-395.504,-393.578,-1.926,0
61.000,G30,259261.000,1194.000,1587.254,-393.254,-393.578,0.324,0
62.000,E12,259262.000,13483.000,13875.835,-392.835,-394.181,1.346,0
62.000,E19,259262.000,11866.000,12262.293,-396.293,-394.181,-2.113,0
62.000,E21,259262.000,-16438.000,-16033.150,-404.850,-394.181,-10.669,0
62.000,E26,259262.000,-28649.000,-28254.344,-394.656,-394.181,-0.475,0
62.000,E33,259262.000,-11922.000,-11538.197,-383.803,-394.181,10.378,0
62.000,G02,259262.000,1811.000,2197.282,-386.282,-394.181,7.899,0
62.000,G06,259262.000,10961.000,11350.846,-389.846,-394.181,4.335,0
62.000,G07,259262.000,6214.000,6608.181,-394.181,-394.181,0.000,0
62.000,G09,259262.000,27471.000,27870.834,-399.834,-394.181,-5.653,0
62.000,G11,259262.000,-6339.000,-5957.144,-381.856,-394.181,12.325,0
62.000,G13,259262.000,-10300.000,-9899.264,-400.736,-394.181,-6.555,0
62.000,G15,259262.000,-6950.000,-6546.686,-403.314,-394.181,-9.133,0
62.000,G20,259262.000,21573.000,21964.323,-391.323,-394.181,2.858,0
62.000,G22,259262.000,-2511.000,-2115.244,-395.756,-394.181,-1.575,0
62.000,G30,259262.000,1159.000,1552.526,-393.526,-394.181,0.655,0
63.000,E12,259263.000,13448.000,13840.773,-392.773,-393.797,1.024,0
63.000,E19,259263.000,11837.000,12234.048,-397.048,-393.797,-3.251,0
63.000,E21,259263.000,-16447.000,-16042.320,-404.680,-393.797,-10.883,0
63.000,E26,259263.000,-28679.000,-28283.467,-395.533,-393.797,-1.737,0
63.000,E33,259263.000,-11974.000,-11589.862,-384.138,-393.797,9.658,0
63.000,G02,259263.000,1763.000,2149.519,-386.519,-393.797,7.278,0
63.000,G06,259263.000,10919.000,11308.553,-389.553,-393.797,4.244,0
63.000,G07,259263.000,6181.000,6574.774,-393.774,-393.797,0.023,0
63.000,G09,259263.000,27450.000,27850.449,-400.449,-393.797,-6.653,0
63.000,G11,259263.000,-6395.000,-6013.020,-381.980,-393.797,11.816,0
63.000,G13,259263.000,-10318.000,-9917.513,-400.487,-393.797,-6.691,0
63.000,G15,259263.000,-6962.000,-6558.671,-403.329,-393.797,-9.532,0
63.000,G20,259263.000,21535.000,21926.481,-391.481,-393.797,2.315,0
63.000,G22,259263.000,-2538.000,-2141.979,-396.021,-393.797,-2.224,0
63.000,G30,259263.000,1124.000,1517.797,-393.797,-393.797,0.000,0
64.000,E12,259264.000,13412.000,13805.681,-393.681,-394.357,0.676,0
64.000,E19,259264.000,11809.000,12205.781,-396.781,-394.357,-2.424,0
64.000,E21,259264.000,-16456.000,-16051.475,-404.525,-394.357,-10.169,0
64.000,E26,259264.000,-28708.000,-28312.538,-395.462,-394.357,-1.105,0
64.000,E33,259264.000,-12026.000,-11641.500,-384.500,-394.357,9.857,0
64.000,G02,259264.000,1715.000,2101.745,-386.745,-394.357,7.612,0
64.000,G06,259264.000,10877.000,11266.229,-389.229,-394.357,5.128,0
64.000,G07,259264.000,6147.000,6541.357,-394.357,-394.357,0.000,0
64.000,G09,259264.000,27429.000,27830.029,-401.029,-394.357,-6.672,0
64.000,G11,259264.000,-6451.000,-6068.882,-382.118,-394.357,12.238,0
64.000,G13,259264.000,-10336.000,-9935.755,-400.245,-394.357,-5.889,0
64.000,G15,259264.000,-6974.000,-6570.657,-403.343,-394.357,-8.986,0
64.000,G20,259264.000,21497.000,21888.591,-391.591,-394.357,2.766,0
64.000,G22,259264.000,-2565.000,-2168.703,-396.297,-394.357,-1.940,0
64.000,G30,259264.000,1090.000,1483.065,-393.065,-394.357,1.292,0
65.000,E12,259265.000,13377.000,13770.558,-393.558,-393.930,0.372,0
65.000,E19,259265.000,11781.000,12177.494,-396.494,-393.930,-2.565,0
65.000,E21,259265.000,-16466.000,-16060.613,-405.387,-393.930,-11.458,0
65.000,E26,259265.000,-28737.000,-28341.559,-395.441,-393.930,-1.512,0
65.000,E33,259265.000,-12077.000,-11693.113,-383.887,-393.930,10.043,0
65.000,G02,259265.000,1667.000,2053.960,-386.960,-393.930,6.970,0
65.000,G06,259265.000,10834.000,11223.875,-389.875,-393.930,4.055,0
65.000,G07,259265.000,6114.000,6507.930,-393.930,-393.930,0.000,0
65.000,G09,259265.000,27409.000,27809.572,-400.572,-393.930,-6.642,0
65.000,G11,259265.000,-6507.000,-6124.730,-382.270,-393.930,11.659,0
65.000,G13,259265.000,-10355.000,-9953.989,-401.011,-393.930,-7.081,0
65.000,G15,259265.000,-6986.000,-6582.642,-403.358,-393.930,-9.428,0
65.000,G20,259265.000,21459.000,21850.653,-391.653,-393.930,2.277,0
65.000,G22,259265.000,-2592.000,-2195.414,-396.586,-393.930,-2.656,0
65.000,G30,259265.000,1055.000,1448.330,-393.330,-393.930,0.599,0
66.000,E12,259266.000,13342.000,13735.404,-393.404,-394.492,1.088,0
66.000,E19,259266.000,11752.000,12149.187,-397.187,-394.492,-2.694,0
66.000,E21,259266.000,-16475.000,-16069.734,-405.266,-394.492,-10.773,0
66.000,E26,259266.000,-28766.000,-28370.527,-395.473,-394.492,-0.980,0
66.000,E33,259266.000,-12129.000,-11744.699,-384.301,-394.492,10.191,0
66.000,G02,259266.000,1619.000,2006.164,-387.164,-394.492,7.328,0
66.000,G06,259266.000,10791.000,11181.490,-390.490,-394.492,4.002,0
66.000,G07,259266.000,6080.000,6474.492,-394.492,-394.492,0.000,0
66.000,G09,259266.000,27388.000,27789.079,-401.079,-394.492,-6.587,0
66.000,G11,259266.000,-6563.000,-6180.564,-382.436,-394.492,12.056,0
66.000,G13,259266.000,-10373.000,-9972.217,-400.783,-394.492,-6.291,0
66.000,G15,259266.000,-6999.000,-6594.627,-404.373,-394.492,-9.881,0
66.000,G20,259266.000,21420.000,21812.666,-392.666,-394.492,1.826,0
66.000,G22,259266.000,-2619.000,-2222.114,-396.886,-394.492,-2.394,0
66.000,G30,259266.000,1020.000,1413.594,-393.594,-394.492,0.898,0
67.000,E12,259267.000,13307.000,13700.221,-393.221,-395.045,1.824,0
67.000,E19,259267.000,11724.000,12120.858,-396.858,-395.045,-1.813,0
67.000,E21,259267.000,-16484.000,-16078.840,-405.160,-395.045,-10.115,0
67.000,E26,259267.000,-28795.000,-28399.445,-395.555,-395.045,-0.510,0
67.000,E33,259267.000,-12181.000,-11796.259,-384.741,-395.045,10.304,0
67.000,G02,259267.000,1571.000,1958.357,-387.357,-395.045,7.687,0
67.000,G06,259267.000,10749.000,11139.075,-390.075,-395.045,4.970,0
67.000,G07,259267.000,6046.000,6441.045,-395.045,-395.045,0.000,0
67.000,G09,259267.000,27367.000,27768.550,-401.550,-395.045,-6.505,0
67.000,G11,259267.000,-6619.000,-6236.383,-382.617,-395.045,12.428,0
67.000,G13,259267.000,-10392.000,-9990.437,-401.563,-395.045,-6.518,0
67.000,G15,259267.000,-7011.000,-6606.611,-404.389,-395.045,-9.344,0
67.000,G20,259267.000,21382.000,21774.631,-392.631,-395.045,2.414,0
67.000,G22,259267.000,-2646.000,-2248.801,-397.199,-395.045,-2.154,0
67.000,G30,259267.000,985.000,1378.856,-393.856,-395.045,1.189,0
68.000,E12,259268.000,13271.000,13665.007,-394.007,-394.588,0.581,0
68.000,E19,259268.000,11695.000,12092.509,-397.509,-394.588,-2.922,0
68.000,E21,259268.000,-16494.000,-16087.929,-406.071,-394.588,-11.483,0
68.000,E26,259268.000,-28824.000,-28428.311,-395.689,-394.588,-1.102,0
68.000,E33,259268.000,-12233.000,-11847.792,-385.208,-394.588,9.380,0
68.000,G02,259268.000,1523.000,1910.540,-387.540,-394.588,7.047,0
68.000,G06,259268.000,10706.000,11096.629,-390.629,-394.588,3.959,0
68.000,G07,259268.000,6013.000,6407.588,-394.588,-394.588,0.000,0
68.000,G09,259268.000,27347.000,27747.985,-400.985,-394.588,-6.398,0
68.000,G11,259268.000,-6675.000,-6292.188,-382.812,-394.588,11.776,0
68.000,G13,259268.000,-10410.000,-10008.650,-401.350,-394.588,-6.763,0
68.000,G15,259268.000,-7023.000,-6618.595,-404.405,-394.588,-9.818,0
68.000,G20,259268.000,21344.000,21736.547,-392.547,-394.588,2.040,0
68.000,G22,259268.000,-2672.000,-2275.477,-396.523,-394.588,-1.936,0
68.000,G30,259268.000,950.000,1344.116,-394.116,-394.588,0.471,0
69.000,E12,259269.000,13236.000,13629.763,-393.763,-394.375,0.612,0
69.000,E19,259269.000,11667.000,12064.140,-397.140,-394.375,-2.766,0
69.000,E21,259269.000,-16502.000,-16097.002,-404.998,-394.375,-10.624,0
69.000,E26,259269.000,-28853.000,-28457.125,-395.875,-394.375,-1.500,0
69.000,E33,259269.000,-12284.000,-11899.299,-384.701,-394.375,9.673,0
69.000,G02,259269.000,1475.000,1862.713,-387.713,-394.375,6.662,0
69.000,G06,259269.000,10664.000,11054.153,-390.153,-394.375,4.221,0
69.000,G07,259269.000,5980.000,6374.120,-394.120,-394.375,0.254,0
69.000,G09,259269.000,27326.000,27727.384,-401.384,-394.375,-7.010,0
69.000,G11,259269.000,-6730.000,-6347.979,-382.021,-394.375,12.353,0
69.000,G13,259269.000,-10428.000,-10026.856,-401.144,-394.375,-6.770,0
69.000,G15,259269.000,-7035.000,-6630.578,-404.422,-394.375,-10.047,0
69.000,G20,259269.000,21306.000,21698.416,-392.416,-394.375,1.959,0
69.000,G22,259269.000,-2699.000,-2302.140,-396.860,-394.375,-2.486,0
69.000,G30,259269.000,915.000,1309.375,-394.375,-394.375,0.000,0
70.000,E12,259270.000,13201.000,13594.488,-393.488,-394.643,1.155,0
70.000,E19,259270.000,11639.000,12035.750,-396.750,-394.643,-2.107,0
70.000,E21,259270.000,-16511.000,-16106.058,-404.942,-394.643,-10.298,0
70.000,E26,259270.000,-28882.000,-28485.888,-396.112,-394.643,-1.468,0
70.000,E33,259270.000,-12335.000,-11950.779,-384.221,-394.643,10.422,0
70.000,G02,259270.000,1428.000,1814.875,-386.875,-394.643,7.769,0
70.000,G06,259270.000,10622.000,11011.647,-389.647,-394.643,4.996,0
70.000,G07,259270.000,5946.000,6340.643,-394.643,-394.643,0.000,0
70.000,G09,259270.000,27306.000,27706.747,-400.747,-394.643,-6.103,0
70.000,G11,259270.000,-6786.000,-6403.755,-382.245,-394.643,12.398,0
70.000,G13,259270.000,-10446.000,-10045.054,-400.946,-394.643,-6.302,0
70.000,G15,259270.000,-7047.000,-6642.561,-404.439,-394.643,-9.795,0
70.000,G20,259270.000,21268.000,21660.236,-392.236,-394.643,2.408,0
70.000,G22,259270.000,-2725.000,-2328.791,-396.209,-394.643,-1.566,0
70.000,G30,259270.000,881.000,1274.631,-393.631,-394.643,1.013,0
71.000,E12,259271.000,13166.000,13559.183,-393.183,-394.157,0.973,0
71.000,E19,259271.000,11611.000,12007.340,-396.340,-394.157,-2.183,0
71.000,E21,259271.000,-16520.000,-16115.098,-404.902,-394.157,-10.745,0
71.000,E26,259271.000,-28910.000,-28514.600,-395.400,-394.157,-1.244,0
71.000,E33,259271.000,-12386.000,-12002.232,-383.768,-394.157,10.389,0
71.000,G02,259271.000,1380.000,1767.026,-387.026,-394.157,7.130,0
71.000,G06,259271.000,10580.000,10969.111,-389.111,-394.157,5.046,0
71.000,G07,259271.000,5913.000,6307.157,-394.157,-394.157,0.000,0
71.000,G09,259271.000,27286.000,27686.073,-400.073,-394.157,-5.917,0
71.000,G11,259271.000,-6841.000,-6459.516,-381.484,-394.157,12.672,0
71.000,G13,259271.000,-10464.000,-10063.245,-400.755,-394.157,-6.598,0
71.000,G15,259271.000,-7058.000,-6654.544,-403.456,-394.157,-9.299,0
71.000,G20,259271.000,21230.000,21622.008,-392.008,-394.157,2.149,0
71.000,G22,259271.000,-2752.000,-2355.429,-396.571,-394.157,-2.414,0
71.000,G30,259271.000,846.000,1239.886,-393.886,-394.157,0.271,0
72.000,E12,259272.000,13131.000,13523.849,-392.849,-393.660,0.811,0
72.000,E19,259272.000,11582.000,11978.909,-396.909,-393.660,-3.249,0
72.000,E21,259272.000,-16529.000,-16124.122,-404.878,-393.660,-11.218,0
72.000,E26,259272.000,-28939.000,-28543.260,-395.740,-393.660,-2.080,0
72.000,E33,259272.000,-12438.000,-12053.658,-384.342,-393.660,9.318,0
72.000,G02,259272.000,1332.000,1719.168,-387.168,-393.660,6.492,0
72.000,G06,259272.000,10537.000,10926.544,-389.544,-393.660,4.116,0
72.000,G07,259272.000,5880.000,6273.660,-393.660,-393.660,0.000,0
72.000,G09,259272.000,27265.000,27665.364,-400.364,-393.660,-6.704,0
72.000,G11,259272.000,-6897.000,-6515.261,-381.739,-393.660,11.921,0
72.000,G13,259272.000,-10482.000,-10081.429,-400.571,-393.660,-6.911,0
72.000,G15,259272.000,-7070.000,-6666.526,-403.474,-393.660,-9.814,0
72.000,G20,259272.000,21192.000,21583.732,-391.732,-393.660,1.928,0
72.000,G22,259272.000,-2778.000,-2382.055,-395.945,-393.660,-2.285,0
72.000,G30,259272.000,812.000,1205.139,-393.139,-393.660,0.521,0
73.000,E12,259273.000,13096.000,13488.484,-392.484,-394.154,1.670,0
73.000,E19,259273.000,11554.000,11950.458,-396.458,-394.154,-2.304,0
73.000,E21,259273.000,-16538.000,-16133.130,-404.870,-394.154,-10.716,0
73.000,E26,259273.000,-28967.000,-28571.868,-395.132,-394.154,-0.978,0
73.000,E33,259273.000,-12489.000,-12105.057,-383.943,-394.154,10.211,0
73.000,G02,259273.000,1285.000,1671.300,-386.300,-394.154,7.854,0
73.000,G06,259273.000,10495.000,10883.948,-388.948,-394.154,5.206,0
73.000,G07,259273.000,5846.000,6240.154,-394.154,-394.154,0.000,0
73.000,G09,259273.000,27245.000,27644.618,-399.618,-394.154,-5.464,0
73.000,G11,259273.000,-6953.000,-6570.992,-382.008,-394.154,12.146,0
73.000,G13,259273.000,-10500.000,-10099.606,-400.394,-394.154,-6.240,0
73.000,G15,259273.000,-7082.000,-6678.508,-403.492,-394.154,-9.338,0
73.000,G20,259273.000,21154.000,21545.408,-391.408,-394.154,2.746,0
73.000,G22,259273.000,-2805.000,-2408.669,-396.331,-394.154,-2.177,0
73.000,G30,259273.000,777.000,1170.390,-393.390,-394.154,0.764,0
74.000,E12,259274.000,13060.000,13453.089,-393.089,-394.638,1.549,0
74.000,E19,259274.000,11525.000,11921.987,-396.987,-394.638,-2.349,0
74.000,E21,259274.000,-16547.000,-16142.121,-404.879,-394.638,-10.241,0
74.000,E26,259274.000,-28996.000,-28600.425,-395.575,-394.638,-0.937,0
74.000,E33,259274.000,-12541.000,-12156.430,-384.570,-394.638,10.067,0
74.000,G02,259274.000,1236.000,1623.421,-387.421,-394.638,7.216,0
74.000,G06,259274.000,10452.000,10841.322,-389.322,-394.638,5.316,0
74.000,G07,259274.000,5812.000,6206.638,-394.638,-394.638,0.000,0
74.000,G09,259274.000,27223.000,27623.836,-400.836,-394.638,-6.198,0
74.000,G11,259274.000,-7009.000,-6626.707,-382.293,-394.638,12.345,0
74.000,G13,259274.000,-10519.000,-10117.775,-401.225,-394.638,-6.587,0
74.000,G15,259274.000,-7094.000,-6690.490,-403.510,-394.638,-8.873,0
74.000,G20,259274.000,21115.000,21507.036,-392.036,-394.638,2.602,0
74.000,G22,259274.000,-2832.000,-2435.271,-396.729,-394.638,-2.092,0
74.000,G30,259274.000,742.000,1135.640,-393.640,-394.638,0.998,0
75.000,E12,259275.000,13025.000,13417.664,-392.664,-394.112,1.448,0
75.000,E19,259275.000,11497.000,11893.495,-396.495,-394.112,-2.383,0
75.000,E21,259275.000,-16556.000,-16151.096,-404.904,-394.112,-10.791,0
75.000,E26,259275.000,-29024.000,-28628.931,-395.069,-394.112,-0.957,0
75.000,E33,259275.000,-12592.000,-12207.774,-384.226,-394.112,9.887,0
75.000,G02,259275.000,1189.000,1575.533,-386.533,-394.112,7.579,0
75.000,G06,259275.000,10409.000,10798.666,-389.666,-394.112,4.446,0
75.000,G07,259275.000,5779.000,6173.112,-394.112,-394.112,0.000,0
75.000,G09,259275.000,27203.000,27603.018,-400.018,-394.112,-5.906,0
75.000,G11,259275.000,-7064.000,-6682.407,-381.593,-394.112,12.519,0
75.000,G13,259275.000,-10536.000,-10135.937,-400.063,-394.112,-5.951,0
75.000,G15,259275.000,-7106.000,-6702.470,-403.530,-394.112,-9.417,0
75.000,G20,259275.000,21077.000,21468.616,-391.616,-394.112,2.497,0
75.000,G22,259275.000,-2858.000,-2461.860,-396.140,-394.112,-2.028,0
75.000,G30,259275.000,708.000,1100.888,-392.888,-394.112,1.224,0
76.000,E12,259276.000,12990.000,13382.210,-392.210,-393.577,1.367,0
76.000,E19,259276.000,11469.000,11864.983,-395.983,-393.577,-2.406,0
76.000,E21,259276.000,-16564.000,-16160.055,-403.945,-393.577,-10.368,0
76.000,E26,259276.000,-29052.000,-28657.385,-394.615,-393.577,-1.038,0
76.000,E33,259276.000,-12643.000,-12259.092,-383.908,-393.577,9.669,0
76.000,G02,259276.000,1141.000,1527.635,-386.635,-393.577,6.942,0
76.000,G06,259276.000,10367.000,10755.981,-388.981,-393.577,4.597,0
76.000,G07,259276.000,5746.000,6139.577,-393.577,-393.577,0.000,0
76.000,G09,259276.000,27182.000,27582.164,-400.164,-393.577,-6.587,0
76.000,G11,259276.000,-7119.000,-6738.091,-380.909,-393.577,12.668,0
76.000,G13,259276.000,-10554.000,-10154.092,-399.908,-393.577,-6.331,0
76.000,G15,259276.000,-7118.000,-6714.451,-403.549,-393.577,-9.972,0
76.000,G20,259276.000,21039.000,21430.148,-391.148,-393.577,2.429,0
76.000,G22,259276.000,-2884.000,-2488.436,-395.564,-393.577,-1.987,0
76.000,G30,259276.000,673.000,1066.135,-393.135,-393.577,0.442,0
77.000,E12,259277.000,12954.000,13346.726,-392.726,-393.033,0.307,0
77.000,E19,259277.000,11441.000,11836.450,-395.450,-393.033,-2.418,0
77.000,E21,259277.000,-16573.000,-16168.998,-404.002,-393.033,-10.970,0
77.000,E26,259277.000,-29081.000,-28685.787,-395.213,-393.033,-2.180,0
77.000,E33,259277.000,-12694.000,-12310.382,-383.618,-393.033,9.414,0
77.000,G02,259277.000,1094.000,1479.728,-385.728,-393.033,7.304,0
77.000,G06,259277.000,10324.000,10713.265,-389.265,-393.033,3.767,0
77.000,G07,259277.000,5713.000,6106.033,-393.033,-393.033,0.000,0
77.000,G09,259277.000,27162.000,27561.274,-399.274,-393.033,-6.241,0
77.000,G11,259277.000,-7175.000,-6793.760,-381.240,-393.033,11.792,0
77.000,G13,259277.000,-10572.000,-10172.239,-399.761,-393.033,-6.728,0
77.000,G15,259277.000,-7129.000,-6726.431,-402.569,-393.033,-9.536,0
77.000,G20,259277.000,21001.000,21391.632,-390.632,-393.033,2.401,0
77.000,G22,259277.000,-2911.000,-2515.000,-396.000,-393.033,-2.967,0
77.000,G30,259277.000,639.000,1031.381,-392.381,-393.033,0.652,0
78.000,E12,259278.000,12919.000,13311.211,-392.211,-393.479,1.267,0
78.000,E19,259278.000,11412.000,11807.898,-395.898,-393.479,-2.419,0
78.000,E21,259278.000,-16582.000,-16177.924,-404.076,-393.479,-10.598,0
78.000,E26,259278.000,-29109.000,-28714.138,-394.862,-393.479,-1.384,0
78.000,E33,259278.000,-12745.000,-12361.644,-383.356,-393.479,10.123,0
78.000,G02,259278.000,1046.000,1431.811,-385.811,-393.479,7.667,0
78.000,G06,259278.000,10282.000,10670.521,-388.521,-393.479,4.958,0
78.000,G07,259278.000,5679.000,6072.479,-393.479,-393.479,0.000,0
78.000,G09,259278.000,27141.000,27540.347,-399.347,-393.479,-5.869,0
78.000,G11,259278.000,-7231.000,-6849.412,-381.588,-393.479,11.891,0
78.000,G13,259278.000,-10590.000,-10190.379,-399.621,-393.479,-6.142,0
78.000,G15,259278.000,-7141.000,-6738.411,-402.589,-393.479,-9.111,0
78.000,G20,259278.000,20962.000,21353.068,-391.068,-393.479,2.410,0
78.000,G22,259278.000,-2937.000,-2541.552,-395.448,-393.479,-1.970,0
78.000,G30,259278.000,604.000,996.625,-392.625,-393.479,0.853,0
79.000,E12,259279.000,12883.000,13275.667,-392.667,-392.915,0.248,0
79.000,E19,259279.000,11384.000,11779.325,-395.325,-392.915,-2.410,0
79.000,E21,259279.000,-16591.000,-16186.834,-404.166,-392.915,-11.251,0
79.000,E26,259279.000,-29137.000,-28742.437,-394.563,-392.915,-1.648,0
79.000,E33,259279.000,-12796.000,-12412.879,-383.121,-392.915,9.794,0
79.000,G02,259279.000,998.000,1383.885,-385.885,-392.915,7.030,0
79.000,G06,259279.000,10239.000,10627.747,-388.747,-392.915,4.169,0
79.000,G07,259279.000,5646.000,6038.915,-392.915,-392.915,0.000,0
79.000,G09,259279.000,27120.000,27519.385,-399.385,-392.915,-6.469,0
79.000,G11,259279.000,-7286.000,-6905.048,-380.952,-392.915,11.964,0
79.000,G13,259279.000,-10608.000,-10208.511,-399.489,-392.915,-6.573,0
79.000,G15,259279.000,-7153.000,-6750.390,-402.610,-392.915,-9.695,0
79.000,G20,259279.000,20924.000,21314.457,-390.457,-392.915,2.458,0
79.000,G22,259279.000,-2964.000,-2568.090,-395.910,-392.915,-2.994,0
79.000,G30,259279.000,569.000,961.868,-392.868,-392.915,0.047,0
80.000,E12,259280.000,12848.000,13240.094,-392.094,-393.342,1.249,0
80.000,E19,259280.000,11355.000,11750.732,-395.732,-393.342,-2.390,0
80.000,E21,259280.000,-16600.000,-16195.727,-404.273,-393.342,-10.930,0
80.000,E26,259280.000,-29165.000,-28770.685,-394.315,-393.342,-0.973,0
80.000,E33,259280.000,-12848.000,-12464.085,-383.915,-393.342,9.428,0
80.000,G02,259280.000,950.000,1335.950,-385.950,-393.342,7.392,0
80.000,G06,259280.000,10196.000,10584.943,-388.943,-393.342,4.399,0
80.000,G07,259280.000,5612.000,6005.342,-393.342,-393.342,0.000,0
80.000,G09,259280.000,27099.000,27498.386,-399.386,-393.342,-6.043,0
80.000,G11,259280.000,-7342.000,-6960.668,-381.332,-393.342,12.011,0
80.000,G13,259280.000,-10627.000,-10226.636,-400.364,-393.342,-7.021,0
80.000,G15,259280.000,-7165.000,-6762.368,-402.632,-393.342,-9.289,0
80.000,G20,259280.000,20885.000,21275.798,-390.798,-393.342,2.545,0
80.000,G22,259280.000,-2990.000,-2594.616,-395.384,-393.342,-2.041,0
80.000,G30,259280.000,534.000,927.110,-393.110,-393.342,0.232,0
81.000,E12,259281.000,12812.000,13204.491,-392.491,-392.760,0.270,0
81.000,E19,259281.000,11327.000,11722.119,-395.119,-392.760,-2.359,0
81.000,E21,259281.000,-16609.000,-16204.605,-404.395,-392.760,-11.635,0
81.000,E26,259281.000,-29194.000,-28798.881,-395.119,-392.760,-2.358,0
81.000,E33,259281.000,-12899.000,-12515.264,-383.736,-392.760,9.025,0
81.000,G02,259281.000,902.000,1288.006,-386.006,-392.760,6.755,0
81.000,G06,259281.000,10154.000,10542.111,-388.111,-392.760,4.650,0
81.000,G07,259281.000,5579.000,5971.760,-392.760,-392.760,0.000,0
81.000,G09,259281.000,27078.000,27477.351,-399.351,-392.760,-6.590,0
81.000,G11,259281.000,-7397.000,-7016.272,-380.728,-392.760,12.033,0
81.000,G13,259281.000,-10644.000,-10244.754,-399.246,-392.760,-6.485,0
81.000,G15,259281.000,-7177.000,-6774.346,-402.654,-392.760,-9.893,0
81.000,G20,259281.000,20847.000,21237.091,-390.091,-392.760,2.670,0
81.000,G22,259281.000,-3016.000,-2621.130,-394.870,-392.760,-2.110,0
81.000,G30,259281.000,500.000,892.351,-392.351,-392.760,0.410,0
82.000,E12,259282.000,12777.000,13168.858,-391.858,-393.169,1.311,0
82.000,E19,259282.000,11298.000,11693.486,-395.486,-393.169,-2.317,0
82.000,E21,259282.000,-16618.000,-16213.466,-404.534,-393.169,-11.365,0
82.000,E26,259282.000,-29222.000,-28827.026,-394.974,-393.169,-1.805,0
82.000,E33,259282.000,-12950.000,-12566.415,-383.585,-393.169,9.584,0
82.000,G02,259282.000,854.000,1240.053,-386.053,-393.169,7.117,0
82.000,G06,259282.000,10111.000,10499.249,-388.249,-393.169,4.920,0
82.000,G07,259282.000,5545.000,5938.169,-393.169,-393.169,0.000,0
82.000,G09,259282.000,27057.000,27456.280,-399.280,-393.169,-6.110,0
82.000,G11,259282.000,-7453.000,-7071.859,-381.141,-393.169,12.028,0
82.000,G13,259282.000,-10663.000,-10262.864,-400.136,-393.169,-6.966,0
82.000,G15,259282.000,-7189.000,-6786.324,-402.676,-393.169,-9.507,0
82.000,G20,259282.000,20808.000,21198.336,-390.336,-393.169,2.833,0
82.000,G22,259282.000,-3043.000,-2647.630,-395.370,-393.169,-2.201,0
82.000,G30,259282.000,465.000,857.590,-392.590,-393.169,0.579,0
83.000,E12,259283.000,12741.000,13133.196,-392.196,-393.569,1.373,0
83.000,E19,259283.000,11269.000,11664.833,-395.833,-393.569,-2.264,0
83.000,E21,259283.000,-16627.000,-16222.311,-404.689,-393.569,-11.120,0
83.000,E26,259283.000,-29250.000,-28855.119,-394.881,-393.569,-1.312,0
83.000,E33,259283.000,-13001.000,-12617.538,-383.462,-393.569,10.106,0
83.000,G02,259283.000,806.000,1192.091,-386.091,-393.569,7.478,0
83.000,G06,259283.000,10068.000,10456.358,-388.358,-393.569,5.211,0
83.000,G07,259283.000,5511.000,5904.569,-393.569,-393.569,0.000,0
83.000,G09,259283.000,27036.000,27435.172,-399.172,-393.569,-5.603,0
83.000,G11,259283.000,-7509.000,-7127.430,-381.570,-393.569,11.998,0
83.000,G13,259283.000,-10681.000,-10280.967,-400.033,-393.569,-6.464,0
83.000,G15,259283.000,-7201.000,-6798.301,-402.699,-393.569,-9.130,0
83.000,G20,259283.000,20769.000,21159.534,-390.534,-393.569,3.035,0
83.000,G22,259283.000,-3069.000,-2674.118,-394.882,-393.569,-1.313,0
83.000,G30,259283.000,430.000,822.829,-392.829,-393.569,0.740,0
84.000,E12,259284.000,12706.000,13097.505,-391.505,-392.959,1.455,0
84.000,E19,259284.000,11241.000,11636.159,-395.159,-392.959,-2.200,0
84.000,E21,259284.000,-16635.000,-16231.140,-403.860,-392.959,-10.901,0
84.000,E26,259284.000,-29278.000,-28883.160,-394.840,-392.959,-1.880,0
84.000,E33,259284.000,-13052.000,-12668.632,-383.368,-392.959,9.591,0
84.000,G02,259284.000,758.000,1144.120,-386.120,-392.959,6.840,0
84.000,G06,259284.000,10025.000,10413.438,-388.438,-392.959,4.521,0
84.000,G07,259284.000,5478.000,5870.959,-392.959,-392.959,0.000,0
84.000,G09,259284.000,27015.000,27414.029,-399.029,-392.959,-6.070,0
84.000,G11,259284.000,-7564.000,-7182.983,-381.017,-392.959,11.943,0
84.000,G13,259284.000,-10699.000,-10299.062,-399.938,-392.959,-6.978,0
84.000,G15,259284.000,-7213.000,-6810.278,-402.722,-392.959,-9.763,0
84.000,G20,259284.000,20730.000,21120.685,-390.685,-392.959,2.275,0
84.000,G22,259284.000,-3096.000,-2700.593,-395.407,-392.959,-2.448,0
84.000,G30,259284.000,396.000,788.066,-392.066,-392.959,0.893,0
85.000,E12,259285.000,12670.000,13061.784,-391.784,-392.341,0.557,0
85.000,E19,259285.000,11212.000,11607.466,-395.466,-392.341,-3.125,0
85.000,E21,259285.000,-16644.000,-16239.952,-404.048,-392.341,-11.707,0
85.000,E26,259285.000,-29306.000,-28911.150,-394.850,-392.341,-2.509,0
85.000,E33,259285.000,-13103.000,-12719.698,-383.302,-392.341,9.039,0
85.000,G02,259285.000,711.000,1096.140,-385.140,-392.341,7.200,0
85.000,G06,259285.000,9982.000,10370.489,-388.489,-392.341,3.851,0
85.000,G07,259285.000,5445.000,5837.341,-392.341,-392.341,0.000,0
85.000,G09,259285.000,26994.000,27392.849,-398.849,-392.341,-6.509,0
85.000,G11,259285.000,-7619.000,-7238.520,-380.480,-392.341,11.861,0
85.000,G13,259285.000,-10717.000,-10317.150,-399.850,-392.341,-7.509,0
85.000,G15,259285.000,-7225.000,-6822.254,-402.746,-392.341,-10.405,0
85.000,G20,259285.000,20692.000,21081.788,-389.788,-392.341,2.553,0
85.000,G22,259285.000,-3122.000,-2727.055,-394.945,-392.341,-2.605,0
85.000,G30,259285.000,361.000,753.303,-392.303,-392.341,0.038,0
86.000,E12,259286.000,12634.000,13026.034,-392.034,-392.713,0.680,0
86.000,E19,259286.000,11184.000,11578.753,-394.753,-392.713,-2.039,0
86.000,E21,259286.000,-16653.000,-16248.748,-404.252,-392.713,-11.539,0
86.000,E26,259286.000,-29334.000,-28939.088,-394.912,-392.713,-2.198,0
86.000,E33,259286.000,-13154.000,-12770.736,-383.264,-392.713,9.449,0
86.000,G02,259286.000,663.000,1048.152,-385.152,-392.713,7.561,0
86.000,G06,259286.000,9939.000,10327.512,-388.512,-392.713,4.201,0
86.000,G07,259286.000,5411.000,5803.713,-392.713,-392.713,0.000,0
86.000,G09,259286.000,26973.000,27371.633,-398.633,-392.713,-5.920,0
86.000,G11,259286.000,-7675.000,-7294.039,-380.961,-392.713,11.752,0
86.000,G13,259286.000,-10735.000,-10335.230,-399.770,-392.713,-7.057,0
86.000,G15,259286.000,-7237.000,-6834.229,-402.771,-392.713,-10.057,0
86.000,G20,259286.000,20653.000,21042.843,-389.843,-392.713,2.870,0
86.000,G22,259286.000,-3149.000,-2753.503,-395.497,-392.713,-2.783,0
86.000,G30,259286.000,326.000,718.539,-392.539,-392.713,0.174,0
87.000,E12,259287.000,12599.000,12990.254,-391.254,-393.077,1.823,0
87.000,E19,259287.000,11155.000,11550.020,-395.020,-393.077,-1.943,0
87.000,E21,259287.000,-16661.000,-16257.528,-403.472,-393.077,-10.395,0
87.000,E26,259287.000,-29362.000,-28966.975,-395.025,-393.077,-1.948,0
87.000,E33,259287.000,-13205.000,-12821.745,-383.255,-393.077,9.821,0
87.000,G02,259287.000,615.000,1000.156,-385.156,-393.077,7.920,0
87.000,G06,259287.000,9896.000,10284.505,-388.505,-393.077,4.571,0
87.000,G07,259287.000,5377.000,5770.077,-393.077,-393.077,0.000,0
87.000,G09,259287.000,26951.000,27350.382,-399.382,-393.077,-6.305,0
87.000,G11,259287.000,-7730.000,-7349.541,-380.459,-393.077,12.618,0
87.000,G13,259287.000,-10753.000,-10353.303,-399.697,-393.077,-6.620,0
87.000,G15,259287.000,-7249.000,-6846.204,-402.796,-393.077,-9.719,0
87.000,G20,259287.000,20614.000,21003.851,-389.851,-393.077,3.226,0
87.000,G22,259287.000,-3175.000,-2779.939,-395.061,-393.077,-1.984,0
87.000,G30,259287.000,292.000,683.774,-391.774,-393.077,1.303,0
88.000,E12,259288.000,12563.000,12954.445,-391.445,-393.431,1.986,0
88.000,E19,259288.000,11126.000,11521.266,-395.266,-393.431,-1.835,0
88.000,E21,259288.000,-16671.000,-16266.292,-404.708,-393.431,-11.277,0
88.000,E26,259288.000,-29390.000,-28994.810,-395.190,-393.431,-1.759,0
88.000,E33,259288.000,-13256.000,-12872.725,-383.275,-393.431,10.156,0
88.000,G02,259288.000,566.000,952.152,-386.152,-393.431,7.279,0
88.000,G06,259288.000,9853.000,10241.471,-388.471,-393.431,4.961,0
88.000,G07,259288.000,5343.000,5736.431,-393.431,-393.431,0.000,0
88.000,G09,259288.000,26930.000,27329.093,-399.093,-393.431,-5.662,0
88.000,G11,259288.000,-7786.000,-7405.026,-380.974,-393.431,12.457,0
88.000,G13,259288.000,-10771.000,-10371.368,-399.632,-393.431,-6.201,0
88.000,G15,259288.000,-7261.000,-6858.179,-402.821,-393.431,-9.390,0
88.000,G20,259288.000,20574.000,20964.812,-390.812,-393.431,2.619,0
88.000,G22,259288.000,-3202.000,-2806.362,-395.638,-393.431,-2.207,0
88.000,G30,259288.000,256.000,649.008,-393.008,-393.431,0.423,0
89.000,E12,259289.000,12527.000,12918.608,-391.608,-392.777,1.169,0
89.000,E19,259289.000,11097.000,11492.493,-395.493,-392.777,-2.717,0
89.000,E21,259289.000,-16679.000,-16275.039,-403.961,-392.777,-11.184,0
89.000,E26,259289.000,-29417.000,-29022.594,-394.406,-392.777,-1.630,0
89.000,E33,259289.000,-13307.000,-12923.676,-383.324,-392.777,9.453,0
89.000,G02,259289.000,518.000,904.139,-386.139,-392.777,6.638,0
89.000,G06,259289.000,9810.000,10198.407,-388.407,-392.777,4.370,0
89.000,G07,259289.000,5310.000,5702.777,-392.777,-392.777,0.000,0
89.000,G09,259289.000,26909.000,27307.769,-398.769,-392.777,-5.992,0
89.000,G11,259289.000,-7842.000,-7460.493,-381.507,-392.777,11.270,0
89.000,G13,259289.000,-10789.000,-10389.426,-399.574,-392.777,-6.797,0
89.000,G15,259289.000,-7273.000,-6870.153,-402.847,-392.777,-10.070,0
89.000,G20,259289.000,20535.000,20925.725,-390.725,-392.777,2.052,0
89.000,G22,259289.000,-3228.000,-2832.772,-395.228,-392.777,-2.451,0
89.000,G30,259289.000,222.000,614.242,-392.242,-392.777,0.535,0
90.000,E12,259290.000,12491.000,12882.741,-391.741,-393.114,1.373,0
90.000,E19,259290.000,11068.000,11463.701,-395.701,-393.114,-2.587,0
90.000,E21,259290.000,-16688.000,-16283.770,-404.230,-393.114,-11.116,0
90.000,E26,259290.000,-29445.000,-29050.325,-394.675,-393.114,-1.561,0
90.000,E33,259290.000,-13358.000,-12974.599,-383.401,-393.114,9.712,0
90.000,G02,259290.000,470.000,856.119,-386.119,-393.114,6.995,0
90.000,G06,259290.000,9767.000,10155.315,-388.315,-393.114,4.799,0
90.000,G07,259290.000,5276.000,5669.114,-393.114,-393.114,0.000,0
90.000,G09,259290.000,26887.000,27286.408,-399.408,-393.114,-6.295,0
90.000,G11,259290.000,-7897.000,-7515.943,-381.057,-393.114,12.057,0
90.000,G13,259290.000,-10807.000,-10407.476,-399.524,-393.114,-6.410,0
90.000,G15,259290.000,-7285.000,-6882.126,-402.874,-393.114,-9.760,0
90.000,G20,259290.000,20496.000,20886.591,-390.591,-393.114,2.522,0
90.000,G22,259290.000,-3255.000,-2859.169,-395.831,-393.114,-2.718,0
90.000,G30,259290.000,187.000,579.475,-392.475,-393.114,0.639,0
91.000,E12,259291.000,12455.000,12846.845,-391.845,-393.442,1.597,0
91.000,E19,259291.000,11039.000,11434.888,-395.888,-393.442,-2.446,0
91.000,E21,259291.000,-16697.000,-16292.485,-404.515,-393.442,-11.073,0
91.000,E26,259291.000,-29473.000,-29078.005,-394.995,-393.442,-1.553,0
91.000,E33,259291.000,-13409.000,-13025.492,-383.508,-393.442,9.934,0
91.000,G02,259291.000,422.000,808.090,-386.090,-393.442,7.352,0
91.000,G06,259291.000,9724.000,10112.195,-388.195,-393.442,5.247,0
91.000,G07,259291.000,5242.000,5635.442,-393.442,-393.442,0.000,0
91.000,G09,259291.000,26866.000,27265.012,-399.012,-393.442,-5.570,0
91.000,G11,259291.000,-7953.000,-7571.374,-381.626,-393.442,11.816,0
91.000,G13,259291.000,-10826.000,-10425.518,-400.482,-393.442,-7.040,0
91.000,G15,259291.000,-7297.000,-6894.099,-402.901,-393.442,-9.459,0
91.000,G20,259291.000,20457.000,20847.410,-390.410,-393.442,3.032,0
91.000,G22,259291.000,-3281.000,-2885.552,-395.448,-393.442,-2.006,0
91.000,G30,259291.000,152.000,544.707,-392.707,-393.442,0.735,0
92.000,E12,259292.000,12419.000,12810.920,-391.920,-392.939,1.019,0
92.000,E19,259292.000,11011.000,11406.056,-395.056,-392.939,-2.117,0
92.000,E21,259292.000,-16705.000,-16301.184,-403.816,-392.939,-10.877,0
92.000,E26,259292.000,-29501.000,-29105.634,-395.366,-392.939,-2.427,0
92.000,E33,259292.000,-13460.000,-13076.356,-383.644,-392.939,9.296,0
92.000,G02,259292.000,374.000,760.054,-386.054,-392.939,6.885,0
92.000,G06,259292.000,9681.000,10069.046,-388.046,-392.939,4.893,0
92.000,G07,259292.000,5209.000,5601.761,-392.761,-392.939,0.178,0
92.000,G09,259292.000,26844.000,27243.579,-399.579,-392.939,-6.640,0
92.000,G11,259292.000,-8008.000,-7626.788,-381.212,-392.939,11.727,0
92.000,G13,259292.000,-10843.000,-10443.553,-399.447,-392.939,-6.508,0
92.000,G15,259292.000,-7309.000,-6906.071,-402.929,-392.939,-9.990,0
92.000,G20,259292.000,20418.000,20808.182,-390.182,-392.939,2.757,0
92.000,G22,259292.000,-3307.000,-2911.922,-395.078,-392.939,-2.139,0
92.000,G30,259292.000,117.000,509.939,-392.939,-392.939,0.000,0
93.000,E12,259293.000,12383.000,12774.967,-391.967,-393.171,1.204,0
93.000,E19,259293.000,10982.000,11377.203,-395.203,-393.171,-2.033,0
93.000,E21,259293.000,-16714.000,-16309.866,-404.134,-393.171,-10.963,0
93.000,E26,259293.000,-29528.000,-29133.211,-394.789,-393.171,-1.619,0
93.000,E33,259293.000,-13511.000,-13127.192,-383.808,-393.171,9.362,0
93.000,G02,259293.000,326.000,712.010,-386.010,-393.171,7.161,0
93.000,G06,259293.000,9637.000,10025.870,-388.870,-393.171,4.301,0
93.000,G07,259293.000,5175.000,5568.072,-393.072,-393.171,0.098,0
93.000,G09,259293.000,26823.000,27222.110,-399.110,-393.171,-5.939,0
93.000,G11,259293.000,-8064.000,-7682.183,-381.817,-393.171,11.354,0
93.000,G13,259293.000,-10862.000,-10461.580,-400.420,-393.171,-7.249,0
93.000,G15,259293.000,-7321.000,-6918.042,-402.958,-393.171,-9.787,0
93.000,G20,259293.000,20378.000,20768.907,-390.907,-393.171,2.264,0
93.000,G22,259293.000,-3334.000,-2938.279,-395.721,-393.171,-2.550,0
93.000,G30,259293.000,82.000,475.171,-393.171,-393.171,0.000,0
94.000,E12,259294.000,12347.000,12738.984,-391.984,-393.402,1.417,0
94.000,E19,259294.000,10952.000,11348.332,-396.332,-393.402,-2.930,0
94.000,E21,259294.000,-16723.000,-16318.533,-404.467,-393.402,-11.066,0
94.000,E26,259294.000,-29556.000,-29160.736,-395.264,-393.402,-1.862,0
94.000,E33,259294.000,-13562.000,-13177.997,-384.003,-393.402,9.399,0
94.000,G02,259294.000,278.000,663.958,-385.958,-393.402,7.443,0
94.000,G06,259294.000,9594.000,9982.665,-388.665,-393.402,4.737,0
94.000,G07,259294.000,5141.000,5534.374,-393.374,-393.402,0.027,0
94.000,G09,259294.000,26801.000,27200.605,-399.605,-393.402,-6.203,0
94.000,G11,259294.000,-8119.000,-7737.561,-381.439,-393.402,11.962,0
94.000,G13,259294.000,-10880.000,-10479.600,-400.400,-393.402,-6.999,0
94.000,G15,259294.000,-7333.000,-6930.013,-402.987,-393.402,-9.585,0
94.000,G20,259294.000,20339.000,20729.584,-390.584,-393.402,2.817,0
94.000,G22,259294.000,-3361.000,-2964.623,-396.377,-393.402,-2.976,0
94.000,G30,259294.000,47.000,440.402,-393.402,-393.402,0.000,0
95.000,E12,259295.000,12311.000,12702.973,-391.973,-393.668,1.695,0
95.000,E19,259295.000,10924.000,11319.440,-395.440,-393.668,-1.772,0
95.000,E21,259295.000,-16732.000,-16327.183,-404.817,-393.668,-11.149,0
95.000,E26,259295.000,-29584.000,-29188.209,-395.791,-393.668,-2.122,0
95.000,E33,259295.000,-13613.000,-13228.774,-384.226,-393.668,9.442,0
95.000,G02,259295.000,230.000,615.900,-385.900,-393.668,7.768,0
95.000,G06,259295.000,9551.000,9939.432,-388.432,-393.668,5.236,0
95.000,G07,259295.000,5107.000,5500.668,-393.668,-393.668,0.000,0
95.000,G09,259295.000,26780.000,27179.063,-399.063,-393.668,-5.395,0
95.000,G11,259295.000,-8174.000,-7792.919,-381.081,-393.668,12.587,0
95.000,G13,259295.000,-10898.000,-10497.612,-400.388,-393.668,-6.720,0
95.000,G15,259295.000,-7345.000,-6941.984,-403.016,-393.668,-9.348,0
95.000,G20,259295.000,20300.000,20690.215,-390.215,-393.668,3.453,0
95.000,G22,259295.000,-3387.000,-2990.953,-396.047,-393.668,-2.379,0
95.000,G30,259295.000,13.000,405.632,-392.632,-393.668,1.036,0
96.000,E12,259296.000,12275.000,12666.933,-391.933,-392.953,1.020,0
96.000,E19,259296.000,10895.000,11290.529,-395.529,-392.953,-2.576,0
96.000,E21,259296.000,-16740.000,-16335.817,-404.183,-392.953,-11.230,0
96.000,E26,259296.000,-29611.000,-29215.631,-395.369,-392.953,-2.415,0
96.000,E33,259296.000,-13663.000,-13279.520,-383.480,-392.953,9.473,0
96.000,G02,259296.000,182.000,567.834,-385.834,-392.953,7.120,0
96.000,G06,259296.000,9508.000,9896.172,-388.172,-392.953,4.782,0
96.000,G07,259296.000,5074.000,5466.953,-392.953,-392.953,0.000,0
96.000,G09,259296.000,26758.000,27157.485,-399.485,-392.953,-6.532,0
96.000,G11,259296.000,-8230.000,-7848.259,-381.741,-392.953,11.212,0
96.000,G13,259296.000,-10916.000,-10515.616,-400.384,-392.953,-7.431,0
96.000,G15,259296.000,-7357.000,-6953.953,-403.047,-392.953,-10.093,0
96.000,G20,259296.000,20260.000,20650.799,-390.799,-392.953,2.155,0
96.000,G22,259296.000,-3413.000,-3017.270,-395.730,-392.953,-2.777,0
96.000,G30,259296.000,-21.000,370.863,-391.863,-392.953,1.090,0
97.000,E12,259297.000,12238.000,12630.864,-392.864,-393.230,0.366,0
97.000,E19,259297.000,10866.000,11261.598,-395.598,-393.230,-2.368,0
97.000,E21,259297.000,-16749.000,-16344.434,-404.566,-393.230,-11.336,0
97.000,E26,259297.000,-29639.000,-29243.002,-395.998,-393.230,-2.768,0
97.000,E33,259297.000,-13714.000,-13330.237,-383.763,-393.230,9.467,0
97.000,G02,259297.000,133.000,519.760,-386.760,-393.230,6.470,0
97.000,G06,259297.000,9464.000,9852.883,-388.883,-393.230,4.347,0
97.000,G07,259297.000,5040.000,5433.230,-393.230,-393.230,0.000,0
97.000,G09,259297.000,26736.000,27135.872,-399.872,-393.230,-6.642,0
97.000,G11,259297.000,-8285.000,-7903.581,-381.419,-393.230,11.811,0
97.000,G13,259297.000,-10934.000,-10533.613,-400.387,-393.230,-7.157,0
97.000,G15,259297.000,-7369.000,-6965.923,-403.077,-393.230,-9.847,0
97.000,G20,259297.000,20221.000,20611.335,-390.335,-393.230,2.895,0
97.000,G22,259297.000,-3440.000,-3043.573,-396.427,-393.230,-3.197,0
97.000,G30,259297.000,-56.000,336.093,-392.093,-393.230,1.137,0
98.000,E12,259298.000,12202.000,12594.767,-392.767,-393.498,0.731,0
98.000,E19,259298.000,10836.000,11232.648,-396.648,-393.498,-3.149,0
98.000,E21,259298.000,-16758.000,-16353.036,-404.964,-393.498,-11.466,0
98.000,E26,259298.000,-29666.000,-29270.320,-395.680,-393.498,-2.182,0
98.000,E33,259298.000,-13765.000,-13380.924,-384.076,-393.498,9.423,0
98.000,G02,259298.000,85.000,471.680,-386.680,-393.498,6.819,0
98.000,G06,259298.000,9421.000,9809.567,-388.567,-393.498,4.932,0
98.000,G07,259298.000,5006.000,5399.498,-393.498,-393.498,0.000,0
98.000,G09,259298.000,26714.000,27114.222,-400.222,-393.498,-6.723,0
98.000,G11,259298.000,-8341.000,-7958.883,-382.117,-393.498,11.381,0
98.000,G13,259298.000,-10952.000,-10551.601,-400.399,-393.498,-6.900,0
98.000,G15,259298.000,-7381.000,-6977.891,-403.109,-393.498,-9.611,0
98.000,G20,259298.000,20181.000,20571.825,-390.825,-393.498,2.673,0
98.000,G22,259298.000,-3466.000,-3069.863,-396.137,-393.498,-2.639,0
98.000,G30,259298.000,-91.000,301.323,-392.323,-393.498,1.175,0
99.000,E12,259299.000,12166.000,12558.641,-392.641,-393.758,1.117,0
99.000,E19,259299.000,10808.000,11203.678,-395.678,-393.758,-1.920,0
99.000,E21,259299.000,-16767.000,-16361.621,-405.379,-393.758,-11.620,0
99.000,E26,259299.000,-29693.000,-29297.587,-395.413,-393.758,-1.655,0
99.000,E33,259299.000,-13816.000,-13431.582,-384.418,-393.758,9.340,0
99.000,G02,259299.000,37.000,423.593,-386.593,-393.758,7.166,0
99.000,G06,259299.000,9377.000,9766.223,-389.223,-393.758,4.536,0
99.000,G07,259299.000,4972.000,5365.758,-393.758,-393.758,0.000,0
99.000,G09,259299.000,26693.000,27092.536,-399.536,-393.758,-5.777,0
99.000,G11,259299.000,-8396.000,-8014.166,-381.834,-393.758,11.925,0
99.000,G13,259299.000,-10970.000,-10569.583,-400.417,-393.758,-6.659,0
99.000,G15,259299.000,-7393.000,-6989.859,-403.141,-393.758,-9.383,0
99.000,G20,259299.000,20142.000,20532.268,-390.268,-393.758,3.490,0
99.000,G22,259299.000,-3492.000,-3096.139,-395.861,-393.758,-2.103,0
99.000,G30,259299.000,-126.000,266.553,-392.553,-393.758,1.205,0
100.000,E12,259300.000,12130.000,12522.487,-392.487,-394.010,1.523,0
100.000,E19,259300.000,10779.000,11174.689,-395.689,-394.010,-1.678,0
100.000,E21,259300.000,-16775.000,-16370.190,-404.810,-394.010,-10.799,0
100.000,E26,259300.000,-29720.000,-29324.802,-395.198,-394.010,-1.188,0
100.000,E33,259300.000,-13866.000,-13482.209,-383.791,-394.010,10.220,0
100.000,G02,259300.000,-10.000,375.499,-385.499,-394.010,8.512,0
100.000,G06,259300.000,9334.000,9722.852,-388.852,-394.010,5.159,0
100.000,G07,259300.000,4938.000,5332.010,-394.010,-394.010,0.000,0
100.000,G09,259300.000,26671.000,27070.813,-399.813,-394.010,-5.803,0
100.000,G11,259300.000,-8451.000,-8069.430,-381.570,-394.010,12.441,0
100.000,G13,259300.000,-10988.000,-10587.556,-400.444,-394.010,-6.434,0
100.000,G15,259300.000,-7405.000,-7001.826,-403.174,-394.010,-9.164,0
100.000,G20,259300.000,20102.000,20492.665,-390.665,-394.010,3.346,0
100.000,G22,259300.000,-3518.000,-3122.402,-395.598,-394.010,-1.588,0
100.000,G30,259300.000,-160.000,231.783,-391.783,-394.010,2.227,0
101.000,E12,259301.000,12094.000,12486.304,-392.304,-393.254,0.950,0
101.000,E19,259301.000,10750.000,11145.680,-395.680,-393.254,-2.426,0
101.000,E21,259301.000,-16784.000,-16378.743,-405.257,-393.254,-12.003,0
101.000,E26,259301.000,-29748.000,-29351.966,-396.034,-393.254,-2.780,0
101.000,E33,259301.000,-13917.000,-13532.806,-384.194,-393.254,9.060,0
101.000,G02,259301.000,-58.000,327.398,-385.398,-393.254,7.856,0
101.000,G06,259301.000,9291.000,9679.453,-388.453,-393.254,4.801,0
101.000,G07,259301.000,4905.000,5298.254,-393.254,-393.254,0.000,0
101.000,G09,259301.000,26649.000,27049.055,-400.055,-393.254,-6.801,0
101.000,G11,259301.000,-8507.000,-8124.675,-382.325,-393.254,10.929,0
101.000,G13,259301.000,-11006.000,-10605.522,-400.478,-393.254,-7.224,0
101.000,G15,259301.000,-7417.000,-7013.792,-403.208,-393.254,-9.954,0
101.000,G20,259301.000,20062.000,20453.014,-391.014,-393.254,2.240,0
101.000,G22,259301.000,-3545.000,-3148.651,-396.349,-393.254,-3.096,0
101.000,G30,259301.000,-195.000,197.013,-392.013,-393.254,1.241,0
102.000,E12,259302.000,12058.000,12450.093,-392.093,-393.489,1.396,0
102.000,E19,259302.000,10721.000,11116.652,-395.652,-393.489,-2.162,0
102.000,E21,259302.000,-16792.000,-16387.280,-404.720,-393.489,-11.231,0
102.000,E26,259302.000,-29775.000,-29379.077,-395.923,-393.489,-2.433,0
102.000,E33,259302.000,-13968.000,-13583.373,-384.627,-393.489,8.863,0
102.000,G02,259302.000,-106.000,279.290,-385.290,-393.489,8.199,0
102.000,G06,259302.000,9247.000,9636.026,-389.026,-393.489,4.463,0
102.000,G07,259302.000,4871.000,5264.489,-393.489,-393.489,0.000,0
102.000,G09,259302.000,26628.000,27027.260,-399.260,-393.489,-5.771,0
102.000,G11,259302.000,-8562.000,-8179.901,-382.099,-393.489,11.390,0
102.000,G13,259302.000,-11024.000,-10623.480,-400.520,-393.489,-7.031,0
102.000,G15,259302.000,-7429.000,-7025.758,-403.242,-393.489,-9.752,0
102.000,G20,259302.000,20023.000,20413.317,-390.317,-393.489,3.172,0
102.000,G22,259302.000,-3571.000,-3174.886,-396.114,-393.489,-2.625,0
102.000,G30,259302.000,-230.000,162.243,-392.243,-393.489,1.246,0
103.000,E12,259303.000,12021.000,12413.854,-392.854,-393.717,0.863,0
103.000,E19,259303.000,10692.000,11087.604,-395.604,-393.717,-1.887,0
103.000,E21,259303.000,-16801.000,-16395.800,-405.200,-393.717,-11.483,0
103.000,E26,259303.000,-29802.000,-29406.138,-395.862,-393.717,-2.146,0
103.000,E33,259303.000,-14018.000,-13633.910,-384.090,-393.717,9.627,0
103.000,G02,259303.000,-154.000,231.177,-385.177,-393.717,8.540,0
103.000,G06,259303.000,9204.000,9592.573,-388.573,-393.717,5.144,0
103.000,G07,259303.000,4837.000,5230.717,-393.717,-393.717,0.000,0
103.000,G09,259303.000,26606.000,27005.429,-399.429,-393.717,-5.712,0
103.000,G11,259303.000,-8617.000,-8235.106,-381.894,-393.717,11.823,0
103.000,G13,259303.000,-11042.000,-10641.430,-400.570,-393.717,-6.853,0
103.000,G15,259303.000,-7441.000,-7037.723,-403.277,-393.717,-9.560,0
103.000,G20,259303.000,19983.000,20373.574,-390.574,-393.717,3.143,0
103.000,G22,259303.000,-3597.000,-3201.107,-395.893,-393.717,-2.176,0
103.000,G30,259303.000,-265.000,127.473,-392.473,-393.717,1.243,0
104.000,E12,259304.000,11985.000,12377.586,-392.586,-393.936,1.350,0
104.000,E19,259304.000,10662.000,11058.537,-396.537,-393.936,-2.601,0
104.000,E21,259304.000,-16809.000,-16404.305,-404.695,-393.936,-10.759,0
104.000,E26,259304.000,-29829.000,-29433.146,-395.854,-393.936,-1.918,0
104.000,E33,259304.000,-14069.000,-13684.417,-384.583,-393.936,9.353,0
104.000,G02,259304.000,-202.000,183.056,-385.056,-393.936,8.880,0
104.000,G06,259304.000,9160.000,9549.092,-389.092,-393.936,4.844,0
104.000,G07,259304.000,4803.000,5196.936,-393.936,-393.936,0.000,0
104.000,G09,259304.000,26584.000,26983.562,-399.562,-393.936,-5.626,0
104.000,G11,259304.000,-8672.000,-8290.293,-381.707,-393.936,12.229,0
104.000,G13,259304.000,-11060.000,-10659.372,-400.628,-393.936,-6.692,0
104.000,G15,259304.000,-7453.000,-7049.688,-403.312,-393.936,-9.376,0
104.000,G20,259304.000,19943.000,20333.784,-390.784,-393.936,3.152,0
104.000,G22,259304.000,-3624.000,-3227.315,-396.685,-393.936,-2.749,0
104.000,G30,259304.000,-300.000,92.704,-392.704,-393.936,1.232,0
105.000,E12,259305.000,11949.000,12341.291,-392.291,-394.147,1.857,0
105.000,E19,259305.000,10633.000,11029.451,-396.451,-394.147,-2.303,0
105.000,E21,259305.000,-16818.000,-16412.793,-405.207,-394.147,-11.060,0
105.000,E26,259305.000,-29856.000,-29460.103,-395.897,-394.147,-1.750,0
105.000,E33,259305.000,-14119.000,-13734.892,-384.108,-394.147,10.040,0
105.000,G02,259305.000,-251.000,134.930,-385.930,-394.147,8.217,0
105.000,G06,259305.000,9117.000,9505.585,-388.585,-394.147,5.563,0
105.000,G07,259305.000,4769.000,5163.147,-394.147,-394.147,0.000,0
105.000,G09,259305.000,26562.000,26961.659,-399.659,-394.147,-5.511,0
105.000,G11,259305.000,-8728.000,-8345.459,-382.541,-394.147,11.606,0
105.000,G13,259305.000,-11078.000,-10677.307,-400.693,-394.147,-6.546,0
105.000,G15,259305.000,-7465.000,-7061.652,-403.348,-394.147,-9.201,0
105.000,G20,259305.000,19903.000,20293.947,-390.947,-394.147,3.200,0
105.000,G22,259305.000,-3650.000,-3253.509,-396.491,-394.147,-2.344,0
105.000,G30,259305.000,-335.000,57.934,-392.934,-394.147,1.213,0
106.000,E12,259306.000,11912.000,12304.967,-392.967,-394.351,1.384,0
106.000,E19,259306.000,10604.000,11000.345,-396.345,-394.351,-1.994,0
106.000,E21,259306.000,-16826.000,-16421.265,-404.735,-394.351,-10.384,0
106.000,E26,259306.000,-29883.000,-29487.007,-395.993,-394.351,-1.642,0
106.000,E33,259306.000,-14170.000,-13785.337,-384.663,-394.351,9.688,0
106.000,G02,259306.000,-299.000,86.798,-385.798,-394.351,8.553,0
106.000,G06,259306.000,9073.000,9462.050,-389.050,-394.351,5.301,0
106.000,G07,259306.000,4735.000,5129.351,-394.351,-394.351,0.000,0
106.000,G09,259306.000,26540.000,26939.719,-399.719,-394.351,-5.368,0
106.000,G11,259306.000,-8783.000,-8400.605,-382.395,-394.351,11.955,0
106.000,G13,259306.000,-11096.000,-10695.233,-400.767,-394.351,-6.416,0
106.000,G15,259306.000,-7477.000,-7073.615,-403.385,-394.351,-9.035,0
106.000,G20,259306.000,19863.000,20254.064,-391.064,-394.351,3.287,0
106.000,G22,259306.000,-3676.000,-3279.689,-396.311,-394.351,-1.960,0
106.000,G30,259306.000,-369.000,23.165,-392.165,-394.351,2.185,0
107.000,E12,259307.000,11876.000,12268.615,-392.615,-394.546,1.931,0
107.000,E19,259307.000,10575.000,10971.220,-396.220,-394.546,-1.674,0
107.000,E21,259307.000,-16835.000,-16429.721,-405.279,-394.546,-10.733,0
107.000,E26,259307.000,-29910.000,-29513.861,-396.139,-394.546,-1.593,0
107.000,E33,259307.000,-14221.000,-13835.752,-385.248,-394.546,9.298,0
107.000,G02,259307.000,-347.000,38.659,-385.659,-394.546,8.887,0
107.000,G06,259307.000,9029.000,9418.488,-389.488,-394.546,5.058,0
107.000,G07,259307.000,4701.000,5095.546,-394.546,-394.546,0.000,0
107.000,G09,259307.000,26518.000,26917.743,-399.743,-394.546,-5.197,0
107.000,G11,259307.000,-8838.000,-8455.730,-382.270,-394.546,12.277,0
107.000,G13,259307.000,-11114.000,-10713.152,-400.848,-394.546,-6.302,0
107.000,G15,259307.000,-7489.000,-7085.577,-403.423,-394.546,-8.877,0
107.000,G20,259307.000,19823.000,20214.134,-391.134,-394.546,3.412,0
107.000,G22,259307.000,-3702.000,-3305.856,-396.144,-394.546,-1.598,0
107.000,G30,259307.000,-404.000,-11.603,-392.397,-394.546,2.149,0
108.000,E12,259308.000,11839.000,12232.235,-393.235,-393.734,0.499,0
108.000,E19,259308.000,10546.000,10942.076,-396.076,-393.734,-2.342,0
108.000,E21,259308.000,-16844.000,-16438.161,-405.839,-393.734,-12.106,0
108.000,E26,259308.000,-29937.000,-29540.662,-396.338,-393.734,-2.604,0
108.000,E33,259308.000,-14271.000,-13886.135,-384.865,-393.734,8.869,0
108.000,G02,259308.000,-395.000,-9.485,-385.515,-393.734,8.219,0
108.000,G06,259308.000,8986.000,9374.900,-388.900,-393.734,4.834,0
108.000,G07,259308.000,4668.000,5061.734,-393.734,-393.734,0.000,0
108.000,G09,259308.000,26496.000,26895.731,-399.731,-393.734,-5.998,0
108.000,G11,259308.000,-8893.000,-8510.836,-382.164,-393.734,11.570,0
108.000,G13,259308.000,-11132.000,-10731.063,-400.937,-393.734,-7.203,0
108.000,G15,259308.000,-7501.000,-7097.538,-403.462,-393.734,-9.728,0
108.000,G20,259308.000,19783.000,20174.159,-391.159,-393.734,2.575,0
108.000,G22,259308.000,-3729.000,-3332.008,-396.992,-393.734,-3.259,0
108.000,G30,259308.000,-439.000,-46.372,-392.628,-393.734,1.105,0
109.000,E12,259309.000,11803.000,12195.827,-392.827,-393.914,1.086,0
109.000,E19,259309.000,10517.000,10912.913,-395.913,-393.914,-1.999,0
109.000,E21,259309.000,-16852.000,-16446.584,-405.416,-393.914,-11.502,0
109.000,E26,259309.000,-29964.000,-29567.412,-396.588,-393.914,-2.674,0
109.000,E33,259309.000,-14321.000,-13936.488,-384.512,-393.914,9.401,0
109.000,G02,259309.000,-443.000,-57.635,-385.365,-393.914,8.548,0
109.000,G06,259309.000,8942.000,9331.284,-389.284,-393.914,4.629,0
109.000,G07,259309.000,4634.000,5027.914,-393.914,-393.914,0.000,0
109.000,G09,259309.000,26474.000,26873.683,-399.683,-393.914,-5.770,0
109.000,G11,259309.000,-8948.000,-8565.921,-382.079,-393.914,11.835,0
109.000,G13,259309.000,-11150.000,-10748.967,-401.033,-393.914,-7.120,0
109.000,G15,259309.000,-7513.000,-7109.499,-403.501,-393.914,-9.587,0
109.000,G20,259309.000,19743.000,20134.136,-391.136,-393.914,2.777,0
109.000,G22,259309.000,-3755.000,-3358.146,-396.854,-393.914,-2.941,0
109.000,G30,259309.000,-474.000,-81.139,-392.861,-393.914,1.053,0
110.000,E12,259310.000,11767.000,12159.391,-392.391,-394.086,1.694,0
110.000,E19,259310.000,10487.000,10883.730,-396.730,-394.086,-2.645,0
110.000,E21,259310.000,-16860.000,-16454.991,-405.009,-394.086,-10.923,0
110.000,E26,259310.000,-29990.000,-29594.110,-395.890,-394.086,-1.804,0
110.000,E33,259310.000,-14371.000,-13986.809,-384.191,-394.086,9.895,0
110.000,G02,259310.000,-492.000,-105.791,-386.209,-394.086,7.876,0
110.000,G06,259310.000,8899.000,9287.643,-388.643,-394.086,5.443,0
110.000,G07,259310.000,4600.000,4994.086,-394.086,-394.086,0.000,0
110.000,G09,259310.000,26452.000,26851.599,-399.599,-394.086,-5.514,0
110.000,G11,259310.000,-9003.000,-8620.985,-382.015,-394.086,12.071,0
110.000,G13,259310.000,-11168.000,-10766.862,-401.138,-394.086,-7.052,0
110.000,G15,259310.000,-7525.000,-7121.460,-403.540,-394.086,-9.455,0
110.000,G20,259310.000,19703.000,20094.068,-391.068,-394.086,3.018,0
110.000,G22,259310.000,-3781.000,-3384.270,-396.730,-394.086,-2.644,0
110.000,G30,259310.000,-508.000,-115.906,-392.094,-394.086,1.992,0
111.000,E12,259311.000,11730.000,12122.928,-392.928,-394.250,1.322,0
111.000,E19,259311.000,10458.000,10854.529,-396.529,-394.250,-2.279,0
111.000,E21,259311.000,-16869.000,-16463.383,-405.617,-394.250,-11.367,0
111.000,E26,259311.000,-30017.000,-29620.757,-396.243,-394.250,-1.993,0
111.000,E33,259311.000,-14422.000,-14037.100,-384.900,-394.250,9.350,0
111.000,G02,259311.000,-540.000,-153.952,-386.048,-394.250,8.202,0
111.000,G06,259311.000,8855.000,9243.974,-388.974,-394.250,5.276,0
111.000,G07,259311.000,4566.000,4960.250,-394.250,-394.250,0.000,0
111.000,G09,259311.000,26430.000,26829.479,-399.479,-394.250,-5.229,0
111.000,G11,259311.000,-9058.000,-8676.029,-381.971,-394.250,12.279,0
111.000,G13,259311.000,-11186.000,-10784.749,-401.251,-394.250,-7.001,0
111.000,G15,259311.000,-7537.000,-7133.419,-403.581,-394.250,-9.331,0
111.000,G20,259311.000,19663.000,20053.954,-390.954,-394.250,3.296,0
111.000,G22,259311.000,-3807.000,-3410.380,-396.620,-394.250,-2.370,0
111.000,G30,259311.000,-543.000,-150.673,-392.327,-394.250,1.923,0
112.000,E12,259312.000,11694.000,12086.437,-392.437,-393.407,0.970,0
112.000,E19,259312.000,10429.000,10825.308,-396.308,-393.407,-2.901,0
112.000,E21,259312.000,-16877.000,-16471.758,-405.242,-393.407,-11.835,0
112.000,E26,259312.000,-30044.000,-29647.351,-396.649,-393.407,-3.242,0
112.000,E33,259312.000,-14472.000,-14087.359,-384.641,-393.407,8.766,0
112.000,G02,259312.000,-588.000,-202.118,-385.882,-393.407,7.525,0
112.000,G06,259312.000,8811.000,9200.280,-389.280,-393.407,4.127,0
112.000,G07,259312.000,4533.000,4926.407,-393.407,-393.407,0.000,0
112.000,G09,259312.000,26408.000,26807.322,-399.322,-393.407,-5.915,0
112.000,G11,259312.000,-9113.000,-8731.052,-381.948,-393.407,11.458,0
112.000,G13,259312.000,-11203.000,-10802.629,-400.371,-393.407,-6.964,0
112.000,G15,259312.000,-7549.000,-7145.378,-403.622,-393.407,-10.216,0
112.000,G20,259312.000,19623.000,20013.793,-390.793,-393.407,2.614,0
112.000,G22,259312.000,-3833.000,-3436.476,-396.524,-393.407,-3.117,0
112.000,G30,259312.000,-578.000,-185.439,-392.561,-393.407,0.846,0
113.000,E12,259313.000,11657.000,12049.918,-392.918,-394.556,1.639,0
113.000,E19,259313.000,10399.000,10796.068,-397.068,-394.556,-2.512,0
113.000,E21,259313.000,-16886.000,-16480.117,-405.883,-394.556,-11.327,0
113.000,E26,259313.000,-30071.000,-29673.894,-397.106,-394.556,-2.550,0
113.000,E33,259313.000,-14523.000,-14137.587,-385.413,-394.556,9.143,0
113.000,G02,259313.000,-636.000,-250.290,-385.710,-394.556,8.846,0
113.000,G06,259313.000,8767.000,9156.558,-389.558,-394.556,4.998,0
113.000,G07,259313.000,4498.000,4892.556,-394.556,-394.556,0.000,0
113.000,G09,259313.000,26385.000,26785.129,-400.129,-394.556,-5.573,0
113.000,G11,259313.000,-9169.000,-8786.053,-382.947,-394.556,11.609,0
113.000,G13,259313.000,-11222.000,-10820.500,-401.500,-394.556,-6.944,0
113.000,G15,259313.000,-7561.000,-7157.335,-403.665,-394.556,-9.109,0
113.000,G20,259313.000,19582.000,19973.586,-391.586,-394.556,2.970,0
113.000,G22,259313.000,-3859.000,-3462.558,-396.442,-394.556,-1.886,0
113.000,G30,259313.000,-613.000,-220.204,-392.796,-394.556,1.760,0
114.000,E12,259314.000,11621.000,12013.371,-392.371,-394.698,2.327,0
114.000,E19,259314.000,10370.000,10766.809,-396.809,-394.698,-2.112,0
114.000,E21,259314.000,-16894.000,-16488.460,-405.540,-394.698,-10.843,0
114.000,E26,259314.000,-30097.000,-29700.385,-396.615,-394.698,-1.917,0
114.000,E33,259314.000,-14573.000,-14187.783,-385.217,-394.698,9.481,0
114.000,G02,259314.000,-685.000,-298.467,-386.533,-394.698,8.165,0
114.000,G06,259314.000,8724.000,9112.811,-388.811,-394.698,5.887,0
114.000,G07,259314.000,4464.000,4858.698,-394.698,-394.698,0.000,0
114.000,G09,259314.000,26363.000,26762.900,-399.900,-394.698,-5.203,0
114.000,G11,259314.000,-9224.000,-8841.034,-382.966,-394.698,11.732,0
114.000,G13,259314.000,-11240.000,-10838.364,-401.636,-394.698,-6.938,0
114.000,G15,259314.000,-7573.000,-7169.293,-403.707,-394.698,-9.010,0
114.000,G20,259314.000,19542.000,19933.334,-391.334,-394.698,3.364,0
114.000,G22,259314.000,-3885.000,-3488.626,-396.374,-394.698,-1.677,0
114.000,G30,259314.000,-648.000,-254.969,-393.031,-394.698,1.667,0
115.000,E12,259315.000,11585.000,11976.797,-391.797,-393.832,2.035,0
115.000,E19,259315.000,10342.000,10737.532,-395.532,-393.832,-1.700,0
115.000,E21,259315.000,-16902.000,-16496.786,-405.214,-393.832,-11.382,0
115.000,E26,259315.000,-30123.000,-29726.825,-396.175,-393.832,-2.343,0
115.000,E33,259315.000,-14622.000,-14237.948,-384.052,-393.832,9.780,0
115.000,G02,259315.000,-732.000,-346.649,-385.351,-393.832,8.481,0
115.000,G06,259315.000,8680.000,9069.037,-389.037,-393.832,4.795,0
115.000,G07,259315.000,4431.000,4824.832,-393.832,-393.832,0.000,0
115.000,G09,259315.000,26341.000,26740.635,-399.635,-393.832,-5.803,0
115.000,G11,259315.000,-9278.000,-8895.993,-382.007,-393.832,11.825,0
115.000,G13,259315.000,-11257.000,-10856.219,-400.781,-393.832,-6.948,0
115.000,G15,259315.000,-7585.000,-7181.249,-403.751,-393.832,-9.919,0
115.000,G20,259315.000,19503.000,19893.035,-390.035,-393.832,3.797,0
115.000,G22,259315.000,-3911.000,-3514.679,-396.321,-393.832,-2.489,0
115.000,G30,259315.000,-682.000,-289.732,-392.268,-393.832,1.565,0
116.000,E12,259316.000,11548.000,11940.195,-392.195,-393.959,1.764,0
116.000,E19,259316.000,10312.000,10708.235,-396.235,-393.959,-2.276,0
116.000,E21,259316.000,-16910.000,-16505.097,-404.903,-393.959,-10.944,0
116.000,E26,259316.000,-30150.000,-29753.212,-396.788,-393.959,-2.829,0
116.000,E33,259316.000,-14673.000,-14288.081,-384.919,-393.959,9.040,0
116.000,G02,259316.000,-780.000,-394.835,-385.165,-393.959,8.794,0
116.000,G06,259316.000,8637.000,9025.238,-388.238,-393.959,5.721,0
116.000,G07,259316.000,4397.000,4790.959,-393.959,-393.959,0.000,0
116.000,G09,259316.000,26319.000,26718.334,-399.334,-393.959,-5.375,0
116.000,G11,259316.000,-9333.000,-8950.930,-382.070,-393.959,11.889,0
116.000,G13,259316.000,-11275.000,-10874.067,-400.933,-393.959,-6.974,0
116.000,G15,259316.000,-7597.000,-7193.204,-403.796,-393.959,-9.837,0
116.000,G20,259316.000,19462.000,19852.690,-390.690,-393.959,3.269,0
116.000,G22,259316.000,-3937.000,-3540.718,-396.282,-393.959,-2.323,0
116.000,G30,259316.000,-717.000,-324.495,-392.505,-393.959,1.454,0
117.000,E12,259317.000,11511.000,11903.566,-392.566,-394.078,1.512,0
117.000,E19,259317.000,10283.000,10678.919,-395.919,-394.078,-1.841,0
117.000,E21,259317.000,-16919.000,-16513.391,-405.609,-394.078,-11.530,0
117.000,E26,259317.000,-30176.000,-29779.548,-396.452,-394.078,-2.373,0
117.000,E33,259317.000,-14723.000,-14338.182,-384.818,-394.078,9.260,0
117.000,G02,259317.000,-829.000,-443.027,-385.973,-394.078,8.105,0
117.000,G06,259317.000,8593.000,8981.412,-388.412,-394.078,5.666,0
117.000,G07,259317.000,4363.000,4757.078,-394.078,-394.078,0.000,0
117.000,G09,259317.000,26296.000,26695.996,-399.996,-394.078,-5.918,0
117.000,G11,259317.000,-9388.000,-9005.846,-382.154,-394.078,11.925,0
117.000,G13,259317.000,-11293.000,-10891.907,-401.093,-394.078,-7.015,0
117.000,G15,259317.000,-7609.000,-7205.159,-403.841,-394.078,-9.763,0
117.000,G20,259317.000,19422.000,19812.300,-390.300,-394.078,3.778,0
117.000,G22,259317.000,-3963.000,-3566.743,-396.257,-394.078,-2.179,0
117.000,G30,259317.000,-752.000,-359.257,-392.743,-394.078,1.336,0
118.000,E12,259318.000,11474.000,11866.910,-392.910,-394.191,1.281,0
118.000,E19,259318.000,10253.000,10649.585,-396.585,-394.191,-2.394,0
118.000,E21,259318.000,-16927.000,-16521.669,-405.331,-394.191,-11.140,0
118.000,E26,259318.000,-30203.000,-29805.832,-397.168,-394.191,-2.977,0
118.000,E33,259318.000,-14773.000,-14388.251,-384.749,-394.191,9.442,0
118.000,G02,259318.000,-877.000,-491.223,-385.777,-394.191,8.414,0
118.000,G06,259318.000,8549.000,8937.561,-388.561,-394.191,5.630,0
118.000,G07,259318.000,4329.000,4723.191,-394.191,-394.191,0.000,0
118.000,G09,259318.000,26274.000,26673.622,-399.622,-394.191,-5.432,0
118.000,G11,259318.000,-9443.000,-9060.741,-382.259,-394.191,11.931,0
118.000,G13,259318.000,-11311.000,-10909.739,-401.261,-394.191,-7.071,0
118.000,G15,259318.000,-7621.000,-7217.113,-403.887,-394.191,-9.696,0
118.000,G20,259318.000,19381.000,19771.864,-390.864,-394.191,3.327,0
118.000,G22,259318.000,-3989.000,-3592.753,-396.247,-394.191,-2.056,0
118.000,G30,259318.000,-787.000,-394.018,-392.982,-394.191,1.209,0
119.000,E12,259319.000,11438.000,11830.226,-392.226,-393.296,1.070,0
119.000,E19,259319.000,10224.000,10620.232,-396.232,-393.296,-2.936,0
119.000,E21,259319.000,-16935.000,-16529.932,-405.068,-393.296,-11.773,0
119.000,E26,259319.000,-30228.000,-29832.065,-395.935,-393.296,-2.640,0
119.000,E33,259319.000,-14823.000,-14438.289,-384.711,-393.296,8.584,0
119.000,G02,259319.000,-925.000,-539.424,-385.576,-393.296,7.720,0
119.000,G06,259319.000,8505.000,8893.684,-388.684,-393.296,4.612,0
119.000,G07,259319.000,4296.000,4689.296,-393.296,-393.296,0.000,0
119.000,G09,259319.000,26252.000,26651.213,-399.213,-393.296,-5.917,0
119.000,G11,259319.000,-9498.000,-9115.613,-382.387,-393.296,10.908,0
119.000,G13,259319.000,-11328.000,-10927.562,-400.438,-393.296,-7.142,0
119.000,G15,259319.000,-7633.000,-7229.066,-403.934,-393.296,-10.638,0
119.000,G20,259319.000,19341.000,19731.382,-390.382,-393.296,2.914,0
119.000,G22,259319.000,-4015.000,-3618.749,-396.251,-393.296,-2.956,0
119.000,G30,259319.000,-821.000,-428.778,-392.222,-393.296,1.073,0
120.000,E04,259320.000,-16344.000,-15938.740,-405.260,-394.627,-10.633,0
120.000,E12,259320.000,11401.000,11793.515,-392.515,-394.627,2.112,0
120.000,E19,259320.000,10195.000,10590.860,-395.860,-394.627,-1.233,0
120.000,E21,259320.000,-16943.000,-16538.178,-404.822,-394.627,-10.196,0
120.000,E26,259320.000,-30255.000,-29858.245,-396.755,-394.627,-2.128,0
120.000,E33,259320.000,-14873.000,-14488.294,-384.706,-394.627,9.920,0
120.000,G02,259320.000,-973.000,-587.629,-385.371,-394.627,9.256,0
120.000,G06,259320.000,8461.000,8849.781,-388.781,-394.627,5.846,0
120.000,G07,259320.000,4262.000,4655.393,-393.393,-394.627,1.233,0
120.000,G09,259320.000,26229.000,26628.766,-399.766,-394.627,-5.140,0
120.000,G11,259320.000,-9553.000,-9170.463,-382.537,-394.627,12.089,0
120.000,G13,259320.000,-11346.000,-10945.378,-400.622,-394.627,-5.996,0
120.000,G15,259320.000,-7645.000,-7241.018,-403.982,-394.627,-9.355,0
120.000,G20,259320.000,19300.000,19690.854,-390.854,-394.627,3.772,0
120.000,G22,259320.000,-4041.000,-3644.730,-396.270,-394.627,-1.644,0
120.000,G30,259320.000,-856.000,-463.536,-392.464,-394.627,2.163,0
121.000,E04,259321.000,-16353.000,-15947.029,-405.971,-394.894,-11.077,0
121.000,E12,259321.000,11364.000,11756.776,-392.776,-394.894,2.117,0
121.000,E19,259321.000,10165.000,10561.469,-396.469,-394.894,-1.575,0
121.000,E21,259321.000,-16952.000,-16546.408,-405.592,-394.894,-10.699,0
121.000,E26,259321.000,-30281.000,-29884.374,-396.626,-394.894,-1.732,0
121.000,E33,259321.000,-14923.000,-14538.267,-384.733,-394.894,10.161,0
121.000,G02,259321.000,-1022.000,-635.838,-386.162,-394.894,8.732,0
121.000,G06,259321.000,8417.000,8805.852,-388.852,-394.894,6.042,0
121.000,G07,259321.000,4228.000,4621.484,-393.484,-394.894,1.410,0
121.000,G09,259321.000,26207.000,26606.284,-399.284,-394.894,-4.391,0
121.000,G11,259321.000,-9608.000,-9225.291,-382.709,-394.894,12.185,0
121.000,G13,259321.000,-11364.000,-10963.185,-400.815,-394.894,-5.921,0
121.000,G15,259321.000,-7657.000,-7252.970,-404.030,-394.894,-9.137,0
121.000,G20,259321.000,19260.000,19650.281,-390.281,-394.894,4.613,0
121.000,G22,259321.000,-4067.000,-3670.697,-396.303,-394.894,-1.410,0
121.000,G30,259321.000,-891.000,-498.294,-392.706,-394.894,2.187,0
122.000,E04,259322.000,-16361.000,-15955.307,-405.693,-395.313,-10.379,0
122.000,E12,259322.000,11327.000,11720.011,-393.011,-395.313,2.302,0
122.000,E19,259322.000,10136.000,10532.059,-396.059,-395.313,-0.746,0
122.000,E21,259322.000,-16960.000,-16554.622,-405.378,-395.313,-10.065,0
122.000,E26,259322.000,-30307.000,-29910.451,-396.549,-395.313,-1.235,0
122.000,E33,259322.000,-14973.000,-14588.208,-384.792,-395.313,10.521,0
122.000,G02,259322.000,-1070.000,-684.052,-385.948,-395.313,9.366,0
122.000,G06,259322.000,8373.000,8761.898,-388.898,-395.313,6.415,0
122.000,G07,259322.000,4193.000,4587.568,-394.568,-395.313,0.746,0
122.000,G09,259322.000,26184.000,26583.766,-399.766,-395.313,-4.452,0
122.000,G11,259322.000,-9663.000,-9280.097,-382.903,-395.313,12.410,0
122.000,G13,259322.000,-11382.000,-10980.985,-401.015,-395.313,-5.702,0
122.000,G15,259322.000,-7669.000,-7264.920,-404.080,-395.313,-8.766,0
122.000,G20,259322.000,19219.000,19609.662,-390.662,-395.313,4.651,0
122.000,G22,259322.000,-4093.000,-3696.649,-396.351,-395.313,-1.038,0
122.000,G30,259322.000,-926.000,-533.050,-392.950,-395.313,2.363,0
123.000,E04,259323.000,-16370.000,-15963.575,-406.425,-395.638,-10.787,0
123.000,E12,259323.000,11290.000,11683.219,-393.219,-395.638,2.419,0
123.000,E19,259323.000,10106.000,10502.631,-396.631,-395.638,-0.993,0
123.000,E21,259323.000,-16969.000,-16562.819,-406.181,-395.638,-10.543,0
123.000,E26,259323.000,-30334.000,-29936.477,-397.523,-395.638,-1.886,0
123.000,E33,259323.000,-15023.000,-14638.116,-384.884,-395.638,10.754,0
123.000,G02,259323.000,-1118.000,-732.270,-385.730,-395.638,9.907,0
123.000,G06,259323.000,8329.000,8717.919,-388.919,-395.638,6.719,0
123.000,G07,259323.000,4159.000,4553.644,-394.644,-395.638,0.993,0
123.000,G09,259323.000,26161.000,26561.211,-400.211,-395.638,-4.574,0
123.000,G11,259323.000,-9718.000,-9334.880,-383.120,-395.638,12.517,0
123.000,G13,259323.000,-11400.000,-10998.776,-401.224,-395.638,-5.586,0
123.000,G15,259323.000,-7681.000,-7276.870,-404.130,-395.638,-8.492,0
123.000,G20,259323.000,19178.000,19568.998,-390.998,-395.638,4.639,0
123.000,G22,259323.000,-4120.000,-3722.587,-397.413,-395.638,-1.776,0
123.000,G30,259323.000,-961.000,-567.805,-393.195,-395.638,2.442,0
124.000,E04,259324.000,-16378.000,-15971.833,-406.167,-395.449,-10.718,0
124.000,E12,259324.000,11254.000,11646.399,-392.399,-395.449,3.050,0
124.000,E19,259324.000,10077.000,10473.184,-396.184,-395.449,-0.735,0
124.000,E21,259324.000,-16977.000,-16571.001,-405.999,-395.449,-10.550,0
124.000,E26,259324.000,-30360.000,-29962.451,-397.549,-395.449,-2.101,0
124.000,E33,259324.000,-15073.000,-14687.992,-385.008,-395.449,10.441,0
124.000,G02,259324.000,-1167.000,-780.491,-386.509,-395.449,8.940,0
124.000,G06,259324.000,8285.000,8673.914,-388.914,-395.449,6.535,0
124.000,G07,259324.000,4125.000,4519.714,-394.714,-395.449,0.735,0
124.000,G09,259324.000,26139.000,26538.620,-399.620,-395.449,-4.172,0
124.000,G11,259324.000,-9773.000,-9389.640,-383.360,-395.449,12.089,0
124.000,G13,259324.000,-11418.000,-11016.559,-401.441,-395.449,-5.992,0
124.000,G15,259324.000,-7693.000,-7288.819,-404.181,-395.449,-8.732,0
124.000,G20,259324.000,19137.000,19528.288,-391.288,-395.449,4.160,0
124.000,G22,259324.000,-4146.000,-3748.509,-397.491,-395.449,-2.042,0
124.000,G30,259324.000,-996.000,-602.558,-393.442,-395.449,2.007,0
125.000,E04,259325.000,-16386.000,-15980.081,-405.919,-394.747,-11.171,0
125.000,E12,259325.000,11217.000,11609.553,-392.553,-394.747,2.195,0
125.000,E19,259325.000,10048.000,10443.718,-395.718,-394.747,-0.971,0
125.000,E21,259325.000,-16985.000,-16579.167,-405.833,-394.747,-11.086,0
125.000,E26,259325.000,-30385.000,-29988.372,-396.628,-394.747,-1.880,0
125.000,E33,259325.000,-15123.000,-14737.835,-385.165,-394.747,9.583,0
125.000,G02,259325.000,-1214.000,-828.717,-385.283,-394.747,9.464,0
125.000,G06,259325.000,8241.000,8629.884,-388.884,-394.747,5.863,0
125.000,G07,259325.000,4092.000,4485.777,-393.777,-394.747,0.971,0
125.000,G09,259325.000,26116.000,26515.993,-399.993,-394.747,-5.246,0
125.000,G11,259325.000,-9827.000,-9444.378,-382.622,-394.747,12.126,0
125.000,G13,259325.000,-11435.000,-11034.335,-400.665,-394.747,-5.918,0
125.000,G15,259325.000,-7705.000,-7300.767,-404.233,-394.747,-9.486,0
125.000,G20,259325.000,19097.000,19487.533,-390.533,-394.747,4.214,0
125.000,G22,259325.000,-4171.000,-3774.418,-396.582,-394.747,-1.835,0
125.000,G30,259325.000,-1030.000,-637.310,-392.690,-394.747,2.058,0
126.000,E04,259326.000,-16394.000,-15988.319,-405.681,-395.033,-10.648,0
126.000,E12,259326.000,11180.000,11572.680,-392.680,-395.033,2.354,0
126.000,E19,259326.000,10018.000,10414.234,-396.234,-395.033,-1.201,0
126.000,E21,259326.000,-16993.000,-16587.316,-405.684,-395.033,-10.651,0
126.000,E26,259326.000,-30411.000,-30014.243,-396.757,-395.033,-1.724,0
126.000,E33,259326.000,-15173.000,-14787.646,-385.354,-395.033,9.679,0
126.000,G02,259326.000,-1263.000,-876.946,-386.054,-395.033,8.979,0
126.000,G06,259326.000,8197.000,8585.829,-388.829,-395.033,6.204,0
126.000,G07,259326.000,4058.000,4451.833,-393.833,-395.033,1.201,0
126.000,G09,259326.000,26094.000,26493.330,-399.330,-395.033,-4.297,0
126.000,G11,259326.000,-9882.000,-9499.093,-382.907,-395.033,12.126,0
126.000,G13,259326.000,-11453.000,-11052.102,-400.898,-395.033,-5.865,0
126.000,G15,259326.000,-7717.000,-7312.714,-404.286,-395.033,-9.253,0
126.000,G20,259326.000,19056.000,19446.733,-390.733,-395.033,4.300,0
126.000,G22,259326.000,-4197.000,-3800.311,-396.689,-395.033,-1.656,0
126.000,G30,259326.000,-1065.000,-672.061,-392.939,-395.033,2.094,0
127.000,E04,259327.000,-16402.000,-15996.546,-405.454,-394.806,-10.647,0
127.000,E12,259327.000,11144.000,11535.780,-391.780,-394.806,3.027,0
127.000,E19,259327.000,9989.000,10384.731,-395.731,-394.806,-0.925,0
127.000,E21,259327.000,-17001.000,-16595.450,-405.550,-394.806,-10.744,0
127.000,E26,259327.000,-30437.000,-30040.061,-396.939,-394.806,-2.133,0
127.000,E33,259327.000,-15222.000,-14837.424,-384.576,-394.806,10.230,0
127.000,G02,259327.000,-1311.000,-925.179,-385.821,-394.806,8.985,0
127.000,G06,259327.000,8153.000,8541.749,-388.749,-394.806,6.057,0
127.000,G07,259327.000,4024.000,4417.882,-393.882,-394.806,0.925,0
127.000,G09,259327.000,26071.000,26470.631,-399.631,-394.806,-4.825,0
127.000,G11,259327.000,-9936.000,-9553.785,-382.215,-394.806,12.591,0
127.000,G13,259327.000,-11471.000,-11069.860,-401.140,-394.806,-6.333,0
127.000,G15,259327.000,-7728.000,-7324.660,-403.340,-394.806,-8.533,0
127.000,G20,259327.000,19016.000,19405.887,-389.887,-394.806,4.919,0
127.000,G22,259327.000,-4223.000,-3826.190,-396.810,-394.806,-2.004,0
127.000,G30,259327.000,-1099.000,-706.810,-392.190,-394.806,2.617,0
128.000,E04,259328.000,-16410.000,-16004.764,-405.236,-394.935,-10.301,0
128.000,E12,259328.000,11107.000,11498.853,-391.853,-394.935,3.082,0
128.000,E19,259328.000,9959.000,10355.210,-396.210,-394.935,-1.275,0
128.000,E21,259328.000,-17009.000,-16603.567,-405.433,-394.935,-10.498,0
128.000,E26,259328.000,-30462.000,-30065.827,-396.173,-394.935,-1.237,0
128.000,E33,259328.000,-15272.000,-14887.169,-384.831,-394.935,10.104,0
128.000,G02,259328.000,-1359.000,-973.415,-385.585,-394.935,9.350,0
128.000,G06,259328.000,8109.000,8497.644,-388.644,-394.935,6.291,0
128.000,G07,259328.000,3990.000,4383.924,-393.924,-394.935,1.011,0
128.000,G09,259328.000,26049.000,26447.896,-398.896,-394.935,-3.960,0
128.000,G11,259328.000,-9991.000,-9608.454,-382.546,-394.935,12.389,0
128.000,G13,259328.000,-11488.000,-11087.611,-400.389,-394.935,-5.454,0
128.000,G15,259328.000,-7740.000,-7336.606,-403.394,-394.935,-8.459,0
128.000,G20,259328.000,18975.000,19364.996,-389.996,-394.935,4.939,0
128.000,G22,259328.000,-4248.000,-3852.054,-395.946,-394.935,-1.011,0
128.000,G30,259328.000,-1134.000,-741.558,-392.442,-394.935,2.493,0
129.000,E04,259329.000,-16418.000,-16012.971,-405.029,-394.815,-10.214,0
129.000,E12,259329.000,11070.000,11461.899,-391.899,-394.815,2.916,0
129.000,E19,259329.000,9930.000,10325.670,-395.670,-394.815,-0.855,0
129.000,E21,259329.000,-17017.000,-16611.668,-405.332,-394.815,-10.517,0
129.000,E26,259329.000,-30488.000,-30091.542,-396.458,-394.815,-1.643,0
129.000,E33,259329.000,-15322.000,-14936.880,-385.120,-394.815,9.695,0
129.000,G02,259329.000,-1407.000,-1021.654,-385.346,-394.815,9.469,0
129.000,G06,259329.000,8065.000,8453.514,-388.514,-394.815,6.301,0
129.000,G07,259329.000,3956.000,4349.959,-393.959,-394.815,0.855,0
129.000,G09,259329.000,26026.000,26425.124,-399.124,-394.815,-4.309,0
129.000,G11,259329.000,-10045.000,-9663.099,-381.901,-394.815,12.914,0
129.000,G13,259329.000,-11506.000,-11105.354,-400.646,-394.815,-5.831,0
129.000,G15,259329.000,-7752.000,-7348.550,-403.450,-394.815,-8.635,0
129.000,G20,259329.000,18934.000,19324.060,-390.060,-394.815,4.755,0
129.000,G22,259329.000,-4274.000,-3877.903,-396.097,-394.815,-1.282,0
129.000,G30,259329.000,-1169.000,-776.304,-392.696,-394.815,2.118,0
130.000,E04,259330.000,-16427.000,-16021.168,-405.832,-395.050,-10.782,0
130.000,E12,259330.000,11033.000,11424.919,-391.919,-395.050,3.131,0
130.000,E19,259330.000,9900.000,10296.112,-396.112,-395.050,-1.062,0
130.000,E21,259330.000,-17025.000,-16619.753,-405.247,-395.050,-10.197,0
130.000,E26,259330.000,-30514.000,-30117.205,-396.795,-395.050,-1.745,0
130.000,E33,259330.000,-15371.000,-14986.559,-384.441,-395.050,10.609,0
130.000,G02,259330.000,-1455.000,-1069.897,-385.103,-395.050,9.947,0
130.000,G06,259330.000,8021.000,8409.359,-388.359,-395.050,6.691,0
130.000,G07,259330.000,3922.000,4315.988,-393.988,-395.050,1.062,0
130.000,G09,259330.000,26003.000,26402.316,-399.316,-395.050,-4.266,0
130.000,G11,259330.000,-10100.000,-9717.721,-382.279,-395.050,12.771,0
130.000,G13,259330.000,-11524.000,-11123.088,-400.912,-395.050,-5.862,0
130.000,G15,259330.000,-7764.000,-7360.494,-403.506,-395.050,-8.456,0
130.000,G20,259330.000,18893.000,19283.079,-390.079,-395.050,4.971,0
130.000,G22,259330.000,-4300.000,-3903.737,-396.263,-395.050,-1.213,0
130.000,G30,259330.000,-1203.000,-811.048,-391.952,-395.050,3.098,0
131.000,E04,259331.000,-16435.000,-16029.354,-405.646,-395.228,-10.418,0
131.000,E12,259331.000,10995.000,11387.912,-392.912,-395.228,2.315,0
131.000,E19,259331.000,9870.000,10266.535,-396.535,-395.228,-1.308,0
131.000,E21,259331.000,-17033.000,-16627.822,-405.178,-395.228,-9.950,0
131.000,E26,259331.000,-30540.000,-30142.817,-397.183,-395.228,-1.956,0
131.000,E33,259331.000,-15421.000,-15036.205,-384.795,-395.228,10.432,0
131.000,G02,259331.000,-1504.000,-1118.143,-385.857,-395.228,9.370,0
131.000,G06,259331.000,7976.000,8365.180,-389.180,-395.228,6.047,0
131.000,G07,259331.000,3888.000,4282.011,-394.011,-395.228,1.217,0
131.000,G09,259331.000,25980.000,26379.472,-399.472,-395.228,-4.245,0
131.000,G11,259331.000,-10155.000,-9772.319,-382.681,-395.228,12.547,0
131.000,G13,259331.000,-11542.000,-11140.814,-401.186,-395.228,-5.958,0
131.000,G15,259331.000,-7776.000,-7372.436,-403.564,-395.228,-8.336,0
131.000,G20,259331.000,18852.000,19242.053,-390.053,-395.228,5.175,0
131.000,G22,259331.000,-4326.000,-3929.556,-396.444,-395.228,-1.217,0
131.000,G30,259331.000,-1238.000,-845.790,-392.210,-395.228,3.018,0
132.000,E04,259332.000,-16443.000,-16037.531,-405.469,-394.984,-10.486,0
132.000,E12,259332.000,10958.000,11350.879,-392.879,-394.984,2.104,0
132.000,E19,259332.000,9841.000,10236.940,-395.940,-394.984,-0.957,0
132.000,E21,259332.000,-17042.000,-16635.876,-406.124,-394.984,-11.141,0
132.000,E26,259332.000,-30565.000,-30168.376,-396.624,-394.984,-1.640,0
132.000,E33,259332.000,-15471.000,-15085.817,-385.183,-394.984,9.800,0
132.000,G02,259332.000,-1552.000,-1166.391,-385.609,-394.984,9.375,0
132.000,G06,259332.000,7932.000,8320.977,-388.977,-394.984,6.007,0
132.000,G07,259332.000,3854.000,4248.027,-394.027,-394.984,0.957,0
132.000,G09,259332.000,25957.000,26356.592,-399.592,-394.984,-4.609,0
132.000,G11,259332.000,-10210.000,-9826.894,-383.106,-394.984,11.877,0
132.000,G13,259332.000,-11560.000,-11158.532,-401.468,-394.984,-6.484,0
132.000,G15,259332.000,-7788.000,-7384.378,-403.622,-394.984,-8.639,0
132.000,G20,259332.000,18811.000,19200.981,-389.981,-394.984,5.002,0
132.000,G22,259332.000,-4352.000,-3955.360,-396.640,-394.984,-1.657,0
132.000,G30,259332.000,-1273.000,-880.531,-392.469,-394.984,2.514,0
133.000,E04,259333.000,-16451.000,-16045.697,-405.303,-394.182,-11.121,0
133.000,E12,259333.000,10922.000,11313.820,-391.820,-394.182,2.362,0
133.000,E19,259333.000,9812.000,10207.327,-395.327,-394.182,-1.146,0
133.000,E21,259333.000,-17049.000,-16643.913,-405.087,-394.182,-10.906,0
133.000,E26,259333.000,-30590.000,-30193.884,-396.116,-394.182,-1.934,0
133.000,E33,259333.000,-15520.000,-15135.396,-384.604,-394.182,9.577,0
133.000,G02,259333.000,-1600.000,-1214.643,-385.357,-394.182,8.825,0
133.000,G06,259333.000,7889.000,8276.748,-387.748,-394.182,6.433,0
133.000,G07,259333.000,3821.000,4214.036,-393.036,-394.182,1.146,0
133.000,G09,259333.000,25935.000,26333.676,-398.676,-394.182,-4.494,0
133.000,G11,259333.000,-10264.000,-9881.444,-382.556,-394.182,11.626,0
133.000,G13,259333.000,-11577.000,-11176.242,-400.758,-394.182,-6.576,0
133.000,G15,259333.000,-7800.000,-7396.319,-403.681,-394.182,-9.500,0
133.000,G20,259333.000,18770.000,19159.865,-389.865,-394.182,4.316,0
133.000,G22,259333.000,-4377.000,-3981.149,-395.851,-394.182,-1.670,0
133.000,G30,259333.000,-1307.000,-915.270,-391.730,-394.182,2.451,0
134.000,E04,259334.000,-16459.000,-16053.853,-405.147,-394.867,-10.279,0
134.000,E12,259334.000,10885.000,11276.734,-391.734,-394.867,3.134,0
134.000,E19,259334.000,9782.000,10177.695,-395.695,-394.867,-0.828,0
134.000,E21,259334.000,-17057.000,-16651.934,-405.066,-394.867,-10.199,0
134.000,E26,259334.000,-30616.000,-30219.340,-396.660,-394.867,-1.793,0
134.000,E33,259334.000,-15570.000,-15184.941,-385.059,-394.867,9.808,0
134.000,G02,259334.000,-1648.000,-1262.897,-385.103,-394.867,9.765,0
134.000,G06,259334.000,7844.000,8232.496,-388.496,-394.867,6.371,0
134.000,G07,259334.000,3786.000,4180.039,-394.039,-394.867,0.828,0
134.000,G09,259334.000,25912.000,26310.723,-398.723,-394.867,-3.856,0
134.000,G11,259334.000,-10318.000,-9935.971,-382.029,-394.867,12.838,0
134.000,G13,259334.000,-11595.000,-11193.944,-401.056,-394.867,-6.189,0
134.000,G15,259334.000,-7812.000,-7408.258,-403.742,-394.867,-8.874,0
134.000,G20,259334.000,18729.000,19118.704,-389.704,-394.867,5.163,0
134.000,G22,259334.000,-4403.000,-4006.923,-396.077,-394.867,-1.210,0
134.000,G30,259334.000,-1342.000,-950.006,-391.994,-394.867,2.874,0
135.000,E04,259335.000,-16468.000,-16061.999,-406.001,-395.041,-10.960,0
135.000,E12,259335.000,10847.000,11239.621,-392.621,-395.041,2.419,0
135.000,E19,259335.000,9752.000,10148.046,-396.046,-395.041,-1.005,0
135.000,E21,259335.000,-17065.000,-16659.938,-405.062,-395.041,-10.021,0
135.000,E26,259335.000,-30642.000,-30244.744,-397.256,-395.041,-2.215,0
135.000,E33,259335.000,-15619.000,-15234.453,-384.547,-395.041,10.493,0
135.000,G02,259335.000,-1697.000,-1311.154,-385.846,-395.041,9.195,0
135.000,G06,259335.000,7800.000,8188.219,-388.219,-395.041,6.822,0
135.000,G07,259335.000,3752.000,4146.036,-394.036,-395.041,1.005,0
135.000,G09,259335.000,25888.000,26287.735,-399.735,-395.041,-4.694,0
135.000,G11,259335.000,-10373.000,-9990.473,-382.527,-395.041,12.514,0
135.000,G13,259335.000,-11613.000,-11211.637,-401.363,-395.041,-6.323,0
135.000,G15,259335.000,-7824.000,-7420.197,-403.803,-395.041,-8.762,0
135.000,G20,259335.000,18687.000,19077.499,-390.499,-395.041,4.542,0
135.000,G22,259335.000,-4429.000,-4032.682,-396.318,-395.041,-1.278,0
135.000,G30,259335.000,-1377.000,-984.741,-392.259,-395.041,2.782,0
136.000,E04,259336.000,-16475.000,-16070.135,-404.865,-394.702,-10.163,0
136.000,E12,259336.000,10811.000,11202.483,-391.483,-394.702,3.219,0
136.000,E19,259336.000,9723.000,10118.377,-395.377,-394.702,-0.676,0
136.000,E21,259336.000,-17073.000,-16667.927,-405.073,-394.702,-10.371,0
136.000,E26,259336.000,-30667.000,-30270.097,-396.903,-394.702,-2.202,0
136.000,E33,259336.000,-15669.000,-15283.931,-385.069,-394.702,9.632,0
136.000,G02,259336.000,-1745.000,-1359.414,-385.586,-394.702,9.115,0
136.000,G06,259336.000,7756.000,8143.918,-387.918,-394.702,6.784,0
136.000,G07,259336.000,3718.000,4112.026,-394.026,-394.702,0.676,0
136.000,G09,259336.000,25866.000,26264.710,-398.710,-394.702,-4.009,0
136.000,G11,259336.000,-10427.000,-10044.952,-382.048,-394.702,12.653,0
136.000,G13,259336.000,-11630.000,-11229.322,-400.678,-394.702,-5.977,0
136.000,G15,259336.000,-7836.000,-7432.135,-403.865,-394.702,-9.163,0
136.000,G20,259336.000,18646.000,19036.248,-390.248,-394.702,4.454,0
136.000,G22,259336.000,-4455.000,-4058.425,-396.575,-394.702,-1.873,0
136.000,G30,259336.000,-1412.000,-1019.474,-392.526,-394.702,2.176,0
137.000,E04,259337.000,-16483.000,-16078.261,-404.739,-394.350,-10.389,0
137.000,E12,259337.000,10774.000,11165.318,-391.318,-394.350,3.032,0
137.000,E19,259337.000,9693.000,10088.691,-395.691,-394.350,-1.341,0
137.000,E21,259337.000,-17081.000,-16675.900,-405.100,-394.350,-10.749,0
137.000,E26,259337.000,-30692.000,-30295.397,-396.603,-394.350,-2.252,0
137.000,E33,259337.000,-15718.000,-15333.375,-384.625,-394.350,9.726,0
137.000,G02,259337.000,-1793.000,-1407.675,-385.325,-394.350,9.026,0
137.000,G06,259337.000,7711.000,8099.593,-388.593,-394.350,5.758,0
137.000,G07,259337.000,3685.000,4078.010,-393.010,-394.350,1.341,0
137.000,G09,259337.000,25843.000,26241.649,-398.649,-394.350,-4.299,0
137.000,G11,259337.000,-10482.000,-10099.405,-382.595,-394.350,11.756,0
137.000,G13,259337.000,-11647.000,-11246.998,-400.002,-394.350,-5.651,0
137.000,G15,259337.000,-7847.000,-7444.072,-402.928,-394.350,-8.577,0
137.000,G20,259337.000,18605.000,18994.953,-389.953,-394.350,4.398,0
137.000,G22,259337.000,-4480.000,-4084.154,-395.846,-394.350,-1.496,0
137.000,G30,259337.000,-1446.000,-1054.205,-391.795,-394.350,2.555,0
138.000,E04,259338.000,-16492.000,-16086.376,-405.624,-394.487,-11.137,0
138.000,E12,259338.000,10736.000,11128.127,-392.127,-394.487,2.360,0
138.000,E19,259338.000,9663.000,10058.987,-395.987,-394.487,-1.499,0
138.000,E21,259338.000,-17089.000,-16683.857,-405.143,-394.487,-10.656,0
138.000,E26,259338.000,-30717.000,-30320.646,-396.354,-394.487,-1.866,0
138.000,E33,259338.000,-15767.000,-15382.785,-384.215,-394.487,10.273,0
138.000,G02,259338.000,-1841.000,-1455.940,-385.060,-394.487,9.427,0
138.000,G06,259338.000,7667.000,8055.244,-388.244,-394.487,6.243,0
138.000,G07,259338.000,3651.000,4043.988,-392.988,-394.487,1.499,0
138.000,G09,259338.000,25820.000,26218.552,-398.552,-394.487,-4.065,0
138.000,G11,259338.000,-10536.000,-10153.834,-382.166,-394.487,12.321,0
138.000,G13,259338.000,-11665.000,-11264.667,-400.333,-394.487,-5.846,0
138.000,G15,259338.000,-7859.000,-7456.008,-402.992,-394.487,-8.505,0
138.000,G20,259338.000,18564.000,18953.613,-389.613,-394.487,4.874,0
138.000,G22,259338.000,-4506.000,-4109.867,-396.133,-394.487,-1.646,0
138.000,G30,259338.000,-1481.000,-1088.933,-392.067,-394.487,2.420,0
139.000,E04,259339.000,-16499.000,-16094.481,-404.519,-394.112,-10.407,0
139.000,E12,259339.000,10699.000,11090.910,-391.910,-394.112,2.201,0
139.000,E19,259339.000,9634.000,10029.264,-395.264,-394.112,-1.152,0
139.000,E21,259339.000,-17097.000,-16691.798,-405.202,-394.112,-11.090,0
139.000,E26,259339.000,-30742.000,-30345.844,-396.156,-394.112,-2.045,0
139.000,E33,259339.000,-15817.000,-15432.162,-384.838,-394.112,9.273,0
139.000,G02,259339.000,-1889.000,-1504.206,-384.794,-394.112,9.317,0
139.000,G06,259339.000,7623.000,8010.871,-387.871,-394.112,6.241,0
139.000,G07,259339.000,3617.000,4009.959,-392.959,-394.112,1.152,0
139.000,G09,259339.000,25797.000,26195.419,-398.419,-394.112,-4.308,0
139.000,G11,259339.000,-10590.000,-10208.239,-381.761,-394.112,12.350,0
139.000,G13,259339.000,-11683.000,-11282.327,-400.673,-394.112,-6.562,0
139.000,G15,259339.000,-7871.000,-7467.943,-403.057,-394.112,-8.945,0
139.000,G20,259339.000,18523.000,18912.229,-389.229,-394.112,4.883,0
139.000,G22,259339.000,-4532.000,-4135.565,-396.435,-394.112,-2.324,0
139.000,G30,259339.000,-1515.000,-1123.659,-391.341,-394.112,2.771,0
140.000,E04,259340.000,-16507.000,-16102.576,-404.424,-394.224,-10.200,0
140.000,E12,259340.000,10662.000,11053.668,-391.668,-394.224,2.557,0
140.000,E19,259340.000,9604.000,9999.523,-395.523,-394.224,-1.299,0
140.000,E21,259340.000,-17105.000,-16699.723,-405.277,-394.224,-11.053,0
140.000,E26,259340.000,-30767.000,-30370.989,-396.011,-394.224,-1.787,0
140.000,E33,259340.000,-15866.000,-15481.504,-384.496,-394.224,9.728,0
140.000,G02,259340.000,-1937.000,-1552.474,-384.526,-394.224,9.698,0
140.000,G06,259340.000,7579.000,7966.474,-387.474,-394.224,6.750,0
140.000,G07,259340.000,3583.000,3975.925,-392.925,-394.224,1.299,0
140.000,G09,259340.000,25774.000,26172.250,-398.250,-394.224,-4.026,0
140.000,G11,259340.000,-10644.000,-10262.618,-381.382,-394.224,12.842,0
140.000,G13,259340.000,-11700.000,-11299.978,-400.022,-394.224,-5.797,0
140.000,G15,259340.000,-7883.000,-7479.877,-403.123,-394.224,-8.899,0
140.000,G20,259340.000,18481.000,18870.800,-389.800,-394.224,4.424,0
140.000,G22,259340.000,-4557.000,-4161.247,-395.753,-394.224,-1.529,0
140.000,G30,259340.000,-1550.000,-1158.383,-391.617,-394.224,2.608,0
141.000,E04,259341.000,-16515.000,-16110.661,-404.339,-393.825,-10.514,0
141.000,E12,259341.000,10625.000,11016.399,-391.399,-393.825,2.426,0
141.000,E19,259341.000,9575.000,9969.765,-394.765,-393.825,-0.940,0
141.000,E21,259341.000,-17112.000,-16707.631,-404.369,-393.825,-10.544,0
141.000,E26,259341.000,-30792.000,-30396.083,-395.917,-393.825,-2.092,0
141.000,E33,259341.000,-15915.000,-15530.812,-384.188,-393.825,9.637,0
141.000,G02,259341.000,-1985.000,-1600.744,-384.256,-393.825,9.569,0
141.000,G06,259341.000,7535.000,7922.054,-387.054,-393.825,6.771,0
141.000,G07,259341.000,3549.000,3941.885,-392.885,-393.825,0.940,0
141.000,G09,259341.000,25751.000,26149.045,-398.045,-393.825,-4.220,0
141.000,G11,259341.000,-10699.000,-10316.973,-382.027,-393.825,11.798,0
141.000,G13,259341.000,-11718.000,-11317.622,-400.378,-393.825,-6.554,0
141.000,G15,259341.000,-7895.000,-7491.810,-403.190,-393.825,-9.366,0
141.000,G20,259341.000,18440.000,18829.326,-389.326,-393.825,4.498,0
141.000,G22,259341.000,-4583.000,-4186.914,-396.086,-393.825,-2.261,0
141.000,G30,259341.000,-1585.000,-1193.105,-391.895,-393.825,1.930,0
142.000,E04,259342.000,-16523.000,-16118.736,-404.264,-393.913,-10.351,0
142.000,E12,259342.000,10588.000,10979.104,-391.104,-393.913,2.809,0
142.000,E19,259342.000,9545.000,9939.988,-394.988,-393.913,-1.075,0
142.000,E21,259342.000,-17120.000,-16715.524,-404.476,-393.913,-10.563,0
142.000,E26,259342.000,-30817.000,-30421.125,-395.875,-393.913,-1.962,0
142.000,E33,259342.000,-15964.000,-15580.086,-383.914,-393.913,9.999,0
142.000,G02,259342.000,-2033.000,-1649.016,-383.984,-393.913,9.929,0
142.000,G06,259342.000,7490.000,7877.610,-387.610,-393.913,6.303,0
142.000,G07,259342.000,3515.000,3907.838,-392.838,-393.913,1.075,0
142.000,G09,259342.000,25728.000,26125.803,-397.803,-393.913,-3.890,0
142.000,G11,259342.000,-10753.000,-10371.302,-381.698,-393.913,12.215,0
142.000,G13,259342.000,-11735.000,-11335.257,-399.743,-393.913,-5.830,0
142.000,G15,259342.000,-7906.000,-7503.742,-402.258,-393.913,-8.345,0
142.000,G20,259342.000,18399.000,18787.809,-388.809,-393.913,5.104,0
142.000,G22,259342.000,-4608.000,-4212.566,-395.434,-393.913,-1.521,0
142.000,G30,259342.000,-1619.000,-1227.824,-391.176,-393.913,2.737,0
143.000,E04,259343.000,-16531.000,-16126.800,-404.200,-393.490,-10.711,0
143.000,E12,259343.000,10551.000,10941.784,-390.784,-393.490,2.706,0
143.000,E19,259343.000,9516.000,9910.193,-394.193,-393.490,-0.704,0
143.000,E21,259343.000,-17128.000,-16723.401,-404.599,-393.490,-11.110,0
143.000,E26,259343.000,-30842.000,-30446.115,-395.885,-393.490,-2.396,0
143.000,E33,259343.000,-16013.000,-15629.325,-383.675,-393.490,9.815,0
143.000,G02,259343.000,-2082.000,-1697.289,-384.711,-393.490,8.779,0
143.000,G06,259343.000,7446.000,7833.143,-387.143,-393.490,6.347,0
143.000,G07,259343.000,3481.000,3873.786,-392.786,-393.490,0.704,0
143.000,G09,259343.000,25705.000,26102.525,-397.525,-393.490,-4.036,0
143.000,G11,259343.000,-10807.000,-10425.606,-381.394,-393.490,12.096,0
143.000,G13,259343.000,-11752.000,-11352.883,-399.117,-393.490,-5.627,0
143.000,G15,259343.000,-7918.000,-7515.673,-402.327,-393.490,-8.838,0
143.000,G20,259343.000,18358.000,18746.247,-388.247,-393.490,5.243,0
143.000,G22,259343.000,-4633.000,-4238.202,-394.798,-393.490,-1.308,0
143.000,G30,259343.000,-1654.000,-1262.541,-391.459,-393.490,2.031,0
144.000,E04,259344.000,-16539.000,-16134.854,-404.146,-393.554,-10.592,0
144.000,E12,259344.000,10514.000,10904.438,-390.438,-393.554,3.116,0
144.000,E19,259344.000,9486.000,9880.381,-394.381,-393.554,-0.826,0
144.000,E21,259344.000,-17136.000,-16731.262,-404.738,-393.554,-11.184,0
144.000,E26,259344.000,-30867.000,-30471.053,-395.947,-393.554,-2.392,0
144.000,E33,259344.000,-16062.000,-15678.530,-383.470,-393.554,10.084,0
144.000,G02,259344.000,-2130.000,-1745.564,-384.436,-393.554,9.118,0
144.000,G06,259344.000,7401.000,7788.652,-387.652,-393.554,5.902,0
144.000,G07,259344.000,3447.000,3839.728,-392.728,-393.554,0.826,0
144.000,G09,259344.000,25681.000,26079.212,-398.212,-393.554,-4.658,0
144.000,G11,259344.000,-10861.000,-10479.885,-381.115,-393.554,12.439,0
144.000,G13,259344.000,-11770.000,-11370.501,-399.499,-393.554,-5.945,0
144.000,G15,259344.000,-7930.000,-7527.602,-402.398,-393.554,-8.843,0
144.000,G20,259344.000,18316.000,18704.641,-388.641,-393.554,4.914,0
144.000,G22,259344.000,-4659.000,-4263.823,-395.177,-393.554,-1.623,0
144.000,G30,259344.000,-1688.000,-1297.255,-390.745,-393.554,2.809,0
145.000,E04,259345.000,-16547.000,-16142.898,-404.102,-393.607,-10.495,0
145.000,E12,259345.000,10476.000,10867.066,-391.066,-393.607,2.541,0
145.000,E19,259345.000,9456.000,9850.550,-394.550,-393.607,-0.943,0
145.000,E21,259345.000,-17143.000,-16739.106,-403.894,-393.607,-10.287,0
145.000,E26,259345.000,-30892.000,-30495.940,-396.060,-393.607,-2.453,0
145.000,E33,259345.000,-16112.000,-15727.700,-384.300,-393.607,9.307,0
145.000,G02,259345.000,-2178.000,-1793.841,-384.159,-393.607,9.448,0
145.000,G06,259345.000,7357.000,7744.138,-387.138,-393.607,6.469,0
145.000,G07,259345.000,3413.000,3805.664,-392.664,-393.607,0.943,0
145.000,G09,259345.000,25658.000,26055.862,-397.862,-393.607,-4.255,0
145.000,G11,259345.000,-10916.000,-10534.138,-381.862,-393.607,11.745,0
145.000,G13,259345.000,-11788.000,-11388.111,-399.889,-393.607,-6.282,0
145.000,G15,259345.000,-7942.000,-7539.531,-402.469,-393.607,-8.862,0
145.000,G20,259345.000,18274.000,18662.990,-388.990,-393.607,4.617,0
145.000,G22,259345.000,-4685.000,-4289.428,-395.572,-393.607,-1.965,0
145.000,G30,259345.000,-1723.000,-1331.967,-391.033,-393.607,2.574,0
146.000,E04,259346.000,-16555.000,-16150.932,-404.068,-393.648,-10.420,0
146.000,E12,259346.000,10439.000,10829.669,-390.669,-393.648,2.979,0
146.000,E19,259346.000,9426.000,9820.702,-394.702,-393.648,-1.054,0
146.000,E21,259346.000,-17151.000,-16746.935,-404.065,-393.648,-10.417,0
146.000,E26,259346.000,-30917.000,-30520.775,-396.225,-393.648,-2.577,0
146.000,E33,259346.000,-16161.000,-15776.836,-384.164,-393.648,9.483,0
146.000,G02,259346.000,-2226.000,-1842.118,-383.882,-393.648,9.766,0
146.000,G06,259346.000,7312.000,7699.601,-387.601,-393.648,6.047,0
146.000,G07,259346.000,3379.000,3771.594,-392.594,-393.648,1.054,0
146.000,G09,259346.000,25635.000,26032.476,-397.476,-393.648,-3.828,0
146.000,G11,259346.000,-10970.000,-10588.366,-381.634,-393.648,12.014,0
146.000,G13,259346.000,-11805.000,-11405.712,-399.288,-393.648,-5.640,0
146.000,G15,259346.000,-7954.000,-7551.459,-402.541,-393.648,-8.893,0
146.000,G20,259346.000,18233.000,18621.296,-388.296,-393.648,5.352,0
146.000,G22,259346.000,-4710.000,-4315.017,-394.983,-393.648,-1.335,0
146.000,G30,259346.000,-1758.000,-1366.676,-391.324,-393.648,2.324,0
147.000,E04,259347.000,-16564.000,-16158.955,-405.045,-393.677,-11.368,0
147.000,E12,259347.000,10401.000,10792.246,-391.246,-393.677,2.431,0
147.000,E19,259347.000,9396.000,9790.836,-394.836,-393.677,-1.159,0
147.000,E21,259347.000,-17159.000,-16754.748,-404.252,-393.677,-10.575,0
147.000,E26,259347.000,-30942.000,-30545.558,-396.442,-393.677,-2.765,0
147.000,E33,259347.000,-16210.000,-15825.936,-384.064,-393.677,9.613,0
147.000,G02,259347.000,-2275.000,-1890.397,-384.603,-393.677,9.074,0
147.000,G06,259347.000,7268.000,7655.041,-387.041,-393.677,6.636,0
147.000,G07,259347.000,3345.000,3737.518,-392.518,-393.677,1.159,0
147.000,G09,259347.000,25611.000,26009.054,-398.054,-393.677,-4.377,0
147.000,G11,259347.000,-11024.000,-10642.568,-381.432,-393.677,12.245,0
147.000,G13,259347.000,-11823.000,-11423.305,-399.695,-393.677,-6.018,0
147.000,G15,259347.000,-7966.000,-7563.386,-402.614,-393.677,-8.937,0
147.000,G20,259347.000,18191.000,18579.557,-388.557,-393.677,5.120,0
147.000,G22,259347.000,-4736.000,-4340.591,-395.409,-393.677,-1.732,0
147.000,G30,259347.000,-1793.000,-1401.382,-391.618,-393.677,2.059,0
148.000,E04,259348.000,-16571.000,-16166.969,-404.031,-393.694,-10.337,0
148.000,E12,259348.000,10364.000,10754.798,-390.798,-393.694,2.897,0
148.000,E19,259348.000,9366.000,9760.952,-394.952,-393.694,-1.257,0
148.000,E21,259348.000,-17167.000,-16762.545,-404.455,-393.694,-10.761,0
148.000,E26,259348.000,-30966.000,-30570.289,-395.711,-393.694,-2.016,0
148.000,E33,259348.000,-16259.000,-15875.002,-383.998,-393.694,9.697,0
148.000,G02,259348.000,-2323.000,-1938.677,-384.323,-393.694,9.371,0
148.000,G06,259348.000,7223.000,7610.457,-387.457,-393.694,6.237,0
148.000,G07,259348.000,3311.000,3703.437,-392.437,-393.694,1.257,0
148.000,G09,259348.000,25588.000,25985.596,-397.596,-393.694,-3.901,0
148.000,G11,259348.000,-11078.000,-10696.743,-381.257,-393.694,12.438,0
148.000,G13,259348.000,-11841.000,-11440.890,-400.110,-393.694,-6.416,0
148.000,G15,259348.000,-7978.000,-7575.311,-402.689,-393.694,-8.994,0
148.000,G20,259348.000,18149.000,18537.774,-388.774,-393.694,4.920,0
148.000,G22,259348.000,-4762.000,-4366.149,-395.851,-393.694,-2.156,0
148.000,G30,259348.000,-1827.000,-1436.086,-390.914,-393.694,2.781,0
149.000,E04,259349.000,-16580.000,-16174.972,-405.028,-393.700,-11.328,0
149.000,E12,259349.000,10326.000,10717.324,-391.324,-393.700,2.376,0
149.000,E19,259349.000,9336.000,9731.050,-395.050,-393.700,-1.350,0
149.000,E21,259349.000,-17175.000,-16770.325,-404.675,-393.700,-10.974,0
149.000,E26,259349.000,-30991.000,-30594.969,-396.031,-393.700,-2.331,0
149.000,E33,259349.000,-16308.000,-15924.033,-383.967,-393.700,9.733,0
149.000,G02,259349.000,-2371.000,-1986.958,-384.042,-393.700,9.658,0
149.000,G06,259349.000,7179.000,7565.851,-386.851,-393.700,6.849,0
149.000,G07,259349.000,3277.000,3669.351,-392.351,-393.700,1.350,0
149.000,G09,259349.000,25564.000,25962.101,-398.101,-393.700,-4.401,0
149.000,G11,259349.000,-11132.000,-10750.893,-381.107,-393.700,12.593,0
149.000,G13,259349.000,-11858.000,-11458.466,-399.534,-393.700,-5.834,0
149.000,G15,259349.000,-7990.000,-7587.236,-402.764,-393.700,-9.064,0
149.000,G20,259349.000,18107.000,18495.948,-388.948,-393.700,4.752,0
149.000,G22,259349.000,-4787.000,-4391.691,-395.309,-393.700,-1.608,0
149.000,G30,259349.000,-1862.000,-1470.787,-391.213,-393.700,2.487,0
150.000,E04,259350.000,-16588.000,-16182.965,-405.035,-394.194,-10.841,0
150.000,E12,259350.000,10289.000,10679.825,-390.825,-394.194,3.370,0
150.000,E19,259350.000,9306.000,9701.130,-395.130,-394.194,-0.936,0
150.000,E21,259350.000,-17183.000,-16778.090,-404.910,-394.194,-10.715,0
150.000,E26,259350.000,-31016.000,-30619.597,-396.403,-394.194,-2.208,0
150.000,E33,259350.000,-16358.000,-15973.029,-384.971,-394.194,9.223,0
150.000,G02,259350.000,-2420.000,-2035.239,-384.761,-394.194,9.434,0
150.000,G06,259350.000,7134.000,7521.222,-387.222,-394.194,6.972,0
150.000,G07,259350.000,3242.000,3635.258,-393.258,-394.194,0.936,0
150.000,G09,259350.000,25540.000,25938.571,-398.571,-394.194,-4.377,0
150.000,G11,259350.000,-11187.000,-10805.017,-381.983,-394.194,12.211,0
150.000,G13,259350.000,-11876.000,-11476.033,-399.967,-394.194,-5.772,0
150.000,G15,259350.000,-8002.000,-7599.159,-402.841,-394.194,-8.646,0
150.000,G20,259350.000,18065.000,18454.077,-389.077,-394.194,5.117,0
150.000,G22,259350.000,-4813.000,-4417.218,-395.782,-394.194,-1.587,0
150.000,G30,259350.000,-1897.000,-1505.485,-391.515,-394.194,2.679,0
151.000,E04,259351.000,-16596.000,-16190.948,-405.052,-394.177,-10.875,0
151.000,E12,259351.000,10251.000,10642.301,-391.301,-394.177,2.876,0
151.000,E19,259351.000,9276.000,9671.193,-395.193,-394.177,-1.016,0
151.000,E21,259351.000,-17190.000,-16785.839,-404.161,-394.177,-9.984,0
151.000,E26,259351.000,-31040.000,-30644.173,-395.827,-394.177,-1.650,0
151.000,E33,259351.000,-16406.000,-16021.990,-384.010,-394.177,10.167,0
151.000,G02,259351.000,-2468.000,-2083.522,-384.478,-394.177,9.699,0
151.000,G06,259351.000,7089.000,7476.571,-387.571,-394.177,6.606,0
151.000,G07,259351.000,3208.000,3601.161,-393.161,-394.177,1.016,0
151.000,G09,259351.000,25517.000,25915.004,-398.004,-394.177,-3.827,0
151.000,G11,259351.000,-11241.000,-10859.114,-381.886,-394.177,12.291,0
151.000,G13,259351.000,-11893.000,-11493.592,-399.408,-394.177,-5.231,0
151.000,G15,259351.000,-8014.000,-7611.082,-402.918,-394.177,-8.741,0
151.000,G20,259351.000,18023.000,18412.163,-389.163,-394.177,5.014,0
151.000,G22,259351.000,-4838.000,-4442.729,-395.271,-394.177,-1.094,0
151.000,G30,259351.000,-1932.000,-1540.180,-391.820,-394.177,2.357,0
152.000,E04,259352.000,-16604.000,-16198.920,-405.080,-394.148,-10.932,0
152.000,E12,259352.000,10214.000,10604.751,-390.751,-394.148,3.397,0
152.000,E19,259352.000,9246.000,9641.239,-395.239,-394.148,-1.091,0
152.000,E21,259352.000,-17198.000,-16793.572,-404.428,-394.148,-10.280,0
152.000,E26,259352.000,-31065.000,-30668.698,-396.302,-394.148,-2.154,0
152.000,E33,259352.000,-16455.000,-16070.915,-384.085,-394.148,10.063,0
152.000,G02,259352.000,-2516.000,-2131.805,-384.195,-394.148,9.953,0
152.000,G06,259352.000,7044.000,7431.897,-387.897,-394.148,6.252,0
152.000,G07,259352.000,3174.000,3567.058,-393.058,-394.148,1.091,0
152.000,G09,259352.000,25493.000,25891.402,-398.402,-394.148,-4.254,0
152.000,G11,259352.000,-11295.000,-10913.184,-381.816,-394.148,12.332,0
152.000,G13,259352.000,-11911.000,-11511.142,-399.858,-394.148,-5.709,0
152.000,G15,259352.000,-8026.000,-7623.003,-402.997,-394.148,-8.849,0
152.000,G20,259352.000,17981.000,18370.205,-389.205,-394.148,4.943,0
152.000,G22,259352.000,-4864.000,-4468.224,-395.776,-394.148,-1.628,0
152.000,G30,259352.000,-1966.000,-1574.872,-391.128,-394.148,3.020,0
153.000,E04,259353.000,-16612.000,-16206.883,-405.117,-394.108,-11.010,0
153.000,E12,259353.000,10176.000,10567.176,-391.176,-394.108,2.931,0
153.000,E19,259353.000,9216.000,9611.266,-395.266,-394.108,-1.159,0
153.000,E21,259353.000,-17206.000,-16801.289,-404.711,-394.108,-10.603,0
153.000,E26,259353.000,-31090.000,-30693.171,-396.829,-394.108,-2.722,0
153.000,E33,259353.000,-16504.000,-16119.805,-384.195,-394.108,9.913,0
153.000,G02,259353.000,-2565.000,-2180.088,-384.912,-394.108,9.196,0
153.000,G06,259353.000,6999.000,7387.200,-388.200,-394.108,5.908,0
153.000,G07,259353.000,3140.000,3532.949,-392.949,-394.108,1.159,0
153.000,G09,259353.000,25469.000,25867.763,-398.763,-394.108,-4.656,0
153.000,G11,259353.000,-11349.000,-10967.228,-381.772,-394.108,12.336,0
153.000,G13,259353.000,-11929.000,-11528.684,-400.316,-394.108,-6.208,0
153.000,G15,259353.000,-8038.000,-7634.923,-403.077,-394.108,-8.969,0
153.000,G20,259353.000,17939.000,18328.204,-389.204,-394.108,4.904,0
153.000,G22,259353.000,-4890.000,-4493.703,-396.297,-394.108,-2.189,0
153.000,G30,259353.000,-2001.000,-1609.561,-391.439,-394.108,2.669,0
154.000,E04,259354.000,-16620.000,-16214.835,-405.165,-394.056,-11.109,0
154.000,E12,259354.000,10138.000,10529.577,-391.577,-394.056,2.479,0
154.000,E19,259354.000,9186.000,9581.276,-395.276,-394.056,-1.221,0
154.000,E21,259354.000,-17214.000,-16808.990,-405.010,-394.056,-10.954,0
154.000,E26,259354.000,-31115.000,-30717.591,-397.409,-394.056,-3.353,0
154.000,E33,259354.000,-16553.000,-16168.660,-384.340,-394.056,9.716,0
154.000,G02,259354.000,-2613.000,-2228.371,-384.629,-394.056,9.427,0
154.000,G06,259354.000,6955.000,7342.481,-387.481,-394.056,6.575,0
154.000,G07,259354.000,3106.000,3498.835,-392.835,-394.056,1.221,0
154.000,G09,259354.000,25446.000,25844.088,-398.088,-394.056,-4.033,0
154.000,G11,259354.000,-11403.000,-11021.245,-381.755,-394.056,12.301,0
154.000,G13,259354.000,-11947.000,-11546.218,-400.782,-394.056,-6.726,0
154.000,G15,259354.000,-8050.000,-7646.842,-403.158,-394.056,-9.102,0
154.000,G20,259354.000,17897.000,18286.158,-389.158,-394.056,4.897,0
154.000,G22,259354.000,-4915.000,-4519.166,-395.834,-394.056,-1.778,0
154.000,G30,259354.000,-2036.000,-1644.247,-391.753,-394.056,2.303,0
155.000,E04,259355.000,-16628.000,-16222.777,-405.223,-393.993,-11.231,0
155.000,E12,259355.000,10101.000,10491.952,-390.952,-393.993,3.040,0
155.000,E19,259355.000,9156.000,9551.269,-395.269,-393.993,-1.276,0
155.000,E21,259355.000,-17222.000,-16816.675,-405.325,-393.993,-11.333,0
155.000,E26,259355.000,-31139.000,-30741.961,-397.039,-393.993,-3.047,0
155.000,E33,259355.000,-16602.000,-16217.479,-384.521,-393.993,9.471,0
155.000,G02,259355.000,-2662.000,-2276.655,-385.345,-393.993,8.648,0
155.000,G06,259355.000,6910.000,7297.739,-387.739,-393.993,6.253,0
155.000,G07,259355.000,3072.000,3464.716,-392.716,-393.993,1.276,0
155.000,G09,259355.000,25422.000,25820.378,-398.378,-393.993,-4.385,0
155.000,G11,259355.000,-11457.000,-11075.236,-381.764,-393.993,12.228,0
155.000,G13,259355.000,-11964.000,-11563.743,-400.257,-393.993,-6.265,0
155.000,G15,259355.000,-8062.000,-7658.760,-403.240,-393.993,-9.247,0
155.000,G20,259355.000,17855.000,18244.070,-389.070,-393.993,4.923,0
155.000,G22,259355.000,-4941.000,-4544.613,-396.387,-393.993,-2.394,0
155.000,G30,259355.000,-2071.000,-1678.930,-392.070,-393.993,1.922,0
156.000,E04,259356.000,-16636.000,-16230.708,-405.292,-394.418,-10.874,0
156.000,E12,259356.000,10063.000,10454.303,-391.303,-394.418,3.115,0
156.000,E19,259356.000,9126.000,9521.244,-395.244,-394.418,-0.826,0
156.000,E21,259356.000,-17229.000,-16824.344,-404.656,-394.418,-10.238,0
156.000,E26,259356.000,-31163.000,-30766.278,-396.722,-394.418,-2.304,0
156.000,E33,259356.000,-16651.000,-16266.262,-384.738,-394.418,9.680,0
156.000,G02,259356.000,-2710.000,-2324.939,-385.061,-394.418,9.357,0
156.000,G06,259356.000,6865.000,7252.976,-387.976,-394.418,6.442,0
156.000,G07,259356.000,3037.000,3430.592,-393.592,-394.418,0.826,0
156.000,G09,259356.000,25398.000,25796.631,-398.631,-394.418,-4.213,0
156.000,G11,259356.000,-11511.000,-11129.199,-381.801,-394.418,12.617,0
156.000,G13,259356.000,-11982.000,-11581.259,-400.741,-394.418,-6.323,0
156.000,G15,259356.000,-8074.000,-7670.677,-403.323,-394.418,-8.905,0
156.000,G20,259356.000,17813.000,18201.937,-388.937,-394.418,5.481,0
156.000,G22,259356.000,-4966.000,-4570.044,-395.956,-394.418,-1.538,0
156.000,G30,259356.000,-2106.000,-1713.609,-392.391,-394.418,2.027,0
157.000,E04,259357.000,-16644.000,-16238.630,-405.370,-394.332,-11.038,0
157.000,E12,259357.000,10025.000,10416.628,-391.628,-394.332,2.704,0
157.000,E19,259357.000,9096.000,9491.202,-395.202,-394.332,-0.870,0
157.000,E21,259357.000,-17237.000,-16831.997,-405.003,-394.332,-10.671,0
157.000,E26,259357.000,-31188.000,-30790.544,-397.456,-394.332,-3.124,0
157.000,E33,259357.000,-16700.000,-16315.010,-384.990,-394.332,9.342,0
157.000,G02,259357.000,-2758.000,-2373.223,-384.777,-394.332,9.555,0
157.000,G06,259357.000,6820.000,7208.190,-388.190,-394.332,6.142,0
157.000,G07,259357.000,3003.000,3396.463,-393.463,-394.332,0.870,0
157.000,G09,259357.000,25374.000,25772.848,-398.848,-394.332,-4.516,0
157.000,G11,259357.000,-11565.000,-11183.135,-381.865,-394.332,12.467,0
157.000,G13,259357.000,-11999.000,-11598.766,-400.234,-394.332,-5.901,0
157.000,G15,259357.000,-8086.000,-7682.593,-403.407,-394.332,-9.075,0
157.000,G20,259357.000,17771.000,18159.762,-388.762,-394.332,5.570,0
157.000,G22,259357.000,-4992.000,-4595.459,-396.541,-394.332,-2.209,0
157.000,G30,259357.000,-2140.000,-1748.286,-391.714,-394.332,2.618,0
158.000,E04,259358.000,-16652.000,-16246.541,-405.459,-394.235,-11.224,0
158.000,E12,259358.000,9987.000,10378.929,-391.929,-394.235,2.306,0
158.000,E19,259358.000,9066.000,9461.142,-395.142,-394.235,-0.907,0
158.000,E21,259358.000,-17245.000,-16839.634,-405.366,-394.235,-11.131,0
158.000,E26,259358.000,-31212.000,-30814.758,-397.242,-394.235,-3.007,0
158.000,E33,259358.000,-16749.000,-16363.722,-385.278,-394.235,8.957,0
158.000,G02,259358.000,-2807.000,-2421.507,-385.493,-394.235,8.742,0
158.000,G06,259358.000,6775.000,7163.383,-388.383,-394.235,5.852,0
158.000,G07,259358.000,2969.000,3362.328,-393.328,-394.235,0.907,0
158.000,G09,259358.000,25351.000,25749.029,-398.029,-394.235,-3.794,0
158.000,G11,259358.000,-11619.000,-11237.044,-381.956,-394.235,12.279,0
158.000,G13,259358.000,-12017.000,-11616.266,-400.734,-394.235,-6.499,0
158.000,G15,259358.000,-8098.000,-7694.507,-403.493,-394.235,-9.258,0
158.000,G20,259358.000,17728.000,18117.543,-389.543,-394.235,4.692,0
158.000,G22,259358.000,-5017.000,-4620.858,-396.142,-394.235,-1.907,0
158.000,G30,259358.000,-2175.000,-1782.959,-392.041,-394.235,2.194,0
159.000,E04,259359.000,-16660.000,-16254.442,-405.558,-394.127,-11.431,0
159.000,E12,259359.000,9950.000,10341.205,-391.205,-394.127,2.922,0
159.000,E19,259359.000,9036.000,9431.065,-395.065,-394.127,-0.938,0
159.000,E21,259359.000,-17252.000,-16847.255,-404.745,-394.127,-10.618,0
159.000,E26,259359.000,-31236.000,-30838.920,-397.080,-394.127,-2.953,0
159.000,E33,259359.000,-16797.000,-16412.398,-384.602,-394.127,9.524,0
159.000,G02,259359.000,-2855.000,-2469.790,-385.210,-394.127,8.917,0
159.000,G06,259359.000,6731.000,7118.553,-387.553,-394.127,6.574,0
159.000,G07,259359.000,2935.000,3328.188,-393.188,-394.127,0.938,0
159.000,G09,259359.000,25327.000,25725.174,-398.174,-394.127,-4.047,0
159.000,G11,259359.000,-11673.000,-11290.925,-382.075,-394.127,12.052,0
159.000,G13,259359.000,-12034.000,-11633.756,-400.244,-394.127,-6.117,0
159.000,G15,259359.000,-8110.000,-7706.420,-403.580,-394.127,-9.453,0
159.000,G20,259359.000,17686.000,18075.280,-389.280,-394.127,4.846,0
159.000,G22,259359.000,-5043.000,-4646.241,-396.759,-394.127,-2.632,0
159.000,G30,259359.000,-2210.000,-1817.628,-392.372,-394.127,1.755,0
160.000,E04,259360.000,-16667.000,-16262.333,-404.667,-394.007,-10.660,0
160.000,E12,259360.000,9912.000,10303.456,-391.456,-394.007,2.551,0
160.000,E19,259360.000,9006.000,9400.971,-394.971,-394.007,-0.963,0
160.000,E21,259360.000,-17260.000,-16854.861,-405.139,-394.007,-11.132,0
160.000,E26,259360.000,-31260.000,-30863.031,-396.969,-394.007,-2.962,0
160.000,E33,259360.000,-16846.000,-16461.038,-384.962,-394.007,9.045,0
160.000,G02,259360.000,-2903.000,-2518.073,-384.927,-394.007,9.080,0
160.000,G06,259360.000,6686.000,7073.702,-387.702,-394.007,6.305,0
160.000,G07,259360.000,2901.000,3294.044,-393.044,-394.007,0.963,0
160.000,G09,259360.000,25303.000,25701.283,-398.283,-394.007,-4.275,0
160.000,G11,259360.000,-11727.000,-11344.779,-382.221,-394.007,11.786,0
160.000,G13,259360.000,-12052.000,-11651.238,-400.762,-394.007,-6.755,0
160.000,G15,259360.000,-8121.000,-7718.332,-402.668,-394.007,-8.660,0
160.000,G20,259360.000,17644.000,18032.975,-388.975,-394.007,5.032,0
160.000,G22,259360.000,-5068.000,-4671.608,-396.392,-394.007,-2.385,0
160.000,G30,259360.000,-2244.000,-1852.295,-391.705,-394.007,2.302,0
161.000,E04,259361.000,-16675.000,-16270.214,-404.786,-393.877,-10.909,0
161.000,E12,259361.000,9874.000,10265.683,-391.683,-393.877,2.194,0
161.000,E19,259361.000,8976.000,9370.859,-394.859,-393.877,-0.982,0
161.000,E21,259361.000,-17268.000,-16862.450,-405.550,-393.877,-11.673,0
161.000,E26,259361.000,-31284.000,-30887.090,-396.910,-393.877,-3.033,0
161.000,E33,259361.000,-16895.000,-16509.641,-385.359,-393.877,8.518,0
161.000,G02,259361.000,-2952.000,-2566.356,-385.644,-393.877,8.232,0
161.000,G06,259361.000,6641.000,7028.829,-387.829,-393.877,6.048,0
161.000,G07,259361.000,2867.000,3259.895,-392.895,-393.877,0.982,0
161.000,G09,259361.000,25279.000,25677.356,-398.356,-393.877,-4.479,0
161.000,G11,259361.000,-11781.000,-11398.605,-382.395,-393.877,11.482,0
161.000,G13,259361.000,-12069.000,-11668.711,-400.289,-393.877,-6.412,0
161.000,G15,259361.000,-8134.000,-7730.243,-403.757,-393.877,-9.880,0
161.000,G20,259361.000,17601.000,17990.626,-389.626,-393.877,4.250,0
161.000,G22,259361.000,-5093.000,-4696.958,-396.042,-393.877,-2.165,0
161.000,G30,259361.000,-2279.000,-1886.957,-392.043,-393.877,1.834,0
162.000,E04,259362.000,-16683.000,-16278.084,-404.916,-394.735,-10.181,0
162.000,E12,259362.000,9836.000,10227.885,-391.885,-394.735,2.850,0
162.000,E19,259362.000,8945.000,9340.730,-395.730,-394.735,-0.995,0
162.000,E21,259362.000,-17275.000,-16870.024,-404.976,-394.735,-10.241,0
162.000,E26,259362.000,-31308.000,-30911.097,-396.903,-394.735,-2.168,0
162.000,E33,259362.000,-16943.000,-16558.209,-384.791,-394.735,9.944,0
162.000,G02,259362.000,-3000.000,-2614.637,-385.363,-394.735,9.372,0
162.000,G06,259362.000,6596.000,6983.934,-387.934,-394.735,6.801,0
162.000,G07,259362.000,2832.000,3225.740,-393.740,-394.735,0.995,0
162.000,G09,259362.000,25255.000,25653.392,-398.392,-394.735,-3.657,0
162.000,G11,259362.000,-11835.000,-11452.404,-382.596,-394.735,12.139,0
162.000,G13,259362.000,-12087.000,-11686.175,-400.825,-394.735,-6.090,0
162.000,G15,259362.000,-8145.000,-7742.153,-402.847,-394.735,-8.112,0
162.000,G20,259362.000,17559.000,17948.235,-389.235,-394.735,5.500,0
162.000,G22,259362.000,-5119.000,-4722.292,-396.708,-394.735,-1.973,0
162.000,G30,259362.000,-2314.000,-1921.616,-392.384,-394.735,2.351,0
163.000,E04,259363.000,-16691.000,-16285.945,-405.055,-393.582,-11.473,0
163.000,E12,259363.000,9799.000,10190.063,-391.063,-393.582,2.519,0
163.000,E19,259363.000,8916.000,9310.584,-394.584,-393.582,-1.001,0
163.000,E21,259363.000,-17282.000,-16877.581,-404.419,-393.582,-10.836,0
163.000,E26,259363.000,-31332.000,-30935.053,-396.947,-393.582,-3.365,0
163.000,E33,259363.000,-16991.000,-16606.740,-384.260,-393.582,9.323,0
163.000,G02,259363.000,-3048.000,-2662.918,-385.082,-393.582,8.501,0
163.000,G06,259363.000,6552.000,6939.018,-387.018,-393.582,6.564,0
163.000,G07,259363.000,2799.000,3191.581,-392.581,-393.582,1.001,0
163.000,G09,259363.000,25231.000,25629.393,-398.393,-393.582,-4.811,0
163.000,G11,259363.000,-11888.000,-11506.174,-381.826,-393.582,11.756,0
163.000,G13,259363.000,-12104.000,-11703.631,-400.369,-393.582,-6.786,0
163.000,G15,259363.000,-8157.000,-7754.062,-402.938,-393.582,-9.356,0
163.000,G20,259363.000,17517.000,17905.800,-388.800,-393.582,4.783,0
163.000,G22,259363.000,-5144.000,-4747.610,-396.390,-393.582,-2.808,0
163.000,G30,259363.000,-2348.000,-1956.272,-391.728,-393.582,1.854,0
164.000,E04,259364.000,-16699.000,-16293.794,-405.206,-393.419,-11.787,0
164.000,E12,259364.000,9761.000,10152.217,-391.217,-393.419,2.202,0
164.000,E19,259364.000,8886.000,9280.420,-394.420,-393.419,-1.002,0
164.000,E21,259364.000,-17290.000,-16885.123,-404.877,-393.419,-11.458,0
164.000,E26,259364.000,-31356.000,-30958.957,-397.043,-393.419,-3.625,0
164.000,E33,259364.000,-17040.000,-16655.235,-384.765,-393.419,8.654,0
164.000,G02,259364.000,-3096.000,-2711.199,-384.801,-393.419,8.617,0
164.000,G06,259364.000,6507.000,6894.081,-387.081,-393.419,6.338,0
164.000,G07,259364.000,2765.000,3157.417,-392.417,-393.419,1.002,0
164.000,G09,259364.000,25208.000,25605.358,-397.358,-393.419,-3.939,0
164.000,G11,259364.000,-11942.000,-11559.916,-382.084,-393.419,11.335,0
164.000,G13,259364.000,-12121.000,-11721.078,-399.922,-393.419,-6.503,0
164.000,G15,259364.000,-8169.000,-7765.969,-403.031,-393.419,-9.612,0
164.000,G20,259364.000,17475.000,17863.322,-388.322,-393.419,5.097,0
164.000,G22,259364.000,-5169.000,-4772.911,-396.089,-393.419,-2.670,0
164.000,G30,259364.000,-2382.000,-1990.924,-391.076,-393.419,2.343,0
165.000,E04,259365.000,-16706.000,-16301.634,-404.366,-393.244,-11.122,0
165.000,E12,259365.000,9724.000,10114.346,-390.346,-393.244,2.898,0
165.000,E19,259365.000,8856.000,9250.240,-394.240,-393.244,-0.996,0
165.000,E21,259365.000,-17297.000,-16892.649,-404.351,-393.244,-11.107,0
165.000,E26,259365.000,-31380.000,-30982.809,-397.191,-393.244,-3.947,0
165.000,E33,259365.000,-17088.000,-16703.694,-384.306,-393.244,8.938,0
165.000,G02,259365.000,-3144.000,-2759.478,-384.522,-393.244,8.722,0
165.000,G06,259365.000,6462.000,6849.122,-387.122,-393.244,6.122,0
165.000,G07,259365.000,2731.000,3123.249,-392.249,-393.244,0.996,0
165.000,G09,259365.000,25184.000,25581.287,-397.287,-393.244,-4.042,0
165.000,G11,259365.000,-11996.000,-11613.630,-382.370,-393.244,10.874,0
165.000,G13,259365.000,-12139.000,-11738.517,-400.483,-393.244,-7.239,0
165.000,G15,259365.000,-8181.000,-7777.875,-403.125,-393.244,-9.880,0
165.000,G20,259365.000,17432.000,17820.802,-388.802,-393.244,4.443,0
165.000,G22,259365.000,-5194.000,-4798.196,-395.804,-393.244,-2.559,0
165.000,G30,259365.000,-2417.000,-2025.572,-391.428,-393.244,1.816,0
166.000,E04,259366.000,-16714.000,-16309.464,-404.536,-394.059,-10.477,0
166.000,E12,259366.000,9686.000,10076.451,-390.451,-394.059,3.608,0
166.000,E19,259366.000,8825.000,9220.042,-395.042,-394.059,-0.983,0
166.000,E21,259366.000,-17305.000,-16900.159,-404.841,-394.059,-10.782,0
166.000,E26,259366.000,-31403.000,-31006.609,-396.391,-394.059,-2.332,0
166.000,E33,259366.000,-17137.000,-16752.115,-384.885,-394.059,9.174,0
166.000,G02,259366.000,-3192.000,-2807.756,-384.244,-394.059,9.815,0
166.000,G06,259366.000,6417.000,6804.142,-387.142,-394.059,6.917,0
166.000,G07,259366.000,2696.000,3089.075,-393.075,-394.059,0.983,0
166.000,G09,259366.000,25159.000,25557.179,-398.179,-394.059,-4.120,0
166.000,G11,259366.000,-12049.000,-11667.316,-381.684,-394.059,12.375,0
166.000,G13,259366.000,-12156.000,-11755.946,-400.054,-394.059,-5.995,0
166.000,G15,259366.000,-8192.000,-7789.780,-402.220,-394.059,-8.161,0
166.000,G20,259366.000,17390.000,17778.238,-388.238,-394.059,5.821,0
166.000,G22,259366.000,-5219.000,-4823.465,-395.535,-394.059,-1.476,0
166.000,G30,259366.000,-2452.000,-2060.216,-391.784,-394.059,2.275,0
167.000,E04,259367.000,-16722.000,-16317.283,-404.717,-393.863,-10.854,0
167.000,E12,259367.000,9648.000,10038.531,-390.531,-393.863,3.331,0
167.000,E19,259367.000,8795.000,9189.828,-394.828,-393.863,-0.965,0
167.000,E21,259367.000,-17312.000,-16907.653,-404.347,-393.863,-10.485,0
167.000,E26,259367.000,-31427.000,-31030.358,-396.642,-393.863,-2.780,0
167.000,E33,259367.000,-17185.000,-16800.501,-384.499,-393.863,9.363,0
167.000,G02,259367.000,-3241.000,-2856.033,-384.967,-393.863,8.895,0
167.000,G06,259367.000,6372.000,6759.141,-387.141,-393.863,6.721,0
167.000,G07,259367.000,2662.000,3054.898,-392.898,-393.863,0.965,0
167.000,G09,259367.000,25135.000,25533.036,-398.036,-393.863,-4.173,0
167.000,G11,259367.000,-12103.000,-11720.973,-382.027,-393.863,11.835,0
167.000,G13,259367.000,-12173.000,-11773.367,-399.633,-393.863,-5.770,0
167.000,G15,259367.000,-8204.000,-7801.684,-402.316,-393.863,-8.454,0
167.000,G20,259367.000,17347.000,17735.632,-388.632,-393.863,5.230,0
167.000,G22,259367.000,-5245.000,-4848.717,-396.283,-393.863,-2.420,0
167.000,G30,259367.000,-2486.000,-2094.857,-391.143,-393.863,2.720,0
168.000,E04,259368.000,-16730.000,-16325.092,-404.908,-393.656,-11.252,0
168.000,E12,259368.000,9610.000,10000.588,-390.588,-393.656,3.068,0
168.000,E19,259368.000,8765.000,9159.596,-394.596,-393.656,-0.940,0
168.000,E21,259368.000,-17320.000,-16915.131,-404.869,-393.656,-11.214,0
168.000,E26,259368.000,-31451.000,-31054.055,-396.945,-393.656,-3.289,0
168.000,E33,259368.000,-17234.000,-16848.849,-385.151,-393.656,8.505,0
168.000,G02,259368.000,-3289.000,-2904.308,-384.692,-393.656,8.964,0
168.000,G06,259368.000,6327.000,6714.119,-387.119,-393.656,6.536,0
168.000,G07,259368.000,2628.000,3020.715,-392.715,-393.656,0.940,0
168.000,G09,259368.000,25111.000,25508.857,-397.857,-393.656,-4.201,0
168.000,G11,259368.000,-12157.000,-11774.601,-382.399,-393.656,11.257,0
168.000,G13,259368.000,-12191.000,-11790.779,-400.221,-393.656,-6.565,0
168.000,G15,259368.000,-8217.000,-7813.586,-403.414,-393.656,-9.758,0
168.000,G20,259368.000,17304.000,17692.983,-388.983,-393.656,4.672,0
168.000,G22,259368.000,-5270.000,-4873.952,-396.048,-393.656,-2.392,0
168.000,G30,259368.000,-2521.000,-2129.493,-391.507,-393.656,2.149,0
169.000,E04,259369.000,-16738.000,-16332.891,-405.109,-393.438,-11.671,0
169.000,E12,259369.000,9572.000,9962.621,-390.621,-393.438,2.817,0
169.000,E19,259369.000,8735.000,9129.347,-394.347,-393.438,-0.909,0
169.000,E21,259369.000,-17328.000,-16922.593,-405.407,-393.438,-11.969,0
169.000,E26,259369.000,-31475.000,-31077.700,-397.300,-393.438,-3.862,0
169.000,E33,259369.000,-17282.000,-16897.161,-384.839,-393.438,8.599,0
169.000,G02,259369.000,-3337.000,-2952.582,-384.418,-393.438,9.020,0
169.000,G06,259369.000,6282.000,6669.076,-387.076,-393.438,6.361,0
169.000,G07,259369.000,2594.000,2986.529,-392.529,-393.438,0.909,0
169.000,G09,259369.000,25087.000,25484.641,-397.641,-393.438,-4.203,0
169.000,G11,259369.000,-12210.000,-11828.201,-381.799,-393.438,11.639,0
169.000,G13,259369.000,-12208.000,-11808.183,-399.817,-393.438,-6.379,0
169.000,G15,259369.000,-8228.000,-7825.487,-402.513,-393.438,-9.075,0
169.000,G20,259369.000,17262.000,17650.292,-388.292,-393.438,5.146,0
169.000,G22,259369.000,-5295.000,-4899.171,-395.829,-393.438,-2.391,0
169.000,G30,259369.000,-2556.000,-2164.126,-391.874,-393.438,1.564,0
170.000,E04,259370.000,-16745.000,-16340.680,-404.320,-393.710,-10.611,0
170.000,E12,259370.000,9534.000,9924.629,-390.629,-393.710,3.081,0
170.000,E19,259370.000,8704.000,9099.082,-395.082,-393.710,-1.372,0
170.000,E21,259370.000,-17335.000,-16930.039,-404.961,-393.710,-11.251,0
170.000,E26,259370.000,-31498.000,-31101.294,-396.706,-393.710,-2.996,0
170.000,E33,259370.000,-17330.000,-16945.435,-384.565,-393.710,9.145,0
170.000,G02,259370.000,-3385.000,-3000.854,-384.146,-393.710,9.564,0
170.000,G06,259370.000,6237.000,6624.013,-387.013,-393.710,6.697,0
170.000,G07,259370.000,2560.000,2952.337,-392.337,-393.710,1.372,0
170.000,G09,259370.000,25063.000,25460.390,-397.390,-393.710,-3.680,0
170.000,G11,259370.000,-12264.000,-11881.772,-382.228,-393.710,11.481,0
170.000,G13,259370.000,-12226.000,-11825.578,-400.422,-393.710,-6.713,0
170.000,G15,259370.000,-8240.000,-7837.387,-402.613,-393.710,-8.903,0
170.000,G20,259370.000,17219.000,17607.558,-388.558,-393.710,5.151,0
170.000,G22,259370.000,-5320.000,-4924.374,-395.626,-393.710,-1.917,0
170.000,G30,259370.000,-2590.000,-2198.755,-391.245,-393.710,2.464,0
171.000,E04,259371.000,-16753.000,-16348.458,-404.542,-393.471,-11.071,0
171.000,E12,259371.000,9496.000,9886.614,-390.614,-393.471,2.857,0
171.000,E19,259371.000,8674.000,9068.799,-394.799,-393.471,-1.329,0
171.000,E21,259371.000,-17342.000,-16937.470,-404.530,-393.471,-11.060,0
171.000,E26,259371.000,-31522.000,-31124.836,-397.164,-393.471,-3.693,0
171.000,E33,259371.000,-17378.000,-16993.673,-384.327,-393.471,9.143,0
171.000,G02,259371.000,-3434.000,-3049.125,-384.875,-393.471,8.596,0
171.000,G06,259371.000,6192.000,6578.929,-386.929,-393.471,6.542,0
171.000,G07,259371.000,2526.000,2918.142,-392.142,-393.471,1.329,0
171.000,G09,259371.000,25039.000,25436.103,-397.103,-393.471,-3.632,0
171.000,G11,259371.000,-12317.000,-11935.314,-381.686,-393.471,11.784,0
171.000,G13,259371.000,-12243.000,-11842.964,-400.036,-393.471,-6.566,0
171.000,G15,259371.000,-8252.000,-7849.286,-402.714,-393.471,-9.243,0
171.000,G20,259371.000,17176.000,17564.782,-388.782,-393.471,4.689,0
171.000,G22,259371.000,-5345.000,-4949.560,-395.440,-393.471,-1.970,0
171.000,G30,259371.000,-2625.000,-2233.379,-391.621,-393.471,1.850,0
172.000,E04,259372.000,-16761.000,-16356.227,-404.773,-393.721,-11.052,0
172.000,E12,259372.000,9458.000,9848.574,-390.574,-393.721,3.146,0
172.000,E19,259372.000,8644.000,9038.500,-394.500,-393.721,-0.779,0
172.000,E21,259372.000,-17350.000,-16944.884,-405.116,-393.721,-11.395,0
172.000,E26,259372.000,-31545.000,-31148.326,-396.674,-393.721,-2.953,0
172.000,E33,259372.000,-17426.000,-17041.873,-384.127,-393.721,9.594,0
172.000,G02,259372.000,-3482.000,-3097.394,-384.606,-393.721,9.115,0
172.000,G06,259372.000,6147.000,6533.824,-386.824,-393.721,6.897,0
172.000,G07,259372.000,2491.000,2883.942,-392.942,-393.721,0.779,0
172.000,G09,259372.000,25014.000,25411.779,-397.779,-393.721,-4.058,0
172.000,G11,259372.000,-12371.000,-11988.826,-382.174,-393.721,11.547,0
172.000,G13,259372.000,-12260.000,-11860.341,-399.659,-393.721,-5.939,0
172.000,G15,259372.000,-8264.000,-7861.183,-402.817,-393.721,-9.096,0
172.000,G20,259372.000,17134.000,17521.963,-387.963,-393.721,5.758,0
172.000,G22,259372.000,-5370.000,-4974.729,-395.271,-393.721,-1.550,0
172.000,G30,259372.000,-2659.000,-2268.000,-391.000,-393.721,2.721,0
173.000,E04,259373.000,-16769.000,-16363.985,-405.015,-393.461,-11.555,0
173.000,E12,259373.000,9420.000,9810.512,-390.512,-393.461,2.949,0
173.000,E19,259373.000,8614.000,9008.184,-394.184,-393.461,-0.723,0
173.000,E21,259373.000,-17357.000,-16952.283,-404.717,-393.461,-11.256,0
173.000,E26,259373.000,-31569.000,-31171.765,-397.235,-393.461,-3.774,0
173.000,E33,259373.000,-17475.000,-17090.036,-384.964,-393.461,8.497,0
173.000,G02,259373.000,-3530.000,-3145.660,-384.340,-393.461,9.121,0
173.000,G06,259373.000,6102.000,6488.698,-386.698,-393.461,6.762,0
173.000,G07,259373.000,2457.000,2849.738,-392.738,-393.461,0.723,0
173.000,G09,259373.000,24990.000,25387.420,-397.420,-393.461,-3.959,0
173.000,G11,259373.000,-12424.000,-12042.310,-381.690,-393.461,11.770,0
173.000,G13,259373.000,-12278.000,-11877.709,-400.291,-393.461,-6.830,0
173.000,G15,259373.000,-8276.000,-7873.079,-402.921,-393.461,-9.460,0
173.000,G20,259373.000,17091.000,17479.102,-388.102,-393.461,5.359,0
173.000,G22,259373.000,-5396.000,-4999.881,-396.119,-393.461,-2.658,0
173.000,G30,259373.000,-2694.000,-2302.616,-391.384,-393.461,2.077,0
174.000,E04,259374.000,-16776.000,-16371.732,-404.268,-393.690,-10.577,0
174.000,E12,259374.000,9382.000,9772.425,-390.425,-393.690,3.265,0
174.000,E19,259374.000,8583.000,8977.851,-394.851,-393.690,-1.161,0
174.000,E21,259374.000,-17364.000,-16959.666,-404.334,-393.690,-10.644,0
174.000,E26,259374.000,-31592.000,-31195.152,-396.848,-393.690,-3.158,0
174.000,E33,259374.000,-17523.000,-17138.162,-384.838,-393.690,8.852,0
174.000,G02,259374.000,-3578.000,-3193.925,-384.075,-393.690,9.615,0
174.000,G06,259374.000,6057.000,6443.553,-386.553,-393.690,7.137,0
174.000,G07,259374.000,2423.000,2815.529,-392.529,-393.690,1.161,0
174.000,G09,259374.000,24966.000,25363.025,-397.025,-393.690,-3.335,0
174.000,G11,259374.000,-12478.000,-12095.764,-382.236,-393.690,11.454,0
174.000,G13,259374.000,-12295.000,-11895.068,-399.932,-393.690,-6.242,0
174.000,G15,259374.000,-8287.000,-7884.974,-402.026,-393.690,-8.336,0
174.000,G20,259374.000,17048.000,17436.199,-388.199,-393.690,5.492,0
174.000,G22,259374.000,-5421.000,-5025.017,-395.983,-393.690,-2.293,0
174.000,G30,259374.000,-2729.000,-2337.228,-391.772,-393.690,1.918,0
175.000,E04,259375.000,-16784.000,-16379.470,-404.530,-393.409,-11.121,0
175.000,E12,259375.000,9344.000,9734.315,-390.315,-393.409,3.094,0
175.000,E19,259375.000,8553.000,8947.501,-394.501,-393.409,-1.092,0
175.000,E21,259375.000,-17371.000,-16967.033,-403.967,-393.409,-10.558,0
175.000,E26,259375.000,-31615.000,-31218.488,-396.512,-393.409,-3.103,0
175.000,E33,259375.000,-17571.000,-17186.251,-384.749,-393.409,8.660,0
175.000,G02,259375.000,-3626.000,-3242.188,-383.812,-393.409,9.597,0
175.000,G06,259375.000,6012.000,6398.387,-386.387,-393.409,7.022,0
175.000,G07,259375.000,2389.000,2781.317,-392.317,-393.409,1.092,0
175.000,G09,259375.000,24941.000,25338.594,-397.594,-393.409,-4.185,0
175.000,G11,259375.000,-12531.000,-12149.188,-381.812,-393.409,11.597,0
175.000,G13,259375.000,-12312.000,-11912.419,-399.581,-393.409,-6.172,0
175.000,G15,259375.000,-8299.000,-7896.868,-402.132,-393.409,-8.723,0
175.000,G20,259375.000,17005.000,17393.253,-388.253,-393.409,5.156,0
175.000,G22,259375.000,-5446.000,-5050.135,-395.865,-393.409,-2.456,0
175.000,G30,259375.000,-2763.000,-2371.836,-391.164,-393.409,2.245,0
176.000,E04,259376.000,-16792.000,-16387.197,-404.803,-393.118,-11.685,0
176.000,E12,259376.000,9306.000,9696.181,-390.181,-393.118,2.937,0
176.000,E19,259376.000,8523.000,8917.135,-394.135,-393.118,-1.017,0
176.000,E21,259376.000,-17379.000,-16974.384,-404.616,-393.118,-11.498,0
176.000,E26,259376.000,-31639.000,-31241.772,-397.228,-393.118,-4.111,0
176.000,E33,259376.000,-17619.000,-17234.302,-384.698,-393.118,8.419,0
176.000,G02,259376.000,-3675.000,-3290.448,-384.552,-393.118,8.565,0
176.000,G06,259376.000,5966.000,6353.201,-387.201,-393.118,5.917,0
176.000,G07,259376.000,2355.000,2747.100,-392.100,-393.118,1.017,0
176.000,G09,259376.000,24917.000,25314.127,-397.127,-393.118,-4.009,0
176.000,G11,259376.000,-12584.000,-12202.583,-381.417,-393.118,11.700,0
176.000,G13,259376.000,-12330.000,-11929.761,-400.239,-393.118,-7.122,0
176.000,G15,259376.000,-8311.000,-7908.760,-402.240,-393.118,-9.122,0
176.000,G20,259376.000,16962.000,17350.265,-388.265,-393.118,4.852,0
176.000,G22,259376.000,-5471.000,-5075.237,-395.763,-393.118,-2.645,0
176.000,G30,259376.000,-2798.000,-2406.439,-391.561,-393.118,1.557,0
177.000,E04,259377.000,-16800.000,-16394.915,-405.085,-393.816,-11.270,0
177.000,E12,259377.000,9267.000,9658.023,-391.023,-393.816,2.792,0
177.000,E19,259377.000,8492.000,8886.752,-394.752,-393.816,-0.936,0
177.000,E21,259377.000,-17386.000,-16981.720,-404.280,-393.816,-10.464,0
177.000,E26,259377.000,-31662.000,-31265.004,-396.996,-393.816,-3.181,0
177.000,E33,259377.000,-17667.000,-17282.315,-384.685,-393.816,9.131,0
177.000,G02,259377.000,-3723.000,-3338.706,-384.294,-393.816,9.521,0
177.000,G06,259377.000,5921.000,6307.994,-386.994,-393.816,6.821,0
177.000,G07,259377.000,2320.000,2712.880,-392.880,-393.816,0.936,0
177.000,G09,259377.000,24892.000,25289.623,-397.623,-393.816,-3.808,0
177.000,G11,259377.000,-12638.000,-12255.948,-382.052,-393.816,11.764,0
177.000,G13,259377.000,-12347.000,-11947.093,-399.907,-393.816,-6.091,0
177.000,G15,259377.000,-8323.000,-7920.651,-402.349,-393.816,-8.533,0
177.000,G20,259377.000,16919.000,17307.236,-388.236,-393.816,5.580,0
177.000,G22,259377.000,-5496.000,-5100.322,-395.678,-393.816,-1.862,0
177.000,G30,259377.000,-2832.000,-2441.038,-390.962,-393.816,2.854,0
178.000,E04,259378.000,-16807.000,-16402.621,-404.379,-393.504,-10.875,0
178.000,E12,259378.000,9229.000,9619.843,-390.843,-393.504,2.661,0
178.000,E19,259378.000,8462.000,8856.352,-394.352,-393.504,-0.848,0
178.000,E21,259378.000,-17394.000,-16989.039,-404.961,-393.504,-11.457,0
178.000,E26,259378.000,-31685.000,-31288.184,-396.816,-393.504,-3.312,0
178.000,E33,259378.000,-17715.000,-17330.291,-384.709,-393.504,8.795,0
178.000,G02,259378.000,-3772.000,-3386.961,-385.039,-393.504,8.464,0
178.000,G06,259378.000,5876.000,6262.768,-386.768,-393.504,6.735,0
178.000,G07,259378.000,2286.000,2678.655,-392.655,-393.504,0.848,0
178.000,G09,259378.000,24868.000,25265.084,-397.084,-393.504,-3.581,0
178.000,G11,259378.000,-12691.000,-12309.283,-381.717,-393.504,11.786,0
178.000,G13,259378.000,-12364.000,-11964.417,-399.583,-393.504,-6.079,0
178.000,G15,259378.000,-8335.000,-7932.540,-402.460,-393.504,-8.956,0
178.000,G20,259378.000,16876.000,17264.164,-388.164,-393.504,5.340,0
178.000,G22,259378.000,-5521.000,-5125.390,-395.610,-393.504,-2.106,0
178.000,G30,259378.000,-2867.000,-2475.633,-391.367,-393.504,2.137,0
179.000,E04,259379.000,-16815.000,-16410.318,-404.682,-393.181,-11.501,0
179.000,E12,259379.000,9191.000,9581.639,-390.639,-393.181,2.543,0
179.000,E19,259379.000,8432.000,8825.936,-393.936,-393.181,-0.754,0
179.000,E21,259379.000,-17401.000,-16996.343,-404.657,-393.181,-11.476,0
179.000,E26,259379.000,-31708.000,-31311.313,-396.687,-393.181,-3.506,0
179.000,E33,259379.000,-17763.000,-17378.229,-384.771,-393.181,8.410,0
179.000,G02,259379.000,-3820.000,-3435.213,-384.787,-393.181,8.394,0
179.000,G06,259379.000,5831.000,6217.522,-386.522,-393.181,6.659,0
179.000,G07,259379.000,2252.000,2644.427,-392.427,-393.181,0.754,0
179.000,G09,259379.000,24843.000,25240.509,-397.509,-393.181,-4.328,0
179.000,G11,259379.000,-12745.000,-12362.588,-382.412,-393.181,10.769,0
179.000,G13,259379.000,-12382.000,-11981.732,-400.268,-393.181,-7.086,0
179.000,G15,259379.000,-8347.000,-7944.428,-402.572,-393.181,-9.390,0
179.000,G20,259379.000,16833.000,17221.051,-388.051,-393.181,5.131,0
179.000,G22,259379.000,-5546.000,-5150.442,-395.558,-393.181,-2.377,0
179.000,G30,259379.000,-2902.000,-2510.223,-391.777,-393.181,1.404,0
180.000,E04,259380.000,-16823.000,-16418.005,-404.995,-393.349,-11.647,0
180.000,E12,259380.000,9153.000,9543.411,-390.411,-393.349,2.938,0
180.000,E19,259380.000,8401.000,8795.503,-394.503,-393.349,-1.154,0
180.000,E21,259380.000,-17408.000,-17003.631,-404.369,-393.349,-11.020,0
180.000,E26,259380.000,-31731.000,-31334.390,-396.610,-393.349,-3.261,0
180.000,E33,259380.000,-17811.000,-17426.129,-384.871,-393.349,8.478,0
180.000,G02,259380.000,-3868.000,-3483.463,-384.537,-393.349,8.811,0
180.000,G06,259380.000,5785.000,6172.257,-387.257,-393.349,6.092,0
180.000,G07,259380.000,2218.000,2610.195,-392.195,-393.349,1.154,0
180.000,G09,259380.000,24819.000,25215.899,-396.899,-393.349,-3.550,0
180.000,G11,259380.000,-12798.000,-12415.862,-382.138,-393.349,11.211,0
180.000,G13,259380.000,-12399.000,-11999.038,-399.962,-393.349,-6.613,0
180.000,G15,259380.000,-8359.000,-7956.315,-402.685,-393.349,-9.336,0
180.000,G20,259380.000,16790.000,17177.895,-387.895,-393.349,5.454,0
180.000,G22,259380.000,-5571.000,-5175.476,-395.524,-393.349,-2.176,0
180.000,G30,259380.000,-2936.000,-2544.808,-391.192,-393.349,2.157,0
181.000,E04,259381.000,-16831.000,-16425.681,-405.319,-394.006,-11.313,0
181.000,E12,259381.000,9114.000,9505.161,-391.161,-394.006,2.845,0
181.000,E19,259381.000,8370.000,8765.054,-395.054,-394.006,-1.048,0
181.000,E21,259381.000,-17416.000,-17010.903,-405.097,-394.006,-11.091,0
181.000,E26,259381.000,-31755.000,-31357.416,-397.584,-394.006,-3.578,0
181.000,E33,259381.000,-17859.000,-17473.991,-385.009,-394.006,8.997,0
181.000,G02,259381.000,-3916.000,-3531.709,-384.291,-394.006,9.715,0
181.000,G06,259381.000,5740.000,6126.971,-386.971,-394.006,7.035,0
181.000,G07,259381.000,2183.000,2575.958,-392.958,-394.006,1.048,0
181.000,G09,259381.000,24794.000,25191.252,-397.252,-394.006,-3.246,0
181.000,G11,259381.000,-12851.000,-12469.107,-381.893,-394.006,12.113,0
181.000,G13,259381.000,-12417.000,-12016.336,-400.664,-394.006,-6.658,0
181.000,G15,259381.000,-8371.000,-7968.201,-402.799,-394.006,-8.793,0
181.000,G20,259381.000,16746.000,17134.698,-388.698,-394.006,5.308,0
181.000,G22,259381.000,-5597.000,-5200.493,-396.507,-394.006,-2.501,0
181.000,G30,259381.000,-2971.000,-2579.389,-391.611,-394.006,2.395,0
182.000,E04,259382.000,-16839.000,-16433.347,-405.653,-393.653,-12.000,0
182.000,E12,259382.000,9076.000,9466.887,-390.887,-393.653,2.766,0
182.000,E19,259382.000,8340.000,8734.588,-394.588,-393.653,-0.935,0
182.000,E21,259382.000,-17423.000,-17018.159,-404.841,-393.653,-11.188,0
182.000,E26,259382.000,-31778.000,-31380.390,-397.610,-393.653,-3.957,0
182.000,E33,259382.000,-17907.000,-17521.816,-385.184,-393.653,8.469,0
182.000,G02,259382.000,-3965.000,-3579.953,-385.047,-393.653,8.606,0
182.000,G06,259382.000,5694.000,6081.666,-387.666,-393.653,5.987,0
182.000,G07,259382.000,2149.000,2541.719,-392.719,-393.653,0.935,0
182.000,G09,259382.000,24769.000,25166.569,-397.569,-393.653,-3.916,0
182.000,G11,259382.000,-12905.000,-12522.321,-382.679,-393.653,10.974,0
182.000,G13,259382.000,-12434.000,-12033.624,-400.376,-393.653,-6.723,0
182.000,G15,259382.000,-8383.000,-7980.085,-402.915,-393.653,-9.262,0
182.000,G20,259382.000,16703.000,17091.459,-388.459,-393.653,5.194,0
182.000,G22,259382.000,-5622.000,-5225.493,-396.507,-393.653,-2.854,0
182.000,G30,259382.000,-3006.000,-2613.965,-392.035,-393.653,1.618,0
183.000,E04,259383.000,-16846.000,-16441.003,-404.997,-394.290,-10.707,0
183.000,E12,259383.000,9038.000,9428.590,-390.590,-394.290,3.700,0
183.000,E19,259383.000,8309.000,8704.106,-395.106,-394.290,-0.815,0
183.000,E21,259383.000,-17431.000,-17025.400,-405.600,-394.290,-11.310,0
183.000,E26,259383.000,-31801.000,-31403.313,-397.687,-394.290,-3.397,0
183.000,E33,259383.000,-17955.000,-17569.602,-385.398,-394.290,8.892,0
183.000,G02,259383.000,-4013.000,-3628.194,-384.806,-394.290,9.484,0
183.000,G06,259383.000,5649.000,6036.342,-387.342,-394.290,6.948,0
183.000,G07,259383.000,2114.000,2507.475,-393.475,-394.290,0.815,0
183.000,G09,259383.000,24744.000,25141.850,-397.850,-394.290,-3.560,0
183.000,G11,259383.000,-12958.000,-12575.504,-382.496,-394.290,11.795,0
183.000,G13,259383.000,-12451.000,-12050.903,-400.097,-394.290,-5.807,0
183.000,G15,259383.000,-8395.000,-7991.968,-403.032,-394.290,-8.742,0
183.000,G20,259383.000,16660.000,17048.179,-388.179,-394.290,6.112,0
183.000,G22,259383.000,-5647.000,-5250.476,-396.524,-394.290,-2.234,0
183.000,G30,259383.000,-3040.000,-2648.536,-391.464,-394.290,2.827,0
184.000,E04,259384.000,-16854.000,-16448.648,-405.352,-393.917,-11.435,0
184.000,E12,259384.000,8999.000,9390.270,-391.270,-393.917,2.647,0
184.000,E19,259384.000,8279.000,8673.607,-394.607,-393.917,-0.689,0
184.000,E21,259384.000,-17438.000,-17032.624,-405.376,-393.917,-11.458,0
184.000,E26,259384.000,-31824.000,-31426.183,-397.817,-393.917,-3.899,0
184.000,E33,259384.000,-18003.000,-17617.350,-385.650,-393.917,8.267,0
184.000,G02,259384.000,-4061.000,-3676.431,-384.569,-393.917,9.348,0
184.000,G06,259384.000,5604.000,5990.998,-386.998,-393.917,6.919,0
184.000,G07,259384.000,2080.000,2473.228,-393.228,-393.917,0.689,0
184.000,G09,259384.000,24719.000,25117.096,-398.096,-393.917,-4.178,0
184.000,G11,259384.000,-13011.000,-12628.657,-382.343,-393.917,11.574,0
184.000,G13,259384.000,-12469.000,-12068.173,-400.827,-393.917,-6.909,0
184.000,G15,259384.000,-8407.000,-8003.849,-403.151,-393.917,-9.234,0
184.000,G20,259384.000,16616.000,17004.857,-388.857,-393.917,5.061,0
184.000,G22,259384.000,-5672.000,-5275.441,-396.559,-393.917,-2.641,0
184.000,G30,259384.000,-3075.000,-2683.103,-391.897,-393.917,2.020,0
185.000,E04,259385.000,-16862.000,-16456.283,-405.717,-394.035,-11.682,0
185.000,E12,259385.000,8961.000,9351.927,-390.927,-394.035,3.107,0
185.000,E19,259385.000,8248.000,8643.092,-395.092,-394.035,-1.057,0
185.000,E21,259385.000,-17445.000,-17039.833,-405.167,-394.035,-11.132,0
185.000,E26,259385.000,-31847.000,-31449.003,-397.997,-394.035,-3.963,0
185.000,E33,259385.000,-18051.000,-17665.059,-385.941,-394.035,8.094,0
185.000,G02,259385.000,-4110.000,-3724.665,-385.335,-394.035,8.699,0
185.000,G06,259385.000,5558.000,5945.635,-387.635,-394.035,6.399,0
185.000,G07,259385.000,2046.000,2438.977,-392.977,-394.035,1.057,0
185.000,G09,259385.000,24694.000,25092.305,-398.305,-394.035,-4.271,0
185.000,G11,259385.000,-13065.000,-12681.779,-383.221,-394.035,10.813,0
185.000,G13,259385.000,-12486.000,-12085.435,-400.565,-394.035,-6.531,0
185.000,G15,259385.000,-8419.000,-8015.729,-403.271,-394.035,-9.237,0
185.000,G20,259385.000,16573.000,16961.493,-388.493,-394.035,5.541,0
185.000,G22,259385.000,-5697.000,-5300.390,-396.610,-394.035,-2.576,0
185.000,G30,259385.000,-3110.000,-2717.664,-392.336,-394.035,1.699,0
186.000,E04,259386.000,-16870.000,-16463.908,-406.092,-394.642,-11.450,0
186.000,E12,259386.000,8922.000,9313.562,-391.562,-394.642,3.080,0
186.000,E19,259386.000,8217.000,8612.561,-395.561,-394.642,-0.919,0
186.000,E21,259386.000,-17453.000,-17047.026,-405.974,-394.642,-11.332,0
186.000,E26,259386.000,-31870.000,-31471.771,-398.229,-394.642,-3.588,0
186.000,E33,259386.000,-18099.000,-17712.730,-386.270,-394.642,8.372,0
186.000,G02,259386.000,-4158.000,-3772.895,-385.105,-394.642,9.537,0
186.000,G06,259386.000,5512.000,5900.253,-388.253,-394.642,6.389,0
186.000,G07,259386.000,2011.000,2404.723,-393.723,-394.642,0.919,0
186.000,G09,259386.000,24669.000,25067.479,-398.479,-394.642,-3.837,0
186.000,G11,259386.000,-13118.000,-12734.870,-383.130,-394.642,11.511,0
186.000,G13,259386.000,-12504.000,-12102.687,-401.313,-394.642,-6.671,0
186.000,G15,259386.000,-8431.000,-8027.607,-403.393,-394.642,-8.751,0
186.000,G20,259386.000,16529.000,16918.089,-389.089,-394.642,5.553,0
186.000,G22,259386.000,-5722.000,-5325.321,-396.679,-394.642,-2.037,0
186.000,G30,259386.000,-3145.000,-2752.221,-392.779,-394.642,1.863,0
187.000,E04,259387.000,-16877.000,-16471.523,-405.477,-394.239,-11.238,0
187.000,E12,259387.000,8884.000,9275.173,-391.173,-394.239,3.066,0
187.000,E19,259387.000,8187.000,8582.013,-395.013,-394.239,-0.774,0
187.000,E21,259387.000,-17460.000,-17054.203,-405.797,-394.239,-11.557,0
187.000,E26,259387.000,-31892.000,-31494.487,-397.513,-394.239,-3.274,0
187.000,E33,259387.000,-18146.000,-17760.363,-385.637,-394.239,8.602,0
187.000,G02,259387.000,-4206.000,-3821.121,-384.879,-394.239,9.361,0
187.000,G06,259387.000,5467.000,5854.852,-387.852,-394.239,6.387,0
187.000,G07,259387.000,1977.000,2370.465,-393.465,-394.239,0.774,0
187.000,G09,259387.000,24645.000,25042.617,-397.617,-394.239,-3.378,0
187.000,G11,259387.000,-13171.000,-12787.930,-383.070,-394.239,11.169,0
187.000,G13,259387.000,-12521.000,-12119.930,-401.070,-394.239,-6.831,0
187.000,G15,259387.000,-8443.000,-8039.485,-403.515,-394.239,-9.276,0
187.000,G20,259387.000,16486.000,16874.642,-388.642,-394.239,5.597,0
187.000,G22,259387.000,-5747.000,-5350.235,-396.765,-394.239,-2.526,0
187.000,G30,259387.000,-3179.000,-2786.773,-392.227,-394.239,2.012,0
188.000,E04,259388.000,-16885.000,-16479.128,-405.872,-394.327,-11.545,0
188.000,E12,259388.000,8846.000,9236.762,-390.762,-394.327,3.565,0
188.000,E19,259388.000,8156.000,8551.449,-395.449,-394.327,-1.123,0
188.000,E21,259388.000,-17467.000,-17061.365,-405.635,-394.327,-11.308,0
188.000,E26,259388.000,-31915.000,-31517.151,-397.849,-394.327,-3.522,0
188.000,E33,259388.000,-18194.000,-17807.957,-386.043,-394.327,8.284,0
188.000,G02,259388.000,-4255.000,-3869.344,-385.656,-394.327,8.671,0
188.000,G06,259388.000,5422.000,5809.432,-387.432,-394.327,6.895,0
188.000,G07,259388.000,1943.000,2336.204,-393.204,-394.327,1.123,0
188.000,G09,259388.000,24620.000,25017.719,-397.719,-394.327,-3.392,0
188.000,G11,259388.000,-13224.000,-12840.958,-383.042,-394.327,11.285,0
188.000,G13,259388.000,-12538.000,-12137.164,-400.836,-394.327,-6.509,0
188.000,G15,259388.000,-8455.000,-8051.360,-403.640,-394.327,-9.313,0
188.000,G20,259388.000,16443.000,16831.155,-388.155,-394.327,6.172,0
188.000,G22,259388.000,-5772.000,-5375.132,-396.868,-394.327,-2.541,0
188.000,G30,259388.000,-3213.000,-2821.319,-391.681,-394.327,2.646,0
189.000,E04,259389.000,-16892.000,-16486.722,-405.278,-393.905,-11.373,0
189.000,E12,259389.000,8807.000,9198.328,-391.328,-393.905,2.576,0
189.000,E19,259389.000,8126.000,8520.869,-394.869,-393.905,-0.965,0
189.000,E21,259389.000,-17474.000,-17068.511,-405.489,-393.905,-11.585,0
189.000,E26,259389.000,-31938.000,-31539.764,-398.236,-393.905,-4.331,0
189.000,E33,259389.000,-18241.000,-17855.513,-385.487,-393.905,8.417,0
189.000,G02,259389.000,-4303.000,-3917.563,-385.437,-393.905,8.468,0
189.000,G06,259389.000,5376.000,5763.993,-387.993,-393.905,5.911,0
189.000,G07,259389.000,1909.000,2301.940,-392.940,-393.905,0.965,0
189.000,G09,259389.000,24595.000,24992.785,-397.785,-393.905,-3.881,0
189.000,G11,259389.000,-13277.000,-12893.955,-383.045,-393.905,10.860,0
189.000,G13,259389.000,-12555.000,-12154.390,-400.610,-393.905,-6.706,0
189.000,G15,259389.000,-8467.000,-8063.235,-403.765,-393.905,-9.861,0
189.000,G20,259389.000,16399.000,16787.626,-388.626,-393.905,5.278,0
189.000,G22,259389.000,-5797.000,-5400.011,-396.989,-393.905,-3.084,0
189.000,G30,259389.000,-3248.000,-2855.861,-392.139,-393.905,1.766,0
190.000,E04,259390.000,-16900.000,-16494.306,-405.694,-393.973,-11.721,0
190.000,E12,259390.000,8769.000,9159.872,-390.872,-393.973,3.101,0
190.000,E19,259390.000,8095.000,8490.273,-395.273,-393.973,-1.301,0
190.000,E21,259390.000,-17481.000,-17075.641,-405.359,-393.973,-11.387,0
190.000,E26,259390.000,-31960.000,-31562.326,-397.674,-393.973,-3.702,0
190.000,E33,259390.000,-18289.000,-17903.030,-385.970,-393.973,8.002,0
190.000,G02,259390.000,-4351.000,-3965.778,-385.222,-393.973,8.751,0
190.000,G06,259390.000,5331.000,5718.536,-387.536,-393.973,6.437,0
190.000,G07,259390.000,1875.000,2267.672,-392.672,-393.973,1.301,0
190.000,G09,259390.000,24570.000,24967.815,-397.815,-393.973,-3.843,0
190.000,G11,259390.000,-13330.000,-12946.921,-383.079,-393.973,10.894,0
190.000,G13,259390.000,-12572.000,-12171.606,-400.394,-393.973,-6.422,0
190.000,G15,259390.000,-8478.000,-8075.107,-402.893,-393.973,-8.920,0
190.000,G20,259390.000,16356.000,16744.057,-388.057,-393.973,5.916,0
190.000,G22,259390.000,-5821.000,-5424.873,-396.127,-393.973,-2.155,0
190.000,G30,259390.000,-3282.000,-2890.397,-391.603,-393.973,2.370,0
191.000,E04,259391.000,-16907.000,-16501.880,-405.120,-394.031,-11.089,0
191.000,E12,259391.000,8730.000,9121.393,-391.393,-394.031,2.638,0
191.000,E19,259391.000,8065.000,8459.661,-394.661,-394.031,-0.630,0
191.000,E21,259391.000,-17488.000,-17082.755,-405.245,-394.031,-11.214,0
191.000,E26,259391.000,-31983.000,-31584.836,-398.164,-394.031,-4.133,0
191.000,E33,259391.000,-18336.000,-17950.508,-385.492,-394.031,8.539,0
191.000,G02,259391.000,-4399.000,-4013.989,-385.011,-394.031,9.020,0
191.000,G06,259391.000,5285.000,5673.060,-388.060,-394.031,5.971,0
191.000,G07,259391.000,1840.000,2233.401,-393.401,-394.031,0.630,0
191.000,G09,259391.000,24545.000,24942.810,-397.810,-394.031,-3.779,0
191.000,G11,259391.000,-13383.000,-12999.855,-383.145,-394.031,10.886,0
191.000,G13,259391.000,-12590.000,-12188.813,-401.187,-394.031,-7.156,0
191.000,G15,259391.000,-8490.000,-8086.979,-403.021,-394.031,-8.990,0
191.000,G20,259391.000,16312.000,16700.446,-388.446,-394.031,5.585,0
191.000,G22,259391.000,-5846.000,-5449.717,-396.283,-394.031,-2.252,0
191.000,G30,259391.000,-3317.000,-2924.929,-392.071,-394.031,1.960,0
192.000,E04,259392.000,-16915.000,-16509.444,-405.556,-394.080,-11.476,0
192.000,E12,259392.000,8692.000,9082.892,-390.892,-394.080,3.188,0
192.000,E19,259392.000,8034.000,8429.033,-395.033,-394.080,-0.953,0
192.000,E21,259392.000,-17495.000,-17089.853,-405.147,-394.080,-11.067,0
192.000,E26,259392.000,-32005.000,-31607.294,-397.706,-394.080,-3.626,0
192.000,E33,259392.000,-18383.000,-17997.947,-385.053,-394.080,9.027,0
192.000,G02,259392.000,-4447.000,-4062.195,-384.805,-394.080,9.275,0
192.000,G06,259392.000,5240.000,5627.565,-387.565,-394.080,6.515,0
192.000,G07,259392.000,1806.000,2199.127,-393.127,-394.080,0.953,0
192.000,G09,259392.000,24520.000,24917.768,-397.768,-394.080,-3.689,0
192.000,G11,259392.000,-13435.000,-13052.758,-382.242,-394.080,11.838,0
192.000,G13,259392.000,-12606.000,-12206.011,-399.989,-394.080,-5.909,0
192.000,G15,259392.000,-8502.000,-8098.849,-403.151,-394.080,-9.072,0
192.000,G20,259392.000,16269.000,16656.795,-387.795,-394.080,6.285,0
192.000,G22,259392.000,-5871.000,-5474.544,-396.456,-394.080,-2.376,0
192.000,G30,259392.000,-3351.000,-2959.455,-391.545,-394.080,2.534,0
193.000,E04,259393.000,-16922.000,-16516.997,-405.003,-393.619,-11.384,0
193.000,E12,259393.000,8654.000,9044.368,-390.368,-393.619,3.251,0
193.000,E19,259393.000,8004.000,8398.389,-394.389,-393.619,-0.770,0
193.000,E21,259393.000,-17502.000,-17096.936,-405.064,-393.619,-11.445,0
193.000,E26,259393.000,-32027.000,-31629.701,-397.299,-393.619,-3.680,0
193.000,E33,259393.000,-18431.000,-18045.347,-385.653,-393.619,7.966,0
193.000,G02,259393.000,-4495.000,-4110.398,-384.602,-393.619,9.017,0
193.000,G06,259393.000,5195.000,5582.052,-387.052,-393.619,6.567,0
193.000,G07,259393.000,1772.000,2164.849,-392.849,-393.619,0.770,0
193.000,G09,259393.000,24495.000,24892.691,-397.691,-393.619,-4.072,0
193.000,G11,259393.000,-13488.000,-13105.628,-382.372,-393.619,11.247,0
193.000,G13,259393.000,-12624.000,-12223.200,-400.800,-393.619,-7.181,0
193.000,G15,259393.000,-8514.000,-8110.717,-403.283,-393.619,-9.664,0
193.000,G20,259393.000,16225.000,16613.102,-388.102,-393.619,5.517,0
193.000,G22,259393.000,-5896.000,-5499.354,-396.646,-393.619,-3.027,0
193.000,G30,259393.000,-3386.000,-2993.975,-392.025,-393.619,1.594,0
194.000,E04,259394.000,-16930.000,-16524.541,-405.459,-393.649,-11.811,0
194.000,E12,259394.000,8615.000,9005.822,-390.822,-393.649,2.827,0
194.000,E19,259394.000,7973.000,8367.728,-394.728,-393.649,-1.080,0
194.000,E21,259394.000,-17509.000,-17104.003,-404.997,-393.649,-11.349,0
194.000,E26,259394.000,-32050.000,-31652.056,-397.944,-393.649,-4.295,0
194.000,E33,259394.000,-18478.000,-18092.708,-385.292,-393.649,8.356,0
194.000,G02,259394.000,-4543.000,-4158.595,-384.405,-393.649,9.244,0
194.000,G06,259394.000,5149.000,5536.520,-387.520,-393.649,6.128,0
194.000,G07,259394.000,1738.000,2130.569,-392.569,-393.649,1.080,0
194.000,G09,259394.000,24470.000,24867.578,-397.578,-393.649,-3.929,0
194.000,G11,259394.000,-13541.000,-13158.467,-382.533,-393.649,11.116,0
194.000,G13,259394.000,-12641.000,-12240.379,-400.621,-393.649,-6.972,0
194.000,G15,259394.000,-8526.000,-8122.584,-403.416,-393.649,-9.767,0
194.000,G20,259394.000,16181.000,16569.369,-388.369,-393.649,5.280,0
194.000,G22,259394.000,-5920.000,-5524.145,-395.855,-393.649,-2.206,0
194.000,G30,259394.000,-3420.000,-3028.490,-391.510,-393.649,2.139,0
195.000,E04,259395.000,-16937.000,-16532.074,-404.926,-394.169,-10.758,0
195.000,E12,259395.000,8576.000,8967.254,-391.254,-394.169,2.915,0
195.000,E19,259395.000,7942.000,8337.052,-395.052,-394.169,-0.883,0
195.000,E21,259395.000,-17516.000,-17111.054,-404.946,-394.169,-10.777,0
195.000,E26,259395.000,-32072.000,-31674.360,-397.640,-394.169,-3.471,0
195.000,E33,259395.000,-18525.000,-18140.030,-384.970,-394.169,9.199,0
195.000,G02,259395.000,-4592.000,-4206.788,-385.212,-394.169,8.957,0
195.000,G06,259395.000,5104.000,5490.971,-386.971,-394.169,7.198,0
195.000,G07,259395.000,1703.000,2096.286,-393.286,-394.169,0.883,0
195.000,G09,259395.000,24445.000,24842.429,-397.429,-394.169,-3.260,0
195.000,G11,259395.000,-13594.000,-13211.274,-382.726,-394.169,11.443,0
195.000,G13,259395.000,-12658.000,-12257.550,-400.450,-394.169,-6.281,0
195.000,G15,259395.000,-8537.000,-8134.450,-402.550,-394.169,-8.381,0
195.000,G20,259395.000,16137.000,16525.595,-388.595,-394.169,5.574,0
195.000,G22,259395.000,-5945.000,-5548.920,-396.080,-394.169,-1.911,0
195.000,G30,259395.000,-3455.000,-3063.000,-392.000,-394.169,2.169,0
196.000,E04,259396.000,-16945.000,-16539.596,-405.404,-394.180,-11.224,0
196.000,E12,259396.000,8537.000,8928.663,-391.663,-394.180,2.516,0
196.000,E19,259396.000,7911.000,8306.360,-395.360,-394.180,-1.180,0
196.000,E21,259396.000,-17524.000,-17118.089,-405.911,-394.180,-11.731,0
196.000,E26,259396.000,-32095.000,-31696.613,-398.387,-394.180,-4.208,0
196.000,E33,259396.000,-18573.000,-18187.312,-385.688,-394.180,8.492,0
196.000,G02,259396.000,-4640.000,-4254.977,-385.023,-394.180,9.156,0
196.000,G06,259396.000,5058.000,5445.403,-387.403,-394.180,6.776,0
196.000,G07,259396.000,1669.000,2061.999,-392.999,-394.180,1.180,0
196.000,G09,259396.000,24419.000,24817.245,-398.245,-394.180,-4.065,0
196.000,G11,259396.000,-13647.000,-13264.048,-382.952,-394.180,11.228,0
196.000,G13,259396.000,-12676.000,-12274.711,-401.289,-394.180,-7.109,0
196.000,G15,259396.000,-8550.000,-8146.314,-403.686,-394.180,-9.507,0
196.000,G20,259396.000,16093.000,16481.780,-388.780,-394.180,5.399,0
196.000,G22,259396.000,-5971.000,-5573.676,-397.324,-394.180,-3.144,0
196.000,G30,259396.000,-3490.000,-3097.505,-392.495,-394.180,1.684,0
197.000,E04,259397.000,-16953.000,-16547.109,-405.891,-394.681,-11.210,0
197.000,E12,259397.000,8499.000,8890.051,-391.051,-394.681,3.630,0
197.000,E19,259397.000,7880.000,8275.652,-395.652,-394.681,-0.971,0
197.000,E21,259397.000,-17531.000,-17125.109,-405.891,-394.681,-11.210,0
197.000,E26,259397.000,-32117.000,-31718.814,-398.186,-394.681,-3.505,0
197.000,E33,259397.000,-18621.000,-18234.556,-386.444,-394.681,8.237,0
197.000,G02,259397.000,-4689.000,-4303.160,-385.840,-394.681,8.841,0
197.000,G06,259397.000,5012.000,5399.818,-387.818,-394.681,6.863,0
197.000,G07,259397.000,1634.000,2027.710,-393.710,-394.681,0.971,0
197.000,G09,259397.000,24394.000,24792.024,-398.024,-394.681,-3.343,0
197.000,G11,259397.000,-13700.000,-13316.790,-383.210,-394.681,11.471,0
197.000,G13,259397.000,-12693.000,-12291.864,-401.136,-394.681,-6.455,0
197.000,G15,259397.000,-8562.000,-8158.176,-403.824,-394.681,-9.143,0
197.000,G20,259397.000,16049.000,16437.925,-388.925,-394.681,5.756,0
197.000,G22,259397.000,-5996.000,-5598.415,-397.585,-394.681,-2.904,0
197.000,G30,259397.000,-3525.000,-3132.003,-392.997,-394.681,1.684,0
198.000,E04,259398.000,-16960.000,-16554.611,-405.389,-394.173,-11.216,0
198.000,E12,259398.000,8460.000,8851.416,-391.416,-394.173,2.757,0
198.000,E19,259398.000,7850.000,8244.928,-394.928,-394.173,-0.755,0
198.000,E21,259398.000,-17538.000,-17132.113,-405.887,-394.173,-11.714,0
198.000,E26,259398.000,-32139.000,-31740.963,-398.037,-394.173,-3.864,0
198.000,E33,259398.000,-18668.000,-18281.760,-386.240,-394.173,7.933,0
198.000,G02,259398.000,-4737.000,-4351.339,-385.661,-394.173,8.512,0
198.000,G06,259398.000,4967.000,5354.214,-387.214,-394.173,6.959,0
198.000,G07,259398.000,1600.000,1993.418,-393.418,-394.173,0.755,0
198.000,G09,259398.000,24369.000,24766.768,-397.768,-394.173,-3.595,0
198.000,G11,259398.000,-13753.000,-13369.500,-383.500,-394.173,10.673,0
198.000,G13,259398.000,-12710.000,-12309.007,-400.993,-394.173,-6.820,0
198.000,G15,259398.000,-8573.000,-8170.037,-402.963,-394.173,-8.789,0
198.000,G20,259398.000,16005.000,16394.029,-389.029,-394.173,5.144,0
198.000,G22,259398.000,-6020.000,-5623.136,-396.864,-394.173,-2.691,0
198.000,G30,259398.000,-3559.000,-3166.496,-392.504,-394.173,1.669,0
199.000,E04,259399.000,-16968.000,-16562.103,-405.897,-394.156,-11.741,0
199.000,E12,259399.000,8422.000,8812.760,-390.760,-394.156,3.396,0
199.000,E19,259399.000,7819.000,8214.188,-395.188,-394.156,-1.033,0
199.000,E21,259399.000,-17545.000,-17139.101,-405.899,-394.156,-11.743,0
199.000,E26,259399.000,-32161.000,-31763.061,-397.939,-394.156,-3.783,0
199.000,E33,259399.000,-18715.000,-18328.924,-386.076,-394.156,8.080,0
199.000,G02,259399.000,-4785.000,-4399.512,-385.488,-394.156,8.668,0
199.000,G06,259399.000,4921.000,5308.593,-387.593,-394.156,6.563,0
199.000,G07,259399.000,1566.000,1959.123,-393.123,-394.156,1.033,0
199.000,G09,259399.000,24344.000,24741.476,-397.476,-394.156,-3.320,0
199.000,G11,259399.000,-13805.000,-13422.177,-382.823,-394.156,11.332,0
199.000,G13,259399.000,-12727.000,-12326.141,-400.859,-394.156,-6.703,0
199.000,G15,259399.000,-8585.000,-8181.897,-403.103,-394.156,-8.947,0
199.000,G20,259399.000,15962.000,16350.093,-388.093,-394.156,6.063,0
199.000,G22,259399.000,-6045.000,-5647.840,-397.160,-394.156,-3.004,0
199.000,G30,259399.000,-3593.000,-3200.984,-392.016,-394.156,2.140,0
200.000,E04,259400.000,-16975.000,-16569.585,-405.415,-393.629,-11.786,0
200.000,E12,259400.000,8384.000,8774.082,-390.082,-393.629,3.548,0
200.000,E19,259400.000,7789.000,8183.433,-394.433,-393.629,-0.804,0
200.000,E21,259400.000,-17551.000,-17146.074,-404.926,-393.629,-11.297,0
200.000,E26,259400.000,-32183.000,-31785.107,-397.893,-393.629,-4.263,0
200.000,E33,259400.000,-18761.000,-18376.049,-384.951,-393.629,8.678,0
200.000,G02,259400.000,-4833.000,-4447.680,-385.320,-393.629,8.310,0
200.000,G06,259400.000,4876.000,5262.954,-386.954,-393.629,6.675,0
200.000,G07,259400.000,1532.000,1924.826,-392.826,-393.629,0.804,0
200.000,G09,259400.000,24319.000,24716.148,-397.148,-393.629,-3.519,0
200.000,G11,259400.000,-13857.000,-13474.821,-382.179,-393.629,11.450,0
200.000,G13,259400.000,-12744.000,-12343.266,-400.734,-393.629,-7.105,0
200.000,G15,259400.000,-8597.000,-8193.755,-403.245,-393.629,-9.616,0
200.000,G20,259400.000,15918.000,16306.117,-388.117,-393.629,5.513,0
200.000,G22,259400.000,-6069.000,-5672.525,-396.475,-393.629,-2.845,0
200.000,G30,259400.000,-3627.000,-3235.466,-391.534,-393.629,2.095,0
201.000,E04,259401.000,-16982.000,-16577.057,-404.943,-393.594,-11.350,0
201.000,E12,259401.000,8345.000,8735.382,-390.382,-393.594,3.212,0
201.000,E19,259401.000,7758.000,8152.662,-394.662,-393.594,-1.068,0
201.000,E21,259401.000,-17558.000,-17153.031,-404.969,-393.594,-11.376,0
201.000,E26,259401.000,-32205.000,-31807.102,-397.898,-393.594,-4.304,0
201.000,E33,259401.000,-18809.000,-18423.134,-385.866,-393.594,7.728,0
201.000,G02,259401.000,-4881.000,-4495.843,-385.157,-393.594,8.437,0
201.000,G06,259401.000,4830.000,5217.298,-387.298,-393.594,6.296,0
201.000,G07,259401.000,1498.000,1890.525,-392.525,-393.594,1.068,0
201.000,G09,259401.000,24293.000,24690.785,-397.785,-393.594,-4.191,0
201.000,G11,259401.000,-13910.000,-13527.432,-382.568,-393.594,11.026,0
201.000,G13,259401.000,-12761.000,-12360.381,-400.619,-393.594,-7.025,0
201.000,G15,259401.000,-8609.000,-8205.611,-403.389,-393.594,-9.795,0
201.000,G20,259401.000,15874.000,16262.100,-388.100,-393.594,5.494,0
201.000,G22,259401.000,-6094.000,-5697.193,-396.807,-393.594,-3.213,0
201.000,G30,259401.000,-3662.000,-3269.942,-392.058,-393.594,1.535,0
202.000,E04,259402.000,-16989.000,-16584.518,-404.482,-394.049,-10.433,0
202.000,E12,259402.000,8306.000,8696.660,-390.660,-394.049,3.389,0
202.000,E19,259402.000,7727.000,8121.875,-394.875,-394.049,-0.826,0
202.000,E21,259402.000,-17565.000,-17159.972,-405.028,-394.049,-10.979,0
202.000,E26,259402.000,-32227.000,-31829.046,-397.954,-394.049,-3.905,0
202.000,E33,259402.000,-18856.000,-18470.180,-385.820,-394.049,8.228,0
202.000,G02,259402.000,-4929.000,-4544.001,-384.999,-394.049,9.050,0
202.000,G06,259402.000,4785.000,5171.624,-386.624,-394.049,7.425,0
202.000,G07,259402.000,1463.000,1856.223,-393.223,-394.049,0.826,0
202.000,G09,259402.000,24268.000,24665.385,-397.385,-394.049,-3.336,0
202.000,G11,259402.000,-13963.000,-13580.011,-382.989,-394.049,11.060,0
202.000,G13,259402.000,-12778.000,-12377.488,-400.512,-394.049,-6.463,0
202.000,G15,259402.000,-8620.000,-8217.466,-402.534,-394.049,-8.485,0
202.000,G20,259402.000,15830.000,16218.043,-388.043,-394.049,6.006,0
202.000,G22,259402.000,-6118.000,-5721.843,-396.157,-394.049,-2.108,0
202.000,G30,259402.000,-3696.000,-3304.412,-391.588,-394.049,2.461,0
203.000,E04,259403.000,-16997.000,-16591.969,-405.031,-393.495,-11.536,0
203.000,E12,259403.000,8267.000,8657.916,-390.916,-393.495,2.579,0
203.000,E19,259403.000,7697.000,8091.073,-394.073,-393.495,-0.578,0
203.000,E21,259403.000,-17572.000,-17166.897,-405.103,-393.495,-11.608,0
203.000,E26,259403.000,-32249.000,-31850.938,-398.062,-393.495,-4.567,0
203.000,E33,259403.000,-18902.000,-18517.185,-384.815,-393.495,8.680,0
203.000,G02,259403.000,-4977.000,-4592.153,-384.847,-393.495,8.648,0
203.000,G06,259403.000,4739.000,5125.932,-386.932,-393.495,6.563,0
203.000,G07,259403.000,1429.000,1821.917,-392.917,-393.495,0.578,0
203.000,G09,259403.000,24243.000,24639.950,-396.950,-393.495,-3.455,0
203.000,G11,259403.000,-14015.000,-13632.556,-382.444,-393.495,11.051,0
203.000,G13,259403.000,-12795.000,-12394.585,-400.415,-393.495,-6.920,0
203.000,G15,259403.000,-8632.000,-8229.320,-402.680,-393.495,-9.185,0
203.000,G20,259403.000,15786.000,16173.946,-387.946,-393.495,5.549,0
203.000,G22,259403.000,-6143.000,-5746.475,-396.525,-393.495,-3.030,0
203.000,G30,259403.000,-3730.000,-3338.876,-391.124,-393.495,2.371,0
204.000,E04,259404.000,-17004.000,-16599.410,-404.590,-393.432,-11.158,0
204.000,E12,259404.000,8229.000,8619.151,-390.151,-393.432,3.281,0
204.000,E19,259404.000,7666.000,8060.255,-394.255,-393.432,-0.823,0
204.000,E21,259404.000,-17579.000,-17173.807,-405.193,-393.432,-11.761,0
204.000,E26,259404.000,-32271.000,-31872.778,-398.222,-393.432,-4.789,0
204.000,E33,259404.000,-18949.000,-18564.151,-384.849,-393.432,8.583,0
204.000,G02,259404.000,-5025.000,-4640.299,-384.701,-393.432,8.731,0
204.000,G06,259404.000,4693.000,5080.224,-387.224,-393.432,6.208,0
204.000,G07,259404.000,1395.000,1787.609,-392.609,-393.432,0.823,0
204.000,G09,259404.000,24217.000,24614.480,-397.480,-393.432,-4.047,0
204.000,G11,259404.000,-14068.000,-13685.068,-382.932,-393.432,10.500,0
204.000,G13,259404.000,-12812.000,-12411.672,-400.328,-393.432,-6.895,0
204.000,G15,259404.000,-8644.000,-8241.171,-402.829,-393.432,-9.396,0
204.000,G20,259404.000,15742.000,16129.809,-387.809,-393.432,5.623,0
204.000,G22,259404.000,-6167.000,-5771.089,-395.911,-393.432,-2.479,0
204.000,G30,259404.000,-3765.000,-3373.334,-391.666,-393.432,1.766,0
205.000,E04,259405.000,-17012.000,-16606.840,-405.160,-393.360,-11.799,0
205.000,E12,259405.000,8190.000,8580.365,-390.365,-393.360,2.996,0
205.000,E19,259405.000,7635.000,8029.422,-394.422,-393.360,-1.061,0
205.000,E21,259405.000,-17586.000,-17180.701,-405.299,-393.360,-11.939,0
205.000,E26,259405.000,-32292.000,-31894.568,-397.432,-393.360,-4.072,0
205.000,E33,259405.000,-18996.000,-18611.076,-384.924,-393.360,8.437,0
205.000,G02,259405.000,-5073.000,-4688.439,-384.561,-393.360,8.800,0
205.000,G06,259405.000,4648.000,5034.498,-386.498,-393.360,6.862,0
205.000,G07,259405.000,1361.000,1753.299,-392.299,-393.360,1.061,0
205.000,G09,259405.000,24192.000,24588.973,-396.973,-393.360,-3.613,0
205.000,G11,259405.000,-14120.000,-13737.547,-382.453,-393.360,10.908,0
205.000,G13,259405.000,-12829.000,-12428.751,-400.249,-393.360,-6.889,0
205.000,G15,259405.000,-8656.000,-8253.022,-402.978,-393.360,-9.618,0
205.000,G20,259405.000,15698.000,16085.632,-387.632,-393.360,5.728,0
205.000,G22,259405.000,-6192.000,-5795.685,-396.315,-393.360,-2.954,0
205.000,G30,259405.000,-3799.000,-3407.787,-391.213,-393.360,2.147,0
206.000,E04,259406.000,-17019.000,-16614.261,-404.739,-393.780,-10.960,0
206.000,E12,259406.000,8151.000,8541.557,-390.557,-393.780,3.223,0
206.000,E19,259406.000,7604.000,7998.573,-394.573,-393.780,-0.793,0
206.000,E21,259406.000,-17593.000,-17187.580,-405.420,-393.780,-11.641,0
206.000,E26,259406.000,-32314.000,-31916.305,-397.695,-393.780,-3.915,0
206.000,E33,259406.000,-19043.000,-18657.962,-385.038,-393.780,8.741,0
206.000,G02,259406.000,-5121.000,-4736.574,-384.426,-393.780,9.353,0
206.000,G06,259406.000,4602.000,4988.756,-386.756,-393.780,7.024,0
206.000,G07,259406.000,1326.000,1718.986,-392.986,-393.780,0.793,0
206.000,G09,259406.000,24166.000,24563.431,-397.431,-393.780,-3.652,0
206.000,G11,259406.000,-14173.000,-13789.992,-383.008,-393.780,10.772,0
206.000,G13,259406.000,-12846.000,-12445.820,-400.180,-393.780,-6.400,0
206.000,G15,259406.000,-8668.000,-8264.870,-403.130,-393.780,-9.350,0
206.000,G20,259406.000,15654.000,16041.415,-387.415,-393.780,6.364,0
206.000,G22,259406.000,-6216.000,-5820.263,-395.737,-393.780,-1.957,0
206.000,G30,259406.000,-3834.000,-3442.233,-391.767,-393.780,2.012,0
207.000,E04,259407.000,-17027.000,-16621.671,-405.329,-393.690,-11.639,0
207.000,E12,259407.000,8112.000,8502.727,-390.727,-393.690,2.962,0
207.000,E19,259407.000,7573.000,7967.708,-394.708,-393.690,-1.019,0
207.000,E21,259407.000,-17599.000,-17194.442,-404.558,-393.690,-10.868,0
207.000,E26,259407.000,-32336.000,-31937.992,-398.008,-393.690,-4.318,0
207.000,E33,259407.000,-19090.000,-18704.807,-385.193,-393.690,8.497,0
207.000,G02,259407.000,-5169.000,-4784.702,-384.298,-393.690,9.392,0
207.000,G06,259407.000,4556.000,4942.996,-386.996,-393.690,6.694,0
207.000,G07,259407.000,1292.000,1684.671,-392.671,-393.690,1.019,0
207.000,G09,259407.000,24141.000,24537.853,-396.853,-393.690,-3.164,0
207.000,G11,259407.000,-14225.000,-13842.404,-382.596,-393.690,11.094,0
207.000,G13,259407.000,-12863.000,-12462.880,-400.120,-393.690,-6.430,0
207.000,G15,259407.000,-8679.000,-8276.717,-402.283,-393.690,-8.593,0
207.000,G20,259407.000,15609.000,15997.158,-388.158,-393.690,5.531,0
207.000,G22,259407.000,-6241.000,-5844.823,-396.177,-393.690,-2.487,0
207.000,G30,259407.000,-3868.000,-3476.673,-391.327,-393.690,2.363,0
208.000,E04,259408.000,-17034.000,-16629.071,-404.929,-393.591,-11.338,0
208.000,E12,259408.000,8074.000,8463.877,-389.877,-393.591,3.714,0
208.000,E19,259408.000,7542.000,7936.829,-394.829,-393.591,-1.237,0
208.000,E21,259408.000,-17606.000,-17201.289,-404.711,-393.591,-11.120,0
208.000,E26,259408.000,-32357.000,-31959.627,-397.373,-393.591,-3.782,0
208.000,E33,259408.000,-19137.000,-18751.613,-385.387,-393.591,8.204,0
208.000,G02,259408.000,-5217.000,-4832.825,-384.175,-393.591,9.416,0
208.000,G06,259408.000,4510.000,4897.220,-387.220,-393.591,6.372,0
208.000,G07,259408.000,1258.000,1650.354,-392.354,-393.591,1.237,0
208.000,G09,259408.000,24115.000,24512.240,-397.240,-393.591,-3.649,0
208.000,G11,259408.000,-14277.000,-13894.782,-382.218,-393.591,11.374,0
208.000,G13,259408.000,-12880.000,-12479.931,-400.069,-393.591,-6.478,0
208.000,G15,259408.000,-8691.000,-8288.563,-402.437,-393.591,-8.846,0
208.000,G20,259408.000,15565.000,15952.862,-387.862,-393.591,5.729,0
208.000,G22,259408.000,-6266.000,-5869.365,-396.635,-393.591,-3.044,0
208.000,G30,259408.000,-3903.000,-3511.107,-391.893,-393.591,1.698,0
209.000,E04,259409.000,-17041.000,-16636.460,-404.540,-393.484,-11.056,0
209.000,E12,259409.000,8035.000,8425.005,-390.005,-393.484,3.479,0
209.000,E19,259409.000,7512.000,7905.934,-393.934,-393.484,-0.450,0
209.000,E21,259409.000,-17613.000,-17208.121,-404.879,-393.484,-11.396,0
209.000,E26,259409.000,-32379.000,-31981.210,-397.790,-393.484,-4.306,0
209.000,E33,259409.000,-19184.000,-18798.377,-385.623,-393.484,7.861,0
209.000,G02,259409.000,-5266.000,-4880.940,-385.060,-393.484,8.424,0
209.000,G06,259409.000,4465.000,4851.427,-386.427,-393.484,7.057,0
209.000,G07,259409.000,1223.000,1616.034,-393.034,-393.484,0.450,0
209.000,G09,259409.000,24090.000,24486.591,-396.591,-393.484,-3.107,0
209.000,G11,259409.000,-14330.000,-13947.127,-382.873,-393.484,10.610,0
209.000,G13,259409.000,-12897.000,-12496.972,-400.028,-393.484,-6.544,0
209.000,G15,259409.000,-8703.000,-8300.407,-402.593,-393.484,-9.109,0
209.000,G20,259409.000,15521.000,15908.526,-387.526,-393.484,5.958,0
209.000,G22,259409.000,-6290.000,-5893.889,-396.111,-393.484,-2.627,0
209.000,G30,259409.000,-3937.000,-3545.535,-391.465,-393.484,2.018,0
210.000,E04,259410.000,-17049.000,-16643.840,-405.160,-393.368,-11.793,0
210.000,E12,259410.000,7996.000,8386.112,-390.112,-393.368,3.256,0
210.000,E19,259410.000,7481.000,7875.023,-394.023,-393.368,-0.655,0
210.000,E21,259410.000,-17620.000,-17214.936,-405.064,-393.368,-11.696,0
210.000,E26,259410.000,-32401.000,-32002.743,-398.257,-393.368,-4.890,0
210.000,E33,259410.000,-19231.000,-18845.102,-385.898,-393.368,7.470,0
210.000,G02,259410.000,-5314.000,-4929.050,-384.950,-393.368,8.418,0
210.000,G06,259410.000,4419.000,4805.617,-386.617,-393.368,6.751,0
210.000,G07,259410.000,1189.000,1581.712,-392.712,-393.368,0.655,0
210.000,G09,259410.000,24064.000,24460.906,-396.906,-393.368,-3.538,0
210.000,G11,259410.000,-14382.000,-13999.437,-382.563,-393.368,10.805,0
210.000,G13,259410.000,-12914.000,-12514.004,-399.996,-393.368,-6.628,0
210.000,G15,259410.000,-8715.000,-8312.249,-402.751,-393.368,-9.383,0
210.000,G20,259410.000,15477.000,15864.151,-387.151,-393.368,6.217,0
210.000,G22,259410.000,-6315.000,-5918.394,-396.606,-393.368,-3.238,0
210.000,G30,259410.000,-3972.000,-3579.956,-392.044,-393.368,1.324,0
211.000,E04,259411.000,-17056.000,-16651.209,-404.791,-393.243,-11.548,0
211.000,E12,259411.000,7957.000,8347.198,-390.198,-393.243,3.045,0
211.000,E19,259411.000,7450.000,7844.097,-394.097,-393.243,-0.854,0
211.000,E21,259411.000,-17627.000,-17221.736,-405.264,-393.243,-12.021,0
211.000,E26,259411.000,-32422.000,-32024.224,-397.776,-393.243,-4.533,0
211.000,E33,259411.000,-19277.000,-18891.786,-385.214,-393.243,8.029,0
211.000,G02,259411.000,-5362.000,-4977.153,-384.847,-393.243,8.396,0
211.000,G06,259411.000,4373.000,4759.791,-386.791,-393.243,6.452,0
211.000,G07,259411.000,1155.000,1547.389,-392.389,-393.243,0.854,0
211.000,G09,259411.000,24038.000,24435.185,-397.185,-393.243,-3.942,0
211.000,G11,259411.000,-14434.000,-14051.713,-382.287,-393.243,10.956,0
211.000,G13,259411.000,-12931.000,-12531.027,-399.973,-393.243,-6.730,0
211.000,G15,259411.000,-8727.000,-8324.090,-402.910,-393.243,-9.667,0
211.000,G20,259411.000,15432.000,15819.735,-387.735,-393.243,5.508,0
211.000,G22,259411.000,-6339.000,-5942.882,-396.118,-393.243,-2.875,0
211.000,G30,259411.000,-4006.000,-3614.371,-391.629,-393.243,1.614,0
212.000,E04,259412.000,-17063.000,-16658.568,-404.432,-393.110,-11.323,0
212.000,E12,259412.000,7918.000,8308.263,-390.263,-393.110,2.847,0
212.000,E19,259412.000,7419.000,7813.156,-394.156,-393.110,-1.047,0
212.000,E21,259412.000,-17633.000,-17228.521,-404.479,-393.110,-11.370,0
212.000,E26,259412.000,-32443.000,-32045.653,-397.347,-393.110,-4.237,0
212.000,E33,259412.000,-19324.000,-18938.429,-385.571,-393.110,7.539,0
212.000,G02,259412.000,-5410.000,-5025.250,-384.750,-393.110,8.359,0
212.000,G06,259412.000,4327.000,4713.948,-386.948,-393.110,6.162,0
212.000,G07,259412.000,1121.000,1513.063,-392.063,-393.110,1.047,0
212.000,G09,259412.000,24013.000,24409.429,-396.429,-393.110,-3.320,0
212.000,G11,259412.000,-14486.000,-14103.955,-382.045,-393.110,11.065,0
212.000,G13,259412.000,-12948.000,-12548.040,-399.960,-393.110,-6.850,0
212.000,G15,259412.000,-8738.000,-8335.929,-402.071,-393.110,-8.962,0
212.000,G20,259412.000,15388.000,15775.281,-387.281,-393.110,5.829,0
212.000,G22,259412.000,-6363.000,-5967.351,-395.649,-393.110,-2.540,0
212.000,G30,259412.000,-4040.000,-3648.780,-391.220,-393.110,1.889,0
213.000,E04,259413.000,-17071.000,-16665.916,-405.084,-393.468,-11.616,0
213.000,E12,259413.000,7879.000,8269.307,-390.307,-393.468,3.161,0
213.000,E19,259413.000,7388.000,7782.200,-394.200,-393.468,-0.733,0
213.000,E21,259413.000,-17640.000,-17235.290,-404.710,-393.468,-11.243,0
213.000,E26,259413.000,-32465.000,-32067.031,-397.969,-393.468,-4.501,0
213.000,E33,259413.000,-19371.000,-18985.032,-385.968,-393.468,7.499,0
213.000,G02,259413.000,-5458.000,-5073.339,-384.661,-393.468,8.807,0
213.000,G06,259413.000,4281.000,4668.089,-387.089,-393.468,6.378,0
213.000,G07,259413.000,1086.000,1478.735,-392.735,-393.468,0.733,0
213.000,G09,259413.000,23987.000,24383.637,-396.637,-393.468,-3.170,0
213.000,G11,259413.000,-14539.000,-14156.163,-382.837,-393.468,10.631,0
213.000,G13,259413.000,-12965.000,-12565.044,-399.956,-393.468,-6.488,0
213.000,G15,259413.000,-8751.000,-8347.766,-403.234,-393.468,-9.766,0
213.000,G20,259413.000,15343.000,15730.787,-387.787,-393.468,5.680,0
213.000,G22,259413.000,-6388.000,-5991.801,-396.199,-393.468,-2.731,0
213.000,G30,259413.000,-4075.000,-3683.182,-391.818,-393.468,1.650,0
214.000,E04,259414.000,-17079.000,-16673.255,-405.745,-394.317,-11.428,0
214.000,E12,259414.000,7840.000,8230.330,-390.330,-394.317,3.987,0
214.000,E19,259414.000,7356.000,7751.229,-395.229,-394.317,-0.912,0
214.000,E21,259414.000,-17648.000,-17242.043,-405.957,-394.317,-11.640,0
214.000,E26,259414.000,-32487.000,-32088.358,-398.642,-394.317,-4.325,0
214.000,E33,259414.000,-19418.000,-19031.594,-386.406,-394.317,7.911,0
214.000,G02,259414.000,-5507.000,-5121.422,-385.578,-394.317,8.739,0
214.000,G06,259414.000,4235.000,4622.214,-387.214,-394.317,7.103,0
214.000,G07,259414.000,1051.000,1444.405,-393.405,-394.317,0.912,0
214.000,G09,259414.000,23960.000,24357.810,-397.810,-394.317,-3.493,0
214.000,G11,259414.000,-14592.000,-14208.337,-383.663,-394.317,10.654,0
214.000,G13,259414.000,-12983.000,-12582.039,-400.961,-394.317,-6.644,0
214.000,G15,259414.000,-8763.000,-8359.602,-403.398,-394.317,-9.081,0
214.000,G20,259414.000,15298.000,15686.254,-388.254,-394.317,6.063,0
214.000,G22,259414.000,-6413.000,-6016.234,-396.766,-394.317,-2.449,0
214.000,G30,259414.000,-4110.000,-3717.578,-392.422,-394.317,1.895,0
215.000,E04,259415.000,-17086.000,-16680.583,-405.417,-393.658,-11.759,0
215.000,E12,259415.000,7801.000,8191.332,-390.332,-393.658,3.326,0
215.000,E19,259415.000,7326.000,7720.242,-394.242,-393.658,-0.584,0
215.000,E21,259415.000,-17654.000,-17248.780,-405.220,-393.658,-11.562,0
215.000,E26,259415.000,-32508.000,-32109.633,-398.367,-393.658,-4.709,0
215.000,E33,259415.000,-19464.000,-19078.115,-385.885,-393.658,7.773,0
215.000,G02,259415.000,-5554.000,-5169.498,-384.502,-393.658,9.156,0
215.000,G06,259415.000,4189.000,4576.323,-387.323,-393.658,6.335,0
215.000,G07,259415.000,1017.000,1410.074,-393.074,-393.658,0.584,0
215.000,G09,259415.000,23935.000,24331.947,-396.947,-393.658,-3.289,0
215.000,G11,259415.000,-14643.000,-14260.475,-382.525,-393.658,11.133,0
215.000,G13,259415.000,-12999.000,-12599.024,-399.976,-393.658,-6.318,0
215.000,G15,259415.000,-8774.000,-8371.436,-402.564,-393.658,-8.906,0
215.000,G20,259415.000,15254.000,15641.682,-387.682,-393.658,5.976,0
215.000,G22,259415.000,-6437.000,-6040.648,-396.352,-393.658,-2.694,0
215.000,G30,259415.000,-4144.000,-3751.967,-392.033,-393.658,1.625,0
216.000,E04,259416.000,-17093.000,-16687.901,-405.099,-393.490,-11.609,0
216.000,E12,259416.000,7762.000,8152.314,-390.314,-393.490,3.176,0
216.000,E19,259416.000,7295.000,7689.241,-394.241,-393.490,-0.750,0
216.000,E21,259416.000,-17661.000,-17255.502,-405.498,-393.490,-12.007,0
216.000,E26,259416.000,-32529.000,-32130.858,-398.142,-393.490,-4.652,0
216.000,E33,259416.000,-19510.000,-19124.595,-385.405,-393.490,8.085,0
216.000,G02,259416.000,-5602.000,-5217.567,-384.433,-393.490,9.057,0
216.000,G06,259416.000,4144.000,4530.416,-386.416,-393.490,7.074,0
216.000,G07,259416.000,983.000,1375.740,-392.740,-393.490,0.750,0
216.000,G09,259416.000,23909.000,24306.048,-397.048,-393.490,-3.558,0
216.000,G11,259416.000,-14695.000,-14312.580,-382.420,-393.490,11.070,0
216.000,G13,259416.000,-13016.000,-12616.000,-400.000,-393.490,-6.510,0
216.000,G15,259416.000,-8786.000,-8383.268,-402.732,-393.490,-9.241,0
216.000,G20,259416.000,15210.000,15597.071,-387.071,-393.490,6.420,0
216.000,G22,259416.000,-6461.000,-6065.043,-395.957,-393.490,-2.466,0
216.000,G30,259416.000,-4178.000,-3786.349,-391.651,-393.490,1.840,0
217.000,E04,259417.000,-17101.000,-16695.209,-405.791,-394.314,-11.477,0
217.000,E12,259417.000,7722.000,8113.275,-391.275,-394.314,3.039,0
217.000,E19,259417.000,7263.000,7658.224,-395.224,-394.314,-0.910,0
217.000,E21,259417.000,-17668.000,-17262.209,-405.791,-394.314,-11.477,0
217.000,E26,259417.000,-32551.000,-32152.030,-398.970,-394.314,-4.655,0
217.000,E33,259417.000,-19557.000,-19171.034,-385.966,-394.314,8.349,0
217.000,G02,259417.000,-5651.000,-5265.628,-385.372,-394.314,8.943,0
217.000,G06,259417.000,4097.000,4484.493,-387.493,-394.314,6.821,0
217.000,G07,259417.000,948.000,1341.405,-393.405,-394.314,0.910,0
217.000,G09,259417.000,23883.000,24280.114,-397.114,-394.314,-2.800,0
217.000,G11,259417.000,-14748.000,-14364.649,-383.351,-394.314,10.964,0
217.000,G13,259417.000,-13034.000,-12632.966,-401.034,-394.314,-6.720,0
217.000,G15,259417.000,-8798.000,-8395.099,-402.901,-394.314,-8.587,0
217.000,G20,259417.000,15164.000,15552.421,-388.421,-394.314,5.894,0
217.000,G22,259417.000,-6486.000,-6089.421,-396.579,-394.314,-2.265,0
217.000,G30,259417.000,-4213.000,-3820.725,-392.275,-394.314,2.040,0
218.000,E04,259418.000,-17108.000,-16702.506,-405.494,-393.630,-11.864,0
218.000,E12,259418.000,7684.000,8074.216,-390.216,-393.630,3.415,0
218.000,E19,259418.000,7233.000,7627.193,-394.193,-393.630,-0.562,0
218.000,E21,259418.000,-17674.000,-17268.899,-405.101,-393.630,-11.470,0
218.000,E26,259418.000,-32571.000,-32173.152,-397.848,-393.630,-4.218,0
218.000,E33,259418.000,-19603.000,-19217.432,-385.568,-393.630,8.063,0
218.000,G02,259418.000,-5699.000,-5313.682,-385.318,-393.630,8.313,0
218.000,G06,259418.000,4052.000,4438.554,-386.554,-393.630,7.076,0
218.000,G07,259418.000,914.000,1307.068,-393.068,-393.630,0.562,0
218.000,G09,259418.000,23857.000,24254.145,-397.145,-393.630,-3.514,0
218.000,G11,259418.000,-14800.000,-14416.684,-383.316,-393.630,10.314,0
218.000,G13,259418.000,-13050.000,-12649.923,-400.077,-393.630,-6.447,0
218.000,G15,259418.000,-8810.000,-8406.928,-403.072,-393.630,-9.442,0
218.000,G20,259418.000,15120.000,15507.732,-387.732,-393.630,5.899,0
218.000,G22,259418.000,-6510.000,-6113.779,-396.221,-393.630,-2.590,0
218.000,G30,259418.000,-4247.000,-3855.094,-391.906,-393.630,1.725,0
219.000,E04,259419.000,-17115.000,-16709.793,-405.207,-393.438,-11.769,0
219.000,E12,259419.000,7645.000,8035.136,-390.136,-393.438,3.302,0
219.000,E19,259419.000,7202.000,7596.146,-394.146,-393.438,-0.708,0
219.000,E21,259419.000,-17681.000,-17275.574,-405.426,-393.438,-11.988,0
219.000,E26,259419.000,-32592.000,-32194.222,-397.778,-393.438,-4.340,0
219.000,E33,259419.000,-19649.000,-19263.789,-385.211,-393.438,8.227,0
219.000,G02,259419.000,-5746.000,-5361.729,-384.271,-393.438,9.167,0
219.000,G06,259419.000,4006.000,4392.600,-386.600,-393.438,6.838,0
219.000,G07,259419.000,880.000,1272.729,-392.729,-393.438,0.708,0
219.000,G09,259419.000,23831.000,24228.139,-397.139,-393.438,-3.702,0
219.000,G11,259419.000,-14851.000,-14468.683,-382.317,-393.438,11.121,0
219.000,G13,259419.000,-13067.000,-12666.870,-400.130,-393.438,-6.692,0
219.000,G15,259419.000,-8821.000,-8418.755,-402.245,-393.438,-8.807,0
219.000,G20,259419.000,15076.000,15463.004,-387.004,-393.438,6.434,0
219.000,G22,259419.000,-6534.000,-6138.119,-395.881,-393.438,-2.443,0
219.000,G30,259419.000,-4281.000,-3889.457,-391.543,-393.438,1.894,0
220.000,E04,259420.000,-17122.000,-16717.070,-404.930,-393.237,-11.693,0
220.000,E12,259420.000,7606.000,7996.035,-390.035,-393.237,3.202,0
220.000,E19,259420.000,7171.000,7565.085,-394.085,-393.237,-0.848,0
220.000,E21,259420.000,-17687.000,-17282.234,-404.766,-393.237,-11.529,0
220.000,E26,259420.000,-32613.000,-32215.241,-397.759,-393.237,-4.522,0
220.000,E33,259420.000,-19696.000,-19310.105,-385.895,-393.237,7.342,0
220.000,G02,259420.000,-5794.000,-5409.768,-384.232,-393.237,9.005,0
220.000,G06,259420.000,3960.000,4346.630,-386.630,-393.237,6.607,0
220.000,G07,259420.000,846.000,1238.389,-392.389,-393.237,0.848,0
220.000,G09,259420.000,23805.000,24202.098,-397.098,-393.237,-3.862,0
220.000,G11,259420.000,-14903.000,-14520.647,-382.353,-393.237,10.884,0
220.000,G13,259420.000,-13084.000,-12683.808,-400.192,-393.237,-6.955,0
220.000,G15,259420.000,-8833.000,-8430.581,-402.419,-393.237,-9.182,0
220.000,G20,259420.000,15031.000,15418.237,-387.237,-393.237,6.000,0
220.000,G22,259420.000,-6559.000,-6162.441,-396.559,-393.237,-3.322,0
220.000,G30,259420.000,-4315.000,-3923.812,-391.188,-393.237,2.049,0
221.000,E04,259421.000,-17129.000,-16724.337,-404.663,-393.028,-11.635,0
221.000,E12,259421.000,7567.000,7956.915,-389.915,-393.028,3.113,0
221.000,E19,259421.000,7140.000,7534.008,-394.008,-393.028,-0.980,0
221.000,E21,259421.000,-17694.000,-17288.878,-405.122,-393.028,-12.094,0
221.000,E26,259421.000,-32634.000,-32236.209,-397.791,-393.028,-4.763,0
221.000,E33,259421.000,-19742.000,-19356.380,-385.620,-393.028,7.408,0
221.000,G02,259421.000,-5842.000,-5457.799,-384.201,-393.028,8.827,0
221.000,G06,259421.000,3914.000,4300.645,-386.645,-393.028,6.383,0
221.000,G07,259421.000,812.000,1204.047,-392.047,-393.028,0.980,0
221.000,G09,259421.000,23780.000,24176.022,-396.022,-393.028,-2.994,0
221.000,G11,259421.000,-14955.000,-14572.576,-382.424,-393.028,10.604,0
221.000,G13,259421.000,-13101.000,-12700.737,-400.263,-393.028,-7.236,0
221.000,G15,259421.000,-8845.000,-8442.405,-402.595,-393.028,-9.567,0
221.000,G20,259421.000,14986.000,15373.431,-387.431,-393.028,5.596,0
221.000,G22,259421.000,-6583.000,-6186.744,-396.256,-393.028,-3.228,0
221.000,G30,259421.000,-4349.000,-3958.161,-390.839,-393.028,2.189,0
222.000,E04,259422.000,-17136.000,-16731.593,-404.407,-392.811,-11.596,0
222.000,E12,259422.000,7528.000,7917.774,-389.774,-392.811,3.037,0
222.000,E19,259422.000,7109.000,7502.917,-393.917,-392.811,-1.107,0
222.000,E21,259422.000,-17700.000,-17295.506,-404.494,-392.811,-11.683,0
222.000,E26,259422.000,-32655.000,-32257.125,-397.875,-392.811,-5.064,0
222.000,E33,259422.000,-19788.000,-19402.613,-385.387,-392.811,7.424,0
222.000,G02,259422.000,-5890.000,-5505.823,-384.177,-392.811,8.634,0
222.000,G06,259422.000,3868.000,4254.644,-386.644,-392.811,6.166,0
222.000,G07,259422.000,778.000,1169.704,-391.704,-392.811,1.107,0
222.000,G09,259422.000,23754.000,24149.910,-395.910,-392.811,-3.099,0
222.000,G11,259422.000,-15007.000,-14624.470,-382.530,-392.811,10.281,0
222.000,G13,259422.000,-13117.000,-12717.655,-399.345,-392.811,-6.534,0
222.000,G15,259422.000,-8857.000,-8454.227,-402.773,-392.811,-9.963,0
222.000,G20,259422.000,14942.000,15328.588,-386.588,-392.811,6.223,0
222.000,G22,259422.000,-6607.000,-6211.028,-395.972,-392.811,-3.161,0
222.000,G30,259422.000,-4384.000,-3992.502,-391.498,-392.811,1.313,0
223.000,E04,259423.000,-17144.000,-16738.839,-405.161,-393.085,-12.075,0
223.000,E12,259423.000,7489.000,7878.612,-389.612,-393.085,3.473,0
223.000,E19,259423.000,7078.000,7471.811,-393.811,-393.085,-0.726,0
223.000,E21,259423.000,-17707.000,-17302.119,-404.881,-393.085,-11.796,0
223.000,E26,259423.000,-32676.000,-32277.991,-398.009,-393.085,-4.924,0
223.000,E33,259423.000,-19834.000,-19448.805,-385.195,-393.085,7.890,0
223.000,G02,259423.000,-5938.000,-5553.839,-384.161,-393.085,8.924,0
223.000,G06,259423.000,3822.000,4208.629,-386.629,-393.085,6.457,0
223.000,G07,259423.000,743.000,1135.360,-392.360,-393.085,0.726,0
223.000,G09,259423.000,23727.000,24123.763,-396.763,-393.085,-3.677,0
223.000,G11,259423.000,-15059.000,-14676.328,-382.672,-393.085,10.414,0
223.000,G13,259423.000,-13135.000,-12734.565,-400.435,-393.085,-7.350,0
223.000,G15,259423.000,-8869.000,-8466.047,-402.953,-393.085,-9.867,0
223.000,G20,259423.000,14897.000,15283.705,-386.705,-393.085,6.380,0
223.000,G22,259423.000,-6631.000,-6235.294,-395.706,-393.085,-2.620,0
223.000,G30,259423.000,-4418.000,-4026.837,-391.163,-393.085,1.923,0
224.000,E04,259424.000,-17150.000,-16746.075,-403.925,-392.852,-11.073,0
224.000,E12,259424.000,7450.000,7839.431,-389.431,-392.852,3.421,0
224.000,E19,259424.000,7047.000,7440.691,-393.691,-392.852,-0.839,0
224.000,E21,259424.000,-17713.000,-17308.716,-404.284,-392.852,-11.432,0
224.000,E26,259424.000,-32696.000,-32298.805,-397.195,-392.852,-4.343,0
224.000,E33,259424.000,-19880.000,-19494.955,-385.045,-392.852,7.807,0
224.000,G02,259424.000,-5986.000,-5601.846,-384.154,-392.852,8.698,0
224.000,G06,259424.000,3776.000,4162.598,-386.598,-392.852,6.254,0
224.000,G07,259424.000,709.000,1101.014,-392.014,-392.852,0.839,0
224.000,G09,259424.000,23701.000,24097.580,-396.580,-392.852,-3.727,0
224.000,G11,259424.000,-15110.000,-14728.151,-381.849,-392.852,11.003,0
224.000,G13,259424.000,-13151.000,-12751.465,-399.535,-392.852,-6.683,0
224.000,G15,259424.000,-8880.000,-8477.866,-402.134,-392.852,-9.282,0
224.000,G20,259424.000,14852.000,15238.784,-386.784,-392.852,6.068,0
224.000,G22,259424.000,-6655.000,-6259.541,-395.459,-392.852,-2.607,0
224.000,G30,259424.000,-4452.000,-4061.165,-390.835,-392.852,2.017,0
225.000,E04,259425.000,-17158.000,-16753.301,-404.699,-392.611,-12.088,0
225.000,E12,259425.000,7411.000,7800.230,-389.230,-392.611,3.381,0
225.000,E19,259425.000,7016.000,7409.555,-393.555,-392.611,-0.945,0
225.000,E21,259425.000,-17720.000,-17315.297,-404.703,-392.611,-12.092,0
225.000,E26,259425.000,-32717.000,-32319.568,-397.432,-392.611,-4.822,0
225.000,E33,259425.000,-19926.000,-19541.063,-384.937,-392.611,7.674,0
225.000,G02,259425.000,-6034.000,-5649.846,-384.154,-392.611,8.456,0
225.000,G06,259425.000,3731.000,4116.552,-385.552,-392.611,7.059,0
225.000,G07,259425.000,675.000,1066.666,-391.666,-392.611,0.945,0
225.000,G09,259425.000,23675.000,24071.361,-396.361,-392.611,-3.750,0
225.000,G11,259425.000,-15162.000,-14779.938,-382.062,-392.611,10.549,0
225.000,G13,259425.000,-13168.000,-12768.355,-399.645,-392.611,-7.034,0
225.000,G15,259425.000,-8892.000,-8489.683,-402.317,-392.611,-9.706,0
225.000,G20,259425.000,14807.000,15193.825,-386.825,-392.611,5.786,0
225.000,G22,259425.000,-6679.000,-6283.769,-395.231,-392.611,-2.620,0
225.000,G30,259425.000,-4486.000,-4095.485,-390.515,-392.611,2.096,0
226.000,E04,259426.000,-17165.000,-16760.517,-404.483,-392.362,-12.122,0
226.000,E12,259426.000,7372.000,7761.009,-389.009,-392.362,3.353,0
226.000,E19,259426.000,6985.000,7378.405,-393.405,-392.362,-1.044,0
226.000,E21,259426.000,-17726.000,-17321.863,-404.137,-392.362,-11.775,0
226.000,E26,259426.000,-32738.000,-32340.279,-397.721,-392.362,-5.359,0
226.000,E33,259426.000,-19972.000,-19587.130,-384.870,-392.362,7.492,0
226.000,G02,259426.000,-6082.000,-5697.837,-384.163,-392.362,8.198,0
226.000,G06,259426.000,3685.000,4070.491,-385.491,-392.362,6.870,0
226.000,G07,259426.000,641.000,1032.318,-391.318,-392.362,1.044,0
226.000,G09,259426.000,23649.000,24045.107,-396.107,-392.362,-3.746,0
226.000,G11,259426.000,-15214.000,-14831.689,-382.311,-392.362,10.051,0
226.000,G13,259426.000,-13185.000,-12785.236,-399.764,-392.362,-7.402,0
226.000,G15,259426.000,-8903.000,-8501.498,-401.502,-392.362,-9.140,0
226.000,G20,259426.000,14762.000,15148.827,-386.827,-392.362,5.534,0
226.000,G22,259426.000,-6703.000,-6307.979,-395.021,-392.362,-2.660,0
226.000,G30,259426.000,-4521.000,-4129.798,-391.202,-392.362,1.160,0
227.000,E04,259427.000,-17172.000,-16767.722,-404.278,-392.604,-11.674,0
227.000,E12,259427.000,7332.000,7721.767,-389.767,-392.604,2.837,0
227.000,E19,259427.000,6954.000,7347.241,-393.241,-392.604,-0.636,0
227.000,E21,259427.000,-17733.000,-17328.414,-404.586,-392.604,-11.982,0
227.000,E26,259427.000,-32758.000,-32360.939,-397.061,-392.604,-4.456,0
227.000,E33,259427.000,-20018.000,-19633.155,-384.845,-392.604,7.760,0
227.000,G02,259427.000,-6130.000,-5745.819,-384.181,-392.604,8.424,0
227.000,G06,259427.000,3638.000,4024.416,-386.416,-392.604,6.189,0
227.000,G07,259427.000,606.000,997.968,-391.968,-392.604,0.636,0
227.000,G09,259427.000,23623.000,24018.818,-395.818,-392.604,-3.213,0
227.000,G11,259427.000,-15266.000,-14883.404,-382.596,-392.604,10.009,0
227.000,G13,259427.000,-13202.000,-12802.107,-399.893,-392.604,-7.288,0
227.000,G15,259427.000,-8915.000,-8513.312,-401.688,-392.604,-9.084,0
227.000,G20,259427.000,14717.000,15103.792,-386.792,-392.604,5.813,0
227.000,G22,259427.000,-6728.000,-6332.169,-395.831,-392.604,-3.226,0
227.000,G30,259427.000,-4555.000,-4164.104,-390.896,-392.604,1.709,0
228.000,E04,259428.000,-17179.000,-16774.917,-404.083,-392.107,-11.976,0
228.000,E12,259428.000,7293.000,7682.507,-389.507,-392.107,2.601,0
228.000,E19,259428.000,6922.000,7316.062,-394.062,-392.107,-1.955,0
228.000,E21,259428.000,-17740.000,-17334.949,-405.051,-392.107,-12.944,0
228.000,E26,259428.000,32757.000,-32381.549,65138.549,-392.107,65530.656,1
228.000,E33,259428.000,-20064.000,-19679.138,-384.862,-392.107,7.245,0
228.000,G02,259428.000,-6178.000,-5793.793,-384.207,-392.107,7.901,0
228.000,G06,259428.000,3592.000,3978.326,-386.326,-392.107,5.782,0
228.000,G07,259428.000,571.000,963.617,-392.617,-392.107,-0.510,0
228.000,G09,259428.000,23596.000,23992.493,-396.493,-392.107,-4.386,0
228.000,G11,259428.000,-15318.000,-14935.083,-382.917,-392.107,9.190,0
228.000,G13,259428.000,-13219.000,-12818.969,-400.031,-392.107,-7.924,0
228.000,G15,259428.000,-8927.000,-8525.123,-401.877,-392.107,-9.770,0
228.000,G20,259428.000,14672.000,15058.718,-386.718,-392.107,5.389,0
228.000,G22,259428.000,-6752.000,-6356.341,-395.659,-392.107,-3.552,0
228.000,G30,259428.000,-4590.000,-4198.403,-391.597,-392.107,0.510,0
229.000,E04,259429.000,-17187.000,-16782.101,-404.899,-391.785,-13.113,0
229.000,E12,259429.000,7254.000,7643.226,-389.226,-391.785,2.560,0
229.000,E19,259429.000,6891.000,7284.868,-393.868,-391.785,-2.082,0
229.000,E21,259429.000,-17746.000,-17341.468,-404.532,-391.785,-12.746,0
229.000,E26,259429.000,32736.000,-32402.107,65138.107,-391.785,65529.892,1
229.000,E33,259429.000,-20110.000,-19725.080,-384.920,-391.785,6.865,0
229.000,G02,259429.000,-6226.000,-5841.759,-384.241,-391.785,7.544,0
229.000,G06,259429.000,3546.000,3932.221,-386.221,-391.785,5.565,0
229.000,G07,259429.000,537.000,929.265,-392.265,-391.785,-0.480,0
229.000,G09,259429.000,23570.000,23966.133,-396.133,-391.785,-4.347,0
229.000,G11,259429.000,-15369.000,-14986.726,-382.274,-391.785,9.512,0
229.000,G13,259429.000,-13236.000,-12835.821,-400.179,-391.785,-8.394,0
229.000,G15,259429.000,-8939.000,-8536.933,-402.067,-391.785,-10.281,0
229.000,G20,259429.000,14627.000,15013.606,-386.606,-391.785,5.179,0
229.000,G22,259429.000,-6777.000,-6380.494,-396.506,-391.785,-4.721,0
229.000,G30,259429.000,-4624.000,-4232.694,-391.306,-391.785,0.480,0
230.000,E04,259430.000,-17194.000,-16789.276,-404.724,-391.467,-13.257,0
230.000,E12,259430.000,7214.000,7603.925,-389.925,-391.467,1.542,0
230.000,E19,259430.000,6860.000,7253.660,-393.660,-391.467,-2.193,0
230.000,E21,259430.000,-17753.000,-17347.972,-405.028,-391.467,-13.561,0
230.000,E26,259430.000,32715.000,-32422.613,65137.613,-391.467,65529.081,1
230.000,E33,259430.000,-20156.000,-19770.979,-385.021,-391.467,6.446,0
230.000,G02,259430.000,-6274.000,-5889.716,-384.284,-391.467,7.183,0
230.000,G06,259430.000,3500.000,3886.102,-386.102,-391.467,5.365,0
230.000,G07,259430.000,503.000,894.912,-391.912,-391.467,-0.445,0
230.000,G09,259430.000,23544.000,23939.737,-395.737,-391.467,-4.270,0
230.000,G11,259430.000,-15421.000,-15038.333,-382.667,-391.467,8.800,0
230.000,G13,259430.000,-13253.000,-12852.663,-400.337,-391.467,-8.870,0
230.000,G15,259430.000,-8951.000,-8548.741,-402.259,-391.467,-10.792,0
230.000,G20,259430.000,14582.000,14968.457,-386.457,-391.467,5.010,0
230.000,G22,259430.000,-6801.000,-6404.628,-396.372,-391.467,-4.905,0
230.000,G30,259430.000,-4658.000,-4266.978,-391.022,-391.467,0.445,0
231.000,E04,259431.000,-17201.000,-16796.440,-404.560,-392.152,-12.408,0
231.000,E12,259431.000,7175.000,7564.605,-389.605,-392.152,2.546,0
231.000,E19,259431.000,6829.000,7222.437,-393.437,-392.152,-1.285,0
231.000,E21,259431.000,-17759.000,-17354.460,-404.540,-392.152,-12.388,0
231.000,E26,259431.000,32695.000,-32443.069,65138.069,-392.152,65530.221,1
231.000,E33,259431.000,-20202.000,-19816.836,-385.164,-392.152,6.988,0
231.000,G02,259431.000,-6322.000,-5937.663,-384.337,-392.152,7.815,0
231.000,G06,259431.000,3454.000,3839.968,-385.968,-392.152,6.184,0
231.000,G07,259431.000,468.000,860.558,-392.558,-392.152,-0.407,0
231.000,G09,259431.000,23517.000,23913.306,-396.306,-392.152,-4.154,0
231.000,G11,259431.000,-15472.000,-15089.903,-382.097,-392.152,10.055,0
231.000,G13,259431.000,-13269.000,-12869.496,-399.504,-392.152,-7.352,0
231.000,G15,259431.000,-8963.000,-8560.547,-402.453,-392.152,-10.301,0
231.000,G20,259431.000,14536.000,14923.269,-387.269,-392.152,4.883,0
231.000,G22,259431.000,-6825.000,-6428.743,-396.257,-392.152,-4.105,0
231.000,G30,259431.000,-4693.000,-4301.255,-391.745,-392.152,0.407,0
232.000,E04,259432.000,-17208.000,-16803.594,-404.406,-391.840,-12.566,0
232.000,E12,259432.000,7136.000,7525.266,-389.266,-391.840,2.574,0
232.000,E19,259432.000,6797.000,7191.200,-394.200,-391.840,-2.360,0
232.000,E21,259432.000,-17766.000,-17360.933,-405.067,-391.840,-13.227,0
232.000,E26,259432.000,32674.000,-32463.474,65137.474,-391.840,65529.314,1
232.000,E33,259432.000,-20248.000,-19862.651,-385.349,-391.840,6.491,0
232.000,G02,259432.000,-6370.000,-5985.602,-384.398,-391.840,7.442,0
232.000,G06,259432.000,3408.000,3793.820,-385.820,-391.840,6.020,0
232.000,G07,259432.000,434.000,826.204,-392.204,-391.840,-0.364,0
232.000,G09,259432.000,23491.000,23886.839,-395.839,-391.840,-3.999,0
232.000,G11,259432.000,-15524.000,-15141.436,-382.564,-391.840,9.276,0
232.000,G13,259432.000,-13286.000,-12886.319,-399.681,-391.840,-7.841,0
232.000,G15,259432.000,-8975.000,-8572.352,-402.648,-391.840,-10.808,0
232.000,G20,259432.000,14491.000,14878.044,-387.044,-391.840,4.796,0
232.000,G22,259432.000,-6849.000,-6452.839,-396.161,-391.840,-4.321,0
232.000,G30,259432.000,-4727.000,-4335.524,-391.476,-391.840,0.364,0
233.000,E04,259433.000,-17216.000,-16810.738,-405.262,-392.031,-13.231,0
233.000,E12,259433.000,7096.000,7485.907,-389.907,-392.031,2.124,0
233.000,E19,259433.000,6766.000,7159.949,-393.949,-392.031,-1.917,0
233.000,E21,259433.000,-17772.000,-17367.390,-404.610,-392.031,-12.578,0
233.000,E26,259433.000,32654.000,-32483.827,65137.827,-392.031,65529.858,1
233.000,E33,259433.000,-20294.000,-19908.424,-385.576,-392.031,6.455,0
233.000,G02,259433.000,-6418.000,-6033.532,-384.468,-392.031,7.563,0
233.000,G06,259433.000,3361.000,3747.659,-386.659,-392.031,5.373,0
233.000,G07,259433.000,399.000,791.848,-392.848,-392.031,-0.817,0
233.000,G09,259433.000,23464.000,23860.337,-396.337,-392.031,-4.306,0
233.000,G11,259433.000,-15576.000,-15192.933,-383.067,-392.031,8.965,0
233.000,G13,259433.000,-13303.000,-12903.133,-399.867,-392.031,-7.836,0
233.000,G15,259433.000,-8987.000,-8584.154,-402.846,-392.031,-10.814,0
233.000,G20,259433.000,14446.000,14832.781,-386.781,-392.031,5.250,0
233.000,G22,259433.000,-6873.000,-6476.916,-396.084,-392.031,-4.053,0
233.000,G30,259433.000,-4761.000,-4369.785,-391.215,-392.031,0.817,0
234.000,E04,259434.000,-17223.000,-16817.871,-405.129,-392.226,-12.903,0
234.000,E12,259434.000,7056.000,7446.529,-390.529,-392.226,1.697,0
234.000,E19,259434.000,6735.000,7128.683,-393.683,-392.226,-1.457,0
234.000,E21,259434.000,-17779.000,-17373.832,-405.168,-392.226,-12.942,0
234.000,E26,259434.000,32633.000,-32504.129,65137.129,-392.226,65529.356,1
234.000,E33,259434.000,-20340.000,-19954.154,-385.846,-392.226,6.381,0
234.000,G02,259434.000,-6466.000,-6081.452,-384.548,-392.226,7.679,0
234.000,G06,259434.000,3315.000,3701.483,-386.483,-392.226,5.744,0
234.000,G07,259434.000,365.000,757.492,-392.492,-392.226,-0.265,0
234.000,G09,259434.000,23437.000,23833.800,-396.800,-392.226,-4.574,0
234.000,G11,259434.000,-15627.000,-15244.393,-382.607,-392.226,9.620,0
234.000,G13,259434.000,-13320.000,-12919.937,-400.063,-392.226,-7.837,0
234.000,G15,259434.000,-8999.000,-8595.955,-403.045,-392.226,-10.818,0
234.000,G20,259434.000,14400.000,14787.481,-387.481,-392.226,4.746,0
234.000,G22,259434.000,-6897.000,-6500.973,-396.027,-392.226,-3.800,0
234.000,G30,259434.000,-4796.000,-4404.039,-391.961,-392.226,0.265,0
235.000,E04,259435.000,-17230.000,-16824.994,-405.006,-392.425,-12.581,0
235.000,E12,259435.000,7017.000,7407.131,-390.131,-392.425,2.293,0
235.000,E19,259435.000,6703.000,7097.403,-394.403,-392.425,-1.979,0
235.000,E21,259435.000,-17786.000,-17380.258,-405.742,-392.425,-13.317,0
235.000,E26,259435.000,32613.000,-32524.381,65137.381,-392.425,65529.805,1
235.000,E33,259435.000,-20386.000,-19999.843,-386.157,-392.425,6.267,0
235.000,G02,259435.000,-6514.000,-6129.364,-384.636,-392.425,7.788,0
235.000,G06,259435.000,3268.000,3655.293,-387.293,-392.425,5.132,0
235.000,G07,259435.000,330.000,723.134,-393.134,-392.425,-0.710,0
235.000,G09,259435.000,23411.000,23807.227,-396.227,-392.425,-3.803,0
235.000,G11,259435.000,-15679.000,-15295.817,-383.183,-392.425,9.241,0
235.000,G13,259435.000,-13337.000,-12936.731,-400.269,-392.425,-7.844,0
235.000,G15,259435.000,-9011.000,-8607.754,-403.246,-392.425,-10.821,0
235.000,G20,259435.000,14355.000,14742.143,-387.143,-392.425,5.282,0
235.000,G22,259435.000,-6922.000,-6525.012,-396.988,-392.425,-4.563,0
235.000,G30,259435.000,-4830.000,-4438.285,-391.715,-392.425,0.710,0
236.000,E04,259436.000,-17237.000,-16832.107,-404.893,-392.626,-12.266,0
236.000,E12,259436.000,6977.000,7367.715,-390.715,-392.626,1.912,0
236.000,E19,259436.000,6672.000,7066.109,-394.109,-392.626,-1.483,0
236.000,E21,259436.000,-17792.000,-17386.669,-405.331,-392.626,-12.705,0
236.000,E26,259436.000,32593.000,-32544.581,65137.581,-392.626,65530.207,1
236.000,E33,259436.000,-20432.000,-20045.488,-386.512,-392.626,6.115,0
236.000,G02,259436.000,-6562.000,-6177.265,-384.735,-392.626,7.892,0
236.000,G06,259436.000,3222.000,3609.089,-387.089,-392.626,5.537,0
236.000,G07,259436.000,296.000,688.776,-392.776,-392.626,-0.150,0
236.000,G09,259436.000,23384.000,23780.619,-396.619,-392.626,-3.993,0
236.000,G11,259436.000,-15731.000,-15347.203,-383.797,-392.626,8.829,0
236.000,G13,259436.000,-13354.000,-12953.516,-400.484,-392.626,-7.858,0
236.000,G15,259436.000,-9023.000,-8619.551,-403.449,-392.626,-10.822,0
236.000,G20,259436.000,14309.000,14696.767,-387.767,-392.626,4.859,0
236.000,G22,259436.000,-6946.000,-6549.032,-396.968,-392.626,-4.342,0
236.000,G30,259436.000,-4865.000,-4472.523,-392.477,-392.626,0.150,0
237.000,E04,259437.000,-17245.000,-16839.210,-405.790,-392.832,-12.958,0
237.000,E12,259437.000,6938.000,7328.279,-390.279,-392.832,2.553,0
237.000,E19,259437.000,6640.000,7034.801,-394.801,-392.832,-1.969,0
237.000,E21,259437.000,-17799.000,-17393.064,-405.936,-392.832,-13.104,0
237.000,E26,259437.000,32572.000,-32564.730,65136.730,-392.832,65529.562,1
237.000,E33,259437.000,-20477.000,-20091.091,-385.909,-392.832,6.923,0
237.000,G02,259437.000,-6610.000,-6225.157,-384.843,-392.832,7.989,0
237.000,G06,259437.000,3176.000,3562.872,-386.872,-392.832,5.960,0
237.000,G07,259437.000,261.000,654.418,-393.418,-392.832,-0.586,0
237.000,G09,259437.000,23357.000,23753.976,-396.976,-392.832,-4.144,0
237.000,G11,259437.000,-15782.000,-15398.552,-383.448,-392.832,9.384,0
237.000,G13,259437.000,-13371.000,-12970.291,-400.709,-392.832,-7.877,0
237.000,G15,259437.000,-9034.000,-8631.347,-402.653,-392.832,-9.821,0
237.000,G20,259437.000,14264.000,14651.355,-387.355,-392.832,5.477,0
237.000,G22,259437.000,-6970.000,-6573.032,-396.968,-392.832,-4.136,0
237.000,G30,259437.000,-4899.000,-4506.754,-392.246,-392.832,0.586,0
238.000,E04,259438.000,-17252.000,-16846.303,-405.697,-393.059,-12.639,0
238.000,E12,259438.000,6898.000,7288.824,-390.824,-393.059,2.235,0
238.000,E19,259438.000,6609.000,7003.478,-394.478,-393.059,-1.420,0
238.000,E21,259438.000,-17805.000,-17399.444,-405.556,-393.059,-12.497,0
238.000,E26,259438.000,32552.000,-32584.828,65136.828,-393.059,65529.887,1
238.000,E27,259438.000,10494.000,10898.448,-404.448,-393.059,-11.390,0
238.000,E33,259438.000,-20523.000,-20136.652,-386.348,-393.059,6.711,0
238.000,G02,259438.000,-6658.000,-6273.040,-384.960,-393.059,8.099,0
238.000,G06,259438.000,3130.000,3516.641,-386.641,-393.059,6.418,0
238.000,G07,259438.000,227.000,620.059,-393.059,-393.059,0.000,0
238.000,G09,259438.000,23330.000,23727.297,-397.297,-393.059,-4.238,0
238.000,G11,259438.000,-15833.000,-15449.864,-383.136,-393.059,9.923,0
238.000,G13,259438.000,-13388.000,-12987.056,-400.944,-393.059,-7.885,0
238.000,G15,259438.000,-9046.000,-8643.140,-402.860,-393.059,-9.801,0
238.000,G20,259438.000,14218.000,14605.905,-387.905,-393.059,5.154,0
238.000,G22,259438.000,-6994.000,-6597.013,-396.987,-393.059,-3.928,0
238.000,G30,259438.000,-4933.000,-4540.977,-392.023,-393.059,1.036,0
239.000,E04,259439.000,-17259.000,-16853.385,-405.615,-392.699,-12.916,0
239.000,E12,259439.000,6859.000,7249.350,-390.350,-392.699,2.349,0
239.000,E19,259439.000,6577.000,6972.142,-395.142,-392.699,-2.443,0
239.000,E21,259439.000,-17812.000,-17405.808,-406.192,-392.699,-13.493,0
239.000,E26,259439.000,32532.000,-32604.875,65136.875,-392.699,65529.574,1
239.000,E27,259439.000,10483.000,10888.224,-405.224,-392.699,-12.525,0
239.000,E33,259439.000,-20569.000,-20182.170,-386.830,-392.699,5.869,0
239.000,G02,259439.000,-6706.000,-6320.912,-385.088,-392.699,7.611,0
239.000,G06,259439.000,3083.000,3470.397,-387.397,-392.699,5.302,0
239.000,G07,259439.000,193.000,585.699,-392.699,-392.699,0.000,0
239.000,G09,259439.000,23304.000,23700.583,-396.583,-392.699,-3.884,0
239.000,G11,259439.000,-15885.000,-15501.139,-383.861,-392.699,8.838,0
239.000,G13,259439.000,-13405.000,-13003.811,-401.189,-392.699,-8.490,0
239.000,G15,259439.000,-9058.000,-8654.932,-403.068,-392.699,-10.369,0
239.000,G20,259439.000,14173.000,14560.418,-387.418,-392.699,5.281,0
239.000,G22,259439.000,-7018.000,-6620.975,-397.025,-392.699,-4.326,0
239.000,G30,259439.000,-4967.000,-4575.192,-391.808,-392.699,0.891,0
240.000,E04,259440.000,-17266.000,-16860.457,-405.543,-393.339,-12.204,0
240.000,E12,259440.000,6819.000,7209.857,-390.857,-393.339,2.482,0
240.000,E19,259440.000,6546.000,6940.791,-394.791,-393.339,-1.452,0
240.000,E21,259440.000,-17818.000,-17412.157,-405.843,-393.339,-12.504,0
240.000,E26,259440.000,32512.000,-32624.871,65136.871,-393.339,65530.210,1
240.000,E27,259440.000,10473.000,10877.989,-404.989,-393.339,-11.650,0
240.000,E33,259440.000,-20614.000,-20227.645,-386.355,-393.339,6.984,0
240.000,G02,259440.000,-6754.000,-6368.775,-385.225,-393.339,8.114,0
240.000,G06,259440.000,3037.000,3424.139,-387.139,-393.339,6.200,0
240.000,G07,259440.000,158.000,551.339,-393.339,-393.339,0.000,0
240.000,G09,259440.000,23277.000,23673.834,-396.834,-393.339,-3.495,0
240.000,G11,259440.000,-15936.000,-15552.376,-383.624,-393.339,9.715,0
240.000,G13,259440.000,-13421.000,-13020.557,-400.443,-393.339,-7.104,0
240.000,G15,259440.000,-9070.000,-8666.721,-403.279,-393.339,-9.939,0
240.000,G20,259440.000,14127.000,14514.894,-387.894,-393.339,5.445,0
240.000,G22,259440.000,-7042.000,-6644.917,-397.083,-393.339,-3.743,0
240.000,G30,259440.000,-5001.000,-4609.398,-391.602,-393.339,1.738,0
241.000,E04,259441.000,-17273.000,-16867.518,-405.482,-392.979,-12.503,0
241.000,E12,259441.000,6780.000,7170.345,-390.345,-392.979,2.633,0
241.000,E19,259441.000,6515.000,6909.427,-394.427,-392.979,-1.448,0
241.000,E21,259441.000,-17824.000,-17418.490,-405.510,-392.979,-12.531,0
241.000,E26,259441.000,32492.000,-32644.815,65136.815,-392.979,65529.794,1
241.000,E27,259441.000,10463.000,10867.742,-404.742,-392.979,-11.763,0
241.000,E33,259441.000,-20660.000,-20273.077,-386.923,-392.979,6.056,0
241.000,G02,259441.000,-6802.000,-6416.627,-385.373,-392.979,7.606,0
241.000,G06,259441.000,2991.000,3377.868,-386.868,-392.979,6.110,0
241.000,G07,259441.000,124.000,516.979,-392.979,-392.979,0.000,0
241.000,G09,259441.000,23250.000,23647.049,-397.049,-392.979,-4.070,0
241.000,G11,259441.000,-15987.000,-15603.576,-383.424,-392.979,9.555,0
241.000,G13,259441.000,-13438.000,-13037.293,-400.707,-392.979,-7.728,0
241.000,G15,259441.000,-9082.000,-8678.509,-403.491,-392.979,-10.512,0
241.000,G20,259441.000,14082.000,14469.333,-387.333,-392.979,5.646,0
241.000,G22,259441.000,-7066.000,-6668.841,-397.159,-392.979,-4.180,0
241.000,G30,259441.000,-5036.000,-4643.597,-392.403,-392.979,0.576,0
242.000,E04,259442.000,-17280.000,-16874.570,-405.430,-393.618,-11.812,0
242.000,E12,259442.000,6740.000,7130.815,-390.815,-393.618,2.803,0
242.000,E19,259442.000,6483.000,6878.048,-395.048,-393.618,-1.430,0
242.000,E21,259442.000,-17831.000,-17424.808,-406.192,-393.618,-12.574,0
242.000,E26,259442.000,32472.000,-32664.709,65136.709,-393.618,65530.327,1
242.000,E27,259442.000,10452.000,10857.483,-405.483,-393.618,-11.865,0
242.000,E33,259442.000,-20705.000,-20318.466,-386.534,-393.618,7.084,0
242.000,G02,259442.000,-6850.000,-6464.470,-385.530,-393.618,8.088,0
242.000,G06,259442.000,2944.000,3331.584,-387.584,-393.618,6.034,0
242.000,G07,259442.000,89.000,482.618,-393.618,-393.618,0.000,0
242.000,G09,259442.000,23223.000,23620.229,-397.229,-393.618,-3.611,0
242.000,G11,259442.000,-16039.000,-15654.738,-384.262,-393.618,9.356,0
242.000,G13,259442.000,-13455.000,-13054.019,-400.981,-393.618,-7.363,0
242.000,G15,259442.000,-9094.000,-8690.295,-403.705,-393.618,-10.087,0
242.000,G20,259442.000,14036.000,14423.735,-387.735,-393.618,5.883,0
242.000,G22,259442.000,-7090.000,-6692.745,-397.255,-393.618,-3.637,0
242.000,G30,259442.000,-5070.000,-4677.788,-392.212,-393.618,1.406,0
243.000,E04,259443.000,-17287.000,-16881.611,-405.389,-393.257,-12.132,0
243.000,E12,259443.000,6701.000,7091.266,-390.266,-393.257,2.991,0
243.000,E19,259443.000,6452.000,6846.656,-394.656,-393.257,-1.399,0
243.000,E21,259443.000,-17837.000,-17431.110,-405.890,-393.257,-12.633,0
243.000,E26,259443.000,32452.000,-32684.552,65136.552,-393.257,65529.809,1
243.000,E27,259443.000,10442.000,10847.213,-405.213,-393.257,-11.956,0
243.000,E33,259443.000,-20750.000,-20363.813,-386.187,-393.257,7.070,0
243.000,G02,259443.000,-6898.000,-6512.302,-385.698,-393.257,7.559,0
243.000,G06,259443.000,2898.000,3285.287,-387.287,-393.257,5.970,0
243.000,G07,259443.000,55.000,448.257,-393.257,-393.257,0.000,0
243.000,G09,259443.000,23196.000,23593.374,-397.374,-393.257,-4.117,0
243.000,G11,259443.000,-16090.000,-15705.862,-384.138,-393.257,9.119,0
243.000,G13,259443.000,-13472.000,-13070.735,-401.265,-393.257,-8.008,0
243.000,G15,259443.000,-9105.000,-8702.079,-402.921,-393.257,-9.664,0
243.000,G20,259443.000,13991.000,14378.100,-387.100,-393.257,6.157,0
243.000,G22,259443.000,-7114.000,-6716.629,-397.371,-393.257,-4.114,0
243.000,G30,259443.000,-5104.000,-4711.971,-392.029,-393.257,1.228,0
244.000,E04,259444.000,-17294.000,-16888.642,-405.358,-392.896,-12.462,0
244.000,E12,259444.000,6661.000,7051.698,-390.698,-392.896,2.198,0
244.000,E19,259444.000,6421.000,6815.249,-394.249,-392.896,-1.353,0
244.000,E21,259444.000,-17843.000,-17437.397,-405.603,-392.896,-12.707,0
244.000,E26,259444.000,32433.000,-32704.344,65137.344,-392.896,65530.240,1
244.000,E27,259444.000,10432.000,10836.932,-404.932,-392.896,-12.036,0
244.000,E33,259444.000,-20796.000,-20409.116,-386.884,-392.896,6.012,0
244.000,G02,259444.000,-6945.000,-6560.123,-384.877,-392.896,8.019,0
244.000,G06,259444.000,2852.000,3238.977,-386.977,-392.896,5.918,0
244.000,G07,259444.000,21.000,413.896,-392.896,-392.896,0.000,0
244.000,G09,259444.000,23170.000,23566.484,-396.484,-392.896,-3.588,0
244.000,G11,259444.000,-16140.000,-15756.948,-383.052,-392.896,9.844,0
244.000,G13,259444.000,-13488.000,-13087.442,-400.558,-392.896,-7.662,0
244.000,G15,259444.000,-9117.000,-8713.861,-403.139,-392.896,-10.243,0
244.000,G20,259444.000,13945.000,14332.429,-387.429,-392.896,5.467,0
244.000,G22,259444.000,-7137.000,-6740.494,-396.506,-392.896,-3.610,0
244.000,G30,259444.000,-5138.000,-4746.145,-391.855,-392.896,1.041,0
245.000,E04,259445.000,-17301.000,-16895.663,-405.337,-391.688,-13.649,0
245.000,E12,259445.000,6622.000,7012.112,-390.112,-391.688,1.576,0
245.000,E19,259445.000,6390.000,6783.829,-393.829,-391.688,-2.141,0
245.000,E21,259445.000,-17849.000,-17443.669,-405.331,-391.688,-13.643,0
245.000,E26,259445.000,32413.000,-32724.085,65137.085,-391.688,65528.773,1
245.000,E27,259445.000,10422.000,10826.639,-404.639,-391.688,-12.951,0
245.000,E33,259445.000,-20841.000,-20454.376,-386.624,-391.688,5.064,0
245.000,G02,259445.000,-6993.000,-6607.934,-385.066,-391.688,6.623,0
245.000,G06,259445.000,2806.000,3192.655,-386.655,-391.688,5.034,0
245.000,G07,259445.000,-12.000,379.534,-391.534,-391.688,0.154,0
245.000,G09,259445.000,23143.000,23539.558,-396.558,-391.688,-4.870,0
245.000,G11,259445.000,-16191.000,-15807.996,-383.004,-391.688,8.685,0
245.000,G13,259445.000,-13505.000,-13104.139,-400.861,-391.688,-9.173,0
245.000,G15,259445.000,-9128.000,-8725.641,-402.359,-391.688,-10.671,0
245.000,G20,259445.000,13900.000,14286.721,-386.721,-391.688,4.968,0
245.000,G22,259445.000,-7161.000,-6764.339,-396.661,-391.688,-4.972,0
245.000,G30,259445.000,-5172.000,-4780.312,-391.688,-391.688,0.000,0
246.000,E04,259446.000,-17308.000,-16902.673,-405.327,-391.530,-13.796,0
246.000,E12,259446.000,6583.000,6972.507,-389.507,-391.530,2.023,0
246.000,E19,259446.000,6358.000,6752.395,-394.395,-391.530,-2.865,0
246.000,E21,259446.000,-17855.000,-17449.925,-405.075,-391.530,-13.545,0
246.000,E26,259446.000,32394.000,-32743.775,65137.775,-391.530,65529.305,1
246.000,E27,259446.000,10412.000,10816.334,-404.334,-391.530,-12.804,0
246.000,E33,259446.000,-20886.000,-20499.593,-386.407,-391.530,5.123,0
246.000,G02,259446.000,-7040.000,-6655.735,-384.265,-391.530,7.265,0
246.000,G06,259446.000,2760.000,3146.319,-386.319,-391.530,5.211,0
246.000,G07,259446.000,-46.000,345.173,-391.173,-391.530,0.358,0
246.000,G09,259446.000,23116.000,23512.597,-396.597,-391.530,-5.067,0
246.000,G11,259446.000,-16242.000,-15859.007,-382.993,-391.530,8.537,0
246.000,G13,259446.000,-13521.000,-13120.826,-400.174,-391.530,-8.644,0
246.000,G15,259446.000,-9140.000,-8737.419,-402.581,-391.530,-11.051,0
246.000,G20,259446.000,13854.000,14240.976,-386.976,-391.530,4.554,0
246.000,G22,259446.000,-7185.000,-6788.165,-396.835,-391.530,-5.304,0
246.000,G30,259446.000,-5206.000,-4814.470,-391.530,-391.530,0.000,0
247.000,E04,259447.000,-17315.000,-16909.673,-405.327,-391.811,-13.515,0
247.000,E12,259447.000,6543.000,6932.884,-389.884,-391.811,1.927,0
247.000,E19,259447.000,6327.000,6720.947,-393.947,-391.811,-2.136,0
247.000,E21,259447.000,-17862.000,-17456.165,-405.835,-391.811,-14.023,0
247.000,E26,259447.000,32379.000,-32763.414,65142.414,-391.811,65534.225,1
247.000,E27,259447.000,10401.000,10806.019,-405.019,-391.811,-13.207,0
247.000,E33,259447.000,-20931.000,-20544.766,-386.234,-391.811,5.578,0
247.000,G02,259447.000,-7088.000,-6703.525,-384.475,-391.811,7.336,0
247.000,G06,259447.000,2713.000,3099.971,-386.971,-391.811,4.840,0
247.000,G07,259447.000,-81.000,310.811,-391.811,-391.811,0.000,0
247.000,G09,259447.000,23089.000,23485.601,-396.601,-391.811,-4.790,0
247.000,G11,259447.000,-16293.000,-15909.979,-383.021,-391.811,8.790,0
247.000,G13,259447.000,-13538.000,-13137.503,-400.497,-391.811,-8.686,0
247.000,G15,259447.000,-9152.000,-8749.195,-402.805,-391.811,-10.993,0
247.000,G20,259447.000,13808.000,14195.195,-387.195,-391.811,4.616,0
247.000,G22,259447.000,-7209.000,-6811.972,-397.028,-391.811,-5.217,0
247.000,G30,259447.000,-5240.000,-4848.619,-391.381,-391.811,0.431,0
248.000,E04,259448.000,-17322.000,-16916.663,-405.337,-392.240,-13.097,0
248.000,E12,259448.000,6503.000,6893.243,-390.243,-392.240,1.996,0
248.000,E19,259448.000,6295.000,6689.486,-394.486,-392.240,-2.247,0
248.000,E21,259448.000,-17868.000,-17462.390,-405.610,-392.240,-13.370,0
248.000,E26,259448.000,32377.000,-32783.002,65160.002,-392.240,65552.241,1
248.000,E27,259448.000,10391.000,10795.691,-404.691,-392.240,-12.452,0
248.000,E33,259448.000,-20976.000,-20589.897,-386.103,-392.240,6.136,0
248.000,G02,259448.000,-7136.000,-6751.304,-384.696,-392.240,7.543,0
248.000,G06,259448.000,2667.000,3053.611,-386.611,-392.240,5.629,0
248.000,G07,259448.000,-115.000,276.450,-391.450,-392.240,0.790,0
248.000,G09,259448.000,23062.000,23458.570,-396.570,-392.240,-4.331,0
248.000,G11,259448.000,-16344.000,-15960.912,-383.088,-392.240,9.152,0
248.000,G13,259448.000,-13555.000,-13154.170,-400.830,-392.240,-8.590,0
248.000,G15,259448.000,-9164.000,-8760.970,-403.030,-392.240,-10.791,0
248.000,G20,259448.000,13762.000,14149.378,-387.378,-392.240,4.862,0
248.000,G22,259448.000,-7233.000,-6835.759,-397.241,-392.240,-5.002,0
248.000,G30,259448.000,-5275.000,-4882.760,-392.240,-392.240,0.000,0
249.000,E04,259449.000,-17329.000,-16923.643,-405.357,-392.107,-13.250,0
249.000,E12,259449.000,6463.000,6853.583,-390.583,-392.107,1.523,0
249.000,E19,259449.000,6264.000,6658.011,-394.011,-392.107,-1.904,0
249.000,E21,259449.000,-17874.000,-17468.600,-405.400,-392.107,-13.293,0
249.000,E26,259449.000,32375.000,-32802.539,65177.539,-392.107,65569.645,1
249.000,E27,259449.000,10381.000,10785.352,-404.352,-392.107,-12.245,0
249.000,E33,259449.000,-21022.000,-20634.984,-387.016,-392.107,5.090,0
249.000,G02,259449.000,-7184.000,-6799.071,-384.929,-392.107,7.178,0
249.000,G06,259449.000,2620.000,3007.238,-387.238,-392.107,4.869,0
249.000,G07,259449.000,-150.000,242.088,-392.088,-392.107,0.018,0
249.000,G09,259449.000,23035.000,23431.504,-396.504,-392.107,-4.397,0
249.000,G11,259449.000,-16395.000,-16011.807,-383.193,-392.107,8.914,0
249.000,G13,259449.000,-13572.000,-13170.828,-401.172,-392.107,-9.066,0
249.000,G15,259449.000,-9176.000,-8772.742,-403.258,-392.107,-11.151,0
249.000,G20,259449.000,13716.000,14103.524,-387.524,-392.107,4.583,0
249.000,G22,259449.000,-7256.000,-6859.526,-396.474,-392.107,-4.367,0
249.000,G30,259449.000,-5309.000,-4916.893,-392.107,-392.107,0.000,0
250.000,E04,259450.000,-17336.000,-16930.612,-405.388,-393.252,-12.135,0
250.000,E12,259450.000,6423.000,6813.906,-390.906,-393.252,2.346,0
250.000,E19,259450.000,6232.000,6626.522,-394.522,-393.252,-1.270,0
250.000,E21,259450.000,-17881.000,-17474.794,-406.206,-393.252,-12.953,0
250.000,E27,259450.000,10370.000,10775.002,-405.002,-393.252,-11.749,0
250.000,E33,259450.000,-21067.000,-20680.027,-386.973,-393.252,6.279,0
250.000,G02,259450.000,-7232.000,-6846.828,-385.172,-393.252,8.081,0
250.000,G06,259450.000,2574.000,2960.853,-386.853,-393.252,6.400,0
250.000,G07,259450.000,-184.000,207.727,-391.727,-393.252,1.526,0
250.000,G09,259450.000,23008.000,23404.402,-396.402,-393.252,-3.150,0
250.000,G11,259450.000,-16447.000,-16062.664,-384.336,-393.252,8.916,0
250.000,G13,259450.000,-13588.000,-13187.475,-400.525,-393.252,-7.272,0
250.000,G15,259450.000,-9188.000,-8784.512,-403.488,-393.252,-10.235,0
250.000,G20,259450.000,13670.000,14057.634,-387.634,-393.252,5.618,0
250.000,G22,259450.000,-7280.000,-6883.274,-396.726,-393.252,-3.474,0
250.000,G30,259450.000,-5343.000,-4951.018,-391.982,-393.252,1.270,0
251.000,E04,259451.000,-17343.000,-16937.572,-405.428,-393.193,-12.236,0
251.000,E12,259451.000,6384.000,6774.210,-390.210,-393.193,2.983,0
251.000,E19,259451.000,6201.000,6595.020,-394.020,-393.193,-0.827,0
251.000,E21,259451.000,-17887.000,-17480.973,-406.027,-393.193,-12.834,0
251.000,E27,259451.000,10360.000,10764.640,-404.640,-393.193,-11.447,0
251.000,E33,259451.000,-21112.000,-20725.027,-386.973,-393.193,6.220,0
251.000,G02,259451.000,-7280.000,-6894.574,-385.426,-393.193,7.767,0
251.000,G06,259451.000,2527.000,2914.455,-387.455,-393.193,5.738,0
251.000,G07,259451.000,-219.000,173.366,-392.366,-393.193,0.827,0
251.000,G09,259451.000,22981.000,23377.266,-396.266,-393.193,-3.073,0
251.000,G11,259451.000,-16497.000,-16113.482,-383.518,-393.193,9.675,0
251.000,G13,259451.000,-13605.000,-13204.113,-400.887,-393.193,-7.694,0
251.000,G15,259451.000,-9199.000,-8796.281,-402.719,-393.193,-9.527,0
251.000,G20,259451.000,13624.000,14011.708,-387.708,-393.193,5.485,0
251.000,G22,259451.000,-7304.000,-6907.001,-396.999,-393.193,-3.806,0
251.000,G30,259451.000,-5377.000,-4985.133,-391.867,-393.193,1.326,0
252.000,E04,259452.000,-17350.000,-16944.521,-405.479,-393.254,-12.225,0
252.000,E12,259452.000,6344.000,6734.496,-390.496,-393.254,2.758,0
252.000,E19,259452.000,6169.000,6563.504,-394.504,-393.254,-1.250,0
252.000,E21,259452.000,-17893.000,-17487.137,-405.863,-393.254,-12.609,0
252.000,E27,259452.000,10349.000,10754.266,-405.266,-393.254,-12.012,0
252.000,E33,259452.000,-21157.000,-20769.983,-387.017,-393.254,6.237,0
252.000,G02,259452.000,-7328.000,-6942.308,-385.692,-393.254,7.562,0
252.000,G06,259452.000,2481.000,2868.046,-387.046,-393.254,6.209,0
252.000,G07,259452.000,-253.000,139.005,-392.005,-393.254,1.250,0
252.000,G09,259452.000,22954.000,23350.094,-396.094,-393.254,-2.840,0
252.000,G11,259452.000,-16548.000,-16164.261,-383.739,-393.254,9.516,0
252.000,G13,259452.000,-13622.000,-13220.741,-401.259,-393.254,-8.005,0
252.000,G15,259452.000,-9211.000,-8808.047,-402.953,-393.254,-9.699,0
252.000,G20,259452.000,13579.000,13965.746,-386.746,-393.254,6.508,0
252.000,G22,259452.000,-7328.000,-6930.710,-397.290,-393.254,-4.036,0
252.000,G30,259452.000,-5411.000,-5019.240,-391.760,-393.254,1.495,0
253.000,E04,259453.000,-17357.000,-16951.459,-405.541,-392.818,-12.723,0
253.000,E12,259453.000,6305.000,6694.765,-389.765,-392.818,3.053,0
253.000,E19,259453.000,6138.000,6531.975,-393.975,-392.818,-1.157,0
253.000,E21,259453.000,-17899.000,-17493.285,-405.715,-392.818,-12.897,0
253.000,E27,259453.000,10339.000,10743.881,-404.881,-392.818,-12.063,0
253.000,E33,259453.000,-21202.000,-20814.895,-387.105,-392.818,5.713,0
253.000,G02,259453.000,-7375.000,-6990.031,-384.969,-392.818,7.849,0
253.000,G06,259453.000,2435.000,2821.625,-386.625,-392.818,6.193,0
253.000,G07,259453.000,-287.000,104.644,-391.644,-392.818,1.174,0
253.000,G09,259453.000,22926.000,23322.887,-396.887,-392.818,-4.069,0
253.000,G11,259453.000,-16599.000,-16215.001,-383.999,-392.818,8.819,0
253.000,G13,259453.000,-13638.000,-13237.359,-400.641,-392.818,-7.823,0
253.000,G15,259453.000,-9223.000,-8819.811,-403.189,-392.818,-10.371,0
253.000,G20,259453.000,13533.000,13919.748,-386.748,-392.818,6.070,0
253.000,G22,259453.000,-7351.000,-6954.398,-396.602,-392.818,-3.784,0
253.000,G30,259453.000,-5445.000,-5053.339,-391.661,-392.818,1.157,0
254.000,E04,259454.000,-17364.000,-16958.388,-405.612,-393.502,-12.110,0
254.000,E12,259454.000,6265.000,6655.015,-390.015,-393.502,3.487,0
254.000,E19,259454.000,6106.000,6500.432,-394.432,-393.502,-0.931,0
254.000,E21,259454.000,-17905.000,-17499.418,-405.582,-393.502,-12.080,0
254.000,E27,259454.000,10329.000,10733.485,-404.485,-393.502,-10.983,0
254.000,E33,259454.000,-21247.000,-20859.764,-387.236,-393.502,6.266,0
254.000,G02,259454.000,-7423.000,-7037.742,-385.258,-393.502,8.244,0
254.000,G06,259454.000,2388.000,2775.192,-387.192,-393.502,6.310,0
254.000,G07,259454.000,-322.000,70.284,-392.284,-393.502,1.218,0
254.000,G09,259454.000,22899.000,23295.645,-396.645,-393.502,-3.143,0
254.000,G11,259454.000,-16650.000,-16265.703,-384.297,-393.502,9.204,0
254.000,G13,259454.000,-13655.000,-13253.967,-401.033,-393.502,-7.531,0
254.000,G15,259454.000,-9235.000,-8831.574,-403.426,-393.502,-9.925,0
254.000,G20,259454.000,13487.000,13873.715,-386.715,-393.502,6.787,0
254.000,G22,259454.000,-7375.000,-6978.067,-396.933,-393.502,-3.431,0
254.000,G30,259454.000,-5480.000,-5087.429,-392.571,-393.502,0.931,0
255.000,E04,259455.000,-17371.000,-16965.306,-405.694,-393.683,-12.011,0
255.000,E12,259455.000,6225.000,6615.248,-390.248,-393.683,3.435,0
255.000,E19,259455.000,6074.000,6468.876,-394.876,-393.683,-1.193,0
255.000,E21,259455.000,-17912.000,-17505.535,-406.465,-393.683,-12.782,0
255.000,E27,259455.000,10318.000,10723.077,-405.077,-393.683,-11.394,0
255.000,E33,259455.000,-21292.000,-20904.589,-387.411,-393.683,6.272,0
255.000,G02,259455.000,-7471.000,-7085.441,-385.559,-393.683,8.125,0
255.000,G06,259455.000,2342.000,2728.747,-386.747,-393.683,6.937,0
255.000,G07,259455.000,-356.000,35.924,-391.924,-393.683,1.760,0
255.000,G09,259455.000,22872.000,23268.368,-396.368,-393.683,-2.685,0
255.000,G11,259455.000,-16700.000,-16316.365,-383.635,-393.683,10.048,0
255.000,G13,259455.000,-13672.000,-13270.565,-401.435,-393.683,-7.752,0
255.000,G15,259455.000,-9247.000,-8843.334,-403.666,-393.683,-9.983,0
255.000,G20,259455.000,13440.000,13827.645,-387.645,-393.683,6.038,0
255.000,G22,259455.000,-7399.000,-7001.715,-397.285,-393.683,-3.601,0
255.000,G30,259455.000,-5514.000,-5121.510,-392.490,-393.683,1.193,0
256.000,E04,259456.000,-17377.000,-16972.214,-404.786,-392.936,-11.851,0
256.000,E12,259456.000,6186.000,6575.463,-389.463,-392.936,3.472,0
256.000,E19,259456.000,6043.000,6437.307,-394.307,-392.936,-1.371,0
256.000,E21,259456.000,-17917.000,-17511.637,-405.363,-392.936,-12.428,0
256.000,E27,259456.000,10308.000,10712.658,-404.658,-392.936,-11.722,0
256.000,E33,259456.000,-21336.000,-20949.370,-386.630,-392.936,6.305,0
256.000,G02,259456.000,-7518.000,-7133.129,-384.871,-392.936,8.065,0
256.000,G06,259456.000,2296.000,2682.291,-386.291,-392.936,6.645,0
256.000,G07,259456.000,-390.000,1.564,-391.564,-392.936,1.371,0
256.000,G09,259456.000,22845.000,23241.056,-396.056,-392.936,-3.120,0
256.000,G11,259456.000,-16751.000,-16366.988,-384.012,-392.936,8.923,0
256.000,G13,259456.000,-13688.000,-13287.153,-400.847,-392.936,-7.911,0
256.000,G15,259456.000,-9258.000,-8855.092,-402.908,-392.936,-9.972,0
256.000,G20,259456.000,13395.000,13781.540,-386.540,-392.936,6.395,0
256.000,G22,259456.000,-7422.000,-7025.344,-396.656,-392.936,-3.720,0
256.000,G30,259456.000,-5547.000,-5155.582,-391.418,-392.936,1.517,0
257.000,E04,259457.000,-17384.000,-16979.111,-404.889,-392.540,-12.349,0
257.000,E12,259457.000,6146.000,6535.661,-389.661,-392.540,2.879,0
257.000,E19,259457.000,6012.000,6405.724,-393.724,-392.540,-1.185,0
257.000,E21,259457.000,-17923.000,-17517.724,-405.276,-392.540,-12.737,0
257.000,E27,259457.000,10298.000,10702.227,-404.227,-392.540,-11.688,0
257.000,E33,259457.000,-21380.000,-20994.107,-385.893,-392.540,6.646,0
257.000,G02,259457.000,-7566.000,-7180.805,-385.195,-392.540,7.345,0
257.000,G06,259457.000,2249.000,2635.823,-386.823,-392.540,5.717,0
257.000,G07,259457.000,-424.000,-32.795,-391.205,-392.540,1.335,0
257.000,G09,259457.000,22818.000,23213.709,-395.709,-392.540,-3.169,0
257.000,G11,259457.000,-16801.000,-16417.571,-383.429,-392.540,9.111,0
257.000,G13,259457.000,-13704.000,-13303.731,-400.269,-392.540,-7.729,0
257.000,G15,259457.000,-9270.000,-8866.848,-403.152,-392.540,-10.612,0
257.000,G20,259457.000,13349.000,13735.400,-386.400,-392.540,6.140,0
257.000,G22,259457.000,-7445.000,-7048.953,-396.047,-392.540,-3.507,0
257.000,G30,259457.000,-5581.000,-5189.645,-391.355,-392.540,1.185,0
258.000,E04,259458.000,-17391.000,-16985.999,-405.001,-392.988,-12.014,0
258.000,E12,259458.000,6106.000,6495.841,-389.841,-392.988,3.147,0
258.000,E19,259458.000,5980.000,6374.128,-394.128,-392.988,-1.141,0
258.000,E21,259458.000,-17929.000,-17523.795,-405.205,-392.988,-12.218,0
258.000,E27,259458.000,10287.000,10691.785,-404.785,-392.988,-11.797,0
258.000,E33,259458.000,-21425.000,-21038.799,-386.201,-392.988,6.787,0
258.000,G02,259458.000,-7613.000,-7228.469,-384.531,-392.988,8.456,0
258.000,G06,259458.000,2203.000,2589.344,-386.344,-392.988,6.644,0
258.000,G07,259458.000,-459.000,-67.153,-391.847,-392.988,1.141,0
258.000,G09,259458.000,22790.000,23186.327,-396.327,-392.988,-3.339,0
258.000,G11,259458.000,-16852.000,-16468.116,-383.884,-392.988,9.103,0
258.000,G13,259458.000,-13721.000,-13320.300,-400.700,-392.988,-7.713,0
258.000,G15,259458.000,-9281.000,-8878.603,-402.397,-392.988,-9.410,0
258.000,G20,259458.000,13303.000,13689.224,-386.224,-392.988,6.764,0
258.000,G22,259458.000,-7469.000,-7072.542,-396.458,-392.988,-3.470,0
258.000,G30,259458.000,-5615.000,-5223.699,-391.301,-392.988,1.687,0
259.000,E04,259459.000,-17398.000,-16992.876,-405.124,-393.387,-11.737,0
259.000,E12,259459.000,6066.000,6456.003,-390.003,-393.387,3.384,0
259.000,E19,259459.000,5948.000,6342.519,-394.519,-393.387,-1.132,0
259.000,E21,259459.000,-17935.000,-17529.851,-405.149,-393.387,-11.762,0
259.000,E27,259459.000,10277.000,10681.331,-404.331,-393.387,-10.944,0
259.000,E33,259459.000,-21470.000,-21083.448,-386.552,-393.387,6.835,0
259.000,G02,259459.000,-7661.000,-7276.120,-384.880,-393.387,8.508,0
259.000,G06,259459.000,2156.000,2542.853,-386.853,-393.387,6.534,0
259.000,G07,259459.000,-493.000,-101.511,-391.489,-393.387,1.898,0
259.000,G09,259459.000,22763.000,23158.909,-395.909,-393.387,-2.522,0
259.000,G11,259459.000,-16902.000,-16518.620,-383.380,-393.387,10.008,0
259.000,G13,259459.000,-13737.000,-13336.858,-400.142,-393.387,-6.755,0
259.000,G15,259459.000,-9293.000,-8890.355,-402.645,-393.387,-9.258,0
259.000,G20,259459.000,13256.000,13643.012,-387.012,-393.387,6.375,0
259.000,G22,259459.000,-7493.000,-7096.111,-396.889,-393.387,-3.501,0
259.000,G30,259459.000,-5650.000,-5257.744,-392.256,-393.387,1.132,0
260.000,E04,259460.000,-17405.000,-16999.743,-405.257,-393.058,-12.199,0
260.000,E12,259460.000,6026.000,6416.148,-390.148,-393.058,2.910,0
260.000,E19,259460.000,5917.000,6310.897,-393.897,-393.058,-0.839,0
260.000,E21,259460.000,-17942.000,-17535.891,-406.109,-393.058,-13.051,0
260.000,E27,259460.000,10266.000,10670.866,-404.866,-393.058,-11.808,0
260.000,E33,259460.000,-21515.000,-21128.053,-386.947,-393.058,6.111,0
260.000,G02,259460.000,-7709.000,-7323.760,-385.240,-393.058,7.818,0
260.000,G06,259460.000,2109.000,2496.352,-387.352,-393.058,5.706,0
260.000,G07,259460.000,-528.000,-135.868,-392.132,-393.058,0.926,0
260.000,G09,259460.000,22735.000,23131.457,-396.457,-393.058,-3.399,0
260.000,G11,259460.000,-16953.000,-16569.085,-383.915,-393.058,9.143,0
260.000,G13,259460.000,-13754.000,-13353.406,-400.594,-393.058,-7.536,0
260.000,G15,259460.000,-9305.000,-8902.105,-402.895,-393.058,-9.837,0
260.000,G20,259460.000,13210.000,13596.766,-386.766,-393.058,6.292,0
260.000,G22,259460.000,-7517.000,-7119.660,-397.340,-393.058,-4.281,0
260.000,G30,259460.000,-5684.000,-5291.781,-392.219,-393.058,0.839,0
261.000,E04,259461.000,-17412.000,-17006.600,-405.400,-393.227,-12.174,0
261.000,E12,259461.000,5986.000,6376.276,-390.276,-393.227,2.951,0
261.000,E19,259461.000,5885.000,6279.261,-394.261,-393.227,-1.035,0
261.000,E21,259461.000,-17948.000,-17541.916,-406.084,-393.227,-12.857,0
261.000,E27,259461.000,10256.000,10660.389,-404.389,-393.227,-11.162,0
261.000,E33,259461.000,-21559.000,-21172.613,-386.387,-393.227,6.840,0
261.000,G02,259461.000,-7757.000,-7371.386,-385.614,-393.227,7.613,0
261.000,G06,259461.000,2063.000,2449.839,-386.839,-393.227,6.388,0
261.000,G07,259461.000,-562.000,-170.224,-391.776,-393.227,1.451,0
261.000,G09,259461.000,22708.000,23103.970,-395.970,-393.227,-2.743,0
261.000,G11,259461.000,-17003.000,-16619.511,-383.489,-393.227,9.737,0
261.000,G13,259461.000,-13771.000,-13369.944,-401.056,-393.227,-7.829,0
261.000,G15,259461.000,-9317.000,-8913.853,-403.147,-393.227,-9.920,0
261.000,G20,259461.000,13164.000,13550.484,-386.484,-393.227,6.743,0
261.000,G22,259461.000,-7540.000,-7143.190,-396.810,-393.227,-3.584,0
261.000,G30,259461.000,-5718.000,-5325.808,-392.192,-393.227,1.035,0
262.000,E04,259462.000,-17419.000,-17013.446,-405.554,-392.893,-12.661,0
262.000,E12,259462.000,5947.000,6336.387,-389.387,-392.893,3.507,0
262.000,E19,259462.000,5854.000,6247.613,-393.613,-392.893,-0.719,0
262.000,E21,259462.000,-17953.000,-17547.926,-405.074,-392.893,-12.180,0
262.000,E27,259462.000,10245.000,10649.901,-404.901,-392.893,-12.008,0
262.000,E33,259462.000,-21604.000,-21217.129,-386.871,-392.893,6.022,0
262.000,G02,259462.000,-7804.000,-7419.001,-384.999,-392.893,7.894,0
262.000,G06,259462.000,2017.000,2403.315,-386.315,-392.893,6.578,0
262.000,G07,259462.000,-596.000,-204.580,-391.420,-392.893,1.473,0
262.000,G09,259462.000,22680.000,23076.448,-396.448,-392.893,-3.554,0
262.000,G11,259462.000,-17054.000,-16669.896,-384.104,-392.893,8.789,0
262.000,G13,259462.000,-13787.000,-13386.473,-400.527,-392.893,-7.634,0
262.000,G15,259462.000,-9328.000,-8925.599,-402.401,-392.893,-9.508,0
262.000,G20,259462.000,13117.000,13504.167,-387.167,-392.893,5.726,0
262.000,G22,259462.000,-7563.000,-7166.699,-396.301,-392.893,-3.408,0
262.000,G30,259462.000,-5752.000,-5359.826,-392.174,-392.893,0.719,0
263.000,E04,259463.000,-17426.000,-17020.282,-405.718,-393.058,-12.660,0
263.000,E12,259463.000,5906.000,6296.480,-390.480,-393.058,2.578,0
263.000,E19,259463.000,5822.000,6215.951,-393.951,-393.058,-0.893,0
263.000,E21,259463.000,-17960.000,-17553.921,-406.079,-393.058,-13.021,0
263.000,E27,259463.000,10235.000,10639.401,-404.401,-393.058,-11.343,0
263.000,E33,259463.000,-21648.000,-21261.600,-386.400,-393.058,6.658,0
263.000,G02,259463.000,-7852.000,-7466.603,-385.397,-393.058,7.661,0
263.000,G06,259463.000,1970.000,2356.781,-386.781,-393.058,6.277,0
263.000,G07,259463.000,-631.000,-238.935,-392.065,-393.058,0.993,0
263.000,G09,259463.000,22653.000,23048.891,-395.891,-393.058,-2.832,0
263.000,G11,259463.000,-17104.000,-16720.241,-383.759,-393.058,9.300,0
263.000,G13,259463.000,-13804.000,-13402.991,-401.009,-393.058,-7.951,0
263.000,G15,259463.000,-9340.000,-8937.343,-402.657,-393.058,-9.599,0
263.000,G20,259463.000,13071.000,13457.815,-386.815,-393.058,6.243,0
263.000,G22,259463.000,-7587.000,-7190.187,-396.813,-393.058,-3.754,0
263.000,G30,259463.000,-5786.000,-5393.835,-392.165,-393.058,0.893,0
264.000,E04,259464.000,-17433.000,-17027.108,-405.892,-393.221,-12.671,0
264.000,E12,259464.000,5866.000,6256.557,-390.557,-393.221,2.664,0
264.000,E19,259464.000,5790.000,6184.277,-394.277,-393.221,-1.055,0
264.000,E21,259464.000,-17966.000,-17559.900,-406.100,-393.221,-12.879,0
264.000,E27,259464.000,10224.000,10628.890,-404.890,-393.221,-11.669,0
264.000,E33,259464.000,-21693.000,-21306.027,-386.973,-393.221,6.248,0
264.000,G02,259464.000,-7900.000,-7514.192,-385.808,-393.221,7.413,0
264.000,G06,259464.000,1923.000,2310.236,-387.236,-393.221,5.985,0
264.000,G07,259464.000,-665.000,-273.288,-391.712,-393.221,1.510,0
264.000,G09,259464.000,22625.000,23021.299,-396.299,-393.221,-3.077,0
264.000,G11,259464.000,-17155.000,-16770.547,-384.453,-393.221,8.768,0
264.000,G13,259464.000,-13820.000,-13419.499,-400.501,-393.221,-7.280,0
264.000,G15,259464.000,-9352.000,-8949.084,-402.916,-393.221,-9.694,0
264.000,G20,259464.000,13024.000,13411.429,-387.429,-393.221,5.793,0
264.000,G22,259464.000,-7611.000,-7213.656,-397.344,-393.221,-4.123,0
264.000,G30,259464.000,-5820.000,-5427.834,-392.166,-393.221,1.055,0
265.000,E04,259465.000,-17440.000,-17033.924,-406.076,-393.474,-12.602,0
265.000,E12,259465.000,5826.000,6216.616,-390.616,-393.474,2.858,0
265.000,E19,259465.000,5758.000,6152.589,-394.589,-393.474,-1.115,0
265.000,E21,259465.000,-17972.000,-17565.864,-406.136,-393.474,-12.662,0
265.000,E27,259465.000,10213.000,10618.368,-405.368,-393.474,-11.894,0
265.000,E33,259465.000,-21738.000,-21350.409,-387.591,-393.474,5.884,0
265.000,G02,259465.000,-7948.000,-7561.768,-386.232,-393.474,7.242,0
265.000,G06,259465.000,1876.000,2263.680,-387.680,-393.474,5.794,0
265.000,G07,259465.000,-700.000,-307.641,-392.359,-393.474,1.115,0
265.000,G09,259465.000,22597.000,22993.672,-396.672,-393.474,-3.198,0
265.000,G11,259465.000,-17205.000,-16820.812,-384.188,-393.474,9.286,0
265.000,G13,259465.000,-13837.000,-13435.997,-401.003,-393.474,-7.529,0
265.000,G15,259465.000,-9364.000,-8960.824,-403.176,-393.474,-9.702,0
265.000,G20,259465.000,12978.000,13365.007,-387.007,-393.474,6.467,0
265.000,G22,259465.000,-7635.000,-7237.104,-397.896,-393.474,-4.422,0
265.000,G30,259465.000,-5854.000,-5461.824,-392.176,-393.474,1.298,0
266.000,E04,259466.000,-17447.000,-17040.729,-406.271,-394.042,-12.229,0
266.000,E12,259466.000,5786.000,6176.659,-390.659,-394.042,3.383,0
266.000,E19,259466.000,5726.000,6120.889,-394.889,-394.042,-0.847,0
266.000,E21,259466.000,-17978.000,-17571.812,-406.188,-394.042,-12.146,0
266.000,E27,259466.000,10203.000,10607.834,-404.834,-394.042,-10.792,0
266.000,E33,259466.000,-21782.000,-21394.747,-387.253,-394.042,6.789,0
266.000,G02,259466.000,-7995.000,-7609.331,-385.669,-394.042,8.373,0
266.000,G06,259466.000,1830.000,2217.114,-387.114,-394.042,6.928,0
266.000,G07,259466.000,-735.000,-341.993,-393.007,-394.042,1.035,0
266.000,G09,259466.000,22569.000,22966.010,-397.010,-394.042,-2.968,0
266.000,G11,259466.000,-17256.000,-16871.037,-384.963,-394.042,9.079,0
266.000,G13,259466.000,-13854.000,-13452.485,-401.515,-394.042,-7.473,0
266.000,G15,259466.000,-9376.000,-8972.562,-403.438,-394.042,-9.397,0
266.000,G20,259466.000,12931.000,13318.551,-387.551,-394.042,6.491,0
266.000,G22,259466.000,-7658.000,-7260.533,-397.467,-394.042,-3.425,0
266.000,G30,259466.000,-5889.000,-5495.805,-393.195,-394.042,0.847,0
267.000,E04,259467.000,-17453.000,-17047.524,-405.476,-393.416,-12.060,0
267.000,E12,259467.000,5746.000,6136.685,-390.685,-393.416,2.731,0
267.000,E19,259467.000,5695.000,6089.175,-394.175,-393.416,-0.759,0
267.000,E21,259467.000,-17984.000,-17577.746,-406.254,-393.416,-12.838,0
267.000,E27,259467.000,10192.000,10597.288,-405.288,-393.416,-11.872,0
267.000,E33,259467.000,-21826.000,-21439.040,-386.960,-393.416,6.456,0
267.000,G02,259467.000,-8043.000,-7656.882,-386.118,-393.416,7.298,0
267.000,G06,259467.000,1783.000,2170.538,-387.538,-393.416,5.878,0
267.000,G07,259467.000,-769.000,-376.343,-392.657,-393.416,0.759,0
267.000,G09,259467.000,22542.000,22938.313,-396.313,-393.416,-2.897,0
267.000,G11,259467.000,-17306.000,-16921.222,-384.778,-393.416,8.638,0
267.000,G13,259467.000,-13870.000,-13468.963,-401.037,-393.416,-7.621,0
267.000,G15,259467.000,-9388.000,-8984.297,-403.703,-393.416,-10.287,0
267.000,G20,259467.000,12885.000,13272.060,-387.060,-393.416,6.356,0
267.000,G22,259467.000,-7681.000,-7283.941,-397.059,-393.416,-3.643,0
267.000,G30,259467.000,-5922.000,-5529.777,-392.223,-393.416,1.193,0
268.000,E04,259468.000,-17460.000,-17054.309,-405.691,-393.378,-12.313,0
268.000,E12,259468.000,5706.000,6096.694,-390.694,-393.378,2.684,0
268.000,E19,259468.000,5663.000,6057.449,-394.449,-393.378,-1.071,0
268.000,E21,259468.000,-17990.000,-17583.664,-406.336,-393.378,-12.958,0
268.000,E27,259468.000,10182.000,10586.731,-404.731,-393.378,-11.353,0
268.000,E33,259468.000,-21870.000,-21483.289,-386.711,-393.378,6.667,0
268.000,G02,259468.000,-8090.000,-7704.419,-385.581,-393.378,7.797,0
268.000,G06,259468.000,1737.000,2123.951,-386.951,-393.378,6.427,0
268.000,G07,259468.000,-803.000,-410.693,-392.307,-393.378,1.071,0
268.000,G09,259468.000,22514.000,22910.582,-396.582,-393.378,-3.203,0
268.000,G11,259468.000,-17356.000,-16971.366,-384.634,-393.378,8.744,0
268.000,G13,259468.000,-13886.000,-13485.431,-400.569,-393.378,-7.191,0
268.000,G15,259468.000,-9399.000,-8996.030,-402.970,-393.378,-9.592,0
268.000,G20,259468.000,12838.000,13225.534,-387.534,-393.378,5.844,0
268.000,G22,259468.000,-7705.000,-7307.329,-397.671,-393.378,-4.293,0
268.000,G30,259468.000,-5956.000,-5563.738,-392.262,-393.378,1.117,0
269.000,E04,259469.000,-17467.000,-17061.083,-405.917,-393.010,-12.907,0
269.000,E12,259469.000,5667.000,6056.686,-389.686,-393.010,3.324,0
269.000,E19,259469.000,5632.000,6025.711,-393.711,-393.010,-0.701,0
269.000,E21,259469.000,-17995.000,-17589.566,-405.434,-393.010,-12.424,0
269.000,E27,259469.000,10172.000,10576.162,-404.162,-393.010,-11.153,0
269.000,E33,259469.000,-21914.000,-21527.492,-386.508,-393.010,6.502,0
269.000,G02,259469.000,-8137.000,-7751.943,-385.057,-393.010,7.953,0
269.000,G06,259469.000,1691.000,2077.354,-386.354,-393.010,6.656,0
269.000,G07,259469.000,-837.000,-445.041,-391.959,-393.010,1.051,0
269.000,G09,259469.000,22487.000,22882.815,-395.815,-393.010,-2.805,0
269.000,G11,259469.000,-17405.000,-17021.469,-383.531,-393.010,9.479,0
269.000,G13,259469.000,-13903.000,-13501.889,-401.111,-393.010,-8.101,0
269.000,G15,259469.000,-9411.000,-9007.761,-403.239,-393.010,-10.229,0
269.000,G20,259469.000,12792.000,13178.974,-386.974,-393.010,6.035,0
269.000,G22,259469.000,-7728.000,-7330.696,-397.304,-393.010,-4.294,0
269.000,G30,259469.000,-5990.000,-5597.691,-392.309,-393.010,0.701,0
270.000,E04,259470.000,-17473.000,-17067.848,-405.152,-393.163,-11.989,0
270.000,E12,259470.000,5627.000,6016.662,-389.662,-393.163,3.501,0
270.000,E19,259470.000,5600.000,5993.959,-393.959,-393.163,-0.796,0
270.000,E21,259470.000,-18001.000,-17595.454,-405.546,-393.163,-12.384,0
270.000,E27,259470.000,10161.000,10565.583,-404.583,-393.163,-11.420,0
270.000,E33,259470.000,-21958.000,-21571.651,-386.349,-393.163,6.814,0
270.000,G02,259470.000,-8185.000,-7799.453,-385.547,-393.163,7.616,0
270.000,G06,259470.000,1644.000,2030.747,-386.747,-393.163,6.416,0
270.000,G07,259470.000,-871.000,-479.388,-391.612,-393.163,1.551,0
270.000,G09,259470.000,22459.000,22855.014,-396.014,-393.163,-2.851,0
270.000,G11,259470.000,-17455.000,-17071.532,-383.468,-393.163,9.695,0
270.000,G13,259470.000,-13919.000,-13518.336,-400.664,-393.163,-7.501,0
270.000,G15,259470.000,-9422.000,-9019.490,-402.510,-393.163,-9.347,0
270.000,G20,259470.000,12746.000,13132.380,-386.380,-393.163,6.782,0
270.000,G22,259470.000,-7751.000,-7354.043,-396.957,-393.163,-3.794,0
270.000,G30,259470.000,-6024.000,-5631.634,-392.366,-393.163,0.796,0
271.000,E04,259471.000,-17480.000,-17074.602,-405.398,-392.314,-13.084,0
271.000,E12,259471.000,5587.000,5976.621,-389.621,-392.314,2.693,0
271.000,E19,259471.000,5569.000,5962.195,-393.195,-392.314,-0.881,0
271.000,E21,259471.000,-18007.000,-17601.326,-405.674,-392.314,-13.360,0
271.000,E27,259471.000,10151.000,10554.991,-403.991,-392.314,-11.677,0
271.000,E33,259471.000,-22002.000,-21615.765,-386.235,-392.314,6.079,0
271.000,G02,259471.000,-8232.000,-7846.950,-385.050,-392.314,7.264,0
271.000,G06,259471.000,1598.000,1984.130,-386.130,-392.314,6.184,0
271.000,G07,259471.000,-905.000,-513.734,-391.266,-392.314,1.048,0
271.000,G09,259471.000,22432.000,22827.178,-395.178,-392.314,-2.864,0
271.000,G11,259471.000,-17505.000,-17121.554,-383.446,-392.314,8.868,0
271.000,G13,259471.000,-13935.000,-13534.774,-400.226,-392.314,-7.912,0
271.000,G15,259471.000,-9434.000,-9031.217,-402.783,-392.314,-10.469,0
271.000,G20,259471.000,12700.000,13085.752,-385.752,-392.314,6.562,0
271.000,G22,259471.000,-7774.000,-7377.370,-396.630,-392.314,-4.316,0
271.000,G30,259471.000,-6057.000,-5665.567,-391.433,-392.314,0.881,0
272.000,E04,259472.000,-17486.000,-17081.346,-404.654,-392.464,-12.190,0
272.000,E12,259472.000,5548.000,5936.564,-388.564,-392.464,3.900,0
272.000,E19,259472.000,5537.000,5930.418,-393.418,-392.464,-0.954,0
272.000,E21,259472.000,-18012.000,-17607.183,-404.817,-392.464,-12.354,0
272.000,E27,259472.000,10141.000,10544.388,-403.388,-392.464,-10.924,0
272.000,E33,259472.000,-22046.000,-21659.833,-386.167,-392.464,6.297,0
272.000,G02,259472.000,-8279.000,-7894.433,-384.567,-392.464,7.897,0
272.000,G06,259472.000,1552.000,1937.504,-385.504,-392.464,6.960,0
272.000,G07,259472.000,-939.000,-548.078,-390.922,-392.464,1.542,0
272.000,G09,259472.000,22404.000,22799.307,-395.307,-392.464,-2.843,0
272.000,G11,259472.000,-17555.000,-17171.535,-383.465,-392.464,8.999,0
272.000,G13,259472.000,-13951.000,-13551.201,-399.799,-392.464,-7.335,0
272.000,G15,259472.000,-9445.000,-9042.942,-402.058,-392.464,-9.594,0
272.000,G20,259472.000,12653.000,13039.089,-386.089,-392.464,6.375,0
272.000,G22,259472.000,-7797.000,-7400.676,-396.324,-392.464,-3.860,0
272.000,G30,259472.000,-6091.000,-5699.490,-391.510,-392.464,0.954,0
273.000,E04,259473.000,-17493.000,-17088.079,-404.921,-392.612,-12.308,0
273.000,E12,259473.000,5508.000,5896.491,-388.491,-392.612,4.122,0
273.000,E19,259473.000,5505.000,5898.629,-393.629,-392.612,-1.016,0
273.000,E21,259473.000,-18018.000,-17613.024,-404.976,-392.612,-12.364,0
273.000,E27,259473.000,10130.000,10533.774,-403.774,-392.612,-11.162,0
273.000,E33,259473.000,-22090.000,-21703.857,-386.143,-392.612,6.469,0
273.000,G02,259473.000,-8326.000,-7941.902,-384.098,-392.612,8.515,0
273.000,G06,259473.000,1505.000,1890.867,-385.867,-392.612,6.745,0
273.000,G07,259473.000,-973.000,-582.421,-390.579,-392.612,2.034,0
273.000,G09,259473.000,22376.000,22771.401,-395.401,-392.612,-2.789,0
273.000,G11,259473.000,-17605.000,-17221.475,-383.525,-392.612,9.087,0
273.000,G13,259473.000,-13967.000,-13567.618,-399.382,-392.612,-6.769,0
273.000,G15,259473.000,-9457.000,-9054.664,-402.336,-392.612,-9.723,0
273.000,G20,259473.000,12607.000,12992.393,-385.393,-392.612,7.220,0
273.000,G22,259473.000,-7820.000,-7423.962,-396.038,-392.612,-3.426,0
273.000,G30,259473.000,-6125.000,-5733.404,-391.596,-392.612,1.016,0
274.000,E04,259474.000,-17500.000,-17094.803,-405.197,-392.759,-12.438,0
274.000,E12,259474.000,5467.000,5856.401,-389.401,-392.759,3.358,0
274.000,E19,259474.000,5473.000,5866.827,-393.827,-392.759,-1.067,0
274.000,E21,259474.000,-18024.000,-17618.850,-405.150,-392.759,-12.390,0
274.000,E27,259474.000,10119.000,10523.148,-404.148,-392.759,-11.389,0
274.000,E33,259474.000,-22134.000,-21747.835,-386.165,-392.759,6.595,0
274.000,G02,259474.000,-8374.000,-7989.358,-384.642,-392.759,8.117,0
274.000,G06,259474.000,1458.000,1844.221,-386.221,-392.759,6.538,0
274.000,G07,259474.000,-1008.000,-616.763,-391.237,-392.759,1.522,0
274.000,G09,259474.000,22348.000,22743.461,-395.461,-392.759,-2.702,0
274.000,G11,259474.000,-17655.000,-17271.374,-383.626,-392.759,9.133,0
274.000,G13,259474.000,-13984.000,-13584.026,-399.974,-392.759,-7.215,0
274.000,G15,259474.000,-9469.000,-9066.385,-402.615,-392.759,-9.856,0
274.000,G20,259474.000,12560.000,12945.662,-385.662,-392.759,7.097,0
274.000,G22,259474.000,-7844.000,-7447.227,-396.773,-392.759,-4.013,0
274.000,G30,259474.000,-6159.000,-5767.308,-391.692,-392.759,1.067,0
275.000,E04,259475.000,-17506.000,-17101.516,-404.484,-392.905,-11.579,0
275.000,E12,259475.000,5427.000,5816.295,-389.295,-392.905,3.610,0
275.000,E19,259475.000,5441.000,5835.012,-394.012,-392.905,-1.107,0
275.000,E21,259475.000,-18030.000,-17624.661,-405.339,-392.905,-12.433,0
275.000,E27,259475.000,10109.000,10512.511,-403.511,-392.905,-10.606,0
275.000,E33,259475.000,-22178.000,-21791.768,-386.232,-392.905,6.674,0
275.000,G02,259475.000,-8422.000,-8036.800,-385.200,-392.905,7.705,0
275.000,G06,259475.000,1411.000,1797.566,-386.566,-392.905,6.339,0
275.000,G07,259475.000,-1042.000,-651.103,-390.897,-392.905,2.008,0
275.000,G09,259475.000,22320.000,22715.486,-395.486,-392.905,-2.581,0
275.000,G11,259475.000,-17705.000,-17321.232,-383.768,-392.905,9.137,0
275.000,G13,259475.000,-14001.000,-13600.422,-400.578,-392.905,-7.672,0
275.000,G15,259475.000,-9481.000,-9078.103,-402.897,-392.905,-9.992,0
275.000,G20,259475.000,12513.000,12898.897,-385.897,-392.905,7.008,0
275.000,G22,259475.000,-7867.000,-7470.472,-396.528,-392.905,-3.623,0
275.000,G30,259475.000,-6193.000,-5801.202,-391.798,-392.905,1.107,0
276.000,E04,259476.000,-17513.000,-17108.219,-404.781,-392.550,-12.232,0
276.000,E12,259476.000,5387.000,5776.173,-389.173,-392.550,3.377,0
276.000,E19,259476.000,5410.000,5803.185,-393.185,-392.550,-0.636,0
276.000,E21,259476.000,-18036.000,-17630.457,-405.543,-392.550,-12.993,0
276.000,E27,259476.000,10098.000,10501.862,-403.862,-392.550,-11.313,0
276.000,E33,259476.000,-22222.000,-21835.656,-386.344,-392.550,6.206,0
276.000,G02,259476.000,-8469.000,-8084.227,-384.773,-392.550,7.777,0
276.000,G06,259476.000,1365.000,1750.901,-385.901,-392.550,6.648,0
276.000,G07,259476.000,-1077.000,-685.441,-391.559,-392.550,0.991,0
276.000,G09,259476.000,22292.000,22687.476,-395.476,-392.550,-2.926,0
276.000,G11,259476.000,-17754.000,-17371.048,-382.952,-392.550,9.598,0
276.000,G13,259476.000,-14017.000,-13616.809,-400.191,-392.550,-7.641,0
276.000,G15,259476.000,-9492.000,-9089.818,-402.182,-392.550,-9.632,0
276.000,G20,259476.000,12466.000,12852.099,-386.099,-392.550,6.451,0
276.000,G22,259476.000,-7890.000,-7493.696,-396.304,-392.550,-3.754,0
276.000,G30,259476.000,-6227.000,-5835.086,-391.914,-392.550,0.636,0
277.000,E04,259477.000,-17520.000,-17114.911,-405.089,-392.693,-12.396,0
277.000,E12,259477.000,5347.000,5736.037,-389.037,-392.693,3.656,0
277.000,E19,259477.000,5378.000,5771.346,-393.346,-392.693,-0.653,0
277.000,E21,259477.000,-18042.000,-17636.238,-405.762,-392.693,-13.069,0
277.000,E27,259477.000,10087.000,10491.202,-404.202,-392.693,-11.509,0
277.000,E33,259477.000,-22266.000,-21879.499,-386.501,-392.693,6.192,0
277.000,G02,259477.000,-8516.000,-8131.640,-384.360,-392.693,8.333,0
277.000,G06,259477.000,1318.000,1704.227,-386.227,-392.693,6.466,0
277.000,G07,259477.000,-1111.000,-719.777,-391.223,-392.693,1.470,0
277.000,G09,259477.000,22264.000,22659.431,-395.431,-392.693,-2.738,0
277.000,G11,259477.000,-17804.000,-17420.823,-383.177,-392.693,9.516,0
277.000,G13,259477.000,-14033.000,-13633.186,-399.814,-392.693,-7.121,0
277.000,G15,259477.000,-9504.000,-9101.532,-402.468,-392.693,-9.775,0
277.000,G20,259477.000,12419.000,12805.267,-386.267,-392.693,6.426,0
277.000,G22,259477.000,-7914.000,-7516.900,-397.100,-392.693,-4.407,0
277.000,G30,259477.000,-6261.000,-5868.960,-392.040,-392.693,0.653,0
278.000,E04,259478.000,-17527.000,-17121.593,-405.407,-392.835,-12.571,0
278.000,E12,259478.000,5306.000,5695.883,-389.883,-392.835,2.953,0
278.000,E19,259478.000,5346.000,5739.494,-393.494,-392.835,-0.659,0
278.000,E21,259478.000,-18047.000,-17642.003,-404.997,-392.835,-12.162,0
278.000,E27,259478.000,10076.000,10480.531,-404.531,-392.835,-11.695,0
278.000,E33,259478.000,-22310.000,-21923.296,-386.704,-392.835,6.131,0
278.000,G02,259478.000,-8564.000,-8179.039,-384.961,-392.835,7.874,0
278.000,G06,259478.000,1271.000,1657.544,-386.544,-392.835,6.291,0
278.000,G07,259478.000,-1146.000,-754.112,-391.888,-392.835,0.947,0
278.000,G09,259478.000,22236.000,22631.352,-395.352,-392.835,-2.517,0
278.000,G11,259478.000,-17854.000,-17470.557,-383.443,-392.835,9.392,0
278.000,G13,259478.000,-14050.000,-13649.552,-400.448,-392.835,-7.613,0
278.000,G15,259478.000,-9516.000,-9113.243,-402.757,-392.835,-9.921,0
278.000,G20,259478.000,12372.000,12758.402,-386.402,-392.835,6.433,0
278.000,G22,259478.000,-7937.000,-7540.083,-396.917,-392.835,-4.082,0
278.000,G30,259478.000,-6295.000,-5902.824,-392.176,-392.835,0.659,0
279.000,E04,259479.000,-17533.000,-17128.266,-404.734,-392.592,-12.142,0
279.000,E12,259479.000,5266.000,5655.713,-389.713,-392.592,2.880,0
279.000,E19,259479.000,5314.000,5707.630,-393.630,-392.592,-1.038,0
279.000,E21,259479.000,-18053.000,-17647.753,-405.247,-392.592,-12.654,0
279.000,E27,259479.000,10066.000,10469.848,-403.848,-392.592,-11.255,0
279.000,E33,259479.000,-22354.000,-21967.048,-386.952,-392.592,5.640,0
279.000,G02,259479.000,-8611.000,-8226.424,-384.576,-392.592,8.016,0
279.000,G06,259479.000,1225.000,1610.852,-385.852,-392.592,6.740,0
279.000,G07,259479.000,-1180.000,-788.445,-391.555,-392.592,1.038,0
279.000,G09,259479.000,22208.000,22603.238,-395.238,-392.592,-2.646,0
279.000,G11,259479.000,-17904.000,-17520.249,-383.751,-392.592,8.841,0
279.000,G13,259479.000,-14066.000,-13665.908,-400.092,-392.592,-7.500,0
279.000,G15,259479.000,-9527.000,-9124.953,-402.047,-392.592,-9.455,0
279.000,G20,259479.000,12326.000,12711.503,-385.503,-392.592,7.090,0
279.000,G22,259479.000,-7960.000,-7563.246,-396.754,-392.592,-4.162,0
279.000,G30,259479.000,-6328.000,-5936.678,-391.322,-392.592,1.271,0
280.000,E04,259480.000,-17540.000,-17134.927,-405.073,-392.616,-12.457,0
280.000,E12,259480.000,5226.000,5615.527,-389.527,-392.616,3.089,0
280.000,E19,259480.000,5282.000,5675.754,-393.754,-392.616,-1.138,0
280.000,E21,259480.000,-18059.000,-17653.488,-405.512,-392.616,-12.896,0
280.000,E27,259480.000,10055.000,10459.153,-404.153,-392.616,-11.537,0
280.000,E33,259480.000,-22397.000,-22010.754,-386.246,-392.616,6.370,0
280.000,G02,259480.000,-8658.000,-8273.794,-384.206,-392.616,8.410,0
280.000,G06,259480.000,1178.000,1564.151,-386.151,-392.616,6.465,0
280.000,G07,259480.000,-1214.000,-822.777,-391.223,-392.616,1.393,0
280.000,G09,259480.000,22180.000,22575.090,-395.090,-392.616,-2.474,0
280.000,G11,259480.000,-17953.000,-17569.899,-383.101,-392.616,9.515,0
280.000,G13,259480.000,-14082.000,-13682.254,-399.746,-392.616,-7.131,0
280.000,G15,259480.000,-9539.000,-9136.660,-402.340,-392.616,-9.724,0
280.000,G20,259480.000,12279.000,12664.570,-385.570,-392.616,7.046,0
280.000,G22,259480.000,-7983.000,-7586.387,-396.613,-392.616,-3.997,0
280.000,G30,259480.000,-6362.000,-5970.522,-391.478,-392.616,1.138,0
281.000,E04,259481.000,-17547.000,-17141.579,-405.421,-392.880,-12.541,0
281.000,E12,259481.000,5186.000,5575.326,-389.326,-392.880,3.554,0
281.000,E19,259481.000,5250.000,5643.866,-393.866,-392.880,-0.986,0
281.000,E21,259481.000,-18065.000,-17659.208,-405.792,-392.880,-12.913,0
281.000,E27,259481.000,10044.000,10448.447,-404.447,-392.880,-11.567,0
281.000,E33,259481.000,-22441.000,-22054.414,-386.586,-392.880,6.294,0
281.000,G02,259481.000,-8706.000,-8321.149,-384.851,-392.880,8.029,0
281.000,G06,259481.000,1131.000,1517.441,-386.441,-392.880,6.438,0
281.000,G07,259481.000,-1249.000,-857.106,-391.894,-392.880,0.986,0
281.000,G09,259481.000,22151.000,22546.907,-395.907,-392.880,-3.027,0
281.000,G11,259481.000,-18003.000,-17619.507,-383.493,-392.880,9.387,0
281.000,G13,259481.000,-14099.000,-13698.589,-400.411,-392.880,-7.531,0
281.000,G15,259481.000,-9551.000,-9148.364,-402.636,-392.880,-9.756,0
281.000,G20,259481.000,12231.000,12617.605,-386.605,-392.880,6.275,0
281.000,G22,259481.000,-8006.000,-7609.508,-396.492,-392.880,-3.612,0
281.000,G30,259481.000,-6396.000,-6004.356,-391.644,-392.880,1.236,0
282.000,E04,259482.000,-17554.000,-17148.220,-405.780,-392.893,-12.887,0
282.000,E12,259482.000,5145.000,5535.109,-390.109,-392.893,2.784,0
282.000,E19,259482.000,5218.000,5611.965,-393.965,-392.893,-1.072,0
282.000,E21,259482.000,-18071.000,-17664.912,-406.088,-392.893,-13.195,0
282.000,E27,259482.000,10033.000,10437.730,-404.730,-392.893,-11.837,0
282.000,E33,259482.000,-22485.000,-22098.029,-386.971,-392.893,5.922,0
282.000,G02,259482.000,-8754.000,-8368.490,-385.510,-392.893,7.382,0
282.000,G06,259482.000,1084.000,1470.723,-386.723,-392.893,6.170,0
282.000,G07,259482.000,-1283.000,-891.434,-391.566,-392.893,1.327,0
282.000,G09,259482.000,22123.000,22518.689,-395.689,-392.893,-2.796,0
282.000,G11,259482.000,-18053.000,-17669.074,-383.926,-392.893,8.966,0
282.000,G13,259482.000,-14116.000,-13714.914,-401.086,-392.893,-8.193,0
282.000,G15,259482.000,-9563.000,-9160.067,-402.933,-392.893,-10.040,0
282.000,G20,259482.000,12184.000,12570.606,-386.606,-392.893,6.287,0
282.000,G22,259482.000,-8030.000,-7632.609,-397.391,-392.893,-4.499,0
282.000,G30,259482.000,-6430.000,-6038.179,-391.821,-392.893,1.072,0
283.000,E04,259483.000,-17560.000,-17154.851,-405.149,-393.030,-12.119,0
283.000,E12,259483.000,5105.000,5494.876,-389.876,-393.030,3.153,0
283.000,E19,259483.000,5186.000,5580.052,-394.052,-393.030,-1.022,0
283.000,E21,259483.000,-18076.000,-17670.601,-405.399,-393.030,-12.369,0
283.000,E27,259483.000,10023.000,10427.001,-404.001,-393.030,-10.971,0
283.000,E33,259483.000,-22528.000,-22141.598,-386.402,-393.030,6.628,0
283.000,G02,259483.000,-8801.000,-8415.815,-385.185,-393.030,7.845,0
283.000,G06,259483.000,1038.000,1423.996,-385.996,-393.030,7.034,0
283.000,G07,259483.000,-1317.000,-925.759,-391.241,-393.030,1.789,0
283.000,G09,259483.000,22095.000,22490.436,-395.436,-393.030,-2.406,0
283.000,G11,259483.000,-18102.000,-17718.598,-383.402,-393.030,9.628,0
283.000,G13,259483.000,-14132.000,-13731.229,-400.771,-393.030,-7.741,0
283.000,G15,259483.000,-9574.000,-9171.767,-402.233,-393.030,-9.203,0
283.000,G20,259483.000,12137.000,12523.574,-386.574,-393.030,6.456,0
283.000,G22,259483.000,-8052.000,-7655.688,-396.312,-393.030,-3.282,0
283.000,G30,259483.000,-6464.000,-6071.993,-392.007,-393.030,1.022,0
284.000,E04,259484.000,-17566.000,-17161.472,-404.528,-392.166,-12.362,0
284.000,E12,259484.000,5065.000,5454.628,-389.628,-392.166,2.537,0
284.000,E19,259484.000,5155.000,5548.128,-393.128,-392.166,-0.962,0
284.000,E21,259484.000,-18081.000,-17676.275,-404.725,-392.166,-12.559,0
284.000,E27,259484.000,10012.000,10416.261,-404.261,-392.166,-12.095,0
284.000,E33,259484.000,-22572.000,-22185.121,-386.879,-392.166,5.287,0
284.000,G02,259484.000,-8848.000,-8463.126,-384.874,-392.166,7.292,0
284.000,G06,259484.000,991.000,1377.260,-386.260,-392.166,5.906,0
284.000,G07,259484.000,-1351.000,-960.083,-390.917,-392.166,1.249,0
284.000,G09,259484.000,22067.000,22462.149,-395.149,-392.166,-2.984,0
284.000,G11,259484.000,-18152.000,-17768.080,-383.920,-392.166,8.246,0
284.000,G13,259484.000,-14148.000,-13747.534,-400.466,-392.166,-8.300,0
284.000,G15,259484.000,-9586.000,-9183.465,-402.535,-392.166,-10.369,0
284.000,G20,259484.000,12091.000,12476.509,-385.509,-392.166,6.657,0
284.000,G22,259484.000,-8075.000,-7678.747,-396.253,-392.166,-4.087,0
284.000,G30,259484.000,-6497.000,-6105.796,-391.204,-392.166,0.962,0
285.000,E04,259485.000,-17573.000,-17168.083,-404.917,-393.301,-11.616,0
285.000,E12,259485.000,5025.000,5414.365,-389.365,-393.301,3.936,0
285.000,E19,259485.000,5122.000,5516.191,-394.191,-393.301,-0.889,0
285.000,E21,259485.000,-18088.000,-17681.934,-406.066,-393.301,-12.764,0
285.000,E27,259485.000,10001.000,10405.509,-404.509,-393.301,-11.208,0
285.000,E33,259485.000,-22616.000,-22228.599,-387.401,-393.301,5.900,0
285.000,G02,259485.000,-8896.000,-8510.421,-385.579,-393.301,7.723,0
285.000,G06,259485.000,944.000,1330.516,-386.516,-393.301,6.785,0
285.000,G07,259485.000,-1386.000,-994.404,-391.596,-393.301,1.705,0
285.000,G09,259485.000,22038.000,22433.828,-395.828,-393.301,-2.527,0
285.000,G11,259485.000,-18202.000,-17817.520,-384.480,-393.301,8.821,0
285.000,G13,259485.000,-14164.000,-13763.828,-400.172,-393.301,-6.870,0
285.000,G15,259485.000,-9598.000,-9195.160,-402.840,-393.301,-9.538,0
285.000,G20,259485.000,12043.000,12429.411,-386.411,-393.301,6.890,0
285.000,G22,259485.000,-8099.000,-7701.784,-397.216,-393.301,-3.914,0
285.000,G30,259485.000,-6532.000,-6139.588,-392.412,-393.301,0.889,0
286.000,E04,259486.000,-17580.000,-17174.683,-405.317,-393.436,-11.881,0
286.000,E12,259486.000,4984.000,5374.087,-390.087,-393.436,3.349,0
286.000,E19,259486.000,5090.000,5484.242,-394.242,-393.436,-0.806,0
286.000,E21,259486.000,-18094.000,-17687.578,-406.422,-393.436,-12.986,0
286.000,E27,259486.000,9990.000,10394.746,-404.746,-393.436,-11.310,0
286.000,E33,259486.000,-22659.000,-22272.030,-386.970,-393.436,6.466,0
286.000,G02,259486.000,-8943.000,-8557.702,-385.298,-393.436,8.138,0
286.000,G06,259486.000,897.000,1283.764,-386.764,-393.436,6.672,0
286.000,G07,259486.000,-1421.000,-1028.723,-392.277,-393.436,1.159,0
286.000,G09,259486.000,22010.000,22405.473,-395.473,-393.436,-2.037,0
286.000,G11,259486.000,-18251.000,-17866.918,-384.082,-393.436,9.354,0
286.000,G13,259486.000,-14181.000,-13780.112,-400.888,-393.436,-7.452,0
286.000,G15,259486.000,-9610.000,-9206.852,-403.148,-393.436,-9.713,0
286.000,G20,259486.000,11996.000,12382.281,-386.281,-393.436,7.155,0
286.000,G22,259486.000,-8122.000,-7724.801,-397.199,-393.436,-3.763,0
286.000,G30,259486.000,-6566.000,-6173.370,-392.630,-393.436,0.806,0
287.000,E04,259487.000,-17587.000,-17181.273,-405.727,-393.121,-12.606,0
287.000,E12,259487.000,4944.000,5333.793,-389.793,-393.121,3.328,0
287.000,E19,259487.000,5058.000,5452.281,-394.281,-393.121,-1.161,0
287.000,E21,259487.000,-18099.000,-17693.207,-405.793,-393.121,-12.673,0
287.000,E27,259487.000,9980.000,10383.971,-403.971,-393.121,-10.851,0
287.000,E33,259487.000,-22703.000,-22315.416,-387.584,-393.121,5.536,0
287.000,G02,259487.000,-8990.000,-8604.967,-385.033,-393.121,8.087,0
287.000,G06,259487.000,850.000,1237.004,-387.004,-393.121,6.117,0
287.000,G07,259487.000,-1455.000,-1063.040,-391.960,-393.121,1.161,0
287.000,G09,259487.000,21981.000,22377.083,-396.083,-393.121,-2.962,0
287.000,G11,259487.000,-18301.000,-17916.273,-384.727,-393.121,8.394,0
287.000,G13,259487.000,-14197.000,-13796.386,-400.614,-393.121,-7.493,0
287.000,G15,259487.000,-9622.000,-9218.542,-403.458,-393.121,-10.337,0
287.000,G20,259487.000,11949.000,12335.117,-386.117,-393.121,7.003,0
287.000,G22,259487.000,-8145.000,-7747.797,-397.203,-393.121,-4.082,0
287.000,G30,259487.000,-6599.000,-6207.142,-391.858,-393.121,1.262,0
288.000,E04,259488.000,-17593.000,-17187.853,-405.147,-393.203,-11.944,0
288.000,E12,259488.000,4904.000,5293.484,-389.484,-393.203,3.719,0
288.000,E19,259488.000,5026.000,5420.308,-394.308,-393.203,-1.106,0
288.000,E21,259488.000,-18105.000,-17698.820,-406.180,-393.203,-12.977,0
288.000,E27,259488.000,9969.000,10373.185,-404.185,-393.203,-10.982,0
288.000,E33,259488.000,-22746.000,-22358.755,-387.245,-393.203,5.958,0
288.000,G02,259488.000,-9037.000,-8652.216,-384.784,-393.203,8.419,0
288.000,G06,259488.000,804.000,1190.236,-386.236,-393.203,6.967,0
288.000,G07,259488.000,-1489.000,-1097.355,-391.645,-393.203,1.557,0
288.000,G09,259488.000,21953.000,22348.658,-395.658,-393.203,-2.455,0
288.000,G11,259488.000,-18350.000,-17965.586,-384.414,-393.203,8.789,0
288.000,G13,259488.000,-14213.000,-13812.650,-400.350,-393.203,-7.148,0
288.000,G15,259488.000,-9633.000,-9230.231,-402.769,-393.203,-9.566,0
288.000,G20,259488.000,11902.000,12287.921,-385.921,-393.203,7.281,0
288.000,G22,259488.000,-8168.000,-7770.772,-397.228,-393.203,-4.025,0
288.000,G30,259488.000,-6633.000,-6240.903,-392.097,-393.203,1.106,0
289.000,E04,259489.000,-17599.000,-17194.422,-404.578,-392.335,-12.242,0
289.000,E12,259489.000,4864.000,5253.160,-389.160,-392.335,3.176,0
289.000,E19,259489.000,4995.000,5388.324,-393.324,-392.335,-0.989,0
289.000,E21,259489.000,-18110.000,-17704.418,-405.582,-392.335,-13.247,0
289.000,E27,259489.000,9958.000,10362.388,-404.388,-392.335,-12.052,0
289.000,E33,259489.000,-22789.000,-22402.048,-386.952,-392.335,5.383,0
289.000,G02,259489.000,-9084.000,-8699.450,-384.550,-392.335,7.786,0
289.000,G06,259489.000,757.000,1143.460,-386.460,-392.335,5.876,0
289.000,G07,259489.000,-1523.000,-1131.667,-391.333,-392.335,1.002,0
289.000,G09,259489.000,21925.000,22320.198,-395.198,-392.335,-2.863,0
289.000,G11,259489.000,-18399.000,-18014.856,-384.144,-392.335,8.192,0
289.000,G13,259489.000,-14229.000,-13828.903,-400.097,-392.335,-7.762,0
289.000,G15,259489.000,-9644.000,-9241.917,-402.083,-392.335,-9.748,0
289.000,G20,259489.000,11855.000,12240.693,-385.693,-392.335,6.642,0
289.000,G22,259489.000,-8190.000,-7793.726,-396.274,-392.335,-3.938,0
289.000,G30,259489.000,-6666.000,-6274.653,-391.347,-392.335,0.989,0
290.000,E04,259490.000,-17606.000,-17200.982,-405.018,-392.467,-12.551,0
290.000,E12,259490.000,4823.000,5212.820,-389.820,-392.467,2.647,0
290.000,E19,259490.000,4963.000,5356.328,-393.328,-392.467,-0.860,0
290.000,E21,259490.000,-18115.000,-17710.001,-404.999,-392.467,-12.532,0
290.000,E27,259490.000,9948.000,10351.579,-403.579,-392.467,-11.111,0
290.000,E33,259490.000,-22832.000,-22445.295,-386.705,-392.467,5.762,0
290.000,G02,259490.000,-9132.000,-8746.668,-385.332,-392.467,7.136,0
290.000,G06,259490.000,711.000,1096.676,-385.676,-392.467,6.792,0
290.000,G07,259490.000,-1557.000,-1165.977,-391.023,-392.467,1.444,0
290.000,G09,259490.000,21896.000,22291.704,-395.704,-392.467,-3.237,0
290.000,G11,259490.000,-18448.000,-18064.084,-383.916,-392.467,8.551,0
290.000,G13,259490.000,-14245.000,-13845.145,-399.855,-392.467,-7.387,0
290.000,G15,259490.000,-9656.000,-9253.601,-402.399,-392.467,-9.932,0
290.000,G20,259490.000,11808.000,12193.432,-385.432,-392.467,7.035,0
290.000,G22,259490.000,-8213.000,-7816.659,-396.341,-392.467,-3.873,0
290.000,G30,259490.000,-6700.000,-6308.393,-391.607,-392.467,0.860,0
291.000,E04,259491.000,-17613.000,-17207.531,-405.469,-392.599,-12.871,0
291.000,E12,259491.000,4783.000,5172.466,-389.466,-392.599,3.132,0
291.000,E19,259491.000,4931.000,5324.320,-393.320,-392.599,-0.721,0
291.000,E21,259491.000,-18121.000,-17715.569,-405.431,-392.599,-12.832,0
291.000,E27,259491.000,9937.000,10340.758,-403.758,-392.599,-11.160,0
291.000,E33,259491.000,-22875.000,-22488.496,-386.504,-392.599,6.095,0
291.000,G02,259491.000,-9179.000,-8793.871,-385.129,-392.599,7.470,0
291.000,G06,259491.000,664.000,1049.884,-385.884,-392.599,6.715,0
291.000,G07,259491.000,-1592.000,-1200.284,-391.716,-392.599,0.883,0
291.000,G09,259491.000,21868.000,22263.176,-395.176,-392.599,-2.577,0
291.000,G11,259491.000,-18497.000,-18113.268,-383.732,-392.599,8.867,0
291.000,G13,259491.000,-14262.000,-13861.378,-400.622,-392.599,-8.024,0
291.000,G15,259491.000,-9668.000,-9265.283,-402.717,-392.599,-10.119,0
291.000,G20,259491.000,11760.000,12146.139,-386.139,-392.599,6.460,0
291.000,G22,259491.000,-8236.000,-7839.571,-396.429,-392.599,-3.830,0
291.000,G30,259491.000,-6734.000,-6342.122,-391.878,-392.599,0.721,0
292.000,E04,259492.000,-17619.000,-17214.069,-404.931,-392.730,-12.201,0
292.000,E12,259492.000,4743.000,5132.098,-389.098,-392.730,3.632,0
292.000,E19,259492.000,4899.000,5292.300,-393.300,-392.730,-0.570,0
292.000,E21,259492.000,-18127.000,-17721.122,-405.878,-392.730,-13.149,0
292.000,E27,259492.000,9926.000,10329.927,-403.927,-392.730,-11.197,0
292.000,E33,259492.000,-22919.000,-22531.651,-387.349,-392.730,5.380,0
292.000,G02,259492.000,-9226.000,-8841.058,-384.942,-392.730,7.787,0
292.000,G06,259492.000,617.000,1003.085,-386.085,-392.730,6.645,0
292.000,G07,259492.000,-1626.000,-1234.589,-391.411,-392.730,1.319,0
292.000,G09,259492.000,21839.000,22234.613,-395.613,-392.730,-2.884,0
292.000,G11,259492.000,-18546.000,-18162.410,-383.590,-392.730,9.140,0
292.000,G13,259492.000,-14278.000,-13877.600,-400.400,-392.730,-7.671,0
292.000,G15,259492.000,-9680.000,-9276.962,-403.038,-392.730,-10.309,0
292.000,G20,259492.000,11713.000,12098.814,-385.814,-392.730,6.916,0
292.000,G22,259492.000,-8259.000,-7862.462,-396.538,-392.730,-3.808,0
292.000,G30,259492.000,-6768.000,-6375.841,-392.159,-392.730,0.570,0
293.000,E04,259493.000,-17626.000,-17220.598,-405.402,-393.360,-12.042,0
293.000,E12,259493.000,4702.000,5091.714,-389.714,-393.360,3.646,0
293.000,E19,259493.000,4866.000,5260.268,-394.268,-393.360,-0.908,0
293.000,E21,259493.000,-18132.000,-17726.659,-405.341,-393.360,-11.980,0
293.000,E27,259493.000,9915.000,10319.083,-404.083,-393.360,-10.723,0
293.000,E33,259493.000,-22962.000,-22574.759,-387.241,-393.360,6.119,0
293.000,G02,259493.000,-9274.000,-8888.228,-385.772,-393.360,7.588,0
293.000,G06,259493.000,570.000,956.278,-386.278,-393.360,7.082,0
293.000,G07,259493.000,-1661.000,-1268.892,-392.108,-393.360,1.252,0
293.000,G09,259493.000,21810.000,22206.016,-396.016,-393.360,-2.656,0
293.000,G11,259493.000,-18596.000,-18211.509,-384.491,-393.360,8.869,0
293.000,G13,259493.000,-14295.000,-13893.811,-401.189,-393.360,-7.829,0
293.000,G15,259493.000,-9692.000,-9288.639,-403.361,-393.360,-10.001,0
293.000,G20,259493.000,11665.000,12051.456,-386.456,-393.360,6.904,0
293.000,G22,259493.000,-8283.000,-7885.332,-397.668,-393.360,-4.308,0
293.000,G30,259493.000,-6802.000,-6409.548,-392.452,-393.360,0.908,0
294.000,E04,259494.000,-17632.000,-17227.116,-404.884,-393.017,-11.867,0
294.000,E12,259494.000,4662.000,5051.316,-389.316,-393.017,3.701,0
294.000,E19,259494.000,4834.000,5228.225,-394.225,-393.017,-1.208,0
294.000,E21,259494.000,-18138.000,-17732.182,-405.818,-393.017,-12.801,0
294.000,E27,259494.000,9904.000,10308.229,-404.229,-393.017,-11.212,0
294.000,E33,259494.000,-23005.000,-22617.820,-387.180,-393.017,5.837,0
294.000,G02,259494.000,-9321.000,-8935.383,-385.617,-393.017,7.399,0
294.000,G06,259494.000,523.000,909.465,-386.465,-393.017,6.552,0
294.000,G07,259494.000,-1695.000,-1303.191,-391.809,-393.017,1.208,0
294.000,G09,259494.000,21782.000,22177.384,-395.384,-393.017,-2.367,0
294.000,G11,259494.000,-18645.000,-18260.564,-384.436,-393.017,8.581,0
294.000,G13,259494.000,-14311.000,-13910.012,-400.988,-393.017,-7.971,0
294.000,G15,259494.000,-9703.000,-9300.313,-402.687,-393.017,-9.670,0
294.000,G20,259494.000,11618.000,12004.067,-386.067,-393.017,6.950,0
294.000,G22,259494.000,-8305.000,-7908.181,-396.819,-393.017,-3.802,0
294.000,G30,259494.000,-6835.000,-6443.245,-391.755,-393.017,1.262,0
295.000,E04,259495.000,-17639.000,-17233.624,-405.376,-392.620,-12.756,0
295.000,E12,259495.000,4622.000,5010.903,-388.903,-392.620,3.717,0
295.000,E19,259495.000,4803.000,5196.171,-393.171,-392.620,-0.551,0
295.000,E21,259495.000,-18143.000,-17737.689,-405.311,-392.620,-12.691,0
295.000,E27,259495.000,9893.000,10297.363,-404.363,-392.620,-11.743,0
295.000,E33,259495.000,-23048.000,-22660.835,-387.165,-392.620,5.456,0
295.000,G02,259495.000,-9367.000,-8982.521,-384.479,-392.620,8.141,0
295.000,G06,259495.000,477.000,862.645,-385.645,-392.620,6.975,0
295.000,G07,259495.000,-1729.000,-1337.488,-391.512,-392.620,1.108,0
295.000,G09,259495.000,21754.000,22148.718,-394.718,-392.620,-2.098,0
295.000,G11,259495.000,-18694.000,-18309.577,-384.423,-392.620,8.197,0
295.000,G13,259495.000,-14327.000,-13926.203,-400.797,-392.620,-8.177,0
295.000,G15,259495.000,-9715.000,-9311.985,-403.015,-392.620,-10.395,0
295.000,G20,259495.000,11571.000,11956.645,-385.645,-392.620,6.975,0
295.000,G22,259495.000,-8328.000,-7931.008,-396.992,-392.620,-4.372,0
295.000,G30,259495.000,-6869.000,-6476.930,-392.070,-392.620,0.551,0
296.000,E04,259496.000,-17645.000,-17240.122,-404.878,-392.750,-12.128,0
296.000,E12,259496.000,4581.000,4970.475,-389.475,-392.750,3.274,0
296.000,E19,259496.000,4770.000,5164.104,-394.104,-392.750,-1.355,0
296.000,E21,259496.000,-18149.000,-17743.182,-405.818,-392.750,-13.069,0
296.000,E27,259496.000,9882.000,10286.485,-404.485,-392.750,-11.736,0
296.000,E33,259496.000,-23091.000,-22703.804,-387.196,-392.750,5.554,0
296.000,G02,259496.000,-9415.000,-9029.643,-385.357,-392.750,7.392,0
296.000,G06,259496.000,430.000,815.817,-385.817,-392.750,6.933,0
296.000,G07,259496.000,-1763.000,-1371.783,-391.217,-392.750,1.532,0
296.000,G09,259496.000,21725.000,22120.018,-395.018,-392.750,-2.269,0
296.000,G11,259496.000,-18743.000,-18358.546,-384.454,-392.750,8.296,0
296.000,G13,259496.000,-14343.000,-13942.383,-400.617,-392.750,-7.867,0
296.000,G15,259496.000,-9726.000,-9323.655,-402.345,-392.750,-9.596,0
296.000,G20,259496.000,11523.000,11909.192,-386.192,-392.750,6.557,0
296.000,G22,259496.000,-8351.000,-7953.814,-397.186,-392.750,-4.436,0
296.000,G30,259496.000,-6902.000,-6510.605,-391.395,-392.750,1.355,0
297.000,E04,259497.000,-17652.000,-17246.610,-405.390,-392.976,-12.414,0
297.000,E12,259497.000,4540.000,4930.034,-390.034,-392.976,2.943,0
297.000,E19,259497.000,4738.000,5132.027,-394.027,-392.976,-1.051,0
297.000,E21,259497.000,-18155.000,-17748.659,-406.341,-392.976,-13.365,0
297.000,E27,259497.000,9871.000,10275.596,-404.596,-392.976,-11.620,0
297.000,E33,259497.000,-23134.000,-22746.726,-387.274,-392.976,5.702,0
297.000,G02,259497.000,-9462.000,-9076.748,-385.252,-392.976,7.724,0
297.000,G06,259497.000,382.000,768.981,-386.981,-392.976,5.995,0
297.000,G07,259497.000,-1798.000,-1406.074,-391.926,-392.976,1.051,0
297.000,G09,259497.000,21696.000,22091.284,-395.284,-392.976,-2.307,0
297.000,G11,259497.000,-18792.000,-18407.472,-384.528,-392.976,8.448,0
297.000,G13,259497.000,-14359.000,-13958.553,-400.447,-392.976,-7.471,0
297.000,G15,259497.000,-9738.000,-9335.322,-402.678,-392.976,-9.702,0
297.000,G20,259497.000,11475.000,11861.707,-386.707,-392.976,6.269,0
297.000,G22,259497.000,-8374.000,-7976.599,-397.401,-392.976,-4.425,0
297.000,G30,259497.000,-6936.000,-6544.269,-391.731,-392.976,1.245,0
298.000,E04,259498.000,-17659.000,-17253.087,-405.913,-393.287,-12.626,0
298.000,E12,259498.000,4500.000,4889.578,-389.578,-393.287,3.710,0
298.000,E19,259498.000,4706.000,5099.938,-393.938,-393.287,-0.650,0
298.000,E21,259498.000,-18160.000,-17754.121,-405.879,-393.287,-12.592,0
298.000,E27,259498.000,9860.000,10264.696,-404.696,-393.287,-11.409,0
298.000,E33,259498.000,-23177.000,-22789.602,-387.398,-393.287,5.889,0
298.000,G02,259498.000,-9510.000,-9123.837,-386.163,-393.287,7.124,0
298.000,G06,259498.000,335.000,722.139,-387.139,-393.287,6.148,0
298.000,G07,259498.000,-1833.000,-1440.363,-392.637,-393.287,0.650,0
298.000,G09,259498.000,21667.000,22062.515,-395.515,-393.287,-2.227,0
298.000,G11,259498.000,-18841.000,-18456.354,-384.646,-393.287,8.641,0
298.000,G13,259498.000,-14376.000,-13974.712,-401.288,-393.287,-8.000,0
298.000,G15,259498.000,-9750.000,-9346.987,-403.013,-393.287,-9.726,0
298.000,G20,259498.000,11428.000,11814.191,-386.191,-393.287,7.097,0
298.000,G22,259498.000,-8397.000,-7999.363,-397.637,-393.287,-4.350,0
298.000,G30,259498.000,-6970.000,-6577.922,-392.078,-393.287,1.209,0
299.000,E04,259499.000,-17666.000,-17259.554,-406.446,-393.637,-12.809,0
299.000,E12,259499.000,4459.000,4849.107,-390.107,-393.637,3.530,0
299.000,E19,259499.000,4673.000,5067.837,-394.837,-393.637,-1.200,0
299.000,E21,259499.000,-18166.000,-17759.568,-406.432,-393.637,-12.795,0
299.000,E27,259499.000,9849.000,10253.784,-404.784,-393.637,-11.147,0
299.000,E33,259499.000,-23220.000,-22832.430,-387.570,-393.637,6.067,0
299.000,G02,259499.000,-9557.000,-9170.909,-386.091,-393.637,7.546,0
299.000,G06,259499.000,288.000,675.291,-387.291,-393.637,6.346,0
299.000,G07,259499.000,-1867.000,-1474.649,-392.351,-393.637,1.286,0
299.000,G09,259499.000,21638.000,22033.712,-395.712,-393.637,-2.075,0
299.000,G11,259499.000,-18890.000,-18505.193,-384.807,-393.637,8.830,0
299.000,G13,259499.000,-14392.000,-13990.861,-401.139,-393.637,-7.502,0
299.000,G15,259499.000,-9762.000,-9358.649,-403.351,-393.637,-9.714,0
299.000,G20,259499.000,11380.000,11766.643,-386.643,-393.637,6.994,0
299.000,G22,259499.000,-8420.000,-8022.105,-397.895,-393.637,-4.258,0
299.000,G30,259499.000,-7004.000,-6611.563,-392.437,-393.637,1.200,0
300.000,E04,259500.000,-17672.000,-17266.010,-405.990,-393.266,-12.724,0
300.000,E12,259500.000,4419.000,4808.623,-389.623,-393.266,3.643,0
300.000,E19,259500.000,4642.000,5035.725,-393.725,-393.266,-0.460,0
300.000,E21,259500.000,-18171.000,-17765.000,-406.000,-393.266,-12.734,0
300.000,E27,259500.000,9838.000,10242.861,-404.861,-393.266,-11.595,0
300.000,E33,259500.000,-23263.000,-22875.212,-387.788,-393.266,5.478,0
300.000,G02,259500.000,-9604.000,-9217.964,-386.036,-393.266,7.230,0
300.000,G06,259500.000,242.000,628.435,-386.435,-393.266,6.831,0
300.000,G07,259500.000,-1901.000,-1508.932,-392.068,-393.266,1.197,0
300.000,G09,259500.000,21609.000,22004.874,-395.874,-393.266,-2.608,0
300.000,G11,259500.000,-18939.000,-18553.988,-385.012,-393.266,8.253,0
300.000,G13,259500.000,-14408.000,-14006.999,-401.001,-393.266,-7.735,0
300.000,G15,259500.000,-9774.000,-9370.309,-403.691,-393.266,-10.425,0
300.000,G20,259500.000,11333.000,11719.063,-386.063,-393.266,7.202,0
300.000,G22,259500.000,-8442.000,-8044.826,-397.174,-393.266,-3.908,0
300.000,G30,259500.000,-7038.000,-6645.194,-392.806,-393.266,0.460,0
301.000,E04,259501.000,-17678.000,-17272.457,-405.543,-392.895,-12.648,0
301.000,E12,259501.000,4378.000,4768.124,-390.124,-392.895,2.771,0
301.000,E19,259501.000,4610.000,5003.602,-393.602,-392.895,-0.708,0
301.000,E21,259501.000,-18176.000,-17770.417,-405.583,-392.895,-12.689,0
301.000,E27,259501.000,9828.000,10231.927,-403.927,-392.895,-11.032,0
301.000,E33,259501.000,-23306.000,-22917.947,-388.053,-392.895,4.842,0
301.000,G02,259501.000,-9650.000,-9265.003,-384.997,-392.895,7.897,0
301.000,G06,259501.000,195.000,581.573,-386.573,-392.895,6.321,0
301.000,G07,259501.000,-1935.000,-1543.211,-391.789,-392.895,1.106,0
301.000,G09,259501.000,21580.000,21976.003,-396.003,-392.895,-3.108,0
301.000,G11,259501.000,-18987.000,-18602.739,-384.261,-392.895,8.634,0
301.000,G13,259501.000,-14424.000,-14023.127,-400.873,-392.895,-7.978,0
301.000,G15,259501.000,-9785.000,-9381.967,-403.033,-392.895,-10.138,0
301.000,G20,259501.000,11285.000,11671.453,-386.453,-392.895,6.442,0
301.000,G22,259501.000,-8465.000,-8067.526,-397.474,-392.895,-4.579,0
301.000,G30,259501.000,-7071.000,-6678.813,-392.187,-392.895,0.708,0
302.000,E04,259502.000,-17685.000,-17278.893,-406.107,-393.524,-12.583,0
302.000,E12,259502.000,4338.000,4727.611,-389.611,-393.524,3.913,0
302.000,E19,259502.000,4577.000,4971.469,-394.469,-393.524,-0.945,0
302.000,E21,259502.000,-18182.000,-17775.818,-406.182,-393.524,-12.657,0
302.000,E27,259502.000,9817.000,10220.981,-403.981,-393.524,-10.456,0
302.000,E33,259502.000,-23348.000,-22960.635,-387.365,-393.524,6.159,0
302.000,G02,259502.000,-9698.000,-9312.024,-385.976,-393.524,7.548,0
302.000,G06,259502.000,148.000,534.705,-386.705,-393.524,6.819,0
302.000,G07,259502.000,-1969.000,-1577.488,-391.512,-393.524,2.012,0
302.000,G09,259502.000,21551.000,21947.097,-396.097,-393.524,-2.573,0
302.000,G11,259502.000,-19036.000,-18651.446,-384.554,-393.524,8.970,0
302.000,G13,259502.000,-14440.000,-14039.245,-400.755,-393.524,-7.231,0
302.000,G15,259502.000,-9797.000,-9393.622,-403.378,-393.524,-9.854,0
302.000,G20,259502.000,11238.000,11623.811,-385.811,-393.524,7.713,0
302.000,G22,259502.000,-8488.000,-8090.204,-397.796,-393.524,-4.271,0
302.000,G30,259502.000,-7105.000,-6712.421,-392.579,-393.524,0.945,0
303.000,E04,259503.000,-17691.000,-17285.319,-405.681,-393.653,-12.028,0
303.000,E12,259503.000,4297.000,4687.085,-390.085,-393.653,3.569,0
303.000,E19,259503.000,4545.000,4939.324,-394.324,-393.653,-0.670,0
303.000,E21,259503.000,-18187.000,-17781.205,-405.795,-393.653,-12.142,0
303.000,E27,259503.000,9805.000,10210.023,-405.023,-393.653,-11.370,0
303.000,E33,259503.000,-23391.000,-23003.276,-387.724,-393.653,5.929,0
303.000,G02,259503.000,-9745.000,-9359.028,-385.972,-393.653,7.682,0
303.000,G06,259503.000,101.000,487.830,-386.830,-393.653,6.823,0
303.000,G07,259503.000,-2004.000,-1611.762,-392.238,-393.653,1.415,0
303.000,G09,259503.000,21522.000,21918.157,-396.157,-393.653,-2.504,0
303.000,G11,259503.000,-19085.000,-18700.109,-384.891,-393.653,8.763,0
303.000,G13,259503.000,-14457.000,-14055.352,-401.648,-393.653,-7.995,0
303.000,G15,259503.000,-9809.000,-9405.275,-403.725,-393.653,-10.072,0
303.000,G20,259503.000,11190.000,11576.138,-386.138,-393.653,7.515,0
303.000,G22,259503.000,-8511.000,-8112.861,-398.139,-393.653,-4.486,0
303.000,G30,259503.000,-7139.000,-6746.017,-392.983,-393.653,0.670,0
304.000,E04,259504.000,-17698.000,-17291.735,-406.265,-393.282,-12.983,0
304.000,E12,259504.000,4256.000,4646.544,-390.544,-393.282,2.738,0
304.000,E19,259504.000,4513.000,4907.167,-394.167,-393.282,-0.885,0
304.000,E21,259504.000,-18193.000,-17786.577,-406.423,-393.282,-13.141,0
304.000,E27,259504.000,9794.000,10199.054,-405.054,-393.282,-11.772,0
304.000,E33,259504.000,-23434.000,-23045.870,-388.130,-393.282,5.153,0
304.000,G02,259504.000,-9792.000,-9406.015,-385.985,-393.282,7.298,0
304.000,G06,259504.000,54.000,440.950,-386.950,-393.282,6.333,0
304.000,G07,259504.000,-2038.000,-1646.032,-391.968,-393.282,1.314,0
304.000,G09,259504.000,21493.000,21889.183,-396.183,-393.282,-2.901,0
304.000,G11,259504.000,-19134.000,-18748.729,-385.271,-393.282,8.011,0
304.000,G13,259504.000,-14473.000,-14071.448,-401.552,-393.282,-8.270,0
304.000,G15,259504.000,-9820.000,-9416.925,-403.075,-393.282,-9.793,0
304.000,G20,259504.000,11142.000,11528.434,-386.434,-393.282,6.849,0
304.000,G22,259504.000,-8533.000,-8135.497,-397.503,-393.282,-4.221,0
304.000,G30,259504.000,-7172.000,-6779.602,-392.398,-393.282,0.885,0
305.000,E04,259505.000,-17704.000,-17298.140,-405.860,-393.412,-12.448,0
305.000,E12,259505.000,4216.000,4605.990,-389.990,-393.412,3.422,0
305.000,E19,259505.000,4481.000,4874.999,-393.999,-393.412,-0.588,0
305.000,E21,259505.000,-18198.000,-17791.933,-406.067,-393.412,-12.655,0
305.000,E27,259505.000,9784.000,10188.074,-404.074,-393.412,-10.662,0
305.000,E33,259505.000,-23476.000,-23088.417,-387.583,-393.412,5.829,0
305.000,G02,259505.000,-9839.000,-9452.985,-386.015,-393.412,7.397,0
305.000,G06,259505.000,7.000,394.063,-387.063,-393.412,6.349,0
305.000,G07,259505.000,-2072.000,-1680.299,-391.701,-393.412,1.711,0
305.000,G09,259505.000,21465.000,21860.175,-395.175,-393.412,-1.763,0
305.000,G11,259505.000,-19182.000,-18797.304,-384.696,-393.412,8.716,0
305.000,G13,259505.000,-14489.000,-14087.534,-401.466,-393.412,-8.055,0
305.000,G15,259505.000,-9832.000,-9428.573,-403.427,-393.412,-10.016,0
305.000,G20,259505.000,11094.000,11480.700,-386.700,-393.412,6.712,0
305.000,G22,259505.000,-8556.000,-8158.111,-397.889,-393.412,-4.478,0
305.000,G30,259505.000,-7206.000,-6813.176,-392.824,-393.412,0.588,0
306.000,E04,259506.000,-17710.000,-17304.536,-405.464,-393.129,-12.335,0
306.000,E12,259506.000,4175.000,4565.422,-390.422,-393.129,2.707,0
306.000,E19,259506.000,4449.000,4842.821,-393.821,-393.129,-0.692,0
306.000,E21,259506.000,-18204.000,-17797.275,-406.725,-393.129,-13.596,0
306.000,E27,259506.000,9772.000,10177.083,-405.083,-393.129,-11.954,0
306.000,E33,259506.000,-23519.000,-23130.917,-388.083,-393.129,5.046,0
306.000,G02,259506.000,-9886.000,-9499.937,-386.063,-393.129,7.066,0
306.000,G06,259506.000,-39.000,347.170,-386.170,-393.129,6.959,0
306.000,G07,259506.000,-2107.000,-1714.563,-392.437,-393.129,0.692,0
306.000,G09,259506.000,21435.000,21831.132,-396.132,-393.129,-3.003,0
306.000,G11,259506.000,-19231.000,-18845.835,-385.165,-393.129,7.964,0
306.000,G13,259506.000,-14505.000,-14103.609,-401.391,-393.129,-8.262,0
306.000,G15,259506.000,-9844.000,-9440.218,-403.782,-393.129,-10.653,0
306.000,G20,259506.000,11047.000,11432.934,-385.934,-393.129,7.195,0
306.000,G22,259506.000,-8578.000,-8180.703,-397.297,-393.129,-4.168,0
306.000,G30,259506.000,-7239.000,-6846.738,-392.262,-393.129,0.867,0
307.000,E04,259507.000,-17717.000,-17310.921,-406.079,-393.671,-12.408,0
307.000,E12,259507.000,4135.000,4524.840,-389.840,-393.671,3.831,0
307.000,E19,259507.000,4416.000,4810.631,-394.631,-393.671,-0.960,0
307.000,E21,259507.000,-18209.000,-17802.601,-406.399,-393.671,-12.728,0
307.000,E27,259507.000,9761.000,10166.079,-405.079,-393.671,-11.409,0
307.000,E33,259507.000,-23561.000,-23173.369,-387.631,-393.671,6.040,0
307.000,G02,259507.000,-9933.000,-9546.872,-386.128,-393.671,7.543,0
307.000,G06,259507.000,-86.000,300.271,-386.271,-393.671,7.400,0
307.000,G07,259507.000,-2141.000,-1748.823,-392.177,-393.671,1.494,0
307.000,G09,259507.000,21406.000,21802.056,-396.056,-393.671,-2.385,0
307.000,G11,259507.000,-19279.000,-18894.322,-384.678,-393.671,8.992,0
307.000,G13,259507.000,-14521.000,-14119.674,-401.326,-393.671,-7.656,0
307.000,G15,259507.000,-9855.000,-9451.861,-403.139,-393.671,-9.468,0
307.000,G20,259507.000,10999.000,11385.138,-386.138,-393.671,7.533,0
307.000,G22,259507.000,-8601.000,-8203.274,-397.726,-393.671,-4.055,0
307.000,G30,259507.000,-7273.000,-6880.289,-392.711,-393.671,0.960,0
308.000,E04,259508.000,-17723.000,-17317.295,-405.705,-392.801,-12.904,0
308.000,E12,259508.000,4095.000,4484.245,-389.245,-392.801,3.556,0
308.000,E19,259508.000,4385.000,4778.430,-393.430,-392.801,-0.629,0
308.000,E21,259508.000,-18214.000,-17807.913,-406.087,-392.801,-13.286,0
308.000,E27,259508.000,9751.000,10155.065,-404.065,-392.801,-11.264,0
308.000,E33,259508.000,-23604.000,-23215.775,-388.225,-392.801,4.576,0
308.000,G02,259508.000,-9979.000,-9593.789,-385.211,-392.801,7.590,0
308.000,G06,259508.000,-132.000,253.366,-385.366,-392.801,7.434,0
308.000,G07,259508.000,-2175.000,-1783.080,-391.920,-392.801,0.881,0
308.000,G09,259508.000,21377.000,21772.945,-395.945,-392.801,-3.144,0
308.000,G11,259508.000,-19328.000,-18942.764,-385.236,-392.801,7.565,0
308.000,G13,259508.000,-14537.000,-14135.728,-401.272,-392.801,-8.471,0
308.000,G15,259508.000,-9867.000,-9463.501,-403.499,-392.801,-10.698,0
308.000,G20,259508.000,10951.000,11337.311,-386.311,-392.801,6.490,0
308.000,G22,259508.000,-8623.000,-8225.823,-397.177,-392.801,-4.376,0
308.000,G30,259508.000,-7306.000,-6913.828,-392.172,-392.801,0.629,0
309.000,E04,259509.000,-17729.000,-17323.660,-405.340,-392.942,-12.398,0
309.000,E12,259509.000,4054.000,4443.637,-389.637,-392.942,3.306,0
309.000,E19,259509.000,4352.000,4746.218,-394.218,-392.942,-1.276,0
309.000,E21,259509.000,-18219.000,-17813.209,-405.791,-392.942,-12.848,0
309.000,E27,259509.000,9740.000,10144.039,-404.039,-392.942,-11.097,0
309.000,E33,259509.000,-23646.000,-23258.133,-387.867,-392.942,5.075,0
309.000,G02,259509.000,-10026.000,-9640.688,-385.312,-392.942,7.630,0
309.000,G06,259509.000,-179.000,206.456,-385.456,-392.942,7.486,0
309.000,G07,259509.000,-2209.000,-1817.334,-391.666,-392.942,1.276,0
309.000,G09,259509.000,21349.000,21743.801,-394.801,-392.942,-1.858,0
309.000,G11,259509.000,-19376.000,-18991.161,-384.839,-392.942,8.104,0
309.000,G13,259509.000,-14552.000,-14151.771,-400.229,-392.942,-7.287,0
309.000,G15,259509.000,-9878.000,-9475.139,-402.861,-392.942,-9.919,0
309.000,G20,259509.000,10904.000,11289.454,-385.454,-392.942,7.489,0
309.000,G22,259509.000,-8646.000,-8248.351,-397.649,-392.942,-4.707,0
309.000,G30,259509.000,-7339.000,-6947.356,-391.644,-392.942,1.298,0
310.000,E04,259510.000,-17736.000,-17330.014,-405.986,-393.062,-12.924,0
310.000,E12,259510.000,4013.000,4403.015,-390.015,-393.062,3.047,0
310.000,E19,259510.000,4320.000,4713.996,-393.996,-393.062,-0.934,0
310.000,E21,259510.000,-18224.000,-17818.491,-405.509,-393.062,-12.447,0
310.000,E27,259510.000,9729.000,10133.002,-404.002,-393.062,-10.940,0
310.000,E33,259510.000,-23688.000,-23300.443,-387.557,-393.062,5.506,0
310.000,G02,259510.000,-10073.000,-9687.570,-385.430,-393.062,7.632,0
310.000,G06,259510.000,-226.000,159.541,-385.541,-393.062,7.521,0
310.000,G07,259510.000,-2243.000,-1851.584,-391.416,-393.062,1.646,0
310.000,G09,259510.000,21319.000,21714.622,-395.622,-393.062,-2.560,0
310.000,G11,259510.000,-19424.000,-19039.514,-384.486,-393.062,8.577,0
310.000,G13,259510.000,-14569.000,-14167.804,-401.196,-393.062,-8.134,0
310.000,G15,259510.000,-9890.000,-9486.774,-403.226,-393.062,-10.164,0
310.000,G20,259510.000,10856.000,11241.566,-385.566,-393.062,7.497,0
310.000,G22,259510.000,-8668.000,-8270.856,-397.144,-393.062,-4.081,0
310.000,G30,259510.000,-7373.000,-6980.871,-392.129,-393.062,0.934,0
311.000,E04,259511.000,-17742.000,-17336.358,-405.642,-393.193,-12.448,0
311.000,E12,259511.000,3973.000,4362.379,-389.379,-393.193,3.814,0
311.000,E19,259511.000,4288.000,4681.763,-393.763,-393.193,-0.569,0
311.000,E21,259511.000,-18230.000,-17823.757,-406.243,-393.193,-13.049,0
311.000,E27,259511.000,9718.000,10121.953,-403.953,-393.193,-10.760,0
311.000,E33,259511.000,-23731.000,-23342.707,-388.293,-393.193,4.900,0
311.000,G02,259511.000,-10120.000,-9734.433,-385.567,-393.193,7.627,0
311.000,G06,259511.000,-273.000,112.620,-385.620,-393.193,7.574,0
311.000,G07,259511.000,-2278.000,-1885.831,-392.169,-393.193,1.024,0
311.000,G09,259511.000,21290.000,21685.409,-395.409,-393.193,-2.216,0
311.000,G11,259511.000,-19473.000,-19087.823,-385.177,-393.193,8.016,0
311.000,G13,259511.000,-14585.000,-14183.826,-401.174,-393.193,-7.980,0
311.000,G15,259511.000,-9901.000,-9498.407,-402.593,-393.193,-9.400,0
311.000,G20,259511.000,10808.000,11193.648,-385.648,-393.193,7.546,0
311.000,G22,259511.000,-8691.000,-8293.341,-397.659,-393.193,-4.466,0
311.000,G30,259511.000,-7407.000,-7014.376,-392.624,-393.193,0.569,0
312.000,E04,259512.000,-17749.000,-17342.692,-406.308,-393.325,-12.983,0
312.000,E12,259512.000,3932.000,4321.731,-389.731,-393.325,3.594,0
312.000,E19,259512.000,4255.000,4649.518,-394.518,-393.325,-1.193,0
312.000,E21,259512.000,-18235.000,-17829.009,-405.991,-393.325,-12.666,0
312.000,E27,259512.000,9706.000,10110.893,-404.893,-393.325,-11.568,0
312.000,E33,259512.000,-23773.000,-23384.922,-388.078,-393.325,5.248,0
312.000,G02,259512.000,-10167.000,-9781.278,-385.722,-393.325,7.604,0
312.000,G06,259512.000,-320.000,65.693,-385.693,-393.325,7.632,0
312.000,G07,259512.000,-2312.000,-1920.073,-391.927,-393.325,1.399,0
312.000,G09,259512.000,21260.000,21656.163,-396.163,-393.325,-2.837,0
312.000,G11,259512.000,-19521.000,-19136.086,-384.914,-393.325,8.412,0
312.000,G13,259512.000,-14601.000,-14199.838,-401.162,-393.325,-7.837,0
312.000,G15,259512.000,-9913.000,-9510.037,-402.963,-393.325,-9.638,0
312.000,G20,259512.000,10759.000,11145.699,-386.699,-393.325,6.626,0
312.000,G22,259512.000,-8714.000,-8315.803,-398.197,-393.325,-4.871,0
312.000,G30,259512.000,-7440.000,-7047.868,-392.132,-393.325,1.193,0
313.000,E04,259513.000,-17755.000,-17349.015,-405.985,-393.475,-12.509,0
313.000,E12,259513.000,3891.000,4281.070,-390.070,-393.475,3.406,0
313.000,E19,259513.000,4223.000,4617.264,-394.264,-393.475,-0.788,0
313.000,E21,259513.000,-18241.000,-17834.245,-406.755,-393.475,-13.279,0
313.000,E27,259513.000,9695.000,10099.822,-404.822,-393.475,-11.347,0
313.000,E33,259513.000,-23815.000,-23427.090,-387.910,-393.475,5.566,0
313.000,G02,259513.000,-10214.000,-9828.105,-385.895,-393.475,7.581,0
313.000,G06,259513.000,-367.000,18.762,-385.762,-393.475,7.713,0
313.000,G07,259513.000,-2347.000,-1954.313,-392.687,-393.475,0.788,0
313.000,G09,259513.000,21231.000,21626.882,-395.882,-393.475,-2.406,0
313.000,G11,259513.000,-19569.000,-19184.305,-384.695,-393.475,8.780,0
313.000,G13,259513.000,-14617.000,-14215.839,-401.161,-393.475,-7.685,0
313.000,G15,259513.000,-9925.000,-9521.665,-403.335,-393.475,-9.860,0
313.000,G20,259513.000,10711.000,11097.721,-386.721,-393.475,6.754,0
313.000,G22,259513.000,-8736.000,-8338.244,-397.756,-393.475,-4.281,0
313.000,G30,259513.000,-7474.000,-7081.348,-392.652,-393.475,0.824,0
314.000,E04,259514.000,-17761.000,-17355.329,-405.671,-393.225,-12.446,0
314.000,E12,259514.000,3851.000,4240.395,-389.395,-393.225,3.830,0
314.000,E19,259514.000,4191.000,4584.998,-393.998,-393.225,-0.773,0
314.000,E21,259514.000,-18246.000,-17839.467,-406.533,-393.225,-13.308,0
314.000,E27,259514.000,9684.000,10088.739,-404.739,-393.225,-11.514,0
314.000,E33,259514.000,-23857.000,-23469.211,-387.789,-393.225,5.436,0
314.000,G02,259514.000,-10261.000,-9874.914,-386.086,-393.225,7.139,0
314.000,G06,259514.000,-414.000,-28.175,-385.825,-393.225,7.400,0
314.000,G07,259514.000,-2381.000,-1988.548,-392.452,-393.225,0.773,0
314.000,G09,259514.000,21202.000,21597.567,-395.567,-393.225,-2.342,0
314.000,G11,259514.000,-19618.000,-19232.479,-385.521,-393.225,7.704,0
314.000,G13,259514.000,-14633.000,-14231.830,-401.170,-393.225,-7.945,0
314.000,G15,259514.000,-9937.000,-9533.290,-403.710,-393.225,-10.485,0
314.000,G20,259514.000,10664.000,11049.713,-385.713,-393.225,7.512,0
314.000,G22,259514.000,-8758.000,-8360.663,-397.337,-393.225,-4.112,0
314.000,G30,259514.000,-7507.000,-7114.817,-392.183,-393.225,1.042,0
315.000,E04,259515.000,-17767.000,-17361.632,-405.368,-392.971,-12.397,0
315.000,E12,259515.000,3810.000,4199.707,-389.707,-392.971,3.264,0
315.000,E19,259515.000,4159.000,4552.722,-393.722,-392.971,-0.751,0
315.000,E21,259515.000,-18251.000,-17844.673,-406.327,-392.971,-13.356,0
315.000,E27,259515.000,9673.000,10077.645,-404.645,-392.971,-11.674,0
315.000,E33,259515.000,-23899.000,-23511.284,-387.716,-392.971,5.255,0
315.000,G02,259515.000,-10307.000,-9921.704,-385.296,-392.971,7.675,0
315.000,G06,259515.000,-461.000,-75.116,-385.884,-392.971,7.087,0
315.000,G07,259515.000,-2415.000,-2022.780,-392.220,-392.971,0.751,0
315.000,G09,259515.000,21173.000,21568.219,-395.219,-392.971,-2.248,0
315.000,G11,259515.000,-19665.000,-19280.607,-384.393,-392.971,8.578,0
315.000,G13,259515.000,-14649.000,-14247.809,-401.191,-392.971,-8.220,0
315.000,G15,259515.000,-9948.000,-9544.912,-403.088,-392.971,-10.116,0
315.000,G20,259515.000,10616.000,11001.674,-385.674,-392.971,7.297,0
315.000,G22,259515.000,-8781.000,-8383.060,-397.940,-392.971,-4.969,0
315.000,G30,259515.000,-7540.000,-7148.273,-391.727,-392.971,1.244,0
316.000,E04,259516.000,-17773.000,-17367.925,-405.075,-392.859,-12.217,0
316.000,E12,259516.000,3770.000,4159.007,-389.007,-392.859,3.852,0
316.000,E19,259516.000,4127.000,4520.435,-393.435,-392.859,-0.576,0
316.000,E21,259516.000,-18256.000,-17849.865,-406.135,-392.859,-13.277,0
316.000,E27,259516.000,9663.000,10066.539,-403.539,-392.859,-10.681,0
316.000,E33,259516.000,-23941.000,-23553.309,-387.691,-392.859,5.168,0
316.000,G02,259516.000,-10354.000,-9968.476,-385.524,-392.859,7.334,0
316.000,G06,259516.000,-507.000,-122.062,-384.938,-392.859,7.921,0
316.000,G07,259516.000,-2449.000,-2057.007,-391.993,-392.859,0.866,0
316.000,G09,259516.000,21144.000,21538.837,-394.837,-392.859,-1.978,0
316.000,G11,259516.000,-19713.000,-19328.691,-384.309,-392.859,8.549,0
316.000,G13,259516.000,-14664.000,-14263.778,-400.222,-392.859,-7.363,0
316.000,G15,259516.000,-9959.000,-9556.532,-402.468,-392.859,-9.609,0
316.000,G20,259516.000,10568.000,10953.607,-385.607,-392.859,7.252,0
316.000,G22,259516.000,-8803.000,-8405.436,-397.564,-392.859,-4.706,0
316.000,G30,259516.000,-7574.000,-7181.718,-392.282,-392.859,0.576,0
317.000,E04,259517.000,-17780.000,-17374.207,-405.793,-392.994,-12.799,0
317.000,E12,259517.000,3729.000,4118.294,-389.294,-392.994,3.700,0
317.000,E19,259517.000,4094.000,4488.138,-394.138,-392.994,-1.144,0
317.000,E21,259517.000,-18261.000,-17855.041,-405.959,-392.994,-12.965,0
317.000,E27,259517.000,9651.000,10055.423,-404.423,-392.994,-11.429,0
317.000,E33,259517.000,-23983.000,-23595.286,-387.714,-392.994,5.280,0
317.000,G02,259517.000,-10401.000,-10015.229,-385.771,-392.994,7.222,0
317.000,G06,259517.000,-554.000,-169.013,-384.987,-392.994,8.007,0
317.000,G07,259517.000,-2483.000,-2091.231,-391.769,-392.994,1.225,0
317.000,G09,259517.000,21114.000,21509.420,-395.420,-392.994,-2.427,0
317.000,G11,259517.000,-19762.000,-19376.729,-385.271,-392.994,7.723,0
317.000,G13,259517.000,-14681.000,-14279.737,-401.263,-392.994,-8.270,0
317.000,G15,259517.000,-9971.000,-9568.150,-402.850,-392.994,-9.856,0
317.000,G20,259517.000,10520.000,10905.509,-385.509,-392.994,7.485,0
317.000,G22,259517.000,-8825.000,-8427.789,-397.211,-392.994,-4.217,0
317.000,G30,259517.000,-7607.000,-7215.150,-391.850,-392.994,1.144,0
318.000,E04,259518.000,-17786.000,-17380.479,-405.521,-393.130,-12.391,0
318.000,E12,259518.000,3688.000,4077.568,-389.568,-393.130,3.562,0
318.000,E19,259518.000,4062.000,4455.830,-393.830,-393.130,-0.700,0
318.000,E21,259518.000,-18266.000,-17860.203,-405.797,-393.130,-12.667,0
318.000,E27,259518.000,9640.000,10044.294,-404.294,-393.130,-11.164,0
318.000,E33,259518.000,-24025.000,-23637.216,-387.784,-393.130,5.345,0
318.000,G02,259518.000,-10448.000,-10061.963,-386.037,-393.130,7.093,0
318.000,G06,259518.000,-601.000,-215.969,-385.031,-393.130,8.098,0
318.000,G07,259518.000,-2517.000,-2125.451,-391.549,-393.130,1.581,0
318.000,G09,259518.000,21085.000,21479.970,-394.970,-393.130,-1.841,0
318.000,G11,259518.000,-19810.000,-19424.722,-385.278,-393.130,7.851,0
318.000,G13,259518.000,-14697.000,-14295.684,-401.316,-393.130,-8.186,0
318.000,G15,259518.000,-9983.000,-9579.765,-403.235,-393.130,-10.106,0
318.000,G20,259518.000,10471.000,10857.382,-386.382,-393.130,6.748,0
318.000,G22,259518.000,-8848.000,-8450.121,-397.879,-393.130,-4.750,0
318.000,G30,259518.000,-7641.000,-7248.571,-392.429,-393.130,0.700,0
319.000,E04,259519.000,-17793.000,-17386.741,-406.259,-392.923,-13.336,0
319.000,E12,259519.000,3647.000,4036.829,-389.829,-392.923,3.093,0
319.000,E19,259519.000,4030.000,4423.512,-393.512,-392.923,-0.589,0
319.000,E21,259519.000,-18271.000,-17865.350,-405.650,-392.923,-12.728,0
319.000,E27,259519.000,9629.000,10033.155,-404.155,-392.923,-11.232,0
319.000,E33,259519.000,-24067.000,-23679.097,-387.903,-392.923,5.020,0
319.000,G02,259519.000,-10494.000,-10108.677,-385.323,-392.923,7.600,0
319.000,G06,259519.000,-648.000,-262.929,-385.071,-392.923,7.851,0
319.000,G07,259519.000,-2552.000,-2159.667,-392.333,-392.923,0.589,0
319.000,G09,259519.000,21055.000,21450.486,-395.486,-392.923,-2.564,0
319.000,G11,259519.000,-19858.000,-19472.669,-385.331,-392.923,7.592,0
319.000,G13,259519.000,-14713.000,-14311.621,-401.379,-392.923,-8.456,0
319.000,G15,259519.000,-9995.000,-9591.377,-403.623,-392.923,-10.700,0
319.000,G20,259519.000,10423.000,10809.225,-386.225,-392.923,6.697,0
319.000,G22,259519.000,-8870.000,-8472.430,-397.570,-392.923,-4.647,0
319.000,G30,259519.000,-7674.000,-7281.979,-392.021,-392.923,0.902,0
320.000,E04,259520.000,-17799.000,-17392.993,-406.007,-393.404,-12.603,0
320.000,E12,259520.000,3606.000,3996.078,-390.078,-393.404,3.326,0
320.000,E19,259520.000,3997.000,4391.183,-394.183,-393.404,-0.779,0
320.000,E21,259520.000,-18277.000,-17870.481,-406.519,-393.404,-13.114,0
320.000,E27,259520.000,9618.000,10022.003,-404.003,-393.404,-10.599,0
320.000,E33,259520.000,-24109.000,-23720.931,-388.069,-393.404,5.335,0
320.000,G02,259520.000,-10541.000,-10155.373,-385.627,-393.404,7.777,0
320.000,G06,259520.000,-696.000,-309.893,-386.107,-393.404,7.297,0
320.000,G07,259520.000,-2586.000,-2193.878,-392.122,-393.404,1.282,0
320.000,G09,259520.000,21025.000,21420.969,-395.969,-393.404,-2.564,0
320.000,G11,259520.000,-19906.000,-19520.571,-385.429,-393.404,7.975,0
320.000,G13,259520.000,-14729.000,-14327.547,-401.453,-393.404,-8.048,0
320.000,G15,259520.000,-10006.000,-9602.986,-403.014,-393.404,-9.609,0
320.000,G20,259520.000,10375.000,10761.039,-386.039,-393.404,7.365,0
320.000,G22,259520.000,-8892.000,-8494.718,-397.282,-393.404,-3.878,0
320.000,G30,259520.000,-7708.000,-7315.375,-392.625,-393.404,0.779,0
321.000,E04,259521.000,-17805.000,-17399.235,-405.765,-393.043,-12.723,0
321.000,E12,259521.000,3565.000,3955.315,-390.315,-393.043,2.728,0
321.000,E19,259521.000,3965.000,4358.844,-393.844,-393.043,-0.801,0
321.000,E21,259521.000,-18282.000,-17875.598,-406.402,-393.043,-13.359,0
321.000,E27,259521.000,9606.000,10010.841,-404.841,-393.043,-11.798,0
321.000,E33,259521.000,-24151.000,-23762.717,-388.283,-393.043,4.760,0
321.000,G02,259521.000,-10588.000,-10202.050,-385.950,-393.043,7.093,0
321.000,G06,259521.000,-743.000,-356.862,-386.138,-393.043,6.905,0
321.000,G07,259521.000,-2620.000,-2228.086,-391.914,-393.043,1.129,0
321.000,G09,259521.000,20996.000,21391.417,-395.417,-393.043,-2.374,0
321.000,G11,259521.000,-19954.000,-19568.427,-385.573,-393.043,7.470,0
321.000,G13,259521.000,-14745.000,-14343.463,-401.537,-393.043,-8.494,0
321.000,G15,259521.000,-10018.000,-9614.594,-403.406,-393.043,-10.364,0
321.000,G20,259521.000,10327.000,10712.824,-385.824,-393.043,7.219,0
321.000,G22,259521.000,-8915.000,-8516.984,-398.016,-393.043,-4.973,0
321.000,G30,259521.000,-7741.000,-7348.759,-392.241,-393.043,0.801,0
322.000,E04,259522.000,-17811.000,-17405.466,-405.534,-393.682,-11.852,0
322.000,E12,259522.000,3525.000,3914.539,-389.539,-393.682,4.144,0
322.000,E19,259522.000,3932.000,4326.495,-394.495,-393.682,-0.813,0
322.000,E21,259522.000,-18287.000,-17880.700,-406.300,-393.682,-12.618,0
322.000,E27,259522.000,9595.000,9999.667,-404.667,-393.682,-10.985,0
322.000,E33,259522.000,-24193.000,-23804.454,-388.546,-393.682,5.137,0
322.000,G02,259522.000,-10635.000,-10248.708,-386.292,-393.682,7.391,0
322.000,G06,259522.000,-790.000,-403.835,-386.165,-393.682,7.517,0
322.000,G07,259522.000,-2654.000,-2262.289,-391.711,-393.682,1.972,0
322.000,G09,259522.000,20966.000,21361.832,-395.832,-393.682,-2.150,0
322.000,G11,259522.000,-20002.000,-19616.238,-385.762,-393.682,7.921,0
322.000,G13,259522.000,-14761.000,-14359.368,-401.632,-393.682,-7.950,0
322.000,G15,259522.000,-10030.000,-9626.198,-403.802,-393.682,-10.120,0
322.000,G20,259522.000,10278.000,10664.580,-386.580,-393.682,7.103,0
322.000,G22,259522.000,-8937.000,-8539.227,-397.773,-393.682,-4.090,0
322.000,G30,259522.000,-7775.000,-7382.130,-392.870,-393.682,0.813,0
323.000,E04,259523.000,-17817.000,-17411.687,-405.313,-392.823,-12.490,0
323.000,E12,259523.000,3484.000,3873.751,-389.751,-392.823,3.073,0
323.000,E19,259523.000,3901.000,4294.136,-393.136,-392.823,-0.312,0
323.000,E21,259523.000,-18292.000,-17885.787,-406.213,-392.823,-13.390,0
323.000,E27,259523.000,9584.000,9988.482,-404.482,-392.823,-11.659,0
323.000,E33,259523.000,-24234.000,-23846.144,-387.856,-392.823,4.967,0
323.000,G02,259523.000,-10681.000,-10295.347,-385.653,-392.823,7.170,0
323.000,G06,259523.000,-836.000,-450.812,-385.188,-392.823,7.635,0
323.000,G07,259523.000,-2688.000,-2296.488,-391.512,-392.823,1.311,0
323.000,G09,259523.000,20937.000,21332.213,-395.213,-392.823,-2.390,0
323.000,G11,259523.000,-20049.000,-19664.003,-384.997,-392.823,7.826,0
323.000,G13,259523.000,-14776.000,-14375.262,-400.738,-392.823,-7.915,0
323.000,G15,259523.000,-10041.000,-9637.800,-403.200,-392.823,-10.377,0
323.000,G20,259523.000,10231.000,10616.307,-385.307,-392.823,7.517,0
323.000,G22,259523.000,-8959.000,-8561.449,-397.551,-392.823,-4.728,0
323.000,G30,259523.000,-7808.000,-7415.489,-392.511,-392.823,0.312,0
324.000,E04,259524.000,-17824.000,-17417.898,-406.102,-392.965,-13.137,0
324.000,E12,259524.000,3444.000,3832.950,-388.950,-392.965,4.015,0
324.000,E19,259524.000,3868.000,4261.766,-393.766,-392.965,-0.801,0
324.000,E21,259524.000,-18297.000,-17890.859,-406.141,-392.965,-13.176,0
324.000,E27,259524.000,9573.000,9977.285,-404.285,-392.965,-11.320,0
324.000,E33,259524.000,-24276.000,-23887.785,-388.215,-392.965,4.750,0
324.000,G02,259524.000,-10727.000,-10341.966,-385.034,-392.965,7.931,0
324.000,G06,259524.000,-883.000,-497.792,-385.208,-392.965,7.757,0
324.000,G07,259524.000,-2722.000,-2330.683,-391.317,-392.965,1.648,0
324.000,G09,259524.000,20908.000,21302.561,-394.561,-392.965,-1.596,0
324.000,G11,259524.000,-20097.000,-19711.722,-385.278,-392.965,7.687,0
324.000,G13,259524.000,-14792.000,-14391.145,-400.855,-392.965,-7.890,0
324.000,G15,259524.000,-10052.000,-9649.399,-402.601,-392.965,-9.636,0
324.000,G20,259524.000,10182.000,10568.004,-386.004,-392.965,6.961,0
324.000,G22,259524.000,-8981.000,-8583.649,-397.351,-392.965,-4.387,0
324.000,G30,259524.000,-7841.000,-7448.836,-392.164,-392.965,0.801,0
325.000,E04,259525.000,-17830.000,-17424.098,-405.902,-393.608,-12.294,0
325.000,E12,259525.000,3402.000,3792.138,-390.138,-393.608,3.470,0
325.000,E19,259525.000,3835.000,4229.386,-394.386,-393.608,-0.778,0
325.000,E21,259525.000,-18302.000,-17895.916,-406.084,-393.608,-12.476,0
325.000,E27,259525.000,9562.000,9966.077,-404.077,-393.608,-10.469,0
325.000,E33,259525.000,-24318.000,-23929.378,-388.622,-393.608,4.986,0
325.000,G02,259525.000,-10774.000,-10388.566,-385.434,-393.608,8.174,0
325.000,G06,259525.000,-931.000,-544.777,-386.223,-393.608,7.385,0
325.000,G07,259525.000,-2757.000,-2364.873,-392.127,-393.608,1.481,0
325.000,G09,259525.000,20877.000,21272.874,-395.874,-393.608,-2.266,0
325.000,G11,259525.000,-20145.000,-19759.395,-385.605,-393.608,8.003,0
325.000,G13,259525.000,-14808.000,-14407.018,-400.982,-393.608,-7.374,0
325.000,G15,259525.000,-10064.000,-9660.995,-403.005,-393.608,-9.397,0
325.000,G20,259525.000,10134.000,10519.673,-385.673,-393.608,7.935,0
325.000,G22,259525.000,-9004.000,-8605.826,-398.174,-393.608,-4.566,0
325.000,G30,259525.000,-7875.000,-7482.170,-392.830,-393.608,0.778,0
326.000,E04,259526.000,-17836.000,-17430.288,-405.712,-393.252,-12.459,0
326.000,E12,259526.000,3362.000,3751.313,-389.313,-393.252,3.939,0
326.000,E19,259526.000,3803.000,4196.996,-393.996,-393.252,-0.744,0
326.000,E21,259526.000,-18307.000,-17900.958,-406.042,-393.252,-12.790,0
326.000,E27,259526.000,9551.000,9954.858,-403.858,-393.252,-10.606,0
326.000,E33,259526.000,-24359.000,-23970.923,-388.077,-393.252,5.175,0
326.000,G02,259526.000,-10821.000,-10435.146,-385.854,-393.252,7.398,0
326.000,G06,259526.000,-977.000,-591.765,-385.235,-393.252,8.017,0
326.000,G07,259526.000,-2791.000,-2399.059,-391.941,-393.252,1.311,0
326.000,G09,259526.000,20848.000,21243.154,-395.154,-393.252,-1.902,0
326.000,G11,259526.000,-20192.000,-19807.022,-384.978,-393.252,8.274,0
326.000,G13,259526.000,-14824.000,-14422.879,-401.121,-393.252,-7.869,0
326.000,G15,259526.000,-10076.000,-9672.589,-403.411,-393.252,-10.159,0
326.000,G20,259526.000,10085.000,10471.314,-386.314,-393.252,6.938,0
326.000,G22,259526.000,-9026.000,-8627.981,-398.019,-393.252,-4.767,0
326.000,G30,259526.000,-7908.000,-7515.492,-392.508,-393.252,0.744,0
327.000,E04,259527.000,-17842.000,-17436.469,-405.531,-392.897,-12.634,0
327.000,E12,259527.000,3321.000,3710.476,-389.476,-392.897,3.421,0
327.000,E19,259527.000,3771.000,4164.596,-393.596,-392.897,-0.699,0
327.000,E21,259527.000,-18312.000,-17905.986,-406.014,-392.897,-13.117,0
327.000,E27,259527.000,9539.000,9943.628,-404.628,-392.897,-11.730,0
327.000,E33,259527.000,-24401.000,-24012.420,-388.580,-392.897,4.317,0
327.000,G02,259527.000,-10867.000,-10481.707,-385.293,-392.897,7.604,0
327.000,G06,259527.000,-1024.000,-638.757,-385.243,-392.897,7.654,0
327.000,G07,259527.000,-2825.000,-2433.241,-391.759,-392.897,1.138,0
327.000,G09,259527.000,20818.000,21213.401,-395.401,-392.897,-2.503,0
327.000,G11,259527.000,-20240.000,-19854.603,-385.397,-392.897,7.500,0
327.000,G13,259527.000,-14840.000,-14438.730,-401.270,-392.897,-8.372,0
327.000,G15,259527.000,-10087.000,-9684.180,-402.820,-392.897,-9.922,0
327.000,G20,259527.000,10037.000,10422.925,-385.925,-392.897,6.972,0
327.000,G22,259527.000,-9048.000,-8650.114,-397.886,-392.897,-4.988,0
327.000,G30,259527.000,-7941.000,-7548.801,-392.199,-392.897,0.699,0
328.000,E04,259528.000,-17849.000,-17442.638,-406.362,-393.544,-12.818,0
328.000,E12,259528.000,3280.000,3669.628,-389.628,-393.544,3.916,0
328.000,E19,259528.000,3738.000,4132.186,-394.186,-393.544,-0.642,0
328.000,E21,259528.000,-18317.000,-17910.998,-406.002,-393.544,-12.458,0
328.000,E27,259528.000,9528.000,9932.386,-404.386,-393.544,-10.841,0
328.000,E33,259528.000,-24442.000,-24053.868,-388.132,-393.544,5.412,0
328.000,G02,259528.000,-10914.000,-10528.247,-385.753,-393.544,7.791,0
328.000,G06,259528.000,-1072.000,-685.752,-386.248,-393.544,7.296,0
328.000,G07,259528.000,-2860.000,-2467.418,-392.582,-393.544,0.962,0
328.000,G09,259528.000,20788.000,21183.613,-395.613,-393.544,-2.069,0
328.000,G11,259528.000,-20288.000,-19902.137,-385.863,-393.544,7.682,0
328.000,G13,259528.000,-14856.000,-14454.570,-401.430,-393.544,-7.885,0
328.000,G15,259528.000,-10099.000,-9695.768,-403.232,-393.544,-9.687,0
328.000,G20,259528.000,9988.000,10374.508,-386.508,-393.544,7.036,0
328.000,G22,259528.000,-9070.000,-8672.225,-397.775,-393.544,-4.230,0
328.000,G30,259528.000,-7975.000,-7582.098,-392.902,-393.544,0.642,0
329.000,E04,259529.000,-17854.000,-17448.798,-405.202,-393.192,-12.010,0
329.000,E12,259529.000,3239.000,3628.768,-389.768,-393.192,3.425,0
329.000,E19,259529.000,3706.000,4099.766,-393.766,-393.192,-0.574,0
329.000,E21,259529.000,-18322.000,-17915.996,-406.004,-393.192,-12.812,0
329.000,E27,259529.000,9517.000,9921.132,-404.132,-393.192,-10.940,0
329.000,E33,259529.000,-24483.000,-24095.268,-387.732,-393.192,5.460,0
329.000,G02,259529.000,-10960.000,-10574.768,-385.232,-393.192,7.960,0
329.000,G06,259529.000,-1118.000,-732.751,-385.249,-393.192,7.943,0
329.000,G07,259529.000,-2893.000,-2501.590,-391.410,-393.192,1.782,0
329.000,G09,259529.000,20759.000,21153.793,-394.793,-393.192,-1.600,0
329.000,G11,259529.000,-20335.000,-19949.626,-385.374,-393.192,7.818,0
329.000,G13,259529.000,-14871.000,-14470.398,-400.602,-393.192,-7.410,0
329.000,G15,259529.000,-10110.000,-9707.354,-402.646,-393.192,-9.453,0
329.000,G20,259529.000,9940.000,10326.063,-386.063,-393.192,7.129,0
329.000,G22,259529.000,-9092.000,-8694.314,-397.686,-393.192,-4.494,0
329.000,G30,259529.000,-8008.000,-7615.382,-392.618,-393.192,0.574,0
330.000,E04,259530.000,-17861.000,-17454.947,-406.053,-393.342,-12.711,0
330.000,E12,259530.000,3198.000,3587.896,-389.896,-393.342,3.446,0
330.000,E19,259530.000,3673.000,4067.336,-394.336,-393.342,-0.994,0
330.000,E21,259530.000,-18327.000,-17920.978,-406.022,-393.342,-12.680,0
330.000,E27,259530.000,9506.000,9909.867,-403.867,-393.342,-10.526,0
330.000,E33,259530.000,-24525.000,-24136.619,-388.381,-393.342,4.961,0
330.000,G02,259530.000,-11007.000,-10621.268,-385.732,-393.342,7.610,0
330.000,G06,259530.000,-1165.000,-779.753,-385.247,-393.342,8.094,0
330.000,G07,259530.000,-2928.000,-2535.757,-392.243,-393.342,1.099,0
330.000,G09,259530.000,20729.000,21123.938,-394.938,-393.342,-1.597,0
330.000,G11,259530.000,-20382.000,-19997.068,-384.932,-393.342,8.409,0
330.000,G13,259530.000,-14887.000,-14486.216,-400.784,-393.342,-7.442,0
330.000,G15,259530.000,-10122.000,-9718.937,-403.063,-393.342,-9.721,0
330.000,G20,259530.000,9892.000,10277.590,-385.590,-393.342,7.752,0
330.000,G22,259530.000,-9114.000,-8716.381,-397.619,-393.342,-4.278,0
330.000,G30,259530.000,-8041.000,-7648.653,-392.347,-393.342,0.994,0
331.000,E04,259531.000,-17867.000,-17461.086,-405.914,-393.493,-12.421,0
331.000,E12,259531.000,3157.000,3547.012,-390.012,-393.493,3.481,0
331.000,E19,259531.000,3641.000,4034.896,-393.896,-393.493,-0.404,0
331.000,E21,259531.000,-18332.000,-17925.946,-406.054,-393.493,-12.561,0
331.000,E27,259531.000,9494.000,9898.591,-404.591,-393.493,-11.099,0
331.000,E33,259531.000,-24567.000,-24177.922,-389.078,-393.493,4.414,0
331.000,G02,259531.000,-11054.000,-10667.749,-386.251,-393.493,7.241,0
331.000,G06,259531.000,-1213.000,-826.758,-386.242,-393.493,7.250,0
331.000,G07,259531.000,-2962.000,-2569.920,-392.080,-393.493,1.413,0
331.000,G09,259531.000,20699.000,21094.050,-395.050,-393.493,-1.558,0
331.000,G11,259531.000,-20430.000,-20044.463,-385.537,-393.493,7.956,0
331.000,G13,259531.000,-14903.000,-14502.024,-400.976,-393.493,-7.484,0
331.000,G15,259531.000,-10134.000,-9730.518,-403.482,-393.493,-9.990,0
331.000,G20,259531.000,9843.000,10229.088,-386.088,-393.493,7.404,0
331.000,G22,259531.000,-9136.000,-8738.425,-397.575,-393.493,-4.083,0
331.000,G30,259531.000,-8075.000,-7681.911,-393.089,-393.493,0.404,0
332.000,E04,259532.000,-17873.000,-17467.215,-405.785,-393.645,-12.140,0
332.000,E12,259532.000,3116.000,3506.117,-390.117,-393.645,3.528,0
332.000,E19,259532.000,3608.000,4002.447,-394.447,-393.645,-0.802,0
332.000,E21,259532.000,-18337.000,-17930.899,-406.101,-393.645,-12.456,0
332.000,E27,259532.000,9483.000,9887.304,-404.304,-393.645,-10.659,0
332.000,E33,259532.000,-24608.000,-24219.176,-388.824,-393.645,4.821,0
332.000,G02,259532.000,-11100.000,-10714.209,-385.791,-393.645,7.854,0
332.000,G06,259532.000,-1260.000,-873.765,-386.235,-393.645,7.410,0
332.000,G07,259532.000,-2996.000,-2604.079,-391.921,-393.645,1.724,0
332.000,G09,259532.000,20669.000,21064.129,-395.129,-393.645,-1.484,0
332.000,G11,259532.000,-20477.000,-20091.812,-385.188,-393.645,8.457,0
332.000,G13,259532.000,-14919.000,-14517.820,-401.180,-393.645,-7.535,0
332.000,G15,259532.000,-10146.000,-9742.095,-403.905,-393.645,-10.260,0
332.000,G20,259532.000,9795.000,10180.558,-385.558,-393.645,8.087,0
332.000,G22,259532.000,-9158.000,-8760.446,-397.554,-393.645,-3.909,0
332.000,G30,259532.000,-8108.000,-7715.157,-392.843,-393.645,0.802,0
333.000,E04,259533.000,-17879.000,-17473.334,-405.666,-393.299,-12.367,0
333.000,E12,259533.000,3076.000,3465.210,-389.210,-393.299,4.089,0
333.000,E19,259533.000,3576.000,3969.987,-393.987,-393.299,-0.689,0
333.000,E21,259533.000,-18342.000,-17935.837,-406.163,-393.299,-12.864,0
333.000,E27,259533.000,9472.000,9876.005,-404.005,-393.299,-10.706,0
333.000,E33,259533.000,-24649.000,-24260.381,-388.619,-393.299,4.680,0
333.000,G02,259533.000,-11146.000,-10760.648,-385.352,-393.299,7.947,0
333.000,G06,259533.000,-1306.000,-920.776,-385.224,-393.299,8.075,0
333.000,G07,259533.000,-3030.000,-2638.232,-391.768,-393.299,1.531,0
333.000,G09,259533.000,20639.000,21034.174,-395.174,-393.299,-1.875,0
333.000,G11,259533.000,-20525.000,-20139.115,-385.885,-393.299,7.413,0
333.000,G13,259533.000,-14935.000,-14533.606,-401.394,-393.299,-8.095,0
333.000,G15,259533.000,-10157.000,-9753.670,-403.330,-393.299,-10.031,0
333.000,G20,259533.000,9746.000,10132.001,-386.001,-393.299,7.298,0
333.000,G22,259533.000,-9180.000,-8782.446,-397.554,-393.299,-4.255,0
333.000,G30,259533.000,-8141.000,-7748.390,-392.610,-393.299,0.689,0
334.000,E04,259534.000,-17885.000,-17479.440,-405.560,-392.954,-12.606,0
334.000,E12,259534.000,3035.000,3424.292,-389.292,-392.954,3.662,0
334.000,E19,259534.000,3544.000,3937.518,-393.518,-392.954,-0.564,0
334.000,E21,259534.000,-18347.000,-17940.761,-406.239,-392.954,-13.285,0
334.000,E27,259534.000,9461.000,9864.695,-403.695,-392.954,-10.741,0
334.000,E33,259534.000,-24690.000,-24301.538,-388.462,-392.954,4.492,0
334.000,G02,259534.000,-11193.000,-10807.067,-385.933,-392.954,7.022,0
334.000,G06,259534.000,-1353.000,-967.790,-385.210,-392.954,7.744,0
334.000,G07,259534.000,-3064.000,-2672.380,-391.620,-392.954,1.335,0
334.000,G09,259534.000,20609.000,21004.186,-395.186,-392.954,-2.231,0
334.000,G11,259534.000,-20571.000,-20186.370,-384.630,-392.954,8.325,0
334.000,G13,259534.000,-14950.000,-14549.381,-400.619,-392.954,-7.664,0
334.000,G15,259534.000,-10168.000,-9765.242,-402.758,-392.954,-9.803,0
334.000,G20,259534.000,9698.000,10083.415,-385.415,-392.954,7.539,0
334.000,G22,259534.000,-9202.000,-8804.423,-397.577,-392.954,-4.623,0
334.000,G30,259534.000,-8174.000,-7781.609,-392.391,-392.954,0.564,0
335.000,E04,259535.000,-17891.000,-17485.538,-405.462,-393.112,-12.350,0
335.000,E12,259535.000,2994.000,3383.363,-389.363,-393.112,3.749,0
335.000,E19,259535.000,3511.000,3905.040,-394.040,-393.112,-0.928,0
335.000,E21,259535.000,-18352.000,-17945.669,-406.331,-393.112,-13.219,0
335.000,E27,259535.000,9449.000,9853.374,-404.374,-393.112,-11.262,0
335.000,E33,259535.000,-24731.000,-24342.646,-388.354,-393.112,4.758,0
335.000,G02,259535.000,-11239.000,-10853.466,-385.534,-393.112,7.578,0
335.000,G06,259535.000,-1400.000,-1014.806,-385.194,-393.112,7.918,0
335.000,G07,259535.000,-3098.000,-2706.524,-391.476,-393.112,1.636,0
335.000,G09,259535.000,20579.000,20974.164,-395.164,-393.112,-2.052,0
335.000,G11,259535.000,-20619.000,-20233.579,-385.421,-393.112,7.691,0
335.000,G13,259535.000,-14966.000,-14565.145,-400.855,-393.112,-7.743,0
335.000,G15,259535.000,-10180.000,-9776.812,-403.188,-393.112,-10.077,0
335.000,G20,259535.000,9649.000,10034.802,-385.802,-393.112,7.310,0
335.000,G22,259535.000,-9224.000,-8826.378,-397.622,-393.112,-4.511,0
335.000,G30,259535.000,-8207.000,-7814.816,-392.184,-393.112,0.928,0
336.000,E04,259536.000,-17897.000,-17491.626,-405.374,-392.771,-12.604,0
336.000,E12,259536.000,2953.000,3342.422,-389.422,-392.771,3.348,0
336.000,E19,259536.000,3479.000,3872.551,-393.551,-392.771,-0.781,0
336.000,E21,259536.000,-18356.000,-17950.563,-405.437,-392.771,-12.667,0
336.000,E27,259536.000,9438.000,9842.041,-404.041,-392.771,-11.270,0
336.000,E33,259536.000,-24772.000,-24383.705,-388.295,-392.771,4.476,0
336.000,G02,259536.000,-11285.000,-10899.844,-385.156,-392.771,7.614,0
336.000,G06,259536.000,-1447.000,-1061.825,-385.175,-392.771,7.595,0
336.000,G07,259536.000,-3132.000,-2740.663,-391.337,-392.771,1.433,0
336.000,G09,259536.000,20549.000,20944.109,-395.109,-392.771,-2.339,0
336.000,G11,259536.000,-20666.000,-20280.741,-385.259,-392.771,7.511,0
336.000,G13,259536.000,-14982.000,-14580.898,-401.102,-392.771,-8.331,0
336.000,G15,259536.000,-10191.000,-9788.378,-402.622,-392.771,-9.851,0
336.000,G20,259536.000,9601.000,9986.161,-385.161,-392.771,7.609,0
336.000,G22,259536.000,-9246.000,-8848.310,-397.690,-392.771,-4.919,0
336.000,G30,259536.000,-8240.000,-7848.010,-391.990,-392.771,0.781,0
337.000,E04,259537.000,-17903.000,-17497.703,-405.297,-392.431,-12.866,0
337.000,E12,259537.000,2912.000,3301.471,-389.471,-392.431,2.960,0
337.000,E19,259537.000,3447.000,3840.053,-393.053,-392.431,-0.622,0
337.000,E21,259537.000,-18361.000,-17955.442,-405.558,-392.431,-13.127,0
337.000,E27,259537.000,9427.000,9830.697,-403.697,-392.431,-11.266,0
337.000,E33,259537.000,-24813.000,-24424.716,-388.284,-392.431,4.147,0
337.000,G02,259537.000,-11332.000,-10946.201,-385.799,-392.431,6.632,0
337.000,G06,259537.000,-1494.000,-1108.846,-385.154,-392.431,7.277,0
337.000,G07,259537.000,-3166.000,-2774.796,-391.204,-392.431,1.227,0
337.000,G09,259537.000,20519.000,20914.021,-395.021,-392.431,-2.589,0
337.000,G11,259537.000,-20713.000,-20327.856,-385.144,-392.431,7.287,0
337.000,G13,259537.000,-14997.000,-14596.641,-400.359,-392.431,-7.928,0
337.000,G15,259537.000,-10203.000,-9799.942,-403.058,-392.431,-10.627,0
337.000,G20,259537.000,9552.000,9937.493,-385.493,-392.431,6.938,0
337.000,G22,259537.000,-9268.000,-8870.220,-397.780,-392.431,-5.349,0
337.000,G30,259537.000,-8273.000,-7881.191,-391.809,-392.431,0.622,0
338.000,E04,259538.000,-17909.000,-17503.770,-405.230,-393.094,-12.136,0
338.000,E12,259538.000,2871.000,3260.508,-389.508,-393.094,3.586,0
338.000,E19,259538.000,3414.000,3807.546,-393.546,-393.094,-0.452,0
338.000,E21,259538.000,-18366.000,-17960.306,-405.694,-393.094,-12.601,0
338.000,E27,259538.000,9415.000,9819.341,-404.341,-393.094,-11.248,0
338.000,E33,259538.000,-24854.000,-24465.677,-388.323,-393.094,4.771,0
338.000,G02,259538.000,-11378.000,-10992.537,-385.463,-393.094,7.631,0
338.000,G06,259538.000,-1541.000,-1155.870,-385.130,-393.094,7.963,0
338.000,G07,259538.000,-3201.000,-2808.924,-392.076,-393.094,1.018,0
338.000,G09,259538.000,20489.000,20883.899,-394.899,-393.094,-1.805,0
338.000,G11,259538.000,-20760.000,-20374.924,-385.076,-393.094,8.017,0
338.000,G13,259538.000,-15013.000,-14612.372,-400.628,-393.094,-7.534,0
338.000,G15,259538.000,-10214.000,-9811.503,-402.497,-393.094,-9.403,0
338.000,G20,259538.000,9503.000,9888.797,-385.797,-393.094,7.296,0
338.000,G22,259538.000,-9290.000,-8892.107,-397.893,-393.094,-4.799,0
338.000,G30,259538.000,-8307.000,-7914.359,-392.641,-393.094,0.452,0
339.000,E04,259539.000,-17916.000,-17509.827,-406.173,-393.258,-12.915,0
339.000,E12,259539.000,2830.000,3219.534,-389.534,-393.258,3.723,0
339.000,E19,259539.000,3381.000,3775.029,-394.029,-393.258,-0.771,0
339.000,E21,259539.000,-18371.000,-17965.155,-405.845,-393.258,-12.587,0
339.000,E27,259539.000,9404.000,9807.974,-403.974,-393.258,-10.717,0
339.000,E33,259539.000,-24895.000,-24506.590,-388.410,-393.258,4.848,0
339.000,G02,259539.000,-11425.000,-11038.852,-386.148,-393.258,7.110,0
339.000,G06,259539.000,-1588.000,-1202.895,-385.105,-393.258,8.153,0
339.000,G07,259539.000,-3235.000,-2843.048,-391.952,-393.258,1.306,0
339.000,G09,259539.000,20459.000,20853.743,-394.743,-393.258,-1.486,0
339.000,G11,259539.000,-20807.000,-20421.944,-385.056,-393.258,8.202,0
339.000,G13,259539.000,-15029.000,-14628.092,-400.908,-393.258,-7.650,0
339.000,G15,259539.000,-10226.000,-9823.062,-402.938,-393.258,-9.680,0
339.000,G20,259539.000,9454.000,9840.074,-386.074,-393.258,7.184,0
339.000,G22,259539.000,-9312.000,-8913.972,-398.028,-393.258,-4.770,0
339.000,G30,259539.000,-8340.000,-7947.513,-392.487,-393.258,0.771,0
340.000,E04,259540.000,-17922.000,-17515.874,-406.126,-393.924,-12.202,0
340.000,E12,259540.000,2788.000,3178.550,-390.550,-393.924,3.374,0
340.000,E19,259540.000,3348.000,3742.503,-394.503,-393.924,-0.579,0
340.000,E21,259540.000,-18377.000,-17969.989,-407.011,-393.924,-13.087,0
340.000,E27,259540.000,9392.000,9796.596,-404.596,-393.924,-10.672,0
340.000,E33,259540.000,-24937.000,-24547.453,-389.547,-393.924,4.377,0
340.000,G02,259540.000,-11472.000,-11085.146,-386.854,-393.924,7.070,0
340.000,G06,259540.000,-1636.000,-1249.923,-386.077,-393.924,7.847,0
340.000,G07,259540.000,-3270.000,-2877.166,-392.834,-393.924,1.090,0
340.000,G09,259540.000,20428.000,20823.555,-395.555,-393.924,-1.631,0
340.000,G11,259540.000,-20855.000,-20468.918,-386.082,-393.924,7.842,0
340.000,G13,259540.000,-15045.000,-14643.802,-401.198,-393.924,-7.274,0
340.000,G15,259540.000,-10238.000,-9834.617,-403.383,-393.924,-9.459,0
340.000,G20,259540.000,9405.000,9791.324,-386.324,-393.924,7.600,0
340.000,G22,259540.000,-9334.000,-8935.814,-398.186,-393.924,-4.262,0
340.000,G30,259540.000,-8374.000,-7980.655,-393.345,-393.924,0.579,0
341.000,E04,259541.000,-17928.000,-17521.911,-406.089,-393.092,-12.997,0
341.000,E12,259541.000,2748.000,3137.554,-389.554,-393.092,3.538,0
341.000,E19,259541.000,3316.000,3709.967,-393.967,-393.092,-0.875,0
341.000,E21,259541.000,-18381.000,-17974.809,-406.191,-393.092,-13.099,0
341.000,E27,259541.000,9381.000,9785.207,-404.207,-393.092,-11.115,0
341.000,E33,259541.000,-24977.000,-24588.268,-388.732,-393.092,4.360,0
341.000,G02,259541.000,-11517.000,-11131.419,-385.581,-393.092,7.511,0
341.000,G06,259541.000,-1683.000,-1296.953,-386.047,-393.092,7.045,0
341.000,G07,259541.000,-3303.000,-2911.279,-391.721,-393.092,1.371,0
341.000,G09,259541.000,20398.000,20793.333,-395.333,-393.092,-2.241,0
341.000,G11,259541.000,-20902.000,-20515.844,-386.156,-393.092,6.936,0
341.000,G13,259541.000,-15061.000,-14659.500,-401.500,-393.092,-8.408,0
341.000,G15,259541.000,-10250.000,-9846.170,-403.830,-393.092,-10.738,0
341.000,G20,259541.000,9357.000,9742.546,-385.546,-393.092,7.546,0
341.000,G22,259541.000,-9356.000,-8957.634,-398.366,-393.092,-5.274,0
341.000,G30,259541.000,-8406.000,-8013.783,-392.217,-393.092,0.875,0
342.000,E04,259542.000,-17934.000,-17527.937,-406.063,-392.762,-13.301,0
342.000,E12,259542.000,2707.000,3096.548,-389.548,-392.762,3.214,0
342.000,E19,259542.000,3284.000,3677.422,-393.422,-392.762,-0.660,0
342.000,E21,259542.000,-18386.000,-17979.614,-406.386,-392.762,-13.624,0
342.000,E27,259542.000,9370.000,9773.806,-403.806,-392.762,-11.044,0
342.000,E33,259542.000,-25018.000,-24629.033,-388.967,-392.762,3.795,0
342.000,G02,259542.000,-11564.000,-11177.670,-386.330,-392.762,6.432,0
342.000,G06,259542.000,-1730.000,-1343.984,-386.016,-392.762,6.747,0
342.000,G07,259542.000,-3337.000,-2945.386,-391.614,-392.762,1.148,0
342.000,G09,259542.000,20368.000,20763.078,-395.078,-392.762,-2.316,0
342.000,G11,259542.000,-20948.000,-20562.723,-385.277,-392.762,7.485,0
342.000,G13,259542.000,-15076.000,-14675.188,-400.812,-392.762,-8.050,0
342.000,G15,259542.000,-10261.000,-9857.720,-403.280,-392.762,-10.518,0
342.000,G20,259542.000,9308.000,9693.742,-385.742,-392.762,7.020,0
342.000,G22,259542.000,-9377.000,-8979.431,-397.569,-392.762,-4.807,0
342.000,G30,259542.000,-8439.000,-8046.897,-392.103,-392.762,0.660,0
343.000,E04,259543.000,-17940.000,-17533.953,-406.047,-393.434,-12.613,0
343.000,E12,259543.000,2666.000,3055.532,-389.532,-393.434,3.903,0
343.000,E19,259543.000,3251.000,3644.867,-393.867,-393.434,-0.433,0
343.000,E21,259543.000,-18391.000,-17984.404,-406.596,-393.434,-13.162,0
343.000,E27,259543.000,9358.000,9762.394,-404.394,-393.434,-10.960,0
343.000,E33,259543.000,-25059.000,-24669.750,-389.250,-393.434,4.184,0
343.000,G02,259543.000,-11610.000,-11223.900,-386.100,-393.434,7.335,0
343.000,G06,259543.000,-1777.000,-1391.018,-385.982,-393.434,7.452,0
343.000,G07,259543.000,-3372.000,-2979.488,-392.512,-393.434,0.922,0
343.000,G09,259543.000,20338.000,20732.790,-394.790,-393.434,-1.356,0
343.000,G11,259543.000,-20995.000,-20609.554,-385.446,-393.434,7.988,0
343.000,G13,259543.000,-15092.000,-14690.864,-401.136,-393.434,-7.701,0
343.000,G15,259543.000,-10273.000,-9869.267,-403.733,-393.434,-10.299,0
343.000,G20,259543.000,9259.000,9644.911,-385.911,-393.434,7.523,0
343.000,G22,259543.000,-9399.000,-9001.205,-397.795,-393.434,-4.361,0
343.000,G30,259543.000,-8473.000,-8079.999,-393.001,-393.434,0.433,0
344.000,E04,259544.000,-17946.000,-17539.959,-406.041,-393.108,-12.933,0
344.000,E12,259544.000,2625.000,3014.504,-389.504,-393.108,3.604,0
344.000,E19,259544.000,3219.000,3612.304,-393.304,-393.108,-0.195,0
344.000,E21,259544.000,-18395.000,-17989.179,-405.821,-393.108,-12.712,0
344.000,E27,259544.000,9347.000,9750.971,-403.971,-393.108,-10.862,0
344.000,E33,259544.000,-25099.000,-24710.417,-388.583,-393.108,4.525,0
344.000,G02,259544.000,-11656.000,-11270.109,-385.891,-393.108,7.217,0
344.000,G06,259544.000,-1823.000,-1438.053,-384.947,-393.108,8.161,0
344.000,G07,259544.000,-3406.000,-3013.585,-392.415,-393.108,0.693,0
344.000,G09,259544.000,20308.000,20702.469,-394.469,-393.108,-1.360,0
344.000,G11,259544.000,-21042.000,-20656.338,-385.662,-393.108,7.446,0
344.000,G13,259544.000,-15108.000,-14706.530,-401.470,-393.108,-8.362,0
344.000,G15,259544.000,-10284.000,-9880.812,-403.188,-393.108,-10.080,0
344.000,G20,259544.000,9210.000,9596.053,-386.053,-393.108,7.055,0
344.000,G22,259544.000,-9421.000,-9022.957,-398.043,-393.108,-4.935,0
344.000,G30,259544.000,-8506.000,-8113.087,-392.913,-393.108,0.195,0
345.000,E04,259545.000,-17952.000,-17545.954,-406.046,-393.285,-12.761,0
345.000,E12,259545.000,2584.000,2973.467,-389.467,-393.285,3.818,0
345.000,E19,259545.000,3186.000,3579.731,-393.731,-393.285,-0.446,0
345.000,E21,259545.000,-18400.000,-17993.940,-406.060,-393.285,-12.776,0
345.000,E27,259545.000,9335.000,9739.536,-404.536,-393.285,-11.251,0
345.000,E33,259545.000,-25140.000,-24751.035,-388.965,-393.285,4.319,0
345.000,G02,259545.000,-11702.000,-11316.296,-385.704,-393.285,7.580,0
345.000,G06,259545.000,-1871.000,-1485.089,-385.911,-393.285,7.374,0
345.000,G07,259545.000,-3440.000,-3047.675,-392.325,-393.285,0.960,0
345.000,G09,259545.000,20277.000,20672.114,-395.114,-393.285,-1.829,0
345.000,G11,259545.000,-21089.000,-20703.074,-385.926,-393.285,7.359,0
345.000,G13,259545.000,-15123.000,-14722.184,-400.816,-393.285,-7.531,0
345.000,G15,259545.000,-10296.000,-9892.353,-403.647,-393.285,-10.362,0
345.000,G20,259545.000,9161.000,9547.169,-386.169,-393.285,7.116,0
345.000,G22,259545.000,-9443.000,-9044.686,-398.314,-393.285,-5.029,0
345.000,G30,259545.000,-8539.000,-8146.162,-392.838,-393.285,0.446,0
346.000,E04,259546.000,-17958.000,-17551.940,-406.060,-392.963,-13.097,0
346.000,E12,259546.000,2543.000,2932.419,-389.419,-392.963,3.545,0
346.000,E19,259546.000,3154.000,3547.149,-393.149,-392.963,-0.186,0
346.000,E21,259546.000,-18405.000,-17998.685,-406.315,-392.963,-13.351,0
346.000,E27,259546.000,9324.000,9728.090,-404.090,-392.963,-11.127,0
346.000,E33,259546.000,-25180.000,-24791.603,-388.397,-392.963,4.566,0
346.000,G02,259546.000,-11748.000,-11362.461,-385.539,-392.963,7.424,0
346.000,G06,259546.000,-1917.000,-1532.127,-384.873,-392.963,8.090,0
346.000,G07,259546.000,-3474.000,-3081.760,-392.240,-392.963,0.724,0
346.000,G09,259546.000,20247.000,20641.727,-394.727,-392.963,-1.763,0
346.000,G11,259546.000,-21135.000,-20749.762,-385.238,-392.963,7.725,0
346.000,G13,259546.000,-15139.000,-14737.828,-401.172,-392.963,-8.209,0
346.000,G15,259546.000,-10307.000,-9903.892,-403.108,-392.963,-10.145,0
346.000,G20,259546.000,9113.000,9498.258,-385.258,-392.963,7.706,0
346.000,G22,259546.000,-9464.000,-9066.392,-397.608,-392.963,-4.645,0
346.000,G30,259546.000,-8572.000,-8179.223,-392.777,-392.963,0.186,0
347.000,E04,259547.000,-17964.000,-17557.915,-406.085,-393.144,-12.941,0
347.000,E12,259547.000,2502.000,2891.360,-389.360,-393.144,3.784,0
347.000,E19,259547.000,3121.000,3514.558,-393.558,-393.144,-0.414,0
347.000,E21,259547.000,-18410.000,-18003.416,-406.584,-393.144,-13.440,0
347.000,E27,259547.000,9312.000,9716.633,-404.633,-393.144,-11.489,0
347.000,E33,259547.000,-25221.000,-24832.122,-388.878,-393.144,4.266,0
347.000,G02,259547.000,-11795.000,-11408.604,-386.396,-393.144,6.748,0
347.000,G06,259547.000,-1965.000,-1579.166,-385.834,-393.144,7.310,0
347.000,G07,259547.000,-3508.000,-3115.840,-392.160,-393.144,0.984,0
347.000,G09,259547.000,20216.000,20611.306,-395.306,-393.144,-2.162,0
347.000,G11,259547.000,-21182.000,-20796.403,-385.597,-393.144,7.547,0
347.000,G13,259547.000,-15155.000,-14753.460,-401.540,-393.144,-8.396,0
347.000,G15,259547.000,-10319.000,-9915.427,-403.573,-393.144,-10.429,0
347.000,G20,259547.000,9064.000,9449.320,-385.320,-393.144,7.824,0
347.000,G22,259547.000,-9486.000,-9088.076,-397.924,-393.144,-4.780,0
347.000,G30,259547.000,-8605.000,-8212.270,-392.730,-393.144,0.414,0
348.000,E04,259548.000,-17970.000,-17563.879,-406.121,-393.327,-12.794,0
348.000,E12,259548.000,2461.000,2850.292,-389.292,-393.327,4.035,0
348.000,E19,259548.000,3088.000,3481.958,-393.958,-393.327,-0.631,0
348.000,E21,259548.000,-18414.000,-18008.133,-405.867,-393.327,-12.540,0
348.000,E27,259548.000,9301.000,9705.164,-404.164,-393.327,-10.837,0
348.000,E33,259548.000,-25261.000,-24872.592,-388.408,-393.327,4.919,0
348.000,G02,259548.000,-11841.000,-11454.725,-386.275,-393.327,7.052,0
348.000,G06,259548.000,-2012.000,-1626.206,-385.794,-393.327,7.533,0
348.000,G07,259548.000,-3542.000,-3149.915,-392.085,-393.327,1.242,0
348.000,G09,259548.000,20186.000,20580.852,-394.852,-393.327,-1.525,0
348.000,G11,259548.000,-21229.000,-20842.996,-386.004,-393.327,7.323,0
348.000,G13,259548.000,-15170.000,-14769.082,-400.918,-393.327,-7.591,0
348.000,G15,259548.000,-10330.000,-9926.960,-403.040,-393.327,-9.713,0
348.000,G20,259548.000,9015.000,9400.356,-385.356,-393.327,7.971,0
348.000,G22,259548.000,-9508.000,-9109.736,-398.264,-393.327,-4.937,0
348.000,G30,259548.000,-8638.000,-8245.304,-392.696,-393.327,0.631,0
349.000,E04,259549.000,-17976.000,-17569.834,-406.166,-393.012,-13.154,0
349.000,E12,259549.000,2420.000,2809.213,-389.213,-393.012,3.799,0
349.000,E19,259549.000,3056.000,3449.349,-393.349,-393.012,-0.337,0
349.000,E21,259549.000,-18419.000,-18012.834,-406.166,-393.012,-13.153,0
349.000,E27,259549.000,9290.000,9693.684,-403.684,-393.012,-10.672,0
349.000,E33,259549.000,-25302.000,-24913.013,-388.987,-393.012,4.025,0
349.000,G02,259549.000,-11887.000,-11500.824,-386.176,-393.012,6.837,0
349.000,G06,259549.000,-2059.000,-1673.248,-385.752,-393.012,7.260,0
349.000,G07,259549.000,-3576.000,-3183.983,-392.017,-393.012,0.996,0
349.000,G09,259549.000,20156.000,20550.365,-394.365,-393.012,-1.353,0
349.000,G11,259549.000,-21275.000,-20889.540,-385.460,-393.012,7.553,0
349.000,G13,259549.000,-15186.000,-14784.692,-401.308,-393.012,-8.295,0
349.000,G15,259549.000,-10342.000,-9938.490,-403.510,-393.012,-10.497,0
349.000,G20,259549.000,8966.000,9351.366,-385.366,-393.012,7.646,0
349.000,G22,259549.000,-9529.000,-9131.374,-397.626,-393.012,-4.613,0
349.000,G30,259549.000,-8671.000,-8278.324,-392.676,-393.012,0.337,0
350.000,E04,259550.000,-17982.000,-17575.778,-406.222,-393.200,-13.021,0
350.000,E12,259550.000,2378.000,2768.124,-390.124,-393.200,3.076,0
350.000,E19,259550.000,3023.000,3416.731,-393.731,-393.200,-0.531,0
350.000,E21,259550.000,-18424.000,-18017.521,-406.479,-393.200,-13.279,0
350.000,E27,259550.000,9278.000,9682.193,-404.193,-393.200,-10.993,0
350.000,E33,259550.000,-25342.000,-24953.383,-388.617,-393.200,4.584,0
350.000,G02,259550.000,-11933.000,-11546.901,-386.099,-393.200,7.101,0
350.000,G06,259550.000,-2106.000,-1720.290,-385.710,-393.200,7.490,0
350.000,G07,259550.000,-3610.000,-3218.046,-391.954,-393.200,1.246,0
350.000,G09,259550.000,20125.000,20519.845,-394.845,-393.200,-1.645,0
350.000,G11,259550.000,-21322.000,-20936.037,-385.963,-393.200,7.237,0
350.000,G13,259550.000,-15202.000,-14800.292,-401.708,-393.200,-8.508,0
350.000,G15,259550.000,-10353.000,-9950.018,-402.982,-393.200,-9.782,0
350.000,G20,259550.000,8917.000,9302.350,-385.350,-393.200,7.850,0
350.000,G22,259550.000,-9551.000,-9152.990,-398.010,-393.200,-4.810,0
350.000,G30,259550.000,-8704.000,-8311.331,-392.669,-393.200,0.531,0
351.000,E04,259551.000,-17987.000,-17581.713,-405.287,-393.390,-11.897,0
351.000,E12,259551.000,2338.000,2727.025,-389.025,-393.390,4.365,0
351.000,E19,259551.000,2990.000,3384.104,-394.104,-393.390,-0.714,0
351.000,E21,259551.000,-18428.000,-18022.193,-405.807,-393.390,-12.416,0
351.000,E27,259551.000,9267.000,9670.690,-403.690,-393.390,-10.300,0
351.000,E33,259551.000,-25382.000,-24993.705,-388.295,-393.390,5.095,0
351.000,G02,259551.000,-11979.000,-11592.956,-386.044,-393.390,7.346,0
351.000,G06,259551.000,-2153.000,-1767.333,-385.667,-393.390,7.723,0
351.000,G07,259551.000,-3644.000,-3252.103,-391.897,-393.390,1.493,0
351.000,G09,259551.000,20095.000,20489.292,-394.292,-393.390,-0.902,0
351.000,G11,259551.000,-21368.000,-20982.486,-385.514,-393.390,7.876,0
351.000,G13,259551.000,-15217.000,-14815.880,-401.120,-393.390,-7.729,0
351.000,G15,259551.000,-10365.000,-9961.542,-403.458,-393.390,-10.068,0
351.000,G20,259551.000,8868.000,9253.308,-385.308,-393.390,8.082,0
351.000,G22,259551.000,-9572.000,-9174.582,-397.418,-393.390,-4.028,0
351.000,G30,259551.000,-8737.000,-8344.324,-392.676,-393.390,0.714,0
352.000,E04,259552.000,-17994.000,-17587.636,-406.364,-393.083,-13.281,0
352.000,E12,259552.000,2296.000,2685.917,-389.917,-393.083,3.166,0
352.000,E19,259552.000,2958.000,3351.468,-393.468,-393.083,-0.385,0
352.000,E21,259552.000,-18433.000,-18026.851,-406.149,-393.083,-13.066,0
352.000,E27,259552.000,9255.000,9659.176,-404.176,-393.083,-11.093,0
352.000,E33,259552.000,-25423.000,-25033.977,-389.023,-393.083,4.059,0
352.000,G02,259552.000,-12025.000,-11638.988,-386.012,-393.083,7.071,0
352.000,G06,259552.000,-2200.000,-1814.377,-385.623,-393.083,7.460,0
352.000,G07,259552.000,-3678.000,-3286.154,-391.846,-393.083,1.237,0
352.000,G09,259552.000,20064.000,20458.706,-394.706,-393.083,-1.623,0
352.000,G11,259552.000,-21415.000,-21028.886,-386.114,-393.083,6.969,0
352.000,G13,259552.000,-15233.000,-14831.457,-401.543,-393.083,-8.460,0
352.000,G15,259552.000,-10376.000,-9973.063,-402.937,-393.083,-9.854,0
352.000,G20,259552.000,8819.000,9204.240,-385.240,-393.083,7.843,0
352.000,G22,259552.000,-9594.000,-9196.151,-397.849,-393.083,-4.766,0
352.000,G30,259552.000,-8770.000,-8377.302,-392.698,-393.083,0.385,0
353.000,E04,259553.000,-18000.000,-17593.550,-406.450,-393.279,-13.171,0
353.000,E12,259553.000,2255.000,2644.799,-389.799,-393.279,3.480,0
353.000,E19,259553.000,2925.000,3318.824,-393.824,-393.279,-0.545,0
353.000,E21,259553.000,-18438.000,-18031.494,-406.506,-393.279,-13.228,0
353.000,E27,259553.000,9243.000,9647.651,-404.651,-393.279,-11.373,0
353.000,E33,259553.000,-25463.000,-25074.199,-388.801,-393.279,4.477,0
353.000,G02,259553.000,-12071.000,-11684.998,-386.002,-393.279,7.277,0
353.000,G06,259553.000,-2247.000,-1861.421,-385.579,-393.279,7.700,0
353.000,G07,259553.000,-3712.000,-3320.199,-391.801,-393.279,1.478,0
353.000,G09,259553.000,20033.000,20428.087,-395.087,-393.279,-1.809,0
353.000,G11,259553.000,-21461.000,-21075.238,-385.762,-393.279,7.517,0
353.000,G13,259553.000,-15248.000,-14847.024,-400.976,-393.279,-7.698,0
353.000,G15,259553.000,-10388.000,-9984.582,-403.418,-393.279,-10.140,0
353.000,G20,259553.000,8769.000,9155.147,-386.147,-393.279,7.132,0
353.000,G22,259553.000,-9616.000,-9217.698,-398.302,-393.279,-5.024,0
353.000,G30,259553.000,-8803.000,-8410.267,-392.733,-393.279,0.545,0
354.000,E04,259554.000,-18005.000,-17599.453,-405.547,-393.476,-12.070,0
354.000,E12,259554.000,2214.000,2603.670,-389.670,-393.476,3.806,0
354.000,E19,259554.000,2892.000,3286.171,-394.171,-393.476,-0.694,0
354.000,E21,259554.000,-18442.000,-18036.122,-405.878,-393.476,-12.402,0
354.000,E27,259554.000,9232.000,9636.115,-404.115,-393.476,-10.638,0
354.000,E33,259554.000,-25503.000,-25114.371,-388.629,-393.476,4.848,0
354.000,G02,259554.000,-12117.000,-11730.985,-386.015,-393.476,7.462,0
354.000,G06,259554.000,-2294.000,-1908.466,-385.534,-393.476,7.942,0
354.000,G07,259554.000,-3746.000,-3354.238,-391.762,-393.476,1.715,0
354.000,G09,259554.000,20003.000,20397.436,-394.436,-393.476,-0.959,0
354.000,G11,259554.000,-21507.000,-21121.542,-385.458,-393.476,8.018,0
354.000,G13,259554.000,-15264.000,-14862.579,-401.421,-393.476,-7.945,0
354.000,G15,259554.000,-10399.000,-9996.097,-402.903,-393.476,-9.426,0
354.000,G20,259554.000,8721.000,9106.027,-385.027,-393.476,8.449,0
354.000,G22,259554.000,-9637.000,-9239.221,-397.779,-393.476,-4.302,0
354.000,G30,259554.000,-8836.000,-8443.218,-392.782,-393.476,0.694,0
355.000,E04,259555.000,-18011.000,-17605.347,-405.653,-393.177,-12.476,0
355.000,E12,259555.000,2173.000,2562.533,-389.533,-393.177,3.644,0
355.000,E19,259555.000,2860.000,3253.509,-393.509,-393.177,-0.332,0
355.000,E21,259555.000,-18447.000,-18040.735,-406.265,-393.177,-13.088,0
355.000,E27,259555.000,9220.000,9624.567,-404.567,-393.177,-11.390,0
355.000,E33,259555.000,-25543.000,-25154.494,-388.506,-393.177,4.671,0
355.000,G02,259555.000,-12163.000,-11776.950,-386.050,-393.177,7.127,0
355.000,G06,259555.000,-2341.000,-1955.511,-385.489,-393.177,7.688,0
355.000,G07,259555.000,-3780.000,-3388.272,-391.728,-393.177,1.448,0
355.000,G09,259555.000,19972.000,20366.751,-394.751,-393.177,-1.574,0
355.000,G11,259555.000,-21554.000,-21167.798,-386.202,-393.177,6.974,0
355.000,G13,259555.000,-15279.000,-14878.123,-400.877,-393.177,-7.700,0
355.000,G15,259555.000,-10411.000,-10007.610,-403.390,-393.177,-10.213,0
355.000,G20,259555.000,8671.000,9056.882,-385.882,-393.177,7.294,0
355.000,G22,259555.000,-9659.000,-9260.722,-398.278,-393.177,-5.102,0
355.000,G30,259555.000,-8869.000,-8476.155,-392.845,-393.177,0.332,0
356.000,E04,259556.000,-18017.000,-17611.230,-405.770,-393.380,-12.390,0
356.000,E12,259556.000,2132.000,2521.386,-389.386,-393.380,3.994,0
356.000,E19,259556.000,2827.000,3220.838,-393.838,-393.380,-0.458,0
356.000,E21,259556.000,-18452.000,-18045.334,-406.666,-393.380,-13.286,0
356.000,E27,259556.000,9209.000,9613.008,-404.008,-393.380,-10.628,0
356.000,E33,259556.000,-25584.000,-25194.567,-389.433,-393.380,3.947,0
356.000,G02,259556.000,-12209.000,-11822.892,-386.108,-393.380,7.271,0
356.000,G06,259556.000,-2388.000,-2002.557,-385.443,-393.380,7.937,0
356.000,G07,259556.000,-3814.000,-3422.299,-391.701,-393.380,1.678,0
356.000,G09,259556.000,19941.000,20336.033,-395.033,-393.380,-1.654,0
356.000,G11,259556.000,-21600.000,-21214.003,-385.997,-393.380,7.383,0
356.000,G13,259556.000,-15295.000,-14893.656,-401.344,-393.380,-7.964,0
356.000,G15,259556.000,-10422.000,-10019.120,-402.880,-393.380,-9.501,0
356.000,G20,259556.000,8622.000,9007.712,-385.712,-393.380,7.668,0
356.000,G22,259556.000,-9680.000,-9282.199,-397.801,-393.380,-4.421,0
356.000,G30,259556.000,-8902.000,-8509.078,-392.922,-393.380,0.458,0
357.000,E04,259557.000,-18023.000,-17617.102,-405.898,-393.586,-12.312,0
357.000,E12,259557.000,2091.000,2480.229,-389.229,-393.586,4.357,0
357.000,E19,259557.000,2794.000,3188.159,-394.159,-393.586,-0.573,0
357.000,E21,259557.000,-18456.000,-18049.918,-406.082,-393.586,-12.497,0
357.000,E27,259557.000,9197.000,9601.438,-404.438,-393.586,-10.852,0
357.000,E33,259557.000,-25624.000,-25234.590,-389.410,-393.586,4.176,0
357.000,G02,259557.000,-12255.000,-11868.810,-386.190,-393.586,7.396,0
357.000,G06,259557.000,-2435.000,-2049.602,-385.398,-393.586,8.188,0
357.000,G07,259557.000,-3848.000,-3456.319,-391.681,-393.586,1.905,0
357.000,G09,259557.000,19911.000,20305.283,-394.283,-393.586,-0.697,0
357.000,G11,259557.000,-21646.000,-21260.161,-385.839,-393.586,7.747,0
357.000,G13,259557.000,-15310.000,-14909.177,-400.823,-393.586,-7.237,0
357.000,G15,259557.000,-10434.000,-10030.626,-403.374,-393.586,-9.788,0
357.000,G20,259557.000,8573.000,8958.517,-385.517,-393.586,8.069,0
357.000,G22,259557.000,-9702.000,-9303.654,-398.346,-393.586,-4.761,0
357.000,G30,259557.000,-8935.000,-8541.987,-393.013,-393.586,0.573,0
358.000,E04,259558.000,-18029.000,-17622.965,-406.035,-392.794,-13.241,0
358.000,E12,259558.000,2050.000,2439.063,-389.063,-392.794,3.731,0
358.000,E19,259558.000,2762.000,3155.471,-393.471,-392.794,-0.677,0
358.000,E21,259558.000,-18461.000,-18054.487,-406.513,-392.794,-13.719,0
358.000,E27,259558.000,9186.000,9589.856,-403.856,-392.794,-11.062,0
358.000,E33,259558.000,-25663.000,-25274.564,-388.436,-392.794,4.358,0
358.000,G02,259558.000,-12301.000,-11914.706,-386.294,-392.794,6.501,0
358.000,G06,259558.000,-2482.000,-2096.648,-385.352,-392.794,7.442,0
358.000,G07,259558.000,-3882.000,-3490.334,-391.666,-392.794,1.128,0
358.000,G09,259558.000,19880.000,20274.500,-394.500,-392.794,-1.706,0
358.000,G11,259558.000,-21692.000,-21306.271,-385.729,-392.794,7.065,0
358.000,G13,259558.000,-15326.000,-14924.688,-401.312,-392.794,-8.518,0
358.000,G15,259558.000,-10445.000,-10042.130,-402.870,-392.794,-10.076,0
358.000,G20,259558.000,8524.000,8909.296,-385.296,-392.794,7.498,0
358.000,G22,259558.000,-9723.000,-9325.085,-397.915,-392.794,-5.121,0
358.000,G30,259558.000,-8967.000,-8574.883,-392.117,-392.794,0.677,0
359.000,E04,259559.000,-18035.000,-17628.817,-406.183,-393.006,-13.177,0
359.000,E12,259559.000,2008.000,2397.887,-389.887,-393.006,3.118,0
359.000,E19,259559.000,2729.000,3122.775,-393.775,-393.006,-0.769,0
359.000,E21,259559.000,-18465.000,-18059.042,-405.958,-393.006,-12.953,0
359.000,E27,259559.000,9174.000,9578.263,-404.263,-393.006,-11.258,0
359.000,E33,259559.000,-25704.000,-25314.487,-389.513,-393.006,3.492,0
359.000,G02,259559.000,-12347.000,-11960.579,-386.421,-393.006,6.585,0
359.000,G06,259559.000,-2529.000,-2143.693,-385.307,-393.006,7.699,0
359.000,G07,259559.000,-3916.000,-3524.343,-391.657,-393.006,1.348,0
359.000,G09,259559.000,19849.000,20243.684,-394.684,-393.006,-1.679,0
359.000,G11,259559.000,-21738.000,-21352.332,-385.668,-393.006,7.338,0
359.000,G13,259559.000,-15341.000,-14940.187,-400.813,-393.006,-7.807,0
359.000,G15,259559.000,-10457.000,-10053.631,-403.369,-393.006,-10.363,0
359.000,G20,259559.000,8475.000,8860.050,-385.050,-393.006,7.955,0
359.000,G22,259559.000,-9745.000,-9346.493,-398.507,-393.006,-5.501,0
359.000,G30,259559.000,-9000.000,-8607.764,-392.236,-393.006,0.769,0
360.000,E04,259560.000,-18041.000,-17634.659,-406.341,-393.220,-13.121,0
360.000,E12,259560.000,1967.000,2356.703,-389.703,-393.220,3.517,0
360.000,E19,259560.000,2696.000,3090.070,-394.070,-393.220,-0.850,0
360.000,E21,259560.000,-18470.000,-18063.582,-406.418,-393.220,-13.198,0
360.000,E27,259560.000,9163.000,9566.659,-403.659,-393.220,-10.440,0
360.000,E33,259560.000,-25743.000,-25354.360,-388.640,-393.220,4.580,0
360.000,G02,259560.000,-12392.000,-12006.429,-385.571,-393.220,7.648,0
360.000,G06,259560.000,-2576.000,-2190.739,-385.261,-393.220,7.959,0
360.000,G07,259560.000,-3950.000,-3558.345,-391.655,-393.220,1.564,0
360.000,G09,259560.000,19818.000,20212.836,-394.836,-393.220,-1.616,0
360.000,G11,259560.000,-21784.000,-21398.344,-385.656,-393.220,7.564,0
360.000,G13,259560.000,-15357.000,-14955.676,-401.324,-393.220,-8.104,0
360.000,G15,259560.000,-10468.000,-10065.129,-402.871,-393.220,-9.651,0
360.000,G20,259560.000,8425.000,8810.780,-385.780,-393.220,7.440,0
360.000,G22,259560.000,-9766.000,-9367.879,-398.121,-393.220,-4.902,0
360.000,G30,259560.000,-9033.000,-8640.630,-392.370,-393.220,0.850,0
361.000,E04,259561.000,-18046.000,-17640.491,-405.509,-392.937,-12.572,0
361.000,E12,259561.000,1926.000,2315.509,-389.509,-392.937,3.428,0
361.000,E19,259561.000,2664.000,3057.357,-393.357,-392.937,-0.420,0
361.000,E21,259561.000,-18474.000,-18068.107,-405.893,-392.937,-12.956,0
361.000,E27,259561.000,9151.000,9555.044,-404.044,-392.937,-11.107,0
361.000,E33,259561.000,-25783.000,-25394.184,-388.816,-392.937,4.121,0
361.000,G02,259561.000,-12438.000,-12052.255,-385.745,-392.937,7.192,0
361.000,G06,259561.000,-2623.000,-2237.784,-385.216,-392.937,7.721,0
361.000,G07,259561.000,-3984.000,-3592.340,-391.660,-392.937,1.277,0
361.000,G09,259561.000,19788.000,20181.954,-393.954,-392.937,-1.017,0
361.000,G11,259561.000,-21830.000,-21444.307,-385.693,-392.937,7.244,0
361.000,G13,259561.000,-15372.000,-14971.153,-400.847,-392.937,-7.910,0
361.000,G15,259561.000,-10480.000,-10076.624,-403.376,-392.937,-10.439,0
361.000,G20,259561.000,8376.000,8761.484,-385.484,-392.937,7.453,0
361.000,G22,259561.000,-9787.000,-9389.241,-397.759,-392.937,-4.822,0
361.000,G30,259561.000,-9066.000,-8673.483,-392.517,-392.937,0.420,0
362.000,E04,259562.000,-18052.000,-17646.313,-405.687,-393.157,-12.530,0
362.000,E12,259562.000,1885.000,2274.307,-389.307,-393.157,3.850,0
362.000,E19,259562.000,2631.000,3024.635,-393.635,-393.157,-0.478,0
362.000,E21,259562.000,-18479.000,-18072.618,-406.382,-393.157,-13.225,0
362.000,E27,259562.000,9139.000,9543.417,-404.417,-393.157,-11.260,0
362.000,E33,259562.000,-25823.000,-25433.957,-389.043,-393.157,4.114,0
362.000,G02,259562.000,-12484.000,-12098.058,-385.942,-393.157,7.215,0
362.000,G06,259562.000,-2670.000,-2284.828,-385.172,-393.157,7.985,0
362.000,G07,259562.000,-4018.000,-3626.330,-391.670,-393.157,1.487,0
362.000,G09,259562.000,19757.000,20151.040,-394.040,-393.157,-0.883,0
362.000,G11,259562.000,-21876.000,-21490.221,-385.779,-393.157,7.378,0
362.000,G13,259562.000,-15388.000,-14986.619,-401.381,-393.157,-8.224,0
362.000,G15,259562.000,-10491.000,-10088.116,-402.884,-393.157,-9.727,0
362.000,G20,259562.000,8327.000,8712.164,-385.164,-393.157,7.993,0
362.000,G22,259562.000,-9809.000,-9410.580,-398.420,-393.157,-5.263,0
362.000,G30,259562.000,-9099.000,-8706.321,-392.679,-393.157,0.478,0
363.000,E04,259563.000,-18058.000,-17652.124,-405.876,-393.380,-12.496,0
363.000,E12,259563.000,1844.000,2233.095,-389.095,-393.380,4.285,0
363.000,E19,259563.000,2598.000,2991.906,-393.906,-393.380,-0.525,0
363.000,E21,259563.000,-18484.000,-18077.114,-406.886,-393.380,-13.506,0
363.000,E27,259563.000,9128.000,9531.779,-403.779,-393.380,-10.399,0
363.000,E33,259563.000,-25863.000,-25473.681,-389.319,-393.380,4.061,0
363.000,G02,259563.000,-12530.000,-12143.837,-386.163,-393.380,7.217,0
363.000,G06,259563.000,-2718.000,-2331.872,-386.128,-393.380,7.252,0
363.000,G07,259563.000,-4053.000,-3660.312,-392.688,-393.380,0.693,0
363.000,G09,259563.000,19725.000,20120.094,-395.094,-393.380,-1.713,0
363.000,G11,259563.000,-21922.000,-21536.087,-385.913,-393.380,7.467,0
363.000,G13,259563.000,-15403.000,-15002.074,-400.926,-393.380,-7.546,0
363.000,G15,259563.000,-10503.000,-10099.605,-403.395,-393.380,-10.015,0
363.000,G20,259563.000,8277.000,8662.819,-385.819,-393.380,7.561,0
363.000,G22,259563.000,-9830.000,-9431.895,-398.105,-393.380,-4.724,0
363.000,G30,259563.000,-9132.000,-8739.145,-392.855,-393.380,0.525,0
364.000,E04,259564.000,-18064.000,-17657.925,-406.075,-393.606,-12.468,0
364.000,E12,259564.000,1802.000,2191.875,-389.875,-393.606,3.732,0
364.000,E19,259564.000,2565.000,2959.168,-394.168,-393.606,-0.561,0
364.000,E21,259564.000,-18488.000,-18081.596,-406.404,-393.606,-12.798,0
364.000,E27,259564.000,9116.000,9520.130,-404.130,-393.606,-10.524,0
364.000,E33,259564.000,-25903.000,-25513.354,-389.646,-393.606,3.960,0
364.000,G02,259564.000,-12576.000,-12189.593,-386.407,-393.606,7.199,0
364.000,G06,259564.000,-2765.000,-2378.916,-386.084,-393.606,7.522,0
364.000,G07,259564.000,-4087.000,-3694.289,-392.711,-393.606,0.895,0
364.000,G09,259564.000,19694.000,20089.114,-395.114,-393.606,-1.508,0
364.000,G11,259564.000,-21968.000,-21581.903,-386.097,-393.606,7.509,0
364.000,G13,259564.000,-15419.000,-15017.517,-401.483,-393.606,-7.876,0
364.000,G15,259564.000,-10515.000,-10111.090,-403.910,-393.606,-10.303,0
364.000,G20,259564.000,8228.000,8613.449,-385.449,-393.606,8.157,0
364.000,G22,259564.000,-9852.000,-9453.188,-398.812,-393.606,-5.206,0
364.000,G30,259564.000,-9165.000,-8771.955,-393.045,-393.606,0.561,0
365.000,E04,259565.000,-18070.000,-17663.716,-406.284,-393.836,-12.448,0
365.000,E12,259565.000,1761.000,2150.645,-389.645,-393.836,4.190,0
365.000,E19,259565.000,2532.000,2926.421,-394.421,-393.836,-0.586,0
365.000,E21,259565.000,-18493.000,-18086.063,-406.937,-393.836,-13.102,0
365.000,E27,259565.000,9104.000,9508.470,-404.470,-393.836,-10.634,0
365.000,E33,259565.000,-25942.000,-25552.977,-389.023,-393.836,4.812,0
365.000,G02,259565.000,-12622.000,-12235.325,-386.675,-393.836,7.161,0
365.000,G06,259565.000,-2812.000,-2425.958,-386.042,-393.836,7.794,0
365.000,G07,259565.000,-4121.000,-3728.258,-392.742,-393.836,1.094,0
365.000,G09,259565.000,19663.000,20058.102,-395.102,-393.836,-1.267,0
365.000,G11,259565.000,-22014.000,-21627.669,-386.331,-393.836,7.505,0
365.000,G13,259565.000,-15434.000,-15032.949,-401.051,-393.836,-7.215,0
365.000,G15,259565.000,-10526.000,-10122.573,-403.427,-393.836,-9.591,0
365.000,G20,259565.000,8178.000,8564.056,-386.056,-393.836,7.780,0
365.000,G22,259565.000,-9873.000,-9474.457,-398.543,-393.836,-4.707,0
365.000,G30,259565.000,-9198.000,-8804.750,-393.250,-393.836,0.586,0
366.000,E04,259566.000,-18076.000,-17669.497,-406.503,-393.068,-13.435,0
366.000,E12,259566.000,1720.000,2109.408,-389.408,-393.068,3.661,0
366.000,E19,259566.000,2500.000,2893.667,-393.667,-393.068,-0.599,0
366.000,E21,259566.000,-18497.000,-18090.515,-406.485,-393.068,-13.417,0
366.000,E27,259566.000,9093.000,9496.798,-403.798,-393.068,-10.730,0
366.000,E33,259566.000,-25982.000,-25592.550,-389.450,-393.068,3.618,0
366.000,G02,259566.000,-12667.000,-12281.033,-385.967,-393.068,7.101,0
366.000,G06,259566.000,-2859.000,-2473.000,-386.000,-393.068,7.068,0
366.000,G07,259566.000,-4154.000,-3762.221,-391.779,-393.068,1.290,0
366.000,G09,259566.000,19632.000,20027.058,-395.058,-393.068,-1.990,0
366.000,G11,259566.000,-22060.000,-21673.387,-386.613,-393.068,6.455,0
366.000,G13,259566.000,-15450.000,-15048.371,-401.629,-393.068,-8.561,0
366.000,G15,259566.000,-10537.000,-10134.053,-402.947,-393.068,-9.879,0
366.000,G20,259566.000,8129.000,8514.638,-385.638,-393.068,7.431,0
366.000,G22,259566.000,-9894.000,-9495.703,-398.297,-393.068,-5.229,0
366.000,G30,259566.000,-9230.000,-8837.531,-392.469,-393.068,0.599,0
367.000,E04,259567.000,-18081.000,-17675.267,-405.733,-393.304,-12.429,0
367.000,E12,259567.000,1679.000,2068.161,-389.161,-393.304,4.143,0
367.000,E19,259567.000,2467.000,2860.905,-393.905,-393.304,-0.601,0
367.000,E21,259567.000,-18501.000,-18094.953,-406.047,-393.304,-12.743,0
367.000,E27,259567.000,9081.000,9485.115,-404.115,-393.304,-10.811,0
367.000,E33,259567.000,-26021.000,-25632.072,-388.928,-393.304,4.376,0
367.000,G02,259567.000,-12713.000,-12326.717,-386.283,-393.304,7.021,0
367.000,G06,259567.000,-2906.000,-2520.040,-385.960,-393.304,7.344,0
367.000,G07,259567.000,-4188.000,-3796.178,-391.822,-393.304,1.482,0
367.000,G09,259567.000,19601.000,19995.981,-394.981,-393.304,-1.677,0
367.000,G11,259567.000,-22105.000,-21719.055,-385.945,-393.304,7.359,0
367.000,G13,259567.000,-15465.000,-15063.780,-401.220,-393.304,-7.916,0
367.000,G15,259567.000,-10549.000,-10145.530,-403.470,-393.304,-10.166,0
367.000,G20,259567.000,8080.000,8465.195,-385.195,-393.304,8.108,0
367.000,G22,259567.000,-9915.000,-9516.926,-398.074,-393.304,-4.770,0
367.000,G30,259567.000,-9263.000,-8870.297,-392.703,-393.304,0.601,0
368.000,E04,259568.000,-18087.000,-17681.028,-405.972,-393.543,-12.430,0
368.000,E12,259568.000,1637.000,2026.906,-389.906,-393.543,3.637,0
368.000,E19,259568.000,2434.000,2828.134,-394.134,-393.543,-0.591,0
368.000,E21,259568.000,-18506.000,-18099.376,-406.624,-393.543,-13.081,0
368.000,E27,259568.000,9069.000,9473.421,-404.421,-393.543,-10.878,0
368.000,E33,259568.000,-26061.000,-25671.544,-389.456,-393.543,4.087,0
368.000,G02,259568.000,-12759.000,-12372.378,-386.622,-393.543,6.920,0
368.000,G06,259568.000,-2953.000,-2567.080,-385.920,-393.543,7.623,0
368.000,G07,259568.000,-4222.000,-3830.127,-391.873,-393.543,1.670,0
368.000,G09,259568.000,19570.000,19964.871,-394.871,-393.543,-1.329,0
368.000,G11,259568.000,-22151.000,-21764.674,-386.326,-393.543,7.217,0
368.000,G13,259568.000,-15480.000,-15079.179,-400.821,-393.543,-7.278,0
368.000,G15,259568.000,-10560.000,-10157.004,-402.996,-393.543,-9.453,0
368.000,G20,259568.000,8030.000,8415.729,-385.729,-393.543,7.814,0
368.000,G22,259568.000,-9936.000,-9538.125,-397.875,-393.543,-4.332,0
368.000,G30,259568.000,-9296.000,-8903.049,-392.951,-393.543,0.591,0
369.000,E04,259569.000,-18093.000,-17686.778,-406.222,-392.785,-13.437,0
369.000,E12,259569.000,1596.000,1985.643,-389.643,-392.785,3.143,0
369.000,E19,259569.000,2402.000,2795.356,-393.356,-392.785,-0.571,0
369.000,E21,259569.000,-18510.000,-18103.784,-406.216,-392.785,-13.430,0
369.000,E27,259569.000,9058.000,9461.716,-403.716,-392.785,-10.930,0
369.000,E33,259569.000,-26100.000,-25710.966,-389.034,-392.785,3.751,0
369.000,G02,259569.000,-12804.000,-12418.014,-385.986,-392.785,6.799,0
369.000,G06,259569.000,-3000.000,-2614.118,-385.882,-392.785,6.903,0
369.000,G07,259569.000,-4256.000,-3864.070,-391.930,-392.785,0.855,0
369.000,G09,259569.000,19539.000,19933.729,-394.729,-392.785,-1.944,0
369.000,G11,259569.000,-22196.000,-21810.244,-385.756,-392.785,7.029,0
369.000,G13,259569.000,-15496.000,-15094.567,-401.433,-392.785,-8.648,0
369.000,G15,259569.000,-10572.000,-10168.474,-403.526,-392.785,-10.740,0
369.000,G20,259569.000,7981.000,8366.239,-385.239,-392.785,7.546,0
369.000,G22,259569.000,-9957.000,-9559.301,-397.699,-392.785,-4.914,0
369.000,G30,259569.000,-9328.000,-8935.785,-392.215,-392.785,0.571,0
370.000,E04,259570.000,-18099.000,-17692.517,-406.483,-393.031,-13.452,0
370.000,E12,259570.000,1555.000,1944.371,-389.371,-393.031,3.660,0
370.000,E19,259570.000,2369.000,2762.569,-393.569,-393.031,-0.538,0
370.000,E21,259570.000,-18515.000,-18108.178,-406.822,-393.031,-13.791,0
370.000,E27,259570.000,9046.000,9449.999,-403.999,-393.031,-10.968,0
370.000,E33,259570.000,-26140.000,-25750.338,-389.662,-393.031,3.368,0
370.000,G02,259570.000,-12850.000,-12463.626,-386.374,-393.031,6.656,0
370.000,G06,259570.000,-3047.000,-2661.155,-385.845,-393.031,7.186,0
370.000,G07,259570.000,-4290.000,-3898.006,-391.994,-393.031,1.037,0
370.000,G09,259570.000,19508.000,19902.555,-394.555,-393.031,-1.524,0
370.000,G11,259570.000,-22242.000,-21855.763,-386.237,-393.031,6.794,0
370.000,G13,259570.000,-15511.000,-15109.943,-401.057,-393.031,-8.027,0
370.000,G15,259570.000,-10583.000,-10179.942,-403.058,-393.031,-10.027,0
370.000,G20,259570.000,7931.000,8316.725,-385.725,-393.031,7.306,0
370.000,G22,259570.000,-9979.000,-9580.454,-398.546,-393.031,-5.516,0
370.000,G30,259570.000,-9361.000,-8968.508,-392.492,-393.031,0.538,0
371.000,E04,259571.000,-18104.000,-17698.247,-405.753,-393.280,-12.474,0
371.000,E12,259571.000,1514.000,1903.091,-389.091,-393.280,4.189,0
371.000,E19,259571.000,2336.000,2729.775,-393.775,-393.280,-0.495,0
371.000,E21,259571.000,-18519.000,-18112.558,-406.442,-393.280,-13.162,0
371.000,E27,259571.000,9034.000,9438.271,-404.271,-393.280,-10.991,0
371.000,E33,259571.000,-26179.000,-25789.658,-389.342,-393.280,3.937,0
371.000,G02,259571.000,-12896.000,-12509.213,-386.787,-393.280,6.493,0
371.000,G06,259571.000,-3094.000,-2708.190,-385.810,-393.280,7.470,0
371.000,G07,259571.000,-4324.000,-3931.935,-392.065,-393.280,1.214,0
371.000,G09,259571.000,19477.000,19871.348,-394.348,-393.280,-1.069,0
371.000,G11,259571.000,-22288.000,-21901.234,-386.766,-393.280,6.513,0
371.000,G13,259571.000,-15527.000,-15125.308,-401.692,-393.280,-8.413,0
371.000,G15,259571.000,-10595.000,-10191.407,-403.593,-393.280,-10.314,0
371.000,G20,259571.000,7882.000,8267.187,-385.187,-393.280,8.092,0
371.000,G22,259571.000,-10000.000,-9601.583,-398.417,-393.280,-5.137,0
371.000,G30,259571.000,-9394.000,-9001.215,-392.785,-393.280,0.495,0
372.000,E04,259572.000,-18110.000,-17703.966,-406.034,-393.058,-12.976,0
372.000,E12,259572.000,1473.000,1861.802,-388.802,-393.058,4.255,0
372.000,E19,259572.000,2303.000,2696.972,-393.972,-393.058,-0.915,0
372.000,E21,259572.000,-18523.000,-18116.923,-406.077,-393.058,-13.019,0
372.000,E27,259572.000,9023.000,9426.532,-403.532,-393.058,-10.474,0
372.000,E33,259572.000,-26218.000,-25828.928,-389.072,-393.058,3.986,0
372.000,G02,259572.000,-12941.000,-12554.776,-386.224,-393.058,6.834,0
372.000,G06,259572.000,-3141.000,-2755.224,-385.776,-393.058,7.282,0
372.000,G07,259572.000,-4358.000,-3965.857,-392.143,-393.058,0.915,0
372.000,G09,259572.000,19446.000,19840.109,-394.109,-393.058,-1.051,0
372.000,G11,259572.000,-22333.000,-21946.654,-386.346,-393.058,6.712,0
372.000,G13,259572.000,-15542.000,-15140.661,-401.339,-393.058,-8.281,0
372.000,G15,259572.000,-10606.000,-10202.868,-403.132,-393.058,-10.074,0
372.000,G20,259572.000,7832.000,8217.626,-385.626,-393.058,7.432,0
372.000,G22,259572.000,-10021.000,-9622.689,-398.311,-393.058,-5.254,0
372.000,G30,259572.000,-9426.000,-9033.908,-392.092,-393.058,0.966,0
373.000,E04,259573.000,-18116.000,-17709.675,-406.325,-392.788,-13.537,0
373.000,E12,259573.000,1431.000,1820.506,-389.506,-392.788,3.282,0
373.000,E19,259573.000,2271.000,2664.162,-393.162,-392.788,-0.374,0
373.000,E21,259573.000,-18528.000,-18121.273,-406.727,-392.788,-13.939,0
373.000,E27,259573.000,9011.000,9414.781,-403.781,-392.788,-10.993,0
373.000,E33,259573.000,-26257.000,-25868.148,-388.852,-392.788,3.936,0
373.000,G02,259573.000,-12986.000,-12600.315,-385.685,-392.788,7.103,0
373.000,G06,259573.000,-3188.000,-2802.256,-385.744,-392.788,7.044,0
373.000,G07,259573.000,-4392.000,-3999.772,-392.228,-392.788,0.560,0
373.000,G09,259573.000,19415.000,19808.838,-393.838,-392.788,-1.050,0
373.000,G11,259573.000,-22378.000,-21992.025,-385.975,-392.788,6.813,0
373.000,G13,259573.000,-15557.000,-15156.003,-400.997,-392.788,-8.209,0
373.000,G15,259573.000,-10617.000,-10214.327,-402.673,-392.788,-9.885,0
373.000,G20,259573.000,7783.000,8168.041,-385.041,-392.788,7.747,0
373.000,G22,259573.000,-10042.000,-9643.771,-398.229,-392.788,-5.441,0
373.000,G30,259573.000,-9459.000,-9066.586,-392.414,-392.788,0.374,0
374.000,E04,259574.000,-18122.000,-17715.374,-406.626,-393.048,-13.578,0
374.000,E12,259574.000,1390.000,1779.202,-389.202,-393.048,3.846,0
374.000,E19,259574.000,2238.000,2631.345,-393.345,-393.048,-0.297,0
374.000,E21,259574.000,-18532.000,-18125.609,-406.391,-393.048,-13.344,0
374.000,E27,259574.000,8999.000,9403.020,-404.020,-393.048,-10.972,0
374.000,E33,259574.000,-26297.000,-25907.317,-389.683,-393.048,3.365,0
374.000,G02,259574.000,-13032.000,-12645.829,-386.171,-393.048,6.876,0
374.000,G06,259574.000,-3235.000,-2849.286,-385.714,-393.048,7.334,0
374.000,G07,259574.000,-4426.000,-4033.679,-392.321,-393.048,0.727,0
374.000,G09,259574.000,19383.000,19777.534,-394.534,-393.048,-1.486,0
374.000,G11,259574.000,-22424.000,-22037.346,-386.654,-393.048,6.393,0
374.000,G13,259574.000,-15573.000,-15171.334,-401.666,-393.048,-8.618,0
374.000,G15,259574.000,-10629.000,-10225.782,-403.218,-393.048,-10.171,0
374.000,G20,259574.000,7733.000,8118.433,-385.433,-393.048,7.615,0
374.000,G22,259574.000,-10063.000,-9664.830,-398.170,-393.048,-5.123,0
374.000,G30,259574.000,-9492.000,-9099.249,-392.751,-393.048,0.297,0
375.000,E04,259575.000,-18128.000,-17721.063,-406.937,-393.811,-13.126,0
375.000,E12,259575.000,1348.000,1737.890,-389.890,-393.811,3.921,0
375.000,E19,259575.000,2204.000,2598.519,-394.519,-393.811,-0.708,0
375.000,E21,259575.000,-18537.000,-18129.930,-407.070,-393.811,-13.259,0
375.000,E27,259575.000,8987.000,9391.247,-404.247,-393.811,-10.436,0
375.000,E33,259575.000,-26336.000,-25946.436,-389.564,-393.811,4.247,0
375.000,G02,259575.000,-13078.000,-12691.318,-386.682,-393.811,7.129,0
375.000,G06,259575.000,-3282.000,-2896.315,-385.685,-393.811,8.125,0
375.000,G07,259575.000,-4460.000,-4067.580,-392.420,-393.811,1.391,0
375.000,G09,259575.000,19351.000,19746.198,-395.198,-393.811,-1.387,0
375.000,G11,259575.000,-22469.000,-22082.617,-386.383,-393.811,7.427,0
375.000,G13,259575.000,-15588.000,-15186.654,-401.346,-393.811,-7.535,0
375.000,G15,259575.000,-10641.000,-10237.234,-403.766,-393.811,-9.955,0
375.000,G20,259575.000,7683.000,8068.802,-385.802,-393.811,8.009,0
375.000,G22,259575.000,-10085.000,-9685.865,-399.135,-393.811,-5.324,0
375.000,G30,259575.000,-9525.000,-9131.898,-393.102,-393.811,0.708,0
376.000,E04,259576.000,-18133.000,-17726.741,-406.259,-394.077,-12.181,0
376.000,E12,259576.000,1307.000,1696.570,-389.570,-394.077,4.508,0
376.000,E19,259576.000,2171.000,2565.686,-394.686,-394.077,-0.609,0
376.000,E21,259576.000,-18541.000,-18134.237,-406.763,-394.077,-12.686,0
376.000,E27,259576.000,8975.000,9379.463,-404.463,-394.077,-10.385,0
376.000,E33,259576.000,-26376.000,-25985.505,-390.495,-394.077,3.582,0
376.000,G02,259576.000,-13124.000,-12736.783,-387.217,-394.077,6.860,0
376.000,G06,259576.000,-3329.000,-2943.341,-385.659,-394.077,8.419,0
376.000,G07,259576.000,-4494.000,-4101.474,-392.526,-394.077,1.551,0
376.000,G09,259576.000,19320.000,19714.829,-394.829,-394.077,-0.752,0
376.000,G11,259576.000,-22515.000,-22127.838,-387.162,-394.077,6.915,0
376.000,G13,259576.000,-15604.000,-15201.962,-402.038,-394.077,-7.960,0
376.000,G15,259576.000,-10653.000,-10248.683,-404.317,-394.077,-10.239,0
376.000,G20,259576.000,7633.000,8019.147,-386.147,-394.077,7.930,0
376.000,G22,259576.000,-10106.000,-9706.877,-399.123,-394.077,-5.046,0
376.000,G30,259576.000,-9558.000,-9164.531,-393.469,-394.077,0.609,0
377.000,E04,259577.000,-18139.000,-17732.410,-406.590,-393.348,-13.243,0
377.000,E12,259577.000,1265.000,1655.242,-390.242,-393.348,3.106,0
377.000,E19,259577.000,2139.000,2532.845,-393.845,-393.348,-0.497,0
377.000,E21,259577.000,-18545.000,-18138.529,-406.471,-393.348,-13.123,0
377.000,E27,259577.000,8963.000,9367.668,-404.668,-393.348,-11.320,0
377.000,E33,259577.000,-26414.000,-26024.522,-389.478,-393.348,3.870,0
377.000,G02,259577.000,-13169.000,-12782.222,-386.778,-393.348,6.570,0
377.000,G06,259577.000,-3376.000,-2990.365,-385.635,-393.348,7.713,0
377.000,G07,259577.000,-4528.000,-4135.360,-392.640,-393.348,0.708,0
377.000,G09,259577.000,19289.000,19683.429,-394.429,-393.348,-1.081,0
377.000,G11,259577.000,-22560.000,-22173.008,-386.992,-393.348,6.356,0
377.000,G13,259577.000,-15619.000,-15217.259,-401.741,-393.348,-8.393,0
377.000,G15,259577.000,-10664.000,-10260.129,-403.871,-393.348,-10.523,0
377.000,G20,259577.000,7584.000,7969.470,-385.470,-393.348,7.878,0
377.000,G22,259577.000,-10127.000,-9727.865,-399.135,-393.348,-5.787,0
377.000,G30,259577.000,-9590.000,-9197.149,-392.851,-393.348,0.497,0
378.000,E04,259578.000,-18145.000,-17738.068,-406.932,-393.622,-13.310,0
378.000,E12,259578.000,1224.000,1613.906,-389.906,-393.622,3.716,0
378.000,E19,259578.000,2106.000,2499.997,-393.997,-393.622,-0.375,0
378.000,E21,259578.000,-18550.000,-18142.807,-407.193,-393.622,-13.571,0
378.000,E27,259578.000,8951.000,9355.861,-404.861,-393.622,-11.239,0
378.000,E33,259578.000,-26453.000,-26063.489,-389.511,-393.622,4.111,0
378.000,G02,259578.000,-13214.000,-12827.637,-386.363,-393.622,7.259,0
378.000,G06,259578.000,-3423.000,-3037.387,-385.613,-393.622,8.009,0
378.000,G07,259578.000,-4562.000,-4169.239,-392.761,-393.622,0.861,0
378.000,G09,259578.000,19257.000,19651.996,-394.996,-393.622,-1.374,0
378.000,G11,259578.000,-22605.000,-22218.129,-386.871,-393.622,6.751,0
378.000,G13,259578.000,-15634.000,-15232.545,-401.455,-393.622,-7.833,0
378.000,G15,259578.000,-10675.000,-10271.572,-403.428,-393.622,-9.806,0
378.000,G20,259578.000,7534.000,7919.769,-385.769,-393.622,7.853,0
378.000,G22,259578.000,-10148.000,-9748.830,-399.170,-393.622,-5.548,0
378.000,G30,259578.000,-9623.000,-9229.753,-393.247,-393.622,0.375,0
379.000,E04,259579.000,-18150.000,-17743.715,-406.285,-393.515,-12.769,0
379.000,E12,259579.000,1183.000,1572.563,-389.563,-393.515,3.952,0
379.000,E19,259579.000,2073.000,2467.141,-394.141,-393.515,-0.626,0
379.000,E21,259579.000,-18554.000,-18147.070,-406.930,-393.515,-13.415,0
379.000,E27,259579.000,8940.000,9344.043,-404.043,-393.515,-10.528,0
379.000,E33,259579.000,-26492.000,-26102.405,-389.595,-393.515,3.920,0
379.000,G02,259579.000,-13260.000,-12873.026,-386.974,-393.515,6.541,0
379.000,G06,259579.000,-3470.000,-3084.407,-385.593,-393.515,7.922,0
379.000,G07,259579.000,-4596.000,-4203.110,-392.890,-393.515,0.626,0
379.000,G09,259579.000,19226.000,19620.531,-394.531,-393.515,-1.015,0
379.000,G11,259579.000,-22650.000,-22263.200,-386.800,-393.515,6.715,0
379.000,G13,259579.000,-15650.000,-15247.819,-402.181,-393.515,-8.666,0
379.000,G15,259579.000,-10687.000,-10283.012,-403.988,-393.515,-10.473,0
379.000,G20,259579.000,7485.000,7870.046,-385.046,-393.515,8.469,0
379.000,G22,259579.000,-10168.000,-9769.771,-398.229,-393.515,-4.714,0
379.000,G30,259579.000,-9655.000,-9262.341,-392.659,-393.515,0.856,0
380.000,E04,259580.000,-18156.000,-17749.353,-406.647,-393.682,-12.965,0
380.000,E12,259580.000,1141.000,1531.213,-390.213,-393.682,3.469,0
380.000,E19,259580.000,2040.000,2434.278,-394.278,-393.682,-0.596,0
380.000,E21,259580.000,-18558.000,-18151.319,-406.681,-393.682,-12.999,0
380.000,E27,259580.000,8928.000,9332.215,-404.215,-393.682,-10.533,0
380.000,E33,259580.000,-26531.000,-26141.270,-389.730,-393.682,3.952,0
380.000,G02,259580.000,-13305.000,-12918.390,-386.610,-393.682,7.072,0
380.000,G06,259580.000,-3517.000,-3131.424,-385.576,-393.682,8.106,0
380.000,G07,259580.000,-4630.000,-4236.975,-393.025,-393.682,0.656,0
380.000,G09,259580.000,19194.000,19589.034,-395.034,-393.682,-1.352,0
380.000,G11,259580.000,-22695.000,-22308.220,-386.780,-393.682,6.902,0
380.000,G13,259580.000,-15665.000,-15263.082,-401.918,-393.682,-8.236,0
380.000,G15,259580.000,-10698.000,-10294.448,-403.552,-393.682,-9.870,0
380.000,G20,259580.000,7435.000,7820.301,-385.301,-393.682,8.381,0
380.000,G22,259580.000,-10189.000,-9790.688,-398.312,-393.682,-4.630,0
380.000,G30,259580.000,-9688.000,-9294.914,-393.086,-393.682,0.596,0
381.000,E04,259581.000,-18161.000,-17754.980,-406.020,-393.968,-12.052,0
381.000,E12,259581.000,1100.000,1489.855,-389.855,-393.968,4.113,0
381.000,E19,259581.000,2007.000,2401.407,-394.407,-393.968,-0.440,0
381.000,E21,259581.000,-18562.000,-18155.553,-406.447,-393.968,-12.479,0
381.000,E27,259581.000,8916.000,9320.374,-404.374,-393.968,-10.407,0
381.000,E33,259581.000,-26570.000,-26180.084,-389.916,-393.968,4.052,0
381.000,G02,259581.000,-13350.000,-12963.729,-386.271,-393.968,7.697,0
381.000,G06,259581.000,-3564.000,-3178.438,-385.562,-393.968,8.406,0
381.000,G07,259581.000,-4663.000,-4270.831,-392.169,-393.968,1.799,0
381.000,G09,259581.000,19163.000,19557.504,-394.504,-393.968,-0.537,0
381.000,G11,259581.000,-22740.000,-22353.190,-386.810,-393.968,7.157,0
381.000,G13,259581.000,-15680.000,-15278.334,-401.666,-393.968,-7.699,0
381.000,G15,259581.000,-10709.000,-10305.881,-403.119,-393.968,-9.151,0
381.000,G20,259581.000,7385.000,7770.532,-385.532,-393.968,8.435,0
381.000,G22,259581.000,-10210.000,-9811.581,-398.419,-393.968,-4.451,0
381.000,G30,259581.000,-9721.000,-9327.472,-393.528,-393.968,0.440,0
382.000,E04,259582.000,-18167.000,-17760.597,-406.403,-393.257,-13.145,0
382.000,E12,259582.000,1059.000,1448.489,-389.489,-393.257,3.768,0
382.000,E19,259582.000,1975.000,2368.529,-393.529,-393.257,-0.272,0
382.000,E21,259582.000,-18567.000,-18159.773,-407.227,-393.257,-13.970,0
382.000,E27,259582.000,8904.000,9308.523,-404.523,-393.257,-11.266,0
382.000,E33,259582.000,-26609.000,-26218.848,-390.152,-393.257,3.105,0
382.000,G02,259582.000,-13396.000,-13009.043,-386.957,-393.257,6.300,0
382.000,G06,259582.000,-3611.000,-3225.450,-385.550,-393.257,7.707,0
382.000,G07,259582.000,-4697.000,-4304.680,-392.320,-393.257,0.938,0
382.000,G09,259582.000,19131.000,19525.943,-394.943,-393.257,-1.686,0
382.000,G11,259582.000,-22785.000,-22398.110,-386.890,-393.257,6.367,0
382.000,G13,259582.000,-15695.000,-15293.574,-401.426,-393.257,-8.169,0
382.000,G15,259582.000,-10721.000,-10317.312,-403.688,-393.257,-10.431,0
382.000,G20,259582.000,7335.000,7720.742,-385.742,-393.257,7.516,0
382.000,G22,259582.000,-10231.000,-9832.451,-398.549,-393.257,-5.291,0
382.000,G30,259582.000,-9753.000,-9360.015,-392.985,-393.257,0.272,0
383.000,E04,259583.000,-18172.000,-17766.204,-405.796,-393.051,-12.745,0
383.000,E12,259583.000,1018.000,1407.117,-389.117,-393.051,3.934,0
383.000,E19,259583.000,1942.000,2335.644,-393.644,-393.051,-0.593,0
383.000,E21,259583.000,-18570.000,-18163.978,-406.022,-393.051,-12.971,0
383.000,E27,259583.000,8893.000,9296.661,-403.661,-393.051,-10.610,0
383.000,E33,259583.000,-26647.000,-26257.560,-389.440,-393.051,3.611,0
383.000,G02,259583.000,-13441.000,-13054.331,-386.669,-393.051,6.381,0
383.000,G06,259583.000,-3658.000,-3272.459,-385.541,-393.051,7.509,0
383.000,G07,259583.000,-4730.000,-4338.522,-391.478,-393.051,1.573,0
383.000,G09,259583.000,19100.000,19494.350,-394.350,-393.051,-1.299,0
383.000,G11,259583.000,-22829.000,-22442.979,-386.021,-393.051,7.029,0
383.000,G13,259583.000,-15710.000,-15308.802,-401.198,-393.051,-8.147,0
383.000,G15,259583.000,-10732.000,-10328.739,-403.261,-393.051,-10.211,0
383.000,G20,259583.000,7286.000,7670.929,-384.929,-393.051,8.122,0
383.000,G22,259583.000,-10251.000,-9853.298,-397.702,-393.051,-4.652,0
383.000,G30,259583.000,-9785.000,-9392.542,-392.458,-393.051,0.593,0
384.000,E04,259584.000,-18178.000,-17771.801,-406.199,-393.335,-12.864,0
384.000,E12,259584.000,977.000,1365.737,-388.737,-393.335,4.598,0
384.000,E19,259584.000,1909.000,2302.751,-393.751,-393.335,-0.416,0
384.000,E21,259584.000,-18575.000,-18168.169,-406.831,-393.335,-13.496,0
384.000,E27,259584.000,8881.000,9284.787,-403.787,-393.335,-10.452,0
384.000,E33,259584.000,-26686.000,-26296.222,-389.778,-393.335,3.557,0
384.000,G02,259584.000,-13486.000,-13099.593,-386.407,-393.335,6.928,0
384.000,G06,259584.000,-3705.000,-3319.464,-385.536,-393.335,7.800,0
384.000,G07,259584.000,-4764.000,-4372.356,-391.644,-393.335,1.691,0
384.000,G09,259584.000,19069.000,19462.725,-393.725,-393.335,-0.389,0
384.000,G11,259584.000,-22874.000,-22487.797,-386.203,-393.335,7.132,0
384.000,G13,259584.000,-15725.000,-15324.020,-400.980,-393.335,-7.645,0
384.000,G15,259584.000,-10743.000,-10340.162,-402.838,-393.335,-9.502,0
384.000,G20,259584.000,7236.000,7621.093,-385.093,-393.335,8.242,0
384.000,G22,259584.000,-10272.000,-9874.120,-397.880,-393.335,-4.545,0
384.000,G30,259584.000,-9818.000,-9425.054,-392.946,-393.335,0.389,0
385.000,E04,259585.000,-18183.000,-17777.388,-405.612,-393.150,-12.462,0
385.000,E12,259585.000,935.000,1324.351,-389.351,-393.150,3.800,0
385.000,E19,259585.000,1876.000,2269.851,-393.851,-393.150,-0.701,0
385.000,E21,259585.000,-18579.000,-18172.346,-406.654,-393.150,-13.504,0
385.000,E27,259585.000,8869.000,9272.905,-403.905,-393.150,-10.754,0
385.000,E33,259585.000,-26724.000,-26334.832,-389.168,-393.150,3.982,0
385.000,G02,259585.000,-13531.000,-13144.830,-386.170,-393.150,6.980,0
385.000,G06,259585.000,-3752.000,-3366.467,-385.533,-393.150,7.617,0
385.000,G07,259585.000,-4798.000,-4406.182,-391.818,-393.150,1.332,0
385.000,G09,259585.000,19037.000,19431.067,-394.067,-393.150,-0.917,0
385.000,G11,259585.000,-22919.000,-22532.565,-386.435,-393.150,6.715,0
385.000,G13,259585.000,-15740.000,-15339.226,-400.774,-393.150,-7.624,0
385.000,G15,259585.000,-10755.000,-10351.583,-403.417,-393.150,-10.267,0
385.000,G20,259585.000,7186.000,7571.236,-385.236,-393.150,7.914,0
385.000,G22,259585.000,-10293.000,-9894.919,-398.081,-393.150,-4.931,0
385.000,G30,259585.000,-9850.000,-9457.551,-392.449,-393.150,0.701,0
386.000,E04,259586.000,-18189.000,-17782.964,-406.036,-393.456,-12.580,0
386.000,E12,259586.000,894.000,1282.957,-388.957,-393.456,4.499,0
386.000,E19,259586.000,1843.000,2236.944,-393.944,-393.456,-0.488,0
386.000,E21,259586.000,-18583.000,-18176.507,-406.493,-393.456,-13.037,0
386.000,E27,259586.000,8857.000,9261.009,-404.009,-393.456,-10.553,0
386.000,E33,259586.000,-26763.000,-26373.392,-389.608,-393.456,3.848,0
386.000,G02,259586.000,-13576.000,-13190.040,-385.960,-393.456,7.496,0
386.000,G06,259586.000,-3799.000,-3413.467,-385.533,-393.456,7.923,0
386.000,G07,259586.000,-4832.000,-4440.001,-391.999,-393.456,1.457,0
386.000,G09,259586.000,19005.000,19399.378,-394.378,-393.456,-0.922,0
386.000,G11,259586.000,-22964.000,-22577.282,-386.718,-393.456,6.738,0
386.000,G13,259586.000,-15756.000,-15354.420,-401.580,-393.456,-8.124,0
386.000,G15,259586.000,-10766.000,-10363.000,-403.000,-393.456,-9.544,0
386.000,G20,259586.000,7136.000,7521.357,-385.357,-393.456,8.099,0
386.000,G22,259586.000,-10314.000,-9915.694,-398.306,-393.456,-4.850,0
386.000,G30,259586.000,-9883.000,-9490.032,-392.968,-393.456,0.488,0
387.000,E04,259587.000,-18195.000,-17788.530,-406.470,-393.766,-12.704,0
387.000,E12,259587.000,852.000,1241.556,-389.556,-393.766,4.210,0
387.000,E19,259587.000,1810.000,2204.030,-394.030,-393.766,-0.264,0
387.000,E21,259587.000,-18587.000,-18180.655,-406.345,-393.766,-12.579,0
387.000,E27,259587.000,8845.000,9249.101,-404.101,-393.766,-10.335,0
387.000,E33,259587.000,-26802.000,-26411.900,-390.100,-393.766,3.666,0
387.000,G02,259587.000,-13622.000,-13235.225,-386.775,-393.766,6.991,0
387.000,G06,259587.000,-3846.000,-3460.463,-385.537,-393.766,8.229,0
387.000,G07,259587.000,-4866.000,-4473.811,-392.189,-393.766,1.578,0
387.000,G09,259587.000,18973.000,19367.657,-394.657,-393.766,-0.891,0
387.000,G11,259587.000,-23009.000,-22621.949,-387.051,-393.766,6.715,0
387.000,G13,259587.000,-15771.000,-15369.603,-401.397,-393.766,-7.631,0
387.000,G15,259587.000,-10778.000,-10374.415,-403.585,-393.766,-9.819,0
387.000,G20,259587.000,7086.000,7471.456,-385.456,-393.766,8.310,0
387.000,G22,259587.000,-10335.000,-9936.445,-398.555,-393.766,-4.789,0
387.000,G30,259587.000,-9916.000,-9522.498,-393.502,-393.766,0.264,0
388.000,E04,259588.000,-18200.000,-17794.086,-405.914,-393.080,-12.834,0
388.000,E12,259588.000,811.000,1200.149,-389.149,-393.080,3.931,0
388.000,E19,259588.000,1778.000,2171.109,-393.109,-393.080,-0.029,0
388.000,E21,259588.000,-18591.000,-18184.788,-406.212,-393.080,-13.132,0
388.000,E27,259588.000,8833.000,9237.183,-404.183,-393.080,-11.103,0
388.000,E33,259588.000,-26840.000,-26450.357,-389.643,-393.080,3.438,0
388.000,G02,259588.000,-13667.000,-13280.384,-386.616,-393.080,6.465,0
388.000,G06,259588.000,-3893.000,-3507.456,-385.544,-393.080,7.536,0
388.000,G07,259588.000,-4900.000,-4507.614,-392.386,-393.080,0.695,0
388.000,G09,259588.000,18942.000,19335.904,-393.904,-393.080,-0.824,0
388.000,G11,259588.000,-23053.000,-22666.564,-386.436,-393.080,6.645,0
388.000,G13,259588.000,-15786.000,-15384.775,-401.225,-393.080,-8.145,0
388.000,G15,259588.000,-10789.000,-10385.825,-403.175,-393.080,-10.094,0
388.000,G20,259588.000,7037.000,7421.533,-384.533,-393.080,8.547,0
388.000,G22,259588.000,-10355.000,-9957.172,-397.828,-393.080,-4.747,0
388.000,G30,259588.000,-9948.000,-9554.948,-393.052,-393.080,0.029,0
389.000,E04,259589.000,-18206.000,-17799.631,-406.369,-392.899,-13.470,0
389.000,E12,259589.000,769.000,1158.735,-389.735,-392.899,3.164,0
389.000,E19,259589.000,1745.000,2138.181,-393.181,-392.899,-0.282,0
389.000,E21,259589.000,-18595.000,-18188.907,-406.093,-392.899,-13.195,0
389.000,E27,259589.000,8821.000,9225.253,-404.253,-392.899,-11.354,0
389.000,E33,259589.000,-26879.000,-26488.763,-390.237,-392.899,2.662,0
389.000,G02,259589.000,-13712.000,-13325.517,-386.483,-392.899,6.416,0
389.000,G06,259589.000,-3940.000,-3554.445,-385.555,-392.899,7.344,0
389.000,G07,259589.000,-4934.000,-4541.409,-392.591,-392.899,0.308,0
389.000,G09,259589.000,18910.000,19304.119,-394.119,-392.899,-1.220,0
389.000,G11,259589.000,-23098.000,-22711.129,-386.871,-392.899,6.028,0
389.000,G13,259589.000,-15801.000,-15399.935,-401.065,-392.899,-8.166,0
389.000,G15,259589.000,-10800.000,-10397.233,-402.767,-392.899,-9.868,0
389.000,G20,259589.000,6987.000,7371.589,-384.589,-392.899,8.310,0
389.000,G22,259589.000,-10376.000,-9977.876,-398.124,-392.899,-5.226,0
389.000,G30,259589.000,-9980.000,-9587.383,-392.617,-392.899,0.282,0
390.000,E04,259590.000,-18212.000,-17805.167,-406.833,-393.722,-13.112,0
390.000,E12,259590.000,728.000,1117.314,-389.314,-393.722,4.408,0
390.000,E19,259590.000,1711.000,2105.246,-394.246,-393.722,-0.524,0
390.000,E21,259590.000,-18600.000,-18193.011,-406.989,-393.722,-13.267,0
390.000,E27,259590.000,8809.000,9213.313,-404.313,-393.722,-10.591,0
390.000,E33,259590.000,-26917.000,-26527.118,-389.882,-393.722,3.840,0
390.000,G02,259590.000,-13757.000,-13370.624,-386.376,-393.722,7.345,0
390.000,G06,259590.000,-3987.000,-3601.431,-385.569,-393.722,8.153,0
390.000,G07,259590.000,-4968.000,-4575.196,-392.804,-393.722,0.918,0
390.000,G09,259590.000,18878.000,19272.303,-394.303,-393.722,-0.581,0
390.000,G11,259590.000,-23143.000,-22755.643,-387.357,-393.722,6.364,0
390.000,G13,259590.000,-15817.000,-15415.084,-401.916,-393.722,-8.195,0
390.000,G15,259590.000,-10812.000,-10408.638,-403.362,-393.722,-9.641,0
390.000,G20,259590.000,6936.000,7321.623,-385.623,-393.722,8.099,0
390.000,G22,259590.000,-10397.000,-9998.555,-398.445,-393.722,-4.723,0
390.000,G30,259590.000,-10013.000,-9619.802,-393.198,-393.722,0.524,0
391.000,E04,259591.000,-18218.000,-17810.692,-407.308,-394.049,-13.259,0
391.000,E12,259591.000,686.000,1075.887,-389.887,-394.049,4.162,0
391.000,E19,259591.000,1678.000,2072.304,-394.304,-394.049,-0.255,0
391.000,E21,259591.000,-18604.000,-18197.101,-406.899,-394.049,-12.850,0
391.000,E27,259591.000,8797.000,9201.361,-404.361,-394.049,-10.312,0
391.000,E33,259591.000,-26956.000,-26565.422,-390.578,-394.049,3.471,0
391.000,G02,259591.000,-13803.000,-13415.704,-387.296,-394.049,6.753,0
391.000,G06,259591.000,-4035.000,-3648.413,-386.587,-394.049,7.462,0
391.000,G07,259591.000,-5002.000,-4608.975,-393.025,-394.049,1.024,0
391.000,G09,259591.000,18846.000,19240.454,-394.454,-394.049,-0.405,0
391.000,G11,259591.000,-23188.000,-22800.105,-387.895,-394.049,6.154,0
391.000,G13,259591.000,-15832.000,-15430.221,-401.779,-394.049,-7.730,0
391.000,G15,259591.000,-10824.000,-10420.039,-403.961,-394.049,-9.912,0
391.000,G20,259591.000,6886.000,7271.636,-385.636,-394.049,8.413,0
391.000,G22,259591.000,-10418.000,-10019.211,-398.789,-394.049,-4.740,0
391.000,G30,259591.000,-10046.000,-9652.206,-393.794,-394.049,0.255,0
392.000,E04,259592.000,-18223.000,-17816.207,-406.793,-393.881,-12.912,0
392.000,E12,259592.000,645.000,1034.453,-389.453,-393.881,4.427,0
392.000,E19,259592.000,1645.000,2039.355,-394.355,-393.881,-0.474,0
392.000,E21,259592.000,-18608.000,-18201.176,-406.824,-393.881,-12.943,0
392.000,E27,259592.000,8785.000,9189.398,-404.398,-393.881,-10.517,0
392.000,E33,259592.000,-26994.000,-26603.674,-390.326,-393.881,3.555,0
392.000,G02,259592.000,-13848.000,-13460.758,-387.242,-393.881,6.638,0
392.000,G06,259592.000,-4081.000,-3695.391,-385.609,-393.881,8.272,0
392.000,G07,259592.000,-5035.000,-4642.746,-392.254,-393.881,1.627,0
392.000,G09,259592.000,18814.000,19208.574,-394.574,-393.881,-0.694,0
392.000,G11,259592.000,-23232.000,-22844.517,-387.483,-393.881,6.398,0
392.000,G13,259592.000,-15847.000,-15445.346,-401.654,-393.881,-7.773,0
392.000,G15,259592.000,-10835.000,-10431.437,-403.563,-393.881,-9.683,0
392.000,G20,259592.000,6836.000,7221.627,-385.627,-393.881,8.253,0
392.000,G22,259592.000,-10439.000,-10039.842,-399.158,-393.881,-5.277,0
392.000,G30,259592.000,-10078.000,-9684.594,-393.406,-393.881,0.474,0
393.000,E04,259593.000,-18228.000,-17821.712,-406.288,-393.217,-13.072,0
393.000,E12,259593.000,604.000,993.013,-389.013,-393.217,4.204,0
393.000,E19,259593.000,1613.000,2006.399,-393.399,-393.217,-0.183,0
393.000,E21,259593.000,-18612.000,-18205.237,-406.763,-393.217,-13.546,0
393.000,E27,259593.000,8773.000,9177.423,-404.423,-393.217,-11.207,0
393.000,E33,259593.000,-27032.000,-26641.875,-390.125,-393.217,3.092,0
393.000,G02,259593.000,-13892.000,-13505.785,-386.215,-393.217,7.002,0
393.000,G06,259593.000,-4128.000,-3742.365,-385.635,-393.217,7.582,0
393.000,G07,259593.000,-5069.000,-4676.509,-392.491,-393.217,0.726,0
393.000,G09,259593.000,18782.000,19176.663,-394.663,-393.217,-1.446,0
393.000,G11,259593.000,-23276.000,-22888.878,-387.122,-393.217,6.094,0
393.000,G13,259593.000,-15862.000,-15460.461,-401.539,-393.217,-8.323,0
393.000,G15,259593.000,-10846.000,-10442.832,-403.168,-393.217,-9.952,0
393.000,G20,259593.000,6786.000,7171.598,-385.598,-393.217,7.619,0
393.000,G22,259593.000,-10459.000,-10060.450,-398.550,-393.217,-5.333,0
393.000,G30,259593.000,-10110.000,-9716.966,-393.034,-393.217,0.183,0
394.000,E04,259594.000,-18233.000,-17827.206,-405.794,-393.057,-12.736,0
394.000,E12,259594.000,562.000,951.567,-389.567,-393.057,3.491,0
394.000,E19,259594.000,1580.000,1973.437,-393.437,-393.057,-0.380,0
394.000,E21,259594.000,-18616.000,-18209.284,-406.716,-393.057,-13.659,0
394.000,E27,259594.000,8761.000,9165.438,-404.438,-393.057,-11.380,0
394.000,E33,259594.000,-27070.000,-26680.025,-389.975,-393.057,3.082,0
394.000,G02,259594.000,-13937.000,-13550.786,-386.214,-393.057,6.843,0
394.000,G06,259594.000,-4175.000,-3789.335,-385.665,-393.057,7.392,0
394.000,G07,259594.000,-5102.000,-4710.264,-391.736,-393.057,1.321,0
394.000,G09,259594.000,18751.000,19144.719,-393.719,-393.057,-0.662,0
394.000,G11,259594.000,-23320.000,-22933.187,-386.813,-393.057,6.244,0
394.000,G13,259594.000,-15877.000,-15475.563,-401.437,-393.057,-8.379,0
394.000,G15,259594.000,-10858.000,-10454.223,-403.777,-393.057,-10.720,0
394.000,G20,259594.000,6736.000,7121.547,-385.547,-393.057,7.510,0
394.000,G22,259594.000,-10480.000,-10081.033,-398.967,-393.057,-5.909,0
394.000,G30,259594.000,-10142.000,-9749.322,-392.678,-393.057,0.380,0
395.000,E04,259595.000,-18239.000,-17832.691,-406.309,-392.903,-13.407,0
395.000,E12,259595.000,521.000,910.114,-389.114,-392.903,3.789,0
395.000,E19,259595.000,1547.000,1940.468,-393.468,-392.903,-0.565,0
395.000,E21,259595.000,-18620.000,-18213.316,-406.684,-392.903,-13.781,0
395.000,E27,259595.000,8750.000,9153.441,-403.441,-392.903,-10.539,0
395.000,E33,259595.000,-27108.000,-26718.123,-389.877,-392.903,3.026,0
395.000,G02,259595.000,-13982.000,-13595.760,-386.240,-392.903,6.663,0
395.000,G06,259595.000,-4222.000,-3836.301,-385.699,-392.903,7.203,0
395.000,G07,259595.000,-5136.000,-4744.010,-391.990,-392.903,0.913,0
395.000,G09,259595.000,18719.000,19112.744,-393.744,-392.903,-0.841,0
395.000,G11,259595.000,-23364.000,-22977.445,-386.555,-392.903,6.348,0
395.000,G13,259595.000,-15892.000,-15490.654,-401.346,-392.903,-8.443,0
395.000,G15,259595.000,-10869.000,-10465.611,-403.389,-392.903,-10.486,0
395.000,G20,259595.000,6687.000,7071.476,-384.476,-392.903,8.427,0
395.000,G22,259595.000,-10500.000,-10101.593,-398.407,-392.903,-5.504,0
395.000,G30,259595.000,-10174.000,-9781.663,-392.337,-392.903,0.565,0
396.000,E04,259596.000,-18244.000,-17838.165,-405.835,-393.252,-12.583,0
396.000,E12,259596.000,479.000,868.655,-389.655,-393.252,3.597,0
396.000,E19,259596.000,1514.000,1907.492,-393.492,-393.252,-0.240,0
396.000,E21,259596.000,-18624.000,-18217.334,-406.666,-393.252,-13.414,0
396.000,E27,259596.000,8737.000,9141.434,-404.434,-393.252,-11.181,0
396.000,E33,259596.000,-27146.000,-26756.170,-389.830,-393.252,3.422,0
396.000,G02,259596.000,-14027.000,-13640.707,-386.293,-393.252,6.960,0
396.000,G06,259596.000,-4269.000,-3883.262,-385.738,-393.252,7.514,0
396.000,G07,259596.000,-5170.000,-4777.748,-392.252,-393.252,1.001,0
396.000,G09,259596.000,18687.000,19080.737,-393.737,-393.252,-0.485,0
396.000,G11,259596.000,-23409.000,-23021.651,-387.349,-393.252,5.904,0
396.000,G13,259596.000,-15907.000,-15505.734,-401.266,-393.252,-8.014,0
396.000,G15,259596.000,-10880.000,-10476.996,-403.004,-393.252,-9.752,0
396.000,G20,259596.000,6636.000,7021.384,-385.384,-393.252,7.869,0
396.000,G22,259596.000,-10521.000,-10122.129,-398.871,-393.252,-5.619,0
396.000,G30,259596.000,-10207.000,-9813.987,-393.013,-393.252,0.240,0
397.000,E04,259597.000,-18250.000,-17843.629,-406.371,-393.107,-13.264,0
397.000,E12,259597.000,438.000,827.191,-389.191,-393.107,3.916,0
397.000,E19,259597.000,1481.000,1874.510,-393.510,-393.107,-0.403,0
397.000,E21,259597.000,-18628.000,-18221.338,-406.662,-393.107,-13.556,0
397.000,E27,259597.000,8725.000,9129.415,-404.415,-393.107,-11.308,0
397.000,E33,259597.000,-27184.000,-26794.165,-389.835,-393.107,3.272,0
397.000,G02,259597.000,-14072.000,-13685.628,-386.372,-393.107,6.735,0
397.000,G06,259597.000,-4316.000,-3930.219,-385.781,-393.107,7.326,0
397.000,G07,259597.000,-5204.000,-4811.478,-392.522,-393.107,0.585,0
397.000,G09,259597.000,18654.000,19048.699,-394.699,-393.107,-1.592,0
397.000,G11,259597.000,-23453.000,-23065.807,-387.193,-393.107,5.914,0
397.000,G13,259597.000,-15922.000,-15520.802,-401.198,-393.107,-8.091,0
397.000,G15,259597.000,-10892.000,-10488.377,-403.623,-393.107,-10.516,0
397.000,G20,259597.000,6586.000,6971.271,-385.271,-393.107,7.836,0
397.000,G22,259597.000,-10541.000,-10142.640,-398.360,-393.107,-5.253,0
397.000,G30,259597.000,-10239.000,-9846.296,-392.704,-393.107,0.403,0
398.000,E04,259598.000,-18255.000,-17849.082,-405.918,-393.466,-12.451,0
398.000,E12,259598.000,396.000,785.720,-389.720,-393.466,3.746,0
398.000,E19,259598.000,1448.000,1841.521,-393.521,-393.466,-0.055,0
398.000,E21,259598.000,-18632.000,-18225.327,-406.673,-393.466,-13.207,0
398.000,E27,259598.000,8713.000,9117.385,-404.385,-393.466,-10.919,0
398.000,E33,259598.000,-27222.000,-26832.109,-389.891,-393.466,3.575,0
398.000,G02,259598.000,-14117.000,-13730.521,-386.479,-393.466,6.987,0
398.000,G06,259598.000,-4363.000,-3977.171,-385.829,-393.466,7.638,0
398.000,G07,259598.000,-5238.000,-4845.199,-392.801,-393.466,0.666,0
398.000,G09,259598.000,18622.000,19016.629,-394.629,-393.466,-1.163,0
398.000,G11,259598.000,-23497.000,-23109.910,-387.090,-393.466,6.377,0
398.000,G13,259598.000,-15937.000,-15535.859,-401.141,-393.466,-7.675,0
398.000,G15,259598.000,-10903.000,-10499.755,-403.245,-393.466,-9.779,0
398.000,G20,259598.000,6536.000,6921.138,-385.138,-393.466,8.328,0
398.000,G22,259598.000,-10562.000,-10163.128,-398.872,-393.466,-5.406,0
398.000,G30,259598.000,-10272.000,-9878.589,-393.411,-393.466,0.055,0
399.000,E04,259599.000,-18261.000,-17854.526,-406.474,-393.330,-13.144,0
399.000,E12,259599.000,355.000,744.244,-389.244,-393.330,4.086,0
399.000,E19,259599.000,1415.000,1808.526,-393.526,-393.330,-0.196,0
399.000,E21,259599.000,-18636.000,-18229.302,-406.698,-393.330,-13.368,0
399.000,E27,259599.000,8702.000,9105.344,-403.344,-393.330,-10.014,0
399.000,E33,259599.000,-27260.000,-26870.001,-389.999,-393.330,3.331,0
399.000,G02,259599.000,-14162.000,-13775.388,-386.612,-393.330,6.718,0
399.000,G06,259599.000,-4409.000,-4024.119,-384.881,-393.330,8.449,0
399.000,G07,259599.000,-5271.000,-4878.912,-392.088,-393.330,1.242,0
399.000,G09,259599.000,18591.000,18984.528,-393.528,-393.330,-0.198,0
399.000,G11,259599.000,-23541.000,-23153.963,-387.037,-393.330,6.293,0
399.000,G13,259599.000,-15952.000,-15550.903,-401.097,-393.330,-7.767,0
399.000,G15,259599.000,-10914.000,-10511.130,-402.870,-393.330,-9.540,0
399.000,G20,259599.000,6486.000,6870.984,-384.984,-393.330,8.346,0
399.000,G22,259599.000,-10582.000,-10183.591,-398.409,-393.330,-5.079,0
399.000,G30,259599.000,-10304.000,-9910.866,-393.134,-393.330,0.196,0
400.000,E04,259600.000,-18266.000,-17859.959,-406.041,-392.199,-13.842,0
400.000,E12,259600.000,314.000,702.761,-388.761,-392.199,3.438,0
400.000,E19,259600.000,1383.000,1775.524,-392.524,-392.199,-0.325,0
400.000,E21,259600.000,-18639.000,-18233.262,-405.738,-392.199,-13.539,0
400.000,E27,259600.000,8690.000,9093.291,-403.291,-392.199,-11.093,0
400.000,E33,259600.000,-27297.000,-26907.842,-389.158,-392.199,3.041,0
400.000,G02,259600.000,-14206.000,-13820.227,-385.773,-392.199,6.426,0
400.000,G06,259600.000,-4456.000,-4071.062,-384.938,-392.199,7.261,0
400.000,G07,259600.000,-5304.000,-4912.617,-391.383,-392.199,0.816,0
400.000,G09,259600.000,18559.000,18952.395,-393.395,-392.199,-1.196,0
400.000,G11,259600.000,-23584.000,-23197.963,-386.037,-392.199,6.162,0
400.000,G13,259600.000,-15967.000,-15565.937,-401.063,-392.199,-8.864,0
400.000,G15,259600.000,-10925.000,-10522.502,-402.498,-392.199,-10.300,0
400.000,G20,259600.000,6436.000,6820.810,-384.810,-392.199,7.389,0
400.000,G22,259600.000,-10602.000,-10204.030,-397.970,-392.199,-5.771,0
400.000,G30,259600.000,-10335.000,-9943.126,-391.874,-392.199,0.325,0
401.000,E04,259601.000,-18271.000,-17865.382,-405.618,-392.930,-12.688,0
401.000,E12,259601.000,272.000,661.273,-389.273,-392.930,3.657,0
401.000,E19,259601.000,1349.000,1742.516,-393.516,-392.930,-0.586,0
401.000,E21,259601.000,-18644.000,-18237.208,-406.792,-392.930,-13.862,0
401.000,E27,259601.000,8678.000,9081.228,-403.228,-392.930,-10.298,0
401.000,E33,259601.000,-27335.000,-26945.631,-389.369,-392.930,3.561,0
401.000,G02,259601.000,-14251.000,-13865.039,-385.961,-392.930,6.969,0
401.000,G06,259601.000,-4503.000,-4118.000,-385.000,-392.930,7.930,0
401.000,G07,259601.000,-5338.000,-4946.313,-391.687,-392.930,1.243,0
401.000,G09,259601.000,18527.000,18920.231,-393.231,-392.930,-0.301,0
401.000,G11,259601.000,-23629.000,-23241.912,-387.088,-392.930,5.842,0
401.000,G13,259601.000,-15982.000,-15580.959,-401.041,-392.930,-8.111,0
401.000,G15,259601.000,-10937.000,-10533.870,-403.130,-392.930,-10.200,0
401.000,G20,259601.000,6386.000,6770.616,-384.616,-392.930,8.314,0
401.000,G22,259601.000,-10623.000,-10224.445,-398.555,-392.930,-5.625,0
401.000,G30,259601.000,-10368.000,-9975.371,-392.629,-392.930,0.301,0
402.000,E04,259602.000,-18277.000,-17870.795,-406.205,-393.451,-12.754,0
402.000,E12,259602.000,230.000,619.780,-389.780,-393.451,3.671,0
402.000,E19,259602.000,1316.000,1709.501,-393.501,-393.451,-0.050,0
402.000,E21,259602.000,-18648.000,-18241.140,-406.860,-393.451,-13.409,0
402.000,E27,259602.000,8665.000,9069.153,-404.153,-393.451,-10.702,0
402.000,E33,259602.000,-27374.000,-26983.368,-390.632,-393.451,2.819,0
402.000,G02,259602.000,-14296.000,-13909.823,-386.177,-393.451,7.274,0
402.000,G06,259602.000,-4551.000,-4164.933,-386.067,-393.451,7.384,0
402.000,G07,259602.000,-5372.000,-4980.000,-392.000,-393.451,1.451,0
402.000,G09,259602.000,18494.000,18888.035,-394.035,-393.451,-0.585,0
402.000,G11,259602.000,-23673.000,-23285.809,-387.191,-393.451,6.260,0
402.000,G13,259602.000,-15997.000,-15595.969,-401.031,-393.451,-7.580,0
402.000,G15,259602.000,-10949.000,-10545.235,-403.765,-393.451,-10.315,0
402.000,G20,259602.000,6335.000,6720.402,-385.402,-393.451,8.049,0
402.000,G22,259602.000,-10643.000,-10244.836,-398.164,-393.451,-4.714,0
402.000,G30,259602.000,-10401.000,-10007.599,-393.401,-393.451,0.050,0
403.000,E04,259603.000,-18282.000,-17876.198,-405.802,-393.334,-12.468,0
403.000,E12,259603.000,189.000,578.281,-389.281,-393.334,4.054,0
403.000,E19,259603.000,1283.000,1676.480,-393.480,-393.334,-0.146,0
403.000,E21,259603.000,-18652.000,-18245.058,-406.942,-393.334,-13.608,0
403.000,E27,259603.000,8653.000,9057.067,-404.067,-393.334,-10.733,0
403.000,E33,259603.000,-27411.000,-27021.054,-389.946,-393.334,3.388,0
403.000,G02,259603.000,-14341.000,-13954.581,-386.419,-393.334,6.915,0
403.000,G06,259603.000,-4597.000,-4211.861,-385.139,-393.334,8.196,0
403.000,G07,259603.000,-5406.000,-5013.679,-392.321,-393.334,1.013,0
403.000,G09,259603.000,18462.000,18855.808,-393.808,-393.334,-0.474,0
403.000,G11,259603.000,-23717.000,-23329.655,-387.345,-393.334,5.989,0
403.000,G13,259603.000,-16012.000,-15610.968,-401.032,-393.334,-7.698,0
403.000,G15,259603.000,-10960.000,-10556.596,-403.404,-393.334,-10.070,0
403.000,G20,259603.000,6285.000,6670.167,-385.167,-393.334,8.167,0
403.000,G22,259603.000,-10664.000,-10265.202,-398.798,-393.334,-5.464,0
403.000,G30,259603.000,-10433.000,-10039.812,-393.188,-393.334,0.146,0
404.000,E04,259604.000,-18287.000,-17881.591,-405.409,-393.223,-12.187,0
404.000,E12,259604.000,148.000,536.776,-388.776,-393.223,4.447,0
404.000,E19,259604.000,1250.000,1643.453,-393.453,-393.223,-0.230,0
404.000,E21,259604.000,-18655.000,-18248.961,-406.039,-393.223,-12.816,0
404.000,E27,259604.000,8641.000,9044.971,-403.971,-393.223,-10.748,0
404.000,E33,259604.000,-27449.000,-27058.688,-390.312,-393.223,2.911,0
404.000,G02,259604.000,-14386.000,-13999.310,-386.690,-393.223,6.533,0
404.000,G06,259604.000,-4644.000,-4258.784,-385.216,-393.223,8.007,0
404.000,G07,259604.000,-5439.000,-5047.349,-391.651,-393.223,1.571,0
404.000,G09,259604.000,18430.000,18823.550,-393.550,-393.223,-0.327,0
404.000,G11,259604.000,-23760.000,-23373.448,-386.552,-393.223,6.671,0
404.000,G13,259604.000,-16027.000,-15625.955,-401.045,-393.223,-7.823,0
404.000,G15,259604.000,-10971.000,-10567.954,-403.046,-393.223,-9.823,0
404.000,G20,259604.000,6235.000,6619.914,-384.914,-393.223,8.309,0
404.000,G22,259604.000,-10684.000,-10285.545,-398.455,-393.223,-5.233,0
404.000,G30,259604.000,-10465.000,-10072.008,-392.992,-393.223,0.230,0
405.000,E04,259605.000,-18293.000,-17886.973,-406.027,-393.037,-12.991,0
405.000,E12,259605.000,106.000,495.266,-389.266,-393.037,3.770,0
405.000,E19,259605.000,1217.000,1610.420,-393.420,-393.037,-0.383,0
405.000,E21,259605.000,-18659.000,-18252.850,-406.150,-393.037,-13.113,0
405.000,E27,259605.000,8629.000,9032.863,-403.863,-393.037,-10.826,0
405.000,E33,259605.000,-27486.000,-27096.270,-389.730,-393.037,3.307,0
405.000,G02,259605.000,-14430.000,-14044.012,-385.988,-393.037,7.049,0
405.000,G06,259605.000,-4691.000,-4305.701,-385.299,-393.037,7.738,0
405.000,G07,259605.000,-5473.000,-5081.010,-391.990,-393.037,1.046,0
405.000,G09,259605.000,18398.000,18791.261,-393.261,-393.037,-0.224,0
405.000,G11,259605.000,-23804.000,-23417.190,-386.810,-393.037,6.226,0
405.000,G13,259605.000,-16042.000,-15640.930,-401.070,-393.037,-8.033,0
405.000,G15,259605.000,-10982.000,-10579.309,-402.691,-393.037,-9.655,0
405.000,G20,259605.000,6185.000,6569.640,-384.640,-393.037,8.397,0
405.000,G22,259605.000,-10704.000,-10305.863,-398.137,-393.037,-5.101,0
405.000,G30,259605.000,-10497.000,-10104.187,-392.813,-393.037,0.224,0
406.000,E04,259606.000,-18298.000,-17892.345,-405.655,-393.015,-12.640,0
406.000,E12,259606.000,65.000,453.751,-388.751,-393.015,4.263,0
406.000,E19,259606.000,1184.000,1577.380,-393.380,-393.015,-0.366,0
406.000,E21,259606.000,-18663.000,-18256.725,-406.275,-393.015,-13.261,0
406.000,E27,259606.000,8617.000,9020.744,-403.744,-393.015,-10.729,0
406.000,E33,259606.000,-27524.000,-27133.801,-390.199,-393.015,2.816,0
406.000,G02,259606.000,-14475.000,-14088.686,-386.314,-393.015,6.701,0
406.000,G06,259606.000,-4738.000,-4352.613,-385.387,-393.015,7.628,0
406.000,G07,259606.000,-5507.000,-5114.662,-392.338,-393.015,0.677,0
406.000,G09,259606.000,18365.000,18758.940,-393.940,-393.015,-0.925,0
406.000,G11,259606.000,-23848.000,-23460.879,-387.121,-393.015,5.894,0
406.000,G13,259606.000,-16057.000,-15655.894,-401.106,-393.015,-8.092,0
406.000,G15,259606.000,-10994.000,-10590.660,-403.340,-393.015,-10.325,0
406.000,G20,259606.000,6135.000,6519.347,-384.347,-393.015,8.668,0
406.000,G22,259606.000,-10725.000,-10326.156,-398.844,-393.015,-5.829,0
406.000,G30,259606.000,-10529.000,-10136.351,-392.649,-393.015,0.366,0
407.000,E04,259607.000,-18304.000,-17897.707,-406.293,-393.418,-12.875,0
407.000,E12,259607.000,23.000,412.231,-389.231,-393.418,4.187,0
407.000,E19,259607.000,1151.000,1544.335,-393.335,-393.418,0.084,0
407.000,E21,259607.000,-18667.000,-18260.585,-406.415,-393.418,-12.997,0
407.000,E27,259607.000,8605.000,9008.613,-403.613,-393.418,-10.195,0
407.000,E33,259607.000,-27562.000,-27171.279,-390.721,-393.418,2.698,0
407.000,G02,259607.000,-14520.000,-14133.333,-386.667,-393.418,6.751,0
407.000,G06,259607.000,-4785.000,-4399.519,-385.481,-393.418,7.938,0
407.000,G07,259607.000,-5541.000,-5148.306,-392.694,-393.418,0.724,0
407.000,G09,259607.000,18333.000,18726.588,-393.588,-393.418,-0.169,0
407.000,G11,259607.000,-23892.000,-23504.517,-387.483,-393.418,5.935,0
407.000,G13,259607.000,-16072.000,-15670.846,-401.154,-393.418,-7.736,0
407.000,G15,259607.000,-11005.000,-10602.008,-402.992,-393.418,-9.574,0
407.000,G20,259607.000,6084.000,6469.034,-385.034,-393.418,8.384,0
407.000,G22,259607.000,-10745.000,-10346.426,-398.574,-393.418,-5.156,0
407.000,G30,259607.000,-10562.000,-10168.498,-393.502,-393.418,-0.084,0
408.000,E04,259608.000,-18310.000,-17903.059,-406.941,-393.788,-13.153,0
408.000,E12,259608.000,-18.000,370.706,-388.706,-393.788,5.082,0
408.000,E19,259608.000,1117.000,1511.283,-394.283,-393.788,-0.495,0
408.000,E21,259608.000,-18672.000,-18264.431,-407.569,-393.788,-13.781,0
408.000,E27,259608.000,8592.000,8996.472,-404.472,-393.788,-10.684,0
408.000,E33,259608.000,-27599.000,-27208.706,-390.294,-393.788,3.494,0
408.000,G02,259608.000,-14565.000,-14177.951,-387.049,-393.788,6.739,0
408.000,G06,259608.000,-4832.000,-4446.420,-385.580,-393.788,8.208,0
408.000,G07,259608.000,-5575.000,-5181.940,-393.060,-393.788,0.728,0
408.000,G09,259608.000,18300.000,18694.204,-394.204,-393.788,-0.417,0
408.000,G11,259608.000,-23936.000,-23548.102,-387.898,-393.788,5.890,0
408.000,G13,259608.000,-16088.000,-15685.786,-402.214,-393.788,-8.426,0
408.000,G15,259608.000,-11017.000,-10613.352,-403.648,-393.788,-9.860,0
408.000,G20,259608.000,6033.000,6418.702,-385.702,-393.788,8.086,0
408.000,G22,259608.000,-10766.000,-10366.671,-399.329,-393.788,-5.541,0
408.000,G30,259608.000,-10594.000,-10200.629,-393.371,-393.788,0.417,0
409.000,E04,259609.000,-18315.000,-17908.400,-406.600,-393.524,-13.076,0
409.000,E12,259609.000,-59.000,329.175,-388.175,-393.524,5.348,0
409.000,E19,259609.000,1084.000,1478.226,-394.226,-393.524,-0.702,0
409.000,E21,259609.000,-18675.000,-18268.263,-406.737,-393.524,-13.213,0
409.000,E27,259609.000,8580.000,8984.320,-404.320,-393.524,-10.796,0
409.000,E33,259609.000,-27637.000,-27246.081,-390.919,-393.524,2.605,0
409.000,G02,259609.000,-14610.000,-14222.542,-387.458,-393.524,6.065,0
409.000,G06,259609.000,-4879.000,-4493.315,-385.685,-393.524,7.839,0
409.000,G07,259609.000,-5608.000,-5215.566,-392.434,-393.524,1.090,0
409.000,G09,259609.000,18268.000,18661.790,-393.790,-393.524,-0.266,0
409.000,G11,259609.000,-23979.000,-23591.636,-387.364,-393.524,6.159,0
409.000,G13,259609.000,-16103.000,-15700.715,-402.285,-393.524,-8.761,0
409.000,G15,259609.000,-11028.000,-10624.694,-403.306,-393.524,-9.783,0
409.000,G20,259609.000,5983.000,6368.351,-385.351,-393.524,8.172,0
409.000,G22,259609.000,-10786.000,-10386.892,-399.108,-393.524,-5.585,0
409.000,G30,259609.000,-10626.000,-10232.743,-393.257,-393.524,0.266,0
410.000,E04,259610.000,-18320.000,-17913.732,-406.268,-393.161,-13.108,0
410.000,E12,259610.000,-101.000,287.640,-388.640,-393.161,4.521,0
410.000,E19,259610.000,1052.000,1445.162,-393.162,-393.161,-0.001,0
410.000,E21,259610.000,-18679.000,-18272.081,-406.919,-393.161,-13.759,0
410.000,E27,259610.000,8568.000,8972.156,-404.156,-393.161,-10.996,0
410.000,E33,259610.000,-27674.000,-27283.404,-390.596,-393.161,2.565,0
410.000,G02,259610.000,-14654.000,-14267.104,-386.896,-393.161,6.265,0
410.000,G06,259610.000,-4926.000,-4540.204,-385.796,-393.161,7.365,0
410.000,G07,259610.000,-5641.000,-5249.183,-391.817,-393.161,1.343,0
410.000,G09,259610.000,18236.000,18629.345,-393.345,-393.161,-0.184,0
410.000,G11,259610.000,-24022.000,-23635.117,-386.883,-393.161,6.278,0
410.000,G13,259610.000,-16117.000,-15715.632,-401.368,-393.161,-8.207,0
410.000,G15,259610.000,-11039.000,-10636.031,-402.969,-393.161,-9.808,0
410.000,G20,259610.000,5933.000,6317.981,-384.981,-393.161,8.180,0
410.000,G22,259610.000,-10806.000,-10407.088,-398.912,-393.161,-5.751,0
410.000,G30,259610.000,-10658.000,-10264.841,-393.159,-393.161,0.001,0
411.000,E04,259611.000,-18325.000,-17919.053,-405.947,-393.473,-12.474,0
411.000,E12,259611.000,-142.000,246.100,-388.100,-393.473,5.373,0
411.000,E19,259611.000,1018.000,1412.093,-394.093,-393.473,-0.620,0
411.000,E21,259611.000,-18683.000,-18275.884,-407.116,-393.473,-13.643,0
411.000,E27,259611.000,8556.000,8959.982,-403.982,-393.473,-10.508,0
411.000,E33,259611.000,-27711.000,-27320.675,-390.325,-393.473,3.148,0
411.000,G02,259611.000,-14698.000,-14311.638,-386.362,-393.473,7.111,0
411.000,G06,259611.000,-4973.000,-4587.087,-385.913,-393.473,7.560,0
411.000,G07,259611.000,-5675.000,-5282.790,-392.210,-393.473,1.263,0
411.000,G09,259611.000,18203.000,18596.868,-393.868,-393.473,-0.395,0
411.000,G11,259611.000,-24066.000,-23678.546,-387.454,-393.473,6.019,0
411.000,G13,259611.000,-16132.000,-15730.538,-401.462,-393.473,-7.989,0
411.000,G15,259611.000,-11051.000,-10647.365,-403.635,-393.473,-10.161,0
411.000,G20,259611.000,5883.000,6267.592,-384.592,-393.473,8.881,0
411.000,G22,259611.000,-10826.000,-10427.260,-398.740,-393.473,-5.267,0
411.000,G30,259611.000,-10690.000,-10296.922,-393.078,-393.473,0.395,0
412.000,E04,259612.000,-18331.000,-17924.364,-406.636,-393.516,-13.121,0
412.000,E12,259612.000,-184.000,204.555,-388.555,-393.516,4.960,0
412.000,E19,259612.000,985.000,1379.018,-394.018,-393.516,-0.502,0
412.000,E21,259612.000,-18686.000,-18279.673,-406.327,-393.516,-12.811,0
412.000,E27,259612.000,8544.000,8947.796,-403.796,-393.516,-10.280,0
412.000,E33,259612.000,-27748.000,-27357.894,-390.106,-393.516,3.410,0
412.000,G02,259612.000,-14743.000,-14356.144,-386.856,-393.516,6.660,0
412.000,G06,259612.000,-5020.000,-4633.963,-386.037,-393.516,7.479,0
412.000,G07,259612.000,-5709.000,-5316.389,-392.611,-393.516,0.904,0
412.000,G09,259612.000,18170.000,18564.361,-394.361,-393.516,-0.845,0
412.000,G11,259612.000,-24109.000,-23721.922,-387.078,-393.516,6.438,0
412.000,G13,259612.000,-16147.000,-15745.432,-401.568,-393.516,-8.053,0
412.000,G15,259612.000,-11062.000,-10658.696,-403.304,-393.516,-9.788,0
412.000,G20,259612.000,5832.000,6217.184,-385.184,-393.516,8.331,0
412.000,G22,259612.000,-10846.000,-10447.407,-398.593,-393.516,-5.077,0
412.000,G30,259612.000,-10722.000,-10328.986,-393.014,-393.516,0.502,0
413.000,E04,259613.000,-18336.000,-17929.664,-406.336,-392.951,-13.384,0
413.000,E12,259613.000,-225.000,163.006,-388.006,-392.951,4.945,0
413.000,E19,259613.000,953.000,1345.937,-392.937,-392.951,0.015,0
413.000,E21,259613.000,-18690.000,-18283.448,-406.552,-392.951,-13.601,0
413.000,E27,259613.000,8532.000,8935.599,-403.599,-392.951,-10.648,0
413.000,E33,259613.000,-27785.000,-27395.061,-389.939,-392.951,3.012,0
413.000,G02,259613.000,-14787.000,-14400.622,-386.378,-392.951,6.573,0
413.000,G06,259613.000,-5066.000,-4680.834,-385.166,-392.951,7.785,0
413.000,G07,259613.000,-5742.000,-5349.978,-392.022,-392.951,0.929,0
413.000,G09,259613.000,18138.000,18531.822,-393.822,-392.951,-0.871,0
413.000,G11,259613.000,-24152.000,-23765.246,-386.754,-392.951,6.197,0
413.000,G13,259613.000,-16162.000,-15760.314,-401.686,-392.951,-8.735,0
413.000,G15,259613.000,-11073.000,-10670.023,-402.977,-392.951,-10.025,0
413.000,G20,259613.000,5782.000,6166.758,-384.758,-392.951,8.194,0
413.000,G22,259613.000,-10866.000,-10467.530,-398.470,-392.951,-5.518,0
413.000,G30,259613.000,-10754.000,-10361.034,-392.966,-392.951,-0.015,0
414.000,E04,259614.000,-18341.000,-17934.955,-406.045,-393.392,-12.653,0
414.000,E12,259614.000,-267.000,121.452,-388.452,-393.392,4.940,0
414.000,E19,259614.000,919.000,1312.850,-393.850,-393.392,-0.458,0
414.000,E21,259614.000,-18694.000,-18287.209,-406.791,-393.392,-13.399,0
414.000,E27,259614.000,8519.000,8923.391,-404.391,-393.392,-10.999,0
414.000,E33,259614.000,-27823.000,-27432.176,-390.824,-393.392,2.568,0
414.000,G02,259614.000,-14832.000,-14445.071,-386.929,-393.392,6.463,0
414.000,G06,259614.000,-5113.000,-4727.698,-385.302,-393.392,8.090,0
414.000,G07,259614.000,-5776.000,-5383.558,-392.442,-393.392,0.950,0
414.000,G09,259614.000,18105.000,18499.252,-394.252,-393.392,-0.860,0
414.000,G11,259614.000,-24196.000,-23808.517,-387.483,-393.392,5.910,0
414.000,G13,259614.000,-16177.000,-15775.184,-401.816,-393.392,-8.424,0
414.000,G15,259614.000,-11085.000,-10681.347,-403.653,-393.392,-10.261,0
414.000,G20,259614.000,5731.000,6116.312,-385.312,-393.392,8.080,0
414.000,G22,259614.000,-10887.000,-10487.629,-399.371,-393.392,-5.979,0
414.000,G30,259614.000,-10786.000,-10393.065,-392.935,-393.392,0.458,0
415.000,E04,259615.000,-18347.000,-17940.235,-406.765,-393.286,-13.479,0
415.000,E12,259615.000,-308.000,79.894,-387.894,-393.286,5.392,0
415.000,E19,259615.000,886.000,1279.757,-393.757,-393.286,-0.471,0
415.000,E21,259615.000,-18698.000,-18290.955,-407.045,-393.286,-13.759,0
415.000,E27,259615.000,8507.000,8911.172,-404.172,-393.286,-10.886,0
415.000,E33,259615.000,-27860.000,-27469.239,-390.761,-393.286,2.525,0
415.000,G02,259615.000,-14876.000,-14489.491,-386.509,-393.286,6.777,0
415.000,G06,259615.000,-5160.000,-4774.555,-385.445,-393.286,7.841,0
415.000,G07,259615.000,-5809.000,-5417.128,-391.872,-393.286,1.414,0
415.000,G09,259615.000,18073.000,18466.652,-393.652,-393.286,-0.366,0
415.000,G11,259615.000,-24239.000,-23851.736,-387.264,-393.286,6.023,0
415.000,G13,259615.000,-16192.000,-15790.043,-401.957,-393.286,-8.671,0
415.000,G15,259615.000,-11096.000,-10692.667,-403.333,-393.286,-10.046,0
415.000,G20,259615.000,5681.000,6065.849,-384.849,-393.286,8.437,0
415.000,G22,259615.000,-10906.000,-10507.703,-398.297,-393.286,-5.011,0
415.000,G30,259615.000,-10818.000,-10425.080,-392.920,-393.286,0.366,0
416.000,E04,259616.000,-18352.000,-17945.505,-406.495,-393.291,-13.204,0
416.000,E12,259616.000,-350.000,38.331,-388.331,-393.291,4.960,0
416.000,E19,259616.000,853.000,1246.659,-393.659,-393.291,-0.369,0
416.000,E21,259616.000,-18701.000,-18294.687,-406.313,-393.291,-13.022,0
416.000,E27,259616.000,8495.000,8898.942,-403.942,-393.291,-10.652,0
416.000,E33,259616.000,-27897.000,-27506.249,-390.751,-393.291,2.540,0
416.000,G02,259616.000,-14921.000,-14533.883,-387.117,-393.291,6.173,0
416.000,G06,259616.000,-5207.000,-4821.406,-385.594,-393.291,7.697,0
416.000,G07,259616.000,-5843.000,-5450.690,-392.310,-393.291,0.980,0
416.000,G09,259616.000,18040.000,18434.021,-394.021,-393.291,-0.730,0
416.000,G11,259616.000,-24282.000,-23894.903,-387.097,-393.291,6.194,0
416.000,G13,259616.000,-16206.000,-15804.890,-401.110,-393.291,-7.820,0
416.000,G15,259616.000,-11107.000,-10703.984,-403.016,-393.291,-9.725,0
416.000,G20,259616.000,5631.000,6015.367,-384.367,-393.291,8.924,0
416.000,G22,259616.000,-10926.000,-10527.753,-398.247,-393.291,-4.956,0
416.000,G30,259616.000,-10850.000,-10457.078,-392.922,-393.291,0.369,0
417.000,E04,259617.000,-18357.000,-17950.765,-406.235,-393.150,-13.085,0
417.000,E12,259617.000,-391.000,-3.236,-387.764,-393.150,5.386,0
417.000,E19,259617.000,820.000,1213.556,-393.556,-393.150,-0.406,0
417.000,E21,259617.000,-18705.000,-18298.405,-406.595,-393.150,-13.445,0
417.000,E27,259617.000,8483.000,8886.701,-403.701,-393.150,-10.551,0
417.000,E33,259617.000,-27933.000,-27543.208,-389.792,-393.150,3.358,0
417.000,G02,259617.000,-14965.000,-14578.246,-386.754,-393.150,6.396,0
417.000,G06,259617.000,-5254.000,-4868.251,-385.749,-393.150,7.401,0
417.000,G07,259617.000,-5876.000,-5484.242,-391.758,-393.150,1.391,0
417.000,G09,259617.000,18008.000,18401.358,-393.358,-393.150,-0.209,0
417.000,G11,259617.000,-24325.000,-23938.017,-386.983,-393.150,6.167,0
417.000,G13,259617.000,-16221.000,-15819.725,-401.275,-393.150,-8.125,0
417.000,G15,259617.000,-11118.000,-10715.298,-402.702,-393.150,-9.552,0
417.000,G20,259617.000,5580.000,5964.867,-384.867,-393.150,8.283,0
417.000,G22,259617.000,-10946.000,-10547.778,-398.222,-393.150,-5.072,0
417.000,G30,259617.000,-10882.000,-10489.059,-392.941,-393.150,0.209,0
418.000,E04,259618.000,-18362.000,-17956.015,-405.985,-393.447,-12.538,0
418.000,E07,259618.000,23842.000,24246.417,-404.417,-393.447,-10.970,0
418.000,E12,259618.000,-433.000,-44.808,-388.192,-393.447,5.254,0
418.000,E19,259618.000,787.000,1180.447,-393.447,-393.447,0.000,0
418.000,E21,259618.000,-18709.000,-18302.109,-406.891,-393.447,-13.444,0
418.000,E27,259618.000,8471.000,8874.449,-403.449,-393.447,-10.003,0
418.000,E33,259618.000,-27971.000,-27580.114,-390.886,-393.447,2.560,0
418.000,G02,259618.000,-15009.000,-14622.580,-386.420,-393.447,7.026,0
418.000,G06,259618.000,-5301.000,-4915.088,-385.912,-393.447,7.535,0
418.000,G07,259618.000,-5910.000,-5517.784,-392.216,-393.447,1.231,0
418.000,G09,259618.000,17975.000,18368.665,-393.665,-393.447,-0.219,0
418.000,G11,259618.000,-24369.000,-23981.078,-387.922,-393.447,5.524,0
418.000,G13,259618.000,-16236.000,-15834.548,-401.452,-393.447,-8.005,0
418.000,G15,259618.000,-11130.000,-10726.608,-403.392,-393.447,-9.946,0
418.000,G20,259618.000,5530.000,5914.348,-384.348,-393.447,9.098,0
418.000,G22,259618.000,-10967.000,-10567.778,-399.222,-393.447,-5.775,0
418.000,G30,259618.000,-10914.000,-10521.023,-392.977,-393.447,0.469,0
419.000,E04,259619.000,-18368.000,-17961.255,-406.745,-393.332,-13.413,0
419.000,E07,259619.000,23831.000,24235.326,-404.326,-393.332,-10.994,0
419.000,E12,259619.000,-475.000,-86.383,-388.617,-393.332,4.715,0
419.000,E19,259619.000,754.000,1147.332,-393.332,-393.332,0.000,0
419.000,E21,259619.000,-18713.000,-18305.799,-407.201,-393.332,-13.869,0
419.000,E27,259619.000,8458.000,8862.186,-404.186,-393.332,-10.854,0
419.000,E33,259619.000,-28008.000,-27616.968,-391.032,-393.332,2.300,0
419.000,G02,259619.000,-15054.000,-14666.885,-387.115,-393.332,6.217,0
419.000,G06,259619.000,-5348.000,-4961.919,-386.081,-393.332,7.251,0
419.000,G07,259619.000,-5944.000,-5551.317,-392.683,-393.332,0.649,0
419.000,G09,259619.000,17942.000,18335.942,-393.942,-393.332,-0.610,0
419.000,G11,259619.000,-24412.000,-24024.086,-387.914,-393.332,5.418,0
419.000,G13,259619.000,-16251.000,-15849.360,-401.640,-393.332,-8.308,0
419.000,G15,259619.000,-11141.000,-10737.914,-403.086,-393.332,-9.754,0
419.000,G20,259619.000,5479.000,5863.812,-384.812,-393.332,8.520,0
419.000,G22,259619.000,-10987.000,-10587.754,-399.246,-393.332,-5.914,0
419.000,G30,259619.000,-10946.000,-10552.970,-393.030,-393.332,0.302,0
420.000,E04,259620.000,-18373.000,-17966.484,-406.516,-394.187,-12.329,0
420.000,E07,259620.000,23819.000,24224.215,-405.215,-394.187,-11.028,0
420.000,E12,259620.000,-517.000,-127.962,-389.038,-394.187,5.150,0
420.000,E19,259620.000,720.000,1114.212,-394.212,-394.187,-0.025,0
420.000,E21,259620.000,-18717.000,-18309.474,-407.526,-394.187,-13.339,0
420.000,E27,259620.000,8446.000,8849.912,-403.912,-394.187,-9.725,0
420.000,E33,259620.000,-28045.000,-27653.770,-391.230,-394.187,2.957,0
420.000,G02,259620.000,-15098.000,-14711.161,-386.839,-394.187,7.348,0
420.000,G06,259620.000,-5395.000,-5008.742,-386.258,-394.187,7.929,0
420.000,G07,259620.000,-5977.000,-5584.840,-392.160,-394.187,2.027,0
420.000,G09,259620.000,17909.000,18303.187,-394.187,-394.187,0.000,0
420.000,G11,259620.000,-24455.000,-24067.041,-387.959,-394.187,6.229,0
420.000,G13,259620.000,-16266.000,-15864.160,-401.840,-394.187,-7.653,0
420.000,G15,259620.000,-11153.000,-10749.217,-403.783,-394.187,-9.596,0
420.000,G20,259620.000,5428.000,5813.258,-385.258,-394.187,8.929,0
420.000,G22,259620.000,-11007.000,-10607.705,-399.295,-394.187,-5.108,0
420.000,G30,259620.000,-10978.000,-10584.900,-393.100,-394.187,1.087,0
421.000,E04,259621.000,-18378.000,-17971.703,-406.297,-393.402,-12.895,0
421.000,E07,259621.000,23808.000,24213.084,-405.084,-393.402,-11.682,0
421.000,E12,259621.000,-558.000,-169.546,-388.454,-393.402,4.948,0
421.000,E19,259621.000,687.000,1081.086,-394.086,-393.402,-0.685,0
421.000,E21,259621.000,-18720.000,-18313.136,-406.864,-393.402,-13.463,0
421.000,E27,259621.000,8434.000,8837.626,-403.626,-393.402,-10.224,0
421.000,E33,259621.000,-28081.000,-27690.519,-390.481,-393.402,2.921,0
421.000,G02,259621.000,-15143.000,-14755.408,-387.592,-393.402,5.810,0
421.000,G06,259621.000,-5441.000,-5055.558,-385.442,-393.402,7.960,0
421.000,G07,259621.000,-6011.000,-5618.354,-392.646,-393.402,0.756,0
421.000,G09,259621.000,17877.000,18270.402,-393.402,-393.402,0.000,0
421.000,G11,259621.000,-24498.000,-24109.944,-388.056,-393.402,5.346,0
421.000,G13,259621.000,-16281.000,-15878.948,-402.052,-393.402,-8.650,0
421.000,G15,259621.000,-11164.000,-10760.516,-403.484,-393.402,-10.082,0
421.000,G20,259621.000,5378.000,5762.686,-384.686,-393.402,8.716,0
421.000,G22,259621.000,-11027.000,-10627.632,-399.368,-393.402,-5.966,0
421.000,G30,259621.000,-11010.000,-10616.814,-393.186,-393.402,0.215,0
422.000,E04,259622.000,-18383.000,-17976.912,-406.088,-393.586,-12.502,0
422.000,E07,259622.000,23797.000,24201.934,-404.934,-393.586,-11.348,0
422.000,E12,259622.000,-600.000,-211.133,-388.867,-393.586,4.719,0
422.000,E19,259622.000,654.000,1047.956,-393.956,-393.586,-0.370,0
422.000,E21,259622.000,-18724.000,-18316.783,-407.217,-393.586,-13.631,0
422.000,E27,259622.000,8421.000,8825.330,-404.330,-393.586,-10.744,0
422.000,E33,259622.000,-28118.000,-27727.216,-390.784,-393.586,2.802,0
422.000,G02,259622.000,-15187.000,-14799.626,-387.374,-393.586,6.212,0
422.000,G06,259622.000,-5488.000,-5102.368,-385.632,-393.586,7.954,0
422.000,G07,259622.000,-6044.000,-5651.858,-392.142,-393.586,1.444,0
422.000,G09,259622.000,17844.000,18237.586,-393.586,-393.586,0.000,0
422.000,G11,259622.000,-24541.000,-24152.794,-388.206,-393.586,5.380,0
422.000,G13,259622.000,-16296.000,-15893.724,-402.276,-393.586,-8.690,0
422.000,G15,259622.000,-11175.000,-10771.812,-403.188,-393.586,-9.602,0
422.000,G20,259622.000,5327.000,5712.097,-385.097,-393.586,8.489,0
422.000,G22,259622.000,-11047.000,-10647.534,-399.466,-393.586,-5.880,0
422.000,G30,259622.000,-11042.000,-10648.710,-393.290,-393.586,0.296,0
423.000,E04,259623.000,-18389.000,-17982.111,-406.889,-393.739,-13.150,0
423.000,E07,259623.000,23786.000,24190.763,-404.763,-393.739,-11.024,0
423.000,E12,259623.000,-641.000,-252.724,-388.276,-393.739,5.464,0
423.000,E19,259623.000,621.000,1014.820,-393.820,-393.739,-0.080,0
423.000,E21,259623.000,-18728.000,-18320.416,-407.584,-393.739,-13.845,0
423.000,E27,259623.000,8409.000,8813.023,-404.023,-393.739,-10.283,0
423.000,E33,259623.000,-28155.000,-27763.861,-391.139,-393.739,2.601,0
423.000,G02,259623.000,-15231.000,-14843.814,-387.186,-393.739,6.554,0
423.000,G06,259623.000,-5535.000,-5149.169,-385.831,-393.739,7.909,0
423.000,G07,259623.000,-6078.000,-5685.353,-392.647,-393.739,1.092,0
423.000,G09,259623.000,17811.000,18204.739,-393.739,-393.739,0.000,0
423.000,G11,259623.000,-24583.000,-24195.590,-387.410,-393.739,6.330,0
423.000,G13,259623.000,-16310.000,-15908.489,-401.511,-393.739,-7.772,0
423.000,G15,259623.000,-11187.000,-10783.104,-403.896,-393.739,-10.157,0
423.000,G20,259623.000,5276.000,5661.490,-385.490,-393.739,8.250,0
423.000,G22,259623.000,-11067.000,-10667.411,-399.589,-393.739,-5.849,0
423.000,G30,259623.000,-11074.000,-10680.589,-393.411,-393.739,0.328,0
424.000,E04,259624.000,-18394.000,-17987.300,-406.700,-393.678,-13.022,0
424.000,E07,259624.000,23774.000,24179.573,-405.573,-393.678,-11.895,0
424.000,E12,259624.000,-683.000,-294.319,-388.681,-393.678,4.997,0
424.000,E19,259624.000,588.000,981.678,-393.678,-393.678,0.000,0
424.000,E21,259624.000,-18731.000,-18324.035,-406.965,-393.678,-13.287,0
424.000,E27,259624.000,8397.000,8800.704,-403.704,-393.678,-10.026,0
424.000,E33,259624.000,-28192.000,-27800.454,-391.546,-393.678,2.132,0
424.000,G02,259624.000,-15275.000,-14887.973,-387.027,-393.678,6.651,0
424.000,G06,259624.000,-5582.000,-5195.963,-386.037,-393.678,7.642,0
424.000,G07,259624.000,-6112.000,-5718.837,-393.163,-393.678,0.516,0
424.000,G09,259624.000,17778.000,18171.862,-393.862,-393.678,-0.184,0
424.000,G11,259624.000,-24626.000,-24238.334,-387.666,-393.678,6.012,0
424.000,G13,259624.000,-16325.000,-15923.242,-401.758,-393.678,-8.080,0
424.000,G15,259624.000,-11198.000,-10794.393,-403.607,-393.678,-9.929,0
424.000,G20,259624.000,5226.000,5610.866,-384.866,-393.678,8.813,0
424.000,G22,259624.000,-11087.000,-10687.264,-399.736,-393.678,-6.058,0
424.000,G30,259624.000,-11106.000,-10712.451,-393.549,-393.678,0.129,0
425.000,E04,259625.000,-18399.000,-17992.478,-406.522,-393.704,-12.818,0
425.000,E07,259625.000,23763.000,24168.363,-405.363,-393.704,-11.660,0
425.000,E12,259625.000,-725.000,-335.917,-389.083,-393.704,4.621,0
425.000,E19,259625.000,555.000,948.532,-393.532,-393.704,0.172,0
425.000,E21,259625.000,-18735.000,-18327.639,-407.361,-393.704,-13.657,0
425.000,E27,259625.000,8384.000,8788.375,-404.375,-393.704,-10.671,0
425.000,E33,259625.000,-28228.000,-27836.994,-391.006,-393.704,2.698,0
425.000,G02,259625.000,-15320.000,-14932.103,-387.897,-393.704,5.807,0
425.000,G06,259625.000,-5629.000,-5242.750,-386.250,-393.704,7.454,0
425.000,G07,259625.000,-6145.000,-5752.312,-392.688,-393.704,1.016,0
425.000,G09,259625.000,17745.000,18138.955,-393.955,-393.704,-0.251,0
425.000,G11,259625.000,-24669.000,-24281.024,-387.976,-393.704,5.728,0
425.000,G13,259625.000,-16340.000,-15937.983,-402.017,-393.704,-8.313,0
425.000,G15,259625.000,-11210.000,-10805.678,-404.322,-393.704,-10.618,0
425.000,G20,259625.000,5175.000,5560.224,-385.224,-393.704,8.480,0
425.000,G22,259625.000,-11106.000,-10707.092,-398.908,-393.704,-5.204,0
425.000,G30,259625.000,-11138.000,-10744.296,-393.704,-393.704,0.000,0
426.000,E04,259626.000,-18404.000,-17997.646,-406.354,-394.016,-12.337,0
426.000,E07,259626.000,23752.000,24157.134,-405.134,-394.016,-11.117,0
426.000,E12,259626.000,-766.000,-377.519,-388.481,-394.016,5.535,0
426.000,E19,259626.000,521.000,915.380,-394.380,-394.016,-0.364,0
426.000,E21,259626.000,-18739.000,-18331.230,-407.770,-394.016,-13.754,0
426.000,E27,259626.000,8372.000,8776.034,-404.034,-394.016,-10.018,0
426.000,E33,259626.000,-28265.000,-27873.481,-391.519,-394.016,2.497,0
426.000,G02,259626.000,-15364.000,-14976.203,-387.797,-394.016,6.219,0
426.000,G06,259626.000,-5676.000,-5289.529,-386.471,-394.016,7.545,0
426.000,G07,259626.000,-6179.000,-5785.777,-393.223,-394.016,0.793,0
426.000,G09,259626.000,17712.000,18106.016,-394.016,-394.016,0.000,0
426.000,G11,259626.000,-24712.000,-24323.662,-388.338,-394.016,5.678,0
426.000,G13,259626.000,-16355.000,-15952.712,-402.288,-394.016,-8.272,0
426.000,G15,259626.000,-11221.000,-10816.959,-404.041,-394.016,-10.024,0
426.000,G20,259626.000,5124.000,5509.566,-385.566,-394.016,8.451,0
426.000,G22,259626.000,-11126.000,-10726.895,-399.105,-394.016,-5.089,0
426.000,G30,259626.000,-11170.000,-10776.124,-393.876,-394.016,0.140,0
427.000,E04,259627.000,-18410.000,-18002.805,-407.195,-394.048,-13.148,0
427.000,E07,259627.000,23741.000,24145.884,-404.884,-394.048,-10.837,0
427.000,E12,259627.000,-808.000,-419.124,-388.876,-394.048,5.172,0
427.000,E19,259627.000,488.000,882.224,-394.224,-394.048,-0.176,0
427.000,E21,259627.000,-18742.000,-18334.807,-407.193,-394.048,-13.146,0
427.000,E27,259627.000,8360.000,8763.682,-403.682,-394.048,-9.635,0
427.000,E33,259627.000,-28301.000,-27909.916,-391.084,-394.048,2.964,0
427.000,G02,259627.000,-15408.000,-15020.273,-387.727,-394.048,6.321,0
427.000,G06,259627.000,-5722.000,-5336.300,-385.700,-394.048,8.347,0
427.000,G07,259627.000,-6212.000,-5819.232,-392.768,-394.048,1.280,0
427.000,G09,259627.000,17679.000,18073.048,-394.048,-394.048,0.000,0
427.000,G11,259627.000,-24754.000,-24366.246,-387.754,-394.048,6.294,0
427.000,G13,259627.000,-16369.000,-15967.429,-401.571,-394.048,-7.523,0
427.000,G15,259627.000,-11232.000,-10828.237,-403.763,-394.048,-9.715,0
427.000,G20,259627.000,5074.000,5458.890,-384.890,-394.048,9.158,0
427.000,G22,259627.000,-11146.000,-10746.673,-399.327,-394.048,-5.279,0
427.000,G30,259627.000,-11201.000,-10807.934,-393.066,-394.048,0.982,0
428.000,E04,259628.000,-18415.000,-18007.952,-407.048,-394.049,-12.999,0
428.000,E07,259628.000,23730.000,24134.615,-404.615,-394.049,-10.567,0
428.000,E12,259628.000,-849.000,-460.733,-388.267,-394.049,5.782,0
428.000,E19,259628.000,455.000,849.062,-394.062,-394.049,-0.013,0
428.000,E21,259628.000,-18746.000,-18338.369,-407.631,-394.049,-13.582,0
428.000,E27,259628.000,8347.000,8751.320,-404.320,-394.049,-10.271,0
428.000,E33,259628.000,-28337.000,-27946.299,-390.701,-394.049,3.348,0
428.000,G02,259628.000,-15452.000,-15064.313,-387.687,-394.049,6.362,0
428.000,G06,259628.000,-5769.000,-5383.063,-385.937,-394.049,8.111,0
428.000,G07,259628.000,-6245.000,-5852.677,-392.323,-394.049,1.726,0
428.000,G09,259628.000,17646.000,18040.049,-394.049,-394.049,0.000,0
428.000,G11,259628.000,-24797.000,-24408.777,-388.223,-394.049,5.825,0
428.000,G13,259628.000,-16384.000,-15982.135,-401.865,-394.049,-7.817,0
428.000,G15,259628.000,-11243.000,-10839.512,-403.488,-394.049,-9.440,0
428.000,G20,259628.000,5023.000,5408.198,-385.198,-394.049,8.851,0
428.000,G22,259628.000,-11166.000,-10766.427,-399.573,-394.049,-5.525,0
428.000,G30,259628.000,-11233.000,-10839.727,-393.273,-394.049,0.776,0
429.000,E04,259629.000,-18420.000,-18013.090,-406.910,-393.895,-13.015,0
429.000,E07,259629.000,23718.000,24123.326,-405.326,-393.895,-11.431,0
429.000,E12,259629.000,-891.000,-502.345,-388.655,-393.895,5.240,0
429.000,E19,259629.000,422.000,815.895,-393.895,-393.895,0.000,0
429.000,E21,259629.000,-18749.000,-18341.917,-407.083,-393.895,-13.187,0
429.000,E27,259629.000,8335.000,8738.946,-403.946,-393.895,-10.051,0
429.000,E33,259629.000,-28374.000,-27982.629,-391.371,-393.895,2.524,0
429.000,G02,259629.000,-15496.000,-15108.324,-387.676,-393.895,6.219,0
429.000,G06,259629.000,-5816.000,-5429.818,-386.182,-393.895,7.713,0
429.000,G07,259629.000,-6279.000,-5886.112,-392.888,-393.895,1.008,0
429.000,G09,259629.000,17613.000,18007.019,-394.019,-393.895,-0.124,0
429.000,G11,259629.000,-24840.000,-24451.254,-388.746,-393.895,5.149,0
429.000,G13,259629.000,-16399.000,-15996.828,-402.172,-393.895,-8.276,0
429.000,G15,259629.000,-11255.000,-10850.782,-404.218,-393.895,-10.322,0
429.000,G20,259629.000,4972.000,5357.489,-385.489,-393.895,8.407,0
429.000,G22,259629.000,-11186.000,-10786.155,-399.845,-393.895,-5.949,0
429.000,G30,259629.000,-11265.000,-10871.503,-393.497,-393.895,0.399,0
430.000,E04,259630.000,-18425.000,-18018.218,-406.782,-393.738,-13.044,0
430.000,E07,259630.000,23707.000,24112.018,-405.018,-393.738,-11.279,0
430.000,E12,259630.000,-933.000,-543.960,-389.040,-393.738,4.698,0
430.000,E19,259630.000,389.000,782.724,-393.724,-393.738,0.014,0
430.000,E21,259630.000,-18753.000,-18345.451,-407.549,-393.738,-13.810,0
430.000,E27,259630.000,8322.000,8726.561,-404.561,-393.738,-10.823,0
430.000,E33,259630.000,-28411.000,-28018.906,-392.094,-393.738,1.645,0
430.000,G02,259630.000,-15540.000,-15152.305,-387.695,-393.738,6.043,0
430.000,G06,259630.000,-5863.000,-5476.564,-386.436,-393.738,7.303,0
430.000,G07,259630.000,-6313.000,-5919.537,-393.463,-393.738,0.275,0
430.000,G09,259630.000,17580.000,17973.959,-393.959,-393.738,-0.221,0
430.000,G11,259630.000,-24882.000,-24493.678,-388.322,-393.738,5.416,0
430.000,G13,259630.000,-16414.000,-16011.510,-402.490,-393.738,-8.752,0
430.000,G15,259630.000,-11266.000,-10862.049,-403.951,-393.738,-10.212,0
430.000,G20,259630.000,4921.000,5306.763,-385.763,-393.738,7.975,0
430.000,G22,259630.000,-11206.000,-10805.859,-400.141,-393.738,-6.403,0
430.000,G30,259630.000,-11297.000,-10903.262,-393.738,-393.738,0.000,0
431.000,E04,259631.000,-18431.000,-18023.335,-407.665,-393.997,-13.668,0
431.000,E07,259631.000,23695.000,24100.689,-405.689,-393.997,-11.692,0
431.000,E12,259631.000,-975.000,-585.578,-389.422,-393.997,4.575,0
431.000,E19,259631.000,355.000,749.547,-394.547,-393.997,-0.550,0
431.000,E21,259631.000,-18757.000,-18348.971,-408.029,-393.997,-14.031,0
431.000,E27,259631.000,8310.000,8714.166,-404.166,-393.997,-10.169,0
431.000,E33,259631.000,-28447.000,-28055.131,-391.869,-393.997,2.128,0
431.000,G02,259631.000,-15584.000,-15196.255,-387.745,-393.997,6.252,0
431.000,G06,259631.000,-5910.000,-5523.303,-386.697,-393.997,7.300,0
431.000,G07,259631.000,-6346.000,-5952.952,-393.048,-393.997,0.949,0
431.000,G09,259631.000,17547.000,17940.869,-393.869,-393.997,0.128,0
431.000,G11,259631.000,-24925.000,-24536.049,-388.951,-393.997,5.046,0
431.000,G13,259631.000,-16429.000,-16026.180,-402.820,-393.997,-8.823,0
431.000,G15,259631.000,-11278.000,-10873.313,-404.687,-393.997,-10.690,0
431.000,G20,259631.000,4871.000,5256.021,-385.021,-393.997,8.977,0
431.000,G22,259631.000,-11225.000,-10825.538,-399.462,-393.997,-5.465,0
431.000,G30,259631.000,-11329.000,-10935.003,-393.997,-393.997,0.000,0
432.000,E04,259632.000,-18435.000,-18028.442,-406.558,-393.749,-12.809,0
432.000,E07,259632.000,23684.000,24089.341,-405.341,-393.749,-11.592,0
432.000,E12,259632.000,-1016.000,-627.199,-388.801,-393.749,4.948,0
432.000,E19,259632.000,322.000,716.366,-394.366,-393.749,-0.618,0
432.000,E21,259632.000,-18760.000,-18352.477,-407.523,-393.749,-13.774,0
432.000,E27,259632.000,8298.000,8701.759,-403.759,-393.749,-10.010,0
432.000,E33,259632.000,-28483.000,-28091.304,-391.696,-393.749,2.052,0
432.000,G02,259632.000,-15628.000,-15240.176,-387.824,-393.749,5.925,0
432.000,G06,259632.000,-5956.000,-5570.033,-385.967,-393.749,7.782,0
432.000,G07,259632.000,-6379.000,-5986.357,-392.643,-393.749,1.105,0
432.000,G09,259632.000,17514.000,17907.749,-393.749,-393.749,0.000,0
432.000,G11,259632.000,-24967.000,-24578.366,-388.634,-393.749,5.115,0
432.000,G13,259632.000,-16443.000,-16040.838,-402.162,-393.749,-8.413,0
432.000,G15,259632.000,-11288.000,-10884.573,-403.427,-393.749,-9.679,0
432.000,G20,259632.000,4820.000,5205.262,-385.262,-393.749,8.487,0
432.000,G22,259632.000,-11245.000,-10845.192,-399.808,-393.749,-6.059,0
432.000,G30,259632.000,-11360.000,-10966.726,-393.274,-393.749,0.475,0
433.000,E04,259633.000,-18440.000,-18033.539,-406.461,-393.598,-12.863,0
433.000,E07,259633.000,23673.000,24077.973,-404.973,-393.598,-11.375,0
433.000,E12,259633.000,-1057.000,-668.823,-388.177,-393.598,5.421,0
433.000,E19,259633.000,289.000,683.180,-394.180,-393.598,-0.582,0
433.000,E21,259633.000,-18763.000,-18355.969,-407.031,-393.598,-13.433,0
433.000,E27,259633.000,8285.000,8689.341,-404.341,-393.598,-10.743,0
433.000,E33,259633.000,-28519.000,-28127.423,-391.577,-393.598,2.021,0
433.000,G02,259633.000,-15672.000,-15284.066,-387.934,-393.598,5.664,0
433.000,G06,259633.000,-6003.000,-5616.755,-386.245,-393.598,7.353,0
433.000,G07,259633.000,-6413.000,-6019.751,-393.249,-393.598,0.349,0
433.000,G09,259633.000,17481.000,17874.598,-393.598,-393.598,0.000,0
433.000,G11,259633.000,-25009.000,-24620.630,-388.370,-393.598,5.227,0
433.000,G13,259633.000,-16458.000,-16055.484,-402.516,-393.598,-8.918,0
433.000,G15,259633.000,-11300.000,-10895.829,-404.171,-393.598,-10.573,0
433.000,G20,259633.000,4769.000,5154.487,-385.487,-393.598,8.111,0
433.000,G22,259633.000,-11264.000,-10864.821,-399.179,-393.598,-5.581,0
433.000,G30,259633.000,-11392.000,-10998.433,-393.567,-393.598,0.031,0
434.000,E04,259634.000,-18446.000,-18038.626,-407.374,-393.990,-13.384,0
434.000,E07,259634.000,23661.000,24066.585,-405.585,-393.990,-11.595,0
434.000,E12,259634.000,-1099.000,-710.450,-388.550,-393.990,5.440,0
434.000,E19,259634.000,256.000,649.990,-393.990,-393.990,0.000,0
434.000,E21,259634.000,-18767.000,-18359.447,-407.553,-393.990,-13.563,0
434.000,E27,259634.000,8273.000,8676.913,-403.913,-393.990,-9.923,0
434.000,E33,259634.000,-28555.000,-28163.490,-391.510,-393.990,2.480,0
434.000,G02,259634.000,-15716.000,-15327.926,-388.074,-393.990,5.916,0
434.000,G06,259634.000,-6050.000,-5663.468,-386.532,-393.990,7.457,0
434.000,G07,259634.000,-6446.000,-6053.135,-392.865,-393.990,1.125,0
434.000,G09,259634.000,17447.000,17841.417,-394.417,-393.990,-0.427,0
434.000,G11,259634.000,-25051.000,-24662.839,-388.161,-393.990,5.829,0
434.000,G13,259634.000,-16472.000,-16070.118,-401.882,-393.990,-7.892,0
434.000,G15,259634.000,-11311.000,-10907.082,-403.918,-393.990,-9.929,0
434.000,G20,259634.000,4718.000,5103.696,-385.696,-393.990,8.293,0
434.000,G22,259634.000,-11284.000,-10884.426,-399.574,-393.990,-5.585,0
434.000,G30,259634.000,-11424.000,-11030.121,-393.879,-393.990,0.111,0
435.000,E04,259635.000,-18451.000,-18043.703,-407.297,-394.206,-13.091,0
435.000,E07,259635.000,23650.000,24055.178,-405.178,-394.206,-10.972,0
435.000,E12,259635.000,-1141.000,-752.080,-388.920,-394.206,5.285,0
435.000,E19,259635.000,223.000,616.794,-393.794,-394.206,0.412,0
435.000,E21,259635.000,-18770.000,-18362.911,-407.089,-394.206,-12.883,0
435.000,E27,259635.000,8260.000,8664.473,-404.473,-394.206,-10.267,0
435.000,E33,259635.000,-28591.000,-28199.504,-391.496,-394.206,2.710,0
435.000,G02,259635.000,-15760.000,-15371.756,-388.244,-394.206,5.962,0
435.000,G06,259635.000,-6097.000,-5710.172,-386.828,-394.206,7.378,0
435.000,G07,259635.000,-6480.000,-6086.509,-393.491,-394.206,0.715,0
435.000,G09,259635.000,17414.000,17808.206,-394.206,-394.206,0.000,0
435.000,G11,259635.000,-25094.000,-24704.996,-389.004,-394.206,5.202,0
435.000,G13,259635.000,-16487.000,-16084.741,-402.259,-394.206,-8.053,0
435.000,G15,259635.000,-11322.000,-10918.331,-403.669,-394.206,-9.463,0
435.000,G20,259635.000,4668.000,5052.889,-384.889,-394.206,9.316,0
435.000,G22,259635.000,-11304.000,-10904.005,-399.995,-394.206,-5.789,0
435.000,G30,259635.000,-11456.000,-11061.792,-394.208,-394.206,-0.002,0
436.000,E04,259636.000,-18456.000,-18048.769,-407.231,-393.594,-13.637,0
436.000,E07,259636.000,23639.000,24043.750,-404.750,-393.594,-11.156,0
436.000,E12,259636.000,-1182.000,-793.712,-388.288,-393.594,5.306,0
436.000,E19,259636.000,190.000,583.594,-393.594,-393.594,0.000,0
436.000,E21,259636.000,-18774.000,-18366.361,-407.639,-393.594,-14.045,0
436.000,E27,259636.000,8248.000,8652.022,-404.022,-393.594,-10.428,0
436.000,E33,259636.000,-28627.000,-28235.466,-391.534,-393.594,2.060,0
436.000,G02,259636.000,-15803.000,-15415.555,-387.445,-393.594,6.149,0
436.000,G06,259636.000,-6143.000,-5756.867,-386.133,-393.594,7.462,0
436.000,G07,259636.000,-6513.000,-6119.872,-393.128,-393.594,0.467,0
436.000,G09,259636.000,17381.000,17774.965,-393.965,-393.594,-0.370,0
436.000,G11,259636.000,-25136.000,-24747.099,-388.901,-393.594,4.693,0
436.000,G13,259636.000,-16502.000,-16099.351,-402.649,-393.594,-9.055,0
436.000,G15,259636.000,-11333.000,-10929.576,-403.424,-393.594,-9.830,0
436.000,G20,259636.000,4617.000,5002.067,-385.067,-393.594,8.528,0
436.000,G22,259636.000,-11323.000,-10923.559,-399.441,-393.594,-5.846,0
436.000,G30,259636.000,-11487.000,-11093.446,-393.554,-393.594,0.040,0
437.000,E04,259637.000,-18460.000,-18053.825,-406.175,-393.694,-12.481,0
437.000,E07,259637.000,23628.000,24032.303,-404.303,-393.694,-10.610,0
437.000,E12,259637.000,-1224.000,-835.346,-388.654,-393.694,5.040,0
437.000,E19,259637.000,157.000,550.390,-393.390,-393.694,0.304,0
437.000,E21,259637.000,-18777.000,-18369.797,-407.203,-393.694,-13.510,0
437.000,E27,259637.000,8236.000,8639.561,-403.561,-393.694,-9.867,0
437.000,E33,259637.000,-28663.000,-28271.375,-391.625,-393.694,2.068,0
437.000,G02,259637.000,-15847.000,-15459.323,-387.677,-393.694,6.017,0
437.000,G06,259637.000,-6189.000,-5803.554,-385.446,-393.694,8.247,0
437.000,G07,259637.000,-6546.000,-6153.225,-392.775,-393.694,0.919,0
437.000,G09,259637.000,17348.000,17741.694,-393.694,-393.694,0.000,0
437.000,G11,259637.000,-25177.000,-24789.148,-387.852,-393.694,5.841,0
437.000,G13,259637.000,-16516.000,-16113.950,-402.050,-393.694,-8.357,0
437.000,G15,259637.000,-11344.000,-10940.817,-403.183,-393.694,-9.489,0
437.000,G20,259637.000,4566.000,4951.228,-385.228,-393.694,8.465,0
437.000,G22,259637.000,-11342.000,-10943.089,-398.911,-393.694,-5.218,0
437.000,G30,259637.000,-11519.000,-11125.081,-393.919,-393.694,-0.225,0
438.000,E04,259638.000,-18466.000,-18058.871,-407.129,-393.301,-13.828,0
438.000,E07,259638.000,23616.000,24020.837,-404.837,-393.301,-11.536,0
438.000,E12,259638.000,-1265.000,-876.984,-388.016,-393.301,5.284,0
438.000,E19,259638.000,124.000,517.181,-393.181,-393.301,0.120,0
438.000,E21,259638.000,-18780.000,-18373.218,-406.782,-393.301,-13.481,0
438.000,E27,259638.000,8223.000,8627.088,-404.088,-393.301,-10.787,0
438.000,E33,259638.000,-28699.000,-28307.230,-391.770,-393.301,1.531,0
438.000,G02,259638.000,-15890.000,-15503.061,-386.939,-393.301,6.362,0
438.000,G06,259638.000,-6236.000,-5850.231,-385.769,-393.301,7.532,0
438.000,G07,259638.000,-6579.000,-6186.568,-392.432,-393.301,0.869,0
438.000,G09,259638.000,17315.000,17708.392,-393.392,-393.301,-0.091,0
438.000,G11,259638.000,-25219.000,-24831.143,-387.857,-393.301,5.443,0
438.000,G13,259638.000,-16530.000,-16128.536,-401.464,-393.301,-8.163,0
438.000,G15,259638.000,-11356.000,-10952.055,-403.945,-393.301,-10.644,0
438.000,G20,259638.000,4516.000,4900.374,-384.374,-393.301,8.927,0
438.000,G22,259638.000,-11362.000,-10962.593,-399.407,-393.301,-6.106,0
438.000,G30,259638.000,-11550.000,-11156.699,-393.301,-393.301,0.000,0
439.000,E04,259639.000,-18470.000,-18063.907,-406.093,-393.701,-12.392,0
439.000,E07,259639.000,23605.000,24009.350,-404.350,-393.701,-10.650,0
439.000,E12,259639.000,-1307.000,-918.623,-388.377,-393.701,5.324,0
439.000,E19,259639.000,90.000,483.967,-393.967,-393.701,-0.267,0
439.000,E21,259639.000,-18784.000,-18376.626,-407.374,-393.701,-13.673,0
439.000,E27,259639.000,8211.000,8614.604,-403.604,-393.701,-9.904,0
439.000,E33,259639.000,-28734.000,-28343.033,-390.967,-393.701,2.734,0
439.000,G02,259639.000,-15934.000,-15546.768,-387.232,-393.701,6.469,0
439.000,G06,259639.000,-6283.000,-5896.899,-386.101,-393.701,7.600,0
439.000,G07,259639.000,-6612.000,-6219.900,-392.100,-393.701,1.600,0
439.000,G09,259639.000,17282.000,17675.061,-393.061,-393.701,0.640,0
439.000,G11,259639.000,-25261.000,-24873.084,-387.916,-393.701,5.784,0
439.000,G13,259639.000,-16545.000,-16143.111,-401.889,-393.701,-8.189,0
439.000,G15,259639.000,-11367.000,-10963.290,-403.710,-393.701,-10.010,0
439.000,G20,259639.000,4465.000,4849.505,-384.505,-393.701,9.196,0
439.000,G22,259639.000,-11381.000,-10982.073,-398.927,-393.701,-5.227,0
439.000,G30,259639.000,-11582.000,-11188.299,-393.701,-393.701,0.000,0
440.000,E04,259640.000,-18475.000,-18068.933,-406.067,-393.700,-12.367,0
440.000,E07,259640.000,23593.000,23997.844,-404.844,-393.700,-11.144,0
440.000,E12,259640.000,-1348.000,-960.265,-387.735,-393.700,5.965,0
440.000,E19,259640.000,57.000,450.750,-393.750,-393.700,-0.050,0
440.000,E21,259640.000,-18787.000,-18380.020,-406.980,-393.700,-13.281,0
440.000,E27,259640.000,8199.000,8602.110,-403.110,-393.700,-9.410,0
440.000,E33,259640.000,-28770.000,-28378.784,-391.216,-393.700,2.483,0
440.000,G02,259640.000,-15978.000,-15590.445,-387.555,-393.700,6.144,0
440.000,G06,259640.000,-6329.000,-5943.558,-385.442,-393.700,8.258,0
440.000,G07,259640.000,-6646.000,-6253.221,-392.779,-393.700,0.921,0
440.000,G09,259640.000,17248.000,17641.700,-393.700,-393.700,0.000,0
440.000,G11,259640.000,-25303.000,-24914.971,-388.029,-393.700,5.671,0
440.000,G13,259640.000,-16559.000,-16157.673,-401.327,-393.700,-7.627,0
440.000,G15,259640.000,-11378.000,-10974.520,-403.480,-393.700,-9.780,0
440.000,G20,259640.000,4414.000,4798.620,-384.620,-393.700,9.080,0
440.000,G22,259640.000,-11401.000,-11001.527,-399.473,-393.700,-5.774,0
440.000,G30,259640.000,-11613.000,-11219.882,-393.118,-393.700,0.581,0
441.000,E04,259641.000,-18480.000,-18073.949,-406.051,-393.528,-12.524,0
441.000,E07,259641.000,23582.000,23986.318,-404.318,-393.528,-10.790,0
441.000,E12,259641.000,-1390.000,-1001.909,-388.091,-393.528,5.437,0
441.000,E19,259641.000,24.000,417.528,-393.528,-393.528,0.000,0
441.000,E21,259641.000,-18790.000,-18383.399,-406.601,-393.528,-13.073,0
441.000,E27,259641.000,8186.000,8589.604,-403.604,-393.528,-10.077,0
441.000,E33,259641.000,-28806.000,-28414.481,-391.519,-393.528,2.009,0
441.000,G02,259641.000,-16021.000,-15634.090,-386.910,-393.528,6.618,0
441.000,G06,259641.000,-6376.000,-5990.207,-385.793,-393.528,7.735,0
441.000,G07,259641.000,-6679.000,-6286.532,-392.468,-393.528,1.059,0
441.000,G09,259641.000,17215.000,17608.308,-393.308,-393.528,0.219,0
441.000,G11,259641.000,-25345.000,-24956.804,-388.196,-393.528,5.332,0
441.000,G13,259641.000,-16574.000,-16172.224,-401.776,-393.528,-8.248,0
441.000,G15,259641.000,-11389.000,-10985.747,-403.253,-393.528,-9.726,0
441.000,G20,259641.000,4363.000,4747.720,-384.720,-393.528,8.808,0
441.000,G22,259641.000,-11420.000,-11020.956,-399.044,-393.528,-5.516,0
441.000,G30,259641.000,-11645.000,-11251.446,-393.554,-393.528,-0.026,0
442.000,E04,259642.000,-18486.000,-18078.954,-407.046,-393.887,-13.159,0
442.000,E07,259642.000,23570.000,23974.772,-404.772,-393.887,-10.885,0
442.000,E12,259642.000,-1432.000,-1043.556,-388.444,-393.887,5.443,0
442.000,E19,259642.000,-9.000,384.301,-393.301,-393.887,0.586,0
442.000,E21,259642.000,-18794.000,-18386.765,-407.235,-393.887,-13.348,0
442.000,E27,259642.000,8173.000,8577.088,-404.088,-393.887,-10.201,0
442.000,E33,259642.000,-28842.000,-28450.125,-391.875,-393.887,2.013,0
442.000,G02,259642.000,-16065.000,-15677.704,-387.296,-393.887,6.592,0
442.000,G06,259642.000,-6423.000,-6036.847,-386.153,-393.887,7.735,0
442.000,G07,259642.000,-6713.000,-6319.832,-393.168,-393.887,0.719,0
442.000,G09,259642.000,17181.000,17574.887,-393.887,-393.887,0.000,0
442.000,G11,259642.000,-25387.000,-24998.584,-388.416,-393.887,5.471,0
442.000,G13,259642.000,-16589.000,-16186.763,-402.237,-393.887,-8.350,0
442.000,G15,259642.000,-11401.000,-10996.970,-404.030,-393.887,-10.143,0
442.000,G20,259642.000,4312.000,4696.804,-384.804,-393.887,9.083,0
442.000,G22,259642.000,-11440.000,-11040.360,-399.640,-393.887,-5.753,0
442.000,G30,259642.000,-11677.000,-11282.993,-394.007,-393.887,-0.120,0
443.000,E04,259643.000,-18491.000,-18083.949,-407.051,-394.436,-12.614,0
443.000,E07,259643.000,23558.000,23963.207,-405.207,-394.436,-10.771,0
443.000,E12,259643.000,-1474.000,-1085.204,-388.796,-394.436,5.640,0
443.000,E19,259643.000,-42.000,351.070,-393.070,-394.436,1.366,0
443.000,E21,259643.000,-18798.000,-18390.117,-407.883,-394.436,-13.447,0
443.000,E27,259643.000,8160.000,8564.560,-404.560,-394.436,-10.124,0
443.000,E33,259643.000,-28878.000,-28485.717,-392.283,-394.436,2.153,0
443.000,G02,259643.000,-16109.000,-15721.288,-387.712,-394.436,6.724,0
443.000,G06,259643.000,-6470.000,-6083.478,-386.522,-394.436,7.914,0
443.000,G07,259643.000,-6746.000,-6353.121,-392.879,-394.436,1.557,0
443.000,G09,259643.000,17147.000,17541.436,-394.436,-394.436,0.000,0
443.000,G11,259643.000,-25429.000,-25040.309,-388.691,-394.436,5.745,0
443.000,G13,259643.000,-16604.000,-16201.290,-402.710,-394.436,-8.274,0
443.000,G15,259643.000,-11412.000,-11008.189,-403.811,-394.436,-9.375,0
443.000,G20,259643.000,4260.000,4645.874,-385.874,-394.436,8.562,0
443.000,G22,259643.000,-11460.000,-11059.739,-400.261,-394.436,-5.825,0
443.000,G30,259643.000,-11709.000,-11314.522,-394.478,-394.436,-0.042,0
444.000,E04,259644.000,-18496.000,-18088.935,-407.065,-393.956,-13.110,0
444.000,E07,259644.000,23546.000,23951.622,-405.622,-393.956,-11.666,0
444.000,E12,259644.000,-1516.000,-1126.854,-389.146,-393.956,4.809,0
444.000,E19,259644.000,-75.000,317.835,-392.835,-393.956,1.120,0
444.000,E21,259644.000,-18801.000,-18393.455,-407.545,-393.956,-13.590,0
444.000,E27,259644.000,8148.000,8552.022,-404.022,-393.956,-10.066,0
444.000,E33,259644.000,-28913.000,-28521.255,-391.745,-393.956,2.211,0
444.000,G02,259644.000,-16153.000,-15764.840,-388.160,-393.956,5.795,0
444.000,G06,259644.000,-6517.000,-6130.098,-386.902,-393.956,7.054,0
444.000,G07,259644.000,-6780.000,-6386.399,-393.601,-393.956,0.355,0
444.000,G09,259644.000,17114.000,17507.956,-393.956,-393.956,0.000,0
444.000,G11,259644.000,-25471.000,-25081.980,-389.020,-393.956,4.936,0
444.000,G13,259644.000,-16618.000,-16215.805,-402.195,-393.956,-8.240,0
444.000,G15,259644.000,-11424.000,-11019.405,-404.595,-393.956,-10.640,0
444.000,G20,259644.000,4210.000,4594.929,-384.929,-393.956,9.026,0
444.000,G22,259644.000,-11479.000,-11079.093,-399.907,-393.956,-5.951,0
444.000,G30,259644.000,-11740.000,-11346.033,-393.967,-393.956,-0.012,0
445.000,E04,259645.000,-18501.000,-18093.909,-407.091,-393.445,-13.645,0
445.000,E07,259645.000,23535.000,23940.017,-405.017,-393.445,-11.572,0
445.000,E12,259645.000,-1557.000,-1168.506,-388.494,-393.445,4.951,0
445.000,E19,259645.000,-108.000,284.596,-392.596,-393.445,0.849,0
445.000,E21,259645.000,-18804.000,-18396.778,-407.222,-393.445,-13.777,0
445.000,E27,259645.000,8136.000,8539.473,-403.473,-393.445,-10.027,0
445.000,E33,259645.000,-28948.000,-28556.741,-391.259,-393.445,2.186,0
445.000,G02,259645.000,-16196.000,-15808.361,-387.639,-393.445,5.806,0
445.000,G06,259645.000,-6563.000,-6176.709,-386.291,-393.445,7.154,0
445.000,G07,259645.000,-6812.000,-6419.667,-392.333,-393.445,1.112,0
445.000,G09,259645.000,17081.000,17474.445,-393.445,-393.445,0.000,0
445.000,G11,259645.000,-25512.000,-25123.597,-388.403,-393.445,5.042,0
445.000,G13,259645.000,-16632.000,-16230.307,-401.693,-393.445,-8.248,0
445.000,G15,259645.000,-11434.000,-11030.617,-403.383,-393.445,-9.938,0
445.000,G20,259645.000,4159.000,4543.969,-384.969,-393.445,8.476,0
445.000,G22,259645.000,-11498.000,-11098.422,-399.578,-393.445,-6.133,0
445.000,G30,259645.000,-11771.000,-11377.526,-393.474,-393.445,-0.029,0
446.000,E04,259646.000,-18505.000,-18098.874,-406.126,-393.000,-13.126,0
446.000,E07,259646.000,23524.000,23928.392,-404.392,-393.000,-11.393,0
446.000,E12,259646.000,-1599.000,-1210.160,-388.840,-393.000,4.159,0
446.000,E19,259646.000,-141.000,251.353,-392.353,-393.000,0.646,0
446.000,E21,259646.000,-18807.000,-18400.088,-406.912,-393.000,-13.912,0
446.000,E27,259646.000,8123.000,8526.912,-403.912,-393.000,-10.913,0
446.000,E33,259646.000,-28984.000,-28592.174,-391.826,-393.000,1.173,0
446.000,G02,259646.000,-16239.000,-15851.850,-387.150,-393.000,5.849,0
446.000,G06,259646.000,-6609.000,-6223.310,-385.690,-393.000,7.309,0
446.000,G07,259646.000,-6845.000,-6452.923,-392.077,-393.000,0.923,0
446.000,G09,259646.000,17047.000,17440.905,-393.905,-393.000,-0.905,0
446.000,G11,259646.000,-25554.000,-25165.160,-388.840,-393.000,4.159,0
446.000,G13,259646.000,-16647.000,-16244.798,-402.202,-393.000,-9.202,0
446.000,G15,259646.000,-11445.000,-11041.825,-403.175,-393.000,-10.176,0
446.000,G20,259646.000,4108.000,4492.995,-384.995,-393.000,8.005,0
446.000,G22,259646.000,-11517.000,-11117.725,-399.275,-393.000,-6.275,0
446.000,G30,259646.000,-11802.000,-11409.000,-393.000,-393.000,0.000,0
447.000,E04,259647.000,-18510.000,-18103.829,-406.171,-393.335,-12.836,0
447.000,E07,259647.000,23512.000,23916.748,-404.748,-393.335,-11.413,0
447.000,E12,259647.000,-1640.000,-1251.815,-388.185,-393.335,5.150,0
447.000,E19,259647.000,-174.000,218.106,-392.106,-393.335,1.229,0
447.000,E21,259647.000,-18810.000,-18403.384,-406.616,-393.335,-13.281,0
447.000,E27,259647.000,8111.000,8514.341,-403.341,-393.335,-10.006,0
447.000,E33,259647.000,-29019.000,-28627.553,-391.447,-393.335,1.888,0
447.000,G02,259647.000,-16283.000,-15895.308,-387.692,-393.335,5.643,0
447.000,G06,259647.000,-6656.000,-6269.900,-386.100,-393.335,7.235,0
447.000,G07,259647.000,-6879.000,-6486.169,-392.831,-393.335,0.504,0
447.000,G09,259647.000,17014.000,17407.335,-393.335,-393.335,0.000,0
447.000,G11,259647.000,-25595.000,-25206.668,-388.332,-393.335,5.003,0
447.000,G13,259647.000,-16661.000,-16259.277,-401.723,-393.335,-8.388,0
447.000,G15,259647.000,-11456.000,-11053.029,-402.971,-393.335,-9.636,0
447.000,G20,259647.000,4057.000,4442.006,-385.006,-393.335,8.329,0
447.000,G22,259647.000,-11536.000,-11137.004,-398.996,-393.335,-5.662,0
447.000,G30,259647.000,-11834.000,-11440.457,-393.543,-393.335,-0.208,0
448.000,E04,259648.000,-18515.000,-18108.773,-406.227,-393.104,-13.123,0
448.000,E07,259648.000,23501.000,23905.084,-404.084,-393.104,-10.980,0
448.000,E12,259648.000,-1682.000,-1293.472,-388.528,-393.104,4.577,0
448.000,E19,259648.000,-208.000,184.855,-392.855,-393.104,0.249,0
448.000,E21,259648.000,-18814.000,-18406.666,-407.334,-393.104,-14.230,0
448.000,E27,259648.000,8098.000,8501.759,-403.759,-393.104,-10.654,0
448.000,E33,259648.000,-29054.000,-28662.880,-391.120,-393.104,1.984,0
448.000,G02,259648.000,-16326.000,-15938.734,-387.266,-393.104,5.839,0
448.000,G06,259648.000,-6702.000,-6316.481,-385.519,-393.104,7.585,0
448.000,G07,259648.000,-6912.000,-6519.404,-392.596,-393.104,0.508,0
448.000,G09,259648.000,16980.000,17373.735,-393.735,-393.104,-0.631,0
448.000,G11,259648.000,-25636.000,-25248.122,-387.878,-393.104,5.227,0
448.000,G13,259648.000,-16675.000,-16273.744,-401.256,-393.104,-8.152,0
448.000,G15,259648.000,-11468.000,-11064.230,-403.770,-393.104,-10.666,0
448.000,G20,259648.000,4006.000,4391.003,-385.003,-393.104,8.101,0
448.000,G22,259648.000,-11555.000,-11156.257,-398.743,-393.104,-5.639,0
448.000,G30,259648.000,-11865.000,-11471.896,-393.104,-393.104,0.000,0
449.000,E04,259649.000,-18520.000,-18113.707,-406.293,-393.106,-13.186,0
449.000,E07,259649.000,23489.000,23893.400,-404.400,-393.106,-11.294,0
449.000,E12,259649.000,-1723.000,-1335.131,-387.869,-393.106,5.237,0
449.000,E19,259649.000,-241.000,151.600,-392.600,-393.106,0.506,0
449.000,E21,259649.000,-18817.000,-18409.934,-407.066,-393.106,-13.960,0
449.000,E27,259649.000,8086.000,8489.166,-403.166,-393.106,-10.059,0
449.000,E33,259649.000,-29089.000,-28698.153,-390.847,-393.106,2.259,0
449.000,G02,259649.000,-16369.000,-15982.129,-386.871,-393.106,6.236,0
449.000,G06,259649.000,-6749.000,-6363.051,-385.949,-393.106,7.158,0
449.000,G07,259649.000,-6945.000,-6552.627,-392.373,-393.106,0.734,0
449.000,G09,259649.000,16947.000,17340.106,-393.106,-393.106,0.000,0
449.000,G11,259649.000,-25678.000,-25289.522,-388.478,-393.106,4.629,0
449.000,G13,259649.000,-16690.000,-16288.198,-401.802,-393.106,-8.695,0
449.000,G15,259649.000,-11479.000,-11075.427,-403.573,-393.106,-10.467,0
449.000,G20,259649.000,3956.000,4339.985,-383.985,-393.106,9.121,0
449.000,G22,259649.000,-11575.000,-11175.484,-399.516,-393.106,-6.409,0
449.000,G30,259649.000,-11897.000,-11503.316,-393.684,-393.106,-0.577,0
450.000,E04,259650.000,-18525.000,-18118.632,-406.368,-393.282,-13.087,0
450.000,E07,259650.000,23477.000,23881.697,-404.697,-393.282,-11.415,0
450.000,E12,259650.000,-1765.000,-1376.791,-388.209,-393.282,5.073,0
450.000,E19,259650.000,-274.000,118.341,-392.341,-393.282,0.941,0
450.000,E21,259650.000,-18820.000,-18413.188,-406.812,-393.282,-13.530,0
450.000,E27,259650.000,8073.000,8476.561,-403.561,-393.282,-10.280,0
450.000,E33,259650.000,-29125.000,-28733.373,-391.627,-393.282,1.655,0
450.000,G02,259650.000,-16413.000,-16025.492,-387.508,-393.282,5.774,0
450.000,G06,259650.000,-6795.000,-6409.611,-385.389,-393.282,7.893,0
450.000,G07,259650.000,-6978.000,-6585.840,-392.160,-393.282,1.121,0
450.000,G09,259650.000,16913.000,17306.448,-393.448,-393.282,-0.166,0
450.000,G11,259650.000,-25719.000,-25330.867,-388.133,-393.282,5.149,0
450.000,G13,259650.000,-16704.000,-16302.641,-401.359,-393.282,-8.077,0
450.000,G15,259650.000,-11490.000,-11086.619,-403.381,-393.282,-10.099,0
450.000,G20,259650.000,3905.000,4288.954,-383.954,-393.282,9.328,0
450.000,G22,259650.000,-11594.000,-11194.687,-399.313,-393.282,-6.031,0
450.000,G30,259650.000,-11928.000,-11534.718,-393.282,-393.282,0.000,0
451.000,E04,259651.000,-18530.000,-18123.545,-406.455,-392.759,-13.695,0
451.000,E07,259651.000,23466.000,23869.974,-403.974,-392.759,-11.214,0
451.000,E12,259651.000,-1806.000,-1418.452,-387.548,-392.759,5.212,0
451.000,E19,259651.000,-307.000,85.078,-392.078,-392.759,0.681,0
451.000,E21,259651.000,-18823.000,-18416.428,-406.572,-392.759,-13.813,0
451.000,E27,259651.000,8061.000,8463.946,-402.946,-392.759,-10.187,0
451.000,E33,259651.000,-29160.000,-28768.540,-391.460,-392.759,1.300,0
451.000,G02,259651.000,-16456.000,-16068.824,-387.176,-392.759,5.583,0
451.000,G06,259651.000,-6842.000,-6456.160,-385.840,-392.759,6.920,0
451.000,G07,259651.000,-7011.000,-6619.041,-391.959,-392.759,0.801,0
451.000,G09,259651.000,16880.000,17272.759,-392.759,-392.759,0.000,0
451.000,G11,259651.000,-25760.000,-25372.158,-387.842,-392.759,4.918,0
451.000,G13,259651.000,-16719.000,-16317.072,-401.928,-392.759,-9.169,0
451.000,G15,259651.000,-11501.000,-11097.809,-403.191,-392.759,-10.432,0
451.000,G20,259651.000,3854.000,4237.908,-383.908,-392.759,8.851,0
451.000,G22,259651.000,-11613.000,-11213.864,-399.136,-392.759,-6.376,0
451.000,G30,259651.000,-11959.000,-11566.102,-392.898,-392.759,-0.138,0
452.000,E04,259652.000,-18535.000,-18128.449,-406.551,-393.042,-13.509,0
452.000,E07,259652.000,23454.000,23858.231,-404.231,-393.042,-11.189,0
452.000,E12,259652.000,-1848.000,-1460.115,-387.885,-393.042,5.157,0
452.000,E19,259652.000,-340.000,51.812,-391.812,-393.042,1.230,0
452.000,E21,259652.000,-18826.000,-18419.654,-406.346,-393.042,-13.304,0
452.000,E27,259652.000,8048.000,8451.321,-403.321,-393.042,-10.279,0
452.000,E33,259652.000,-29195.000,-28803.654,-391.346,-393.042,1.696,0
452.000,G02,259652.000,-16499.000,-16112.123,-386.877,-393.042,6.165,0
452.000,G06,259652.000,-6888.000,-6502.699,-385.301,-393.042,7.741,0
452.000,G07,259652.000,-7045.000,-6652.231,-392.769,-393.042,0.273,0
452.000,G09,259652.000,16846.000,17239.042,-393.042,-393.042,0.000,0
452.000,G11,259652.000,-25802.000,-25413.395,-388.605,-393.042,4.437,0
452.000,G13,259652.000,-16733.000,-16331.490,-401.510,-393.042,-8.468,0
452.000,G15,259652.000,-11512.000,-11108.994,-403.006,-393.042,-9.964,0
452.000,G20,259652.000,3803.000,4186.849,-383.849,-393.042,9.193,0
452.000,G22,259652.000,-11632.000,-11233.016,-398.984,-393.042,-5.942,0
452.000,G30,259652.000,-11991.000,-11597.468,-393.532,-393.042,-0.490,0
453.000,E04,259653.000,-18540.000,-18133.343,-406.657,-393.185,-13.472,0
453.000,E07,259653.000,23442.000,23846.468,-404.468,-393.185,-11.283,0
453.000,E12,259653.000,-1890.000,-1501.779,-388.221,-393.185,4.964,0
453.000,E19,259653.000,-374.000,18.541,-392.541,-393.185,0.643,0
453.000,E21,259653.000,-18830.000,-18422.867,-407.133,-393.185,-13.949,0
453.000,E27,259653.000,8035.000,8438.684,-403.684,-393.185,-10.499,0
453.000,E33,259653.000,-29230.000,-28838.715,-391.285,-393.185,1.900,0
453.000,G02,259653.000,-16543.000,-16155.390,-387.610,-393.185,5.575,0
453.000,G06,259653.000,-6935.000,-6549.227,-385.773,-393.185,7.412,0
453.000,G07,259653.000,-7078.000,-6685.410,-392.590,-393.185,0.595,0
453.000,G09,259653.000,16812.000,17205.295,-393.295,-393.185,-0.110,0
453.000,G11,259653.000,-25843.000,-25454.577,-388.423,-393.185,4.761,0
453.000,G13,259653.000,-16748.000,-16345.897,-402.103,-393.185,-8.918,0
453.000,G15,259653.000,-11524.000,-11120.176,-403.824,-393.185,-10.640,0
453.000,G20,259653.000,3751.000,4135.776,-384.776,-393.185,8.409,0
453.000,G22,259653.000,-11651.000,-11252.143,-398.857,-393.185,-5.672,0
453.000,G30,259653.000,-12022.000,-11628.815,-393.185,-393.185,0.000,0
454.000,E04,259654.000,-18545.000,-18138.226,-406.774,-393.518,-13.255,0
454.000,E07,259654.000,23430.000,23834.686,-404.686,-393.518,-11.168,0
454.000,E12,259654.000,-1932.000,-1543.444,-388.556,-393.518,4.962,0
454.000,E19,259654.000,-407.000,-14.733,-392.267,-393.518,1.251,0
454.000,E21,259654.000,-18833.000,-18426.065,-406.935,-393.518,-13.417,0
454.000,E27,259654.000,8022.000,8426.036,-404.036,-393.518,-10.518,0
454.000,E33,259654.000,-29265.000,-28873.723,-391.277,-393.518,2.241,0
454.000,G02,259654.000,-16586.000,-16198.626,-387.374,-393.518,6.144,0
454.000,G06,259654.000,-6982.000,-6595.744,-386.256,-393.518,7.262,0
454.000,G07,259654.000,-7111.000,-6718.578,-392.422,-393.518,1.096,0
454.000,G09,259654.000,16778.000,17171.518,-393.518,-393.518,0.000,0
454.000,G11,259654.000,-25884.000,-25495.704,-388.296,-393.518,5.222,0
454.000,G13,259654.000,-16762.000,-16360.291,-401.709,-393.518,-8.190,0
454.000,G15,259654.000,-11535.000,-11131.353,-403.647,-393.518,-10.128,0
454.000,G20,259654.000,3700.000,4084.689,-384.689,-393.518,8.829,0
454.000,G22,259654.000,-11671.000,-11271.244,-399.756,-393.518,-6.237,0
454.000,G30,259654.000,-12054.000,-11660.144,-393.856,-393.518,-0.338,0
455.000,E04,259655.000,-18550.000,-18143.100,-406.900,-393.545,-13.355,0
455.000,E07,259655.000,23418.000,23822.884,-404.884,-393.545,-11.339,0
455.000,E12,259655.000,-1974.000,-1585.110,-388.890,-393.545,4.655,0
455.000,E19,259655.000,-441.000,-48.010,-392.990,-393.545,0.555,0
455.000,E21,259655.000,-18837.000,-18429.249,-407.751,-393.545,-14.205,0
455.000,E27,259655.000,8009.000,8413.377,-404.377,-393.545,-10.832,0
455.000,E33,259655.000,-29301.000,-28908.677,-392.323,-393.545,1.222,0
455.000,G02,259655.000,-16630.000,-16241.829,-388.171,-393.545,5.374,0
455.000,G06,259655.000,-7028.000,-6642.250,-385.750,-393.545,7.795,0
455.000,G07,259655.000,-7145.000,-6751.734,-393.266,-393.545,0.279,0
455.000,G09,259655.000,16744.000,17137.712,-393.712,-393.545,-0.167,0
455.000,G11,259655.000,-25926.000,-25536.776,-389.224,-393.545,4.322,0
455.000,G13,259655.000,-16777.000,-16374.674,-402.326,-393.545,-8.781,0
455.000,G15,259655.000,-11546.000,-11142.527,-403.473,-393.545,-9.928,0
455.000,G20,259655.000,3649.000,4033.589,-384.589,-393.545,8.956,0
455.000,G22,259655.000,-11690.000,-11290.320,-399.680,-393.545,-6.134,0
455.000,G30,259655.000,-12085.000,-11691.455,-393.545,-393.545,0.000,0
456.000,E04,259656.000,-18555.000,-18147.963,-407.037,-393.877,-13.160,0
456.000,E07,259656.000,23406.000,23811.062,-405.062,-393.877,-11.185,0
456.000,E12,259656.000,-2015.000,-1626.776,-388.224,-393.877,5.654,0
456.000,E19,259656.000,-474.000,-81.291,-392.709,-393.877,1.169,0
456.000,E21,259656.000,-18840.000,-18432.420,-407.580,-393.877,-13.703,0
456.000,E27,259656.000,7997.000,8400.708,-403.708,-393.877,-9.831,0
456.000,E33,259656.000,-29336.000,-28943.578,-392.422,-393.877,1.455,0
456.000,G02,259656.000,-16673.000,-16285.000,-388.000,-393.877,5.877,0
456.000,G06,259656.000,-7075.000,-6688.745,-386.255,-393.877,7.622,0
456.000,G07,259656.000,-7178.000,-6784.879,-393.121,-393.877,0.756,0
456.000,G09,259656.000,16710.000,17103.877,-393.877,-393.877,0.000,0
456.000,G11,259656.000,-25967.000,-25577.794,-389.206,-393.877,4.671,0
456.000,G13,259656.000,-16791.000,-16389.044,-401.956,-393.877,-8.079,0
456.000,G15,259656.000,-11558.000,-11153.697,-404.303,-393.877,-10.426,0
456.000,G20,259656.000,3598.000,3982.476,-384.476,-393.877,9.401,0
456.000,G22,259656.000,-11709.000,-11309.371,-399.629,-393.877,-5.752,0
456.000,G30,259656.000,-12117.000,-11722.747,-394.253,-393.877,-0.376,0
457.000,E04,259657.000,-18560.000,-18152.816,-407.184,-393.980,-13.205,0
457.000,E07,259657.000,23394.000,23799.221,-405.221,-393.980,-11.242,0
457.000,E12,259657.000,-2057.000,-1668.444,-388.556,-393.980,5.423,0
457.000,E19,259657.000,-508.000,-114.576,-393.424,-393.980,0.556,0
457.000,E21,259657.000,-18843.000,-18435.577,-407.423,-393.980,-13.444,0
457.000,E27,259657.000,7984.000,8388.027,-404.027,-393.980,-10.048,0
457.000,E33,259657.000,-29371.000,-28978.426,-392.574,-393.980,1.405,0
457.000,G02,259657.000,-16716.000,-16328.139,-387.861,-393.980,6.118,0
457.000,G06,259657.000,-7122.000,-6735.229,-386.771,-393.980,7.208,0
457.000,G07,259657.000,-7211.000,-6818.012,-392.988,-393.980,0.992,0
457.000,G09,259657.000,16676.000,17070.013,-394.013,-393.980,-0.033,0
457.000,G11,259657.000,-26008.000,-25618.757,-389.243,-393.980,4.737,0
457.000,G13,259657.000,-16806.000,-16403.402,-402.598,-393.980,-8.618,0
457.000,G15,259657.000,-11569.000,-11164.863,-404.137,-393.980,-10.157,0
457.000,G20,259657.000,3546.000,3931.349,-385.349,-393.980,8.630,0
457.000,G22,259657.000,-11728.000,-11328.396,-399.604,-393.980,-5.624,0
457.000,G30,259657.000,-12148.000,-11754.020,-393.980,-393.980,0.000,0
458.000,E04,259658.000,-18565.000,-18157.658,-407.342,-393.725,-13.617,0
458.000,E07,259658.000,23383.000,23787.360,-404.360,-393.725,-10.636,0
458.000,E12,259658.000,-2099.000,-1710.112,-388.888,-393.725,4.837,0
458.000,E19,259658.000,-541.000,-147.864,-393.136,-393.725,0.589,0
458.000,E21,259658.000,-18846.000,-18438.720,-407.280,-393.725,-13.556,0
458.000,E27,259658.000,7971.000,8375.336,-404.336,-393.725,-10.612,0
458.000,E33,259658.000,-29405.000,-29013.220,-391.780,-393.725,1.944,0
458.000,G02,259658.000,-16759.000,-16371.245,-387.755,-393.725,5.970,0
458.000,G06,259658.000,-7168.000,-6781.701,-386.299,-393.725,7.426,0
458.000,G07,259658.000,-7244.000,-6851.134,-392.866,-393.725,0.858,0
458.000,G09,259658.000,16642.000,17036.119,-394.119,-393.725,-0.395,0
458.000,G11,259658.000,-26049.000,-25659.665,-389.335,-393.725,4.390,0
458.000,G13,259658.000,-16820.000,-16417.748,-402.252,-393.725,-8.527,0
458.000,G15,259658.000,-11580.000,-11176.026,-403.974,-393.725,-10.250,0
458.000,G20,259658.000,3495.000,3880.210,-385.210,-393.725,8.515,0
458.000,G22,259658.000,-11747.000,-11347.396,-399.604,-393.725,-5.880,0
458.000,G30,259658.000,-12179.000,-11785.275,-393.725,-393.725,0.000,0
459.000,E04,259659.000,-18569.000,-18162.491,-406.509,-393.197,-13.312,0
459.000,E07,259659.000,23371.000,23775.480,-404.480,-393.197,-11.283,0
459.000,E12,259659.000,-2140.000,-1751.781,-388.219,-393.197,4.978,0
459.000,E19,259659.000,-574.000,-181.156,-392.844,-393.197,0.352,0
459.000,E21,259659.000,-18849.000,-18441.849,-407.151,-393.197,-13.955,0
459.000,E27,259659.000,7959.000,8362.634,-403.634,-393.197,-10.437,0
459.000,E33,259659.000,-29440.000,-29047.961,-392.039,-393.197,1.158,0
459.000,G02,259659.000,-16802.000,-16414.319,-387.681,-393.197,5.516,0
459.000,G06,259659.000,-7214.000,-6828.163,-385.837,-393.197,7.359,0
459.000,G07,259659.000,-7277.000,-6884.244,-392.756,-393.197,0.441,0
459.000,G09,259659.000,16609.000,17002.197,-393.197,-393.197,0.000,0
459.000,G11,259659.000,-26089.000,-25700.519,-388.481,-393.197,4.716,0
459.000,G13,259659.000,-16834.000,-16432.082,-401.918,-393.197,-8.721,0
459.000,G15,259659.000,-11591.000,-11187.184,-403.816,-393.197,-10.619,0
459.000,G20,259659.000,3444.000,3829.057,-385.057,-393.197,8.139,0
459.000,G22,259659.000,-11766.000,-11366.370,-399.630,-393.197,-6.433,0
459.000,G30,259659.000,-12210.000,-11816.512,-393.488,-393.197,-0.291,0
460.000,E04,259660.000,-18574.000,-18167.314,-406.686,-393.245,-13.442,0
460.000,E07,259660.000,23359.000,23763.579,-404.579,-393.245,-11.335,0
460.000,E12,259660.000,-2182.000,-1793.450,-388.550,-393.245,4.695,0
460.000,E19,259660.000,-607.000,-214.451,-392.549,-393.245,0.695,0
460.000,E21,259660.000,-18852.000,-18444.964,-407.036,-393.245,-13.791,0
460.000,E27,259660.000,7946.000,8349.921,-403.921,-393.245,-10.676,0
460.000,E33,259660.000,-29474.000,-29082.649,-391.351,-393.245,1.893,0
460.000,G02,259660.000,-16845.000,-16457.360,-387.640,-393.245,5.605,0
460.000,G06,259660.000,-7260.000,-6874.612,-385.388,-393.245,7.857,0
460.000,G07,259660.000,-7310.000,-6917.343,-392.657,-393.245,0.587,0
460.000,G09,259660.000,16575.000,16968.245,-393.245,-393.245,0.000,0
460.000,G11,259660.000,-26130.000,-25741.317,-388.683,-393.245,4.562,0
460.000,G13,259660.000,-16848.000,-16446.404,-401.596,-393.245,-8.352,0
460.000,G15,259660.000,-11602.000,-11198.339,-403.661,-393.245,-10.417,0
460.000,G20,259660.000,3393.000,3777.892,-384.892,-393.245,8.353,0
460.000,G22,259660.000,-11785.000,-11385.319,-399.681,-393.245,-6.436,0
460.000,G30,259660.000,-12241.000,-11847.730,-393.270,-393.245,-0.026,0
461.000,E04,259661.000,-18579.000,-18172.126,-406.874,-393.264,-13.610,0
461.000,E07,259661.000,23347.000,23751.659,-404.659,-393.264,-11.396,0
461.000,E12,259661.000,-2224.000,-1835.120,-388.880,-393.264,4.384,0
461.000,E19,259661.000,-640.000,-247.749,-392.251,-393.264,1.013,0
461.000,E21,259661.000,-18855.000,-18448.065,-406.935,-393.264,-13.671,0
461.000,E27,259661.000,7933.000,8337.197,-404.197,-393.264,-10.933,0
461.000,E33,259661.000,-29509.000,-29117.283,-391.717,-393.264,1.547,0
461.000,G02,259661.000,-16888.000,-16500.369,-387.631,-393.264,5.633,0
461.000,G06,259661.000,-7307.000,-6921.050,-385.950,-393.264,7.314,0
461.000,G07,259661.000,-7343.000,-6950.430,-392.570,-393.264,0.693,0
461.000,G09,259661.000,16541.000,16934.264,-393.264,-393.264,0.000,0
461.000,G11,259661.000,-26171.000,-25782.061,-388.939,-393.264,4.325,0
461.000,G13,259661.000,-16863.000,-16460.714,-402.286,-393.264,-9.023,0
461.000,G15,259661.000,-11613.000,-11209.489,-403.511,-393.264,-10.247,0
461.000,G20,259661.000,3342.000,3726.714,-384.714,-393.264,8.550,0
461.000,G22,259661.000,-11804.000,-11404.243,-399.757,-393.264,-6.494,0
461.000,G30,259661.000,-12273.000,-11878.929,-394.071,-393.264,-0.807,0
462.000,E04,259662.000,-18584.000,-18176.928,-407.072,-393.254,-13.818,0
462.000,E07,259662.000,23335.000,23739.720,-404.720,-393.254,-11.466,0
462.000,E12,259662.000,-2265.000,-1876.791,-388.209,-393.254,5.044,0
462.000,E19,259662.000,-674.000,-281.050,-392.950,-393.254,0.304,0
462.000,E21,259662.000,-18858.000,-18451.153,-406.847,-393.254,-13.593,0
462.000,E27,259662.000,7921.000,8324.462,-403.462,-393.254,-10.208,0
462.000,E33,259662.000,-29544.000,-29151.864,-392.136,-393.254,1.118,0
462.000,G02,259662.000,-16931.000,-16543.345,-387.655,-393.254,5.599,0
462.000,G06,259662.000,-7353.000,-6967.477,-385.523,-393.254,7.730,0
462.000,G07,259662.000,-7376.000,-6983.505,-392.495,-393.254,0.759,0
462.000,G09,259662.000,16507.000,16900.254,-393.254,-393.254,0.000,0
462.000,G11,259662.000,-26212.000,-25822.750,-389.250,-393.254,4.003,0
462.000,G13,259662.000,-16877.000,-16475.011,-401.989,-393.254,-8.735,0
462.000,G15,259662.000,-11624.000,-11220.636,-403.364,-393.254,-10.110,0
462.000,G20,259662.000,3291.000,3675.523,-384.523,-393.254,8.731,0
462.000,G22,259662.000,-11823.000,-11423.140,-399.860,-393.254,-6.606,0
462.000,G30,259662.000,-12304.000,-11910.110,-393.890,-393.254,-0.637,0
463.000,E04,259663.000,-18588.000,-18181.720,-406.280,-392.729,-13.551,0
463.000,E07,259663.000,23324.000,23727.760,-403.760,-392.729,-11.032,0
463.000,E12,259663.000,-2306.000,-1918.461,-387.539,-392.729,5.190,0
463.000,E19,259663.000,-706.000,-314.355,-391.645,-392.729,1.084,0
463.000,E21,259663.000,-18861.000,-18454.227,-406.773,-392.729,-14.045,0
463.000,E27,259663.000,7908.000,8311.716,-403.716,-392.729,-10.988,0
463.000,E33,259663.000,-29578.000,-29186.391,-391.609,-392.729,1.120,0
463.000,G02,259663.000,-16974.000,-16586.288,-387.712,-392.729,5.017,0
463.000,G06,259663.000,-7399.000,-7013.891,-385.109,-392.729,7.620,0
463.000,G07,259663.000,-7409.000,-7016.568,-392.432,-392.729,0.297,0
463.000,G09,259663.000,16473.000,16866.215,-393.215,-392.729,-0.486,0
463.000,G11,259663.000,-26252.000,-25863.383,-388.617,-392.729,4.112,0
463.000,G13,259663.000,-16891.000,-16489.296,-401.704,-392.729,-8.975,0
463.000,G15,259663.000,-11635.000,-11231.779,-403.221,-392.729,-10.492,0
463.000,G20,259663.000,3240.000,3624.320,-384.320,-392.729,8.409,0
463.000,G22,259663.000,-11841.000,-11442.013,-398.987,-392.729,-6.259,0
463.000,G30,259663.000,-12334.000,-11941.271,-392.729,-392.729,0.000,0
464.000,E04,259664.000,-18593.000,-18186.502,-406.498,-392.380,-14.118,0
464.000,E07,259664.000,23312.000,23715.782,-403.782,-392.380,-11.402,0
464.000,E12,259664.000,-2348.000,-1960.132,-387.868,-392.380,4.512,0
464.000,E19,259664.000,-740.000,-347.663,-392.337,-392.380,0.043,0
464.000,E21,259664.000,-18864.000,-18457.287,-406.713,-392.380,-14.333,0
464.000,E27,259664.000,7896.000,8298.960,-402.960,-392.380,-10.580,0
464.000,E33,259664.000,-29612.000,-29220.866,-391.134,-392.380,1.246,0
464.000,G02,259664.000,-17016.000,-16629.199,-386.801,-392.380,5.578,0
464.000,G06,259664.000,-7446.000,-7060.294,-385.706,-392.380,6.674,0
464.000,G07,259664.000,-7442.000,-7049.620,-392.380,-392.380,0.000,0
464.000,G09,259664.000,16440.000,16832.147,-392.147,-392.380,0.233,0
464.000,G11,259664.000,-26292.000,-25903.962,-388.038,-392.380,4.342,0
464.000,G13,259664.000,-16905.000,-16503.570,-401.430,-392.380,-9.050,0
464.000,G15,259664.000,-11646.000,-11242.918,-403.082,-392.380,-10.702,0
464.000,G20,259664.000,3189.000,3573.104,-384.104,-392.380,8.276,0
464.000,G22,259664.000,-11860.000,-11460.860,-399.140,-392.380,-6.760,0
464.000,G30,259664.000,-12365.000,-11972.414,-392.586,-392.380,-0.206,0
465.000,E04,259665.000,-18597.000,-18191.274,-405.726,-393.050,-12.676,0
465.000,E07,259665.000,23300.000,23703.783,-403.783,-393.050,-10.733,0
465.000,E12,259665.000,-2390.000,-2001.803,-388.197,-393.050,4.853,0
465.000,E19,259665.000,-773.000,-380.974,-392.026,-393.050,1.024,0
465.000,E21,259665.000,-18867.000,-18460.333,-406.667,-393.050,-13.617,0
465.000,E27,259665.000,7883.000,8286.192,-403.192,-393.050,-10.143,0
465.000,E33,259665.000,-29647.000,-29255.286,-391.714,-393.050,1.336,0
465.000,G02,259665.000,-17059.000,-16672.076,-386.924,-393.050,6.126,0
465.000,G06,259665.000,-7492.000,-7106.684,-385.316,-393.050,7.734,0
465.000,G07,259665.000,-7475.000,-7082.660,-392.340,-393.050,0.710,0
465.000,G09,259665.000,16405.000,16798.050,-393.050,-393.050,0.000,0
465.000,G11,259665.000,-26333.000,-25944.485,-388.515,-393.050,4.535,0
465.000,G13,259665.000,-16919.000,-16517.831,-401.169,-393.050,-8.120,0
465.000,G15,259665.000,-11657.000,-11254.053,-402.947,-393.050,-9.897,0
465.000,G20,259665.000,3138.000,3521.877,-383.877,-393.050,9.173,0
465.000,G22,259665.000,-11879.000,-11479.681,-399.319,-393.050,-6.269,0
465.000,G30,259665.000,-12397.000,-12003.538,-393.462,-393.050,-0.412,0
466.000,E04,259666.000,-18602.000,-18196.036,-405.964,-392.924,-13.040,0
466.000,E07,259666.000,23288.000,23691.765,-403.765,-392.924,-10.841,0
466.000,E12,259666.000,-2431.000,-2043.474,-387.526,-392.924,5.398,0
466.000,E19,259666.000,-806.000,-414.288,-391.712,-392.924,1.212,0
466.000,E21,259666.000,-18870.000,-18463.365,-406.635,-392.924,-13.711,0
466.000,E27,259666.000,7870.000,8273.414,-403.414,-392.924,-10.490,0
466.000,E33,259666.000,-29681.000,-29289.653,-391.347,-392.924,1.577,0
466.000,G02,259666.000,-17102.000,-16714.920,-387.080,-392.924,5.844,0
466.000,G06,259666.000,-7538.000,-7153.062,-384.938,-392.924,7.986,0
466.000,G07,259666.000,-7508.000,-7115.688,-392.312,-392.924,0.612,0
466.000,G09,259666.000,16371.000,16763.924,-392.924,-392.924,0.000,0
466.000,G11,259666.000,-26373.000,-25984.953,-388.047,-392.924,4.878,0
466.000,G13,259666.000,-16933.000,-16532.079,-400.921,-392.924,-7.996,0
466.000,G15,259666.000,-11668.000,-11265.184,-402.816,-392.924,-9.892,0
466.000,G20,259666.000,3087.000,3470.637,-383.637,-392.924,9.287,0
466.000,G22,259666.000,-11897.000,-11498.476,-398.524,-392.924,-5.600,0
466.000,G30,259666.000,-12428.000,-12034.644,-393.356,-392.924,-0.432,0
467.000,E04,259667.000,-18607.000,-18200.787,-406.213,-392.769,-13.443,0
467.000,E07,259667.000,23276.000,23679.727,-403.727,-392.769,-10.957,0
467.000,E12,259667.000,-2473.000,-2085.145,-387.855,-392.769,4.914,0
467.000,E19,259667.000,-840.000,-447.605,-392.395,-392.769,0.374,0
467.000,E21,259667.000,-18873.000,-18466.384,-406.616,-392.769,-13.847,0
467.000,E27,259667.000,7857.000,8260.625,-403.625,-392.769,-10.856,0
467.000,E33,259667.000,-29716.000,-29323.967,-392.033,-392.769,0.736,0
467.000,G02,259667.000,-17145.000,-16757.731,-387.269,-392.769,5.501,0
467.000,G06,259667.000,-7585.000,-7199.428,-385.572,-392.769,7.198,0
467.000,G07,259667.000,-7541.000,-7148.704,-392.296,-392.769,0.473,0
467.000,G09,259667.000,16337.000,16729.769,-392.769,-392.769,0.000,0
467.000,G11,259667.000,-26414.000,-26025.367,-388.633,-392.769,4.136,0
467.000,G13,259667.000,-16948.000,-16546.316,-401.684,-392.769,-8.914,0
467.000,G15,259667.000,-11680.000,-11276.311,-403.689,-392.769,-10.920,0
467.000,G20,259667.000,3035.000,3419.386,-384.386,-392.769,8.384,0
467.000,G22,259667.000,-11916.000,-11517.247,-398.753,-392.769,-5.984,0
467.000,G30,259667.000,-12459.000,-12065.730,-393.270,-392.769,-0.500,0
468.000,E04,259668.000,-18612.000,-18205.528,-406.472,-392.586,-13.886,0
468.000,E07,259668.000,23264.000,23667.669,-403.669,-392.586,-11.083,0
468.000,E12,259668.000,-2515.000,-2126.815,-388.185,-392.586,4.401,0
468.000,E19,259668.000,-873.000,-480.925,-392.075,-392.586,0.511,0
468.000,E21,259668.000,-18876.000,-18469.388,-406.612,-392.586,-14.026,0
468.000,E27,259668.000,7844.000,8247.825,-403.825,-392.586,-11.239,0
468.000,E33,259668.000,-29750.000,-29358.227,-391.773,-392.586,0.813,0
468.000,G02,259668.000,-17188.000,-16800.509,-387.491,-392.586,5.095,0
468.000,G06,259668.000,-7631.000,-7245.782,-385.218,-392.586,7.368,0
468.000,G07,259668.000,-7574.000,-7181.707,-392.293,-392.586,0.293,0
468.000,G09,259668.000,16303.000,16695.586,-392.586,-392.586,0.000,0
468.000,G11,259668.000,-26454.000,-26065.724,-388.276,-392.586,4.310,0
468.000,G13,259668.000,-16962.000,-16560.541,-401.459,-392.586,-8.873,0
468.000,G15,259668.000,-11691.000,-11287.434,-403.566,-392.586,-10.980,0
468.000,G20,259668.000,2984.000,3368.122,-384.122,-392.586,8.464,0
468.000,G22,259668.000,-11935.000,-11535.991,-399.009,-392.586,-6.423,0
468.000,G30,259668.000,-12490.000,-12096.798,-393.202,-392.586,-0.616,0
469.000,E04,259669.000,-18617.000,-18210.260,-406.740,-392.374,-14.366,0
469.000,E07,259669.000,23252.000,23655.592,-403.592,-392.374,-11.218,0
469.000,E12,259669.000,-2557.000,-2168.486,-388.514,-392.374,3.860,0
469.000,E19,259669.000,-906.000,-514.247,-391.753,-392.374,0.621,0
469.000,E21,259669.000,-18879.000,-18472.379,-406.621,-392.374,-14.247,0
469.000,E27,259669.000,7832.000,8235.014,-403.014,-392.374,-10.640,0
469.000,E33,259669.000,-29784.000,-29392.434,-391.566,-392.374,0.808,0
469.000,G02,259669.000,-17231.000,-16843.253,-387.747,-392.374,4.628,0
469.000,G06,259669.000,-7678.000,-7292.123,-385.877,-392.374,6.497,0
469.000,G07,259669.000,-7607.000,-7214.699,-392.301,-392.374,0.073,0
469.000,G09,259669.000,16269.000,16661.374,-392.374,-392.374,0.000,0
469.000,G11,259669.000,-26495.000,-26106.027,-388.973,-392.374,3.401,0
469.000,G13,259669.000,-16976.000,-16574.753,-401.247,-392.374,-8.873,0
469.000,G15,259669.000,-11702.000,-11298.553,-403.447,-392.374,-11.073,0
469.000,G20,259669.000,2933.000,3316.847,-383.847,-392.374,8.527,0
469.000,G22,259669.000,-11954.000,-11554.710,-399.290,-392.374,-6.916,0
469.000,G30,259669.000,-12521.000,-12127.846,-393.154,-392.374,-0.780,0
470.000,E04,259670.000,-18621.000,-18214.981,-406.019,-392.427,-13.593,0
470.000,E07,259670.000,23240.000,23643.495,-403.495,-392.427,-11.068,0
470.000,E12,259670.000,-2598.000,-2210.156,-387.844,-392.427,4.583,0
470.000,E19,259670.000,-940.000,-547.573,-392.427,-392.427,0.000,0
470.000,E21,259670.000,-18882.000,-18475.357,-406.643,-392.427,-14.217,0
470.000,E27,259670.000,7819.000,8222.193,-403.193,-392.427,-10.766,0
470.000,E33,259670.000,-29818.000,-29426.586,-391.414,-392.427,1.013,0
470.000,G02,259670.000,-17273.000,-16885.965,-387.035,-392.427,5.392,0
470.000,G06,259670.000,-7724.000,-7338.451,-385.549,-392.427,6.878,0
470.000,G07,259670.000,-7640.000,-7247.679,-392.321,-392.427,0.106,0
470.000,G09,259670.000,16235.000,16627.133,-392.133,-392.427,0.294,0
470.000,G11,259670.000,-26535.000,-26146.274,-388.726,-392.427,3.701,0
470.000,G13,259670.000,-16990.000,-16588.953,-401.047,-392.427,-8.620,0
470.000,G15,259670.000,-11713.000,-11309.668,-403.332,-392.427,-10.905,0
470.000,G20,259670.000,2882.000,3265.561,-383.561,-392.427,8.866,0
470.000,G22,259670.000,-11972.000,-11573.403,-398.597,-392.427,-6.170,0
470.000,G30,259670.000,-12552.000,-12158.876,-393.124,-392.427,-0.697,0
471.000,E04,259671.000,-18626.000,-18219.691,-406.309,-392.864,-13.445,0
471.000,E07,259671.000,23228.000,23631.379,-403.379,-392.864,-10.515,0
471.000,E12,259671.000,-2640.000,-2251.826,-388.174,-392.864,4.689,0
471.000,E19,259671.000,-973.000,-580.902,-392.098,-392.864,0.765,0
471.000,E21,259671.000,-18885.000,-18478.320,-406.680,-392.864,-13.816,0
471.000,E27,259671.000,7806.000,8209.361,-403.361,-392.864,-10.497,0
471.000,E33,259671.000,-29852.000,-29460.686,-391.314,-392.864,1.550,0
471.000,G02,259671.000,-17316.000,-16928.642,-387.358,-392.864,5.506,0
471.000,G06,259671.000,-7770.000,-7384.767,-385.233,-392.864,7.631,0
471.000,G07,259671.000,-7673.000,-7280.646,-392.354,-392.864,0.510,0
471.000,G09,259671.000,16200.000,16592.864,-392.864,-392.864,0.000,0
471.000,G11,259671.000,-26575.000,-26186.466,-388.534,-392.864,4.330,0
471.000,G13,259671.000,-17005.000,-16603.141,-401.859,-392.864,-8.995,0
471.000,G15,259671.000,-11724.000,-11320.780,-403.220,-392.864,-10.357,0
471.000,G20,259671.000,2830.000,3214.263,-384.263,-392.864,8.601,0
471.000,G22,259671.000,-11991.000,-11592.070,-398.930,-392.864,-6.066,0
471.000,G30,259671.000,-12583.000,-12189.886,-393.114,-392.864,-0.250,0
472.000,E04,259672.000,-18631.000,-18224.392,-406.608,-392.566,-14.042,0
472.000,E07,259672.000,23215.000,23619.243,-404.243,-392.566,-11.677,0
472.000,E12,259672.000,-2681.000,-2293.495,-387.505,-392.566,5.061,0
472.000,E19,259672.000,-1006.000,-614.233,-391.767,-392.566,0.798,0
472.000,E21,259672.000,-18888.000,-18481.270,-406.730,-392.566,-14.164,0
472.000,E27,259672.000,7793.000,8196.517,-403.517,-392.566,-10.951,0
472.000,E33,259672.000,-29886.000,-29494.731,-391.269,-392.566,1.297,0
472.000,G02,259672.000,-17359.000,-16971.286,-387.714,-392.566,4.852,0
472.000,G06,259672.000,-7817.000,-7431.070,-385.930,-392.566,6.636,0
472.000,G07,259672.000,-7706.000,-7313.602,-392.398,-392.566,0.168,0
472.000,G09,259672.000,16166.000,16558.566,-392.566,-392.566,0.000,0
472.000,G11,259672.000,-26615.000,-26226.602,-388.398,-392.566,4.168,0
472.000,G13,259672.000,-17019.000,-16617.316,-401.684,-392.566,-9.118,0
472.000,G15,259672.000,-11735.000,-11331.887,-403.113,-392.566,-10.547,0
472.000,G20,259672.000,2779.000,3162.954,-383.954,-392.566,8.612,0
472.000,G22,259672.000,-12010.000,-11610.712,-399.288,-392.566,-6.722,0
472.000,G30,259672.000,-12614.000,-12220.878,-393.122,-392.566,-0.557,0
473.000,E04,259673.000,-18636.000,-18229.083,-406.917,-393.239,-13.678,0
473.000,E07,259673.000,23203.000,23607.087,-404.087,-393.239,-10.848,0
473.000,E12,259673.000,-2724.000,-2335.163,-388.837,-393.239,4.403,0
473.000,E19,259673.000,-1040.000,-647.566,-392.434,-393.239,0.806,0
473.000,E21,259673.000,-18892.000,-18484.206,-407.794,-393.239,-14.555,0
473.000,E27,259673.000,7780.000,8183.663,-403.663,-393.239,-10.424,0
473.000,E33,259673.000,-29921.000,-29528.723,-392.277,-393.239,0.963,0
473.000,G02,259673.000,-17402.000,-17013.897,-388.103,-393.239,5.136,0
473.000,G06,259673.000,-7863.000,-7477.360,-385.640,-393.239,7.599,0
473.000,G07,259673.000,-7739.000,-7346.545,-392.455,-393.239,0.784,0
473.000,G09,259673.000,16131.000,16524.239,-393.239,-393.239,0.000,0
473.000,G11,259673.000,-26656.000,-26266.683,-389.317,-393.239,3.922,0
473.000,G13,259673.000,-17034.000,-16631.480,-402.520,-393.239,-9.281,0
473.000,G15,259673.000,-11747.000,-11342.990,-404.010,-393.239,-10.771,0
473.000,G20,259673.000,2727.000,3111.633,-384.633,-393.239,8.606,0
473.000,G22,259673.000,-12029.000,-11629.328,-399.672,-393.239,-6.433,0
473.000,G30,259673.000,-12646.000,-12251.850,-394.150,-393.239,-0.911,0
474.000,E04,259674.000,-18640.000,-18233.763,-406.237,-392.884,-13.353,0
474.000,E07,259674.000,23191.000,23594.912,-403.912,-392.884,-11.028,0
474.000,E12,259674.000,-2765.000,-2376.832,-388.168,-392.884,4.716,0
474.000,E19,259674.000,-1073.000,-680.903,-392.097,-392.884,0.787,0
474.000,E21,259674.000,-18894.000,-18487.128,-406.872,-392.884,-13.988,0
474.000,E27,259674.000,7767.000,8170.798,-403.798,-392.884,-10.914,0
474.000,E33,259674.000,-29955.000,-29562.662,-392.338,-392.884,0.546,0
474.000,G02,259674.000,-17444.000,-17056.474,-387.526,-392.884,5.358,0
474.000,G06,259674.000,-7909.000,-7523.637,-385.363,-392.884,7.521,0
474.000,G07,259674.000,-7772.000,-7379.476,-392.524,-392.884,0.360,0
474.000,G09,259674.000,16097.000,16489.884,-392.884,-392.884,0.000,0
474.000,G11,259674.000,-26696.000,-26306.708,-389.292,-392.884,3.593,0
474.000,G13,259674.000,-17047.000,-16645.631,-401.369,-392.884,-8.485,0
474.000,G15,259674.000,-11757.000,-11354.089,-402.911,-392.884,-10.027,0
474.000,G20,259674.000,2676.000,3060.302,-384.302,-392.884,8.582,0
474.000,G22,259674.000,-12047.000,-11647.919,-399.081,-392.884,-6.197,0
474.000,G30,259674.000,-12676.000,-12282.803,-393.197,-392.884,-0.313,0
475.000,E04,259675.000,-18645.000,-18238.434,-406.566,-392.606,-13.960,0
475.000,E07,259675.000,23179.000,23582.717,-403.717,-392.606,-11.111,0
475.000,E12,259675.000,-2806.000,-2418.499,-387.501,-392.606,5.105,0
475.000,E19,259675.000,-1106.000,-714.242,-391.758,-392.606,0.848,0
475.000,E21,259675.000,-18897.000,-18490.036,-406.964,-392.606,-14.357,0
475.000,E27,259675.000,7755.000,8157.923,-402.923,-392.606,-10.317,0
475.000,E33,259675.000,-29988.000,-29596.547,-391.453,-392.606,1.153,0
475.000,G02,259675.000,-17486.000,-17099.017,-386.983,-392.606,5.623,0
475.000,G06,259675.000,-7955.000,-7569.901,-385.099,-392.606,7.507,0
475.000,G07,259675.000,-7805.000,-7412.394,-392.606,-392.606,0.000,0
475.000,G09,259675.000,16063.000,16455.500,-392.500,-392.606,0.106,0
475.000,G11,259675.000,-26735.000,-26346.678,-388.322,-392.606,4.284,0
475.000,G13,259675.000,-17061.000,-16659.770,-401.230,-392.606,-8.624,0
475.000,G15,259675.000,-11768.000,-11365.184,-402.816,-392.606,-10.209,0
475.000,G20,259675.000,2625.000,3008.959,-383.959,-392.606,8.647,0
475.000,G22,259675.000,-12066.000,-11666.483,-399.517,-392.606,-6.911,0
475.000,G30,259675.000,-12707.000,-12313.737,-393.263,-392.606,-0.657,0
476.000,E04,259676.000,-18649.000,-18243.094,-405.906,-393.088,-12.818,0
476.000,E07,259676.000,23167.000,23570.503,-403.503,-393.088,-10.414,0
476.000,E12,259676.000,-2848.000,-2460.165,-387.835,-393.088,5.254,0
476.000,E19,259676.000,-1140.000,-747.584,-392.416,-393.088,0.672,0
476.000,E21,259676.000,-18900.000,-18492.931,-407.069,-393.088,-13.980,0
476.000,E27,259676.000,7742.000,8145.036,-403.036,-393.088,-9.948,0
476.000,E33,259676.000,-30022.000,-29630.377,-391.623,-393.088,1.466,0
476.000,G02,259676.000,-17529.000,-17141.526,-387.474,-393.088,5.614,0
476.000,G06,259676.000,-8002.000,-7616.151,-385.849,-393.088,7.240,0
476.000,G07,259676.000,-7838.000,-7445.300,-392.700,-393.088,0.388,0
476.000,G09,259676.000,16028.000,16421.088,-393.088,-393.088,0.000,0
476.000,G11,259676.000,-26775.000,-26386.593,-388.407,-393.088,4.681,0
476.000,G13,259676.000,-17076.000,-16673.896,-402.104,-393.088,-9.015,0
476.000,G15,259676.000,-11780.000,-11376.276,-403.724,-393.088,-10.636,0
476.000,G20,259676.000,2573.000,2957.606,-384.606,-393.088,8.482,0
476.000,G22,259676.000,-12084.000,-11685.022,-398.978,-393.088,-5.889,0
476.000,G30,259676.000,-12738.000,-12344.651,-393.349,-393.088,-0.260,0
477.000,E04,259677.000,-18654.000,-18247.744,-406.256,-392.807,-13.450,0
477.000,E07,259677.000,23154.000,23558.269,-404.269,-392.807,-11.462,0
477.000,E12,259677.000,-2890.000,-2501.830,-388.170,-392.807,4.637,0
477.000,E19,259677.000,-1173.000,-780.928,-392.072,-392.807,0.734,0
477.000,E21,259677.000,-18903.000,-18495.813,-407.187,-392.807,-14.381,0
477.000,E27,259677.000,7729.000,8132.139,-403.139,-392.807,-10.332,0
477.000,E33,259677.000,-30056.000,-29664.155,-391.845,-392.807,0.961,0
477.000,G02,259677.000,-17572.000,-17184.001,-387.999,-392.807,4.808,0
477.000,G06,259677.000,-8048.000,-7662.389,-385.611,-392.807,7.195,0
477.000,G07,259677.000,-7871.000,-7478.193,-392.807,-392.807,0.000,0
477.000,G09,259677.000,15994.000,16386.648,-392.648,-392.807,0.158,0
477.000,G11,259677.000,-26815.000,-26426.451,-388.549,-392.807,4.258,0
477.000,G13,259677.000,-17090.000,-16688.011,-401.989,-392.807,-9.183,0
477.000,G15,259677.000,-11791.000,-11387.363,-403.637,-392.807,-10.831,0
477.000,G20,259677.000,2522.000,2906.243,-384.243,-392.807,8.564,0
477.000,G22,259677.000,-12103.000,-11703.535,-399.465,-392.807,-6.658,0
477.000,G30,259677.000,-12769.000,-12375.547,-393.453,-392.807,-0.647,0
478.000,E04,259678.000,-18659.000,-18252.384,-406.616,-393.179,-13.437,0
478.000,E07,259678.000,23142.000,23546.015,-404.015,-393.179,-10.835,0
478.000,E12,259678.000,-2932.000,-2543.495,-388.505,-393.179,4.674,0
478.000,E19,259678.000,-1207.000,-814.274,-392.726,-393.179,0.454,0
478.000,E21,259678.000,-18906.000,-18498.680,-407.320,-393.179,-14.141,0
478.000,E27,259678.000,7716.000,8119.231,-403.231,-393.179,-10.052,0
478.000,E33,259678.000,-30090.000,-29697.878,-392.122,-393.179,1.058,0
478.000,G02,259678.000,-17614.000,-17226.442,-387.558,-393.179,5.622,0
478.000,G06,259678.000,-8095.000,-7708.612,-386.388,-393.179,6.792,0
478.000,G07,259678.000,-7904.000,-7511.074,-392.926,-393.179,0.254,0
478.000,G09,259678.000,15959.000,16352.179,-393.179,-393.179,0.000,0
478.000,G11,259678.000,-26855.000,-26466.254,-388.746,-393.179,4.434,0
478.000,G13,259678.000,-17104.000,-16702.113,-401.887,-393.179,-8.708,0
478.000,G15,259678.000,-11802.000,-11398.446,-403.554,-393.179,-10.375,0
478.000,G20,259678.000,2471.000,2854.869,-383.869,-393.179,9.311,0
478.000,G22,259678.000,-12122.000,-11722.022,-399.978,-393.179,-6.798,0
478.000,G30,259678.000,-12800.000,-12406.423,-393.577,-393.179,-0.398,0
479.000,E04,259679.000,-18664.000,-18257.014,-406.986,-393.057,-13.929,0
479.000,E07,259679.000,23129.000,23533.742,-404.742,-393.057,-11.684,0
479.000,E12,259679.000,-2974.000,-2585.158,-388.842,-393.057,4.215,0
479.000,E19,259679.000,-1240.000,-847.623,-392.377,-393.057,0.680,0
479.000,E21,259679.000,-18909.000,-18501.534,-407.466,-393.057,-14.409,0
479.000,E27,259679.000,7703.000,8106.312,-403.312,-393.057,-10.255,0
479.000,E33,259679.000,-30124.000,-29731.548,-392.452,-393.057,0.605,0
479.000,G02,259679.000,-17657.000,-17268.849,-388.151,-393.057,4.906,0
479.000,G06,259679.000,-8141.000,-7754.823,-386.177,-393.057,6.880,0
479.000,G07,259679.000,-7937.000,-7543.943,-393.057,-393.057,0.000,0
479.000,G09,259679.000,15925.000,16317.682,-392.682,-393.057,0.375,0
479.000,G11,259679.000,-26895.000,-26506.002,-388.998,-393.057,4.059,0
479.000,G13,259679.000,-17118.000,-16716.202,-401.798,-393.057,-8.740,0
479.000,G15,259679.000,-11813.000,-11409.525,-403.475,-393.057,-10.418,0
479.000,G20,259679.000,2419.000,2803.484,-384.484,-393.057,8.573,0
479.000,G22,259679.000,-12140.000,-11740.484,-399.516,-393.057,-6.459,0
479.000,G30,259679.000,-12831.000,-12437.279,-393.721,-393.057,-0.664,0
480.000,E04,259680.000,-18669.000,-18261.633,-407.367,-393.201,-14.165,0
480.000,E07,259680.000,23117.000,23521.449,-404.449,-393.201,-11.247,0
480.000,E12,259680.000,-3015.000,-2626.820,-388.180,-393.201,5.022,0
480.000,E19,259680.000,-1274.000,-880.974,-393.026,-393.201,0.176,0
480.000,E21,259680.000,-18912.000,-18504.374,-407.626,-393.201,-14.425,0
480.000,E27,259680.000,7690.000,8093.383,-403.383,-393.201,-10.181,0
480.000,E33,259680.000,-30158.000,-29765.164,-392.836,-393.201,0.365,0
480.000,G02,259680.000,-17699.000,-17311.222,-387.778,-393.201,5.424,0
480.000,G06,259680.000,-8187.000,-7801.019,-385.981,-393.201,7.220,0
480.000,G07,259680.000,-7970.000,-7576.799,-393.201,-393.201,0.000,0
480.000,G09,259680.000,15890.000,16283.157,-393.157,-393.201,0.044,0
480.000,G11,259680.000,-26935.000,-26545.693,-389.307,-393.201,3.894,0
480.000,G13,259680.000,-17133.000,-16730.280,-402.720,-393.201,-9.519,0
480.000,G15,259680.000,-11824.000,-11420.600,-403.400,-393.201,-10.199,0
480.000,G20,259680.000,2367.000,2752.089,-385.089,-393.201,8.112,0
480.000,G22,259680.000,-12159.000,-11758.919,-400.081,-393.201,-6.879,0
480.000,G30,259680.000,-12862.000,-12468.116,-393.884,-393.201,-0.682,0
481.000,E04,259681.000,-18673.000,-18266.243,-406.757,-392.672,-14.085,0
481.000,E07,259681.000,23105.000,23509.136,-404.136,-392.672,-11.464,0
481.000,E12,259681.000,-3057.000,-2668.481,-388.519,-392.672,4.154,0
481.000,E19,259681.000,-1307.000,-914.328,-392.672,-392.672,0.000,0
481.000,E21,259681.000,-18914.000,-18507.200,-406.800,-392.672,-14.127,0
481.000,E27,259681.000,7677.000,8080.442,-403.442,-392.672,-10.770,0
481.000,E33,259681.000,-30191.000,-29798.726,-392.274,-392.672,0.399,0
481.000,G02,259681.000,-17741.000,-17353.561,-387.439,-392.672,5.233,0
481.000,G06,259681.000,-8233.000,-7847.202,-385.798,-392.672,6.874,0
481.000,G07,259681.000,-8002.000,-7609.642,-392.358,-392.672,0.314,0
481.000,G09,259681.000,15856.000,16248.604,-392.604,-392.672,0.069,0
481.000,G11,259681.000,-26974.000,-26585.329,-388.671,-392.672,4.001,0
481.000,G13,259681.000,-17146.000,-16744.345,-401.655,-392.672,-8.982,0
481.000,G15,259681.000,-11835.000,-11431.670,-403.330,-392.672,-10.657,0
481.000,G20,259681.000,2316.000,2700.684,-384.684,-392.672,7.988,0
481.000,G22,259681.000,-12177.000,-11777.329,-399.671,-392.672,-6.998,0
481.000,G30,259681.000,-12893.000,-12498.934,-394.066,-392.672,-1.393,0
482.000,E04,259682.000,-18677.000,-18270.842,-406.158,-393.022,-13.136,0
482.000,E07,259682.000,23093.000,23496.804,-403.804,-393.022,-10.782,0
482.000,E12,259682.000,-3098.000,-2710.140,-387.860,-393.022,5.163,0
482.000,E19,259682.000,-1340.000,-947.683,-392.317,-393.022,0.705,0
482.000,E21,259682.000,-18917.000,-18510.013,-406.987,-393.022,-13.965,0
482.000,E27,259682.000,7664.000,8067.491,-403.491,-393.022,-10.469,0
482.000,E33,259682.000,-30224.000,-29832.235,-391.765,-393.022,1.257,0
482.000,G02,259682.000,-17784.000,-17395.865,-388.135,-393.022,4.887,0
482.000,G06,259682.000,-8279.000,-7893.370,-385.630,-393.022,7.392,0
482.000,G07,259682.000,-8035.000,-7642.472,-392.528,-393.022,0.494,0
482.000,G09,259682.000,15821.000,16214.022,-393.022,-393.022,0.000,0
482.000,G11,259682.000,-27014.000,-26624.909,-389.091,-393.022,3.931,0
482.000,G13,259682.000,-17160.000,-16758.398,-401.602,-393.022,-8.580,0
482.000,G15,259682.000,-11846.000,-11442.737,-403.263,-393.022,-10.240,0
482.000,G20,259682.000,2265.000,2649.269,-384.269,-393.022,8.753,0
482.000,G22,259682.000,-12195.000,-11795.713,-399.287,-393.022,-6.265,0
482.000,G30,259682.000,-12923.000,-12529.732,-393.268,-393.022,-0.245,0
483.000,E04,259683.000,-18682.000,-18275.431,-406.569,-392.710,-13.858,0
483.000,E07,259683.000,23081.000,23484.452,-403.452,-392.710,-10.742,0
483.000,E12,259683.000,-3140.000,-2751.798,-388.202,-392.710,4.509,0
483.000,E19,259683.000,-1373.000,-981.041,-391.959,-392.710,0.751,0
483.000,E21,259683.000,-18920.000,-18512.812,-407.188,-392.710,-14.478,0
483.000,E27,259683.000,7651.000,8054.529,-403.529,-392.710,-10.819,0
483.000,E33,259683.000,-30258.000,-29865.689,-392.311,-392.710,0.399,0
483.000,G02,259683.000,-17826.000,-17438.134,-387.866,-392.710,4.845,0
483.000,G06,259683.000,-8325.000,-7939.525,-385.475,-392.710,7.235,0
483.000,G07,259683.000,-8068.000,-7675.290,-392.710,-392.710,0.000,0
483.000,G09,259683.000,15787.000,16179.413,-392.413,-392.710,0.298,0
483.000,G11,259683.000,-27054.000,-26664.433,-389.567,-392.710,3.143,0
483.000,G13,259683.000,-17174.000,-16772.438,-401.562,-392.710,-8.851,0
483.000,G15,259683.000,-11857.000,-11453.800,-403.200,-392.710,-10.490,0
483.000,G20,259683.000,2214.000,2597.845,-383.845,-392.710,8.865,0
483.000,G22,259683.000,-12214.000,-11814.071,-399.929,-392.710,-7.219,0
483.000,G30,259683.000,-12954.000,-12560.511,-393.489,-392.710,-0.779,0
484.000,E04,259684.000,-18687.000,-18280.011,-406.989,-392.905,-14.084,0
484.000,E07,259684.000,23068.000,23472.081,-404.081,-392.905,-11.176,0
484.000,E12,259684.000,-3182.000,-2793.455,-388.545,-392.905,4.360,0
484.000,E19,259684.000,-1407.000,-1014.401,-392.599,-392.905,0.306,0
484.000,E21,259684.000,-18923.000,-18515.597,-407.403,-392.905,-14.497,0
484.000,E27,259684.000,7638.000,8041.557,-403.557,-392.905,-10.651,0
484.000,E33,259684.000,-30291.000,-29899.090,-391.910,-392.905,0.995,0
484.000,G02,259684.000,-17868.000,-17480.370,-387.630,-392.905,5.275,0
484.000,G06,259684.000,-8372.000,-7985.666,-386.334,-392.905,6.571,0
484.000,G07,259684.000,-8101.000,-7708.095,-392.905,-392.905,0.000,0
484.000,G09,259684.000,15752.000,16144.775,-392.775,-392.905,0.130,0
484.000,G11,259684.000,-27093.000,-26703.901,-389.099,-392.905,3.806,0
484.000,G13,259684.000,-17188.000,-16786.467,-401.533,-392.905,-8.628,0
484.000,G15,259684.000,-11868.000,-11464.859,-403.141,-392.905,-10.236,0
484.000,G20,259684.000,2162.000,2546.410,-384.410,-392.905,8.495,0
484.000,G22,259684.000,-12232.000,-11832.403,-399.597,-392.905,-6.692,0
484.000,G30,259684.000,-12985.000,-12591.270,-393.730,-392.905,-0.824,0
485.000,E04,259685.000,-18691.000,-18284.580,-406.420,-393.109,-13.311,0
485.000,E07,259685.000,23056.000,23459.691,-403.691,-393.109,-10.581,0
485.000,E12,259685.000,-3223.000,-2835.110,-387.890,-393.109,5.219,0
485.000,E19,259685.000,-1440.000,-1047.763,-392.237,-393.109,0.872,0
485.000,E21,259685.000,-18926.000,-18518.369,-407.631,-393.109,-14.522,0
485.000,E27,259685.000,7625.000,8028.573,-403.573,-393.109,-10.464,0
485.000,E33,259685.000,-30325.000,-29932.437,-392.563,-393.109,0.546,0
485.000,G02,259685.000,-17910.000,-17522.570,-387.430,-393.109,5.680,0
485.000,G06,259685.000,-8418.000,-8031.792,-386.208,-393.109,6.901,0
485.000,G07,259685.000,-8133.000,-7740.887,-392.113,-393.109,0.996,0
485.000,G09,259685.000,15717.000,16110.109,-393.109,-393.109,0.000,0
485.000,G11,259685.000,-27133.000,-26743.313,-389.687,-393.109,3.422,0
485.000,G13,259685.000,-17202.000,-16800.482,-401.518,-393.109,-8.408,0
485.000,G15,259685.000,-11879.000,-11475.913,-403.087,-393.109,-9.978,0
485.000,G20,259685.000,2111.000,2494.966,-383.966,-393.109,9.143,0
485.000,G22,259685.000,-12250.000,-11850.709,-399.291,-393.109,-6.182,0
485.000,G30,259685.000,-13016.000,-12622.010,-393.990,-393.109,-0.881,0
486.000,E04,259686.000,-18696.000,-18289.138,-406.862,-392.873,-13.988,0
486.000,E07,259686.000,23043.000,23447.280,-404.280,-392.873,-11.407,0
486.000,E12,259686.000,-3265.000,-2876.763,-388.237,-392.873,4.636,0
486.000,E19,259686.000,-1474.000,-1081.127,-392.873,-392.873,0.000,0
486.000,E21,259686.000,-18928.000,-18521.128,-406.872,-392.873,-13.999,0
486.000,E27,259686.000,7612.000,8015.579,-403.579,-392.873,-10.706,0
486.000,E33,259686.000,-30358.000,-29965.729,-392.271,-392.873,0.603,0
486.000,G02,259686.000,-17953.000,-17564.736,-388.264,-392.873,4.610,0
486.000,G06,259686.000,-8464.000,-8077.904,-386.096,-392.873,6.777,0
486.000,G07,259686.000,-8166.000,-7773.666,-392.334,-392.873,0.539,0
486.000,G09,259686.000,15683.000,16075.416,-392.416,-392.873,0.458,0
486.000,G11,259686.000,-27172.000,-26782.669,-389.331,-392.873,3.542,0
486.000,G13,259686.000,-17216.000,-16814.486,-401.514,-392.873,-8.641,0
486.000,G15,259686.000,-11890.000,-11486.963,-403.037,-392.873,-10.163,0
486.000,G20,259686.000,2059.000,2443.513,-384.513,-392.873,8.360,0
486.000,G22,259686.000,-12269.000,-11868.989,-400.011,-392.873,-7.138,0
486.000,G30,259686.000,-13046.000,-12652.730,-393.270,-392.873,-0.397,0
487.000,E04,259687.000,-18700.000,-18293.687,-406.313,-392.694,-13.619,0
487.000,E07,259687.000,23031.000,23434.850,-403.850,-392.694,-11.156,0
487.000,E12,259687.000,-3307.000,-2918.414,-388.586,-392.694,4.108,0
487.000,E19,259687.000,-1507.000,-1114.493,-392.507,-392.694,0.187,0
487.000,E21,259687.000,-18931.000,-18523.872,-407.128,-392.694,-14.434,0
487.000,E27,259687.000,7599.000,8002.574,-403.574,-392.694,-10.881,0
487.000,E33,259687.000,-30391.000,-29998.968,-392.032,-392.694,0.662,0
487.000,G02,259687.000,-17995.000,-17606.868,-388.132,-392.694,4.561,0
487.000,G06,259687.000,-8510.000,-8124.001,-385.999,-392.694,6.695,0
487.000,G07,259687.000,-8199.000,-7806.432,-392.568,-392.694,0.126,0
487.000,G09,259687.000,15648.000,16040.694,-392.694,-392.694,0.000,0
487.000,G11,259687.000,-27211.000,-26821.969,-389.031,-392.694,3.663,0
487.000,G13,259687.000,-17230.000,-16828.477,-401.523,-392.694,-8.829,0
487.000,G15,259687.000,-11901.000,-11498.010,-402.990,-392.694,-10.297,0
487.000,G20,259687.000,2008.000,2392.050,-384.050,-392.694,8.644,0
487.000,G22,259687.000,-12287.000,-11887.243,-399.757,-392.694,-7.063,0
487.000,G30,259687.000,-13077.000,-12683.430,-393.570,-392.694,-0.876,0
488.000,E04,259688.000,-18705.000,-18298.226,-406.774,-392.815,-13.959,0
488.000,E07,259688.000,23019.000,23422.401,-403.401,-392.815,-10.586,0
488.000,E12,259688.000,-3348.000,-2960.063,-387.937,-392.815,4.878,0
488.000,E19,259688.000,-1540.000,-1147.861,-392.139,-392.815,0.676,0
488.000,E21,259688.000,-18933.000,-18526.603,-406.397,-392.815,-13.582,0
488.000,E27,259688.000,7586.000,7989.559,-403.559,-392.815,-10.744,0
488.000,E33,259688.000,-30424.000,-30032.153,-391.847,-392.815,0.968,0
488.000,G02,259688.000,-18037.000,-17648.964,-388.036,-392.815,4.779,0
488.000,G06,259688.000,-8556.000,-8170.084,-385.916,-392.815,6.899,0
488.000,G07,259688.000,-8232.000,-7839.185,-392.815,-392.815,0.000,0
488.000,G09,259688.000,15614.000,16005.944,-391.944,-392.815,0.871,0
488.000,G11,259688.000,-27250.000,-26861.213,-388.787,-392.815,4.028,0
488.000,G13,259688.000,-17244.000,-16842.456,-401.544,-392.815,-8.729,0
488.000,G15,259688.000,-11912.000,-11509.052,-402.948,-392.815,-10.133,0
488.000,G20,259688.000,1957.000,2340.578,-383.578,-392.815,9.237,0
488.000,G22,259688.000,-12305.000,-11905.472,-399.528,-392.815,-6.713,0
488.000,G30,259688.000,-13107.000,-12714.111,-392.889,-392.815,-0.074,0
489.000,E04,259689.000,-18709.000,-18302.754,-406.246,-392.167,-14.079,0
489.000,E07,259689.000,23006.000,23409.932,-403.932,-392.167,-11.765,0
489.000,E12,259689.000,-3390.000,-3001.711,-388.289,-392.167,3.878,0
489.000,E19,259689.000,-1573.000,-1181.230,-391.770,-392.167,0.397,0
489.000,E21,259689.000,-18936.000,-18529.320,-406.680,-392.167,-14.512,0
489.000,E27,259689.000,7573.000,7976.533,-403.533,-392.167,-11.366,0
489.000,E33,259689.000,-30457.000,-30065.285,-391.715,-392.167,0.452,0
489.000,G02,259689.000,-18079.000,-17691.025,-387.975,-392.167,4.193,0
489.000,G06,259689.000,-8602.000,-8216.153,-385.847,-392.167,6.320,0
489.000,G07,259689.000,-8264.000,-7871.925,-392.075,-392.167,0.092,0
489.000,G09,259689.000,15579.000,15971.167,-392.167,-392.167,0.000,0
489.000,G11,259689.000,-27290.000,-26900.402,-389.598,-392.167,2.569,0
489.000,G13,259689.000,-17258.000,-16856.422,-401.578,-392.167,-9.411,0
489.000,G15,259689.000,-11923.000,-11520.090,-402.910,-392.167,-10.743,0
489.000,G20,259689.000,1905.000,2289.097,-384.097,-392.167,8.070,0
489.000,G22,259689.000,-12323.000,-11923.674,-399.326,-392.167,-7.159,0
489.000,G30,259689.000,-13138.000,-12744.772,-393.228,-392.167,-1.061,0
490.000,E04,259690.000,-18714.000,-18307.273,-406.727,-392.638,-14.089,0
490.000,E07,259690.000,22994.000,23397.443,-403.443,-392.638,-10.805,0
490.000,E12,259690.000,-3431.000,-3043.356,-387.644,-392.638,4.994,0
490.000,E19,259690.000,-1607.000,-1214.602,-392.398,-392.638,0.240,0
490.000,E21,259690.000,-18939.000,-18532.024,-406.976,-392.638,-14.337,0
490.000,E27,259690.000,7560.000,7963.496,-403.496,-392.638,-10.857,0
490.000,E33,259690.000,-30491.000,-30098.362,-392.638,-392.638,0.000,0
490.000,G02,259690.000,-18121.000,-17733.052,-387.948,-392.638,4.690,0
490.000,G06,259690.000,-8648.000,-8262.206,-385.794,-392.638,6.844,0
490.000,G07,259690.000,-8297.000,-7904.652,-392.348,-392.638,0.290,0
490.000,G09,259690.000,15544.000,15936.362,-392.362,-392.638,0.276,0
490.000,G11,259690.000,-27329.000,-26939.533,-389.467,-392.638,3.172,0
490.000,G13,259690.000,-17272.000,-16870.376,-401.624,-392.638,-8.985,0
490.000,G15,259690.000,-11934.000,-11531.123,-402.877,-392.638,-10.238,0
490.000,G20,259690.000,1854.000,2237.607,-383.607,-392.638,9.032,0
490.000,G22,259690.000,-12341.000,-11941.850,-399.150,-392.638,-6.512,0
490.000,G30,259690.000,-13169.000,-12775.413,-393.587,-392.638,-0.949,0
491.000,E04,259691.000,-18719.000,-18311.781,-407.219,-392.634,-14.585,0
491.000,E07,259691.000,22981.000,23384.935,-403.935,-392.634,-11.301,0
491.000,E12,259691.000,-3473.000,-3084.999,-388.001,-392.634,4.633,0
491.000,E19,259691.000,-1640.000,-1247.975,-392.025,-392.634,0.609,0
491.000,E21,259691.000,-18942.000,-18534.714,-407.286,-392.634,-14.651,0
491.000,E27,259691.000,7547.000,7950.448,-403.448,-392.634,-10.814,0
491.000,E33,259691.000,-30524.000,-30131.385,-392.615,-392.634,0.019,0
491.000,G02,259691.000,-18163.000,-17775.043,-387.957,-392.634,4.677,0
491.000,G06,259691.000,-8694.000,-8308.245,-385.755,-392.634,6.879,0
491.000,G07,259691.000,-8330.000,-7937.366,-392.634,-392.634,0.000,0
491.000,G09,259691.000,15509.000,15901.529,-392.529,-392.634,0.105,0
491.000,G11,259691.000,-27368.000,-26978.609,-389.391,-392.634,3.243,0
491.000,G13,259691.000,-17286.000,-16884.318,-401.682,-392.634,-9.048,0
491.000,G15,259691.000,-11946.000,-11542.153,-403.847,-392.634,-11.213,0
491.000,G20,259691.000,1802.000,2186.108,-384.108,-392.634,8.526,0
491.000,G22,259691.000,-12360.000,-11960.000,-400.000,-392.634,-7.366,0
491.000,G30,259691.000,-13200.000,-12806.034,-393.966,-392.634,-1.332,0
492.000,E04,259692.000,-18723.000,-18316.279,-406.721,-392.933,-13.788,0
492.000,E07,259692.000,22968.000,23372.408,-404.408,-392.933,-11.474,0
492.000,E12,259692.000,-3515.000,-3126.640,-388.360,-392.933,4.574,0
492.000,E19,259692.000,-1674.000,-1281.350,-392.650,-392.933,0.283,0
492.000,E21,259692.000,-18945.000,-18537.391,-407.609,-392.933,-14.676,0
492.000,E27,259692.000,7534.000,7937.389,-403.389,-392.933,-10.456,0
492.000,E33,259692.000,-30557.000,-30164.354,-392.646,-392.933,0.287,0
492.000,G02,259692.000,-18205.000,-17817.000,-388.000,-392.933,4.933,0
492.000,G06,259692.000,-8740.000,-8354.268,-385.732,-392.933,7.202,0
492.000,G07,259692.000,-8363.000,-7970.067,-392.933,-392.933,0.000,0
492.000,G09,259692.000,15474.000,15866.669,-392.669,-392.933,0.265,0
492.000,G11,259692.000,-27407.000,-27017.628,-389.372,-392.933,3.562,0
492.000,G13,259692.000,-17300.000,-16898.247,-401.753,-392.933,-8.820,0
492.000,G15,259692.000,-11957.000,-11553.178,-403.822,-392.933,-10.888,0
492.000,G20,259692.000,1750.000,2134.600,-384.600,-392.933,8.333,0
492.000,G22,259692.000,-12378.000,-11978.124,-399.876,-392.933,-6.942,0
492.000,G30,259692.000,-13230.000,-12836.636,-393.364,-392.933,-0.431,0
493.000,E04,259693.000,-18728.000,-18320.767,-407.233,-393.246,-13.987,0
493.000,E07,259693.000,22956.000,23359.860,-403.860,-393.246,-10.614,0
493.000,E12,259693.000,-3557.000,-3168.279,-388.721,-393.246,4.525,0
493.000,E19,259693.000,-1707.000,-1314.726,-392.274,-393.246,0.972,0
493.000,E21,259693.000,-18948.000,-18540.054,-407.946,-393.246,-14.700,0
493.000,E27,259693.000,7521.000,7924.320,-403.320,-393.246,-10.074,0
493.000,E33,259693.000,-30590.000,-30197.269,-392.731,-393.246,0.515,0
493.000,G02,259693.000,-18247.000,-17858.921,-388.079,-393.246,5.167,0
493.000,G06,259693.000,-8787.000,-8400.277,-386.723,-393.246,6.523,0
493.000,G07,259693.000,-8396.000,-8002.754,-393.246,-393.246,0.000,0
493.000,G09,259693.000,15439.000,15831.781,-392.781,-393.246,0.465,0
493.000,G11,259693.000,-27446.000,-27056.592,-389.408,-393.246,3.838,0
493.000,G13,259693.000,-17315.000,-16912.164,-402.836,-393.246,-9.590,0
493.000,G15,259693.000,-11968.000,-11564.200,-403.800,-393.246,-10.554,0
493.000,G20,259693.000,1698.000,2083.084,-385.084,-393.246,8.162,0
493.000,G22,259693.000,-12396.000,-11996.222,-399.778,-393.246,-6.532,0
493.000,G30,259693.000,-13261.000,-12867.217,-393.783,-393.246,-0.537,0
494.000,E04,259694.000,-18732.000,-18325.245,-406.755,-392.896,-13.859,0
494.000,E07,259694.000,22943.000,23347.294,-404.294,-392.896,-11.398,0
494.000,E12,259694.000,-3598.000,-3209.915,-388.085,-392.896,4.811,0
494.000,E19,259694.000,-1741.000,-1348.104,-392.896,-392.896,0.000,0
494.000,E21,259694.000,-18950.000,-18542.704,-407.296,-392.896,-14.401,0
494.000,E27,259694.000,7508.000,7911.240,-403.240,-392.896,-10.345,0
494.000,E33,259694.000,-30623.000,-30230.130,-392.870,-392.896,0.026,0
494.000,G02,259694.000,-18289.000,-17900.807,-388.193,-392.896,4.702,0
494.000,G06,259694.000,-8833.000,-8446.270,-386.730,-392.896,6.166,0
494.000,G07,259694.000,-8428.000,-8035.428,-392.572,-392.896,0.324,0
494.000,G09,259694.000,15404.000,15796.865,-392.865,-392.896,0.030,0
494.000,G11,259694.000,-27485.000,-27095.499,-389.501,-392.896,3.394,0
494.000,G13,259694.000,-17328.000,-16926.068,-401.932,-392.896,-9.036,0
494.000,G15,259694.000,-11979.000,-11575.217,-403.783,-392.896,-10.888,0
494.000,G20,259694.000,1647.000,2031.560,-384.560,-392.896,8.336,0
494.000,G22,259694.000,-12414.000,-12014.294,-399.706,-392.896,-6.810,0
494.000,G30,259694.000,-13292.000,-12897.779,-394.221,-392.896,-1.326,0
495.000,E04,259695.000,-18737.000,-18329.713,-407.287,-393.063,-14.225,0
495.000,E07,259695.000,22930.000,23334.707,-404.707,-393.063,-11.645,0
495.000,E12,259695.000,-3640.000,-3251.549,-388.451,-393.063,4.611,0
495.000,E19,259695.000,-1774.000,-1381.484,-392.516,-393.063,0.547,0
495.000,E21,259695.000,-18953.000,-18545.340,-407.660,-393.063,-14.598,0
495.000,E27,259695.000,7494.000,7898.150,-404.150,-393.063,-11.087,0
495.000,E33,259695.000,-30656.000,-30262.937,-393.063,-393.063,0.000,0
495.000,G02,259695.000,-18331.000,-17942.657,-388.343,-393.063,4.719,0
495.000,G06,259695.000,-8879.000,-8492.248,-386.752,-393.063,6.311,0
495.000,G07,259695.000,-8461.000,-8068.089,-392.911,-393.063,0.152,0
495.000,G09,259695.000,15369.000,15761.922,-392.922,-393.063,0.141,0
495.000,G11,259695.000,-27524.000,-27134.349,-389.651,-393.063,3.412,0
495.000,G13,259695.000,-17342.000,-16939.960,-402.040,-393.063,-8.977,0
495.000,G15,259695.000,-11990.000,-11586.229,-403.771,-393.063,-10.708,0
495.000,G20,259695.000,1595.000,1980.027,-385.027,-393.063,8.036,0
495.000,G22,259695.000,-12432.000,-12032.340,-399.660,-393.063,-6.597,0
495.000,G30,259695.000,-13322.000,-12928.320,-393.680,-393.063,-0.617,0
496.000,E04,259696.000,-18741.000,-18334.170,-406.830,-393.264,-13.566,0
496.000,E07,259696.000,22918.000,23322.102,-404.102,-393.264,-10.838,0
496.000,E12,259696.000,-3682.000,-3293.180,-388.820,-393.264,4.443,0
496.000,E19,259696.000,-1807.000,-1414.865,-392.135,-393.264,1.129,0
496.000,E21,259696.000,-18955.000,-18547.962,-407.038,-393.264,-13.774,0
496.000,E27,259696.000,7482.000,7885.049,-403.049,-393.264,-9.785,0
496.000,E33,259696.000,-30688.000,-30295.690,-392.310,-393.264,0.954,0
496.000,G02,259696.000,-18373.000,-17984.472,-388.528,-393.264,4.736,0
496.000,G06,259696.000,-8924.000,-8538.211,-385.789,-393.264,7.475,0
496.000,G07,259696.000,-8494.000,-8100.736,-393.264,-393.264,0.000,0
496.000,G09,259696.000,15334.000,15726.951,-392.951,-393.264,0.312,0
496.000,G11,259696.000,-27563.000,-27173.144,-389.856,-393.264,3.407,0
496.000,G13,259696.000,-17356.000,-16953.840,-402.160,-393.264,-8.896,0
496.000,G15,259696.000,-12001.000,-11597.238,-403.762,-393.264,-10.498,0
496.000,G20,259696.000,1544.000,1928.486,-384.486,-393.264,8.778,0
496.000,G22,259696.000,-12450.000,-12050.360,-399.640,-393.264,-6.377,0
496.000,G30,259696.000,-13353.000,-12958.842,-394.158,-393.264,-0.894,0
497.000,E04,259697.000,-18745.000,-18338.618,-406.382,-392.630,-13.752,0
497.000,E07,259697.000,22906.000,23309.476,-403.476,-392.630,-10.847,0
497.000,E12,259697.000,-3723.000,-3334.808,-388.192,-392.630,4.438,0
497.000,E19,259697.000,-1840.000,-1448.248,-391.752,-392.630,0.877,0
497.000,E21,259697.000,-18957.000,-18550.571,-406.429,-392.630,-13.799,0
497.000,E27,259697.000,7469.000,7871.937,-402.937,-392.630,-10.307,0
497.000,E33,259697.000,-30721.000,-30328.389,-392.611,-392.630,0.019,0
497.000,G02,259697.000,-18414.000,-18026.251,-387.749,-392.630,4.881,0
497.000,G06,259697.000,-8970.000,-8584.158,-385.842,-392.630,6.788,0
497.000,G07,259697.000,-8526.000,-8133.370,-392.630,-392.630,0.000,0
497.000,G09,259697.000,15300.000,15691.953,-391.953,-392.630,0.677,0
497.000,G11,259697.000,-27601.000,-27211.882,-389.118,-392.630,3.511,0
497.000,G13,259697.000,-17369.000,-16967.707,-401.293,-392.630,-8.663,0
497.000,G15,259697.000,-12011.000,-11608.243,-402.757,-392.630,-10.128,0
497.000,G20,259697.000,1493.000,1876.937,-383.937,-392.630,8.693,0
497.000,G22,259697.000,-12468.000,-12068.353,-399.647,-392.630,-7.017,0
497.000,G30,259697.000,-13383.000,-12989.343,-393.657,-392.630,-1.027,0
498.000,E04,259698.000,-18750.000,-18343.055,-406.945,-392.368,-14.576,0
498.000,E07,259698.000,22893.000,23296.832,-403.832,-392.368,-11.463,0
498.000,E12,259698.000,-3764.000,-3376.434,-387.566,-392.368,4.802,0
498.000,E19,259698.000,-1874.000,-1481.632,-392.368,-392.368,0.000,0
498.000,E21,259698.000,-18960.000,-18553.166,-406.834,-392.368,-14.465,0
498.000,E27,259698.000,7456.000,7858.814,-402.814,-392.368,-10.446,0
498.000,E33,259698.000,-30753.000,-30361.034,-391.966,-392.368,0.402,0
498.000,G02,259698.000,-18456.000,-18067.995,-388.005,-392.368,4.364,0
498.000,G06,259698.000,-9016.000,-8630.090,-385.910,-392.368,6.458,0
498.000,G07,259698.000,-8558.000,-8165.991,-392.009,-392.368,0.359,0
498.000,G09,259698.000,15265.000,15656.928,-391.928,-392.368,0.441,0
498.000,G11,259698.000,-27640.000,-27250.563,-389.437,-392.368,2.931,0
498.000,G13,259698.000,-17383.000,-16981.562,-401.438,-392.368,-9.070,0
498.000,G15,259698.000,-12023.000,-11619.243,-403.757,-392.368,-11.389,0
498.000,G20,259698.000,1441.000,1825.380,-384.380,-392.368,7.988,0
498.000,G22,259698.000,-12486.000,-12086.321,-399.679,-392.368,-7.311,0
498.000,G30,259698.000,-13413.000,-13019.825,-393.175,-392.368,-0.807,0
499.000,E04,259699.000,-18754.000,-18347.483,-406.517,-392.402,-14.115,0
499.000,E07,259699.000,22881.000,23284.167,-403.167,-392.402,-10.765,0
499.000,E12,259699.000,-3806.000,-3418.056,-387.944,-392.402,4.459,0
499.000,E19,259699.000,-1907.000,-1515.017,-391.983,-392.402,0.419,0
499.000,E21,259699.000,-18963.000,-18555.748,-407.252,-392.402,-14.849,0
499.000,E27,259699.000,7443.000,7845.681,-402.681,-392.402,-10.279,0
499.000,E33,259699.000,-30786.000,-30393.625,-392.375,-392.402,0.027,0
499.000,G02,259699.000,-18497.000,-18109.703,-387.297,-392.402,5.106,0
499.000,G06,259699.000,-9062.000,-8676.005,-385.995,-392.402,6.408,0
499.000,G07,259699.000,-8591.000,-8198.598,-392.402,-392.402,0.000,0
499.000,G09,259699.000,15230.000,15621.875,-391.875,-392.402,0.528,0
499.000,G11,259699.000,-27678.000,-27289.188,-388.812,-392.402,3.590,0
499.000,G13,259699.000,-17397.000,-16995.404,-401.596,-392.402,-9.194,0
499.000,G15,259699.000,-12033.000,-11630.239,-402.761,-392.402,-10.359,0
499.000,G20,259699.000,1390.000,1773.815,-383.815,-392.402,8.587,0
499.000,G22,259699.000,-12504.000,-12104.262,-399.738,-392.402,-7.336,0
499.000,G30,259699.000,-13444.000,-13050.286,-393.714,-392.402,-1.311,0
500.000,E04,259700.000,-18758.000,-18351.900,-406.100,-392.809,-13.291,0
500.000,E07,259700.000,22868.000,23271.484,-403.484,-392.809,-10.675,0
500.000,E12,259700.000,-3848.000,-3459.676,-388.324,-392.809,4.485,0
500.000,E19,259700.000,-1940.000,-1548.403,-391.597,-392.809,1.212,0
500.000,E21,259700.000,-18965.000,-18558.316,-406.684,-392.809,-13.874,0
500.000,E27,259700.000,7430.000,7832.537,-402.537,-392.809,-9.728,0
500.000,E33,259700.000,-30818.000,-30426.161,-391.839,-392.809,0.970,0
500.000,G02,259700.000,-18539.000,-18151.376,-387.624,-392.809,5.185,0
500.000,G06,259700.000,-9108.000,-8721.905,-386.095,-392.809,6.714,0
500.000,G07,259700.000,-8624.000,-8231.191,-392.809,-392.809,0.000,0
500.000,G09,259700.000,15195.000,15586.795,-391.795,-392.809,1.015,0
500.000,G11,259700.000,-27717.000,-27327.756,-389.244,-392.809,3.566,0
500.000,G13,259700.000,-17411.000,-17009.234,-401.766,-392.809,-8.957,0
500.000,G15,259700.000,-12044.000,-11641.230,-402.770,-392.809,-9.961,0
500.000,G20,259700.000,1338.000,1722.243,-384.243,-392.809,8.566,0
500.000,G22,259700.000,-12522.000,-12122.174,-399.826,-392.809,-7.017,0
500.000,G30,259700.000,-13474.000,-13080.728,-393.272,-392.809,-0.463,0
501.000,E04,259701.000,-18763.000,-18356.307,-406.693,-392.356,-14.337,0
501.000,E07,259701.000,22855.000,23258.781,-403.781,-392.356,-11.424,0
501.000,E12,259701.000,-3889.000,-3501.293,-387.707,-392.356,4.649,0
501.000,E19,259701.000,-1974.000,-1581.791,-392.209,-392.356,0.147,0
501.000,E21,259701.000,-18968.000,-18560.871,-407.129,-392.356,-14.772,0
501.000,E27,259701.000,7417.000,7819.383,-402.383,-392.356,-10.026,0
501.000,E33,259701.000,-30851.000,-30458.644,-392.356,-392.356,0.000,0
501.000,G02,259701.000,-18581.000,-18193.012,-387.988,-392.356,4.368,0
501.000,G06,259701.000,-9153.000,-8767.789,-385.211,-392.356,7.145,0
501.000,G07,259701.000,-8656.000,-8263.771,-392.229,-392.356,0.127,0
501.000,G09,259701.000,15160.000,15551.687,-391.687,-392.356,0.669,0
501.000,G11,259701.000,-27756.000,-27366.269,-389.731,-392.356,2.625,0
501.000,G13,259701.000,-17425.000,-17023.051,-401.949,-392.356,-9.593,0
501.000,G15,259701.000,-12055.000,-11652.218,-402.782,-392.356,-10.426,0
501.000,G20,259701.000,1287.000,1670.663,-383.663,-392.356,8.693,0
501.000,G22,259701.000,-12539.000,-12140.063,-398.937,-392.356,-6.581,0
501.000,G30,259701.000,-13505.000,-13111.149,-393.851,-392.356,-1.495,0
502.000,E04,259702.000,-18767.000,-18360.704,-406.296,-392.663,-13.632,0
502.000,E07,259702.000,22843.000,23246.058,-403.058,-392.663,-10.394,0
502.000,E12,259702.000,-3931.000,-3542.907,-388.093,-392.663,4.570,0
502.000,E19,259702.000,-2007.000,-1615.180,-391.820,-392.663,0.843,0
502.000,E21,259702.000,-18970.000,-18563.413,-406.587,-392.663,-13.924,0
502.000,E27,259702.000,7403.000,7806.217,-403.217,-392.663,-10.554,0
502.000,E33,259702.000,-30883.000,-30491.072,-391.928,-392.663,0.735,0
502.000,G02,259702.000,-18622.000,-18234.613,-387.387,-392.663,5.276,0
502.000,G06,259702.000,-9199.000,-8813.657,-385.343,-392.663,7.321,0
502.000,G07,259702.000,-8689.000,-8296.337,-392.663,-392.663,0.000,0
502.000,G09,259702.000,15125.000,15516.553,-391.553,-392.663,1.111,0
502.000,G11,259702.000,-27794.000,-27404.724,-389.276,-392.663,3.387,0
502.000,G13,259702.000,-17438.000,-17036.856,-401.144,-392.663,-8.481,0
502.000,G15,259702.000,-12066.000,-11663.201,-402.799,-392.663,-10.136,0
502.000,G20,259702.000,1235.000,1619.076,-384.076,-392.663,8.587,0
502.000,G22,259702.000,-12557.000,-12157.925,-399.075,-392.663,-6.411,0
502.000,G30,259702.000,-13535.000,-13141.549,-393.451,-392.663,-0.787,0
503.000,E04,259703.000,-18771.000,-18365.091,-405.909,-392.111,-13.798,0
503.000,E07,259703.000,22830.000,23233.315,-403.315,-392.111,-11.204,0
503.000,E12,259703.000,-3972.000,-3584.517,-387.483,-392.111,4.628,0
503.000,E19,259703.000,-2040.000,-1648.570,-391.430,-392.111,0.681,0
503.000,E21,259703.000,-18972.000,-18565.941,-406.059,-392.111,-13.948,0
503.000,E27,259703.000,7391.000,7793.041,-402.041,-392.111,-9.930,0
503.000,E33,259703.000,-30915.000,-30523.446,-391.554,-392.111,0.557,0
503.000,G02,259703.000,-18664.000,-18276.178,-387.822,-392.111,4.289,0
503.000,G06,259703.000,-9245.000,-8859.509,-385.491,-392.111,6.620,0
503.000,G07,259703.000,-8721.000,-8328.889,-392.111,-392.111,0.000,0
503.000,G09,259703.000,15090.000,15481.391,-391.391,-392.111,0.720,0
503.000,G11,259703.000,-27832.000,-27443.123,-388.877,-392.111,3.234,0
503.000,G13,259703.000,-17452.000,-17050.648,-401.352,-392.111,-9.241,0
503.000,G15,259703.000,-12077.000,-11674.180,-402.820,-392.111,-10.709,0
503.000,G20,259703.000,1184.000,1567.482,-383.482,-392.111,8.629,0
503.000,G22,259703.000,-12575.000,-12175.762,-399.238,-392.111,-7.127,0
503.000,G30,259703.000,-13565.000,-13171.930,-393.070,-392.111,-0.959,0
504.000,E04,259704.000,-18776.000,-18369.468,-406.532,-392.572,-13.960,0
504.000,E07,259704.000,22817.000,23220.554,-403.554,-392.572,-10.981,0
504.000,E12,259704.000,-4014.000,-3626.125,-387.875,-392.572,4.697,0
504.000,E19,259704.000,-2074.000,-1681.961,-392.039,-392.572,0.533,0
504.000,E21,259704.000,-18975.000,-18568.455,-406.545,-392.572,-13.972,0
504.000,E27,259704.000,7377.000,7779.855,-402.855,-392.572,-10.283,0
504.000,E33,259704.000,-30948.000,-30555.766,-392.234,-392.572,0.339,0
504.000,G02,259704.000,-18705.000,-18317.706,-387.294,-392.572,5.279,0
504.000,G06,259704.000,-9291.000,-8905.344,-385.656,-392.572,6.917,0
504.000,G07,259704.000,-8754.000,-8361.428,-392.572,-392.572,0.000,0
504.000,G09,259704.000,15054.000,15446.202,-392.202,-392.572,0.370,0
504.000,G11,259704.000,-27871.000,-27481.465,-389.535,-392.572,3.037,0
504.000,G13,259704.000,-17466.000,-17064.428,-401.572,-392.572,-8.999,0
504.000,G15,259704.000,-12088.000,-11685.155,-402.845,-392.572,-10.273,0
504.000,G20,259704.000,1132.000,1515.880,-383.880,-392.572,8.692,0
504.000,G22,259704.000,-12593.000,-12193.572,-399.428,-392.572,-6.856,0
504.000,G30,259704.000,-13596.000,-13202.290,-393.710,-392.572,-1.137,0
505.000,E04,259705.000,-18780.000,-18373.835,-406.165,-392.968,-13.197,0
505.000,E07,259705.000,22804.000,23207.772,-403.772,-392.968,-10.804,0
505.000,E12,259705.000,-4056.000,-3667.728,-388.272,-392.968,4.697,0
505.000,E19,259705.000,-2107.000,-1715.353,-391.647,-392.968,1.321,0
505.000,E21,259705.000,-18978.000,-18570.956,-407.044,-392.968,-14.076,0
505.000,E27,259705.000,7364.000,7766.658,-402.658,-392.968,-9.690,0
505.000,E33,259705.000,-30981.000,-30588.032,-392.968,-392.968,0.000,0
505.000,G02,259705.000,-18747.000,-18359.199,-387.801,-392.968,5.167,0
505.000,G06,259705.000,-9337.000,-8951.164,-385.836,-392.968,7.132,0
505.000,G07,259705.000,-8786.000,-8393.952,-392.048,-392.968,0.921,0
505.000,G09,259705.000,15019.000,15410.986,-391.986,-392.968,0.982,0
505.000,G11,259705.000,-27909.000,-27519.750,-389.250,-392.968,3.719,0
505.000,G13,259705.000,-17480.000,-17078.195,-401.805,-392.968,-8.836,0
505.000,G15,259705.000,-12099.000,-11696.125,-402.875,-392.968,-9.907,0
505.000,G20,259705.000,1080.000,1464.272,-384.272,-392.968,8.696,0
505.000,G22,259705.000,-12611.000,-12211.356,-399.644,-392.968,-6.676,0
505.000,G30,259705.000,-13626.000,-13232.630,-393.370,-392.968,-0.402,0
506.000,E04,259706.000,-18785.000,-18378.191,-406.809,-392.757,-14.052,0
506.000,E07,259706.000,22792.000,23194.972,-402.972,-392.757,-10.215,0
506.000,E12,259706.000,-4097.000,-3709.329,-387.671,-392.757,5.085,0
506.000,E19,259706.000,-2141.000,-1748.746,-392.254,-392.757,0.503,0
506.000,E21,259706.000,-18980.000,-18573.444,-406.556,-392.757,-13.800,0
506.000,E27,259706.000,7350.000,7753.450,-403.450,-392.757,-10.693,0
506.000,E33,259706.000,-31013.000,-30620.243,-392.757,-392.757,0.000,0
506.000,G02,259706.000,-18789.000,-18400.655,-388.345,-392.757,4.412,0
506.000,G06,259706.000,-9383.000,-8996.966,-386.034,-392.757,6.723,0
506.000,G07,259706.000,-8819.000,-8426.463,-392.537,-392.757,0.220,0
506.000,G09,259706.000,14984.000,15375.743,-391.743,-392.757,1.013,0
506.000,G11,259706.000,-27947.000,-27557.979,-389.021,-392.757,3.736,0
506.000,G13,259706.000,-17494.000,-17091.951,-402.049,-392.757,-9.293,0
506.000,G15,259706.000,-12110.000,-11707.091,-402.909,-392.757,-10.152,0
506.000,G20,259706.000,1029.000,1412.657,-383.657,-392.757,9.100,0
506.000,G22,259706.000,-12629.000,-12229.113,-399.887,-392.757,-7.130,0
506.000,G30,259706.000,-13656.000,-13262.950,-393.050,-392.757,-0.294,0
507.000,E04,259707.000,-18789.000,-18382.538,-406.462,-393.040,-13.422,0
507.000,E07,259707.000,22779.000,23182.152,-403.152,-393.040,-10.112,0
507.000,E12,259707.000,-4139.000,-3750.926,-388.074,-393.040,4.965,0
507.000,E19,259707.000,-2174.000,-1782.140,-391.860,-393.040,1.180,0
507.000,E21,259707.000,-18983.000,-18575.918,-407.082,-393.040,-14.042,0
507.000,E27,259707.000,7337.000,7740.232,-403.232,-393.040,-10.192,0
507.000,E33,259707.000,-31045.000,-30652.401,-392.599,-393.040,0.441,0
507.000,G02,259707.000,-18830.000,-18442.075,-387.925,-393.040,5.115,0
507.000,G06,259707.000,-9429.000,-9042.752,-386.248,-393.040,6.792,0
507.000,G07,259707.000,-8852.000,-8458.960,-393.040,-393.040,0.000,0
507.000,G09,259707.000,14948.000,15340.474,-392.474,-393.040,0.566,0
507.000,G11,259707.000,-27986.000,-27596.151,-389.849,-393.040,3.191,0
507.000,G13,259707.000,-17508.000,-17105.693,-402.307,-393.040,-9.267,0
507.000,G15,259707.000,-12121.000,-11718.053,-402.947,-393.040,-9.907,0
507.000,G20,259707.000,977.000,1361.035,-384.035,-393.040,9.005,0
507.000,G22,259707.000,-12647.000,-12246.844,-400.156,-393.040,-7.116,0
507.000,G30,259707.000,-13687.000,-13293.249,-393.751,-393.040,-0.711,0
508.000,E04,259708.000,-18794.000,-18386.874,-407.126,-392.557,-14.569,0
508.000,E07,259708.000,22766.000,23169.312,-403.312,-392.557,-10.755,0
508.000,E12,259708.000,-4181.000,-3792.519,-388.481,-392.557,4.076,0
508.000,E19,259708.000,-2208.000,-1815.535,-392.465,-392.557,0.092,0
508.000,E21,259708.000,-18986.000,-18578.378,-407.622,-392.557,-15.065,0
508.000,E27,259708.000,7324.000,7727.003,-403.003,-392.557,-10.446,0
508.000,E33,259708.000,-31077.000,-30684.504,-392.496,-392.557,0.061,0
508.000,G02,259708.000,-18872.000,-18483.459,-388.541,-392.557,4.016,0
508.000,G06,259708.000,-9475.000,-9088.522,-386.478,-392.557,6.079,0
508.000,G07,259708.000,-8884.000,-8491.443,-392.557,-392.557,0.000,0
508.000,G09,259708.000,14913.000,15305.177,-392.177,-392.557,0.380,0
508.000,G11,259708.000,-28024.000,-27634.267,-389.733,-392.557,2.824,0
508.000,G13,259708.000,-17521.000,-17119.423,-401.577,-392.557,-9.020,0
508.000,G15,259708.000,-12132.000,-11729.010,-402.990,-392.557,-10.433,0
508.000,G20,259708.000,925.000,1309.406,-384.406,-392.557,8.151,0
508.000,G22,259708.000,-12664.000,-12264.549,-399.451,-392.557,-6.894,0
508.000,G30,259708.000,-13717.000,-13323.527,-393.473,-392.557,-0.916,0
509.000,E04,259709.000,-18798.000,-18391.200,-406.800,-392.448,-14.352,0
509.000,E07,259709.000,22753.000,23156.453,-403.453,-392.448,-11.005,0
509.000,E12,259709.000,-4222.000,-3834.108,-387.892,-392.448,4.556,0
509.000,E19,259709.000,-2241.000,-1848.930,-392.070,-392.448,0.378,0
509.000,E21,259709.000,-18988.000,-18580.826,-407.174,-392.448,-14.727,0
509.000,E27,259709.000,7311.000,7713.763,-402.763,-392.448,-10.315,0
509.000,E33,259709.000,-31109.000,-30716.552,-392.448,-392.448,0.000,0
509.000,G02,259709.000,-18913.000,-18524.806,-388.194,-392.448,4.254,0
509.000,G06,259709.000,-9520.000,-9134.274,-385.726,-392.448,6.722,0
509.000,G07,259709.000,-8916.000,-8523.912,-392.088,-392.448,0.360,0
509.000,G09,259709.000,14878.000,15269.853,-391.853,-392.448,0.594,0
509.000,G11,259709.000,-28062.000,-27672.325,-389.675,-392.448,2.773,0
509.000,G13,259709.000,-17535.000,-17133.140,-401.860,-392.448,-9.413,0
509.000,G15,259709.000,-12143.000,-11739.963,-403.037,-392.448,-10.589,0
509.000,G20,259709.000,874.000,1257.771,-383.771,-392.448,8.677,0
509.000,G22,259709.000,-12682.000,-12282.228,-399.772,-392.448,-7.325,0
509.000,G30,259709.000,-13747.000,-13353.785,-393.215,-392.448,-0.767,0
510.000,E04,259710.000,-18802.000,-18395.517,-406.483,-392.633,-13.850,0
510.000,E07,259710.000,22740.000,23143.574,-403.574,-392.633,-10.941,0
510.000,E12,259710.000,-4264.000,-3875.694,-388.306,-392.633,4.327,0
510.000,E19,259710.000,-2274.000,-1882.327,-391.673,-392.633,0.960,0
510.000,E21,259710.000,-18990.000,-18583.259,-406.741,-392.633,-14.108,0
510.000,E27,259710.000,7297.000,7700.513,-403.513,-392.633,-10.880,0
510.000,E33,259710.000,-31141.000,-30748.547,-392.453,-392.633,0.180,0
510.000,G02,259710.000,-18954.000,-18566.117,-387.883,-392.633,4.750,0
510.000,G06,259710.000,-9566.000,-9180.010,-385.990,-392.633,6.643,0
510.000,G07,259710.000,-8949.000,-8556.367,-392.633,-392.633,0.000,0
510.000,G09,259710.000,14842.000,15234.503,-392.503,-392.633,0.130,0
510.000,G11,259710.000,-28100.000,-27710.327,-389.673,-392.633,2.960,0
510.000,G13,259710.000,-17549.000,-17146.845,-402.155,-392.633,-9.522,0
510.000,G15,259710.000,-12154.000,-11750.912,-403.088,-392.633,-10.455,0
510.000,G20,259710.000,822.000,1206.130,-384.130,-392.633,8.503,0
510.000,G22,259710.000,-12700.000,-12299.880,-400.120,-392.633,-7.487,0
510.000,G30,259710.000,-13778.000,-13384.023,-393.977,-392.633,-1.344,0
511.000,E04,259711.000,-18807.000,-18399.823,-407.177,-393.192,-13.985,0
511.000,E07,259711.000,22727.000,23130.677,-403.677,-393.192,-10.484,0
511.000,E12,259711.000,-4305.000,-3917.276,-387.724,-393.192,5.468,0
511.000,E19,259711.000,-2308.000,-1915.724,-392.276,-393.192,0.916,0
511.000,E21,259711.000,-18993.000,-18585.680,-407.320,-393.192,-14.128,0
511.000,E27,259711.000,7284.000,7687.252,-403.252,-393.192,-10.060,0
511.000,E33,259711.000,-31173.000,-30780.487,-392.513,-393.192,0.679,0
511.000,G02,259711.000,-18996.000,-18607.391,-388.609,-393.192,4.583,0
511.000,G06,259711.000,-9612.000,-9225.729,-386.271,-393.192,6.921,0
511.000,G07,259711.000,-8982.000,-8588.808,-393.192,-393.192,0.000,0
511.000,G09,259711.000,14807.000,15199.126,-392.126,-393.192,1.066,0
511.000,G11,259711.000,-28138.000,-27748.272,-389.728,-393.192,3.464,0
511.000,G13,259711.000,-17563.000,-17160.537,-402.463,-393.192,-9.271,0
511.000,G15,259711.000,-12165.000,-11761.856,-403.144,-393.192,-9.952,0
511.000,G20,259711.000,770.000,1154.482,-384.482,-393.192,8.710,0
511.000,G22,259711.000,-12717.000,-12317.505,-399.495,-393.192,-6.302,0
511.000,G30,259711.000,-13808.000,-13414.240,-393.760,-393.192,-0.568,0
512.000,E04,259712.000,-18811.000,-18404.119,-406.881,-392.766,-14.116,0
512.000,E07,259712.000,22714.000,23117.759,-403.759,-392.766,-10.994,0
512.000,E12,259712.000,-4347.000,-3958.853,-388.147,-392.766,4.619,0
512.000,E19,259712.000,-2341.000,-1949.121,-391.879,-392.766,0.887,0
512.000,E21,259712.000,-18995.000,-18588.087,-406.913,-392.766,-14.148,0
512.000,E27,259712.000,7271.000,7673.981,-402.981,-392.766,-10.215,0
512.000,E33,259712.000,-31205.000,-30812.373,-392.627,-392.766,0.139,0
512.000,G02,259712.000,-19037.000,-18648.629,-388.371,-392.766,4.394,0
512.000,G06,259712.000,-9657.000,-9271.430,-385.570,-392.766,7.196,0
512.000,G07,259712.000,-9014.000,-8621.234,-392.766,-392.766,0.000,0
512.000,G09,259712.000,14772.000,15163.722,-391.722,-392.766,1.044,0
512.000,G11,259712.000,-28176.000,-27786.160,-389.840,-392.766,2.925,0
512.000,G13,259712.000,-17576.000,-17174.217,-401.783,-392.766,-9.018,0
512.000,G15,259712.000,-12176.000,-11772.796,-403.204,-392.766,-10.438,0
512.000,G20,259712.000,719.000,1102.828,-383.828,-392.766,8.937,0
512.000,G22,259712.000,-12735.000,-12335.105,-399.895,-392.766,-7.130,0
512.000,G30,259712.000,-13838.000,-13444.437,-393.563,-392.766,-0.798,0
513.000,E04,259713.000,-18815.000,-18408.404,-406.596,-392.795,-13.800,0
513.000,E07,259713.000,22702.000,23104.822,-402.822,-392.795,-10.027,0
513.000,E12,259713.000,-4388.000,-4000.427,-387.573,-392.795,5.223,0
513.000,E19,259713.000,-2374.000,-1982.519,-391.481,-392.795,1.315,0
513.000,E21,259713.000,-18997.000,-18590.480,-406.520,-392.795,-13.724,0
513.000,E27,259713.000,7258.000,7660.699,-402.699,-392.795,-9.903,0
513.000,E33,259713.000,-31237.000,-30844.205,-392.795,-392.795,0.000,0
513.000,G02,259713.000,-19078.000,-18689.829,-388.171,-392.795,4.625,0
513.000,G06,259713.000,-9703.000,-9317.115,-385.885,-392.795,6.910,0
513.000,G07,259713.000,-9046.000,-8653.647,-392.353,-392.795,0.442,0
513.000,G09,259713.000,14736.000,15128.291,-392.291,-392.795,0.504,0
513.000,G11,259713.000,-28214.000,-27823.991,-390.009,-392.795,2.786,0
513.000,G13,259713.000,-17590.000,-17187.884,-402.116,-392.795,-9.321,0
513.000,G15,259713.000,-12187.000,-11783.732,-403.268,-392.795,-10.473,0
513.000,G20,259713.000,667.000,1051.169,-384.169,-392.795,8.627,0
513.000,G22,259713.000,-12752.000,-12352.678,-399.322,-392.795,-6.527,0
513.000,G30,259713.000,-13868.000,-13474.613,-393.387,-392.795,-0.592,0
514.000,E04,259714.000,-18819.000,-18412.680,-406.320,-392.082,-14.238,0
514.000,E07,259714.000,22689.000,23091.866,-402.866,-392.082,-10.784,0
514.000,E12,259714.000,-4430.000,-4041.997,-388.003,-392.082,4.078,0
514.000,E19,259714.000,-2408.000,-2015.918,-392.082,-392.082,0.000,0
514.000,E21,259714.000,-19000.000,-18592.861,-407.139,-392.082,-15.058,0
514.000,E27,259714.000,7245.000,7647.406,-402.406,-392.082,-10.324,0
514.000,E33,259714.000,-31268.000,-30875.982,-392.018,-392.082,0.064,0
514.000,G02,259714.000,-19119.000,-18730.994,-388.006,-392.082,4.075,0
514.000,G06,259714.000,-9748.000,-9362.782,-385.218,-392.082,6.863,0
514.000,G07,259714.000,-9078.000,-8686.045,-391.955,-392.082,0.127,0
514.000,G09,259714.000,14701.000,15092.834,-391.834,-392.082,0.247,0
514.000,G11,259714.000,-28251.000,-27861.765,-389.235,-392.082,2.847,0
514.000,G13,259714.000,-17603.000,-17201.538,-401.462,-392.082,-9.380,0
514.000,G15,259714.000,-12198.000,-11794.663,-403.337,-392.082,-11.255,0
514.000,G20,259714.000,616.000,999.503,-383.503,-392.082,8.578,0
514.000,G22,259714.000,-12770.000,-12370.225,-399.775,-392.082,-7.694,0
514.000,G30,259714.000,-13898.000,-13504.768,-393.232,-392.082,-1.150,0
515.000,E04,259715.000,-18823.000,-18416.946,-406.054,-392.571,-13.483,0
515.000,E07,259715.000,22676.000,23078.890,-402.890,-392.571,-10.319,0
515.000,E12,259715.000,-4471.000,-4083.562,-387.438,-392.571,5.133,0
515.000,E19,259715.000,-2441.000,-2049.317,-391.683,-392.571,0.888,0
515.000,E21,259715.000,-19002.000,-18595.227,-406.773,-392.571,-14.202,0
515.000,E27,259715.000,7231.000,7634.103,-403.103,-392.571,-10.532,0
515.000,E33,259715.000,-31300.000,-30907.705,-392.295,-392.571,0.276,0
515.000,G02,259715.000,-19160.000,-18772.121,-387.879,-392.571,4.692,0
515.000,G06,259715.000,-9794.000,-9408.431,-385.569,-392.571,7.002,0
515.000,G07,259715.000,-9111.000,-8718.429,-392.571,-392.571,0.000,0
515.000,G09,259715.000,14665.000,15057.351,-392.351,-392.571,0.220,0
515.000,G11,259715.000,-28289.000,-27899.482,-389.518,-392.571,3.053,0
515.000,G13,259715.000,-17617.000,-17215.180,-401.820,-392.571,-9.249,0
515.000,G15,259715.000,-12209.000,-11805.590,-403.410,-392.571,-10.839,0
515.000,G20,259715.000,564.000,947.832,-383.832,-392.571,8.739,0
515.000,G22,259715.000,-12787.000,-12387.745,-399.255,-392.571,-6.684,0
515.000,G30,259715.000,-13928.000,-13534.902,-393.098,-392.571,-0.527,0
516.000,E04,259716.000,-18828.000,-18421.202,-406.798,-392.627,-14.172,0
516.000,E07,259716.000,22662.000,23065.895,-403.895,-392.627,-11.269,0
516.000,E12,259716.000,-4513.000,-4125.123,-387.877,-392.627,4.749,0
516.000,E19,259716.000,-2475.000,-2082.717,-392.283,-392.627,0.344,0
516.000,E21,259716.000,-19005.000,-18597.581,-407.419,-392.627,-14.793,0
516.000,E27,259716.000,7218.000,7620.789,-402.789,-392.627,-10.163,0
516.000,E33,259716.000,-31332.000,-30939.373,-392.627,-392.627,0.000,0
516.000,G02,259716.000,-19201.000,-18813.211,-387.789,-392.627,4.837,0
516.000,G06,259716.000,-9840.000,-9454.063,-385.937,-392.627,6.690,0
516.000,G07,259716.000,-9143.000,-8750.799,-392.201,-392.627,0.425,0
516.000,G09,259716.000,14630.000,15021.841,-391.841,-392.627,0.786,0
516.000,G11,259716.000,-28327.000,-27937.142,-389.858,-392.627,2.769,0
516.000,G13,259716.000,-17631.000,-17228.810,-402.190,-392.627,-9.564,0
516.000,G15,259716.000,-12220.000,-11816.513,-403.487,-392.627,-10.861,0
516.000,G20,259716.000,512.000,896.156,-384.156,-392.627,8.471,0
516.000,G22,259716.000,-12805.000,-12404.839,-400.161,-392.627,-7.534,0
516.000,G30,259716.000,-13959.000,-13565.016,-393.984,-392.627,-1.357,0
517.000,E04,259717.000,-18832.000,-18425.447,-406.553,-393.012,-13.540,0
517.000,E07,259717.000,22649.000,23052.881,-403.881,-393.012,-10.868,0
517.000,E12,259717.000,-4555.000,-4166.680,-388.320,-393.012,4.692,0
517.000,E19,259717.000,-2508.000,-2116.117,-391.883,-393.012,1.130,0
517.000,E21,259717.000,-19007.000,-18599.921,-407.079,-393.012,-14.067,0
517.000,E27,259717.000,7204.000,7607.465,-403.465,-393.012,-10.453,0
517.000,E33,259717.000,-31364.000,-30970.988,-393.012,-393.012,0.000,0
517.000,G02,259717.000,-19243.000,-18854.264,-388.736,-393.012,4.277,0
517.000,G06,259717.000,-9886.000,-9499.678,-386.322,-393.012,6.690,0
517.000,G07,259717.000,-9176.000,-8783.154,-392.846,-393.012,0.166,0
517.000,G09,259717.000,14594.000,14986.304,-392.304,-393.012,0.708,0
517.000,G11,259717.000,-28365.000,-27974.745,-390.255,-393.012,2.758,0
517.000,G13,259717.000,-17645.000,-17242.426,-402.574,-393.012,-9.561,0
517.000,G15,259717.000,-12231.000,-11827.431,-403.569,-393.012,-10.557,0
517.000,G20,259717.000,460.000,844.474,-384.474,-393.012,8.539,0
517.000,G22,259717.000,-12823.000,-12422.307,-400.693,-393.012,-7.680,0
517.000,G30,259717.000,-13989.000,-13595.109,-393.891,-393.012,-0.878,0
518.000,E04,259718.000,-18836.000,-18429.683,-406.317,-393.453,-12.865,0
518.000,E07,259718.000,22636.000,23039.847,-403.847,-393.453,-10.394,0
518.000,E12,259718.000,-4596.000,-4208.232,-387.768,-393.453,5.684,0
518.000,E19,259718.000,-2542.000,-2149.517,-392.483,-393.453,0.970,0
518.000,E21,259718.000,-19010.000,-18602.248,-407.752,-393.453,-14.300,0
518.000,E27,259718.000,7191.000,7594.130,-403.130,-393.453,-9.678,0
518.000,E33,259718.000,-31396.000,-31002.547,-393.453,-393.453,0.000,0
518.000,G02,259718.000,-19284.000,-18895.280,-388.720,-393.453,4.733,0
518.000,G06,259718.000,-9931.000,-9545.275,-385.725,-393.453,7.727,0
518.000,G07,259718.000,-9208.000,-8815.495,-392.505,-393.453,0.947,0
518.000,G09,259718.000,14559.000,14950.741,-391.741,-393.453,1.711,0
518.000,G11,259718.000,-28402.000,-28012.291,-389.709,-393.453,3.744,0
518.000,G13,259718.000,-17658.000,-17256.030,-401.970,-393.453,-8.517,0
518.000,G15,259718.000,-12242.000,-11838.344,-403.656,-393.453,-10.203,0
518.000,G20,259718.000,409.000,792.787,-383.787,-393.453,9.666,0
518.000,G22,259718.000,-12840.000,-12439.749,-400.251,-393.453,-6.799,0
518.000,G30,259718.000,-14019.000,-13625.182,-393.818,-393.453,-0.366,0
519.000,E04,259719.000,-18840.000,-18433.908,-406.092,-392.947,-13.145,0
519.000,E07,259719.000,22623.000,23026.793,-403.793,-392.947,-10.846,0
519.000,E12,259719.000,-4638.000,-4249.779,-388.221,-392.947,4.726,0
519.000,E19,259719.000,-2575.000,-2182.918,-392.082,-392.947,0.865,0
519.000,E21,259719.000,-19012.000,-18604.561,-407.439,-392.947,-14.492,0
519.000,E27,259719.000,7178.000,7580.785,-402.785,-392.947,-9.838,0
519.000,E33,259719.000,-31427.000,-31034.053,-392.947,-392.947,0.000,0
519.000,G02,259719.000,-19325.000,-18936.259,-388.741,-392.947,4.206,0
519.000,G06,259719.000,-9977.000,-9590.853,-386.147,-392.947,6.800,0
519.000,G07,259719.000,-9240.000,-8847.821,-392.179,-392.947,0.768,0
519.000,G09,259719.000,14523.000,14915.152,-392.152,-392.947,0.795,0
519.000,G11,259719.000,-28440.000,-28049.780,-390.220,-392.947,2.727,0
519.000,G13,259719.000,-17672.000,-17269.622,-402.378,-392.947,-9.431,0
519.000,G15,259719.000,-12253.000,-11849.254,-403.746,-392.947,-10.799,0
519.000,G20,259719.000,357.000,741.094,-384.094,-392.947,8.853,0
519.000,G22,259719.000,-12857.000,-12457.163,-399.837,-392.947,-6.890,0
519.000,G30,259719.000,-14049.000,-13655.233,-393.767,-392.947,-0.820,0
520.000,E04,259720.000,-18844.000,-18438.123,-405.877,-392.496,-13.381,0
520.000,E07,259720.000,22611.000,23013.721,-402.721,-392.496,-10.225,0
520.000,E12,259720.000,-4679.000,-4291.322,-387.678,-392.496,4.818,0
520.000,E19,259720.000,-2608.000,-2216.319,-391.681,-392.496,0.815,0
520.000,E21,259720.000,-19014.000,-18606.861,-407.139,-392.496,-14.643,0
520.000,E27,259720.000,7165.000,7567.429,-402.429,-392.496,-9.933,0
520.000,E33,259720.000,-31458.000,-31065.504,-392.496,-392.496,0.000,0
520.000,G02,259720.000,-19365.000,-18977.201,-387.799,-392.496,4.697,0
520.000,G06,259720.000,-10022.000,-9636.414,-385.586,-392.496,6.910,0
520.000,G07,259720.000,-9272.000,-8880.133,-391.867,-392.496,0.629,0
520.000,G09,259720.000,14488.000,14879.536,-391.536,-392.496,0.960,0
520.000,G11,259720.000,-28477.000,-28087.212,-389.788,-392.496,2.708,0
520.000,G13,259720.000,-17685.000,-17283.201,-401.799,-392.496,-9.303,0
520.000,G15,259720.000,-12263.000,-11860.158,-402.842,-392.496,-10.346,0
520.000,G20,259720.000,306.000,689.397,-383.397,-392.496,9.099,0
520.000,G22,259720.000,-12875.000,-12474.552,-400.448,-392.496,-7.952,0
520.000,G30,259720.000,-14079.000,-13685.264,-393.736,-392.496,-1.240,0
521.000,E04,259721.000,-18849.000,-18442.328,-406.672,-393.099,-13.572,0
521.000,E07,259721.000,22598.000,23000.629,-402.629,-393.099,-9.529,0
521.000,E12,259721.000,-4721.000,-4332.860,-388.140,-393.099,4.959,0
521.000,E19,259721.000,-2641.000,-2249.720,-391.280,-393.099,1.819,0
521.000,E21,259721.000,-19016.000,-18609.148,-406.852,-393.099,-13.753,0
521.000,E27,259721.000,7151.000,7554.062,-403.062,-393.099,-9.963,0
521.000,E33,259721.000,-31490.000,-31096.901,-393.099,-393.099,0.000,0
521.000,G02,259721.000,-19406.000,-19018.106,-387.894,-393.099,5.205,0
521.000,G06,259721.000,-10068.000,-9681.957,-386.043,-393.099,7.056,0
521.000,G07,259721.000,-9305.000,-8912.430,-392.570,-393.099,0.529,0
521.000,G09,259721.000,14452.000,14843.895,-391.895,-393.099,1.205,0
521.000,G11,259721.000,-28514.000,-28124.586,-389.414,-393.099,3.686,0
521.000,G13,259721.000,-17698.000,-17296.767,-401.233,-393.099,-8.133,0
521.000,G15,259721.000,-12274.000,-11871.059,-402.941,-393.099,-9.842,0
521.000,G20,259721.000,254.000,637.695,-383.695,-393.099,9.404,0
521.000,G22,259721.000,-12892.000,-12491.914,-400.086,-393.099,-6.987,0
521.000,G30,259721.000,-14109.000,-13715.273,-393.727,-393.099,-0.628,0
522.000,E04,259722.000,-18853.000,-18446.524,-406.476,-392.757,-13.719,0
522.000,E07,259722.000,22584.000,22987.517,-403.517,-392.757,-10.760,0
522.000,E12,259722.000,-4762.000,-4374.393,-387.607,-392.757,5.150,0
522.000,E19,259722.000,-2675.000,-2283.121,-391.879,-392.757,0.878,0
522.000,E21,259722.000,-19018.000,-18611.421,-406.579,-392.757,-13.822,0
522.000,E27,259722.000,7138.000,7540.685,-402.685,-392.757,-9.928,0
522.000,E33,259722.000,-31521.000,-31128.243,-392.757,-392.757,0.000,0
522.000,G02,259722.000,-19447.000,-19058.973,-388.027,-392.757,4.730,0
522.000,G06,259722.000,-10113.000,-9727.482,-385.518,-392.757,7.239,0
522.000,G07,259722.000,-9337.000,-8944.713,-392.287,-392.757,0.470,0
522.000,G09,259722.000,14417.000,14808.227,-391.227,-392.757,1.530,0
522.000,G11,259722.000,-28552.000,-28161.904,-390.096,-392.757,2.661,0
522.000,G13,259722.000,-17712.000,-17310.321,-401.679,-392.757,-8.922,0
522.000,G15,259722.000,-12285.000,-11881.955,-403.045,-392.757,-10.288,0
522.000,G20,259722.000,202.000,585.988,-383.988,-392.757,8.769,0
522.000,G22,259722.000,-12909.000,-12509.249,-399.751,-392.757,-6.994,0
522.000,G30,259722.000,-14139.000,-13745.262,-393.738,-392.757,-0.981,0
523.000,E04,259723.000,-18857.000,-18450.709,-406.291,-392.469,-13.822,0
523.000,E07,259723.000,22571.000,22974.386,-403.386,-392.469,-10.917,0
523.000,E12,259723.000,-4804.000,-4415.921,-388.079,-392.469,4.391,0
523.000,E19,259723.000,-2708.000,-2316.522,-391.478,-392.469,0.992,0
523.000,E21,259723.000,-19021.000,-18613.682,-407.318,-392.469,-14.849,0
523.000,E27,259723.000,7125.000,7527.298,-402.298,-392.469,-9.829,0
523.000,E33,259723.000,-31552.000,-31159.531,-392.469,-392.469,0.000,0
523.000,G02,259723.000,-19488.000,-19099.802,-388.198,-392.469,4.272,0
523.000,G06,259723.000,-10159.000,-9772.989,-386.011,-392.469,6.458,0
523.000,G07,259723.000,-9369.000,-8976.981,-392.019,-392.469,0.450,0
523.000,G09,259723.000,14381.000,14772.533,-391.533,-392.469,0.937,0
523.000,G11,259723.000,-28589.000,-28199.164,-389.836,-392.469,2.633,0
523.000,G13,259723.000,-17726.000,-17323.862,-402.138,-392.469,-9.669,0
523.000,G15,259723.000,-12296.000,-11892.846,-403.154,-392.469,-10.684,0
523.000,G20,259723.000,151.000,534.276,-383.276,-392.469,9.193,0
523.000,G22,259723.000,-12927.000,-12526.558,-400.442,-392.469,-7.973,0
523.000,G30,259723.000,-14169.000,-13775.230,-393.770,-392.469,-1.301,0
524.000,E04,259724.000,-18861.000,-18454.884,-406.116,-393.530,-12.587,0
524.000,E07,259724.000,22558.000,22961.236,-403.236,-393.530,-9.706,0
524.000,E12,259724.000,-4845.000,-4457.445,-387.555,-393.530,5.974,0
524.000,E19,259724.000,-2742.000,-2349.924,-392.076,-393.530,1.453,0
524.000,E21,259724.000,-19023.000,-18615.928,-407.072,-393.530,-13.542,0
524.000,E27,259724.000,7111.000,7513.900,-402.900,-393.530,-9.370,0
524.000,E33,259724.000,-31584.000,-31190.764,-393.236,-393.530,0.294,0
524.000,G02,259724.000,-19529.000,-19140.595,-388.405,-393.530,5.124,0
524.000,G04,259724.000,22382.000,22784.690,-402.690,-393.530,-9.160,0
524.000,G06,259724.000,-10204.000,-9818.477,-385.523,-393.530,8.006,0
524.000,G07,259724.000,-9402.000,-9009.234,-392.766,-393.530,0.764,0
524.000,G09,259724.000,14345.000,14736.812,-391.812,-393.530,1.717,0
524.000,G11,259724.000,-28626.000,-28236.367,-389.633,-393.530,3.897,0
524.000,G13,259724.000,-17739.000,-17337.390,-401.610,-393.530,-8.080,0
524.000,G15,259724.000,-12307.000,-11903.733,-403.267,-393.530,-9.737,0
524.000,G20,259724.000,99.000,482.560,-383.560,-393.530,9.970,0
524.000,G22,259724.000,-12944.000,-12543.840,-400.160,-393.530,-6.630,0
524.000,G30,259724.000,-14199.000,-13805.176,-393.824,-393.530,-0.294,0
525.000,E04,259725.000,-18865.000,-18459.048,-405.952,-392.977,-12.974,0
525.000,E07,259725.000,22545.000,22948.066,-403.066,-392.977,-10.089,0
525.000,E12,259725.000,-4887.000,-4498.963,-388.037,-392.977,4.940,0
525.000,E19,259725.000,-2775.000,-2383.325,-391.675,-392.977,1.302,0
525.000,E21,259725.000,-19025.000,-18618.162,-406.838,-392.977,-13.861,0
525.000,E27,259725.000,7098.000,7500.491,-402.491,-392.977,-9.514,0
525.000,E33,259725.000,-31615.000,-31221.943,-393.057,-392.977,-0.079,0
525.000,G02,259725.000,-19569.000,-19181.349,-387.651,-392.977,5.327,0
525.000,G04,259725.000,22368.000,22770.035,-402.035,-392.977,-9.057,0
525.000,G06,259725.000,-10250.000,-9863.946,-386.054,-392.977,6.924,0
525.000,G07,259725.000,-9434.000,-9041.472,-392.528,-392.977,0.450,0
525.000,G09,259725.000,14310.000,14701.066,-391.066,-392.977,1.911,0
525.000,G11,259725.000,-28663.000,-28273.513,-389.487,-392.977,3.490,0
525.000,G13,259725.000,-17752.000,-17350.906,-401.094,-392.977,-8.116,0
525.000,G15,259725.000,-12318.000,-11914.616,-403.384,-392.977,-10.407,0
525.000,G20,259725.000,47.000,430.840,-383.840,-392.977,9.138,0
525.000,G22,259725.000,-12961.000,-12561.096,-399.904,-392.977,-6.927,0
525.000,G30,259725.000,-14228.000,-13835.102,-392.898,-392.977,0.079,0
526.000,E04,259726.000,-18869.000,-18463.203,-405.797,-392.963,-12.834,0
526.000,E07,259726.000,22532.000,22934.877,-402.877,-392.963,-9.914,0
526.000,E12,259726.000,-4928.000,-4540.476,-387.524,-392.963,5.438,0
526.000,E19,259726.000,-2808.000,-2416.726,-391.274,-392.963,1.689,0
526.000,E21,259726.000,-19027.000,-18620.382,-406.618,-392.963,-13.655,0
526.000,E27,259726.000,7085.000,7487.072,-402.072,-392.963,-9.109,0
526.000,E33,259726.000,-31646.000,-31253.068,-392.932,-392.963,0.030,0
526.000,G02,259726.000,-19610.000,-19222.066,-387.934,-392.963,5.029,0
526.000,G04,259726.000,22353.000,22755.360,-402.360,-392.963,-9.397,0
526.000,G06,259726.000,-10295.000,-9909.398,-385.602,-392.963,7.360,0
526.000,G07,259726.000,-9466.000,-9073.696,-392.304,-392.963,0.659,0
526.000,G09,259726.000,14274.000,14665.294,-391.294,-392.963,1.669,0
526.000,G11,259726.000,-28700.000,-28310.601,-389.399,-392.963,3.564,0
526.000,G13,259726.000,-17766.000,-17364.409,-401.591,-392.963,-8.628,0
526.000,G15,259726.000,-12328.000,-11925.494,-402.506,-392.963,-9.543,0
526.000,G20,259726.000,-3.000,379.115,-382.115,-392.963,10.848,0
526.000,G22,259726.000,-12978.000,-12578.325,-399.675,-392.963,-6.713,0
526.000,G30,259726.000,-14258.000,-13865.007,-392.993,-392.963,-0.030,0
527.000,E04,259727.000,-18873.000,-18467.348,-405.652,-392.986,-12.666,0
527.000,E07,259727.000,22519.000,22921.669,-402.669,-392.986,-9.682,0
527.000,E12,259727.000,-4969.000,-4581.983,-387.017,-392.986,5.970,0
527.000,E19,259727.000,-2841.000,-2450.127,-390.873,-392.986,2.113,0
527.000,E21,259727.000,-19029.000,-18622.589,-406.411,-392.986,-13.424,0
527.000,E27,259727.000,7071.000,7473.643,-402.643,-392.986,-9.656,0
527.000,E33,259727.000,-31677.000,-31284.137,-392.863,-392.986,0.124,0
527.000,G02,259727.000,-19650.000,-19262.745,-387.255,-392.986,5.731,0
527.000,G04,259727.000,22339.000,22740.664,-401.664,-392.986,-8.678,0
527.000,G06,259727.000,-10340.000,-9954.830,-385.170,-392.986,7.816,0
527.000,G07,259727.000,-9498.000,-9105.905,-392.095,-392.986,0.891,0
527.000,G09,259727.000,14238.000,14629.496,-391.496,-392.986,1.491,0
527.000,G11,259727.000,-28737.000,-28347.632,-389.368,-392.986,3.618,0
527.000,G13,259727.000,-17779.000,-17377.900,-401.100,-392.986,-8.114,0
527.000,G15,259727.000,-12339.000,-11936.368,-402.632,-392.986,-9.646,0
527.000,G20,259727.000,-55.000,327.387,-382.387,-392.986,10.600,0
527.000,G22,259727.000,-12995.000,-12595.527,-399.473,-392.986,-6.487,0
527.000,G30,259727.000,-14288.000,-13894.890,-393.110,-392.986,-0.124,0
528.000,E04,259728.000,-18877.000,-18471.483,-405.517,-393.047,-12.470,0
528.000,E07,259728.000,22506.000,22908.441,-402.441,-393.047,-9.394,0
528.000,E12,259728.000,-5011.000,-4623.486,-387.514,-393.047,5.533,0
528.000,E19,259728.000,-2875.000,-2483.527,-391.473,-393.047,1.575,0
528.000,E21,259728.000,-19031.000,-18624.783,-406.217,-393.047,-13.170,0
528.000,E27,259728.000,7058.000,7460.203,-402.203,-393.047,-9.155,0
528.000,E33,259728.000,-31708.000,-31315.153,-392.847,-393.047,0.200,0
528.000,G02,259728.000,-19691.000,-19303.387,-387.613,-393.047,5.434,0
528.000,G04,259728.000,22324.000,22725.949,-401.949,-393.047,-8.902,0
528.000,G06,259728.000,-10386.000,-10000.244,-385.756,-393.047,7.291,0
528.000,G07,259728.000,-9530.000,-9138.099,-391.901,-393.047,1.146,0
528.000,G09,259728.000,14203.000,14593.672,-390.672,-393.047,2.376,0
528.000,G11,259728.000,-28774.000,-28384.606,-389.394,-393.047,3.653,0
528.000,G13,259728.000,-17793.000,-17391.378,-401.622,-393.047,-8.575,0
528.000,G15,259728.000,-12350.000,-11947.237,-402.763,-393.047,-9.716,0
528.000,G20,259728.000,-106.000,275.654,-381.654,-393.047,11.393,0
528.000,G22,259728.000,-13012.000,-12612.703,-399.297,-393.047,-6.250,0
528.000,G30,259728.000,-14318.000,-13924.752,-393.248,-393.047,-0.200,0
529.000,E04,259729.000,-18881.000,-18475.626,-405.374,-392.146,-13.228,0
529.000,E07,259729.000,22493.000,22895.194,-402.194,-392.146,-10.048,0
529.000,E12,259729.000,-5052.000,-4664.982,-387.018,-392.146,5.129,0
529.000,E19,259729.000,-2908.000,-2516.928,-391.072,-392.146,1.074,0
529.000,E21,259729.000,-19033.000,-18626.964,-406.036,-392.146,-13.890,0
529.000,E27,259729.000,7045.000,7446.752,-401.752,-392.146,-9.606,0
529.000,E33,259729.000,-31738.000,-31346.114,-391.886,-392.146,0.260,0
529.000,G02,259729.000,-19731.000,-19343.990,-387.010,-392.146,5.136,0
529.000,G04,259729.000,22310.000,22711.213,-401.213,-392.146,-9.067,0
529.000,G06,259729.000,-10431.000,-10045.639,-385.361,-392.146,6.785,0
529.000,G07,259729.000,-9562.000,-9170.278,-391.722,-392.146,0.424,0
529.000,G09,259729.000,14167.000,14557.822,-390.822,-392.146,1.324,0
529.000,G11,259729.000,-28811.000,-28421.522,-389.478,-392.146,2.668,0
529.000,G13,259729.000,-17806.000,-17404.843,-401.157,-392.146,-9.011,0
529.000,G15,259729.000,-12360.000,-11958.101,-401.899,-392.146,-9.752,0
529.000,G20,259729.000,-158.000,223.918,-381.918,-392.146,10.229,0
529.000,G22,259729.000,-13029.000,-12629.852,-399.148,-392.146,-7.002,0
529.000,G30,259729.000,-14347.000,-13954.594,-392.406,-392.146,-0.260,0
530.000,E04,259730.000,-18885.000,-18479.741,-405.259,-392.283,-12.976,0
530.000,E07,259730.000,22480.000,22881.927,-401.927,-392.283,-9.644,0
530.000,E12,259730.000,-5093.000,-4706.474,-386.526,-392.283,5.757,0
530.000,E19,259730.000,-2941.000,-2550.328,-390.672,-392.283,1.611,0
530.000,E21,259730.000,-19035.000,-18629.131,-405.869,-392.283,-13.586,0
530.000,E27,259730.000,7032.000,7433.291,-401.291,-392.283,-9.008,0
530.000,E33,259730.000,-31769.000,-31377.020,-391.980,-392.283,0.303,0
530.000,G02,259730.000,-19772.000,-19384.556,-387.444,-392.283,4.839,0
530.000,G04,259730.000,22295.000,22696.458,-401.458,-392.283,-9.175,0
530.000,G06,259730.000,-10476.000,-10091.014,-384.986,-392.283,7.297,0
530.000,G07,259730.000,-9594.000,-9202.442,-391.558,-392.283,0.725,0
530.000,G09,259730.000,14131.000,14521.946,-390.946,-392.283,1.337,0
530.000,G11,259730.000,-28847.000,-28458.381,-388.619,-392.283,3.664,0
530.000,G13,259730.000,-17819.000,-17418.295,-400.705,-392.283,-8.422,0
530.000,G15,259730.000,-12371.000,-11968.961,-402.039,-392.283,-9.756,0
530.000,G20,259730.000,-209.000,172.177,-381.177,-392.283,11.106,0
530.000,G22,259730.000,-13046.000,-12646.974,-399.026,-392.283,-6.743,0
530.000,G30,259730.000,-14377.000,-13984.414,-392.586,-392.283,-0.303,0
531.000,E04,259731.000,-18889.000,-18483.845,-405.155,-392.458,-12.697,0
531.000,E07,259731.000,22467.000,22868.642,-401.642,-392.458,-9.184,0
531.000,E12,259731.000,-5135.000,-4747.959,-387.041,-392.458,5.417,0
531.000,E19,259731.000,-2975.000,-2583.728,-391.272,-392.458,1.185,0
531.000,E21,259731.000,-19037.000,-18631.285,-405.715,-392.458,-13.257,0
531.000,E27,259731.000,7018.000,7419.820,-401.820,-392.458,-9.362,0
531.000,E33,259731.000,-31800.000,-31407.873,-392.127,-392.458,0.330,0
531.000,G02,259731.000,-19812.000,-19425.084,-386.916,-392.458,5.541,0
531.000,G04,259731.000,22280.000,22681.682,-401.682,-392.458,-9.224,0
531.000,G06,259731.000,-10521.000,-10136.371,-384.629,-392.458,7.829,0
531.000,G07,259731.000,-9626.000,-9234.591,-391.409,-392.458,1.048,0
531.000,G09,259731.000,14095.000,14486.045,-391.045,-392.458,1.413,0
531.000,G11,259731.000,-28884.000,-28495.182,-388.818,-392.458,3.640,0
531.000,G13,259731.000,-17833.000,-17431.735,-401.265,-392.458,-8.808,0
531.000,G15,259731.000,-12382.000,-11979.817,-402.183,-392.458,-9.725,0
531.000,G20,259731.000,-261.000,120.434,-381.434,-392.458,11.024,0
531.000,G22,259731.000,-13063.000,-12664.070,-398.930,-392.458,-6.472,0
531.000,G30,259731.000,-14407.000,-14014.212,-392.788,-392.458,-0.330,0
532.000,E04,259732.000,-18894.000,-18487.940,-406.060,-392.670,-13.390,0
532.000,E07,259732.000,22453.000,22855.336,-402.336,-392.670,-9.666,0
532.000,E12,259732.000,-5177.000,-4789.439,-387.561,-392.670,5.110,0
532.000,E19,259732.000,-3008.000,-2617.127,-390.873,-392.670,1.797,0
532.000,E21,259732.000,-19040.000,-18633.426,-406.574,-392.670,-13.904,0
532.000,E27,259732.000,7004.000,7406.338,-402.338,-392.670,-9.668,0
532.000,E33,259732.000,-31831.000,-31438.670,-392.330,-392.670,0.340,0
532.000,G02,259732.000,-19853.000,-19465.573,-387.427,-392.670,5.243,0
532.000,G04,259732.000,22265.000,22666.886,-401.886,-392.670,-9.216,0
532.000,G06,259732.000,-10567.000,-10181.709,-385.291,-392.670,7.379,0
532.000,G07,259732.000,-9659.000,-9266.725,-392.275,-392.670,0.395,0
532.000,G09,259732.000,14059.000,14450.118,-391.118,-392.670,1.552,0
532.000,G11,259732.000,-28922.000,-28531.926,-390.074,-392.670,2.596,0
532.000,G13,259732.000,-17846.000,-17445.162,-400.838,-392.670,-8.168,0
532.000,G15,259732.000,-12393.000,-11990.668,-402.332,-392.670,-9.662,0
532.000,G20,259732.000,-313.000,68.687,-381.687,-392.670,10.984,0
532.000,G22,259732.000,-13081.000,-12681.139,-399.861,-392.670,-7.191,0
532.000,G30,259732.000,-14437.000,-14043.990,-393.010,-392.670,-0.340,0
533.000,E04,259733.000,-18898.000,-18492.024,-405.976,-392.921,-13.055,0
533.000,E07,259733.000,22440.000,22842.012,-402.012,-392.921,-9.091,0
533.000,E12,259733.000,-5218.000,-4830.914,-387.086,-392.921,5.834,0
533.000,E19,259733.000,-3042.000,-2650.526,-391.474,-392.921,1.447,0
533.000,E21,259733.000,-19042.000,-18635.553,-406.447,-392.921,-13.526,0
533.000,E27,259733.000,6991.000,7392.845,-401.845,-392.921,-8.925,0
533.000,E33,259733.000,-31862.000,-31469.413,-392.587,-392.921,0.334,0
533.000,G02,259733.000,-19894.000,-19506.025,-387.975,-392.921,4.945,0
533.000,G04,259733.000,22251.000,22652.070,-401.070,-392.921,-8.150,0
533.000,G06,259733.000,-10612.000,-10227.027,-384.973,-392.921,7.948,0
533.000,G07,259733.000,-9691.000,-9298.844,-392.156,-392.921,0.764,0
533.000,G09,259733.000,14023.000,14414.165,-391.165,-392.921,1.755,0
533.000,G11,259733.000,-28958.000,-28568.613,-389.387,-392.921,3.533,0
533.000,G13,259733.000,-17860.000,-17458.576,-401.424,-392.921,-8.503,0
533.000,G15,259733.000,-12404.000,-12001.514,-402.486,-392.921,-9.565,0
533.000,G20,259733.000,-365.000,16.936,-381.936,-392.921,10.984,0
533.000,G22,259733.000,-13098.000,-12698.182,-399.818,-392.921,-6.898,0
533.000,G30,259733.000,-14467.000,-14073.746,-393.254,-392.921,-0.334,0
534.000,E04,259734.000,-18902.000,-18496.098,-405.902,-392.286,-13.616,0
534.000,E07,259734.000,22427.000,22828.668,-401.668,-392.286,-9.382,0
534.000,E12,259734.000,-5259.000,-4872.382,-386.618,-392.286,5.668,0
534.000,E19,259734.000,-3075.000,-2683.925,-391.075,-392.286,1.211,0
534.000,E21,259734.000,-19044.000,-18637.668,-406.332,-392.286,-14.046,0
534.000,E27,259734.000,6978.000,7379.343,-401.343,-392.286,-9.056,0
534.000,E33,259734.000,-31892.000,-31500.101,-391.899,-392.286,0.387,0
534.000,G02,259734.000,-19934.000,-19546.438,-387.562,-392.286,4.724,0
534.000,G04,259734.000,22236.000,22637.234,-401.234,-392.286,-8.948,0
534.000,G06,259734.000,-10657.000,-10272.326,-384.674,-392.286,7.612,0
534.000,G07,259734.000,-9723.000,-9330.947,-392.053,-392.286,0.233,0
534.000,G09,259734.000,13987.000,14378.187,-391.187,-392.286,1.099,0
534.000,G11,259734.000,-28995.000,-28605.242,-389.758,-392.286,2.528,0
534.000,G13,259734.000,-17873.000,-17471.978,-401.022,-392.286,-8.736,0
534.000,G15,259734.000,-12415.000,-12012.356,-402.644,-392.286,-10.358,0
534.000,G20,259734.000,-417.000,-34.817,-382.183,-392.286,10.103,0
534.000,G22,259734.000,-13115.000,-12715.197,-399.803,-392.286,-7.517,0
534.000,G30,259734.000,-14496.000,-14103.481,-392.519,-392.286,-0.233,0
535.000,E04,259735.000,-18906.000,-18500.162,-405.838,-392.535,-13.302,0
535.000,E07,259735.000,22413.000,22815.305,-402.305,-392.535,-9.770,0
535.000,E12,259735.000,-5301.000,-4913.844,-387.156,-392.535,5.380,0
535.000,E19,259735.000,-3108.000,-2717.322,-390.678,-392.535,1.858,0
535.000,E21,259735.000,-19046.000,-18639.769,-406.231,-392.535,-13.696,0
535.000,E27,259735.000,6964.000,7365.829,-401.829,-392.535,-9.294,0
535.000,E33,259735.000,-31923.000,-31530.735,-392.265,-392.535,0.271,0
535.000,G02,259735.000,-19974.000,-19586.813,-387.187,-392.535,5.348,0
535.000,G04,259735.000,22221.000,22622.378,-401.378,-392.535,-8.843,0
535.000,G06,259735.000,-10703.000,-10317.605,-385.395,-392.535,7.141,0
535.000,G07,259735.000,-9755.000,-9363.036,-391.964,-392.535,0.571,0
535.000,G09,259735.000,13951.000,14342.184,-391.184,-392.535,1.352,0
535.000,G11,259735.000,-29031.000,-28641.813,-389.187,-392.535,3.349,0
535.000,G13,259735.000,-17886.000,-17485.366,-400.634,-392.535,-8.098,0
535.000,G15,259735.000,-12426.000,-12023.194,-402.806,-392.535,-10.271,0
535.000,G20,259735.000,-468.000,-86.574,-381.426,-392.535,11.109,0
535.000,G22,259735.000,-13131.000,-12732.186,-398.814,-392.535,-6.278,0
535.000,G30,259735.000,-14526.000,-14133.194,-392.806,-392.535,-0.271,0
536.000,E04,259736.000,-18910.000,-18504.216,-405.784,-392.900,-12.884,0
536.000,E07,259736.000,22400.000,22801.923,-401.923,-392.900,-9.023,0
536.000,E12,259736.000,-5342.000,-4955.300,-386.700,-392.900,6.200,0
536.000,E19,259736.000,-3142.000,-2750.720,-391.280,-392.900,1.619,0
536.000,E21,259736.000,-19048.000,-18641.857,-406.143,-392.900,-13.243,0
536.000,E27,259736.000,6951.000,7352.306,-401.306,-392.900,-8.406,0
536.000,E33,259736.000,-31954.000,-31561.314,-392.686,-392.900,0.214,0
536.000,G02,259736.000,-20015.000,-19627.150,-387.850,-392.900,5.050,0
536.000,G04,259736.000,22206.000,22607.502,-401.502,-392.900,-8.603,0
536.000,G06,259736.000,-10748.000,-10362.865,-385.135,-392.900,7.765,0
536.000,G07,259736.000,-9787.000,-9395.109,-391.891,-392.900,1.009,0
536.000,G09,259736.000,13916.000,14306.155,-390.155,-392.900,2.745,0
536.000,G11,259736.000,-29068.000,-28678.327,-389.673,-392.900,3.227,0
536.000,G13,259736.000,-17900.000,-17498.743,-401.257,-392.900,-8.358,0
536.000,G15,259736.000,-12436.000,-12034.027,-401.973,-392.900,-9.074,0
536.000,G20,259736.000,-520.000,-138.333,-381.667,-392.900,11.233,0
536.000,G22,259736.000,-13148.000,-12749.149,-398.851,-392.900,-5.952,0
536.000,G30,259736.000,-14556.000,-14162.886,-393.114,-392.900,-0.214,0
537.000,E04,259737.000,-18914.000,-18508.260,-405.740,-392.802,-12.938,0
537.000,E07,259737.000,22386.000,22788.521,-402.521,-392.802,-9.719,0
537.000,E12,259737.000,-5384.000,-4996.750,-387.250,-392.802,5.553,0
537.000,E19,259737.000,-3175.000,-2784.116,-390.884,-392.802,1.918,0
537.000,E21,259737.000,-19050.000,-18643.932,-406.068,-392.802,-13.266,0
537.000,E27,259737.000,6937.000,7338.771,-401.771,-392.802,-8.969,0
537.000,E33,259737.000,-31984.000,-31591.839,-392.161,-392.802,0.641,0
537.000,G02,259737.000,-20055.000,-19667.448,-387.552,-392.802,5.250,0
537.000,G04,259737.000,22191.000,22592.606,-401.606,-392.802,-8.804,0
537.000,G06,259737.000,-10793.000,-10408.105,-384.895,-392.802,7.908,0
537.000,G07,259737.000,-9819.000,-9427.167,-391.833,-392.802,0.969,0
537.000,G09,259737.000,13879.000,14270.100,-391.100,-392.802,1.702,0
537.000,G11,259737.000,-29104.000,-28714.783,-389.217,-392.802,3.586,0
537.000,G13,259737.000,-17913.000,-17512.106,-400.894,-392.802,-8.092,0
537.000,G15,259737.000,-12447.000,-12044.855,-402.145,-392.802,-9.343,0
537.000,G20,259737.000,-572.000,-190.095,-381.905,-392.802,10.898,0
537.000,G22,259737.000,-13166.000,-12766.084,-399.916,-392.802,-7.114,0
537.000,G30,259737.000,-14586.000,-14192.556,-393.444,-392.802,-0.641,0
538.000,E04,259738.000,-18918.000,-18512.294,-405.706,-393.243,-12.463,0
538.000,E07,259738.000,22373.000,22775.100,-402.100,-393.243,-8.858,0
538.000,E12,259738.000,-5426.000,-5038.194,-387.806,-393.243,5.437,0
538.000,E19,259738.000,-3209.000,-2817.512,-391.488,-393.243,1.755,0
538.000,E21,259738.000,-19053.000,-18645.993,-407.007,-393.243,-13.764,0
538.000,E27,259738.000,6923.000,7325.227,-402.227,-393.243,-8.984,0
538.000,E33,259738.000,-32015.000,-31622.309,-392.691,-393.243,0.552,0
538.000,G02,259738.000,-20096.000,-19707.708,-388.292,-393.243,4.950,0
538.000,G04,259738.000,22176.000,22577.690,-401.690,-393.243,-8.447,0
538.000,G06,259738.000,-10839.000,-10453.326,-385.674,-393.243,7.569,0
538.000,G07,259738.000,-9851.000,-9459.209,-391.791,-393.243,1.452,0
538.000,G09,259738.000,13843.000,14234.020,-391.020,-393.243,2.222,0
538.000,G11,259738.000,-29141.000,-28751.182,-389.818,-393.243,3.425,0
538.000,G13,259738.000,-17927.000,-17525.457,-401.543,-393.243,-8.301,0
538.000,G15,259738.000,-12458.000,-12055.678,-402.322,-393.243,-9.079,0
538.000,G20,259738.000,-624.000,-241.860,-382.140,-393.243,11.103,0
538.000,G22,259738.000,-13183.000,-12782.993,-400.007,-393.243,-6.765,0
538.000,G30,259738.000,-14616.000,-14222.205,-393.795,-393.243,-0.552,0
539.000,E04,259739.000,-18923.000,-18516.318,-406.682,-393.221,-13.461,0
539.000,E07,259739.000,22359.000,22761.660,-402.660,-393.221,-9.439,0
539.000,E12,259739.000,-5467.000,-5079.632,-387.368,-393.221,5.853,0
539.000,E19,259739.000,-3243.000,-2850.907,-392.093,-393.221,1.128,0
539.000,E21,259739.000,-19055.000,-18648.042,-406.958,-393.221,-13.737,0
539.000,E27,259739.000,6909.000,7311.672,-402.672,-393.221,-9.451,0
539.000,E33,259739.000,-32046.000,-31652.725,-393.275,-393.221,-0.054,0
539.000,G02,259739.000,-20136.000,-19747.929,-388.071,-393.221,5.150,0
539.000,G04,259739.000,22161.000,22562.754,-401.754,-393.221,-8.533,0
539.000,G06,259739.000,-10884.000,-10498.526,-385.474,-393.221,7.747,0
539.000,G07,259739.000,-9884.000,-9491.236,-392.764,-393.221,0.458,0
539.000,G09,259739.000,13807.000,14197.915,-390.915,-393.221,2.306,0
539.000,G11,259739.000,-29178.000,-28787.523,-390.477,-393.221,2.744,0
539.000,G13,259739.000,-17940.000,-17538.794,-401.206,-393.221,-7.984,0
539.000,G15,259739.000,-12469.000,-12066.497,-402.503,-393.221,-9.282,0
539.000,G20,259739.000,-676.000,-293.627,-382.373,-393.221,10.848,0
539.000,G22,259739.000,-13200.000,-12799.875,-400.125,-393.221,-6.904,0
539.000,G30,259739.000,-14645.000,-14251.833,-393.167,-393.221,0.054,0
540.000,E04,259740.000,-18927.000,-18520.332,-406.668,-393.238,-13.430,0
540.000,E07,259740.000,22346.000,22748.200,-402.200,-393.238,-8.963,0
540.000,E12,259740.000,-5509.000,-5121.063,-387.937,-393.238,5.301,0
540.000,E19,259740.000,-3276.000,-2884.301,-391.699,-393.238,1.539,0
540.000,E21,259740.000,-19057.000,-18650.077,-406.923,-393.238,-13.685,0
540.000,E27,259740.000,6896.000,7298.106,-402.106,-393.238,-8.869,0
540.000,E33,259740.000,-32076.000,-31683.086,-392.914,-393.238,0.323,0
540.000,G02,259740.000,-20176.000,-19788.112,-387.888,-393.238,5.349,0
540.000,G04,259740.000,22146.000,22547.798,-401.798,-393.238,-8.560,0
540.000,G06,259740.000,-10929.000,-10543.707,-385.293,-393.238,7.945,0
540.000,G07,259740.000,-9915.000,-9523.248,-391.752,-393.238,1.486,0
540.000,G09,259740.000,13771.000,14161.785,-390.785,-393.238,2.453,0
540.000,G11,259740.000,-29214.000,-28823.806,-390.194,-393.238,3.044,0
540.000,G13,259740.000,-17954.000,-17552.120,-401.880,-393.238,-8.643,0
540.000,G15,259740.000,-12480.000,-12077.312,-402.688,-393.238,-9.451,0
540.000,G20,259740.000,-728.000,-345.397,-382.603,-393.238,10.635,0
540.000,G22,259740.000,-13217.000,-12816.730,-400.270,-393.238,-7.033,0
540.000,G30,259740.000,-14675.000,-14281.439,-393.561,-393.238,-0.323,0
541.000,E04,259741.000,-18930.000,-18524.336,-405.664,-392.792,-12.872,0
541.000,E07,259741.000,22332.000,22734.721,-402.721,-392.792,-9.929,0
541.000,E12,259741.000,-5550.000,-5162.488,-387.512,-392.792,5.280,0
541.000,E19,259741.000,-3309.000,-2917.695,-391.305,-392.792,1.487,0
541.000,E21,259741.000,-19059.000,-18652.099,-406.901,-392.792,-14.108,0
541.000,E27,259741.000,6882.000,7284.530,-402.530,-392.792,-9.738,0
541.000,E33,259741.000,-32106.000,-31713.392,-392.608,-392.792,0.184,0
541.000,G02,259741.000,-20216.000,-19828.256,-387.744,-392.792,5.048,0
541.000,G04,259741.000,22131.000,22532.821,-401.821,-392.792,-9.029,0
541.000,G06,259741.000,-10974.000,-10588.867,-385.133,-392.792,7.659,0
541.000,G07,259741.000,-9947.000,-9555.244,-391.756,-392.792,1.037,0
541.000,G09,259741.000,13735.000,14125.629,-390.629,-392.792,2.163,0
541.000,G11,259741.000,-29250.000,-28860.032,-389.968,-392.792,2.825,0
541.000,G13,259741.000,-17967.000,-17565.432,-401.568,-392.792,-8.776,0
541.000,G15,259741.000,-12491.000,-12088.121,-402.879,-392.792,-10.086,0
541.000,G20,259741.000,-779.000,-397.169,-381.831,-392.792,10.961,0
541.000,G22,259741.000,-13233.000,-12833.558,-399.442,-392.792,-6.650,0
541.000,G30,259741.000,-14704.000,-14311.023,-392.977,-392.792,-0.184,0
542.000,E04,259742.000,-18934.000,-18528.329,-405.671,-392.885,-12.786,0
542.000,E07,259742.000,22319.000,22721.223,-402.223,-392.885,-9.338,0
542.000,E12,259742.000,-5591.000,-5203.906,-387.094,-392.885,5.791,0
542.000,E19,259742.000,-3342.000,-2951.087,-390.913,-392.885,1.972,0
542.000,E21,259742.000,-19061.000,-18654.108,-406.892,-392.885,-14.006,0
542.000,E27,259742.000,6869.000,7270.944,-401.944,-392.885,-9.059,0
542.000,E33,259742.000,-32136.000,-31743.644,-392.356,-392.885,0.529,0
542.000,G02,259742.000,-20256.000,-19868.361,-387.639,-392.885,5.246,0
542.000,G04,259742.000,22116.000,22517.825,-401.825,-392.885,-8.940,0
542.000,G06,259742.000,-11019.000,-10634.007,-384.993,-392.885,7.893,0
542.000,G07,259742.000,-9979.000,-9587.225,-391.775,-392.885,1.110,0
542.000,G09,259742.000,13699.000,14089.449,-390.449,-392.885,2.437,0
542.000,G11,259742.000,-29286.000,-28896.200,-389.800,-392.885,3.085,0
542.000,G13,259742.000,-17980.000,-17578.732,-401.268,-392.885,-8.383,0
542.000,G15,259742.000,-12501.000,-12098.927,-402.073,-392.885,-9.188,0
542.000,G20,259742.000,-831.000,-448.943,-382.057,-392.885,10.828,0
542.000,G22,259742.000,-13250.000,-12850.359,-399.641,-392.885,-6.755,0
542.000,G30,259742.000,-14734.000,-14340.586,-393.414,-392.885,-0.529,0
543.000,E04,259743.000,-18938.000,-18532.313,-405.687,-393.016,-12.671,0
543.000,E07,259743.000,22305.000,22707.706,-402.706,-393.016,-9.690,0
543.000,E12,259743.000,-5633.000,-5245.317,-387.683,-393.016,5.333,0
543.000,E19,259743.000,-3376.000,-2984.478,-391.522,-393.016,1.494,0
543.000,E21,259743.000,-19063.000,-18656.104,-406.896,-393.016,-13.880,0
543.000,E27,259743.000,6855.000,7257.348,-402.348,-393.016,-9.332,0
543.000,E33,259743.000,-32167.000,-31773.841,-393.159,-393.016,-0.143,0
543.000,G02,259743.000,-20296.000,-19908.427,-387.573,-393.016,5.443,0
543.000,G04,259743.000,22101.000,22502.809,-401.809,-393.016,-8.793,0
543.000,G06,259743.000,-11064.000,-10679.127,-384.873,-393.016,8.143,0
543.000,G07,259743.000,-10011.000,-9619.190,-391.810,-393.016,1.206,0
543.000,G09,259743.000,13662.000,14053.243,-391.243,-393.016,1.773,0
543.000,G11,259743.000,-29322.000,-28932.310,-389.690,-393.016,3.326,0
543.000,G13,259743.000,-17993.000,-17592.018,-400.982,-393.016,-7.966,0
543.000,G15,259743.000,-12512.000,-12109.727,-402.273,-393.016,-9.257,0
543.000,G20,259743.000,-883.000,-500.719,-382.281,-393.016,10.735,0
543.000,G22,259743.000,-13267.000,-12867.134,-399.866,-393.016,-6.850,0
543.000,G30,259743.000,-14763.000,-14370.127,-392.873,-393.016,0.143,0
544.000,E04,259744.000,-18942.000,-18536.287,-405.713,-393.185,-12.528,0
544.000,E07,259744.000,22292.000,22694.169,-402.169,-393.185,-8.984,0
544.000,E12,259744.000,-5674.000,-5286.722,-387.278,-393.185,5.907,0
544.000,E19,259744.000,-3409.000,-3017.869,-391.131,-393.185,2.054,0
544.000,E21,259744.000,-19065.000,-18658.087,-406.913,-393.185,-13.728,0
544.000,E27,259744.000,6842.000,7243.740,-401.740,-393.185,-8.555,0
544.000,E33,259744.000,-32197.000,-31803.983,-393.017,-393.185,0.168,0
544.000,G02,259744.000,-20336.000,-19948.455,-387.545,-393.185,5.640,0
544.000,G04,259744.000,22086.000,22487.772,-401.772,-393.185,-8.587,0
544.000,G06,259744.000,-11110.000,-10724.227,-385.773,-393.185,7.412,0
544.000,G07,259744.000,-10043.000,-9651.140,-391.860,-393.185,1.325,0
544.000,G09,259744.000,13626.000,14017.012,-391.012,-393.185,2.173,0
544.000,G11,259744.000,-29358.000,-28968.363,-389.637,-393.185,3.548,0
544.000,G13,259744.000,-18007.000,-17605.292,-401.708,-393.185,-8.523,0
544.000,G15,259744.000,-12523.000,-12120.523,-402.477,-393.185,-9.292,0
544.000,G20,259744.000,-934.000,-552.496,-381.504,-393.185,11.681,0
544.000,G22,259744.000,-13284.000,-12883.882,-400.118,-393.185,-6.933,0
544.000,G30,259744.000,-14793.000,-14399.647,-393.353,-393.185,-0.168,0
545.000,E04,259745.000,-18946.000,-18540.250,-405.750,-392.892,-12.858,0
545.000,E07,259745.000,22279.000,22680.613,-401.613,-392.892,-8.721,0
545.000,E12,259745.000,-5715.000,-5328.120,-386.880,-392.892,6.012,0
545.000,E19,259745.000,-3442.000,-3051.258,-390.742,-392.892,2.150,0
545.000,E21,259745.000,-19066.000,-18660.057,-405.943,-392.892,-13.051,0
545.000,E27,259745.000,6828.000,7230.123,-402.123,-392.892,-9.231,0
545.000,E33,259745.000,-32227.000,-31834.071,-392.929,-392.892,-0.037,0
545.000,G02,259745.000,-20376.000,-19988.443,-387.557,-392.892,5.336,0
545.000,G04,259745.000,22071.000,22472.716,-401.716,-392.892,-8.824,0
545.000,G06,259745.000,-11154.000,-10769.306,-384.694,-392.892,8.198,0
545.000,G07,259745.000,-10075.000,-9683.073,-391.927,-392.892,0.966,0
545.000,G09,259745.000,13590.000,13980.756,-390.756,-392.892,2.136,0
545.000,G11,259745.000,-29394.000,-29004.358,-389.642,-392.892,3.250,0
545.000,G13,259745.000,-18020.000,-17618.554,-401.446,-392.892,-8.554,0
545.000,G15,259745.000,-12534.000,-12131.314,-402.686,-392.892,-9.794,0
545.000,G20,259745.000,-986.000,-604.276,-381.724,-392.892,11.168,0
545.000,G22,259745.000,-13300.000,-12900.603,-399.397,-392.892,-6.505,0
545.000,G30,259745.000,-14822.000,-14429.144,-392.856,-392.892,0.037,0
546.000,E04,259746.000,-18950.000,-18544.204,-405.796,-393.138,-12.659,0
546.000,E07,259746.000,22265.000,22667.038,-402.038,-393.138,-8.901,0
546.000,E12,259746.000,-5757.000,-5369.511,-387.489,-393.138,5.648,0
546.000,E19,259746.000,-3476.000,-3084.646,-391.354,-393.138,1.784,0
546.000,E21,259746.000,-19068.000,-18662.013,-405.987,-393.138,-12.849,0
546.000,E27,259746.000,6815.000,7216.495,-401.495,-393.138,-8.358,0
546.000,E33,259746.000,-32257.000,-31864.105,-392.895,-393.138,0.242,0
546.000,G02,259746.000,-20416.000,-20028.393,-387.607,-393.138,5.530,0
546.000,G04,259746.000,22056.000,22457.640,-401.640,-393.138,-8.502,0
546.000,G06,259746.000,-11200.000,-10814.364,-385.636,-393.138,7.502,0
546.000,G07,259746.000,-10107.000,-9714.992,-392.008,-393.138,1.129,0
546.000,G09,259746.000,13554.000,13944.476,-390.476,-393.138,2.662,0
546.000,G11,259746.000,-29430.000,-29040.294,-389.706,-393.138,3.432,0
546.000,G13,259746.000,-18033.000,-17631.802,-401.198,-393.138,-8.060,0
546.000,G15,259746.000,-12544.000,-12142.101,-401.899,-393.138,-8.762,0
546.000,G20,259746.000,-1038.000,-656.057,-381.943,-393.138,11.194,0
546.000,G22,259746.000,-13317.000,-12917.297,-399.703,-393.138,-6.565,0
546.000,G30,259746.000,-14852.000,-14458.620,-393.380,-393.138,-0.242,0
547.000,E04,259747.000,-18954.000,-18548.147,-405.853,-392.921,-12.932,0
547.000,E07,259747.000,22252.000,22653.444,-401.444,-392.921,-8.522,0
547.000,E12,259747.000,-5798.000,-5410.895,-387.105,-392.921,5.816,0
547.000,E19,259747.000,-3509.000,-3118.033,-390.967,-392.921,1.954,0
547.000,E21,259747.000,-19070.000,-18663.957,-406.043,-392.921,-13.122,0
547.000,E27,259747.000,6801.000,7202.857,-401.857,-392.921,-8.936,0
547.000,E33,259747.000,-32287.000,-31894.083,-392.917,-392.921,0.004,0
547.000,G02,259747.000,-20456.000,-20068.303,-387.697,-392.921,5.225,0
547.000,G04,259747.000,22041.000,22442.543,-401.543,-392.921,-8.622,0
547.000,G06,259747.000,-11244.000,-10859.402,-384.598,-392.921,8.323,0
547.000,G07,259747.000,-10139.000,-9746.894,-392.106,-392.921,0.815,0
547.000,G09,259747.000,13518.000,13908.170,-390.170,-392.921,2.751,0
547.000,G11,259747.000,-29466.000,-29076.174,-389.826,-392.921,3.095,0
547.000,G13,259747.000,-18046.000,-17645.038,-400.962,-392.921,-8.041,0
547.000,G15,259747.000,-12555.000,-12152.883,-402.117,-392.921,-9.196,0
547.000,G20,259747.000,-1090.000,-707.839,-382.161,-392.921,10.761,0
547.000,G22,259747.000,-13333.000,-12933.964,-399.036,-392.921,-6.115,0
547.000,G30,259747.000,-14881.000,-14488.074,-392.926,-392.921,-0.004,0
548.000,E04,259748.000,-18958.000,-18552.080,-405.920,-393.243,-12.677,0
548.000,E07,259748.000,22238.000,22639.830,-401.830,-393.243,-8.587,0
548.000,E12,259748.000,-5839.000,-5452.272,-386.728,-393.243,6.515,0
548.000,E19,259748.000,-3542.000,-3151.419,-390.581,-393.243,2.662,0
548.000,E21,259748.000,-19072.000,-18665.887,-406.113,-393.243,-12.870,0
548.000,E27,259748.000,6787.000,7189.209,-402.209,-393.243,-8.966,0
548.000,E33,259748.000,-32317.000,-31924.007,-392.993,-393.243,0.250,0
548.000,G02,259748.000,-20496.000,-20108.175,-387.825,-393.243,5.418,0
548.000,G04,259748.000,22026.000,22427.427,-401.427,-393.243,-8.184,0
548.000,G06,259748.000,-11290.000,-10904.419,-385.581,-393.243,7.662,0
548.000,G07,259748.000,-10171.000,-9778.781,-392.219,-393.243,1.024,0
548.000,G09,259748.000,13481.000,13871.840,-390.840,-393.243,2.403,0
548.000,G11,259748.000,-29502.000,-29111.995,-390.005,-393.243,3.238,0
548.000,G13,259748.000,-18059.000,-17658.260,-400.740,-393.243,-7.497,0
548.000,G15,259748.000,-12566.000,-12163.660,-402.340,-393.243,-9.097,0
548.000,G20,259748.000,-1141.000,-759.623,-381.377,-393.243,11.866,0
548.000,G22,259748.000,-13350.000,-12950.604,-399.396,-393.243,-6.153,0
548.000,G30,259748.000,-14911.000,-14517.507,-393.493,-393.243,-0.250,0
549.000,E04,259749.000,-18962.000,-18556.004,-405.996,-393.103,-12.893,0
549.000,E07,259749.000,22224.000,22626.197,-402.197,-393.103,-9.094,0
549.000,E12,259749.000,-5881.000,-5493.642,-387.358,-393.103,5.745,0
549.000,E19,259749.000,-3576.000,-3184.803,-391.197,-393.103,1.906,0
549.000,E21,259749.000,-19074.000,-18667.805,-406.195,-393.103,-13.092,0
549.000,E27,259749.000,6774.000,7175.550,-401.550,-393.103,-8.447,0
549.000,E33,259749.000,-32347.000,-31953.876,-393.124,-393.103,-0.021,0
549.000,G02,259749.000,-20536.000,-20148.007,-387.993,-393.103,5.110,0
549.000,G04,259749.000,22011.000,22412.291,-401.291,-393.103,-8.188,0
549.000,G06,259749.000,-11335.000,-10949.415,-385.585,-393.103,7.518,0
549.000,G07,259749.000,-10202.000,-9810.651,-391.349,-393.103,1.754,0
549.000,G09,259749.000,13445.000,13835.485,-390.485,-393.103,2.618,0
549.000,G11,259749.000,-29538.000,-29147.758,-390.242,-393.103,2.861,0
549.000,G13,259749.000,-18072.000,-17671.470,-400.530,-393.103,-7.427,0
549.000,G15,259749.000,-12577.000,-12174.432,-402.568,-393.103,-9.464,0
549.000,G20,259749.000,-1193.000,-811.408,-381.592,-393.103,11.511,0
549.000,G22,259749.000,-13367.000,-12967.218,-399.782,-393.103,-6.679,0
549.000,G30,259749.000,-14940.000,-14546.917,-393.083,-393.103,0.021,0
550.000,E04,259750.000,-18966.000,-18559.917,-406.083,-392.502,-13.582,0
550.000,E07,259750.000,22211.000,22612.545,-401.545,-392.502,-9.043,0
550.000,E12,259750.000,-5922.000,-5535.004,-386.996,-392.502,5.505,0
550.000,E19,259750.000,-3609.000,-3218.186,-390.814,-392.502,1.687,0
550.000,E21,259750.000,-19076.000,-18669.709,-406.291,-392.502,-13.790,0
550.000,E27,259750.000,6760.000,7161.881,-401.881,-392.502,-9.379,0
550.000,E33,259750.000,-32376.000,-31983.691,-392.309,-392.502,0.192,0
550.000,G02,259750.000,-20576.000,-20187.800,-388.200,-392.502,4.301,0
550.000,G04,259750.000,21996.000,22397.135,-401.135,-392.502,-8.633,0
550.000,G06,259750.000,-11380.000,-10994.390,-385.610,-392.502,6.891,0
550.000,G07,259750.000,-10234.000,-9842.506,-391.494,-392.502,1.008,0
550.000,G09,259750.000,13409.000,13799.106,-390.106,-392.502,2.396,0
550.000,G11,259750.000,-29573.000,-29183.464,-389.536,-392.502,2.965,0
550.000,G13,259750.000,-18086.000,-17684.667,-401.333,-392.502,-8.831,0
550.000,G15,259750.000,-12588.000,-12185.200,-402.800,-392.502,-10.298,0
550.000,G20,259750.000,-1245.000,-863.194,-381.806,-392.502,10.695,0
550.000,G22,259750.000,-13383.000,-12983.804,-399.196,-392.502,-6.694,0
550.000,G30,259750.000,-14969.000,-14576.306,-392.694,-392.502,-0.192,0
551.000,E04,259751.000,-18970.000,-18563.820,-406.180,-392.938,-13.242,0
551.000,E07,259751.000,22197.000,22598.874,-401.874,-392.938,-8.935,0
551.000,E12,259751.000,-5963.000,-5576.359,-386.641,-392.938,6.297,0
551.000,E19,259751.000,-3643.000,-3251.568,-391.432,-392.938,1.506,0
551.000,E21,259751.000,-19078.000,-18671.600,-406.400,-392.938,-13.462,0
551.000,E27,259751.000,6746.000,7148.201,-402.201,-392.938,-9.263,0
551.000,E33,259751.000,-32406.000,-32013.451,-392.549,-392.938,0.389,0
551.000,G02,259751.000,-20615.000,-20227.553,-387.447,-392.938,5.492,0
551.000,G04,259751.000,21981.000,22381.959,-400.959,-392.938,-8.020,0
551.000,G06,259751.000,-11425.000,-11039.344,-385.656,-392.938,7.282,0
551.000,G07,259751.000,-10266.000,-9874.345,-391.655,-392.938,1.283,0
551.000,G09,259751.000,13372.000,13762.701,-390.701,-392.938,2.237,0
551.000,G11,259751.000,-29609.000,-29219.111,-389.889,-392.938,3.049,0
551.000,G13,259751.000,-18099.000,-17697.852,-401.148,-392.938,-8.210,0
551.000,G15,259751.000,-12598.000,-12195.963,-402.037,-392.938,-9.098,0
551.000,G20,259751.000,-1297.000,-914.981,-382.019,-392.938,10.919,0
551.000,G22,259751.000,-13400.000,-13000.363,-399.637,-392.938,-6.698,0
551.000,G30,259751.000,-14999.000,-14605.673,-393.327,-392.938,-0.389,0
552.000,E04,259752.000,-18973.000,-18567.713,-405.287,-392.913,-12.373,0
552.000,E07,259752.000,22183.000,22585.183,-402.183,-392.913,-9.270,0
552.000,E12,259752.000,-6005.000,-5617.707,-387.293,-392.913,5.620,0
552.000,E19,259752.000,-3676.000,-3284.948,-391.052,-392.913,1.861,0
552.000,E21,259752.000,-19080.000,-18673.478,-406.522,-392.913,-13.609,0
552.000,E27,259752.000,6733.000,7134.511,-401.511,-392.913,-8.598,0
552.000,E33,259752.000,-32436.000,-32043.156,-392.844,-392.913,0.069,0
552.000,G02,259752.000,-20655.000,-20267.268,-387.732,-392.913,5.181,0
552.000,G04,259752.000,21966.000,22366.762,-400.762,-392.913,-7.849,0
552.000,G06,259752.000,-11470.000,-11084.277,-385.723,-392.913,7.190,0
552.000,G07,259752.000,-10298.000,-9906.168,-391.832,-392.913,1.081,0
552.000,G09,259752.000,13336.000,13726.272,-390.272,-392.913,2.641,0
552.000,G11,259752.000,-29645.000,-29254.701,-390.299,-392.913,2.614,0
552.000,G13,259752.000,-18112.000,-17711.023,-400.977,-392.913,-8.064,0
552.000,G15,259752.000,-12609.000,-12206.722,-402.278,-392.913,-9.365,0
552.000,G20,259752.000,-1349.000,-966.768,-382.232,-392.913,10.681,0
552.000,G22,259752.000,-13416.000,-13016.896,-399.104,-392.913,-6.191,0
552.000,G30,259752.000,-15028.000,-14635.018,-392.982,-392.913,-0.069,0
553.000,E04,259753.000,-18977.000,-18571.597,-405.403,-392.926,-12.477,0
553.000,E07,259753.000,22170.000,22571.473,-401.473,-392.926,-8.547,0
553.000,E12,259753.000,-6046.000,-5659.047,-386.953,-392.926,5.973,0
553.000,E19,259753.000,-3709.000,-3318.326,-390.674,-392.926,2.253,0
553.000,E21,259753.000,-19082.000,-18675.343,-406.657,-392.926,-13.730,0
553.000,E27,259753.000,6719.000,7120.811,-401.811,-392.926,-8.885,0
553.000,E33,259753.000,-32466.000,-32072.807,-393.193,-392.926,-0.267,0
553.000,G02,259753.000,-20695.000,-20306.942,-388.058,-392.926,4.869,0
553.000,G04,259753.000,21950.000,22351.546,-401.546,-392.926,-8.620,0
553.000,G06,259753.000,-11514.000,-11129.188,-384.812,-392.926,8.114,0
553.000,G07,259753.000,-10330.000,-9937.975,-392.025,-392.926,0.901,0
553.000,G09,259753.000,13299.000,13689.819,-390.819,-392.926,2.107,0
553.000,G11,259753.000,-29680.000,-29290.233,-389.767,-392.926,3.159,0
553.000,G13,259753.000,-18125.000,-17724.182,-400.818,-392.926,-7.892,0
553.000,G15,259753.000,-12620.000,-12217.475,-402.525,-392.926,-9.598,0
553.000,G20,259753.000,-1400.000,-1018.556,-381.444,-392.926,11.483,0
553.000,G22,259753.000,-13433.000,-13033.401,-399.599,-392.926,-6.672,0
553.000,G30,259753.000,-15057.000,-14664.341,-392.659,-392.926,0.267,0
554.000,E04,259754.000,-18981.000,-18575.470,-405.530,-392.978,-12.552,0
554.000,E07,259754.000,22156.000,22557.744,-401.744,-392.978,-8.766,0
554.000,E12,259754.000,-6088.000,-5700.380,-387.620,-392.978,5.358,0
554.000,E19,259754.000,-3743.000,-3351.703,-391.297,-392.978,1.681,0
554.000,E21,259754.000,-19084.000,-18677.196,-406.804,-392.978,-13.826,0
554.000,E27,259754.000,6705.000,7107.100,-402.100,-392.978,-9.122,0
554.000,E33,259754.000,-32495.000,-32102.402,-392.598,-392.978,0.381,0
554.000,G02,259754.000,-20735.000,-20346.577,-388.423,-392.978,4.556,0
554.000,G04,259754.000,21935.000,22336.310,-401.310,-392.978,-8.332,0
554.000,G06,259754.000,-11560.000,-11174.078,-385.922,-392.978,7.056,0
554.000,G07,259754.000,-10362.000,-9969.766,-392.234,-392.978,0.744,0
554.000,G09,259754.000,13263.000,13653.341,-390.341,-392.978,2.637,0
554.000,G11,259754.000,-29716.000,-29325.706,-390.294,-392.978,2.684,0
554.000,G13,259754.000,-18139.000,-17737.327,-401.673,-392.978,-8.694,0
554.000,G15,259754.000,-12631.000,-12228.224,-402.776,-392.978,-9.798,0
554.000,G20,259754.000,-1452.000,-1070.345,-381.655,-392.978,11.323,0
554.000,G22,259754.000,-13450.000,-13049.880,-400.120,-392.978,-7.142,0
554.000,G30,259754.000,-15087.000,-14693.641,-393.359,-392.978,-0.381,0
555.000,E04,259755.000,-18985.000,-18579.333,-405.667,-393.068,-12.599,0
555.000,E07,259755.000,22142.000,22543.996,-401.996,-393.068,-8.928,0
555.000,E12,259755.000,-6129.000,-5741.704,-387.296,-393.068,5.772,0
555.000,E19,259755.000,-3776.000,-3385.079,-390.921,-393.068,2.147,0
555.000,E21,259755.000,-19085.000,-18679.035,-405.965,-393.068,-12.897,0
555.000,E27,259755.000,6692.000,7093.380,-401.380,-393.068,-8.311,0
555.000,E33,259755.000,-32525.000,-32131.944,-393.056,-393.068,0.012,0
555.000,G02,259755.000,-20774.000,-20386.173,-387.827,-393.068,5.241,0
555.000,G04,259755.000,21920.000,22321.054,-401.054,-393.068,-7.986,0
555.000,G06,259755.000,-11604.000,-11218.946,-385.054,-393.068,8.015,0
555.000,G07,259755.000,-10393.000,-10001.541,-391.459,-393.068,1.609,0
555.000,G09,259755.000,13226.000,13616.839,-390.839,-393.068,2.229,0
555.000,G11,259755.000,-29751.000,-29361.122,-389.878,-393.068,3.190,0
555.000,G13,259755.000,-18151.000,-17750.460,-400.540,-393.068,-7.472,0
555.000,G15,259755.000,-12641.000,-12238.968,-402.032,-393.068,-8.963,0
555.000,G20,259755.000,-1504.000,-1122.134,-381.866,-393.068,11.202,0
555.000,G22,259755.000,-13466.000,-13066.331,-399.669,-393.068,-6.600,0
555.000,G30,259755.000,-15116.000,-14722.920,-393.080,-393.068,-0.012,0
556.000,E04,259756.000,-18989.000,-18583.186,-405.814,-392.696,-13.118,0
556.000,E07,259756.000,22128.000,22530.229,-402.229,-392.696,-9.532,0
556.000,E12,259756.000,-6170.000,-5783.022,-386.978,-392.696,5.718,0
556.000,E19,259756.000,-3810.000,-3418.453,-391.547,-392.696,1.149,0
556.000,E21,259756.000,-19087.000,-18680.861,-406.139,-392.696,-13.443,0
556.000,E27,259756.000,6678.000,7079.832,-401.832,-392.696,-9.135,0
556.000,E33,259756.000,-32554.000,-32161.430,-392.570,-392.696,0.127,0
556.000,G02,259756.000,-20814.000,-20425.729,-388.271,-392.696,4.425,0
556.000,G04,259756.000,21904.000,22305.779,-401.779,-392.696,-9.082,0
556.000,G06,259756.000,-11649.000,-11263.793,-385.207,-392.696,7.490,0
556.000,G07,259756.000,-10425.000,-10033.300,-391.700,-392.696,0.996,0
556.000,G09,259756.000,13190.000,13580.312,-390.312,-392.696,2.384,0
556.000,G11,259756.000,-29787.000,-29396.480,-390.520,-392.696,2.176,0
556.000,G13,259756.000,-18165.000,-17763.580,-401.420,-392.696,-8.723,0
556.000,G15,259756.000,-12652.000,-12249.708,-402.292,-392.696,-9.596,0
556.000,G20,259756.000,-1556.000,-1173.924,-382.076,-392.696,10.620,0
556.000,G22,259756.000,-13482.000,-13082.756,-399.244,-392.696,-6.548,0
556.000,G30,259756.000,-15145.000,-14752.177,-392.823,-392.696,-0.127,0
557.000,E04,259757.000,-18993.000,-18587.029,-405.971,-393.363,-12.608,0
557.000,E07,259757.000,22114.000,22516.442,-402.442,-393.363,-9.079,0
557.000,E12,259757.000,-6212.000,-5824.331,-387.669,-393.363,5.694,0
557.000,E19,259757.000,-3843.000,-3451.825,-391.175,-393.363,2.188,0
557.000,E21,259757.000,-19090.000,-18682.674,-407.326,-393.363,-13.963,0
557.000,E27,259757.000,6664.000,7066.090,-402.090,-393.363,-8.726,0
557.000,E33,259757.000,-32584.000,-32190.862,-393.138,-393.363,0.225,0
557.000,G02,259757.000,-20854.000,-20465.245,-388.755,-393.363,4.608,0
557.000,G04,259757.000,21889.000,22290.483,-401.483,-393.363,-8.120,0
557.000,G06,259757.000,-11694.000,-11308.619,-385.381,-393.363,7.982,0
557.000,G07,259757.000,-10457.000,-10065.042,-391.958,-393.363,1.405,0
557.000,G09,259757.000,13153.000,13543.761,-390.761,-393.363,2.602,0
557.000,G11,259757.000,-29822.000,-29431.779,-390.221,-393.363,3.142,0
557.000,G13,259757.000,-18178.000,-17776.687,-401.313,-393.363,-7.949,0
557.000,G15,259757.000,-12663.000,-12260.443,-402.557,-393.363,-9.194,0
557.000,G20,259757.000,-1608.000,-1225.713,-382.287,-393.363,11.076,0
557.000,G22,259757.000,-13499.000,-13099.153,-399.847,-393.363,-6.483,0
557.000,G30,259757.000,-15175.000,-14781.412,-393.588,-393.363,-0.225,0
558.000,E04,259758.000,-18997.000,-18590.862,-406.138,-393.568,-12.570,0
558.000,E07,259758.000,22100.000,22502.637,-402.637,-393.568,-9.068,0
558.000,E12,259758.000,-6253.000,-5865.632,-387.368,-393.568,6.201,0
558.000,E19,259758.000,-3877.000,-3485.195,-391.805,-393.568,1.763,0
558.000,E21,259758.000,-19091.000,-18684.474,-406.526,-393.568,-12.958,0
558.000,E27,259758.000,6650.000,7052.337,-402.337,-393.568,-8.768,0
558.000,E33,259758.000,-32614.000,-32220.239,-393.761,-393.568,-0.193,0
558.000,G02,259758.000,-20893.000,-20504.722,-388.278,-393.568,5.290,0
558.000,G04,259758.000,21874.000,22275.167,-401.167,-393.568,-7.599,0
558.000,G06,259758.000,-11739.000,-11353.422,-385.578,-393.568,7.990,0
558.000,G07,259758.000,-10489.000,-10096.768,-392.232,-393.568,1.337,0
558.000,G09,259758.000,13116.000,13507.186,-391.186,-393.568,2.382,0
558.000,G11,259758.000,-29857.000,-29467.021,-389.979,-393.568,3.589,0
558.000,G13,259758.000,-18191.000,-17789.782,-401.218,-393.568,-7.650,0
558.000,G15,259758.000,-12674.000,-12271.173,-402.827,-393.568,-9.259,0
558.000,G20,259758.000,-1660.000,-1277.502,-382.498,-393.568,11.071,0
558.000,G22,259758.000,-13515.000,-13115.524,-399.476,-393.568,-5.908,0
558.000,G30,259758.000,-15204.000,-14810.624,-393.376,-393.568,0.193,0
559.000,E04,259759.000,-19001.000,-18594.685,-406.315,-393.312,-13.003,0
559.000,E07,259759.000,22087.000,22488.812,-401.812,-393.312,-8.500,0
559.000,E12,259759.000,-6294.000,-5906.925,-387.075,-393.312,6.238,0
559.000,E19,259759.000,-3910.000,-3518.563,-391.437,-393.312,1.875,0
559.000,E21,259759.000,-19093.000,-18686.261,-406.739,-393.312,-13.427,0
559.000,E27,259759.000,6636.000,7038.574,-402.574,-393.312,-9.262,0
559.000,E33,259759.000,-32643.000,-32249.561,-393.439,-393.312,-0.127,0
559.000,G02,259759.000,-20932.000,-20544.158,-387.842,-393.312,5.470,0
559.000,G04,259759.000,21858.000,22259.832,-401.832,-393.312,-8.520,0
559.000,G06,259759.000,-11784.000,-11398.204,-385.796,-393.312,7.516,0
559.000,G07,259759.000,-10521.000,-10128.478,-392.522,-393.312,0.790,0
559.000,G09,259759.000,13080.000,13470.587,-390.587,-393.312,2.725,0
559.000,G11,259759.000,-29893.000,-29502.204,-390.796,-393.312,2.516,0
559.000,G13,259759.000,-18204.000,-17802.863,-401.137,-393.312,-7.825,0
559.000,G15,259759.000,-12685.000,-12281.898,-403.102,-393.312,-9.790,0
559.000,G20,259759.000,-1711.000,-1329.292,-381.708,-393.312,11.604,0
559.000,G22,259759.000,-13532.000,-13131.867,-400.133,-393.312,-6.821,0
559.000,G30,259759.000,-15233.000,-14839.814,-393.186,-393.312,0.127,0
560.000,E04,259760.000,-19004.000,-18598.498,-405.502,-393.094,-12.408,0
560.000,E07,259760.000,22073.000,22474.968,-401.968,-393.094,-8.874,0
560.000,E12,259760.000,-6335.000,-5948.211,-386.789,-393.094,6.305,0
560.000,E19,259760.000,-3943.000,-3551.930,-391.070,-393.094,2.024,0
560.000,E21,259760.000,-19094.000,-18688.035,-405.965,-393.094,-12.871,0
560.000,E27,259760.000,6623.000,7024.801,-401.801,-393.094,-8.707,0
560.000,E33,259760.000,-32672.000,-32278.829,-393.171,-393.094,-0.077,0
560.000,G02,259760.000,-20972.000,-20583.555,-388.445,-393.094,4.649,0
560.000,G04,259760.000,21843.000,22244.476,-401.476,-393.094,-8.382,0
560.000,G06,259760.000,-11828.000,-11442.963,-385.037,-393.094,8.057,0
560.000,G07,259760.000,-10552.000,-10160.172,-391.828,-393.094,1.266,0
560.000,G09,259760.000,13043.000,13433.964,-390.964,-393.094,2.131,0
560.000,G11,259760.000,-29928.000,-29537.330,-390.670,-393.094,2.424,0
560.000,G13,259760.000,-18217.000,-17815.931,-401.069,-393.094,-7.974,0
560.000,G15,259760.000,-12695.000,-12292.618,-402.382,-393.094,-9.288,0
560.000,G20,259760.000,-1763.000,-1381.081,-381.919,-393.094,11.175,0
560.000,G22,259760.000,-13548.000,-13148.184,-399.816,-393.094,-6.722,0
560.000,G30,259760.000,-15262.000,-14868.983,-393.017,-393.094,0.077,0
561.000,E04,259761.000,-19008.000,-18602.300,-405.700,-393.415,-12.285,0
561.000,E07,259761.000,22059.000,22461.105,-402.105,-393.415,-8.690,0
561.000,E12,259761.000,-6377.000,-5989.488,-387.512,-393.415,5.903,0
561.000,E19,259761.000,-3977.000,-3585.294,-391.706,-393.415,1.709,0
561.000,E21,259761.000,-19096.000,-18689.796,-406.204,-393.415,-12.789,0
561.000,E27,259761.000,6609.000,7011.018,-402.018,-393.415,-8.603,0
561.000,E33,259761.000,-32701.000,-32308.042,-392.958,-393.415,0.457,0
561.000,G02,259761.000,-21011.000,-20622.912,-388.088,-393.415,5.326,0
561.000,G04,259761.000,21828.000,22229.101,-401.101,-393.415,-7.686,0
561.000,G06,259761.000,-11873.000,-11487.701,-385.299,-393.415,8.115,0
561.000,G07,259761.000,-10584.000,-10191.849,-392.151,-393.415,1.264,0
561.000,G09,259761.000,13007.000,13397.316,-390.316,-393.415,3.099,0
561.000,G11,259761.000,-29963.000,-29572.397,-390.603,-393.415,2.812,0
561.000,G13,259761.000,-18230.000,-17828.987,-401.013,-393.415,-7.598,0
561.000,G15,259761.000,-12706.000,-12303.334,-402.666,-393.415,-9.252,0
561.000,G20,259761.000,-1815.000,-1432.869,-382.131,-393.415,11.284,0
561.000,G22,259761.000,-13564.000,-13164.473,-399.527,-393.415,-6.112,0
561.000,G30,259761.000,-15292.000,-14898.129,-393.871,-393.415,-0.457,0
562.000,E04,259762.000,-19012.000,-18606.093,-405.907,-392.774,-13.133,0
562.000,E07,259762.000,22045.000,22447.222,-402.222,-392.774,-9.448,0
562.000,E12,259762.000,-6418.000,-6030.756,-387.244,-392.774,5.530,0
562.000,E19,259762.000,-4010.000,-3618.657,-391.343,-392.774,1.431,0
562.000,E21,259762.000,-19098.000,-18691.544,-406.456,-392.774,-13.682,0
562.000,E27,259762.000,6595.000,6997.224,-402.224,-392.774,-9.450,0
562.000,E33,259762.000,-32730.000,-32337.200,-392.800,-392.774,-0.026,0
562.000,G02,259762.000,-21050.000,-20662.228,-387.772,-392.774,5.002,0
562.000,G04,259762.000,21813.000,22213.706,-400.706,-392.774,-7.932,0
562.000,G06,259762.000,-11918.000,-11532.416,-385.584,-392.774,7.190,0
562.000,G07,259762.000,-10615.000,-10223.510,-391.490,-392.774,1.284,0
562.000,G09,259762.000,12970.000,13360.645,-390.645,-392.774,2.129,0
562.000,G11,259762.000,-29998.000,-29607.406,-390.594,-392.774,2.180,0
562.000,G13,259762.000,-18243.000,-17842.029,-400.971,-392.774,-8.197,0
562.000,G15,259762.000,-12716.000,-12314.044,-401.956,-392.774,-9.182,0
562.000,G20,259762.000,-1867.000,-1484.657,-382.343,-392.774,10.431,0
562.000,G22,259762.000,-13581.000,-13180.735,-400.265,-392.774,-7.491,0
562.000,G30,259762.000,-15320.000,-14927.252,-392.748,-392.774,0.026,0
563.000,E04,259763.000,-19016.000,-18609.876,-406.124,-392.671,-13.453,0
563.000,E07,259763.000,22032.000,22433.321,-401.321,-392.671,-8.649,0
563.000,E12,259763.000,-6459.000,-6072.017,-386.983,-392.671,5.688,0
563.000,E19,259763.000,-4043.000,-3652.018,-390.982,-392.671,1.689,0
563.000,E21,259763.000,-19100.000,-18693.280,-406.720,-392.671,-14.049,0
563.000,E27,259763.000,6582.000,6983.420,-401.420,-392.671,-8.749,0
563.000,E33,259763.000,-32759.000,-32366.303,-392.697,-392.671,-0.025,0
563.000,G02,259763.000,-21089.000,-20701.505,-387.495,-392.671,5.176,0
563.000,G04,259763.000,21797.000,22198.291,-401.291,-392.671,-8.619,0
563.000,G06,259763.000,-11962.000,-11577.109,-384.891,-392.671,7.780,0
563.000,G07,259763.000,-10647.000,-10255.155,-391.845,-392.671,0.826,0
563.000,G09,259763.000,12934.000,13323.949,-389.949,-392.671,2.722,0
563.000,G11,259763.000,-30032.000,-29642.357,-389.643,-392.671,3.029,0
563.000,G13,259763.000,-18256.000,-17855.059,-400.941,-392.671,-8.269,0
563.000,G15,259763.000,-12727.000,-12324.750,-402.250,-392.671,-9.578,0
563.000,G20,259763.000,-1918.000,-1536.444,-381.556,-392.671,11.116,0
563.000,G22,259763.000,-13597.000,-13196.970,-400.030,-392.671,-7.358,0
563.000,G30,259763.000,-15349.000,-14956.354,-392.646,-392.671,0.025,0
564.000,E04,259764.000,-19019.000,-18613.649,-405.351,-392.892,-12.459,0
564.000,E07,259764.000,22018.000,22419.400,-401.400,-392.892,-8.508,0
564.000,E12,259764.000,-6500.000,-6113.269,-386.731,-392.892,6.161,0
564.000,E19,259764.000,-4076.000,-3685.376,-390.624,-392.892,2.269,0
564.000,E21,259764.000,-19101.000,-18695.002,-405.998,-392.892,-13.106,0
564.000,E27,259764.000,6568.000,6969.606,-401.606,-392.892,-8.713,0
564.000,E33,259764.000,32748.000,-32395.352,65143.352,-392.892,65536.245,1
564.000,G02,259764.000,-21129.000,-20740.741,-388.259,-392.892,4.634,0
564.000,G04,259764.000,21782.000,22182.856,-400.856,-392.892,-7.963,0
564.000,G06,259764.000,-12007.000,-11621.779,-385.221,-392.892,7.672,0
564.000,G07,259764.000,-10679.000,-10286.782,-392.218,-392.892,0.675,0
564.000,G09,259764.000,12897.000,13287.230,-390.230,-392.892,2.663,0
564.000,G11,259764.000,-30067.000,-29677.250,-389.750,-392.892,3.143,0
564.000,G13,259764.000,-18269.000,-17868.076,-400.924,-392.892,-8.032,0
564.000,G15,259764.000,-12738.000,-12335.451,-402.549,-392.892,-9.656,0
564.000,G20,259764.000,-1970.000,-1588.231,-381.769,-392.892,11.123,0
564.000,G22,259764.000,-13613.000,-13213.178,-399.822,-392.892,-6.929,0
564.000,G30,259764.000,-15379.000,-14985.433,-393.567,-392.892,-0.675,0
565.000,E04,259765.000,-19023.000,-18617.412,-405.588,-392.058,-13.530,0
565.000,E07,259765.000,22004.000,22405.460,-401.460,-392.058,-9.402,0
565.000,E12,259765.000,-6541.000,-6154.512,-386.488,-392.058,5.570,0
565.000,E19,259765.000,-4110.000,-3718.733,-391.267,-392.058,0.791,0
565.000,E21,259765.000,-19103.000,-18696.711,-406.289,-392.058,-14.231,0
565.000,E27,259765.000,6554.000,6955.781,-401.781,-392.058,-9.723,0
565.000,E33,259765.000,32719.000,-32424.346,65143.346,-392.058,65535.405,1
565.000,G02,259765.000,-21168.000,-20779.938,-388.062,-392.058,3.996,0
565.000,G04,259765.000,21767.000,22167.401,-400.401,-392.058,-8.343,0
565.000,G06,259765.000,-12052.000,-11666.428,-385.572,-392.058,6.486,0
565.000,G07,259765.000,-10710.000,-10318.394,-391.606,-392.058,0.452,0
565.000,G09,259765.000,12860.000,13250.487,-390.487,-392.058,1.572,0
565.000,G11,259765.000,-30102.000,-29712.085,-389.915,-392.058,2.143,0
565.000,G13,259765.000,-18282.000,-17881.080,-400.920,-392.058,-8.862,0
565.000,G15,259765.000,-12748.000,-12346.148,-401.852,-392.058,-9.794,0
565.000,G20,259765.000,-2022.000,-1640.016,-381.984,-392.058,10.074,0
565.000,G22,259765.000,-13629.000,-13229.359,-399.641,-392.058,-7.583,0
565.000,G30,259765.000,-15407.000,-15014.490,-392.510,-392.058,-0.452,0
566.000,E04,259766.000,-19027.000,-18621.164,-405.836,-392.244,-13.592,0
566.000,E07,259766.000,21990.000,22391.501,-401.501,-392.244,-9.258,0
566.000,E12,259766.000,-6583.000,-6195.747,-387.253,-392.244,4.991,0
566.000,E19,259766.000,-4143.000,-3752.087,-390.913,-392.244,1.330,0
566.000,E21,259766.000,-19105.000,-18698.408,-406.592,-392.244,-14.349,0
566.000,E27,259766.000,6540.000,6941.947,-401.947,-392.244,-9.703,0
566.000,E33,259766.000,32690.000,-32453.285,65143.285,-392.244,65535.529,1
566.000,G02,259766.000,-21207.000,-20819.094,-387.906,-392.244,4.337,0
566.000,G04,259766.000,21751.000,22151.926,-400.926,-392.244,-8.682,0
566.000,G06,259766.000,-12096.000,-11711.053,-384.947,-392.244,7.297,0
566.000,G07,259766.000,-10742.000,-10349.989,-392.011,-392.244,0.232,0
566.000,G09,259766.000,12824.000,13213.720,-389.720,-392.244,2.524,0
566.000,G11,259766.000,-30137.000,-29746.861,-390.139,-392.244,2.105,0
566.000,G13,259766.000,-18295.000,-17894.071,-400.929,-392.244,-8.686,0
566.000,G15,259766.000,-12759.000,-12356.839,-402.161,-392.244,-9.917,0
566.000,G20,259766.000,-2073.000,-1691.801,-381.199,-392.244,11.044,0
566.000,G22,259766.000,-13645.000,-13245.513,-399.487,-392.244,-7.243,0
566.000,G30,259766.000,-15436.000,-15043.524,-392.476,-392.244,-0.232,0
567.000,E04,259767.000,-19030.000,-18624.907,-405.093,-391.949,-13.144,0
567.000,E07,259767.000,21976.000,22377.523,-401.523,-391.949,-9.575,0
567.000,E12,259767.000,-6624.000,-6236.973,-387.027,-391.949,4.922,0
567.000,E19,259767.000,-4176.000,-3785.439,-390.561,-391.949,1.387,0
567.000,E21,259767.000,-19106.000,-18700.091,-405.909,-391.949,-13.960,0
567.000,E27,259767.000,6527.000,6928.102,-401.102,-391.949,-9.153,0
567.000,E33,259767.000,32661.000,-32482.170,65143.170,-391.949,65535.118,1
567.000,G02,259767.000,-21246.000,-20858.209,-387.791,-391.949,4.158,0
567.000,G04,259767.000,21736.000,22136.432,-400.432,-391.949,-8.483,0
567.000,G06,259767.000,-12141.000,-11755.656,-385.344,-391.949,6.605,0
567.000,G07,259767.000,-10773.000,-10381.567,-391.433,-391.949,0.516,0
567.000,G09,259767.000,12787.000,13176.929,-389.929,-391.949,2.020,0
567.000,G11,259767.000,-30171.000,-29781.580,-389.420,-391.949,2.528,0
567.000,G13,259767.000,-18308.000,-17907.049,-400.951,-391.949,-9.003,0
567.000,G15,259767.000,-12770.000,-12367.526,-402.474,-391.949,-10.526,0
567.000,G20,259767.000,-2125.000,-1743.584,-381.416,-391.949,10.532,0
567.000,G22,259767.000,-13661.000,-13261.640,-399.360,-391.949,-7.412,0
567.000,G30,259767.000,-15465.000,-15072.536,-392.464,-391.949,-0.516,0
568.000,E04,259768.000,-19034.000,-18628.640,-405.360,-392.173,-13.187,0
568.000,E07,259768.000,21962.000,22363.526,-401.526,-392.173,-9.353,0
568.000,E12,259768.000,-6665.000,-6278.190,-386.810,-392.173,5.363,0
568.000,E19,259768.000,-4209.000,-3818.788,-390.212,-392.173,1.961,0
568.000,E21,259768.000,-19108.000,-18701.762,-406.238,-392.173,-14.065,0
568.000,E27,259768.000,6513.000,6914.247,-401.247,-392.173,-9.074,0
568.000,E33,259768.000,32632.000,-32511.000,65143.000,-392.173,65535.173,1
568.000,G02,259768.000,-21285.000,-20897.284,-387.716,-392.173,4.458,0
568.000,G04,259768.000,21720.000,22120.918,-400.918,-392.173,-8.744,0
568.000,G06,259768.000,-12185.000,-11800.236,-384.764,-392.173,7.409,0
568.000,G07,259768.000,-10805.000,-10413.128,-391.872,-392.173,0.302,0
568.000,G09,259768.000,12750.000,13140.115,-390.115,-392.173,2.058,0
568.000,G11,259768.000,-30206.000,-29816.240,-389.760,-392.173,2.413,0
568.000,G13,259768.000,-18321.000,-17920.014,-400.986,-392.173,-8.813,0
568.000,G15,259768.000,-12780.000,-12378.208,-401.792,-392.173,-9.619,0
568.000,G20,259768.000,-2177.000,-1795.366,-381.634,-392.173,10.539,0
568.000,G22,259768.000,-13677.000,-13277.739,-399.261,-392.173,-7.088,0
568.000,G30,259768.000,-15494.000,-15101.525,-392.475,-392.173,-0.302,0
569.000,E04,259769.000,-19038.000,-18632.362,-405.638,-391.917,-13.721,0
569.000,E07,259769.000,21948.000,22349.510,-401.510,-391.917,-9.593,0
569.000,E12,259769.000,-6706.000,-6319.399,-386.601,-391.917,5.316,0
569.000,E19,259769.000,-4243.000,-3852.136,-390.864,-391.917,1.053,0
569.000,E21,259769.000,-19110.000,-18703.419,-406.581,-391.917,-14.663,0
569.000,E27,259769.000,6499.000,6900.382,-401.382,-391.917,-9.464,0
569.000,E33,259769.000,32603.000,-32539.774,65142.774,-391.917,65534.692,1
569.000,G02,259769.000,-21324.000,-20936.319,-387.681,-391.917,4.236,0
569.000,G04,259769.000,21705.000,22105.383,-400.383,-391.917,-8.466,0
569.000,G06,259769.000,-12230.000,-11844.793,-385.207,-391.917,6.710,0
569.000,G07,259769.000,-10836.000,-10444.673,-391.327,-391.917,0.590,0
569.000,G09,259769.000,12713.000,13103.277,-390.277,-391.917,1.641,0
569.000,G11,259769.000,-30241.000,-29850.841,-390.159,-391.917,1.759,0
569.000,G13,259769.000,-18334.000,-17932.966,-401.034,-391.917,-9.117,0
569.000,G15,259769.000,-12791.000,-12388.884,-402.116,-391.917,-10.198,0
569.000,G20,259769.000,-2229.000,-1847.146,-381.854,-391.917,10.063,0
569.000,G22,259769.000,-13693.000,-13293.811,-399.189,-391.917,-7.272,0
569.000,G30,259769.000,-15523.000,-15130.492,-392.508,-391.917,-0.590,0
570.000,E04,259770.000,-19042.000,-18636.075,-405.925,-392.181,-13.744,0
570.000,E07,259770.000,21934.000,22335.475,-401.475,-392.181,-9.294,0
570.000,E12,259770.000,-6747.000,-6360.598,-386.402,-392.181,5.779,0
570.000,E19,259770.000,-4276.000,-3885.480,-390.520,-392.181,1.661,0
570.000,E21,259770.000,-19111.000,-18705.064,-405.936,-392.181,-13.755,0
570.000,E27,259770.000,6485.000,6886.506,-401.506,-392.181,-9.325,0
570.000,E33,259770.000,32575.000,-32568.495,65143.495,-392.181,65535.676,1
570.000,G02,259770.000,-21363.000,-20975.313,-387.687,-392.181,4.494,0
570.000,G04,259770.000,21689.000,22089.830,-400.830,-392.181,-8.649,0
570.000,G06,259770.000,-12274.000,-11889.328,-384.672,-392.181,7.508,0
570.000,G07,259770.000,-10868.000,-10476.201,-391.799,-392.181,0.382,0
570.000,G09,259770.000,12676.000,13066.415,-390.415,-392.181,1.766,0
570.000,G11,259770.000,-30275.000,-29885.385,-389.615,-392.181,2.566,0
570.000,G13,259770.000,-18347.000,-17945.905,-401.095,-392.181,-8.914,0
570.000,G15,259770.000,-12802.000,-12399.556,-402.444,-392.181,-10.263,0
570.000,G20,259770.000,-2280.000,-1898.925,-381.075,-392.181,11.105,0
570.000,G22,259770.000,-13709.000,-13309.856,-399.144,-392.181,-6.963,0
570.000,G30,259770.000,-15552.000,-15159.437,-392.563,-392.181,-0.382,0
571.000,E04,259771.000,-19045.000,-18639.778,-405.222,-391.964,-13.258,0
571.000,E07,259771.000,21920.000,22321.420,-401.420,-391.964,-9.456,0
571.000,E12,259771.000,-6789.000,-6401.788,-387.212,-391.964,4.753,0
571.000,E19,259771.000,-4310.000,-3918.823,-391.177,-391.964,0.787,0
571.000,E21,259771.000,-19113.000,-18706.696,-406.304,-391.964,-14.340,0
571.000,E27,259771.000,6471.000,6872.620,-401.620,-391.964,-9.656,0
571.000,E33,259771.000,32546.000,-32597.160,65143.160,-391.964,65535.124,1
571.000,G02,259771.000,-21402.000,-21014.267,-387.733,-391.964,4.231,0
571.000,G04,259771.000,21674.000,22074.256,-400.256,-391.964,-8.292,0
571.000,G06,259771.000,-12319.000,-11933.839,-385.161,-391.964,6.803,0
571.000,G07,259771.000,-10899.000,-10507.713,-391.287,-391.964,0.677,0
571.000,G09,259771.000,12640.000,13029.530,-389.530,-391.964,2.434,0
571.000,G11,259771.000,-30310.000,-29919.870,-390.130,-391.964,1.834,0
571.000,G13,259771.000,-18360.000,-17958.831,-401.169,-391.964,-9.205,0
571.000,G15,259771.000,-12812.000,-12410.223,-401.777,-391.964,-9.812,0
571.000,G20,259771.000,-2332.000,-1950.701,-381.299,-391.964,10.666,0
571.000,G22,259771.000,-13725.000,-13325.874,-399.126,-391.964,-7.162,0
571.000,G30,259771.000,-15581.000,-15188.359,-392.641,-391.964,-0.677,0
572.000,E04,259772.000,-19049.000,-18643.470,-405.530,-392.267,-13.263,0
572.000,E07,259772.000,21906.000,22307.347,-401.347,-392.267,-9.080,0
572.000,E12,259772.000,-6830.000,-6442.970,-387.030,-392.267,5.237,0
572.000,E19,259772.000,-4343.000,-3952.163,-390.837,-392.267,1.430,0
572.000,E21,259772.000,-19115.000,-18708.315,-406.685,-392.267,-14.418,0
572.000,E27,259772.000,6457.000,6858.725,-401.725,-392.267,-9.457,0
572.000,E33,259772.000,32517.000,-32625.771,65142.771,-392.267,65535.038,1
572.000,G02,259772.000,-21441.000,-21053.180,-387.820,-392.267,4.447,0
572.000,G04,259772.000,21658.000,22058.662,-400.662,-392.267,-8.395,0
572.000,G06,259772.000,-12364.000,-11978.327,-385.673,-392.267,6.594,0
572.000,G07,259772.000,-10931.000,-10539.207,-391.793,-392.267,0.474,0
572.000,G09,259772.000,12602.000,12992.622,-390.622,-392.267,1.645,0
572.000,G11,259772.000,-30345.000,-29954.297,-390.703,-392.267,1.564,0
572.000,G13,259772.000,-18373.000,-17971.744,-401.256,-392.267,-8.989,0
572.000,G15,259772.000,-12823.000,-12420.886,-402.114,-392.267,-9.847,0
572.000,G20,259772.000,-2384.000,-2002.477,-381.523,-392.267,10.744,0
572.000,G22,259772.000,-13742.000,-13341.865,-400.135,-392.267,-7.868,0
572.000,G30,259772.000,-15610.000,-15217.258,-392.742,-392.267,-0.474,0
573.000,E04,259773.000,-19053.000,-18647.153,-405.847,-392.590,-13.257,0
573.000,E07,259773.000,21891.000,22293.254,-402.254,-392.590,-9.665,0
573.000,E12,259773.000,-6871.000,-6484.142,-386.858,-392.590,5.732,0
573.000,E19,259773.000,-4377.000,-3985.500,-391.500,-392.590,1.090,0
573.000,E21,259773.000,-19116.000,-18709.922,-406.078,-392.590,-13.489,0
573.000,E27,259773.000,6443.000,6844.819,-401.819,-392.590,-9.229,0
573.000,E33,259773.000,32488.000,-32654.327,65142.327,-392.590,65534.917,1
573.000,G02,259773.000,-21480.000,-21092.052,-387.948,-392.590,4.642,0
573.000,G04,259773.000,21642.000,22043.049,-401.049,-392.590,-8.459,0
573.000,G06,259773.000,-12408.000,-12022.792,-385.208,-392.590,7.381,0
573.000,G07,259773.000,-10963.000,-10570.685,-392.315,-392.590,0.275,0
573.000,G09,259773.000,12565.000,12955.690,-390.690,-392.590,1.900,0
573.000,G11,259773.000,-30379.000,-29988.666,-390.334,-392.590,2.256,0
573.000,G13,259773.000,-18386.000,-17984.644,-401.356,-392.590,-8.766,0
573.000,G15,259773.000,-12834.000,-12431.543,-402.457,-392.590,-9.867,0
573.000,G20,259773.000,-2436.000,-2054.250,-381.750,-392.590,10.840,0
573.000,G22,259773.000,-13758.000,-13357.828,-400.172,-392.590,-7.582,0
573.000,G30,259773.000,-15639.000,-15246.135,-392.865,-392.590,-0.275,0
574.000,E04,259774.000,-19057.000,-18650.825,-406.175,-392.433,-13.742,0
574.000,E07,259774.000,21877.000,22279.143,-402.143,-392.433,-9.710,0
574.000,E12,259774.000,-6912.000,-6525.304,-386.696,-392.433,5.737,0
574.000,E19,259774.000,-4410.000,-4018.835,-391.165,-392.433,1.267,0
574.000,E21,259774.000,-19118.000,-18711.515,-406.485,-392.433,-14.053,0
574.000,E27,259774.000,6429.000,6830.902,-401.902,-392.433,-9.470,0
574.000,E33,259774.000,32460.000,-32682.828,65142.828,-392.433,65535.260,1
574.000,G02,259774.000,-21519.000,-21130.884,-388.116,-392.433,4.316,0
574.000,G04,259774.000,21626.000,22027.416,-401.416,-392.433,-8.983,0
574.000,G06,259774.000,-12453.000,-12067.233,-385.767,-392.433,6.665,0
574.000,G07,259774.000,-10994.000,-10602.145,-391.855,-392.433,0.578,0
574.000,G09,259774.000,12528.000,12918.735,-390.735,-392.433,1.698,0
574.000,G11,259774.000,-30414.000,-30022.976,-391.024,-392.433,1.409,0
574.000,G13,259774.000,-18399.000,-17997.531,-401.469,-392.433,-9.036,0
574.000,G15,259774.000,-12845.000,-12442.195,-402.805,-392.433,-10.372,0
574.000,G20,259774.000,-2488.000,-2106.020,-381.980,-392.433,10.453,0
574.000,G22,259774.000,-13774.000,-13373.765,-400.235,-392.433,-7.803,0
574.000,G30,259774.000,-15668.000,-15274.989,-393.011,-392.433,-0.578,0
575.000,E04,259775.000,-19060.000,-18654.488,-405.512,-392.795,-12.717,0
575.000,E07,259775.000,21863.000,22265.012,-402.012,-392.795,-9.217,0
575.000,E12,259775.000,-6954.000,-6566.458,-387.542,-392.795,5.253,0
575.000,E19,259775.000,-4443.000,-4052.167,-390.833,-392.795,1.962,0
575.000,E21,259775.000,-19120.000,-18713.095,-406.905,-392.795,-14.110,0
575.000,E27,259775.000,6415.000,6816.976,-401.976,-392.795,-9.181,0
575.000,E33,259775.000,32431.000,-32711.274,65142.274,-392.795,65535.069,1
575.000,G02,259775.000,-21558.000,-21169.675,-388.325,-392.795,4.469,0
575.000,G04,259775.000,21611.000,22011.763,-400.763,-392.795,-7.968,0
575.000,G06,259775.000,-12497.000,-12111.651,-385.349,-392.795,7.446,0
575.000,G07,259775.000,-11026.000,-10633.589,-392.411,-392.795,0.384,0
575.000,G09,259775.000,12491.000,12881.757,-390.757,-392.795,2.038,0
575.000,G11,259775.000,-30448.000,-30057.228,-390.772,-392.795,2.023,0
575.000,G13,259775.000,-18412.000,-18010.405,-401.595,-392.795,-8.800,0
575.000,G15,259775.000,-12855.000,-12452.843,-402.157,-392.795,-9.362,0
575.000,G20,259775.000,-2540.000,-2157.789,-382.211,-392.795,10.584,0
575.000,G22,259775.000,-13790.000,-13389.674,-400.326,-392.795,-7.532,0
575.000,G30,259775.000,-15697.000,-15303.821,-393.179,-392.795,-0.384,0
576.000,E04,259776.000,-19064.000,-18658.140,-405.860,-392.677,-13.183,0
576.000,E07,259776.000,21849.000,22250.862,-401.862,-392.677,-9.185,0
576.000,E12,259776.000,-6995.000,-6607.602,-387.398,-392.677,5.279,0
576.000,E19,259776.000,-4477.000,-4085.496,-391.504,-392.677,1.173,0
576.000,E21,259776.000,-19121.000,-18714.663,-406.337,-392.677,-13.660,0
576.000,E27,259776.000,6401.000,6803.039,-402.039,-392.677,-9.362,0
576.000,E33,259776.000,32403.000,-32739.666,65142.666,-392.677,65535.343,1
576.000,G02,259776.000,-21597.000,-21208.424,-388.576,-392.677,4.101,0
576.000,G04,259776.000,21595.000,21996.090,-401.090,-392.677,-8.413,0
576.000,G06,259776.000,-12542.000,-12156.045,-385.955,-392.677,6.722,0
576.000,G07,259776.000,-11057.000,-10665.016,-391.984,-392.677,0.693,0
576.000,G09,259776.000,12454.000,12844.755,-390.755,-392.677,1.922,0
576.000,G11,259776.000,-30482.000,-30091.421,-390.579,-392.677,2.098,0
576.000,G13,259776.000,-18425.000,-18023.266,-401.734,-392.677,-9.057,0
576.000,G15,259776.000,-12866.000,-12463.486,-402.514,-392.677,-9.837,0
576.000,G20,259776.000,-2592.000,-2209.555,-382.445,-392.677,10.232,0
576.000,G22,259776.000,-13806.000,-13405.555,-400.445,-392.677,-7.767,0
576.000,G30,259776.000,-15726.000,-15332.630,-393.370,-392.677,-0.693,0
577.000,E04,259777.000,-19068.000,-18661.783,-406.217,-393.079,-13.138,0
577.000,E07,259777.000,21835.000,22236.694,-401.694,-393.079,-8.614,0
577.000,E12,259777.000,-7036.000,-6648.736,-387.264,-393.079,5.815,0
577.000,E19,259777.000,-4510.000,-4118.823,-391.177,-393.079,1.902,0
577.000,E21,259777.000,-19123.000,-18716.218,-406.782,-393.079,-13.703,0
577.000,E27,259777.000,6387.000,6789.093,-402.093,-393.079,-9.014,0
577.000,E33,259777.000,32374.000,-32768.002,65142.002,-393.079,65535.082,1
577.000,G02,259777.000,-21636.000,-21247.133,-388.867,-393.079,4.212,0
577.000,G04,259777.000,21579.000,21980.398,-401.398,-393.079,-8.319,0
577.000,G06,259777.000,-12586.000,-12200.416,-385.584,-393.079,7.495,0
577.000,G07,259777.000,-11089.000,-10696.426,-392.574,-393.079,0.505,0
577.000,G09,259777.000,12417.000,12807.730,-390.730,-393.079,2.349,0
577.000,G11,259777.000,-30516.000,-30125.557,-390.443,-393.079,2.636,0
577.000,G13,259777.000,-18438.000,-18036.114,-401.886,-393.079,-8.806,0
577.000,G15,259777.000,-12877.000,-12474.123,-402.877,-393.079,-9.798,0
577.000,G20,259777.000,-2643.000,-2261.319,-381.681,-393.079,11.398,0
577.000,G22,259777.000,-13822.000,-13421.410,-400.590,-393.079,-7.511,0
577.000,G30,259777.000,-15755.000,-15361.416,-393.584,-393.079,-0.505,0
578.000,E04,259778.000,-19072.000,-18665.416,-406.584,-393.001,-13.583,0
578.000,E07,259778.000,21821.000,22222.506,-401.506,-393.001,-8.505,0
578.000,E12,259778.000,-7077.000,-6689.861,-387.139,-393.001,5.862,0
578.000,E19,259778.000,-4543.000,-4152.147,-390.853,-393.001,2.148,0
578.000,E21,259778.000,-19125.000,-18717.760,-407.240,-393.001,-14.239,0
578.000,E27,259778.000,6373.000,6775.136,-402.136,-393.001,-9.135,0
578.000,E33,259778.000,32346.000,-32796.285,65142.285,-393.001,65535.286,1
578.000,G02,259778.000,-21674.000,-21285.801,-388.199,-393.001,4.802,0
578.000,G04,259778.000,21563.000,21964.686,-401.686,-393.001,-8.685,0
578.000,G06,259778.000,-12631.000,-12244.763,-386.237,-393.001,6.764,0
578.000,G07,259778.000,-11120.000,-10727.818,-392.182,-393.001,0.819,0
578.000,G09,259778.000,12380.000,12770.683,-390.683,-393.001,2.318,0
578.000,G11,259778.000,-30551.000,-30159.633,-391.367,-393.001,1.634,0
578.000,G13,259778.000,-18451.000,-18048.950,-402.050,-393.001,-9.049,0
578.000,G15,259778.000,-12887.000,-12484.756,-402.244,-393.001,-9.243,0
578.000,G20,259778.000,-2695.000,-2313.080,-381.920,-393.001,11.081,0
578.000,G22,259778.000,-13837.000,-13437.237,-399.763,-393.001,-6.762,0
578.000,G30,259778.000,-15784.000,-15390.180,-393.820,-393.001,-0.819,0
579.000,E04,259779.000,-19075.000,-18669.038,-405.962,-392.443,-13.519,0
579.000,E07,259779.000,21807.000,22208.299,-401.299,-392.443,-8.856,0
579.000,E12,259779.000,-7118.000,-6730.976,-387.024,-392.443,5.419,0
579.000,E19,259779.000,-4577.000,-4185.467,-391.533,-392.443,0.910,0
579.000,E21,259779.000,-19126.000,-18719.289,-406.711,-392.443,-14.268,0
579.000,E27,259779.000,6359.000,6761.169,-402.169,-392.443,-9.726,0
579.000,E33,259779.000,32318.000,-32824.512,65142.512,-392.443,65534.955,1
579.000,G02,259779.000,-21713.000,-21324.428,-388.572,-392.443,3.871,0
579.000,G04,259779.000,21548.000,21948.954,-400.954,-392.443,-8.511,0
579.000,G06,259779.000,-12675.000,-12289.086,-385.914,-392.443,6.529,0
579.000,G07,259779.000,-11151.000,-10759.194,-391.806,-392.443,0.637,0
579.000,G09,259779.000,12343.000,12733.612,-390.612,-392.443,1.831,0
579.000,G11,259779.000,-30584.000,-30193.652,-390.348,-392.443,2.095,0
579.000,G13,259779.000,-18463.000,-18061.771,-401.229,-392.443,-8.786,0
579.000,G15,259779.000,-12898.000,-12495.384,-402.616,-392.443,-10.173,0
579.000,G20,259779.000,-2747.000,-2364.838,-382.162,-392.443,10.281,0
579.000,G22,259779.000,-13853.000,-13453.037,-399.963,-392.443,-7.520,0
579.000,G30,259779.000,-15812.000,-15418.920,-393.080,-392.443,-0.637,0
580.000,E04,259780.000,-19079.000,-18672.651,-406.349,-392.905,-13.445,0
580.000,E07,259780.000,21792.000,22194.073,-402.073,-392.905,-9.168,0
580.000,E12,259780.000,-7159.000,-6772.081,-386.919,-392.905,5.986,0
580.000,E19,259780.000,-4610.000,-4218.785,-391.215,-392.905,1.690,0
580.000,E21,259780.000,-19128.000,-18720.806,-407.194,-392.905,-14.289,0
580.000,E27,259780.000,6345.000,6747.192,-402.192,-392.905,-9.287,0
580.000,E33,259780.000,32289.000,-32852.684,65141.684,-392.905,65534.589,1
580.000,G02,259780.000,-21752.000,-21363.014,-388.986,-392.905,3.918,0
580.000,G04,259780.000,21532.000,21933.202,-401.202,-392.905,-8.298,0
580.000,G06,259780.000,-12719.000,-12333.386,-385.614,-392.905,7.290,0
580.000,G07,259780.000,-11183.000,-10790.552,-392.448,-392.905,0.457,0
580.000,G09,259780.000,12306.000,12696.518,-390.518,-392.905,2.387,0
580.000,G11,259780.000,-30619.000,-30227.612,-391.388,-392.905,1.517,0
580.000,G13,259780.000,-18476.000,-18074.581,-401.419,-392.905,-8.515,0
580.000,G15,259780.000,-12909.000,-12506.006,-402.994,-392.905,-10.089,0
580.000,G20,259780.000,-2799.000,-2416.593,-382.407,-392.905,10.498,0
580.000,G22,259780.000,-13869.000,-13468.810,-400.190,-392.905,-7.285,0
580.000,G30,259780.000,-15841.000,-15447.638,-393.362,-392.905,-0.457,0
581.000,E04,259781.000,-19083.000,-18676.253,-406.747,-392.887,-13.860,0
581.000,E07,259781.000,21778.000,22179.828,-401.828,-392.887,-8.941,0
581.000,E12,259781.000,-7201.000,-6813.176,-387.824,-392.887,5.063,0
581.000,E19,259781.000,-4644.000,-4252.100,-391.900,-392.887,0.987,0
581.000,E21,259781.000,-19129.000,-18722.309,-406.691,-392.887,-13.804,0
581.000,E27,259781.000,6331.000,6733.204,-402.204,-392.887,-9.318,0
581.000,E33,259781.000,32261.000,-32880.802,65141.802,-392.887,65534.689,1
581.000,G02,259781.000,-21790.000,-21401.558,-388.442,-392.887,4.445,0
581.000,G04,259781.000,21516.000,21917.431,-401.431,-392.887,-8.544,0
581.000,G06,259781.000,-12764.000,-12377.661,-386.339,-392.887,6.548,0
581.000,G07,259781.000,-11214.000,-10821.893,-392.107,-392.887,0.780,0
581.000,G09,259781.000,12269.000,12659.402,-390.402,-392.887,2.485,0
581.000,G11,259781.000,-30653.000,-30261.513,-391.487,-392.887,1.400,0
581.000,G13,259781.000,-18489.000,-18087.377,-401.623,-392.887,-8.737,0
581.000,G15,259781.000,-12919.000,-12516.624,-402.376,-392.887,-9.489,0
581.000,G20,259781.000,-2851.000,-2468.345,-382.655,-392.887,10.232,0
581.000,G22,259781.000,-13885.000,-13484.555,-400.445,-392.887,-7.558,0
581.000,G30,259781.000,-15870.000,-15476.333,-393.667,-392.887,-0.780,0
582.000,E04,259782.000,-19086.000,-18679.846,-406.154,-393.389,-12.766,0
582.000,E07,259782.000,21763.000,22165.564,-402.564,-393.389,-9.175,0
582.000,E12,259782.000,-7242.000,-6854.262,-387.738,-393.389,5.651,0
582.000,E19,259782.000,-4677.000,-4285.412,-391.588,-393.389,1.801,0
582.000,E21,259782.000,-19131.000,-18723.800,-407.200,-393.389,-13.811,0
582.000,E27,259782.000,6317.000,6719.207,-402.207,-393.389,-8.818,0
582.000,E33,259782.000,32233.000,-32908.865,65141.865,-393.389,65535.253,1
582.000,G02,259782.000,-21829.000,-21440.061,-388.939,-393.389,4.450,0
582.000,G04,259782.000,21500.000,21901.640,-401.640,-393.389,-8.251,0
582.000,G06,259782.000,-12808.000,-12421.912,-386.088,-393.389,7.301,0
582.000,G07,259782.000,-11246.000,-10853.217,-392.783,-393.389,0.606,0
582.000,G09,259782.000,12231.000,12622.262,-391.262,-393.389,2.127,0
582.000,G11,259782.000,-30687.000,-30295.356,-391.644,-393.389,1.745,0
582.000,G13,259782.000,-18502.000,-18100.160,-401.840,-393.389,-8.452,0
582.000,G15,259782.000,-12930.000,-12527.237,-402.763,-393.389,-9.374,0
582.000,G20,259782.000,-2903.000,-2520.094,-382.906,-393.389,10.483,0
582.000,G22,259782.000,-13901.000,-13500.273,-400.727,-393.389,-7.338,0
582.000,G30,259782.000,-15899.000,-15505.006,-393.994,-393.389,-0.606,0
